tree
version=v4
num_class=1
num_tree_per_iteration=1
label_index=0
max_feature_idx=45
objective=regression
feature_names=zhvi_t fred__mortgage_30y fred__real_rate_10y fred__m2_sa fred__treasury_10y fred__case_shiller_us fred__lumber fred__unemployment_us fred__mortgage_30y_d1m fred__mortgage_30y_d3m fred__mortgage_30y_d12m fred__real_rate_10y_d1m fred__real_rate_10y_d3m fred__real_rate_10y_d12m fred__treasury_10y_d1m fred__treasury_10y_d3m fred__treasury_10y_d12m acs__total_pop acs__median_household_income acs__median_home_value acs__median_gross_rent acs__owner_occupied_units acs__occupied_units_total acs__pop_25_29 acs__pop_30_34 acs__pop_35_39 acs__pop_40_44 acs__pop_65_plus acs__bachelors_or_higher_pct acs__owner_occupied_pct acs__age_28_38_share fema__disasters_10yr_count fema__disasters_10yr_fire fema__disasters_10yr_flood fema__disasters_10yr_hurricane fema__disasters_10yr_other fema__disasters_10yr_severe_storm fema__disasters_10yr_tornado nri__flood_risk_combined nri__wildfire_risk nri__composite_risk derived__derived__vol_24m derived__derived__drawdown afdc__afdc__station_count afdc__afdc__l2_ports afdc__afdc__dcfc_ports
feature_infos=[-533600.37177431304:4742833.912343367] [-8.8817841970012523e-16:8.8817841970012523e-16] [-4.4408920985006262e-16:4.4408920985006262e-16] [-1.8189894035458565e-12:1.8189894035458565e-12] [-8.8817841970012523e-16:8.8817841970012523e-16] [-2.8421709430404007e-14:2.8421709430404007e-14] [-2.8421709430404007e-14:2.8421709430404007e-14] [-1.7763568394002505e-15:8.8817841970012523e-16] [-1.1102230246251565e-16:1.1102230246251565e-16] [-2.2204460492503131e-16:1.1102230246251565e-16] [-2.2204460492503131e-16:2.2204460492503131e-16] [-1.1102230246251565e-16:1.1102230246251565e-16] [-2.2204460492503131e-16:2.2204460492503131e-16] [-2.2204460492503131e-16:2.2204460492503131e-16] [-1.1102230246251565e-16:1.1102230246251565e-16] [-2.2204460492503131e-16:2.2204460492503131e-16] [-2.2204460492503131e-16:2.2204460492503131e-16] [-36029.383522727272:89241.941687344908] [-79337.893617021284:161789.53366583539] [-462451.43229813664:1643020.417266187] [-1175.2541720154043:2407.5042735042734] [-6932.3999999999996:19103.973958333332] [-11659.943181818182:35097.763888888891] [-7.6294736842105255:30.086153846153849] [-7.7270270270270265:63.32476780185759] [-7.5560975609756103:18.991891891891889] [-7.5138790035587188:37.498989898989898] [-29.228947368421053:44.170153846153838] [-45.331914893617018:75.383271375464687] [-70.701982773552984:43.496336609769976] [-0.023912414690624745:0.91171438214037281] [-15.899999999999999:7.7529411764705891] [-14.385714285714286:6.9710144927536231] [-2.625:2.9153225806451615] [-3.806451612903226:2.4666666666666668] [-2.87109375:2.4030769230769229] [-6.6890243902439028:6.617647058823529] [-0.83505154639175261:1.855072463768116] [-74.004796583190057:59.222056464957419] [-83.226906199980149:73.893355769028034] [-51.704142642203443:66.107283943206852] [-0.011348225340752582:0.052266379786541542] [-0.55642395746510975:0.53519175099632843] [-18.929577464788732:226.51282051282053] [-53.895705521472394:521.50798722044726] [-18.88372093023256:138.65384615384616]
tree_sizes=6264 6302 6263 6283 6300 6297 6259 6310 6295 6323 6365 6328 6322 6353 6315 6366 6346 6418 6308 6338 6311 6359 6337 6304 6355 6318 6363 6275 6373 6381 6320

Tree=0
num_leaves=63
num_cat=0
split_feature=18 18 41 18 18 0 33 37 32 29 0 31 35 44 36 37 17 0 19 0 36 36 31 0 32 0 37 0 0 37 0 0 41 31 40 24 36 35 40 36 35 40 29 35 32 41 0 41 31 37 41 31 0 35 35 41 36 35 37 35 40 36
split_gain=53.8237 26.1284 7.53353 4.40661 3.77025 3.64238 2.70231 2.67393 3.64261 2.21542 2.18973 2.17598 1.9738 1.94908 2.97677 2.56752 1.87505 1.87021 1.36579 1.52073 2.0917 2.61261 2.25256 3.667 1.96589 3.40976 1.94923 1.8735 1.84335 1.71935 1.80279 1.66196 1.3864 1.63272 1.32772 1.30532 1.30032 1.20766 1.21169 1.18861 1.68025 1.46153 1.18483 1.12735 2.66451 1.07678 1.41342 1.06431 1.0548 1.01038 1.518 0.977492 0.963562 0.952573 1.00641 1.54471 1.10561 0.940094 0.91752 0.861308 0.858355 0.885643
threshold=-20515.749760191844 3241.7916666666683 0.0016918151431136879 29027.751205234163 -10577.560905183991 -114065.19957290936 -0.87588127635871726 0.86233986488380576 -0.033095392602206349 -7.2005256434279401 -63950.867286822409 5.1536516853932595 0.17922473867595826 42.938624338624344 -1.6348484848484848 -0.13375399645891448 -5491.9553014553012 307610.11997375771 -12748.204958434477 2346.1204180644277 0.060535588442565187 0.065918322365313711 2.337756841775251 -206750.30128146693 1.9238345042612119 -275488.95403383451 -0.13275454678396328 -233654.15334272865 -75117.249247333471 0.2989988448209473 -52975.049988401202 -114065.19957290936 0.011505955169690199 -0.32596482657547637 -28.860748634699512 0.21825498575498561 2.7267942583732063 -1.0000000180025095e-35 -12.477775100284724 0.24116546563192912 -1.0000000180025095e-35 -15.61452337727693 -15.178339103165131 0.24320507572656572 2.914309504567385 0.0046986209789965745 67347.149732378981 0.00036525757686255205 0.27451923076923085 0.8638406631664749 1.0000000180025095e-35 1.077379744266288 -215101.67208300295 -0.022347066167290885 -0.033095392602206349 0.00013910826409417297 -0.43373819163292832 0.27604524431011607 -0.31957446808510631 0.79184206361766118 11.285606261617263 0.47302123364776194
decision_type=2 2 2 2 2 2 2 2 2 2 2 2 2 2 2 2 2 2 2 2 2 2 2 2 2 2 2 2 2 2 2 2 2 2 2 2 2 2 2 2 2 2 2 2 2 2 2 2 2 2 2 2 2 2 2 2 2 2 2 2 2 2
left_child=2 4 16 45 10 6 -4 11 17 39 12 13 42 18 15 -15 -1 48 19 20 22 31 24 -24 53 -26 28 -28 36 32 47 -22 -29 -34 -7 -36 52 -35 -39 40 -8 51 -2 -21 57 46 -3 -31 -9 50 -18 -41 59 54 -6 -56 -57 -45 -55 -23 61 -49
right_child=1 3 5 -5 7 34 9 8 -10 -11 -12 -13 -14 14 -16 -17 49 -19 -20 43 21 26 23 -25 25 -27 27 29 -30 30 -32 -33 33 37 35 -37 -38 38 -40 41 -42 -43 -44 44 -46 -47 -48 60 -50 -51 -52 -53 -54 58 55 56 -58 -59 -60 -61 -62 -63
leaf_value=0.00045505128703683689 0.0017115683345525841 -0.00041838964836463999 -0.00045715345860167309 -0.0011769754739781855 -6.5742805099664381e-05 0.0046431538148300876 0.0023837330262721926 0.0018267854735123296 -0.00099654012214587498 0.001598101064461132 0.00013054233271397021 0.001689318520803344 -0.00012171180068609532 0.0058676845104997976 0.00030307926179202403 0.0012340520524401443 0.00078653295645686331 0.0047719971460430293 -0.00028675535008928729 7.3240517109036604e-05 -0.003389312774383669 -0.0012800135490825249 -0.0026422888339562491 -7.1182357987816349e-05 0.0036290772742136245 0.00044012560595189731 0.00077989132978628889 -5.1115663386648763e-05 -4.480065247381361e-05 -0.000906804452652249 -0.00019464770220934099 -0.00086686294162195785 0.0020188834594976721 -0.0036624868540121496 0.00076159702034397242 0.0019166319853970615 -0.0040999916332888622 -0.0025823042933942461 -0.00024265152474209538 0.0059160239066014262 0.0042678658527250104 0.0022075140043864572 0.00077929024192597868 0.00071437000229114176 0.0022378345504298846 0.00090295587508267623 -0.00085255333871129462 -0.0015985874533226176 0.00046033667363556621 0.0022861483728390691 0.0016683259560842005 0.0027831076105501234 -0.00058877682085646445 0.00082414908249693153 0.00014256333427898802 -0.0010732097633402748 -0.0037917029691852725 0.00016399494155667173 7.8691005581310678e-05 -0.0035394044209124476 0.00016186512951643669 -0.0044575411448495783
leaf_weight=8875 4058 72650 613 33162 79979 335 1651 3581 1871 2488 27732 1985 5432 430 34497 981 10468 412 34942 339484 855 3031 2020 4424 992 5408 6335 211147 8921 1459 4034 2764 381 514 4142 5974 330 820 1702 503 4177 3700 21278 9209 1737 1328 25265 435 2332 2392 9144 493 7362 4177 1581 1037 585 49269 349774 490 201 718
leaf_count=8875 4058 72650 613 33162 79979 335 1651 3581 1871 2488 27732 1985 5432 430 34497 981 10468 412 34942 339484 855 3031 2020 4424 992 5408 6335 211147 8921 1459 4034 2764 381 514 4142 5974 330 820 1702 503 4177 3700 21278 9209 1737 1328 25265 435 2332 2392 9144 493 7362 4177 1581 1037 585 49269 349774 490 201 718
internal_value=5.10936e-05 -1.03155e-05 0.00158547 -0.000677977 6.09356e-05 0.00224846 0.00278707 4.15467e-05 0.000941528 0.00293991 0.000452758 3.52638e-05 0.000743179 3.24624e-05 0.00039515 0.00264614 0.00106855 0.00151483 2.09993e-05 3.07648e-05 -1.35887e-05 -0.000129077 5.09598e-05 -0.000877147 6.44441e-05 0.000934413 -0.000109605 -6.79165e-05 -0.00058117 -9.2174e-05 -0.000872149 -0.0014628 -6.7284e-05 -0.00106638 0.00154626 0.0014437 -0.0010079 -0.00145356 -0.00100336 0.00325713 0.00373411 0.00266517 0.000928611 0.000108606 0.00030799 -0.000511236 -0.000530417 -0.00184372 0.00128788 0.00131599 0.00119766 0.00436529 -0.000914142 5.1707e-05 -0.000100547 -0.000969614 -0.00205368 0.000250667 8.74882e-05 -0.00159444 -0.0028533 -0.00337892
internal_weight=1.42807e+06 1.37311e+06 54955 132405 1.24071e+06 24076 13625 1.18221e+06 8196 13012 58500 1.17401e+06 30768 1.17202e+06 35908 1411 30879 6325 1.13612e+06 1.10118e+06 701476 251499 449977 6444 443533 6400 247880 227746 20134 221411 6847 3619 214564 3417 10451 10116 11213 3036 2522 10524 5828 4696 25336 399699 60215 99243 97915 2813 5913 22004 19612 996 10883 437133 83182 3203 1622 58478 353951 3521 1354 1153
internal_count=1428066 1373111 54955 132405 1240706 24076 13625 1182206 8196 13012 58500 1174010 30768 1172025 35908 1411 30879 6325 1136117 1101175 701476 251499 449977 6444 443533 6400 247880 227746 20134 221411 6847 3619 214564 3417 10451 10116 11213 3036 2522 10524 5828 4696 25336 399699 60215 99243 97915 2813 5913 22004 19612 996 10883 437133 83182 3203 1622 58478 353951 3521 1354 1153
is_linear=0
shrinkage=1


Tree=1
num_leaves=63
num_cat=0
split_feature=18 18 39 41 42 0 39 36 42 18 37 18 36 36 0 42 0 42 42 37 0 42 0 41 37 37 37 0 42 0 0 19 27 42 37 0 36 0 0 45 39 41 33 41 31 0 31 33 37 29 33 41 0 41 43 36 36 36 42 37 0 31
split_gain=48.5759 23.6111 7.63565 6.15213 5.49209 8.09042 7.16165 4.10824 3.96527 3.56876 3.34589 3.23535 3.63228 3.1912 2.88811 7.34012 2.52674 3.20685 2.77346 2.42145 2.09809 2.06649 2.08603 1.8863 1.82894 1.76412 1.84863 1.62039 2.43044 2.0947 1.52902 1.49303 1.45377 1.37515 1.37003 1.28294 1.27245 1.23639 1.17184 1.10596 1.09889 1.11123 1.15995 1.28369 1.27626 1.16076 1.08831 1.08333 1.14665 1.04196 1.03821 1.02702 1.07418 1.01298 1.00222 1.43842 2.56532 1.00463 0.999278 0.985389 0.980675 0.949994
threshold=-20515.749760191844 5077.5500578961446 -1.8058136600490771 0.00090323619328755986 -1.0000000180025095e-35 -57378.879638572391 -22.429328358594823 -2.5936507936507929 -0.00039358959308782594 29027.751205234163 0.86233986488380576 -4452.3608440170929 0.40590606952163016 0.41683535762483132 -142818.39307411251 0.0077476835332665863 -104099.36341604037 0.012197475575483745 0.0015283857477457945 0.2989988448209473 57759.200764924848 -0.13869033918382837 -92575.553169328865 0.0031852415892867423 -0.13392298458670138 -0.11849272004125662 -0.072491426042703824 -44258.255756929808 0.0013051908209601509 52806.316298789636 -114065.19957290936 -25613.817663817656 -1.0364617288063049 0.11209698016044424 -0.37652439024390238 -299275.12086816342 -1.0000000180025095e-35 -94144.281726235451 -215101.67208300295 -4.8603675048355894 7.9748513126393883 0.0012030962396900643 -1.0000000180025095e-35 0.011505955169690199 -0.25174825174825166 -258287.34920582434 5.1536516853932595 -0.1481562774363476 -0.10466781901698115 2.9071865126958802 -0.051508489993935709 0.0049272612208305037 91137.611427579934 0.0054743241009301133 -4.743986216096042 0.060535588442565187 0.23076923076923081 -1.6804613297150608 -0.23320030518806925 0.8638406631664749 -124086.76974368218 5.1536516853932595
decision_type=2 2 2 2 2 2 2 2 2 2 2 2 2 2 2 2 2 2 2 2 2 2 2 2 2 2 2 2 2 2 2 2 2 2 2 2 2 2 2 2 2 2 2 2 2 2 2 2 2 2 2 2 2 2 2 2 2 2 2 2 2 2
left_child=2 4 3 59 5 11 7 24 37 51 14 -2 21 -14 15 35 18 27 38 34 46 25 40 -10 39 36 -27 32 29 -29 47 -16 -18 50 -15 -9 -13 -5 -8 -6 41 -23 -43 45 -45 -44 -19 -25 -49 -40 -22 52 -3 -37 -28 57 -57 -56 -7 -1 -4 -20
right_child=1 9 60 8 6 58 16 10 23 -11 -12 12 13 19 31 -17 17 20 61 -21 33 22 -24 30 -26 26 54 28 -30 -31 -32 -33 -34 -35 -36 53 -38 -39 49 -41 -42 42 43 44 -46 -47 -48 48 -50 -51 -52 -53 -54 -55 55 56 -58 -59 -60 -61 -62 -63
leaf_value=0.00096469391088051162 0.0003080088778844094 -0.00049171824741793774 0.00076169218723609968 0.0018879662111765082 0.0076912025588906701 -0.0020721345812029241 0.0013832662912958236 0.0034914690788583262 0.0023305165677898585 -0.0011659696193545158 0.0020543200266064268 -0.00034047694117113927 -0.004533509380552656 -0.0032953285160850147 0.00097945935851199723 -0.00099813123188560878 0.00059159515337270819 4.1366470097334815e-05 9.4657414054128066e-06 -0.0031235130258854809 -0.00028384161745933757 -0.00063654273747086056 -0.00021137365083970447 0.0019422425241233572 0.00031639041677590285 0.0036949706370023707 0.00093986682935984212 -0.0001849630145890895 -5.1706102942256759e-05 -0.0006297063812632078 0.0025481240732462317 0.00021363331649906228 1.1345389191042411e-05 -0.00020017263365731394 -0.00080458277156710716 0.0013272216850703502 -0.0034220714787736133 0.00064582122607742402 0.001437488221531385 0.00353392582960791 -0.00034217222852370556 0.00025012509728457023 -0.0034218101331572898 0.0034772289744850527 -0.0012979964177761956 -0.0013767430303216692 0.0019526590464807973 0.0020415610814636335 0.0048533376103223353 0.00041289058916766513 0.00056602753475598546 0.00097784708542301784 -0.00094084435783291578 0.0032643353118885134 -0.0024474594231961482 -0.0023966591289605755 0.00045864310202318277 0.00041422464077080641 5.6710129333237151e-05 0.0020652225392224065 -0.00014215041569740322 0.002662671324625776
leaf_weight=16651 12279 70601 6571 6489 245 553 4584 837 8302 33162 2918 825 638 564 6757 3536 11935 173875 43779 1233 3904 17672 34514 485 300 384 3361 85845 251323 38282 2565 109498 112971 8224 26148 9949 564 2898 2766 461 12752 1178 743 263 299 10490 748 418 2735 24110 45187 1076 16407 724 319 1555 1592 7949 172892 2317 5524 340
leaf_count=16651 12279 70601 6571 6489 245 553 4584 837 8302 33162 2918 825 638 564 6757 3536 11935 173875 43779 1233 3904 17672 34514 485 300 384 3361 85845 251323 38282 2565 109498 112971 8224 26148 9949 564 2898 2766 461 12752 1178 743 263 299 10490 748 418 2735 24110 45187 1076 16407 724 319 1555 1592 7949 172892 2317 5524 340
internal_value=6.9604e-07 -5.76427e-05 0.00145835 0.00177144 6.88264e-06 -0.000176148 6.68061e-05 0.000403582 0.0023052 -0.000723867 0.000379723 -0.000465907 -0.000543139 -0.001037 0.000342507 0.000994342 1.04352e-05 -1.79725e-05 0.000285681 -0.000957169 0.000135708 -0.000393701 -0.000501484 0.00282338 0.00358688 0.000113729 0.00026999 -8.92107e-05 -0.000141109 -0.000322126 0.00348302 0.000258145 6.67893e-05 0.000398199 -0.000857173 0.00160645 -0.00159175 0.00150449 0.000644367 0.00497661 -0.000732211 -0.000894513 -0.00124592 -0.00139534 0.000936673 -0.00151201 4.95535e-05 0.00414218 0.00448057 0.000518339 0.000498441 -0.000557423 -0.000576409 0.00145863 0.000180981 -4.24628e-05 -0.000952223 0.000303814 4.99227e-05 0.00109913 0.000348891 2.99125e-05
internal_weight=1.42807e+06 1.37311e+06 54955 42860 1.25186e+06 308767 943098 135225 23892 121246 134219 135322 123043 28583 131301 15046 807873 732294 75579 27945 231938 94460 77911 14505 1006 16549 15160 500356 375450 124127 6203 116255 124906 57315 26712 11510 1389 9387 31460 706 43397 30645 12973 11795 562 11233 174623 3638 3153 26876 49091 88084 87008 10673 14776 11415 3147 8268 173445 18968 12095 44119
internal_count=1428066 1373111 54955 42860 1251865 308767 943098 135225 23892 121246 134219 135322 123043 28583 131301 15046 807873 732294 75579 27945 231938 94460 77911 14505 1006 16549 15160 500356 375450 124127 6203 116255 124906 57315 26712 11510 1389 9387 31460 706 43397 30645 12973 11795 562 11233 174623 3638 3153 26876 49091 88084 87008 10673 14776 11415 3147 8268 173445 18968 12095 44119
is_linear=0
shrinkage=0.05


Tree=2
num_leaves=63
num_cat=0
split_feature=18 18 42 0 27 0 42 42 0 18 19 18 36 36 0 37 42 0 42 37 37 37 19 36 0 37 42 38 37 31 36 17 35 35 0 42 0 42 36 0 42 35 0 35 0 31 42 36 35 0 28 42 31 31 44 45 0 36 36 36 36 31
split_gain=43.8397 21.385 5.0526 7.4057 4.71574 4.44653 6.03381 4.28179 4.93717 3.56598 2.93101 2.75667 2.67424 3.43319 2.52877 2.42384 2.26318 1.80258 2.03126 1.71499 1.62302 1.58998 1.49335 1.37852 1.36571 1.30171 1.27468 1.2311 1.20634 1.20261 1.18522 1.17282 1.13559 1.71786 1.1277 3.28871 2.12557 1.12233 1.11833 1.29875 1.11584 1.10456 1.07682 1.06709 1.04872 1.5598 1.1678 1.03979 1.42536 0.967352 0.957385 0.950692 0.928859 1.04885 0.916548 0.901897 0.864394 1.76627 1.82526 1.3401 1.24063 2.13422
threshold=-20515.749760191844 3241.7916666666683 -1.0000000180025095e-35 -65802.080631074859 -2.0642481203007459 -132910.35393006282 0.0034541548362587186 0.012996075995988638 110232.49543985535 29027.751205234163 -44098.020833333321 -5183.844362745097 0.40590606952163016 0.41683535762483132 -114065.19957290936 0.86306774842243961 -0.13869033918382837 -299275.12086816342 0.00013891632053288525 0.2989988448209473 -0.13457136023507701 -0.072491426042703824 -137807.02803970219 0.87677448337825725 -129783.35062483214 0.2989988448209473 -0.23320030518806925 3.6542321186634763 -0.37358276643990923 5.1536516853932595 -1.0000000180025095e-35 -3863.391607026675 -0.20933563803396224 0.05064102564102569 -27889.528331418358 0.00068240428490370833 54308.572053574775 0.00028919040155946362 -0.80981717011128751 -184752.31274240455 0.031334763928379868 -0.21178642274630813 -154451.40993294315 0.22581805568046046 562883.84482468746 -2.9179211168110331 0.103967852421812 2.0025380710659904 0.67178199404761918 -78475.569044965072 0.83987396704318062 0.0079938725089694299 0.27451923076923085 0.061623831775700751 -25.820855614973258 -8.2251481237656332 -184752.31274240455 0.060535588442565187 0.2418212574462574 -0.13727621946800037 -0.1308581504702194 -1.0000000180025095e-35
decision_type=2 2 2 2 2 2 2 2 2 2 2 2 2 2 2 2 2 2 2 2 2 2 2 2 2 2 2 2 2 2 2 2 2 2 2 2 2 2 2 2 2 2 2 2 2 2 2 2 2 2 2 2 2 2 2 2 2 2 2 2 2 2
left_child=4 2 3 11 14 6 17 10 19 50 31 -2 16 -14 22 44 20 18 -4 29 30 -22 -1 38 -18 28 -5 55 -15 -9 -13 -7 -24 42 37 36 -36 -12 43 54 49 -42 -34 -19 46 -46 -10 51 -49 -16 -3 -8 53 -21 -40 -6 -23 59 -59 -58 61 -61
right_child=1 9 5 26 27 7 47 8 15 -11 34 12 13 25 40 -17 24 23 -20 52 21 56 32 -25 -26 -27 -28 -29 -30 -31 -32 -33 33 -35 35 -37 -38 -39 39 -41 41 -43 -44 -45 45 -47 -48 48 -50 -51 -52 -53 -54 -55 -56 -57 57 58 -60 60 -62 -63
leaf_value=0.0016338860508041235 0.00031576506261385992 -0.00028900605581413783 0.0041188852763135121 -0.0020066101180561124 0.0039380277318420724 0.00014826609273617378 0.00021990311696716745 8.1006247409016102e-05 0.00069305877267131525 -0.0011076711211512504 0.00025116473886340021 -0.00030906195342547883 -0.0048832989786563473 -0.0032901077457069281 0.001557338114741481 0.0029112719178374393 -0.00083104430057208401 -0.00033107268417897239 0.00093789597216785588 0.0010959486039720009 0.0034144610131984256 0.00094706896088035024 0.0013789795913022912 -0.00028401621933726921 -0.00036660263283214763 -0.0027299914416606137 3.7203126641231054e-05 0.00024632769006781351 -0.00078797823750590226 0.0019776653548024712 -0.0033048051711106843 0.00078326876675020331 0.0043343466628599191 0.0014342183097305764 -0.00017422936967588241 -2.4982277668222967e-05 -0.00066089577191877748 -2.905532741231369e-05 0.00057599820861482624 0.00070870868728243241 0.0037953985658798674 0.00091771013265516232 0.0027858820759940253 0.0015846375020443519 0.004179940425042405 0.0010457946135254774 2.4702537862405914e-06 -1.207885208495256e-05 0.0031085397368173368 0.00079223774658346811 -0.0006185206766750218 -0.00047656915338278307 0.0002116532789814627 0.0034851183103643637 0.0016291997803176692 0.0010117346989570813 -0.00025793269609657485 -0.0023218569579473262 0.00020489611249172965 0.00042317005855489081 0.00065462456547533314 0.0065720182411628317
leaf_weight=9868 10084 33049 870 766 272 15132 7271 217243 28410 33162 45023 815 557 492 7694 1205 25167 3316 1186 3013 393 2982 1876 2899 42656 948 187554 8183 23047 839 555 13998 1437 1949 55555 262284 37636 173163 2710 19774 820 562 5134 931 437 4335 7803 1063 558 8922 66194 15024 2564 542 8689 8238 4305 1458 1402 316 3481 255
leaf_count=9868 10084 33049 870 766 272 15132 7271 217243 28410 33162 45023 815 557 492 7694 1205 25167 3316 1186 3013 393 2982 1876 2899 42656 948 187554 8183 23047 839 555 13998 1437 1949 55555 262284 37636 173163 2710 19774 820 562 5134 931 437 4335 7803 1063 558 8922 66194 15024 2564 542 8689 8238 4305 1458 1402 316 3481 255
internal_value=6.61234e-07 -5.47606e-05 9.6993e-06 -0.000166178 0.00138544 6.75856e-05 0.000468831 3.79066e-05 0.000204843 -0.000658784 -3.58675e-05 -0.000475103 -0.000548384 -0.00100173 0.00169137 0.00070105 -0.000412875 0.000841633 0.00228394 0.000111467 0.000122787 0.000277273 0.00207445 0.000764247 -0.000538942 -0.000913436 2.88898e-05 0.00068421 -0.000840276 8.8303e-05 -0.00152267 0.000453407 0.00249263 0.00273785 -6.07124e-05 -0.000115635 -0.000370774 2.87685e-05 0.000850043 0.000953745 0.00126006 0.00262517 0.00312451 8.8877e-05 0.000636068 0.00133281 0.000544254 -0.000160534 0.00106214 0.00114652 -0.000508789 -0.000249431 0.000937033 0.0014602 0.00137881 0.00110527 0.000190442 -1.07042e-05 -0.00108322 0.00035634 0.00100897 0.00316915
internal_weight=1.42807e+06 1.37311e+06 1.24071e+06 307233 54955 933473 64291 869182 266391 132405 602791 118913 108829 25044 38262 42190 83785 40375 2056 224201 15962 14592 20264 38319 67823 24487 188320 16693 23539 218082 1370 29130 10396 8520 573661 355475 93191 218186 35420 31173 17998 1382 6571 4247 40985 4772 36213 23916 1621 16616 99243 22295 6119 3555 11399 8510 14199 11217 2860 8357 4052 571
internal_count=1428066 1373111 1240706 307233 54955 933473 64291 869182 266391 132405 602791 118913 108829 25044 38262 42190 83785 40375 2056 224201 15962 14592 20264 38319 67823 24487 188320 16693 23539 218082 1370 29130 10396 8520 573661 355475 93191 218186 35420 31173 17998 1382 6571 4247 40985 4772 36213 23916 1621 16616 99243 22295 6119 3555 11399 8510 14199 11217 2860 8357 4052 571
is_linear=0
shrinkage=0.05


Tree=3
num_leaves=63
num_cat=0
split_feature=18 18 39 27 41 19 41 37 32 41 19 31 19 43 39 36 31 36 35 32 35 18 19 36 39 43 40 41 39 36 37 31 31 35 35 35 35 37 36 31 41 31 31 39 31 36 35 31 41 35 31 39 40 43 39 35 45 36 37 32 32 32
split_gain=39.7621 19.6215 5.62315 4.77963 4.68471 3.34215 2.43441 2.31707 2.98395 1.99162 1.6687 1.68552 1.35702 1.34414 2.0252 4.01854 1.28825 1.16678 1.84331 1.12251 1.07654 1.0069 0.97553 0.958424 0.938986 0.919384 0.86422 0.862455 3.36884 3.88542 2.94649 2.87072 2.29327 1.92381 1.46307 1.69409 2.69351 1.69651 1.37394 1.22249 1.40266 1.06681 0.97775 0.946717 0.906456 1.95371 1.78644 1.62918 0.999865 0.873355 0.84706 0.839043 1.21971 0.830961 0.806177 0.797397 0.769582 0.736043 0.734863 0.713038 1.00644 3.08063
threshold=-23240.330361504642 3241.7916666666683 -2.0008134632650889 -3.6175139318885452 0.00094209861166291698 73156.165158371048 0.00041715818714141369 0.86233986488380576 -0.033095392602206349 0.0054743241009301133 -12748.204958434477 5.1536516853932595 -75082.439008772475 5.4351285189718492 -28.178209697676483 -1.6348484848484848 0.46195202646815564 0.23076923076923081 -0.026178728070175437 -0.09759963768115941 0.05064102564102569 -14804.753276209676 -29523.272241313472 -1.1810730253353203 -1.8058136600490771 0.14039408866995109 -16.710236931613107 0.0010661999493718848 2.6467276021592512 0.40142180094786734 0.2989988448209473 -0.27137596794281693 2.9285309132161097 0.43689320388349512 -0.60868558193398947 -1.0000000180025095e-35 -0.033644977360389058 -0.071970729607575848 -0.84572885677858045 -0.62880291005291 0.0057981831980080034 1.3582704186684975 1.948788305570395 -9.8973931161757012 0.47431403588120041 0.23076923076923081 0.032719973235195716 0.58082537394125067 0.0034562524602144095 0.79184206361766118 0.51285431773236645 -31.903475233601387 17.145305657155145 -3.6154418435855558 -29.461069964987278 0.17922473867595826 -0.93016370602577469 -0.43373819163292832 0.16920892068167473 0.25101626016260165 0.13885799035965887 0.081939799331103694
decision_type=2 2 2 2 2 2 2 2 2 2 2 2 2 2 2 2 2 2 2 2 2 2 2 2 2 2 2 2 2 2 2 2 2 2 2 2 2 2 2 2 2 2 2 2 2 2 2 2 2 2 2 2 2 2 2 2 2 2 2 2 2 2
left_child=2 3 4 6 58 -3 22 10 16 19 11 13 17 21 15 56 25 18 -6 -7 26 55 -2 -23 -8 -9 54 -25 29 34 31 43 51 -34 39 36 37 -36 -37 -29 -41 -32 -43 -31 59 46 -46 -47 -48 -49 57 52 -33 -30 -19 -5 -15 -39 -1 60 61 -40
right_child=1 5 -4 7 12 9 24 8 -10 -11 -12 -13 -14 14 -16 -17 -18 20 -20 -21 -22 23 -24 27 -26 -27 -28 28 53 30 41 32 33 -35 35 38 -38 50 44 40 -42 42 -44 -45 45 47 48 49 -50 -51 -52 -53 -54 -55 -56 -57 -58 -59 -60 -61 -62 -63
leaf_value=0.00093377163459613672 0.00053808894476557376 -0.00044126115323127595 0.00032704994683271211 0.00046985381418336429 0.0017022549821202656 -0.0017574920845856623 0.0013670151523208773 0.0014794776408520248 -0.00087614799265037365 0.0011978079917788398 -0.00034595125048596156 0.0014764410595431235 0.0016102279018886849 0.0048195596764232657 5.2058126136671409e-05 0.00044874606657005457 0.00033195405045042311 0.0067614811182948962 0.0033490674528864361 -0.00093371805899440826 0.0013106514375765682 0.00016151485246755363 -7.7621143034217955e-05 -1.435165622076694e-05 0.00050421779301553285 0.0034016775386505635 0.0021758883849935413 -2.389374188287043e-05 -0.00021922054664237669 -0.0052623150866182638 -0.0050391972188410482 -0.00024833270973652702 -0.003878129206053604 0.0012333595243620476 0.0014635705386440987 -0.0013312509230999458 -0.0040507110613888448 0.00017232540693655599 1.3375341717447571e-05 0.00080972968459629667 0.0039002206436573568 0.00025479384066233197 -0.0041127880160340543 -0.001275193093887575 -0.00029135449947913 -0.0028114826284104041 -0.0014011725744593148 0.0006474813867188285 -0.0035200362800395721 -0.001833801191944029 0.0011202264109311396 -0.00073958240399159486 0.002396198851894682 0.00013816605000813726 0.0030722172955547009 -0.00031776293090926495 0.0014330783748555246 -0.0010325163273055867 0.0019162977603490996 0.001826121516626739 -0.0017739011212230347 0.0049606940636248986
leaf_weight=13224 14434 85982 8804 17198 2382 4602 9421 3770 2030 1038 35755 1932 6301 635 84714 22717 2249 209 5928 40783 3099 64049 11606 772818 4740 745 2471 2109 20277 465 547 3772 922 230 930 2206 589 1476 42611 1175 534 264 249 219 2713 415 1556 4496 867 385 568 14639 493 82195 508 3952 228 8978 2223 552 770 317
leaf_count=13224 14434 85982 8804 17198 2382 4602 9421 3770 2030 1038 35755 1932 6301 635 84714 22717 2249 209 5928 40783 3099 64049 11606 772818 4740 745 2471 2109 20277 465 547 3772 922 230 930 2206 589 1476 42611 1175 534 264 249 219 2713 415 1556 4496 867 385 568 14639 493 82195 508 3952 228 8978 2223 552 770 317
internal_value=6.28171e-07 -4.70431e-05 0.0014608 1.42408e-05 0.00173543 -0.000625845 0.000550597 -3.57446e-06 0.000805079 -0.00096772 -9.49306e-06 8.26421e-07 0.00222348 -1.62315e-06 0.000166135 0.000575968 0.00130965 0.0024882 0.00287702 -0.00101725 0.00197426 -1.88345e-05 0.000263668 -2.58174e-05 0.00107822 0.00179665 0.00261934 -3.81827e-05 -0.000131425 -0.000345832 -0.000931816 -0.000800402 -0.000691768 -0.00285761 -0.000171429 -0.000223832 -0.000749864 -0.000587196 -0.000107868 0.000781498 0.0017754 -0.00350308 -0.00186514 -0.00398574 -5.85138e-05 -0.000477784 -0.00117261 0.000196053 -0.00215935 0.000451765 -0.000760233 -0.000559783 5.73541e-05 6.74469e-05 0.00414761 0.000322683 0.00392487 -0.000862405 0.00107517 4.03298e-05 1.77714e-05 4.99086e-05
internal_weight=1.42807e+06 1.38292e+06 45149 1.25051e+06 36345 132405 40201 1.21031e+06 8794 46423 1.20152e+06 1.16576e+06 20898 1.16383e+06 108294 23580 6764 14597 8310 45385 6287 1.05554e+06 26040 1.03439e+06 14161 4515 3188 970337 197519 95047 21800 20740 20056 1152 73247 69429 12541 11952 56888 3818 1709 1060 513 684 54682 10432 5136 5296 2423 4881 11022 18904 4265 102472 717 21150 863 10454 15447 44250 43698 42928
internal_count=1428066 1382917 45149 1250512 36345 132405 40201 1210311 8794 46423 1201517 1165762 20898 1163830 108294 23580 6764 14597 8310 45385 6287 1055536 26040 1034386 14161 4515 3188 970337 197519 95047 21800 20740 20056 1152 73247 69429 12541 11952 56888 3818 1709 1060 513 684 54682 10432 5136 5296 2423 4881 11022 18904 4265 102472 717 21150 863 10454 15447 44250 43698 42928
is_linear=0
shrinkage=0.05


Tree=4
num_leaves=63
num_cat=0
split_feature=29 28 0 42 39 0 41 0 31 29 37 37 42 0 42 0 39 42 29 33 31 31 32 33 41 42 45 0 0 41 0 37 42 37 41 33 41 0 0 42 0 32 28 41 31 42 42 42 41 31 42 41 33 42 31 31 39 31 31 37 43 32
split_gain=22.2536 17.6965 13.4576 4.37981 6.79462 6.77374 3.69713 3.42099 2.90785 2.80449 2.76019 2.72868 2.65257 2.65042 6.10058 2.64777 2.57289 2.56746 2.54002 2.36199 2.76251 2.96276 3.02222 2.4246 2.32154 2.1074 2.04627 2.04384 1.92588 1.73525 1.54039 1.36398 1.27494 1.27133 1.26307 1.22118 1.21642 1.59225 1.18528 2.00965 1.60402 1.18519 1.15957 1.13781 1.09212 1.28673 1.08854 1.07766 1.05405 1.49208 1.02959 1.01867 1.00451 0.993649 0.992086 1.09675 0.991581 0.944055 0.94264 0.939185 0.932273 0.931139
threshold=-13.64707105781717 1.7559312638580933 -67771.535746193273 -1.0000000180025095e-35 -23.7351735858166 -53821.441803878573 0.00079314212745335586 -104099.36341604037 -2.9179211168110331 -0.71936248277623338 0.86233986488380576 0.8638406631664749 0.011878728656195457 -129783.35062483214 0.0077476835332665863 106377.25725669348 -3.8048639875127637 -0.026044038234667683 2.9929430041442164 -0.04469413233458177 0.061623831775700751 -0.11804163592853166 0.081939799331103694 0.81193428556479896 0.0031852415892867423 0.00058281930731642019 -4.8285440613026811 65334.903440172675 57759.200764924848 0.00059394753000734286 -215101.67208300295 -0.11849272004125662 0.11209698016044424 0.86687479686992186 0.0016918151431136879 -0.34595605423094899 0.0027278739656023034 -111996.49402430088 -43532.848442671595 0.0013051908209601509 73710.642664688829 -0.030797101449275423 -10.207375027239046 0.0089980093848680796 3.169032055873926 0.0034541548362587186 -0.080974267826490573 0.0042485528489956273 0.014140990412619495 -0.31694240196078433 0.0014741774476805343 0.011505955169690199 -0.042329227323628212 0.057511446074996579 0.078176725235548764 0.1371206016653235 12.943379324159075 0.1208645272390292 5.1536516853932595 -0.13300191588640645 5.1818394024276389 3.1782407407407418
decision_type=2 2 2 2 2 2 2 2 2 2 2 2 2 2 2 2 2 2 2 2 2 2 2 2 2 2 2 2 2 2 2 2 2 2 2 2 2 2 2 2 2 2 2 2 2 2 2 2 2 2 2 2 2 2 2 2 2 2 2 2 2 2
left_child=2 3 6 5 8 16 -1 9 26 29 13 24 38 14 -10 56 18 35 -2 41 21 23 46 48 27 30 -5 -4 58 -6 -11 -18 52 -13 -22 -8 -19 -38 -9 40 -40 -20 -15 -33 45 -17 51 61 -21 -50 -29 -23 -30 -44 -36 57 -3 -56 -14 -27 -12 -26
right_child=1 15 11 4 7 -7 17 12 10 25 60 33 28 42 -16 44 31 36 19 20 34 22 -24 -25 47 59 -28 50 32 -31 -32 43 -34 -35 54 -37 37 -39 39 -41 -42 -43 53 -45 -46 -47 -48 -49 49 -51 -52 -53 -54 -55 55 -57 -58 -59 -60 -61 -62 -63
leaf_value=0.00092424718969565415 0.00049592272084861559 -0.00038414452412253389 0.00026708358011910736 0.005566131157421831 0.00059788973741540824 6.5872073561840872e-05 -0.00057850423398641789 4.3874212002665606e-05 0.0014644197632525473 0.0015912920758560226 0.0015848275252507875 0.003230936246322905 2.7607698030090257e-05 0.0013097765415377742 -0.00068987575357474129 -0.0014104617318657369 -0.00075501521961725921 0.0019057235171158979 -0.0021727010324320874 -0.00086915032324485933 -0.00078177056865051404 0.00073077532596124511 0.0049318264505606802 0.0030394483375003377 0.00020577940199402402 -0.00065775695434206784 0.00036859128546970753 -0.0011307025116954219 -0.0002835602470014258 0.0020874012807743508 0.00044741559314944823 -0.00011167135613844295 -0.00020007498334052585 0.00071947381145237132 -0.0041215178384284611 0.0014862391974266292 0.0034056402205499639 0.0018745144652696753 -0.00019512768654245265 -5.040059647531454e-05 -0.00061510648603514391 0.00040159135516074399 0.00017004166234611796 0.00098333410043547329 0.00010042013685699211 -0.0007635404300104315 -0.00038020626215999864 0.0024707657141713217 0.0034285862577332253 -0.0018018953936836234 -0.00013865538275033745 -0.0017929242232416647 0.00053090859702996135 0.00069302443491554844 -0.0011161445240915929 -0.0014264713675867073 -0.00079126491291066792 0.0031500495040222725 0.0018366355944934003 0.00010965715537026965 0.0042882461858194084 0.0027914959208437187
leaf_weight=12069 5136 56017 20549 466 4870 163922 812 128467 13151 3461 2525 1035 179801 2545 4381 16189 8146 6083 480 25510 17118 5373 323 413 1926 4338 319 4790 4130 3267 19670 49404 8492 982 329 6065 4765 2638 93969 249314 29991 6525 82104 2492 2007 14635 7097 1292 337 229 5761 432 45408 10212 273 14612 20404 247 723 49255 365 425
leaf_count=12069 5136 56017 20549 466 4870 163922 812 128467 13151 3461 2525 1035 179801 2545 4381 16189 8146 6083 480 25510 17118 5373 323 413 1926 4338 319 4790 4130 3267 19670 49404 8492 982 329 6065 4765 2638 93969 249314 29991 6525 82104 2492 2007 14635 7097 1292 337 229 5761 432 45408 10212 273 14612 20404 247 723 49255 365 425
internal_value=5.96762e-07 -4.39416e-05 0.000875294 9.4103e-06 6.29922e-05 -0.00015412 0.00161767 1.2608e-05 0.000421186 0.000313303 0.000400534 0.000220319 -2.18611e-05 0.000361303 0.000926092 -0.00065418 -0.000403723 0.00202866 -0.000581654 -0.000651447 -0.000736391 -0.000456448 0.00015475 -0.000761597 0.000116524 0.000219696 0.00345401 -2.3362e-05 0.0001154 0.00119593 0.000618569 -0.000153507 0.000365972 0.0020082 -0.00107764 0.00124245 0.00242958 0.00286004 -8.71222e-05 -0.000132206 -0.000296738 0.000225194 0.00025692 -5.90902e-05 -0.00102972 -0.00110331 3.51565e-05 0.00131072 -0.000821799 0.00131237 -0.00058903 0.000542965 0.000463006 0.000227894 -0.00140523 -0.00134617 -0.000492843 0.000910298 3.48529e-05 4.754e-05 0.00192626 0.00067321
internal_weight=1.42807e+06 1.35887e+06 69192 1.24962e+06 941224 308398 32432 825156 116068 84861 115283 36760 740295 112393 17532 109252 144476 20363 84434 79298 72293 39714 13225 26489 34743 76724 785 31100 238554 8137 23131 60042 58030 2017 32579 6877 13486 7403 501741 373274 123960 7005 94861 51896 32831 30824 12902 3643 26076 566 10551 5805 49538 92316 15461 15132 76421 520 180524 53593 2890 2351
internal_count=1428066 1358874 69192 1249622 941224 308398 32432 825156 116068 84861 115283 36760 740295 112393 17532 109252 144476 20363 84434 79298 72293 39714 13225 26489 34743 76724 785 31100 238554 8137 23131 60042 58030 2017 32579 6877 13486 7403 501741 373274 123960 7005 94861 51896 32831 30824 12902 3643 26076 566 10551 5805 49538 92316 15461 15132 76421 520 180524 53593 2890 2351
is_linear=0
shrinkage=0.05


Tree=5
num_leaves=63
num_cat=0
split_feature=19 19 29 41 42 0 29 29 42 35 0 42 31 0 33 37 35 35 35 0 42 42 41 37 19 35 36 37 31 37 42 0 41 31 35 27 0 40 42 35 40 42 41 42 41 33 41 43 35 0 35 31 31 37 19 0 33 0 42 31 42 35
split_gain=22.1894 13.8167 11.7799 5.0368 3.89578 3.32462 3.30553 3.02476 2.71603 2.66405 2.45549 2.28062 4.0789 3.00338 2.92374 2.45757 2.30208 2.28823 2.14349 1.99393 3.8139 3.51027 2.0436 1.95994 1.80474 1.61595 1.81522 1.64423 1.57542 1.56092 1.48545 1.30307 1.29603 1.53407 1.23156 1.21104 1.18515 1.16957 1.15655 1.13868 1.10696 1.09429 1.45093 1.08907 1.03296 1.02497 1.01542 1.00886 1.00199 1.08092 1.18747 0.948292 1.27384 0.931834 0.928423 0.916757 0.894987 0.877274 1.09643 0.897777 0.840568 0.834474
threshold=-61380.365262801752 13600.565340909119 -7.2005256434279401 0.00086625594783958277 0.024944702237673404 110232.49543985535 -27.62125503632037 -13.64707105781717 -1.0000000180025095e-35 -0.31473598035202616 -342439.6444895934 -0.029346756950215953 0.73395061728395083 -73978.262891347244 0.11876551568494699 0.2989988448209473 -0.02332381340949272 0.12394464546435598 0.17922473867595826 -150417.63798165778 -1.0000000180025095e-35 0.0077476835332665863 0.0020290057552849452 0.86306774842243961 83370.342789598129 0.5953742203742205 2.5026315789473688 0.2989988448209473 3.169032055873926 -0.33567567567567563 0.0034541548362587186 -114065.19957290936 0.0051914627991924067 2.9285309132161097 -0.46430887369190704 -2.1023346828609983 -244866.19623285937 -9.7050154430358972 -0.17246580757625227 0.22361043549502038 -21.373477641912483 -0.10734110058880679 0.007563379381705441 -0.0051928819732276294 0.00031307097898087248 -0.89728003296929726 0.0030621873346809861 -2.5462233169129718 0.29268507638072855 -233654.15334272865 0.27900850714686715 -0.70553359683794425 -0.1309934318555008 -0.071294810058854977 -17204.358402014648 -116380.0246002316 -0.049332498957029618 416764.25681435916 0.103967852421812 -2.9179211168110331 0.00058281930731642019 0.24320507572656572
decision_type=2 2 2 2 2 2 2 2 2 2 2 2 2 2 2 2 2 2 2 2 2 2 2 2 2 2 2 2 2 2 2 2 2 2 2 2 2 2 2 2 2 2 2 2 2 2 2 2 2 2 2 2 2 2 2 2 2 2 2 2 2 2
left_child=2 4 3 -1 7 25 9 44 45 34 43 12 13 14 16 29 51 41 35 20 -13 22 36 56 -8 27 -27 -6 30 -14 -26 39 -31 37 -3 -4 -22 -34 -16 40 -10 42 -18 -9 -2 -5 -30 -44 49 -19 -51 -12 -53 -38 -21 -47 -7 58 -58 -59 -45 -60
right_child=1 6 18 8 5 23 24 10 31 -11 11 19 15 -15 38 -17 17 48 -20 54 21 -23 -24 -25 28 26 -28 -29 46 32 -32 -33 33 -35 -36 -37 53 -39 -40 -41 -42 -43 47 60 -46 55 -48 -49 -50 50 -52 52 -54 -55 -56 -57 57 59 61 -61 -62 -63
leaf_value=0.00076809366404814424 0.00026643589182606621 -7.8044646934580586e-05 0.0008817033228596037 -0.00093490064355892209 2.9266004611184394e-05 -0.00010550093223317987 -0.00047490769600079356 0.00076484561053184741 0.005052356010507594 -0.00010792866238131065 -0.00049072497455262046 -0.00062672119080719015 -0.0029765248291152195 0.00013974401813013015 0.0021963729634679246 -0.0021928709374234245 0.00082487064854946132 -0.0039531828218197984 -0.00030855716879794247 -3.0250561478810796e-05 0.0014543174845102246 -0.00065830409019117502 0.0018995807781956445 0.0027600669568374173 -0.0012436723384339939 0.00047747965255397494 0.0027720077596384354 0.0009620413449027888 -0.00027467987133447886 -0.00039458439376163589 -0.00064669774853745566 0.0017114507845142964 -0.0016439314441672786 -0.0029930202503764924 0.0027339454204951628 0.0002532537241394924 -0.00079493504434484288 -3.7655695616780673e-05 0.00031988453289900237 0.001654423353912071 0.002850494972855811 -0.00029883273300226312 -0.0021328475485760351 0.0049334572609879505 0.00099200961165616395 0.001834933466722497 0.001950752963098702 8.3792992214525548e-05 -0.00043405219378679893 -0.00099201262545590366 -0.0047401718854523925 -0.0018309030946852699 -0.00067431313958801395 0.00055473411314988332 -0.00027705822106692334 0.00079901897589709694 0.0007278123348015606 0.0033942259139057651 -0.00041968817115750124 0.0010497463977861957 0.0011213869648080228 0.001065746487838564
leaf_weight=17077 11962 533 11068 506 142851 4166 63059 750 633 6820 5708 8639 671 61816 1252 2579 6690 434 12723 780318 3556 5088 3497 1064 22532 12111 928 4886 2203 26537 19386 4699 2269 1014 1445 24938 1366 2264 2386 1833 5810 10710 748 408 8315 4865 668 1636 3707 2736 229 5231 4369 20048 40060 3807 18191 442 4178 5361 224 1222
leaf_count=17077 11962 533 11068 506 142851 4166 63059 750 633 6820 5708 8639 671 61816 1252 2579 6690 434 12723 780318 3556 5088 3497 1064 22532 12111 928 4886 2203 26537 19386 4699 2269 1014 1445 24938 1366 2264 2386 1833 5810 10710 748 408 8315 4865 668 1636 3707 2736 229 5231 4369 20048 40060 3807 18191 442 4178 5361 224 1222
internal_value=-8.03482e-07 -5.13282e-05 0.000768486 0.00141337 -1.72281e-06 0.000202917 -0.000571264 -4.065e-05 0.0019108 0.000360636 -5.28254e-05 -5.572e-05 -0.000240666 -8.76698e-05 -0.000394368 -0.000706798 -0.00051162 -0.000232977 0.000249309 -2.50621e-05 0.000310142 0.000551344 0.000767549 0.000647344 -0.000647286 0.000107207 0.000640784 6.0115e-05 -0.00088998 -0.000589791 -0.000967587 0.00237643 -0.000539875 -0.00123495 0.00197622 0.000446435 0.00060901 -0.000841679 0.000965669 0.002754 0.00306682 4.34493e-05 0.000447443 0.00205331 0.000563972 0.00125253 0.000243115 -0.000611697 -0.00100258 -0.00162263 -0.0012815 -0.00100108 -0.00130453 0.000468639 -4.23025e-05 0.00138017 0.000580362 0.000677569 0.000542093 0.00122832 0.00358234 -8.35398e-05
internal_weight=1.42722e+06 1.33926e+06 87959 39230 1.22262e+06 195400 116646 1.02722e+06 22153 8798 1.00694e+06 1.00556e+06 142986 107652 45836 35334 42198 26890 48729 862572 42194 33555 28467 34624 107848 160776 13039 147737 44789 32755 41918 12975 32084 5547 1978 36006 24970 4533 3638 8276 6443 19784 9074 1382 20277 9178 2871 2384 7106 3399 2965 15308 9600 21414 820378 8672 33560 29394 23591 5803 632 5400
internal_count=1427222 1339263 87959 39230 1222617 195400 116646 1027217 22153 8798 1006940 1005558 142986 107652 45836 35334 42198 26890 48729 862572 42194 33555 28467 34624 107848 160776 13039 147737 44789 32755 41918 12975 32084 5547 1978 36006 24970 4533 3638 8276 6443 19784 9074 1382 20277 9178 2871 2384 7106 3399 2965 15308 9600 21414 820378 8672 33560 29394 23591 5803 632 5400
is_linear=0
shrinkage=0.05


Tree=6
num_leaves=63
num_cat=0
split_feature=19 19 39 42 29 0 29 35 29 0 39 42 39 36 0 39 0 37 36 37 19 0 35 42 31 31 36 31 37 31 42 42 37 31 31 32 31 36 0 38 35 35 36 36 31 31 35 35 35 35 0 32 35 39 35 42 0 32 0 0 39 39
split_gain=20.0493 12.417 10.7371 3.5172 3.01963 2.96857 2.82121 2.49323 2.44917 2.21433 2.16094 2.08098 4.36277 3.33524 2.06813 1.97033 2.48961 1.93277 1.91176 1.80259 1.78796 1.68939 1.6935 1.5884 1.50675 1.50152 1.49146 1.48925 1.42769 1.42182 1.38578 1.34062 1.29063 1.20537 2.82956 2.71411 1.59218 1.15352 1.30943 1.14937 1.1454 1.1416 1.1229 1.09196 1.07979 1.05038 1.03907 1.00888 0.96193 0.931201 0.930424 2.68454 1.13633 0.907038 0.889519 0.853785 0.842362 0.827756 0.816879 0.813403 1.08086 0.801409
threshold=-58597.88388497015 10045.564024390247 -5.7362437011681768 0.024944702237673404 -27.62125503632037 110232.49543985535 -4.2335337801229036 -0.31473598035202616 -13.64707105781717 -342439.6444895934 -11.025764896245471 -0.029346756950215953 -3.8048639875127637 0.40590606952163016 -92575.553169328865 -28.96997862945236 -139195.11476325951 0.2989988448209473 -1.1253571428571425 -0.10466781901698115 83370.342789598129 -111996.49402430088 0.05064102564102569 -0.00039358959308782594 5.1536516853932595 2.5026315789473688 0.41683535762483132 -1.3946379781420768 0.2989988448209473 3.169032055873926 0.0077476835332665863 0.0034541548362587186 0.86306774842243961 0.061623831775700751 -0.070039970930232606 0.081939799331103694 0.075692292497438377 0.23076923076923081 -258287.34920582434 16.0029023316538 -0.46430887369190704 -0.77418194431953946 0.14733860146115976 -0.26540880503144643 -0.61045796308954192 1.9452330570740026 0.5953742203742205 0.43689320388349512 -1.0000000180025095e-35 0.24251119251119255 -244866.19623285937 2.914309504567385 -0.1811868686868687 -19.535106810286738 0.17922473867595826 0.11209698016044424 -81957.605995457605 -0.10800691244239631 -342439.6444895934 -118851.43947429578 2.318796156106814 -29.285224098750472
decision_type=2 2 2 2 2 2 2 2 2 2 2 2 2 2 2 2 2 2 2 2 2 2 2 2 2 2 2 2 2 2 2 2 2 2 2 2 2 2 2 2 2 2 2 2 2 2 2 2 2 2 2 2 2 2 2 2 2 2 2 2 2 2
left_child=2 3 6 8 7 24 21 40 53 45 18 12 13 33 -14 16 23 25 -7 -4 -6 22 27 -13 28 26 56 -1 46 31 -25 -22 -20 34 41 -36 -35 38 -38 -19 -3 44 -40 -24 -11 -10 59 -27 -43 -47 51 52 -17 -2 -21 -48 -15 -9 -45 60 -5 -44
right_child=1 4 19 5 20 10 -8 57 9 11 -12 15 14 17 -16 50 -18 39 32 54 29 -23 43 30 -26 47 -28 -29 -30 -31 -32 -33 -34 36 35 -37 37 -39 42 -41 -42 48 61 58 -46 49 55 -49 -50 -51 -52 -53 -54 -55 -56 -57 -58 -59 -60 -61 -62 -63
leaf_value=0.00059677246966440218 0.00084982948928173012 -7.4142411457790551e-05 -0.00053309212683854193 -0.00098114868696556 -0.00043948754315708221 0.0033214018965962177 0.00053279454495945425 -0.0013876035527086291 0.00038158888604191912 -0.0003420468946799885 0.00026199246935325489 -0.00057155766866926806 -0.00042253371935518469 -0.0047460978835222253 0.0002185575597486144 -0.00019644721486319515 0.00012559905628186087 -0.0030352312184888509 0.00079048833111307847 0.00040989851943370667 -0.0011814887307405042 0.0010497590334835178 0.0025336777947191445 0.0016894765400925786 0.0020332274761144563 -0.0028783936279086963 -0.00063298694194482844 0.0022655562416201563 0.00090620070100784825 0.0002309592796603219 -0.00032942628486606207 -0.00061436285858396339 0.0026569066522174056 -0.0044369466759933427 0.00043961849494044113 0.0059672136466933775 -0.0033935878788267124 -0.00014593227207287005 -0.0005217245836821587 0.00097675574977620287 0.0026329573962322458 -0.00081273811848147498 -0.0033934386455056727 0.0018693780097764796 0.003346627166796417 0.0043761948669521974 0.00033187802019038818 -7.3117717319606747e-05 -0.00020370319910457586 0.00070426914466535065 -4.994565220852888e-05 -0.0024469039011994612 0.001518991410600329 0.00014962268096690309 -0.00025326671838247936 0.0015122446237494324 -0.00092091610147188984 0.00013581886306966113 0.00057037091964330547 5.3686372852081038e-05 0.0002034427129273592 -0.0012025258036924172
leaf_weight=1507 10100 533 7840 4463 68734 879 11040 1049 602 406 19330 1237 16678 353 51197 1357 62775 1662 13403 30949 22532 15574 1198 5571 1004 1431 14107 11846 5184 2871 1003 19386 995 271 10231 227 517 8396 7301 200 1464 11310 598 1607 388 522 10192 413 15192 258 779717 632 3345 8532 6044 1803 243 5945 4902 133407 3387 1382
leaf_count=1507 10100 533 7840 4463 68734 879 11040 1049 602 406 19330 1237 16678 353 51197 1357 62775 1662 13403 30949 22532 15574 1198 5571 1004 1431 14107 11846 5184 2871 1003 19386 995 271 10231 227 517 8396 7301 200 1464 11310 598 1607 388 522 10192 413 15192 258 779717 632 3345 8532 6044 1803 243 5945 4902 133407 3387 1382
internal_value=-7.63307e-07 -5.00996e-05 0.000711073 -1.61662e-06 -0.000529809 0.000193473 0.00123345 0.000352239 -3.87982e-05 -4.9386e-05 0.000613239 -5.21552e-05 -0.000229061 -0.000492902 6.10309e-05 -2.26923e-05 0.000230345 -0.00107703 0.00105767 0.000155594 -0.000599667 0.0014446 0.00173659 0.00107216 0.000102361 -0.000905172 -0.000736496 0.00207722 9.01257e-05 -0.000845481 0.00138145 -0.000919208 0.000919471 -0.000301628 -0.000139715 0.0005596 -0.000632679 -0.000576015 -0.000944556 -0.0026043 0.00191043 -0.000407646 -0.000808133 0.00114641 0.00146048 0.00195065 6.25206e-05 -0.0022501 -0.000463615 0.00316163 -4.54435e-05 0.000612674 0.00102391 0.000529189 0.000301549 0.000509302 -0.0031865 -9.26727e-05 0.000891081 2.45817e-05 -0.000470039 -0.00186423
internal_weight=1.42722e+06 1.33472e+06 92507 1.2122e+06 122514 194047 47674 8991 1.01815e+06 999522 34607 998140 142503 74628 67875 855637 70586 18409 15277 44833 113523 36634 21060 7811 159440 16547 14703 13353 158436 44789 6574 41918 14398 56219 37754 10458 18465 18194 9798 1862 1997 27296 9281 7707 794 1382 153252 1844 26502 780 785051 5334 4702 18632 36993 11995 596 6994 6509 141257 7850 1980
internal_count=1427222 1334715 92507 1212201 122514 194047 47674 8991 1018154 999522 34607 998140 142503 74628 67875 855637 70586 18409 15277 44833 113523 36634 21060 7811 159440 16547 14703 13353 158436 44789 6574 41918 14398 56219 37754 10458 18465 18194 9798 1862 1997 27296 9281 7707 794 1382 153252 1844 26502 780 785051 5334 4702 18632 36993 11995 596 6994 6509 141257 7850 1980
is_linear=0
shrinkage=0.05


Tree=7
num_leaves=63
num_cat=0
split_feature=18 18 39 41 42 0 39 42 36 18 36 37 0 42 31 0 33 42 41 0 37 36 37 37 42 0 42 42 0 0 0 42 37 41 39 0 0 41 39 37 33 0 19 41 37 33 36 41 45 27 35 33 39 37 42 36 45 35 33 31 33 31
split_gain=27.5532 13.2227 6.30451 5.16411 3.45388 6.11431 4.48368 3.20637 2.81287 2.58898 2.14699 1.9069 1.80488 5.37891 1.49087 1.41826 1.69661 1.37858 1.68825 1.56078 1.46843 1.37382 1.42588 1.33503 1.25356 2.38104 1.79267 1.47669 1.83563 1.46133 1.40718 1.17699 1.0985 1.07652 1.04166 1.02986 1.01956 1.01635 1.48 0.991139 0.982062 0.974992 0.963091 0.987824 0.921381 0.894986 0.886335 0.885597 0.864249 0.843022 0.837902 0.985234 0.813751 0.803804 1.2451 0.936044 0.803741 0.802957 1.42744 1.29615 1.28302 1.18057
threshold=-16952.735465116275 1592.3462601183057 -3.1143791288135527 0.00094209861166291698 -1.0000000180025095e-35 -55599.625984030143 -22.429328358594823 -0.00039358959308782594 -2.5936507936507929 37174.554728651245 0.40590606952163016 0.86233986488380576 -142818.39307411251 0.0077476835332665863 5.1536516853932595 -116380.0246002316 -0.1481562774363476 -0.10734110058880679 0.0089980093848680796 -129783.35062483214 -0.13636486313246829 0.41253477335951566 0.2989988448209473 -0.13457136023507701 0.013417371626148301 -57378.879638572391 0.00058281930731642019 0.0014183345170927385 52806.316298789636 57759.200764924848 -206750.30128146693 0.13433905080121564 -0.10466781901698115 0.0006893629848281677 17.721775258634185 -65802.080631074859 -121274.41898707872 0.0065604136390719292 -4.886236374605784 -0.3637716530745877 -1.0000000180025095e-35 -299275.12086816342 38083.599845665791 0.0046986209789965745 -0.37652439024390238 0.12411872364128269 -0.76628216022708762 0.0027278739656023034 -8.1437969924812013 -2.5877549523110797 0.56452358926919521 0.30234375000000008 -29.702221684727864 -0.10437256306198774 0.15040173084339273 1.8062868240018435 -4.8603675048355894 -0.20970092149392724 0.81193428556479896 0.04999999999999994 -0.22567873303167418 -0.043244506778868701
decision_type=2 2 2 2 2 2 2 2 2 2 2 2 2 2 2 2 2 2 2 2 2 2 2 2 2 2 2 2 2 2 2 2 2 2 2 2 2 2 2 2 2 2 2 2 2 2 2 2 2 2 2 2 2 2 2 2 2 2 2 2 2 2
left_child=2 4 3 -1 5 10 8 35 23 42 17 12 13 41 24 16 -9 20 19 33 -2 -12 44 56 25 26 30 28 -27 39 -8 -31 -18 -19 40 -5 47 57 45 -26 -35 -10 -3 -44 -23 46 -39 -4 -34 -28 -14 -52 -43 54 -41 -55 -6 58 -22 61 -61 -59
right_child=1 9 36 7 6 -7 14 15 11 -11 21 -13 50 -15 -16 -17 32 18 -20 -21 37 22 -24 -25 29 27 49 -29 -30 31 -32 -33 48 34 -36 -37 -38 38 -40 53 -42 52 43 -45 -46 -47 -48 -49 -50 -51 51 -53 -54 55 -56 -57 -58 59 -60 60 -62 -63
leaf_value=0.0007286552157479483 -0.0019140553570525061 -0.00029958769861694145 0.00029088096699288402 0.001226341859856804 0.0065178659220572008 5.7557064005364395e-05 0.0013494090747553037 0.0011285455477178308 0.0030016439448469004 -0.0010077792435149089 -0.0030418566211871719 0.0015952291146588101 0.00017576535801706595 -0.00091403689765676979 0.0016022133415686372 0.0017053717066941197 0.0014047833581579249 -0.00047784856669871097 0.00090856381109663542 -0.00028408886531595414 -0.00082153482157753274 -0.0025591839166706643 -0.0023133006550256643 0.00018012944979062115 0.00076623580228830771 -0.0001177214360973898 0.00059559053392262747 -3.1542092596314287e-05 -0.00052217757743188006 0.00039580898565835999 0.00031396072417554614 -0.00042733859975295117 0.0063730403597610265 0.00014902224418216631 -0.00013979535419505831 -0.00029342646745191865 -0.00012006825121281192 -0.0027349706161868877 0.0013308540304253116 -0.00034551774905285982 -0.0016427965359717932 0.0017790094111703127 -0.00061878986997613065 0.00099282024395919155 -0.00059580722002981247 0.0019844298805499301 -0.0007147437963456808 0.0014105311016579883 0.0031324022519212975 -2.6530487137255262e-05 0.00042818363861440794 0.0020481335138436431 0.00086076709358429691 1.0436899109216222e-05 -0.0035349619916036912 0.00062384473061643381 0.002933727804275579 0.00038434173003709806 0.0017497420051943357 0.0012032632138479302 -0.00051361729978298962 0.0015629570583464902
leaf_weight=25411 933 71891 6457 9274 243 166892 3551 1509 811 21828 643 2790 106702 3502 1459 8308 935 12409 2424 52515 3090 610 1323 294 4449 99191 5811 272753 39116 50415 43185 4752 214 861 1917 1267 11200 630 949 8105 6837 3835 48094 970 29270 267 3928 2431 5330 86549 3671 1261 6506 154553 318 6480 439 5695 654 1415 4711 3389
leaf_count=25411 933 71891 6457 9274 243 166892 3551 1509 811 21828 643 2790 106702 3502 1459 8308 935 12409 2424 52515 3090 610 1323 294 4449 99191 5811 272753 39116 50415 43185 4752 214 861 1917 1267 11200 630 949 8105 6837 3835 48094 970 29270 267 3928 2431 5330 86549 3671 1261 6506 154553 318 6480 439 5695 654 1415 4711 3389
internal_value=-7.25142e-07 -5.14868e-05 0.000950064 0.0012395 2.12335e-06 -0.000144603 5.06746e-05 0.0017232 0.000322485 -0.00050659 -0.000395505 0.000302265 0.000273701 0.000795416 5.39393e-06 0.00216275 0.00263846 -0.00028421 -0.000390027 -0.000432257 3.31595e-05 -0.000754154 -0.000707011 0.00299662 2.4041e-06 -3.85176e-05 0.000140298 -9.90259e-05 -0.00023211 0.000100685 0.000392634 0.000324904 0.00299012 -0.000785557 -0.00118268 0.00104367 0.000197255 0.000106629 -0.000474146 2.95564e-05 -0.00144239 0.00133223 -0.000416144 -0.000586928 -0.00063589 -0.000829161 -0.000993977 0.000597122 0.00325749 1.26114e-05 0.000205216 0.000842368 0.0012013 1.02152e-05 -0.000465931 3.51206e-05 0.00421077 0.000283552 -0.000372386 0.000445013 -0.000117048 0.000824052
internal_weight=1.42722e+06 1.35489e+06 72336 52248 1.2121e+06 301362 910741 26837 130054 142783 134470 129078 126288 14654 780687 16296 7988 102624 76963 74539 25661 31846 31203 976 779228 550156 139096 411060 138307 229072 46736 55167 6479 22024 9615 10541 20088 24728 5774 173905 7698 11152 120955 49064 29880 4825 4558 8888 5544 92360 111634 4932 10341 169456 8423 161033 682 18954 3744 15210 6126 9084
internal_count=1427222 1354886 72336 52248 1212103 301362 910741 26837 130054 142783 134470 129078 126288 14654 780687 16296 7988 102624 76963 74539 25661 31846 31203 976 779228 550156 139096 411060 138307 229072 46736 55167 6479 22024 9615 10541 20088 24728 5774 173905 7698 11152 120955 49064 29880 4825 4558 8888 5544 92360 111634 4932 10341 169456 8423 161033 682 18954 3744 15210 6126 9084
is_linear=0
shrinkage=0.05


Tree=8
num_leaves=63
num_cat=0
split_feature=18 18 41 42 0 0 0 42 42 0 27 42 18 36 0 42 0 41 42 33 37 40 42 36 41 0 33 24 37 33 37 29 41 28 0 31 37 40 31 31 36 42 31 31 41 27 36 42 0 33 44 36 36 45 27 18 33 31 42 42 31 31
split_gain=24.8668 11.9458 5.74289 2.98143 5.38201 2.62234 2.44453 4.43532 2.88702 3.38625 2.13487 1.90146 1.82597 1.79041 1.6454 2.00849 2.28332 1.58436 1.34697 1.343 1.33568 1.32129 1.31914 1.28315 1.20975 1.11471 1.22221 1.10426 1.0913 1.07719 1.07282 1.049 1.04438 0.995129 0.950554 0.927325 0.916001 0.910156 0.864789 0.956833 0.864575 0.863585 0.863463 1.14278 1.75605 0.859764 0.843984 1.01095 0.920085 0.835119 0.983303 1.18971 0.820487 0.813403 0.812355 0.776777 0.7535 0.739465 0.788371 0.73174 0.72966 0.804053
threshold=-16952.735465116275 7016.0672328675437 0.0019550846720784126 -1.0000000180025095e-35 -59207.603651283622 -116380.0246002316 -139195.11476325951 0.0039294026767195123 0.012996075995988638 110232.49543985535 -3.7647946315979115 -0.023001751624640517 37174.554728651245 0.40590606952163016 -46512.137053621278 0.00068240428490370833 54308.572053574775 0.00033817475451318647 0.00068240428490370833 0.029197253137579929 0.86306774842243961 -28.860748634699512 -0.19797244834764363 0.41253477335951566 -0.0021233384870215071 -129783.35062483214 -1.0000000180025095e-35 0.21825498575498561 0.2989988448209473 -0.46533507019829207 0.2989988448209473 -0.71936248277623338 0.014140990412619495 -11.872688588007737 -233654.15334272865 -1.5800874026220784 -0.37652439024390238 13.309909123629856 1.2721288883055519 -1.1790972019108901 4.6962805840568285 -0.23320030518806925 4.3527826340326348 3.876715876715878 0.00023721178415938305 -1.2143099547511296 -1.005720140704166 1.2319064132925306e-05 -342439.6444895934 -0.051508489993935709 42.938624338624344 -1.1253571428571425 -0.59999999999999976 -8.077871570696411 1.8175524263759544 -45865.034348537309 0.25166666666666671 2.337756841775251 0.13433905080121564 -0.00039358959308782594 0.27451923076923085 0.061623831775700751
decision_type=2 2 2 2 2 2 2 2 2 2 2 2 2 2 2 2 2 2 2 2 2 2 2 2 2 2 2 2 2 2 2 2 2 2 2 2 2 2 2 2 2 2 2 2 2 2 2 2 2 2 2 2 2 2 2 2 2 2 2 2 2 2
left_child=2 3 10 4 13 11 7 17 14 28 33 29 -3 19 18 16 -16 46 -8 25 49 -7 -21 -15 -9 26 34 -23 40 -4 36 38 35 59 -2 -28 -25 -32 39 -13 -10 -6 43 -26 -45 -20 -5 48 -48 -11 57 -52 -24 -41 -17 -29 -54 58 -51 -1 61 -30
right_child=1 12 5 6 41 21 8 24 9 20 -12 31 -14 23 15 54 -18 -19 45 22 -22 27 52 30 42 -27 32 55 60 -31 37 -33 -34 -35 -36 -37 -38 -39 -40 53 -42 -43 -44 44 -46 -47 47 -49 -50 50 51 -53 56 -55 -56 -57 -58 -59 -60 -61 -62 -63
leaf_value=0.00032359433727435273 0.0011004063371493195 -0.00044671731784138468 -0.00039026716633125679 -0.000488872634598247 -0.0018678408139945755 0.003727263937328629 0.00028658579691283927 0.0007208441380598782 5.3689566060002969e-05 -0.00012453023865969845 0.00020776112260839316 0.00091850604790204781 -0.00095739027595225694 -0.0029708028992834652 -0.00011446871159956709 -1.1667711105605725e-05 -0.00058718552046539718 0.0011909953645870442 0.00048587959927614486 0.0020754122860909574 0.0021945025144351148 0.00039042903208507182 0.00097352891504394576 -0.0025765055408587091 -0.00038310463856094381 -0.00021061168853848383 5.7756706615565492e-05 0.0034105164970675071 0.00087612225212083626 0.001538042727585912 -0.0027414946273318264 0.0011111036158454103 0.0022204049859795997 0.00047350560608815079 -0.00034991647303940612 -0.00086890531317544294 -0.0005709106883078854 0.00085293657848438766 0.0016085696336620471 0.0061792436547485913 0.0015474161168484322 4.504630010949215e-05 0.0016007253603189065 -0.00021260478623389646 -0.0058117263009398266 -4.8759803194470018e-05 0.0044282990451468976 0.00040205198807414551 0.0010749570247898957 0.0005210100530714173 0.0034034020545535698 0.00097595219507373297 0.00067566101981395097 0.0030038644683073913 -0.0003907050649197261 0.0011867719163256511 -0.0006132312701522479 0.0013787102748194461 -0.00035980828506857414 0.0012991978112324139 0.0001009075115812964 0.0029407547864346794
leaf_weight=2278 1674 88373 909 2106 592 429 57935 2808 220458 4524 22095 539 21828 620 76716 311421 38297 10771 8104 955 1221 5795 1965 581 16216 58975 3071 416 2986 3563 1017 1313 298 8805 3475 22335 28297 213 1585 210 973 176368 524 320 249 104284 215 19818 4211 27688 592 3425 1630 5088 14808 7013 3726 2254 2797 12298 2612 560
leaf_count=2278 1674 88373 909 2106 592 429 57935 2808 220458 4524 22095 539 21828 620 76716 311421 38297 10771 8104 955 1221 5795 1965 581 16216 58975 3071 416 2986 3563 1017 1313 298 8805 3475 22335 28297 213 1585 210 973 176368 524 320 249 104284 215 19818 4211 27688 592 3425 1630 5088 14808 7013 3726 2254 2797 12298 2612 560
internal_value=-6.88885e-07 -4.89125e-05 0.000902561 -4.73628e-06 -0.000140333 0.00148225 3.94267e-05 0.000356067 1.887e-05 0.000155018 0.000560172 0.00198456 -0.000547869 -0.000386174 -4.12583e-05 -9.22128e-05 -0.000271874 0.00068008 9.07455e-05 -0.000281856 0.000564705 0.000996348 0.000327626 -0.000719225 -0.000241819 -0.000338009 -0.000581526 0.000907754 7.85118e-05 0.00114609 -0.000672859 0.00241383 -0.000722376 0.0008932 0.0001216 -0.000756893 -0.000611261 -0.00211904 0.0026443 0.00292554 6.02532e-05 3.86469e-05 -0.000397989 -0.000460386 -0.00266284 -1.02084e-05 0.000471234 0.000554636 0.00123785 0.000516498 0.000595397 0.00133369 9.96328e-05 0.00312973 -2.88728e-05 0.00131129 -0.000220981 0.000504809 0.000440195 0.00114673 0.000735059 0.00120218
internal_weight=1.42722e+06 1.35489e+06 72336 1.24468e+06 305792 26860 938893 57238 881655 270090 45476 13207 110201 128832 611565 441242 115013 37121 170323 98104 42501 13653 8276 30728 20117 89828 30853 13224 227589 4472 30108 8735 25704 23381 5149 25406 28878 1230 7422 5837 221431 176960 17309 16785 569 112388 26350 24244 4426 41280 36756 4017 7321 5298 326229 7429 5356 32739 30485 14576 6158 3546
internal_count=1427222 1354886 72336 1244685 305792 26860 938893 57238 881655 270090 45476 13207 110201 128832 611565 441242 115013 37121 170323 98104 42501 13653 8276 30728 20117 89828 30853 13224 227589 4472 30108 8735 25704 23381 5149 25406 28878 1230 7422 5837 221431 176960 17309 16785 569 112388 26350 24244 4426 41280 36756 4017 7321 5298 326229 7429 5356 32739 30485 14576 6158 3546
is_linear=0
shrinkage=0.05


Tree=9
num_leaves=63
num_cat=0
split_feature=18 18 27 27 19 0 37 32 44 36 32 28 33 31 32 0 27 0 28 0 43 36 36 0 37 0 0 36 31 0 34 31 45 37 0 37 31 31 33 37 19 36 31 36 32 31 31 32 40 32 0 37 29 31 31 34 0 37 0 0 36 33
split_gain=22.5679 11.3993 3.44618 2.21095 2.13772 1.66705 1.57885 2.2358 1.39475 1.6428 1.71766 1.36358 1.36069 1.13548 1.11542 1.08916 1.07897 0.887958 0.932335 0.869353 1.2878 0.8246 1.42275 1.42642 1.07384 1.21543 1.20305 1.00632 0.943914 3.54682 0.838659 0.791343 0.725784 0.701106 0.722316 1.55753 1.50972 2.0671 0.961229 0.898841 0.786572 0.806239 0.673064 0.842862 0.689122 0.629869 0.837937 0.606701 0.603203 0.912518 0.807786 1.84102 0.807863 0.810186 3.3381 0.844228 0.827645 0.781911 0.75796 0.740109 1.26106 0.695997
threshold=-23240.330361504642 1592.3462601183057 -3.7335632183908021 -0.051065642166747686 49317.79320999742 -49711.184665822577 0.86233986488380576 -0.033095392602206349 42.938624338624344 -1.6348484848484848 -0.038124232629231473 3.4938899950224003 -0.87588127635871726 5.1536516853932595 -0.10800691244239631 370739.16086852358 -9.05935267175572 54308.572053574775 -3.5304705124073474 -342439.6444895934 -4.743986216096042 0.060535588442565187 0.065918322365313711 -118851.43947429578 -0.11849272004125662 -60155.878399203815 -233654.15334272865 2.5026315789473688 2.337756841775251 -244866.19623285937 0.20414724975071732 3.169032055873926 -6.950357230845035 -0.37897556076330757 -184752.31274240455 -0.071563342318059289 0.11483516483516444 0.061623831775700751 0.81193428556479896 -0.069868051049102306 -44098.020833333321 -2.1232255166217424 2.1927627322303356 0.049875621890547291 0.96187576737076863 3.876715876715878 4.3527826340326348 -0.41428291536050149 18.245191644502754 -0.26034482758620697 -50462.364180398596 0.2989988448209473 -0.71936248277623338 -0.34782608695652156 -0.28245810055865966 -0.15569985569985587 -94144.281726235451 -0.087935519638364087 -129783.35062483214 -142818.39307411251 0.35483870967741943 -0.87284426443689556
decision_type=2 2 2 2 2 2 2 2 2 2 2 2 2 2 2 2 2 2 2 2 2 2 2 2 2 2 2 2 2 2 2 2 2 2 2 2 2 2 2 2 2 2 2 2 2 2 2 2 2 2 2 2 2 2 2 2 2 2 2 2 2 2
left_child=3 2 5 11 -3 -2 8 15 13 10 -10 12 -1 17 -6 -8 -14 19 42 20 -4 28 23 -23 25 27 30 -24 33 45 -26 32 -16 -21 35 -35 37 38 39 -37 41 -36 44 -44 -19 -30 -47 -41 50 58 51 52 -28 55 56 -54 -55 -51 -50 60 -57 -56
right_child=1 4 6 -5 14 -7 7 -9 9 -11 -12 -13 16 -15 31 -17 -18 18 -20 21 -22 22 24 -25 26 -27 48 -29 29 -31 -32 -33 -34 34 40 36 -38 -39 -40 47 -42 -43 43 -45 -46 46 -48 -49 49 57 -52 -53 53 54 61 59 -58 -59 -60 -61 -62 -63
leaf_value=-0.00079951004819169404 0.00080782973390446751 -0.00029290664798987969 0.0027717511948037923 0.00035458797411025932 -0.0013367041597351901 0.00013860568480943556 0.00096634073344600488 -0.00080226515058254798 0.0062421007304374367 0.00023334603162613769 0.0012607113298610337 0.00015906743246543612 0.0019211676494729291 0.0011693269050649798 -0.0012705946207911757 0.0040781760199955731 0.0012420070679209985 8.8259242468128796e-05 -0.00061042876749036639 0.00071240399394076955 0.00011285403962226464 -0.0029579068724052138 -0.00063127684003367788 -0.00058438439793773677 0.00049977646447055041 -3.4054164924230119e-05 0.00037674201336847441 -0.0028170959940989567 -0.0015127234491306204 -0.00011043667884459474 0.003039713457366889 0.00014913212119910214 -0.00060355323872889098 -0.00063174558885011999 -0.00075878534090988918 0.0014671434415607348 0.0012336900323304657 -0.0026265234173337981 0.0028994753699710905 0.0017726115777859015 -2.7065816754345091e-05 0.00034277351902119038 0.0014494790349109685 0.00026380433354718837 -0.00056137237419045909 -0.0056249438598466985 -0.002232821008762821 5.8717365258559462e-05 0.0020908789300599995 0.0015558698847014027 -3.6591227513984766e-05 -0.0014645167992443646 -0.00045639112382495745 -0.005005590794210482 -0.001232492690400949 0.0025381447809664113 -0.0018728351354909416 -2.1729304301643882e-05 0.00045479063077546599 0.00027846969049421909 -0.0011201946402281326 -0.00021360379009977305
leaf_weight=722 19330 81942 678 8145 5912 17944 6453 1998 203 33985 1173 2593 7538 2014 4463 294 26083 181885 4814 3438 1387 763 13460 3715 5354 12193 6124 548 375 6348 346 3200 47266 4020 1792 1395 4670 618 354 539 553409 22735 1912 6937 4176 388 343 12289 868 804 162009 2868 3200 410 1711 943 434 33993 3838 5454 314 82113
leaf_count=722 19330 81942 678 8145 5912 17944 6453 1998 203 33985 1173 2593 7538 2014 4463 294 26083 181885 4814 3438 1387 763 13460 3715 5354 12193 6124 548 375 6348 346 3200 47266 4020 1792 1395 4670 618 354 539 553409 22735 1912 6937 4176 388 343 12289 868 804 162009 2868 3200 410 1711 943 434 33993 3838 5454 314 82113
internal_value=-6.54439e-07 -3.65624e-05 1.21761e-05 0.00110025 -0.000459613 0.00048566 -2.5056e-06 0.000666879 -7.41097e-06 0.000301921 0.00199561 0.00126468 0.00134816 -1.6857e-05 -0.000684137 0.00110194 0.00139428 -1.89236e-05 7.6964e-05 -3.89511e-05 0.000985848 -4.11689e-05 -0.000103433 -0.000988805 -9.16674e-05 -0.000399068 -6.57516e-05 -0.000716787 -6.46967e-06 -0.000565691 0.000653955 -0.000613901 -0.000661103 4.17358e-07 -3.64998e-06 0.000265799 0.000447432 0.000205785 0.000325862 0.000261807 -1.47858e-05 0.000262291 9.39416e-05 0.000519993 7.36787e-05 -0.00317867 -0.00403329 0.000130731 -7.91982e-05 0.000103097 -0.000106313 -0.000215375 -0.000179799 -0.000215835 -0.000265904 0.000211891 -0.00339467 1.47218e-05 0.00075656 0.000530547 0.00162429 -0.000234401
internal_weight=1.42722e+06 1.38214e+06 1.23936e+06 45081 142783 37274 1.20208e+06 8745 1.19334e+06 35361 1376 36936 34343 1.15798e+06 60841 6747 33621 1.15596e+06 199724 956240 2065 954175 341462 4478 336984 26201 310783 14008 612713 7454 5700 54929 51729 605259 601821 23885 19865 15195 14577 14223 577936 24527 194910 8849 186061 1106 731 12828 305083 39503 265580 103571 100703 94579 84668 9911 844 34797 4706 6711 1257 83824
internal_count=1427222 1382141 1239358 45081 142783 37274 1202084 8745 1193339 35361 1376 36936 34343 1157978 60841 6747 33621 1155964 199724 956240 2065 954175 341462 4478 336984 26201 310783 14008 612713 7454 5700 54929 51729 605259 601821 23885 19865 15195 14577 14223 577936 24527 194910 8849 186061 1106 731 12828 305083 39503 265580 103571 100703 94579 84668 9911 844 34797 4706 6711 1257 83824
is_linear=0
shrinkage=0.05


Tree=10
num_leaves=63
num_cat=0
split_feature=18 18 39 27 42 0 39 41 39 42 18 33 33 0 18 42 41 0 42 42 0 42 42 0 0 0 0 32 41 0 42 42 0 40 32 39 33 33 32 39 7 23 0 33 45 45 45 45 40 42 0 41 41 19 22 38 40 42 42 41 32 33
split_gain=20.5371 10.2089 3.41161 3.04027 2.81493 5.0038 3.72047 2.77293 2.64755 2.41782 2.1743 1.71855 1.68363 1.55051 1.41941 1.40267 1.83132 1.38378 4.21678 1.2246 1.70575 1.58233 1.26197 1.58401 1.04599 1.04598 1.01447 1.09477 0.975211 0.969976 1.03008 0.969768 0.876369 0.838986 0.834574 0.873245 0.834395 1.29315 1.06209 0.795563 0.781063 0.746388 0.745198 0.744817 0.744097 1.69631 1.62402 0.985016 0.887487 0.741957 0.720767 0.688138 0.6716 0.737996 0.698822 0.656796 0.683296 0.65477 0.644494 0.627993 0.772134 0.597022
threshold=-23240.330361504642 -136.23479754967772 -2.0008134632650889 -3.6175139318885452 -1.0000000180025095e-35 -49711.184665822577 -22.429328358594823 0.001818783904657269 -3.8048639875127637 -0.0012609750158011216 29027.751205234163 0.81193428556479896 -0.04469413233458177 -49711.184665822577 -2752.9005223171876 0.071962588915331485 0.0030621873346809861 -139195.11476325951 0.0079938725089694299 0.015868103693929717 -67771.535746193273 0.00058281930731642019 0.0014183345170927385 52806.316298789636 -223877.42153818914 -92575.553169328865 -258287.34920582434 4.5176691729323322 0.007563379381705441 57759.200764924848 0.11209698016044424 -0.23320030518806925 -299275.12086816342 -21.373477641912483 -0.030797101449275423 -26.153709676686706 0.12411872364128269 0.30847118528277956 -0.037203350778447046 -29.702221684727864 -6.6613381477509383e-16 -0.29632936507936541 -118851.43947429578 -0.049332498957029618 -3.50636292223095 -3.6961538461538459 -3.4671462829736206 -0.1443684210526319 -7.6560836513352024 0.00016889358444509698 85893.386423081814 0.00041715818714141369 0.0022672702181922347 43398.785425101225 9924.8878205128221 -23.792155015711185 -12.978086551908664 0.0034541548362587186 -0.19797244834764363 -0.0005583391105481965 0.58452115081450351 0.11876551568494699
decision_type=2 2 2 2 2 2 2 2 2 2 2 2 2 2 2 2 2 2 2 2 2 2 2 2 2 2 2 2 2 2 2 2 2 2 2 2 2 2 2 2 2 2 2 2 2 2 2 2 2 2 2 2 2 2 2 2 2 2 2 2 2 2
left_child=2 3 7 13 5 8 15 -1 11 -9 52 12 34 51 -14 17 -17 18 32 20 21 24 23 -22 -8 -10 27 55 -27 -21 43 -7 -6 41 -5 -36 38 -38 -28 -34 -40 -11 -4 -31 45 -42 48 -48 -46 -25 -24 -2 53 -3 -54 56 -16 -55 -49 -20 -61 -35
right_child=1 10 42 4 6 31 19 9 25 33 -12 -13 14 -15 26 16 -18 -19 59 29 22 -23 50 49 -26 28 36 -29 -30 30 -32 -33 39 61 35 -37 37 -39 40 -41 44 -43 -44 -45 46 -47 47 58 -50 -51 -52 -53 54 57 -56 -57 -58 -59 -60 60 -62 -63
leaf_value=0.00085736380947025654 0.00049577554998179042 -0.00026224513651874122 0.00050690264945492511 -0.0015625686659931878 0.0027685128743593582 -0.0022257240579166187 0.0013623207399536192 0.0010345990149515437 -0.00029134125775229247 0.0062415647288775406 -0.00077739833699871929 0.001673068649444602 0.00028451693772078433 0.00011760321697427618 -0.0022353213386399231 0.00060348903495867834 0.0026221915273856094 0.00017889396995716849 0.00011949253696003952 4.3643794772777052e-05 -0.00010144859016742271 1.4588752044342566e-06 -5.134407794386187e-05 -0.00071584935536216142 0.00032256734871722361 4.6410199862168127e-05 -0.00036212916006843706 0.00091565499742954403 0.0011523198230038425 -0.00029098380993373453 -0.00022402900709264951 7.3472279251853348e-05 0.0015840982989474917 0.0017609924942158591 0.0012428877437065766 -1.3567123698042038e-05 0.00063121247101320362 -0.00080229271246802709 0.00059469115057638226 0.00070354728274295763 -0.00067334420544489003 0.0029198382453027622 -0.00045438122219090371 0.00044953704576596753 -0.0017506680847470145 0.0017051542507794033 -0.0011217547514562631 0.00077272415931327343 -0.0049366411946738277 -0.0002764487377843269 0.00018516732008222158 0.0010932916798749518 5.0664549825594899e-05 -0.00074892485568724826 0.002073238180732876 -0.001388076705580759 -0.0054531448382154867 -0.00031598189491663717 -0.00063775631936684478 -0.00085240598564506251 -0.0031497102564064768 0.0026464259501487505
leaf_weight=19566 10575 80646 5665 661 776 460 2587 7140 30298 201 33102 886 4177 17341 611 8937 1285 100651 1184 155714 104371 76533 261177 17582 37212 27211 18745 381 2151 3706 8155 153214 4076 5513 1824 5718 3189 3105 970 6920 13410 1066 3130 40540 528 794 19573 888 373 21181 36745 8852 4883 17868 468 1670 226 17082 9207 1917 452 2908
leaf_count=19566 10575 80646 5665 661 776 460 2587 7140 30298 201 33102 886 4177 17341 611 8937 1285 100651 1184 155714 104371 76533 261177 17582 37212 27211 18745 381 2151 3706 8155 153214 4076 5513 1824 5718 3189 3105 970 6920 13410 1066 3130 40540 528 794 19573 888 373 21181 36745 8852 4883 17868 468 1670 226 17082 9207 1917 452 2908
internal_value=-3.65327e-07 -3.46434e-05 0.00104855 1.34607e-05 -3.52664e-07 -0.000132764 4.42353e-05 0.00126212 -0.000341743 0.00173273 -0.000418336 -0.000517767 -0.000540325 0.000461271 -0.000612118 0.000295775 0.000857259 0.000246286 0.000688903 2.76741e-06 -3.58752e-05 0.000134437 -8.07964e-05 -0.000202816 0.000390153 -8.52422e-05 -0.000662956 -0.00158152 0.000127427 0.000106263 0.00029234 6.659e-05 0.00114455 0.00224724 0.000140996 0.000290301 -0.000625478 -7.59743e-05 -0.000679109 0.00102995 -0.000809004 0.00344681 0.000164797 0.000387512 -0.000839415 -0.000540387 -0.000978359 -0.000914849 -0.00306961 -0.000475751 -2.21733e-05 0.000768036 -0.000320064 -0.000345413 0.000227559 -0.00196102 -0.00310417 -0.000537322 -0.000513684 -0.000820786 -0.00129073 0.00206676
internal_weight=1.42798e+06 1.38279e+06 45189 1.22874e+06 1.19197e+06 300270 891701 36394 146596 16828 154049 86936 86050 36768 77847 126198 10222 115976 15325 765503 557388 116332 441056 143134 39799 59660 73670 2888 29362 208115 52401 153674 11772 9688 8203 7542 70782 6294 64488 10996 45743 1267 8795 44246 44773 14204 30569 29668 901 38763 297922 19427 120947 115596 5351 2507 837 34950 10095 3553 2369 8421
internal_count=1427977 1382788 45189 1228739 1191971 300270 891701 36394 146596 16828 154049 86936 86050 36768 77847 126198 10222 115976 15325 765503 557388 116332 441056 143134 39799 59660 73670 2888 29362 208115 52401 153674 11772 9688 8203 7542 70782 6294 64488 10996 45743 1267 8795 44246 44773 14204 30569 29668 901 38763 297922 19427 120947 115596 5351 2507 837 34950 10095 3553 2369 8421
is_linear=0
shrinkage=0.05


Tree=11
num_leaves=63
num_cat=0
split_feature=18 18 41 42 0 39 42 39 39 36 18 36 37 39 36 18 37 0 42 42 19 31 37 36 35 41 0 0 18 44 36 31 0 28 35 0 35 41 41 35 36 35 38 0 37 42 35 42 17 42 0 42 0 0 42 42 0 42 39 36 45 35
split_gain=18.5434 8.99011 3.88151 2.40389 4.12324 3.71417 2.39269 2.36862 2.02327 1.86068 1.6898 1.91208 1.65102 1.56696 1.52902 1.4871 1.35842 1.34323 4.32363 1.25376 1.20775 1.24125 1.17519 1.19471 1.16095 1.23605 1.11653 1.02496 1.01703 0.993435 0.963649 1.57773 0.950048 0.908253 0.857258 1.12909 0.84915 0.849019 0.825203 0.821457 1.8716 0.820089 0.805544 0.918414 0.790198 0.887384 0.7779 0.769452 0.768139 0.80279 1.38102 1.0945 1.12299 1.04669 1.09388 0.897457 1.05816 0.765391 0.765083 0.724117 0.688278 0.671866
threshold=-19377.220551378443 7016.0672328675437 0.0015716843166526521 -1.0000000180025095e-35 -49711.184665822577 -19.535106810286738 -0.00039358959308782594 -3.8048639875127637 -1.8058136600490771 -2.5936507936507929 -2752.9005223171876 0.40590606952163016 0.68973725046684742 -2.4663295115608022 0.41683535762483132 37174.554728651245 -0.13457136023507701 -139195.11476325951 0.0077476835332665863 -0.093294582889711472 -13788.504304160682 5.1536516853932595 0.2989988448209473 2.7267942583732063 0.76502403846153855 0.007563379381705441 -258287.34920582434 -98852.48913114937 -11494.062030075185 -11.179892141756548 -0.75694980694980685 -0.36745725317153871 -299275.12086816342 -11.872688588007737 0.20311147323929316 -114065.19957290936 -1.0000000180025095e-35 0.0013517229548082545 0.007563379381705441 0.5953742203742205 2.9600141185962086 0.56452358926919521 19.152622357988836 -124086.76974368218 -0.068103858062361078 -0.19797244834764363 0.24320507572656572 -0.23320030518806925 -835.01011094829289 0.0073420316413063159 -48938.644275318038 0.00012448917506685127 -215101.67208300295 56099.037579599542 0.103967852421812 0.0015283857477457945 73710.642664688829 0.00058281930731642019 -29.702221684727864 -1.8684338332426758 -4.8603675048355894 0.27604524431011607
decision_type=2 2 2 2 2 2 2 2 2 2 2 2 2 2 2 2 2 2 2 2 2 2 2 2 2 2 2 2 2 2 2 2 2 2 2 2 2 2 2 2 2 2 2 2 2 2 2 2 2 2 2 2 2 2 2 2 2 2 2 2 2 2
left_child=2 3 13 4 7 9 42 10 34 16 -2 19 17 33 -13 36 60 18 32 24 21 39 23 -16 25 29 46 -9 -19 44 -27 -32 -11 -1 35 57 -3 -14 -29 48 -41 -30 43 -4 -12 -46 -21 -6 49 50 51 52 -7 -51 -55 56 -52 -8 -34 -26 -5 -60
right_child=1 15 6 5 47 20 8 27 -10 12 11 14 37 -15 22 -17 -18 28 -20 26 -22 -23 -24 -25 59 30 -28 38 41 -31 31 -33 58 -35 -36 -37 -38 -39 -40 40 -42 -43 -44 -45 45 -47 -48 -49 -50 53 55 -53 -54 54 -56 -57 -58 -59 61 -61 -62 -63
leaf_value=0.00094920979049017442 0.00032287894615856683 -0.0001258870806242547 0.0014509087194196158 0.0057572070694509522 -0.0019215532699016526 0.0014981654292351571 0.0038071163726239609 -0.00028961548011138539 0.00060934842329447196 0.0025803739723656532 -0.0008613079817407015 -0.0034556130901316796 0.00098679095962946268 -8.4127581709022046e-05 -0.00068250766704026683 -0.00083996174260429421 2.2480713505270998e-05 0.0007144868369073111 -0.00076387623815250556 -0.00095062796826877397 -0.00026575093884570293 0.0015095576535613449 -0.0023146822029501131 -0.0025834137224425772 0.0006813331525098897 -0.0027923707968607473 -0.00053771131697107153 5.2589139382837372e-05 0.00010785635174177856 -8.7970681782396706e-05 0.001622760289574034 -0.0010220066384324269 0.0014980706111898234 0.0003314234390447518 0.0011855651212671499 0.0016489586693086485 -0.00047430937646698315 0.0031377200971095484 0.0010472880617560473 0.00021396853769906988 0.0045909081642493245 0.00074294235463709662 -0.00028071253978411364 0.0004753719720003817 0.0025867309141520858 0.00067346317087921314 -0.004422420563403898 6.0823293704484422e-05 0.00026220335076307714 -7.8677844188587162e-08 -0.00013802544732815071 4.8353704795762438e-06 0.00027189459507264254 0.00032982009607582382 -0.00028790147249220749 -4.6564392523126019e-05 -0.00048662182837923339 0.0023886678798375706 0.00040734337104821852 -0.0027262300827882728 0.002482506076934227 0.0013903106450317301
leaf_weight=14886 6144 24015 4529 245 491 2019 1261 28534 3234 948 660 608 2872 8507 15233 21888 419 7991 4288 333 42196 1376 1363 874 205 532 40831 30143 125931 12183 698 2935 4170 9910 2461 4450 64329 546 2240 34077 246 5297 1597 5163 729 3593 313 159808 25891 198472 88156 100894 24797 49853 8370 181584 28908 3869 6376 651 465 2390
leaf_count=14886 6144 24015 4529 245 491 2019 1261 28534 3234 948 660 608 2872 8507 15233 21888 419 7991 4288 333 42196 1376 1363 874 205 532 40831 30143 125931 12183 698 2935 4170 9910 2461 4450 64329 546 2240 34077 246 5297 1597 5163 729 3593 313 159808 25891 198472 88156 100894 24797 49853 8370 181584 28908 3869 6376 651 465 2390
internal_value=-3.4706e-07 -3.8038e-05 0.000860985 -9.54566e-08 -0.000121194 3.93572e-05 0.00131177 -0.000310734 0.00171972 0.000257423 -0.000476817 -0.000536925 0.000243222 0.000501416 -0.000990733 -0.000471008 0.00228016 0.000219612 0.000623911 -0.00040806 -5.52259e-06 9.22353e-06 -0.000904949 -0.000785655 -0.000104673 -3.22163e-05 -0.000570342 -7.11258e-05 0.00016684 0.000155274 -0.000804909 -0.000513874 0.00105252 0.000702305 0.00201794 0.00223177 -0.000379596 0.00133039 0.000121395 6.44599e-06 0.000245339 0.000133492 0.000759785 0.000931233 0.000750104 0.000996178 -0.00263278 5.47512e-05 -5.11984e-06 -1.52527e-05 -5.73123e-05 8.02978e-05 0.000364222 5.46063e-05 0.000241018 -0.000116158 -0.000224108 0.00273734 0.000940555 -0.00191017 0.00361251 0.000675344
internal_weight=1.42798e+06 1.36811e+06 59867 1.25788e+06 309101 948777 26564 148802 15275 161938 87885 81741 160809 33303 18078 110232 1129 157391 18172 63663 786839 744643 17470 16107 22186 21330 41477 60917 139219 17165 4165 3633 13884 24796 12041 9580 88344 3418 32383 743267 34323 131228 11289 9692 4982 4322 646 160299 708944 683053 426358 127710 26816 256695 58223 298648 117064 5130 12936 856 710 8766
internal_count=1427977 1368110 59867 1257878 309101 948777 26564 148802 15275 161938 87885 81741 160809 33303 18078 110232 1129 157391 18172 63663 786839 744643 17470 16107 22186 21330 41477 60917 139219 17165 4165 3633 13884 24796 12041 9580 88344 3418 32383 743267 34323 131228 11289 9692 4982 4322 646 160299 708944 683053 426358 127710 26816 256695 58223 298648 117064 5130 12936 856 710 8766
is_linear=0
shrinkage=0.05


Tree=12
num_leaves=63
num_cat=0
split_feature=18 18 27 39 18 37 32 44 36 37 28 18 37 35 27 36 34 35 36 28 43 17 39 37 36 32 37 32 28 36 18 35 36 30 39 36 30 38 39 34 17 39 29 39 39 37 39 27 35 25 39 39 36 37 34 35 44 36 36 27 26 28
split_gain=16.8364 8.51363 3.21295 2.26869 1.79613 1.31003 2.08325 1.12 1.2544 1.43736 1.09213 0.903687 0.835716 0.827659 0.81409 0.711529 0.771224 0.695031 0.659983 0.637997 0.622701 0.566439 0.550315 0.531433 1.07889 0.956175 0.848264 0.524963 0.517679 0.515494 0.504053 0.509799 1.48699 0.773188 0.728606 0.596301 0.500727 0.499751 0.490084 0.479727 0.479268 0.506304 0.473075 0.499948 0.458425 0.485852 0.451882 0.449566 0.44665 0.445645 0.461181 0.442268 0.867644 0.588389 0.604314 0.530392 0.517882 0.442229 0.429013 0.480692 0.525168 0.468929
threshold=-25384.657500589004 -239.7587792642116 -2.6864741641337377 -2.0008134632650889 37174.554728651245 0.86233986488380576 -0.033095392602206349 42.938624338624344 -1.4858340711421278 -0.13615933683352524 3.4938899950224003 -9990.9545454545423 -0.13457136023507701 -1.0000000180025095e-35 -9.3286730769230743 -1.1810730253353203 0.71547619047619071 1.3898567323728577 4.6962805840568285 1.7559312638580933 0.14039408866995109 -5026.5025407199546 -22.429328358594823 -0.10437256306198774 1.3282137597306967 -0.0077855138169257336 -0.11849272004125662 0.95433316035288029 -3.1857638888888888 -1.005720140704166 -18825.457123167937 0.67178199404761918 2.9600141185962086 -0.00085172846064810826 43.280565624375534 0.60622792937399683 -0.0038800823583193885 11.815328994589835 0.55724253895646225 1.1656127672387837 -27575.140656565654 -3.3623249691491846 0.58396747287267925 -46.107745564797781 -27.686733009275141 -1.0000000180025095e-35 -28.96997862945236 -5.569821032625911 0.22361043549502038 -0.37612149924534627 -21.989063059072947 -28.683229747285065 -1.8684338332426758 -1.0000000180025095e-35 0.53103966346153852 0.2551251646903821 -3.4439964157706089 -2.5936507936507929 0.36072160384969626 -2.7899711879432618 -1.7324522921693351 -17.318411041239617
decision_type=2 2 2 2 2 2 2 2 2 2 2 2 2 2 2 2 2 2 2 2 2 2 2 2 2 2 2 2 2 2 2 2 2 2 2 2 2 2 2 2 2 2 2 2 2 2 2 2 2 2 2 2 2 2 2 2 2 2 2 2 2 2
left_child=3 2 11 10 13 7 20 15 9 -9 12 21 -1 44 36 16 27 18 23 -15 -7 -2 -11 24 25 -17 38 42 47 -25 40 37 33 -33 -35 -36 -14 -32 -26 -10 -31 -42 -4 -44 57 -46 -22 -23 -8 58 -51 52 53 56 -55 -54 -45 -3 59 60 -16 -62
right_child=1 4 5 -5 -6 6 48 8 39 22 -12 -13 14 19 49 17 -18 -19 -20 -21 46 28 -24 29 26 -27 -28 -29 -30 30 31 32 -34 34 35 -37 -38 -39 -40 -41 41 -43 43 51 45 -47 -48 -49 -50 50 -52 -53 55 54 -56 -57 -58 -59 -60 -61 61 -63
leaf_value=-4.5827152273504461e-05 0.00020986454885216314 0.0022628626472978117 -0.00038253664132641081 0.0001922360508538149 -0.00079796364894980812 0.00084258120322090724 -0.00047670644294533061 0.0055434983158020651 0.00019299712893373628 0.002361089588376965 6.1135748028468868e-05 0.00012354580819265088 0.00046143216224711229 -0.00021840153439281782 0.0038639061744085582 -0.00025050392184443836 -0.00042602438827426913 -0.00061363936428564638 0.00086699140324962955 -0.00048387426075715591 0.0034852888321841007 0.0011150566711878517 0.00016902492757033081 -0.00032248865854866412 -0.00093925542013397064 0.00021904965737709156 -0.0028743609340464329 -0.00058337182061662268 0.00033037642529763908 0.0026060822857513592 -4.2343490892365905e-05 -0.00066865319915136473 0.0035644307183586238 0.00017475975445465988 0.00089817401809313936 0.0037941308085221084 0.0020146860066888486 4.053271380779639e-05 -0.00026711989716485132 0.0021233594863095699 0.00072626452765900342 -3.1421558071024793e-05 -0.0010516754019637821 0.0014045113007506585 -0.00044887771648484496 -2.6157352259475929e-05 0.0012213279853556544 0.00059622638675344063 -0.0024569961216880458 0.0012535600282756315 0.00069068161022959413 0.00023272328025370327 -0.0004302221932714066 -0.00061941461401991867 0.0025559519680845438 0.0021046165742925095 0.0045432569296543204 0.00022435010850859624 0.00093038403594910407 0.0012145395720549058 0.0024546269547885153 0.00084844087882990729
leaf_weight=1132 8230 377 3160 6601 21888 5789 1587 211 33232 484 1937 17885 575 36011 433 26671 5560 4986 2084 60915 409 7939 701 13471 4301 18268 394 2136 7008 231 708154 2644 322 27191 861 224 5315 244775 7341 325 3914 5049 734 237 9268 25498 478 8807 347 10927 5456 56546 1082 321 281 255 295 904 1879 1826 1454 661
leaf_count=1132 8230 377 3160 6601 21888 5789 1587 211 33232 484 1937 17885 575 36011 433 26671 5560 4986 2084 60915 409 7939 701 13471 4301 18268 394 2136 7008 231 708154 2644 322 27191 861 224 5315 244775 7341 325 3914 5049 734 237 9268 25498 478 8807 347 10927 5456 56546 1082 321 281 255 295 904 1879 1826 1454 661
internal_value=-3.29707e-07 -2.8792e-05 1.50314e-05 0.00103528 -0.000378256 -1.51293e-06 0.000612993 -6.01031e-06 0.000272786 0.00174136 0.00121142 0.000408179 0.00128655 -0.00030917 0.00133942 -1.45472e-05 0.000139189 -2.46836e-05 -2.19286e-05 -0.000385243 0.0010316 0.000567342 0.00106435 -2.367e-05 -0.000172229 -5.96273e-05 -0.000592652 0.000187502 0.000691196 -1.52633e-05 -1.10971e-05 -1.45395e-05 0.000184205 0.000149003 0.00022546 0.00149605 0.00186305 -2.10554e-05 -0.000515432 0.000211693 0.000357402 0.000299448 0.000213675 0.000245207 -0.00010462 -0.000138847 0.00226525 0.000842195 -0.000832012 0.00120317 0.00106611 0.000261336 0.000916106 0.00193344 0.000862775 5.32362e-05 0.00314498 0.000824287 0.00156227 0.00183371 0.00227744 0.00195265
internal_weight=1.42798e+06 1.38978e+06 1.23492e+06 38196 154861 1.18505e+06 8610 1.17644e+06 34953 1396 31595 49869 29658 132973 28526 1.14149e+06 70607 1.07088e+06 1.0659e+06 96926 6676 31984 1185 1.06381e+06 56975 44939 12036 65047 23754 1.00684e+06 993365 984171 31242 30920 28276 1085 5890 952929 11642 33557 9194 8963 62911 59751 36047 34766 887 16746 1934 22636 16383 59017 2471 1134 602 1337 532 1281 6253 4374 2548 2115
internal_count=1427977 1389781 1234920 38196 154861 1185051 8610 1176441 34953 1396 31595 49869 29658 132973 28526 1141488 70607 1070881 1065895 96926 6676 31984 1185 1063811 56975 44939 12036 65047 23754 1006836 993365 984171 31242 30920 28276 1085 5890 952929 11642 33557 9194 8963 62911 59751 36047 34766 887 16746 1934 22636 16383 59017 2471 1134 602 1337 532 1281 6253 4374 2548 2115
is_linear=0
shrinkage=0.05


Tree=13
num_leaves=63
num_cat=0
split_feature=18 19 18 41 42 0 39 39 42 36 42 36 33 39 41 33 32 36 36 40 41 31 0 31 0 42 42 36 41 39 35 35 0 42 41 31 35 35 43 36 35 36 36 0 43 45 0 34 41 33 31 42 0 42 42 0 0 0 42 42 35 38
split_gain=15.1948 7.74802 2.71257 2.34863 2.03626 4.3644 3.27398 2.24959 1.81135 1.79686 1.59192 1.56037 1.73057 1.29299 1.27949 1.23264 1.17798 1.13079 1.10748 1.08569 1.04108 1.01714 1.00605 1.00225 0.927771 3.54318 1.02007 0.973355 0.91363 0.901241 0.885497 1.16525 1.48917 1.23759 1.57802 0.964913 1.18583 0.99729 0.943495 0.932429 0.898489 0.884229 0.952511 1.13584 0.86513 0.84036 0.82198 0.802933 0.795951 0.789942 0.789206 0.772537 1.33313 1.32127 1.24943 1.33465 1.13244 1.08294 0.900473 0.770916 0.746438 0.718008
threshold=-25384.657500589004 10045.564024390247 -14659.515375339159 0.0019550846720784126 -1.0000000180025095e-35 -49711.184665822577 -23.7351735858166 -3.8048639875127637 -0.00039358959308782594 -2.5936507936507929 0.0034541548362587186 0.40590606952163016 -0.042329227323628212 -3.5618814749891725 0.0025347155455173282 0.11876551568494699 -0.10800691244239631 -0.80981717011128751 0.41683535762483132 -21.373477641912483 0.00013910826409417297 5.1536516853932595 -92575.553169328865 3.4509090909090907 -139195.11476325951 0.0079938725089694299 0.064028054112463553 -0.59999999999999976 0.007563379381705441 -21.989063059072947 -0.02332381340949272 0.24320507572656572 -244866.19623285937 -0.093294582889711472 0.007563379381705441 0.04999999999999994 0.032586693213870872 0.24182125744625746 -1.6336493720918595 0.23717105263157903 0.032719973235195716 -0.52659875495189601 -0.10335738068812426 -91115.333998073664 5.1818394024276389 -3.2753356146354298 91137.611427579934 -0.23088075389633908 0.0028410754481323214 0.11876551568494699 0.92164299464127775 0.012996075995988638 -45019.341204161967 0.00058281930731642019 0.00068240428490370833 33860.84502566039 56099.037579599542 -206750.30128146693 0.103967852421812 -0.23320030518806925 -0.43547641073080484 -1.4758669212783351
decision_type=2 2 2 2 2 2 2 2 2 2 2 2 2 2 2 2 2 2 2 2 2 2 2 2 2 2 2 2 2 2 2 2 2 2 2 2 2 2 2 2 2 2 2 2 2 2 2 2 2 2 2 2 2 2 2 2 2 2 2 2 2 2
left_child=3 2 13 29 5 7 9 11 -5 45 16 15 -13 20 -12 30 -3 -17 -14 -10 -2 51 -9 46 25 -11 -26 44 -24 -1 39 33 50 34 35 36 -32 40 -36 41 -37 -4 43 -43 -28 -6 -18 -20 -25 -21 -33 52 53 57 55 -54 -53 -8 -58 -7 -19 -40
right_child=1 10 4 8 6 59 21 22 19 24 14 12 18 -15 -16 17 23 60 47 49 -22 -23 28 48 26 -27 27 -29 -30 -31 31 32 -34 -35 38 37 -38 -39 61 -41 -42 42 -44 -45 -46 -47 -48 -49 -50 -51 -52 56 54 -55 -56 -57 58 -59 -60 -61 -62 -63
leaf_value=0.00092451568503710202 0.00027597295265499437 -0.0011626369564441338 -0.00037636156291908306 0.00083667671760349633 0.0035247002864701761 -0.0019064603195817567 0.0010918382898336687 -0.00027794227608312808 0.0033357895013971595 0.0010786441810858912 -0.00026584819927670338 0.0013151492142414987 -0.0029431510682911229 8.6797081756942893e-05 0.0011027924294797363 0.0018864881093668931 -0.00038448716234692126 -0.0011729488545241453 0.00066186543893550197 0.0013486278224801686 0.00092987312694554089 0.0012559178802946463 5.450487671325846e-05 -0.00023488496389125155 0.00015520359276541677 -0.00071815530872283392 0.0010593993479214151 0.00042753447592818583 0.0011466321707119123 0.00026452657677131941 0.0012703195714534252 -0.0010782322954760385 -0.00053226790255634033 -0.00040247304347809806 -0.0014854694227439647 -0.00033562389915366554 -0.00045764769714890137 0.00080525527217076395 -0.00050176023825961296 0.00029997489544602798 -0.0030347684244251666 -0.002654131902015269 -0.00077405281178907499 -0.00075525050359755868 0.0033875556569445096 -1.3824395731215441e-06 -0.00079122058455099943 -0.00097847943578666325 0.0019273297558901105 0.002377792649670296 -0.0032679251227977451 8.7619565368600239e-06 -9.9991340953457781e-05 -1.7526844330574045e-05 -3.8342547475825247e-05 -0.00048206747407416396 0.00035681730129797468 0.00021468592090590139 -0.00016440133687105129 7.1859934609155751e-05 0.0004319867776536267 0.0028665143297864934
leaf_weight=11460 11063 7820 4509 7608 622 494 3766 30902 1114 11105 56367 858 693 19022 1761 1020 31393 985 781 5849 13533 1600 26858 1015 88906 3644 1673 8065 2062 9428 4602 820 8393 24924 1891 2302 1266 1890 457 1759 356 1986 4355 1305 524 232 20555 16655 733 2737 826 183220 59864 125103 288900 36973 46701 53605 10074 156012 2739 242
leaf_count=11460 11063 7820 4509 7608 622 494 3766 30902 1114 11105 56367 858 693 19022 1761 1020 31393 985 781 5849 13533 1600 26858 1015 88906 3644 1673 8065 2062 9428 4602 820 8393 24924 1891 2302 1266 1890 457 1759 356 1986 4355 1305 524 232 20555 16655 733 2737 826 183220 59864 125103 288900 36973 46701 53605 10074 156012 2739 242
internal_value=-3.13222e-07 -2.73524e-05 8.88129e-06 0.000983521 -4.89814e-06 -0.000117633 3.19181e-05 -0.00031483 0.00141424 0.000281844 -0.000412008 -0.000479208 -0.000879068 0.000396353 -0.000224385 -0.000365258 -0.000589298 0.000411483 -0.000982915 0.00186724 0.000635756 -3.50294e-06 -7.95815e-05 -0.0005058 0.000264714 0.000634713 0.000209685 0.000681692 0.000132374 0.000626623 -0.000424804 -0.000322939 -0.000801951 -0.000196158 0.000199212 0.000473846 0.000897517 -7.27905e-05 -0.000905263 -0.000775986 -0.000697135 -0.000931692 -0.00125918 -0.00190116 0.00161468 0.00256679 -0.000545425 -0.000905004 0.00067181 0.0016767 -0.00217707 -5.99621e-06 -3.7766e-05 7.35855e-05 -9.04412e-05 -0.000245871 6.92219e-05 0.000272265 0.000264334 6.56155e-05 7.48044e-06 0.000664366
internal_weight=1.42798e+06 1.38978e+06 1.27014e+06 38196 1.22652e+06 301942 924577 145436 17308 114771 119644 85614 18987 43618 58128 66627 61516 4744 18129 9700 24596 809806 59822 53696 113917 14749 99168 10262 28920 20888 61883 47969 10039 37930 13006 10416 5868 4548 2590 13914 2658 12155 7646 3291 2197 854 51948 17436 1748 8586 1646 808206 568211 182474 385737 96837 239995 57371 56775 156506 3724 699
internal_count=1427977 1389781 1270137 38196 1226519 301942 924577 145436 17308 114771 119644 85614 18987 43618 58128 66627 61516 4744 18129 9700 24596 809806 59822 53696 113917 14749 99168 10262 28920 20888 61883 47969 10039 37930 13006 10416 5868 4548 2590 13914 2658 12155 7646 3291 2197 854 51948 17436 1748 8586 1646 808206 568211 182474 385737 96837 239995 57371 56775 156506 3724 699
is_linear=0
shrinkage=0.05


Tree=14
num_leaves=63
num_cat=0
split_feature=18 18 27 42 0 39 39 39 0 36 33 33 36 0 36 42 0 37 18 42 31 36 45 36 36 31 35 28 39 35 36 0 42 39 42 36 33 45 31 31 35 37 37 39 42 45 26 39 42 31 39 43 31 36 36 37 25 0 42 0 42 0
split_gain=13.7133 7.11288 2.80184 2.08373 3.70278 2.76156 1.95576 1.949 1.55865 1.49811 1.40635 1.35232 1.55535 1.33604 1.28002 1.2478 1.4007 1.17413 1.13769 1.05561 1.21298 0.995794 1.05394 0.992637 1.39786 1.38068 0.994902 0.980289 0.978881 0.946011 1.94644 0.888682 3.32428 0.87246 0.856482 0.856262 1.0209 0.952305 0.981077 0.92156 0.82605 0.82037 0.813173 0.811612 0.81047 0.800088 1.0221 0.725105 0.722936 0.719838 0.731961 0.713917 0.685858 0.810635 0.85359 0.95301 0.672332 0.671514 0.655142 1.48283 1.09701 0.988393
threshold=-25384.657500589004 -359.75908508904826 -3.5652586206896539 -1.0000000180025095e-35 -49711.184665822577 -22.429328358594823 -2.0008134632650889 -3.8048639875127637 78368.801084372986 -2.5936507936507929 0.81193428556479896 -0.04469413233458177 0.060535588442565187 -53821.441803878573 -0.80079365079365061 -0.10010167860147617 -258287.34920582434 0.71834453319808989 -2752.9005223171876 0.0036420533933574635 3.4509090909090907 0.065918322365313711 -0.1443684210526319 -0.13727621946800037 -0.1308581504702194 0.04999999999999994 -0.6363553113553112 3.4938899950224003 -26.153709676686706 0.5953742203742205 2.9600141185962086 -139195.11476325951 0.0079938725089694299 -26.153709676686706 -0.0012609750158011216 2.7267942583732063 0.029197253137579929 -4.9479925109215719 -0.34782608695652156 -0.27137596794281693 0.17922473867595826 -0.13457136023507701 -0.047732968785600356 -28.96997862945236 -0.058775949256295493 -7.1650326797385615 0.1625391804457226 -18.518482593784718 -0.23320030518806925 0.045923149015932425 -24.120376022521203 -3.6481562774363474 -0.17958733974358973 -0.591089466089466 -0.25617922805308652 -1.0000000180025095e-35 -0.37612149924534627 -275488.95403383451 0.011116882295330534 -67771.535746193273 0.00016889358444509698 416764.25681435916
decision_type=2 2 2 2 2 2 2 2 2 2 2 2 2 2 2 2 2 2 2 2 2 2 2 2 2 2 2 2 2 2 2 2 2 2 2 2 2 2 2 2 2 2 2 2 2 2 2 2 2 2 2 2 2 2 2 2 2 2 2 2 2 2
left_child=6 2 13 4 7 9 27 10 -3 41 11 14 15 40 -4 23 -17 31 -14 20 -10 -20 35 -13 -25 26 -26 34 -27 58 -31 32 57 -16 -1 36 37 -23 -39 -40 -2 -5 -9 45 -41 46 -36 -37 -6 -28 -51 -44 53 -18 55 -55 -45 -11 59 60 -7 -60
right_child=1 8 3 5 48 29 -8 42 19 17 -12 12 18 -15 33 16 52 -19 21 -21 -22 22 -24 24 25 28 49 -29 -30 30 -32 -33 -34 -35 43 47 -38 38 39 44 -42 -43 51 56 -46 -47 -48 -49 -50 50 -52 -53 -54 54 -56 -57 -58 -59 61 -61 -62 -63
leaf_value=0.00074086556851609049 0.00083347471861483816 -0.00023788151236003378 -0.00098393153907646051 0.0031574668625310356 -0.0019208526888779495 0.00041000819700845893 0.00015159432722897283 -0.00049275563122627437 -0.00087071274566392529 0.0020646812226535203 0.0015228974522097918 -0.00032302738165428411 0.00026672846442773123 0.00011888706992398629 0.0014793706377767165 -0.002893409969372757 -0.00029451022099807379 0.001213921114951561 -0.0022270137659925258 -0.00033209770606125412 0.00084430101638357049 -0.00041479756716953026 -0.0001823992228116353 0.0032640648093578434 -0.002045038398015701 -0.0025251513239924594 0.00075708426385132695 8.0883247639640305e-06 3.0766744359008069e-05 0.00019870931997471297 0.0027069561743213828 0.00016456720029867447 -0.00073696036990563308 0.00014049657568546828 0.005478231137638262 -0.0036120247581397725 8.1468699159283935e-05 0.00061022205032798321 -0.0036104503478187723 -0.0015098093525433573 -3.4723531966084873e-06 5.2613123119966024e-05 -0.00027723887849617263 0.0017574499723767201 -0.00077962684206880396 0.001600300803382579 0.0012303992067931036 -0.00036913604693551206 6.4294515485894779e-05 0.00058196106342547286 0.0041368140518354543 0.00013206431609305794 -0.00021726360238253845 -0.0038381573460603106 -0.0005340156476738399 -0.0012964918803272238 0.00091092469390009105 0.00084946650186785121 4.4700589821312331e-05 -8.6195200583885504e-05 3.423995292214501e-05 0.00073440607201513122
leaf_weight=8379 17835 107106 1924 683 460 25473 6601 9686 24653 1275 900 6977 2424 19007 1645 601 6813 3018 1273 22865 1076 5380 5646 441 276 583 3037 1937 1048 34887 791 107253 3701 4674 311 532 2455 732 407 8966 3532 309 15313 3028 6596 7273 260 255 153071 248 348 35013 15033 412 4138 3518 10407 10489 223651 394261 81773 5318
leaf_count=8379 17835 107106 1924 683 460 25473 6601 9686 24653 1275 900 6977 2424 19007 1645 601 6813 3018 1273 22865 1076 5380 5646 441 276 583 3037 1937 1048 34887 791 107253 3701 4674 311 532 2455 732 407 8966 3532 309 15313 3028 6596 7273 260 255 153071 248 348 35013 15033 412 4138 3518 10407 10489 223651 394261 81773 5318
internal_value=-2.97562e-07 -2.59848e-05 1.41936e-05 3.38092e-07 -0.000113472 3.86825e-05 0.000934345 -0.000292567 -0.000344439 0.000254891 -0.00044338 -0.000463867 -0.000528122 0.000423848 0.000145234 -0.00032892 -0.00050348 0.000239621 -0.00077793 -0.000579303 -0.00079899 -0.000856469 -0.000800132 8.21533e-05 0.000554808 0.000339143 0.000849008 0.00109788 -0.000882845 2.91993e-06 0.000254318 0.00021566 0.000569999 0.00048904 0.00116906 -0.000937862 -0.00088579 -0.000993331 -0.0011797 -0.00126175 0.000695126 0.00219033 -7.32224e-05 0.00133766 -0.00120032 0.00174179 0.00354402 -0.00256128 5.83467e-05 0.00106887 0.00265761 7.52313e-06 -0.000455464 -0.000696098 -0.00103522 -0.00156295 0.00110172 0.000981173 -9.35891e-06 -4.13541e-05 0.000123492 6.07196e-05
internal_weight=1.42798e+06 1.38978e+06 1.23408e+06 1.19371e+06 300825 892882 38196 147294 155700 126728 87282 86382 78139 40374 8243 43473 30515 125736 34666 48594 25729 32242 30969 12958 5981 5540 3909 31595 1631 766154 35678 122718 15465 6319 29658 25323 24536 22081 16701 15969 21367 992 60012 21279 15562 7844 571 787 153531 3633 596 50326 29914 14881 8068 3930 13435 11764 730476 501507 107246 228969
internal_count=1427977 1389781 1234081 1193707 300825 892882 38196 147294 155700 126728 87282 86382 78139 40374 8243 43473 30515 125736 34666 48594 25729 32242 30969 12958 5981 5540 3909 31595 1631 766154 35678 122718 15465 6319 29658 25323 24536 22081 16701 15969 21367 992 60012 21279 15562 7844 571 787 153531 3633 596 50326 29914 14881 8068 3930 13435 11764 730476 501507 107246 228969
is_linear=0
shrinkage=0.05


Tree=15
num_leaves=63
num_cat=0
split_feature=18 19 41 0 42 0 41 42 27 42 40 36 42 41 36 0 24 0 42 42 0 0 32 31 0 35 33 32 31 43 32 42 31 0 42 40 36 41 31 33 0 32 28 41 18 0 35 33 42 36 0 27 41 31 36 42 0 42 0 41 41 31
split_gain=12.5741 6.32711 3.69986 1.87802 1.6334 3.49229 1.59078 1.40948 1.3482 1.27732 1.16062 1.09047 1.54745 1.2469 1.14499 1.07242 1.04371 1.03288 3.57966 1.7675 2.27107 1.63301 1.25809 1.27552 1.00531 0.980208 0.965643 0.902947 1.05389 0.894672 0.887476 0.875512 0.862512 0.833912 0.854075 0.823911 0.869048 0.811872 0.79626 0.784969 0.823706 0.78364 0.752709 0.718825 0.713752 0.705437 0.966302 1.19008 0.703031 0.694666 0.691385 0.679488 0.679135 0.861647 0.803918 0.671766 0.810667 0.670483 1.51728 0.660772 0.64491 0.641666
threshold=-16952.735465116275 10045.564024390247 0.0019550846720784126 -116380.0246002316 -1.0000000180025095e-35 -64881.068832620113 0.0054743241009301133 -0.024452622300950872 -2.6864741641337377 0.0034541548362587186 -28.860748634699512 0.40590606952163016 -0.13869033918382837 0.010028628983981358 0.41683535762483132 93879.007528037895 0.21825498575498561 -124086.76974368218 0.0015283857477457945 0.012996075995988638 110232.49543985535 -299275.12086816342 2.914309504567385 3.2933270315777037 -129783.35062483214 0.22361043549502038 -0.49441323345817723 -0.037294248551586535 0.92164299464127775 -2.6657509157509147 -0.09759963768115941 0.0077476835332665863 -1.1790972019108901 5603.3752362573005 -0.29425095520372641 -21.373477641912483 0.38189660522559438 -0.00093734171405841055 -1.1491632070576017 -0.049332498957029618 416764.25681435916 3.1782407407407418 -12.697708584035295 -0.0026707390820348222 -45865.034348537309 -109860.92051406122 -0.20970092149392724 0.81193428556479896 0.098090360027778448 0.88433667781493897 -49711.184665822577 -1.0364617288063049 0.0006893629848281677 -1.2403703703703701 0.23717105263157903 0.0023444947795982127 132127.33560864558 0.00012448917506685127 99874.276334403126 0.0018840355587619129 -0.00072228321932974327 0.04999999999999994
decision_type=2 2 2 2 2 2 2 2 2 2 2 2 2 2 2 2 2 2 2 2 2 2 2 2 2 2 2 2 2 2 2 2 2 2 2 2 2 2 2 2 2 2 2 2 2 2 2 2 2 2 2 2 2 2 2 2 2 2 2 2 2 2
left_child=2 4 8 7 5 11 9 26 42 15 -5 12 27 24 -13 -3 -12 18 21 37 -21 -6 23 31 52 32 -4 28 -2 -15 -17 49 -9 34 -7 -34 -37 55 -23 -22 48 -8 -1 -33 -18 46 47 -29 -41 59 51 -39 -14 -54 -55 56 -19 58 -52 -20 -35 -47
right_child=1 6 3 10 17 33 41 25 -10 -11 16 14 13 29 -16 30 44 19 22 20 39 38 -24 -25 -26 -27 -28 45 -30 -31 -32 43 35 60 -36 36 -38 50 -40 40 -42 -43 -44 -45 -46 61 -48 -49 -50 -51 57 -53 53 54 -56 -57 -58 -59 -60 -61 -62 -63
leaf_value=0.00081622886158206189 -0.00032192762908159851 -0.00039414410287845681 -0.00068571169156917506 0.0032744170307543101 0.0023690947710937917 -0.0028169685924199143 0.00057556099024761646 0.00043917053892220196 4.2469441885990326e-05 -0.00023643096783279322 0.00010737891254105799 -0.002569838937559596 -0.00037472659846179979 -0.0012803417945099723 -0.00052980138823461459 -0.0015166168558690349 0.0030806301079445188 -0.00016134700860287728 0.00016698611062101955 6.1148209159979556e-05 -0.00016344573359133497 -0.000192874371487861 -0.0011009251606074926 0.0018295077729420265 -0.00021726091201385497 0.0008248934287464441 0.0011738123887367782 -0.00089501687768777597 -0.0038562992768888561 0.0014629454975344108 -0.00069302501262490047 0.00061859193492912591 0.0040273777753186768 0.00039308940467088139 -3.7379833801417548e-05 0.0025435025276374893 0.0011864575219726449 0.00051934519730087133 0.00062834784806709953 0.00056244749594324718 0.0010314816087703003 0.0032082367685814656 0.00027473275576556322 -0.00043253009488169997 0.00089048181684904927 0.0003893022544526244 0.0010385822438611786 0.0018514655242240106 -1.6473502769666899e-05 -0.00050622379457982466 -5.3864374364884488e-05 8.0205977419911347e-05 0.00010736480208230578 -0.0012773954513244663 -0.00010151372016730086 -2.9609275366425517e-05 -0.00066944538691203958 3.9809545863556004e-06 -0.00077466602869257579 0.0011194138285355252 6.3177218634895258e-05 -0.0006513934307924333
leaf_weight=15846 2542 35366 868 423 1270 277 1208 657 18636 56192 5729 705 14421 368 28203 3909 393 88547 16565 222723 4400 3311 2856 916 46025 1695 3568 1595 230 1545 20039 1816 651 22764 119607 4072 1661 9675 27201 22488 6989 369 10786 15588 6961 3727 5572 524 6839 3393 33237 98391 1843 8215 1766 120235 8614 227177 9356 2046 42410 2458
leaf_count=15846 2542 35366 868 423 1270 277 1208 657 18636 56192 5729 705 14421 368 28203 3909 393 88547 16565 222723 4400 3311 2856 916 46025 1695 3568 1595 230 1545 20039 1816 651 22764 119607 4072 1661 9675 27201 22488 6989 369 10786 15588 6961 3727 5572 524 6839 3393 33237 98391 1843 8215 1766 120235 8614 227177 9356 2046 42410 2458
internal_value=-2.09943e-07 -3.43983e-05 0.000643922 0.00111099 -1.18346e-06 -0.000101683 -0.000385724 0.00153579 0.000368664 -0.000407259 0.000696697 -0.000312088 -0.000226964 -0.000324731 -0.000579553 -0.000569095 0.000613354 3.16259e-05 0.000209617 1.60873e-05 0.000123917 0.000612354 -8.6811e-05 -1.49851e-05 -0.000358082 0.00190435 0.000809956 0.00020868 -0.000615184 0.000935225 -0.000827459 -5.78585e-05 0.00216421 3.44565e-05 -4.38023e-05 0.00234174 0.00215033 -3.16363e-05 0.000539233 0.000467274 0.000543691 0.00119158 0.000596922 -0.000322852 0.00100752 0.000373263 0.000692965 -0.000215849 0.000427444 0.000151737 1.26577e-05 0.000119522 -0.000605035 -0.000885927 -0.00106934 -0.00010862 -0.000206393 -3.01504e-05 -0.000212196 0.000271691 0.000178409 -2.42838e-05
internal_weight=1.42746e+06 1.35551e+06 71946 26678 1.23843e+06 304797 117083 13172 45268 115506 13506 119739 90831 74183 28908 59314 13083 933633 74962 858671 263439 31782 43180 40324 72270 8736 4436 16648 2772 1913 23948 39408 7041 185058 119884 6384 5733 595232 30512 40716 36316 1577 26632 17404 7354 13876 7691 2119 29327 22004 377836 108066 26245 11824 9981 217396 97161 269770 42593 18611 65174 6185
internal_count=1427459 1355513 71946 26678 1238430 304797 117083 13172 45268 115506 13506 119739 90831 74183 28908 59314 13083 933633 74962 858671 263439 31782 43180 40324 72270 8736 4436 16648 2772 1913 23948 39408 7041 185058 119884 6384 5733 595232 30512 40716 36316 1577 26632 17404 7354 13876 7691 2119 29327 22004 377836 108066 26245 11824 9981 217396 97161 269770 42593 18611 65174 6185
is_linear=0
shrinkage=0.05


Tree=16
num_leaves=63
num_cat=0
split_feature=19 19 39 41 35 39 44 33 0 35 35 35 29 0 39 37 0 39 31 41 33 31 32 32 31 35 32 33 39 32 41 32 39 31 43 39 39 35 35 35 41 35 39 31 32 23 41 0 41 33 41 31 31 31 39 38 40 39 33 37 35 37
split_gain=7.98596 5.02339 4.68743 3.53648 1.78752 1.65125 1.46247 1.24722 1.17366 1.36892 1.24447 1.16229 1.10062 1.07682 1.34963 1.12644 1.08541 1.02907 1.15517 2.27812 2.0453 1.70235 1.2542 1.20254 0.957407 1.11396 0.919629 0.893888 0.866674 0.825647 0.819527 1.21833 0.808687 0.866789 0.700105 0.668686 0.649238 1.3034 0.960435 0.830261 0.72087 0.690213 1.22211 0.649155 0.965555 0.642861 0.639624 0.625828 0.86298 0.61199 0.604296 0.602174 1.16505 0.711837 0.619168 0.606361 0.964059 0.600138 0.593535 0.606379 0.589302 0.58091
threshold=-62000.985683760671 13600.565340909119 -3.5618814749891725 0.00047315302816210164 -1.0000000180025095e-35 -28.683229747285065 42.938624338624344 -0.46533507019829207 -114065.19957290936 0.22361043549502038 -0.20874512612397542 0.17922473867595826 -13.64707105781717 31283.572391777434 -10.759733854890639 0.68973725046684742 -342439.6444895934 5.4804868644755524 0.43871509367267608 0.0023564289065532498 -0.064503205128205093 2.5026315789473688 -0.037626604525216746 4.5176691729323322 3.0944373673036099 0.48666666666666686 -0.10800691244239631 0.22265932336742725 -19.535106810286738 -1.0000000180025095e-35 0.0039278005362136303 3.1782407407407418 -26.273040309839317 -1.6142960812772131 -3.5776681286549703 -11.3453266074767 -28.683229747285065 0.27604524431011607 0.27788923555828454 0.23568147146522425 -0.00033867625682099236 -0.21178642274630813 -22.429328358594823 -0.76019169329073477 -1.0000000180025095e-35 -0.3041544434857632 -0.00084992018450553519 -154451.40993294315 0.0034562524602144095 0.81193428556479896 0.0015163534480606945 1.0969899665551845 1.4631957951282761 0.82154231119199284 -26.273040309839317 8.2768990730436673 -2.8892767233478831 13.430126128744325 -0.1481562774363476 -0.13275454678396328 0.24073863636363649 -0.13615933683352524
decision_type=2 2 2 2 2 2 2 2 2 2 2 2 2 2 2 2 2 2 2 2 2 2 2 2 2 2 2 2 2 2 2 2 2 2 2 2 2 2 2 2 2 2 2 2 2 2 2 2 2 2 2 2 2 2 2 2 2 2 2 2 2 2
left_child=2 6 3 58 5 29 12 -5 9 10 -9 46 35 16 15 -15 -14 18 36 -20 -21 22 -22 28 34 -26 -6 51 -23 -3 57 -32 33 61 -19 -2 37 39 40 -18 -39 42 43 -38 -45 -36 -4 48 -12 -44 -51 53 -53 54 55 56 -24 -28 -1 -60 -33 -8
right_child=1 4 11 7 26 -7 32 8 -10 -11 47 -13 13 14 -16 -17 17 24 19 20 21 23 27 -25 25 -27 30 -29 -30 -31 31 60 -34 -35 45 -37 41 38 -40 -41 -42 -43 49 44 -46 -47 -48 -49 -50 50 -52 52 -54 -55 -56 -57 -58 -59 59 -61 -62 -63
leaf_value=-0.00023798613235548121 0.00052501115979050486 0.0017742932377755396 -0.00025758097609366817 -4.0740188358899576e-05 -0.00089525244933914806 -0.00013342645573881723 0.0047051228642714087 0.00081677404164814797 0.00085195507197554558 0.00076986474604646624 0.0020132455828956704 -0.00042432668510302638 0.0013251032881527731 0.00023867538612809639 9.6000343973444863e-06 0.0015457151152703415 7.1986760943249057e-05 -0.00012714903108296616 -0.00013211080946877709 0.0013109439118704207 0.00073080794837280985 -0.0032952015298578171 -0.001459765786282983 0.00052171097535740952 0.00030419574360198028 0.0019029016688513853 -0.00033665678819895045 0.00054758013567862088 -0.0012777814984521452 2.9966167741029973e-05 -0.00027241754018382514 0.0037888366002752105 0.00014412049136312743 0.00056261382228923269 -0.00016815321510614599 -0.00010910394704888437 0.00018294470247562508 0.00055967346209752204 0.00027405217693122016 -0.00088379698049077826 0.0023298741407859541 -4.3732943397058817e-05 -0.00017909374580957169 -0.00017831538333172586 -0.0016757043068942737 7.15823867408139e-05 0.00032794179369631814 0.0018391962753780443 0.0038393770424967315 0.00038473356888828935 0.0035709896881033856 -0.0021559668489547009 -0.00056377622572848418 4.0410761828316029e-05 -0.00061737054074104927 0.00027480289814430685 -0.0044872844718119543 -0.00065389557185670157 -0.00025627067884431714 0.00056789908415316108 0.00084715439098115774 0.0010843262394575567
leaf_weight=3942 15093 1813 5808 1934 10625 27498 212 2294 9755 4018 1577 9459 1448 61278 207762 1694 51981 76341 115714 1162 1480 1327 1116 391 8401 1252 52964 1129 889 1084 1368 340 23889 11748 31597 5738 1086 983 3279 2376 1386 290170 42542 1625 3190 243173 23684 5855 1097 536 206 2350 2248 2500 3832 306 344 20748 2634 14615 341 232
leaf_count=3942 15093 1813 5808 1934 10625 27498 212 2294 9755 4018 1577 9459 1448 61278 207762 1694 51981 76341 115714 1162 1480 1327 1116 391 8401 1252 52964 1129 889 1084 1368 340 23889 11748 31597 5738 1086 983 3279 2376 1386 290170 42542 1625 3190 243173 23684 5855 1097 536 206 2350 2248 2500 3832 306 344 20748 2634 14615 341 232
internal_value=-1.99446e-07 -3.02679e-05 0.00046495 0.000797152 -0.000343592 -1.38077e-05 -3.7401e-07 0.00118184 0.00127797 0.00155799 0.00185058 5.79507e-05 -9.89904e-06 -1.63288e-05 7.10606e-05 0.000273836 -4.27237e-05 -4.49369e-05 -8.90008e-05 -0.000215567 -0.000721863 -0.000853737 -0.000652561 -0.00203479 2.03043e-05 0.000511549 -0.000459627 -0.000800654 -0.00248587 0.0011216 -0.000398534 0.000587807 0.000313227 0.000644573 6.79865e-06 0.000350341 -4.62833e-05 0.000105325 0.000828255 3.02085e-05 0.00159534 -7.30908e-05 -0.000246289 -0.000921298 -0.00117035 4.40141e-05 0.000212632 0.00212864 0.00276241 -0.000154264 0.00126933 -0.000920547 -0.00137753 -0.000661073 -0.000974348 -0.00174894 -0.0021731 -0.000425951 0.000315544 0.000442045 0.00231584 0.00281318
internal_weight=1.42746e+06 1.34079e+06 86672 47721 116781 30395 1.22401e+06 26530 24596 14841 10823 38951 1.18792e+06 1.16709e+06 270734 62972 896360 894912 534148 134788 19074 17912 15305 2607 360764 9653 86386 13825 2216 2897 75761 2049 36081 12192 351111 20831 399360 60005 5648 54357 2369 339355 49185 5901 4815 274770 29492 8529 2674 43284 742 12696 4598 8098 5598 1766 1460 73712 21191 17249 681 444
internal_count=1427459 1340787 86672 47721 116781 30395 1224006 26530 24596 14841 10823 38951 1187925 1167094 270734 62972 896360 894912 534148 134788 19074 17912 15305 2607 360764 9653 86386 13825 2216 2897 75761 2049 36081 12192 351111 20831 399360 60005 5648 54357 2369 339355 49185 5901 4815 274770 29492 8529 2674 43284 742 12696 4598 8098 5598 1766 1460 73712 21191 17249 681 444
is_linear=0
shrinkage=0.05


Tree=17
num_leaves=63
num_cat=0
split_feature=18 18 41 18 42 42 0 0 19 37 36 42 0 0 42 0 39 39 36 42 43 31 37 27 42 0 41 31 31 0 37 42 43 39 18 38 37 41 41 41 36 36 43 39 27 37 37 39 0 41 0 39 41 0 39 42 39 41 32 42 0 0
split_gain=10.3949 5.52227 1.80433 1.78079 1.56949 1.46203 1.45645 1.12726 1.00407 0.993635 0.991256 0.941857 3.17582 1.61199 2.51677 1.50374 1.45649 1.22831 1.11995 0.991765 0.976398 0.943835 0.935984 0.90899 0.823842 0.819411 0.776152 0.743991 1.97796 0.860226 0.731948 0.823569 0.797426 0.731652 0.72669 0.724621 0.814212 0.723916 0.704415 0.716137 0.773912 0.759338 0.790083 0.702815 0.686846 0.685585 0.683864 0.651657 0.649665 0.789419 0.641221 1.03063 0.891705 0.616587 0.855372 0.948374 0.611694 0.642283 0.602019 0.601411 1.63974 0.845033
threshold=-25384.657500589004 12471.076529712574 0.001818783904657269 -14486.599371250775 0.03026229742851479 -0.0022271794571581027 416764.25681435916 -76186.506675535376 -13788.504304160682 0.86306774842243961 2.5026315789473688 -1.0000000180025095e-35 -56505.525351796692 -124086.76974368218 0.0015283857477457945 -299275.12086816342 -29.702221684727864 -3.8048639875127637 0.40142180094786734 -0.093294582889711472 -4.7620218138835151 -0.27137596794281693 0.2989988448209473 -0.23157765500306834 0.0079938725089694299 -97219.010726573935 0.010028628983981358 0.04999999999999994 -0.043244506778868701 -178826.70814323533 -0.11849272004125662 -0.13869033918382837 -4.6908140403286032 -27.686733009275141 37174.554728651245 7.353395725505842 -0.10437256306198774 0.010028628983981358 0.014140990412619495 0.0051914627991924067 0.041505376344086027 -0.75694980694980685 2.5125078173858673 -23.313695863222655 -2.6864741641337377 -0.37222222222222218 -0.071563342318059289 -21.989063059072947 -126861.82448826717 0.0012030962396900643 18941.577295610437 -8.9835858325471882 0.010028628983981358 56099.037579599542 -15.000545478737676 0.12218951761258998 -14.698192681645358 0.011505955169690199 0.25705074292122237 0.0014183345170927385 17002.89890463281 54308.572053574775
decision_type=2 2 2 2 2 2 2 2 2 2 2 2 2 2 2 2 2 2 2 2 2 2 2 2 2 2 2 2 2 2 2 2 2 2 2 2 2 2 2 2 2 2 2 2 2 2 2 2 2 2 2 2 2 2 2 2 2 2 2 2 2 2
left_child=2 3 47 7 8 -4 10 44 11 -8 22 12 17 14 15 -13 -17 18 19 20 -5 -20 45 -7 43 -23 48 28 38 -30 -19 -32 -33 -9 -3 36 -29 -31 39 40 -22 -41 -43 -16 -2 -6 -18 -1 49 -21 51 52 -14 58 -55 -56 57 -15 -47 60 -58 -61
right_child=1 34 5 4 6 23 9 33 -10 -11 -12 13 50 56 24 16 46 30 21 26 27 25 -24 -25 -26 -27 -28 35 29 37 31 32 -34 -35 -36 -37 -38 -39 -40 41 -42 42 -44 -45 -46 53 -48 -49 -50 -51 -52 -53 -54 54 55 -57 59 -59 -60 61 -62 -63
leaf_value=0.00075349736820186581 0.00078503272953866967 -0.00032922338341246163 0.00064996147044283574 0.00064468428823452335 0.00092960899676101006 0.0017719667528329779 0.00071353527172223396 0.00050181833844791435 -0.00021513635317169829 0.0036836887494388487 0.00084838974879685759 0.0022750092662754701 -0.00021902335582915495 9.4846942193261066e-05 0.0006720705656915976 0.0014626733800965526 -0.0010517746806256365 -0.00054897163839543188 -0.0026499694843555308 -0.00046377437065457639 0.00018095471705819371 -0.00026851428584371949 0.00069941495194040994 0.00046274047451294359 -0.0004194313749935133 -0.00096607161149050264 0.0011272291598840218 -0.0029170237176003866 -0.00071437985743184223 0.0018937180705981924 0.00065955048390233981 -0.00049028543970731236 3.8419826042028493e-05 -0.0001583312979800619 -0.0006648741780591129 0.00034462449306733932 -0.00072532863151237084 -0.00080058847129502913 0.0017965349481450365 -0.0023677657810073889 -0.0013406738555746488 -0.00090560914601961755 0.0021519575970618643 -2.5968209287907577e-05 0.00028333265340711299 1.6059224659111091e-05 0.00042242059928987582 0.00018303803619913045 -0.00034514115653525956 -0.0013053132427481558 0.00019784071994531638 7.8449132284477135e-05 -0.0019360155943404511 0.00053469279825471626 0.00016217760861811514 -0.00064182238056349089 -7.4008224997070833e-07 -0.0015055657157992959 -0.00040330156009587371 -3.4584531888769105e-05 -0.0003415538544904713 0.00016493146190244749
leaf_weight=11034 12457 61235 7381 4304 2224 8704 6668 5798 69440 294 4321 1251 29605 127664 4562 3501 812 7411 629 7154 4623 7165 5900 1564 10470 10208 765 472 497 2094 4137 9208 31631 15202 21890 1413 4146 283 373 803 1020 1882 238 17207 15081 98761 25232 9164 26748 4565 52223 81289 776 13383 29480 4189 103761 630 9370 305452 53484 64231
leaf_count=11034 12457 61235 7381 4304 2224 8704 6668 5798 69440 294 4321 1251 29605 127664 4562 3501 812 7411 629 7154 4623 7165 5900 1564 10470 10208 765 472 497 2094 4137 9208 31631 15202 21890 1413 4146 283 373 803 1020 1882 238 17207 15081 98761 25232 9164 26748 4565 52223 81289 776 13383 29480 4189 103761 630 9370 305452 53484 64231
internal_value=-1.89474e-07 -2.24568e-05 0.00081739 2.68497e-06 -8.7816e-06 0.00118671 0.00013034 0.000299862 -3.12019e-05 0.000838963 0.000100909 -1.86048e-05 -9.37157e-05 1.23137e-05 0.000253812 0.000577066 0.000505172 -0.000276473 -0.000400486 -0.000298778 -3.12837e-05 -0.000747272 8.11311e-05 0.00157255 -5.49737e-05 -0.000678384 -0.000449788 -0.000194328 3.63582e-05 0.00117739 -8.85555e-05 -1.26897e-05 -8.07877e-05 2.39329e-05 -0.000417613 -0.000646177 -0.000949339 0.00157294 -0.000330499 -0.000423119 -9.40871e-05 -0.00105833 -0.000562354 0.000120316 0.00051028 5.79564e-05 0.000376458 0.000494675 -0.000481151 -0.000791586 5.32198e-05 -1.44129e-05 -0.000262879 4.54643e-05 0.000196553 6.21462e-05 -1.09194e-05 8.6988e-05 -2.02801e-05 -3.47574e-05 -0.000116662 8.0605e-08
internal_weight=1.42746e+06 1.38961e+06 37847 1.30649e+06 1.25795e+06 17649 174590 48538 1.08336e+06 6962 167628 1.01392e+06 295662 718257 63035 30796 29545 131769 79382 61380 22148 18002 163307 10268 32239 17373 39232 17844 11813 2874 52387 44976 40839 21000 83125 6031 4618 2377 8939 8566 5643 2923 2120 21769 27538 157407 26044 20198 38467 11719 163893 111670 30381 155183 47052 33669 655222 128294 108131 526928 157245 369683
internal_count=1427459 1389612 37847 1306487 1257949 17649 174590 48538 1083359 6962 167628 1013919 295662 718257 63035 30796 29545 131769 79382 61380 22148 18002 163307 10268 32239 17373 39232 17844 11813 2874 52387 44976 40839 21000 83125 6031 4618 2377 8939 8566 5643 2923 2120 21769 27538 157407 26044 20198 38467 11719 163893 111670 30381 155183 47052 33669 655222 128294 108131 526928 157245 369683
is_linear=0
shrinkage=0.05


Tree=18
num_leaves=63
num_cat=0
split_feature=19 19 41 39 42 29 42 42 37 0 35 0 32 32 0 32 29 35 37 36 0 32 42 41 45 41 35 32 41 39 28 42 39 36 37 0 39 0 41 36 41 44 41 36 35 41 40 41 0 35 0 32 32 35 35 41 42 27 34 36 35 41
split_gain=6.56801 4.14968 3.97315 2.95596 1.58655 1.95474 1.51993 1.40648 1.36219 1.18978 1.16314 1.30774 1.23547 1.0601 1.05619 1.0131 0.9793 0.942894 0.932949 0.931182 0.921111 0.91286 1.16921 0.887378 0.876159 1.06848 0.759293 0.701167 0.798953 0.673279 0.66174 0.65621 2.36322 1.75412 1.27983 1.16622 1.02031 1.52935 0.985335 0.934108 0.909187 0.887005 0.816016 0.702394 1.00717 0.638189 0.621866 0.956292 0.620828 0.614363 0.794367 0.737593 0.833643 0.824362 0.879476 0.630555 0.667262 0.59908 0.595566 0.622118 0.589789 0.58167
threshold=-62000.985683760671 13600.565340909119 0.00028640777333777497 -3.5618814749891725 0.0047970043964271685 -27.62125503632037 -1.0000000180025095e-35 0.027460240057376881 0.2989988448209473 -342439.6444895934 0.24320507572656572 -244866.19623285937 0.96345304156965395 1.0000000180025095e-35 562883.84482468746 -0.10800691244239631 -13.64707105781717 -0.28639781271360215 -0.13275454678396328 2.3592238703925896 307610.11997375771 0.13218390804597704 0.087596604497938921 0.0027278739656023034 -5.5768535262206136 0.0057981831980080034 0.05064102564102569 3.1782407407407418 0.0049272612208305037 -41.573091182367328 -6.1138181818181812 -0.027645393215303859 -3.8048639875127637 0.40142180094786734 0.2989988448209473 -92575.553169328865 -29.702221684727864 -135973.8030564916 0.007563379381705441 2.7267942583732063 0.0089980093848680796 42.938624338624344 0.0051914627991924067 0.15880619012527628 0.11715686274509808 0.0070027130057888562 7.2746917795086903 0.001818783904657269 -63950.867286822409 -0.77418194431953946 -129783.35062483214 -0.075419656429283596 -0.076652673209553365 -0.20970092149392724 -0.19592381907462461 0.0054743241009301133 -0.1536752715434094 -4.9695360195360143 -0.23088075389633908 0.41683535762483132 -0.34430979978925175 0.007563379381705441
decision_type=2 2 2 2 2 2 2 2 2 2 2 2 2 2 2 2 2 2 2 2 2 2 2 2 2 2 2 2 2 2 2 2 2 2 2 2 2 2 2 2 2 2 2 2 2 2 2 2 2 2 2 2 2 2 2 2 2 2 2 2 2 2
left_child=2 7 18 6 15 17 -4 9 10 -2 13 -12 19 14 -9 -3 -11 -6 -1 29 -10 22 -15 -8 25 -25 -5 -17 -29 -13 57 32 33 41 39 -34 37 43 -37 58 -39 49 -41 44 -33 -45 47 -36 -49 -18 51 52 61 60 -55 -56 -57 -20 -35 -60 -53 -51
right_child=1 4 3 26 5 -7 23 8 20 16 11 12 -14 21 -16 27 31 -19 30 -21 -22 -23 -24 24 -26 -27 -28 28 -30 -31 -32 36 35 34 46 38 -38 40 -40 42 -42 -43 -44 45 -46 -47 -48 48 -50 50 -52 53 -54 54 55 56 -58 -59 59 -61 -62 -63
leaf_value=-0.00051017951708603581 0.001436484448535745 -0.00099752526691094753 0.00058030950680415549 0.00038635609316954047 0.0020478795045456781 -0.00019129914988393729 0.0010647469728622923 7.3008078933310642e-05 0.00069994632191260986 0.00031465177265561586 -0.0034402871302917867 0.0015599172806071415 0.0015112172005816401 -0.00079074524281035465 0.0012213266945715028 -0.00043099467298374629 0.0011645294212891256 0.00040572526378694412 0.00063179196691343824 0.0018461865100194638 0.0034148453456913351 -0.00023650893286954143 -0.0047705341808415621 0.0021283363497906884 0.0014870963063046113 0.0052907287351175161 -0.0004796668353041503 -6.6203044125646689e-05 0.002386002167668762 0.00021608852615514538 -0.00027554149841638409 -2.4800000766633369e-05 -0.0002804174848353067 0.00068659718141835825 -0.0013897863533165443 0.00012629003616382536 -2.9744354154781407e-05 0.00012760495088405194 0.00087869224578005628 -0.0010924692247878535 -0.0015411703542969667 0.00074666188544504674 -0.0040098982852874747 0.0012252392721065295 0.0020365522142426731 0.0033426743966192421 0.00026810648300699052 -0.0026236509183442478 -0.0058827695724952313 -0.00064466805654115559 -0.00013119350387793532 -0.00054855903071225729 -0.0017417498373434688 0.0029785772954159708 -6.744319048207213e-05 -0.00012724881047948398 -0.0025287653469604266 0.00011841617004181025 -0.0018652331127676951 -0.00050090956282803256 -0.0024276208983465782 0.0021575849656236979
leaf_weight=6125 1395 8119 10419 15317 1347 47209 10965 125082 6201 20833 223 965 2326 713 2035 55955 785 2490 8094 959 329 16554 249 1160 5193 347 3032 1202 459 27312 6945 2456 17157 988 1011 49256 811235 52868 4773 775 829 2457 347 2087 781 429 267 376 239 1092 40294 967 2349 218 7384 581 576 19075 887 14408 735 223
leaf_count=6125 1395 8119 10419 15317 1347 47209 10965 125082 6201 20833 223 965 2326 713 2035 55955 785 2490 8094 959 329 16554 249 1160 5193 347 3032 1202 459 27312 6945 2456 17157 988 1011 49256 811235 52868 4773 775 829 2457 347 2087 781 429 267 376 239 1092 40294 967 2349 218 7384 581 576 19075 887 14408 735 223
internal_value=-1.8e-07 -2.74487e-05 0.000421658 0.000736802 -0.000312225 -0.000103089 0.00105927 -2.78568e-07 0.000127577 -2.2747e-05 0.000101328 0.000375194 0.000402152 4.11425e-05 9.13914e-05 -0.000474627 -2.47049e-05 0.000982213 5.80041e-05 0.000313915 0.000836731 -0.000323523 -0.00182086 0.00134176 0.00179511 0.00285651 0.000243254 -0.000400943 0.000611438 0.000261949 0.000160019 -3.16441e-05 -0.000128925 -0.000320989 -0.000733613 7.87152e-05 -1.5092e-05 0.00018485 0.000192758 -0.000599328 0.000101842 -0.000182892 -0.00199474 0.000959625 0.000472548 0.00158628 -0.00196829 -0.00233552 -0.0038902 -0.000224264 -0.000244298 -0.000566948 -0.00117746 -0.000353114 -0.000157458 -0.000237502 -0.00132282 0.000271358 -0.000503176 -0.000580031 -0.00136002 -0.000169457
internal_weight=1.42746e+06 1.34079e+06 86672 46433 116781 51046 28084 1.22401e+06 182948 1.04106e+06 176418 31785 31562 144633 127117 65735 1.03966e+06 3837 40239 29236 6530 17516 962 17665 6700 1507 18349 57616 1661 28277 34114 1.01883e+06 148145 76959 19298 71186 870685 59450 54029 17405 53697 57661 1122 5753 3237 2516 1893 1626 615 55204 54419 14125 3664 10461 8759 8541 1157 27169 16283 15295 1702 1315
internal_count=1427459 1340787 86672 46433 116781 51046 28084 1224006 182948 1041058 176418 31785 31562 144633 127117 65735 1039663 3837 40239 29236 6530 17516 962 17665 6700 1507 18349 57616 1661 28277 34114 1018830 148145 76959 19298 71186 870685 59450 54029 17405 53697 57661 1122 5753 3237 2516 1893 1626 615 55204 54419 14125 3664 10461 8759 8541 1157 27169 16283 15295 1702 1315
is_linear=0
shrinkage=0.05


Tree=19
num_leaves=63
num_cat=0
split_feature=18 18 27 41 42 0 39 42 41 18 40 42 35 36 23 0 41 33 39 41 42 0 0 42 0 39 39 33 33 36 36 0 42 36 32 36 36 32 39 31 35 36 41 31 31 0 41 39 32 42 0 36 35 35 40 41 31 39 35 37 27 0
split_gain=8.61039 4.66252 2.12624 1.54404 1.37102 1.79095 1.71876 1.25255 1.20765 1.18215 1.15239 0.904155 0.883108 1.04133 0.882973 0.837156 1.02898 0.735274 0.730916 0.703208 0.692154 2.67895 2.6775 1.54137 1.42132 1.31589 1.21818 1.2022 1.43268 1.57872 1.2356 1.49677 1.33879 1.32376 2.30352 1.15924 1.00662 0.998804 0.861347 0.85206 1.09191 0.777405 0.763339 0.745158 0.710797 0.690957 0.795042 0.679563 0.649061 0.68643 0.641953 0.863599 1.24301 0.720309 0.681238 0.632663 0.627468 0.626019 0.620757 0.616532 0.595238 0.594725
threshold=-25384.657500589004 -1338.6057416267938 -2.6864741641337377 0.0026309238278190952 0.015868103693929717 57759.200764924848 -15.000545478737676 -0.023001751624640517 0.00026296525916901919 37174.554728651245 -21.373477641912483 0.103967852421812 0.5953742203742205 2.5026315789473688 -0.35682216440101916 -109860.92051406122 -0.0020033187577194991 0.11876551568494699 -11.623073023684139 0.0028410754481323214 -1.0000000180025095e-35 -49711.184665822577 -111996.49402430088 0.0015283857477457945 -299275.12086816342 -3.8048639875127637 -29.702221684727864 -0.048781648581762795 0.11876551568494699 0.060535588442565187 -0.13727621946800037 -244866.19623285937 -0.093294582889711472 -0.1308581504702194 0.081939799331103694 -0.80079365079365061 -0.80981717011128751 1.0000000180025095e-35 -26.153709676686706 0.04999999999999994 -0.6363553113553112 0.065918322365313711 0.0010200360496132035 0.045923149015932425 2.5026315789473688 -91115.333998073664 0.007563379381705441 -23.7351735858166 0.96345304156965395 -0.043884675027970728 -77313.368026557684 -0.591089466089466 -1.0000000180025095e-35 0.12096774193548394 -13.376576840745981 0.0033185317301130213 -0.67521929824561411 -5.7362437011681768 -1.0000000180025095e-35 -0.10466781901698115 -2.4886425339366514 20784.843260487065
decision_type=2 2 2 2 2 2 2 2 2 2 2 2 2 2 2 2 2 2 2 2 2 2 2 2 2 2 2 2 2 2 2 2 2 2 2 2 2 2 2 2 2 2 2 2 2 2 2 2 2 2 2 2 2 2 2 2 2 2 2 2 2 2
left_child=3 2 8 18 20 12 19 -5 -2 58 14 -8 15 -14 -9 16 -6 60 -1 -7 21 25 23 24 -22 27 -26 35 29 30 37 -32 33 34 -33 -4 -30 50 -37 40 -35 -31 -39 -42 59 -27 -47 -45 49 -43 51 54 -53 -54 -29 -25 -18 -10 -3 -38 -12 -60
right_child=1 9 4 7 5 6 11 10 57 -11 17 -13 13 -15 -16 -17 56 -19 -20 -21 22 -23 -24 55 26 45 -28 28 36 41 31 32 -34 39 -36 38 44 42 -40 -41 43 48 -44 47 -46 46 -48 -49 -50 -51 -52 52 53 -55 -56 -57 -58 -59 61 -61 -62 -63
leaf_value=0.00066286377836195407 0.00012338802936279444 -4.6183746920612181e-05 -0.00088091938060751564 0.00054023611823793272 0.00049725219242251174 0.00062887026929238517 0.00025903411066799034 0.0059480780948304368 0.00083827930805327694 -0.00061387407234628243 0.0013214908661975931 -0.00032362564971638206 0.00029501203096376404 0.002016818908162972 0.0023414410324576105 2.500291681652707e-05 8.7082534745279081e-05 0.0020171294374782835 3.2159585838814134e-05 0.0017692884222381714 0.0021782314078392889 5.6096294933130706e-05 -3.3707515263821784e-05 -2.5080139131886253e-05 0.0012500451310824652 -0.00022688911813384993 0.00035103315316562244 0.00069850132345974469 0.0016707719478692357 -0.001962175981488365 -0.0017941194686269665 0.00037996130911201241 -0.00019332904034418516 -0.0021395966013333365 0.0073261471760924903 0.0015273010837153209 0.0019068290692472055 -0.00061151925570283058 0.00018909020115976481 -0.00056987726583144994 0.00078325509783928784 -0.00097204109391401056 -0.0030234916482816871 0.00079364900311738754 -0.0014536620596051493 3.9898925989818586e-05 0.0010441067055271004 0.0042594950006831474 0.00045822389736317455 -0.00046155756672372868 -5.6288504753297143e-05 -0.0020917733190787889 0.00024965002877038914 -0.0014349810239366384 -0.00057169527361402336 0.00084103300197618303 -0.00079369859531518193 0.0002644690329467704 -0.00016259596944423298 2.2835855071048578e-05 0.00017860746272500372 -0.00040326353841009472
leaf_weight=17395 27847 37984 1849 5225 2703 18712 38949 211 13030 21890 3795 8031 11607 950 867 148002 2636 2484 6242 1457 1245 152013 571447 28641 4285 30707 31235 1269 1014 1320 1136 296 13937 281 200 1642 468 609 4492 1417 3030 16571 711 251 764 26401 2130 324 1121 10928 5877 2196 1476 1113 6277 2276 8682 7483 51410 6021 1628 51269
leaf_count=17395 27847 37984 1849 5225 2703 18712 38949 211 13030 21890 3795 8031 11607 950 867 148002 2636 2484 6242 1457 1245 152013 571447 28641 4285 30707 31235 1269 1014 1320 1136 296 13937 281 200 1642 468 609 4492 1417 3030 16571 711 251 764 26401 2130 324 1121 10928 5877 2196 1476 1113 6277 2276 8682 7483 51410 6021 1628 51269
internal_value=-1.71e-07 -2.0437e-05 1.28978e-05 0.000743928 -4.33871e-07 0.000105733 0.000325178 0.00115582 0.000337837 -0.000272071 0.0015138 0.000159431 2.13277e-05 0.000425275 0.00304738 -9.97875e-06 -0.000379236 0.00130471 0.000496309 0.000711254 -2.78239e-05 -9.0776e-05 1.51249e-06 0.000298879 0.00051769 -0.000243878 0.000459487 -0.000368108 -0.000427479 -0.000500658 -0.00029674 -2.92759e-05 7.23081e-05 0.000710726 0.00318084 0.00021651 0.000195168 -0.000582612 0.000547314 0.000479691 0.000862408 -0.000775818 -0.0019107 0.00109641 -1.11274e-05 -6.22871e-05 0.000114869 0.00274658 -0.000721102 -0.000769177 -0.000486332 -0.000691292 -0.00121676 -0.000474566 -0.000358088 3.868e-05 -0.000588562 0.000628957 -0.000218879 0.000158713 0.000978394 -0.000282765
internal_weight=1.42746e+06 1.38961e+06 1.22706e+06 37847 1.1787e+06 241729 67149 14210 48360 162553 8985 46980 174580 12557 1078 162023 14021 7907 23637 20169 936970 297841 639129 67682 36765 145828 35520 86590 78607 70340 40400 20872 19736 5799 496 7983 8267 19528 6134 5303 3886 29940 1320 3605 7253 59238 28531 575 28620 27499 18208 12331 4785 2589 7546 30917 11318 20513 140663 6489 5423 102679
internal_count=1427459 1389612 1227059 37847 1178699 241729 67149 14210 48360 162553 8985 46980 174580 12557 1078 162023 14021 7907 23637 20169 936970 297841 639129 67682 36765 145828 35520 86590 78607 70340 40400 20872 19736 5799 496 7983 8267 19528 6134 5303 3886 29940 1320 3605 7253 59238 28531 575 28620 27499 18208 12331 4785 2589 7546 30917 11318 20513 140663 6489 5423 102679
is_linear=0
shrinkage=0.05


Tree=20
num_leaves=63
num_cat=0
split_feature=18 19 27 41 42 41 19 31 37 40 41 36 33 31 31 42 44 41 42 42 38 31 42 30 27 18 36 36 36 42 31 41 37 31 31 42 31 31 36 31 31 37 37 37 31 36 31 41 37 42 33 31 36 41 33 31 36 36 31 42 31 36
split_gain=7.93039 4.2022 1.90169 1.49175 1.31052 1.10997 1.10596 1.04152 1.18275 1.03633 1.0091 0.946587 0.944493 0.908303 0.855645 0.842247 0.821249 1.72667 1.04408 0.778493 0.877583 0.741648 0.739676 0.648866 0.599671 0.580682 0.577004 0.556481 1.68407 0.895178 1.00644 0.875582 0.699193 0.639028 0.842295 1.45076 0.662209 0.588974 0.615403 0.565843 0.872173 0.699815 0.563846 0.716549 0.560665 0.537835 1.58394 0.528902 0.521485 0.516389 0.506243 0.875606 0.504082 0.573915 0.501386 0.497379 0.58765 0.962678 3.32086 0.505677 0.495012 0.484707
threshold=-25976.805860805856 -9343.348065033204 -5.349470899470897 0.0026309238278190952 -1.0000000180025095e-35 0.0036014044047809309 83370.342789598129 0.73395061728395083 0.2989988448209473 -11.576003794012998 0.0082279949997923676 1.2212326607818413 0.11876551568494699 1.0969899665551845 5.1536516853932595 0.0014741774476805343 0.24500000000000013 0.0026309238278190952 0.087596604497938921 -0.049157018671638554 19.152622357988836 3.4509090909090907 -0.00039358959308782594 -0.003708283290689176 -2.4613888888888869 -14348.87096774193 -2.5936507936507929 0.060535588442565187 0.065918322365313711 -0.10734110058880679 -0.66224315822474933 0.0013006614623095028 -0.021622253389434312 0.22961896322552058 0.18571428571428564 -0.11597517856352289 0.43871509367267608 0.62363010596866231 0.40590606952163016 -0.88679163034001729 -1.0064112628879467 -0.043373745819397985 -0.071294810058854977 -0.069868051049102306 -0.15384615384615349 0.97911217669282202 1.3181377639321565 0.00026296525916901919 -0.050093440904325624 0.0049487934826583082 0.12446983883100461 -0.1221717154584616 0.47302123364776194 0.0018840355587619129 -0.69381009615384603 -0.58949131253925025 -0.13727621946800037 -0.1216357475159381 -1.0000000180025095e-35 -0.29425095520372641 4.1443871706758308 2.9600141185962086
decision_type=2 2 2 2 2 2 2 2 2 2 2 2 2 2 2 2 2 2 2 2 2 2 2 2 2 2 2 2 2 2 2 2 2 2 2 2 2 2 2 2 2 2 2 2 2 2 2 2 2 2 2 2 2 2 2 2 2 2 2 2 2 2
left_child=3 2 47 22 7 6 -3 27 10 23 -9 12 24 -12 16 -8 25 -18 -19 20 52 49 -1 -5 26 -6 -11 29 31 30 39 -29 42 34 50 -36 48 -38 -39 40 41 -4 -31 -44 -33 -25 -47 -2 -35 -7 -30 -52 -10 -54 -28 -32 -57 58 -58 -59 -23 -15
right_child=1 5 4 9 14 21 15 8 19 11 13 -13 -14 61 -16 -17 17 18 -20 -21 -22 60 -24 45 -26 -27 54 28 33 32 55 44 -34 36 35 -37 37 38 -40 -41 -42 -43 43 -45 -46 46 -48 -49 -50 -51 51 -53 53 -55 -56 56 57 59 -60 -61 -62 -63
leaf_value=-0.00013729175114837923 0.00024748496916555322 -0.00019678483497267336 0.00055251811821900414 -0.00034709523084623217 0.00026025463024952083 -0.00028572835412189371 -0.00074962910812191824 -0.00015456227169824812 -0.00046255443536039097 0.0033323752822616371 4.7701201105136704e-05 -0.00080546324607945821 0.0017573596642808072 -0.0012672557374696603 0.0011947340624053025 -0.00031435100211961063 9.326540083107525e-05 0.00060750564653611072 0.0022291823144619683 -0.0004699772282967017 0.00096050700093491196 0.0032851360983568254 0.00061170552008389851 0.001744146493850737 -0.00017770646252229333 -1.2877486435057605e-07 -0.00060723187803036767 -0.00068308015636379157 -0.00023501577669876781 -0.00010630233542140125 0.0015944403364311626 -0.0010448856694526274 4.4562876564715086e-06 0.0012951653673745241 -0.0041034829494809707 -0.00066981715659288478 -0.00034813710295044731 -0.00056080462569980786 0.00058794904917853499 -0.0011188274762831715 0.0013967151678088339 -0.00070913018363609785 -0.0021792858390267795 -0.00052922121678710863 -0.0033751932424775639 0.006804691599049526 0.00097054906843203014 0.00073617732568857547 0.00020029839016442704 0.0010269486262326551 -0.00091795316538372028 0.0015756720137757769 -0.0016789028010689728 -0.0037320228150366772 0.0010295351833521788 6.9761995607740875e-05 0.00019942860146797983 0.0020750577948182389 0.0064071491728580725 0.00042013615571479831 0.00074385076243124065 -0.003111384505201343
leaf_weight=4006 12232 103617 1736 331 22080 1924 18721 62921 339 240 1249 795 2776 1772 1583 27348 170153 7056 1155 2663 254 367 18605 3521 1628 707453 541 2029 24274 8540 1052 429 131398 1175 344 2909 12766 1628 4107 1308 974 2996 758 4984 648 208 264 10115 14617 1227 543 1001 746 626 3462 5554 668 496 318 6654 401 446
leaf_count=4006 12232 103617 1736 331 22080 1924 18721 62921 339 240 1249 795 2776 1772 1583 27348 170153 7056 1155 2663 254 367 18605 3521 1628 707453 541 2029 24274 8540 1052 429 131398 1175 344 2909 12766 1628 4107 1308 974 2996 758 4984 648 208 264 10115 14617 1227 543 1001 746 626 3462 5554 668 496 318 6654 401 446
internal_value=5.9459e-08 -1.90082e-05 1.16261e-05 0.000728838 3.2155e-06 -0.00026566 -0.000287408 -8.64888e-05 -0.000254196 0.00113919 -0.000200321 0.000845614 0.000997413 -0.00103077 3.32907e-05 -0.000491234 3.12656e-05 0.00012744 0.000835619 -0.00102703 -0.00178196 0.000565005 0.000479005 0.00178026 0.000638086 7.75197e-06 0.000951098 -3.55713e-05 -0.000157973 1.30205e-05 0.000312185 -0.0012947 -3.16571e-05 -0.000102252 -0.000274709 -0.00103292 4.39442e-05 -0.000159051 0.000261851 -0.00018084 3.41777e-05 -0.000246277 -0.00036391 -0.000747046 -0.00244696 0.00195661 0.00354153 0.000468683 0.000281762 0.000225428 -0.000179176 0.000698704 -0.00218908 -0.00261568 0.000808328 0.000546759 0.00046625 0.000736911 0.00220151 0.000534939 0.00195824 -0.00163808
internal_weight=1.42673e+06 1.39035e+06 1.23675e+06 36377 1.2144e+06 153605 149686 304922 71016 13766 66388 9442 8647 3467 909480 46069 907897 178364 8211 4628 1965 3919 22611 4324 5871 729533 4243 233906 66470 167436 21756 3106 145680 63364 29071 3253 34293 18501 5735 7014 5706 4732 14282 5742 1077 3993 472 22347 15792 3151 25818 1544 1711 1372 4003 14742 13690 8136 986 7150 768 2218
internal_count=1426731 1390354 1236749 36377 1214402 153605 149686 304922 71016 13766 66388 9442 8647 3467 909480 46069 907897 178364 8211 4628 1965 3919 22611 4324 5871 729533 4243 233906 66470 167436 21756 3106 145680 63364 29071 3253 34293 18501 5735 7014 5706 4732 14282 5742 1077 3993 472 22347 15792 3151 25818 1544 1711 1372 4003 14742 13690 8136 986 7150 768 2218
is_linear=0
shrinkage=0.05


Tree=21
num_leaves=63
num_cat=0
split_feature=29 28 41 28 42 39 0 28 42 4 42 36 41 33 31 0 0 42 0 31 0 0 40 39 33 36 36 0 42 36 32 32 36 41 34 34 41 42 34 42 39 32 34 37 33 42 36 31 36 34 0 40 4 0 34 32 32 41 33 31 17 41
split_gain=4.84612 4.19594 3.62513 1.29273 1.05743 2.48009 2.22643 1.25108 1.01976 0.973472 0.871923 1.35392 1.03593 0.852654 1.10347 0.84934 0.838965 1.29804 0.996708 0.965967 0.826884 0.825716 0.813999 0.780636 1.34786 1.15911 0.978519 1.37307 1.02097 1.1484 2.08179 0.888186 0.83031 0.771252 0.879645 0.774568 0.766035 0.743415 0.719378 0.716025 0.710403 0.665081 0.64469 0.644458 0.663822 0.638203 0.698332 0.61759 0.610245 0.731881 0.751453 0.6702 0.598361 0.594755 0.589985 0.606756 0.876442 0.883633 0.588513 0.58677 0.580577 0.573052
threshold=-15.178339103165131 3.4938899950224003 0.0021037636302978654 -5.2073750272390464 -1.0000000180025095e-35 -14.698192681645358 -56505.525351796692 -13.589969040247675 -1.0000000180025095e-35 -3.3306690738754691e-16 0.071962588915331485 -0.55019379844961225 0.0018840355587619129 0.029197253137579929 2.337756841775251 -342439.6444895934 -57378.879638572391 0.0015283857477457945 38932.732567182524 5.1536516853932595 156097.73452069142 54308.572053574775 -21.373477641912483 -3.8048639875127637 -0.04469413233458177 0.060535588442565187 -0.13727621946800037 -244866.19623285937 -0.080974267826490573 -0.1308581504702194 0.081939799331103694 1.0000000180025095e-35 -0.80079365079365061 0.0018840355587619129 0.53103966346153852 0.22649572649572661 0.001818783904657269 0.0010458067589569824 -0.11940298507462697 0.11209698016044424 9.0349859338209502 0.96345304156965395 -1.0000000180025095e-35 -0.047961906514538084 -0.688621513944223 -0.043884675027970728 0.23076923076923081 3.169032055873926 -0.43373819163292832 0.27437382170751407 -87012.539474916222 -12.637627174256556 3.3306690738754701e-16 -97219.010726573935 0.1580893682588598 0.58571708463949856 1.0000000180025095e-35 0.0021830771152378616 -0.16247422680412368 0.52368486661680391 4038.4041578745441 0.0010200360496132035
decision_type=2 2 2 2 2 2 2 2 2 2 2 2 2 2 2 2 2 2 2 2 2 2 2 2 2 2 2 2 2 2 2 2 2 2 2 2 2 2 2 2 2 2 2 2 2 2 2 2 2 2 2 2 2 2 2 2 2 2 2 2 2 2
left_child=2 4 3 -1 6 7 9 -6 38 -2 15 12 -12 23 33 37 19 18 -18 -7 40 -19 60 24 32 26 31 -28 29 30 -29 42 -11 -15 35 -35 -34 -9 -4 58 -3 45 -26 -25 -45 46 -27 -22 51 50 -50 -44 53 -48 -17 56 -56 -58 -23 -24 -10 -33
right_child=1 20 8 -5 5 16 -8 10 22 13 11 -13 -14 14 -16 54 17 21 -20 -21 47 39 59 43 25 41 27 28 -30 -31 -32 61 36 34 -36 -37 -38 -39 -40 -41 -42 -43 48 44 -46 -47 52 -49 49 -51 -52 -53 -54 -55 55 -57 57 -59 -60 -61 -62 -63
leaf_value=0.00048119784623102692 -0.00087010211249714743 -0.00014889199710920603 -0.00079706397325213143 -6.5546638850924011e-05 0.00085024290551564692 8.1110653469886493e-05 4.711291568483484e-05 0.0033642336144150825 0.0031104258324143905 -0.00069894917279685899 0.00085464511185537242 0.0002826392403774044 0.0028223879214812784 4.8661518838104858e-05 -0.00091162994440167346 9.6138400912742139e-05 -8.0681777709071712e-05 -3.4351272334935754e-05 -0.00036917327288981202 0.0020892242932419149 -0.00067924175814230406 -0.00043734471722609887 0.0014158582346486897 -0.00046014570252407566 0.00041504770077586018 -0.0015716733346994136 -0.0017556104666358917 0.00030238526959283125 -0.00016818573529478546 0.00041888667121416865 0.0065777537969552219 -0.00055960544090807938 0.00012681131966736319 0.00083899237242068565 0.0031970539973821925 -0.0019460850820374371 0.0012836314356748642 -0.00037273523034369666 0.00073973793235909094 -0.00037008676852944721 -0.00046445407737966772 0.00052399617639042743 0.00054626213942348518 -0.00048183061876238105 8.3299140923305567e-05 -0.00040164987214223903 -0.00029244513708003413 0.00032546128168782392 -0.0017501691746689462 0.00089208617404471868 -0.00048724834894926648 -0.00050616409783084783 -0.0022294409320616419 -0.0009942960428037564 0.00044653128997850774 0.0012635438994423813 -0.0002475450602979087 -0.003333918271724739 0.00018592036432233923 0.00056318776261854561 0.00099637595833271318 -0.0027879714282245177
leaf_weight=19243 5563 53293 841 24674 6913 168213 169367 376 983 1751 2195 11263 962 7959 2036 155392 94418 343214 43841 601 20032 3947 6356 9434 2063 3254 1034 331 11156 5774 220 505 4084 3841 372 267 2203 206 8054 6795 26806 1112 1922 6114 34620 9562 5576 1656 2484 483 2240 7104 650 6581 14686 1805 2217 259 93714 2956 485 673
leaf_count=19243 5563 53293 841 24674 6913 168213 169367 376 983 1751 2195 11263 962 7959 2036 155392 94418 343214 43841 601 20032 3947 6356 9434 2063 3254 1034 331 11156 5774 220 505 4084 3841 372 267 2203 206 8054 6795 26806 1112 1922 6114 34620 9562 5576 1656 2484 483 2240 7104 650 6581 14686 1805 2217 259 93714 2956 485 673
internal_value=5.6486e-08 -1.98469e-05 0.0004267 0.000174019 5.07279e-06 3.12244e-05 -7.50685e-05 0.00018956 0.000990713 -0.000221864 0.00016544 0.000539143 0.00145426 -0.000195232 0.000167426 0.000134637 -9.95131e-06 -3.82473e-05 -0.00017216 8.82598e-05 -0.000328654 3.11069e-06 0.0013177 -0.000238641 -0.000345606 -0.000423724 -0.000238469 1.48132e-05 0.000119534 0.000627011 0.00280798 -0.00050684 0.000263981 0.000344044 0.00086881 0.000657976 0.000532168 0.00204153 0.000594437 0.000126201 -0.000254498 -0.000673102 -0.000410997 -8.77673e-05 -1.52443e-06 -0.000725055 -0.000917595 -0.000602527 -0.000530728 -0.000961778 -0.00115132 -0.00028206 -0.000751407 -0.000672381 0.000128272 0.000391531 0.000299817 -0.000570393 0.000160731 0.00114519 0.00241198 -0.00183269
internal_weight=1.42673e+06 1.36314e+06 63592 43917 1.26135e+06 951017 310335 196274 19675 140968 189361 14420 3157 135405 14475 174941 754743 585929 138259 168814 101787 447670 10780 120930 70762 62724 35989 18515 17481 6325 551 17474 8038 12439 4480 4108 6287 582 8895 104456 80099 26735 16296 50168 40734 25623 16061 21688 14233 5207 4724 9026 12807 12157 174359 18967 17162 2476 97661 9312 1468 1178
internal_count=1426731 1363139 63592 43917 1261352 951017 310335 196274 19675 140968 189361 14420 3157 135405 14475 174941 754743 585929 138259 168814 101787 447670 10780 120930 70762 62724 35989 18515 17481 6325 551 17474 8038 12439 4480 4108 6287 582 8895 104456 80099 26735 16296 50168 40734 25623 16061 21688 14233 5207 4724 9026 12807 12157 174359 18967 17162 2476 97661 9312 1468 1178
is_linear=0
shrinkage=0.05


Tree=22
num_leaves=63
num_cat=0
split_feature=18 18 19 35 42 0 39 41 0 0 0 40 41 36 33 42 35 36 0 41 40 42 35 41 44 39 33 0 41 0 28 30 31 35 36 41 39 36 35 40 42 33 31 33 31 36 31 33 31 36 35 0 42 36 31 31 0 35 41 31 31 39
split_gain=6.58976 3.56604 1.35496 1.69641 1.25752 1.87161 1.61735 1.24183 1.20792 1.00787 0.914705 0.89661 0.882482 0.829939 0.839012 0.814589 0.752737 0.883313 0.869597 1.36328 0.911456 0.752073 0.724715 0.715612 0.674366 0.648299 0.619137 0.677663 0.594246 0.633862 0.610429 0.579354 0.54104 0.530526 0.902084 0.567495 0.529283 0.581543 0.591016 0.571165 0.561517 1.36447 1.14099 0.666309 0.496437 0.492045 1.41017 0.486925 0.477209 0.737381 0.468026 0.467615 2.58109 1.01255 0.968336 0.649396 0.801817 0.587295 0.554694 0.542725 0.633151 0.751241
threshold=-25976.805860805856 -1338.6057416267938 -44098.020833333321 0.17922473867595826 0.011878728656195457 57759.200764924848 -15.000545478737676 0.0026309238278190952 -63950.867286822409 -342439.6444895934 85893.386423081814 -11.576003794012998 0.0049272612208305037 1.2212326607818413 0.11876551568494699 0.103967852421812 0.5953742203742205 2.9600141185962086 -80798.489496507391 -0.0020256389849920594 -0.75888324094163895 0.0014741774476805343 -0.026178728070175437 0.00062524534936206127 -6.1921350182906547 -21.989063059072947 -0.051814862542955316 478954.43202101666 0.00072526487694021629 -104099.36341604037 -16.196569200779724 -0.003708283290689176 1.9452330570740026 -0.13738656987295825 3.1559296571226585 0.00086625594783958277 -40.597682299577421 -1.1253571428571425 -1.295082858904159 7.065598325526012 -0.070821196191601224 0.024218009478672978 -0.70553359683794425 0.28031135531135537 0.29708614864864874 0.97911217669282202 1.3181377639321565 -0.11966686148451197 -1.0000000180025095e-35 -0.1216357475159381 0.24251119251119255 -178826.70814323533 -0.00039358959308782594 0.18566017316017316 -1.2403703703703701 2.2682926829268295 -244866.19623285937 0.24251119251119255 0.0019550846720784126 -0.52568596411879953 0.061623831775700751 -21.235234137072563
decision_type=2 2 2 2 2 2 2 2 2 2 2 2 2 2 2 2 2 2 2 2 2 2 2 2 2 2 2 2 2 2 2 2 2 2 2 2 2 2 2 2 2 2 2 2 2 2 2 2 2 2 2 2 2 2 2 2 2 2 2 2 2 2
left_child=7 2 3 8 9 16 26 25 22 32 -3 31 21 14 -13 47 18 -18 19 -6 23 -12 -2 -21 -25 -1 -7 -28 -24 30 -30 -9 -4 34 36 -36 39 38 -38 -11 41 42 -39 -43 48 -33 -47 -8 -17 -50 -34 52 53 54 -35 56 -54 -55 -58 -56 -61 -62
right_child=1 10 4 -5 5 6 15 11 -10 33 12 13 -14 -15 -16 44 17 -19 -20 20 -22 -23 28 24 -26 -27 27 -29 29 -31 -32 45 50 51 35 -37 37 40 -40 -41 -42 43 -44 -45 -46 46 -48 -49 49 -51 -52 -53 55 57 59 -57 58 -59 -60 60 61 -63
leaf_value=0.00067763654709393668 0.00014887287597149172 -0.0001632798600249162 0.00020325229420106749 -0.00027690761052254128 0.0004300693346333984 -0.00011734168622617933 -0.000388223688784765 -0.00037510026011280462 -5.7141270996846729e-05 -2.9780171867722846e-05 -0.00072007739508505111 0.00056918623622704266 0.00083358395576435507 -0.00078028670661971905 0.0016241102062181359 -0.00018148249912579417 0.00028061251312216093 0.0021273407451331354 2.966082516909226e-05 -0.00046046123673238896 -0.00012413940652160929 -0.00029887741308554517 0.00039168859332277411 -0.0021724787711083974 -0.00083756519297628433 0.00013925749991040064 0.00064586111641686688 0.0015285916334007582 0.00072470465948736734 0.00055983742159272903 0.0017432480675511051 0.0015984955870238394 0.0030832427768018537 0.00076885450572756857 -0.00072453288065036389 -0.004355329848593101 -0.00090355959084569264 0.00018258405506747536 0.00025826520770792126 0.0010998856288917257 -0.00013181627879539631 0.0016119581573043535 -0.00098205207664487032 -0.0001199037862919938 0.00018488460818422432 0.0063966344223934787 0.00089180500152437933 0.00028504867233491722 -0.0037756045536072695 -0.00084802054675722825 0.00039192609863567993 -2.377406758965625e-05 0.0014439914799534818 0.00095171901322309337 -0.0021876272559594539 -0.0005231110334671372 0.00039670571387986859 -0.0001392988170268339 0.0015830592241811632 -0.00015669922541609665 -0.0021590152293442712 -0.00061358987332303227
leaf_weight=12481 12890 116791 584 13916 5268 2254 2876 331 14691 2915 17535 5871 1347 795 2776 2736 12805 682 162801 6221 9644 26789 17057 1462 2681 10130 17190 2489 2980 8979 2905 3521 512 998 233 200 1192 2787 13397 1816 103899 1002 8569 1246 3128 208 264 40537 242 1934 236 713472 3230 1765 730 1064 8528 4096 1114 2594 1264 2081
leaf_count=12481 12890 116791 584 13916 5268 2254 2876 331 14691 2915 17535 5871 1347 795 2776 2736 12805 682 162801 6221 9644 26789 17057 1462 2681 10130 17190 2489 2980 8979 2905 3521 512 998 233 200 1192 2787 13397 1816 103899 1002 8569 1246 3128 208 264 40537 242 1934 236 713472 3230 1765 730 1064 8528 4096 1114 2594 1264 2081
internal_value=5.36618e-08 -1.73277e-05 1.17993e-05 0.000220077 -1.44598e-06 9.18863e-05 0.000308084 0.000664382 0.000336309 -3.06228e-05 -0.000237471 0.00103879 -0.000427193 0.000765716 0.000907855 0.000154831 1.31725e-05 0.000373996 -1.27022e-05 -0.000285559 -0.000473981 -0.000465508 0.0004653 -0.000799518 -0.00130864 0.000436436 0.000667603 0.000757509 0.000593076 0.000824175 0.00122749 0.00163508 0.0013437 -3.27073e-05 -0.000123 -0.00240158 -0.000115789 -0.0001344 0.000163338 0.000403843 -0.000171367 -0.000473431 -0.000696226 0.000652038 -0.000307461 0.00180171 0.00331766 0.000240446 -0.00062099 -0.00117361 0.00223411 -1.59808e-05 0.000186475 -0.000305499 -0.00068371 0.000664045 0.000762176 0.000189254 0.000533772 -0.000901083 -0.000742946 -0.00119757
internal_weight=1.42673e+06 1.39035e+06 1.22789e+06 73418 1.15447e+06 274950 73386 36377 59502 879524 162462 13766 45671 9442 8647 51453 201564 13487 188077 25276 20008 44324 44811 10364 4143 22611 21933 19679 31921 14864 5885 4324 1332 878192 137256 433 136823 132092 14589 4731 117503 13604 11356 2248 8040 3993 472 43413 4912 2176 748 740936 27464 13528 7667 13936 12872 5861 9642 6669 5939 3345
internal_count=1426731 1390354 1227892 73418 1154474 274950 73386 36377 59502 879524 162462 13766 45671 9442 8647 51453 201564 13487 188077 25276 20008 44324 44811 10364 4143 22611 21933 19679 31921 14864 5885 4324 1332 878192 137256 433 136823 132092 14589 4731 117503 13604 11356 2248 8040 3993 472 43413 4912 2176 748 740936 27464 13528 7667 13936 12872 5861 9642 6669 5939 3345
is_linear=0
shrinkage=0.05


Tree=23
num_leaves=63
num_cat=0
split_feature=18 19 39 41 42 42 0 39 36 0 33 36 37 33 39 33 41 0 42 36 41 36 42 0 31 32 0 36 32 40 37 41 42 42 37 42 36 41 32 36 36 0 42 43 31 37 32 0 32 0 38 32 31 31 31 36 36 36 36 0 34 31
split_gain=5.95764 3.12456 2.33603 2.00526 1.38889 0.88693 2.17655 1.62944 1.24717 0.839606 1.28939 0.838047 0.985714 0.859391 0.941397 1.37242 0.784749 0.960812 0.758866 0.757382 0.798397 0.74478 1.06665 0.960877 0.944471 0.952825 0.88559 0.726488 0.71357 0.704923 0.696492 0.681949 0.723865 0.65238 0.650316 0.648776 0.729467 0.637709 0.623595 0.621096 0.680567 0.608147 2.25582 0.635485 0.60228 0.597749 0.591247 0.58976 0.592458 0.585579 0.581115 0.588086 0.783541 1.51709 1.39006 0.70329 1.42275 0.953896 1.42859 0.941965 0.843379 0.616232
threshold=-14659.515375339159 -13788.504304160682 -3.5618814749891725 0.00021310087803797344 -1.0000000180025095e-35 -1.0000000180025095e-35 -63950.867286822409 -23.7351735858166 -2.5936507936507929 -116380.0246002316 -0.1481562774363476 2.9600141185962086 -0.10466781901698115 0.029197253137579929 -3.8048639875127637 -0.048310306198655707 0.0054743241009301133 149467.45587151003 -0.12647708212897699 -0.80079365079365061 0.001818783904657269 0.060535588442565187 -0.1536752715434094 -258287.34920582434 -0.11804163592853166 -0.037203350778447046 -114065.19957290936 -0.59999999999999976 -0.088932806324110658 -9.849696321357607 0.86306774842243961 0.001818783904657269 -0.11597517856352289 0.0005587346821206619 0.8638406631664749 -0.19797244834764363 0.049875621890547291 0.001818783904657269 0.96345304156965395 -0.75694980694980685 -1.3010416666666662 -142818.39307411251 0.0077476835332665863 -0.97697916666666662 5.1536516853932595 -0.10466781901698115 3.1782407407407418 -85632.347083288056 -0.037177104184539123 -124086.76974368218 31.412553935023155 -1.0000000180025095e-35 -0.34782608695652156 0.22961896322552058 0.18571428571428564 0.71580961597677395 0.63625112511251136 1.1803810415366482 1.482683982683983 -95667.52428795553 0.35877447425670789 0.31111111111111106
decision_type=2 2 2 2 2 2 2 2 2 2 2 2 2 2 2 2 2 2 2 2 2 2 2 2 2 2 2 2 2 2 2 2 2 2 2 2 2 2 2 2 2 2 2 2 2 2 2 2 2 2 2 2 2 2 2 2 2 2 2 2 2 2
left_child=2 5 3 34 47 6 11 8 29 10 -6 13 -13 14 15 19 17 -3 -16 -2 -21 22 39 -24 25 -25 31 37 -19 -7 41 -27 -33 -12 -1 36 -8 -15 50 40 -17 42 -10 -43 -9 -29 -18 48 -5 -4 51 -23 -53 54 -54 56 61 60 -59 -58 -57 -55
right_child=1 16 49 4 9 7 35 44 30 -11 33 12 -14 27 18 21 46 28 -20 20 -22 38 23 24 -26 26 -28 45 -30 -31 -32 32 -34 -35 -36 -37 -38 -39 -40 -41 -42 43 -44 -45 -46 -47 -48 -49 -50 -51 -52 52 53 55 -56 57 59 58 -60 -61 -62 -63
leaf_value=0.00011341229199709629 -0.00078827883805608905 -0.00018974513806926211 0.00032014353971078382 -0.00023230854667441992 0.00024025245164197479 -0.00037746505018346329 0.00031087921447086285 -8.6104752023215839e-07 0.00084732096938499365 0.00077186201960835704 0.0024893069949154562 -0.0034698946885952744 -0.00070773954049705595 0.00055200643816861485 0.00054351611920700838 0.00031307276132694725 0.00034860169922179329 -0.0012208066339114223 -0.00015140231401697177 0.00012215401425532137 0.0014017849885552775 -0.0003928783204559891 -0.0019285511697252945 -0.00024807731214038638 -3.8412370704680525e-05 -0.0010047394223925404 -0.00076694669996741488 0.0014970345864187438 -0.00042371463126186304 0.0029876897662059034 0.0010798128053585187 -0.00088866921164933968 -0.0041217694410242275 0.0014151850877924322 0.00097118556202426876 4.630824826871903e-05 -0.0020539284189968212 0.0025750280670299654 0.0005083092060394035 0.00054222484823207443 -0.0022634003230083397 1.421587562525504e-05 -0.00064640542874707556 0.00027350752272049632 0.0010128576368662948 -0.00012046336919439342 0.0026310949630998139 -0.00012307037353507394 0.00081075775528270308 -0.00016198562890416224 0.0015461231082172749 0.00081266300621441389 -0.0015922016341142688 0.00039317202834249221 -0.0048936917745942138 -0.0013082608596143063 0.0029302173452154597 0.0015436571943291872 -0.0017173051236161027 -0.00035127342408844604 -0.0035599735428578356 -0.0008951720494709773
leaf_weight=19940 1320 126204 10054 1677 2027 208 563 774631 10391 13207 1799 396 1752 1739 4394 592 1339 3171 37091 3687 1821 7751 1041 7443 11414 722 5685 615 24511 618 2158 251 558 6599 2485 176140 775 502 1076 4841 452 53752 3340 42168 1468 8016 360 3896 7233 16858 279 623 2849 1076 359 1130 470 566 826 409 658 6755
leaf_count=19940 1320 126204 10054 1677 2027 208 563 774631 10391 13207 1799 396 1752 1739 4394 592 1339 3171 37091 3687 1821 7751 1041 7443 11414 722 5685 615 24511 618 2158 251 558 6599 2485 176140 775 502 1076 4841 452 53752 3340 42168 1468 8016 360 3896 7233 16858 279 623 2849 1076 359 1130 470 566 826 409 658 6755
internal_value=5.09787e-08 -2.579e-05 0.000404034 0.000580467 0.000809407 1.8612e-06 -7.30007e-05 2.68482e-05 0.000204564 0.00103665 0.00137209 -0.000238292 -0.00121696 -0.000220327 -0.000263695 -0.000382974 -0.000236459 -0.000248258 -7.77981e-05 0.00028742 0.000545213 -0.000462133 -0.000306489 -0.000438925 -0.00037945 -0.000644993 -0.0010544 0.000203058 -0.000515022 0.00214029 0.000190263 -0.00212177 -0.00311867 0.00164528 0.000208465 3.79763e-05 -0.00105887 0.00100518 -0.00066901 0.000303686 -0.000802412 0.000172756 0.000483979 0.000128205 1.05641e-06 -5.20891e-06 0.000832238 0.000390063 0.000614437 1.8132e-05 -0.000722346 -0.00074931 -0.000925044 -0.000996748 -0.00196166 -0.000736407 -0.000504053 -0.00137282 -0.000391368 0.00140333 -0.00213691 -0.00071815
internal_weight=1.42673e+06 1.34096e+06 85775 58863 36438 1.18537e+06 296637 888734 112635 23632 10425 119159 2148 117011 106139 64654 155585 153886 41485 6828 5508 57826 32999 27114 26073 14659 7216 10872 27682 826 111809 1531 809 8398 22425 177478 1338 2241 24827 5885 1044 109651 13731 95920 776099 8631 1699 12806 8910 26912 23751 23472 15721 15098 3208 11890 8710 3180 1392 879 1788 7831
internal_count=1426731 1340956 85775 58863 36438 1185371 296637 888734 112635 23632 10425 119159 2148 117011 106139 64654 155585 153886 41485 6828 5508 57826 32999 27114 26073 14659 7216 10872 27682 826 111809 1531 809 8398 22425 177478 1338 2241 24827 5885 1044 109651 13731 95920 776099 8631 1699 12806 8910 26912 23751 23472 15721 15098 3208 11890 8710 3180 1392 879 1788 7831
is_linear=0
shrinkage=0.05


Tree=24
num_leaves=63
num_cat=0
split_feature=18 18 27 41 0 42 0 35 39 42 40 37 19 31 33 35 42 35 32 0 35 31 39 29 31 0 35 27 24 39 28 31 42 32 41 39 38 42 0 0 41 32 42 41 42 31 31 37 39 40 31 33 39 0 33 35 35 39 31 42 0 32
split_gain=5.38383 3.00381 1.28161 1.07176 0.979878 0.938466 1.05453 0.828408 0.828057 0.824181 0.722864 0.719529 0.718976 0.644841 0.643956 0.61021 0.60892 0.588005 0.581784 0.788395 1.20483 0.56794 0.564573 0.5638 0.546645 0.539364 0.741235 0.524525 0.523728 0.522026 0.473849 0.463786 0.45584 0.707711 0.452022 0.470924 0.443306 0.53644 1.81517 1.07793 1.19775 0.669352 0.643965 0.635339 0.8565 1.48002 1.30313 0.912614 0.699261 0.93501 0.657788 0.607557 0.605908 0.685423 0.576828 0.536926 0.597256 0.52103 0.556151 0.469525 0.495481 0.472972
threshold=-25976.805860805856 12471.076529712574 -5.569821032625911 0.0026309238278190952 -68740.413034125653 0.024944702237673404 180755.40027977774 0.5953742203742205 3.0901683728163865 -0.033016764401873767 -21.373477641912483 0.2989988448209473 -15117.023809523815 3.2933270315777037 -0.049332498957029618 -1.0000000180025095e-35 -0.00039358959308782594 1.3898567323728577 1.0000000180025095e-35 -244866.19623285937 0.24320507572656572 0.27451923076923085 -13.087024996439146 -4.2335337801229036 0.061623831775700751 -342439.6444895934 -0.033771225817352361 -2.5212061994609125 -0.73065083341362402 -8.6772865053802004 -12.797148148148148 4.8540769545640616 0.066335216601073846 0.13218390804597704 -0.00038805960734707758 -3.5618814749891725 -1.0694310298559626 -1.0000000180025095e-35 -49711.184665822577 -146540.25658171499 0.0034562524602144095 2.914309504567385 0.0079938725089694299 0.0070027130057888562 -0.10010167860147617 0.04999999999999994 -0.1221717154584616 -0.13636486313246829 -15.000545478737676 -17.707523049498263 2.6354616048317521 -0.048310306198655707 -3.8048639875127637 -244866.19623285937 -0.23358908780903662 0.27604524431011607 0.25845032568140153 -29.461069964987278 2.5026315789473688 -0.29425095520372641 -80798.489496507391 -1.0000000180025095e-35
decision_type=2 2 2 2 2 2 2 2 2 2 2 2 2 2 2 2 2 2 2 2 2 2 2 2 2 2 2 2 2 2 2 2 2 2 2 2 2 2 2 2 2 2 2 2 2 2 2 2 2 2 2 2 2 2 2 2 2 2 2 2 2 2
left_child=3 2 4 16 -2 12 7 11 14 -5 28 18 17 -9 -8 -3 -1 23 31 -20 32 24 -6 34 -13 26 -25 -12 -11 -26 -18 -7 -21 -34 -4 -36 37 38 43 40 41 52 -42 44 45 46 -27 -47 50 -50 54 -49 53 -39 -45 56 -55 58 -38 60 -56 -61
right_child=1 15 5 9 22 6 8 13 -10 10 27 21 -14 -15 -16 -17 30 -19 19 20 -22 -23 -24 25 29 36 -28 -29 -30 -31 -32 -33 33 -35 35 -37 57 39 -40 -41 42 -43 -44 48 -46 47 -48 51 49 -51 -52 -53 -54 55 59 -57 -58 -59 -60 61 -62 -63
leaf_value=-0.00017041784312231165 0.00070109378296698765 -7.8682627856579027e-05 -3.8471076902623238e-05 0.00040691841188913221 0.00039134479598546034 3.007821733608025e-05 -0.00018607163357298466 0.00031079499981700055 -2.5481066822581948e-05 0.004385106953608886 0.0013039351143247838 0.00071643025085185719 -0.00018380380930074907 0.0014488274648174254 0.00077549738914464272 -0.00038741339967257745 0.0006831031574802424 -0.00048879631139248515 -0.003346585933921507 -0.00017293926605692502 0.0014603412648516788 -0.00011871498476873444 -0.00016312771643503559 -0.00086978439266818515 0.0011131842878459046 0.00010675338085633223 0.0012878626105400426 0.00039087482505024534 0.0018214263318019675 0.0044733767536017334 0.00014310703131666341 0.0011763112565813983 -0.0031901202940006904 -0.00060570061475834192 0.00051028022767662668 -5.3195052463369872e-05 0.00025131700585732909 0.001328434277900382 5.8003577880708245e-05 -4.5842288904169521e-05 0.0020222051716188788 -0.00087045691809986819 -0.00093577385141886552 0.0015320599050412881 -0.00036144477915523538 -0.0027021100209406413 0.0014266337813993531 0.00069657581947644835 -0.0018983541141561649 0.00044047438895571393 -0.0037301357782107769 -0.00049832221939574651 -6.2836025568197576e-05 0.00022895901198508544 0.00029617003061665435 0.0010760003594942526 -0.0022642499487706266 1.9728189111132849e-07 -0.0014761041082852087 -0.00019654570638454004 -0.0021814275130683839 -0.0016026327095388752
leaf_weight=4006 11053 21635 11935 4653 8901 142310 2024 12873 6868 259 5838 3105 65425 1378 12459 61506 12612 6446 206 11385 987 1864 9481 524 272 6472 1656 2153 863 201 5993 888 283 4140 13515 5110 27425 2105 64073 260451 1393 1332 212 227 49033 420 2630 1261 540 2048 219 6803 7543 7643 997 1956 248 522404 474 746 253 3016
leaf_count=4006 11053 21635 11935 4653 8901 142310 2024 12873 6868 259 5838 3105 65425 1378 12459 61506 12612 6446 206 11385 987 1864 9481 524 272 6472 1656 2153 863 201 5993 888 283 4140 13515 5110 27425 2105 64073 260451 1393 1332 212 227 49033 420 2630 1261 540 2048 219 6803 7543 7643 997 1956 248 522404 474 746 253 3016
internal_value=4.84298e-08 -1.56623e-05 2.8721e-06 0.000600522 0.000329062 -4.64203e-06 9.44652e-05 5.50339e-05 0.000426692 0.000948348 0.0012248 2.35618e-05 -2.31687e-05 0.000420837 0.000641118 -0.000307075 0.00038876 -1.27747e-05 4.35482e-06 -0.000272182 -0.000234472 0.000588968 0.000105361 -9.72047e-06 0.000957644 -1.63548e-05 0.000769236 0.00105793 0.00241322 0.00254109 0.000509161 3.71862e-05 -0.000340291 -0.000771061 0.000201749 0.000355684 -1.81168e-05 -5.66954e-05 -0.000137229 -1.71984e-05 0.000315377 0.000213953 0.00163149 -0.000304765 -0.000254077 4.5284e-05 0.00048813 -0.00042982 -0.00072445 -4.75346e-05 -0.00104542 -0.000311471 0.000288045 0.000509489 -0.000933194 0.000334422 0.000150602 1.14405e-05 0.000221968 -0.00104485 -0.000205296 -0.00132381
internal_weight=1.42673e+06 1.39035e+06 1.30721e+06 36377 29435 1.27778e+06 201243 179892 21351 13766 9113 165641 1.07654e+06 14251 14483 83141 22611 1.01111e+06 160199 17001 16795 5442 18382 1.00466e+06 3578 974104 2180 7991 1122 473 18605 143198 15808 4423 30560 18625 971924 421621 138738 282883 22432 20827 1605 74665 66619 17586 9102 8484 8046 2588 5458 8064 19495 11952 5239 9847 7891 550303 27899 5012 1250 3762
internal_count=1426731 1390354 1307213 36377 29435 1277778 201243 179892 21351 13766 9113 165641 1076535 14251 14483 83141 22611 1011110 160199 17001 16795 5442 18382 1004664 3578 974104 2180 7991 1122 473 18605 143198 15808 4423 30560 18625 971924 421621 138738 282883 22432 20827 1605 74665 66619 17586 9102 8484 8046 2588 5458 8064 19495 11952 5239 9847 7891 550303 27899 5012 1250 3762
is_linear=0
shrinkage=0.05


Tree=25
num_leaves=63
num_cat=0
split_feature=18 18 27 27 42 36 37 0 33 0 35 0 31 36 42 37 0 42 36 33 19 0 40 35 31 35 33 37 45 33 35 27 33 33 45 45 35 36 36 29 36 0 31 44 36 42 33 37 37 33 31 36 31 43 42 35 35 35 36 35 0 0
split_gain=4.72702 2.71132 1.10885 0.92527 0.858975 0.970583 0.904736 0.818784 0.802906 0.764441 0.755094 0.934414 0.969824 0.698701 0.901176 0.675785 0.724077 0.71047 0.846208 0.659253 0.613191 0.56466 0.681473 0.58417 0.740606 0.55626 0.556255 0.550953 0.692896 0.539218 0.536766 0.528936 0.52531 0.482259 0.975893 0.633524 0.503937 0.69307 0.496749 0.453963 0.450271 0.432752 0.681593 0.44932 0.467928 1.39063 0.980653 0.841154 0.88039 0.731779 0.65099 0.495551 0.489901 0.476277 0.428333 0.447231 0.777216 0.495793 0.421567 0.40785 0.401125 0.397465
threshold=-25976.805860805856 12471.076529712574 -5.349470899470897 0.56370579014978983 0.03026229742851479 1.4021660649819498 0.2989988448209473 -67771.535746193273 -0.87588127635871726 370739.16086852358 0.24320507572656572 -244866.19623285937 2.337756841775251 -0.86231544410592909 0.13433905080121564 -0.13457136023507701 -114065.19957290936 0.0075489652879026847 -0.19574036511156187 -0.10244115082824755 -15117.023809523815 -75117.249247333471 7.4607318540473999 -0.6363553113553112 -0.36745725317153871 -1.0000000180025095e-35 -0.33514492753623182 -0.069868051049102306 -4.8603675048355894 0.12411872364128269 1.3898567323728577 -9.3286730769230743 -0.87066543254768425 -0.16247422680412368 -7.1650326797385615 -8.4339257233994065 -0.20874512612397542 0.38189660522559438 0.77163661581137311 -4.2335337801229036 0.041505376344086027 -342439.6444895934 1.9218559218559224 1.3817216494845372 0.19194429922532222 -0.066389881000794002 -0.013245614035087718 -0.13636486313246829 0.2989988448209473 -0.24113523693020852 3.0944373673036099 1.0188976846616276 2.9285309132161097 -2.0517395182872433 0.11209698016044424 0.34286285485805684 0.27900850714686715 0.73930014828598856 0.47302123364776194 -0.20874512612397542 -84343.623876933285 3938.414730854915
decision_type=2 2 2 2 2 2 2 2 2 2 2 2 2 2 2 2 2 2 2 2 2 2 2 2 2 2 2 2 2 2 2 2 2 2 2 2 2 2 2 2 2 2 2 2 2 2 2 2 2 2 2 2 2 2 2 2 2 2 2 2 2 2
left_child=3 2 7 8 20 6 10 40 -1 29 13 -12 54 19 21 -10 33 26 -19 -6 30 22 23 24 -15 -3 31 28 -21 -8 39 -18 -7 38 35 -35 -36 -38 -17 -4 -2 42 -41 44 -43 46 51 -48 -49 -47 52 -46 -51 58 55 56 -13 -57 -50 -40 -28 -58
right_child=1 25 4 -5 5 32 9 -9 15 -11 11 12 -14 14 -16 16 17 18 -20 27 -22 -23 -24 -25 -26 -27 60 -29 -30 -31 -32 -33 -34 34 36 -37 37 -39 59 41 -42 43 -44 -45 45 49 47 48 53 50 -52 -53 -54 -55 -56 57 61 -59 -60 -61 -62 -63
leaf_value=-0.0011381561590183705 0.00085921919091018224 -7.3626283806770907e-05 0.00018156360898680655 -7.4425950181306513e-05 -0.00027681143872894322 -0.0008072626857779108 0.00063972956790003018 9.3207249721376204e-05 -0.00048778999822667382 0.0032945735782638065 -0.0028714019710824094 7.3155088869649134e-05 0.0011806829687183128 -0.00067495290667662911 -0.00055288146687132607 0.000156056534200825 0.0032300537363498926 0.0018783155095078317 9.3593378875428667e-05 0.0031830996798586234 -0.00016804483300371614 2.56217625355319e-05 0.00016111548585493962 -0.0005418783786281079 -0.0043739934915557818 -0.00036917112553341846 0.00056137740352842189 0.00034903921761415005 0.00066108836771431234 -0.001718597226463748 -0.00046147957242698227 -3.1088630553481551e-05 0.00065263734930151856 0.0013513395702527001 0.00049956541693335209 0.004875831691472687 0.0015087431158426446 0.00063977393386130822 0.0033583811797575054 -1.3687206798613278e-05 0.00023752641378175628 -7.374065537387217e-06 0.0018086397238973189 5.7710434112739355e-05 0.00065179231835040734 -0.00041693947488575638 -0.0020346106343909413 -0.00042750551378119495 -0.00044100340931424909 -3.4915171604787801e-05 0.00047620143794563358 -0.00047513632144806605 -0.000799577567060639 -7.5417233605504068e-05 0.00076622464375128972 -0.00023165283275805853 0.00024052215140681592 0.00034213434699711438 -0.002828915554654914 0.00066883508911788733 -0.00012728567084226941 0.0017463788068503982
leaf_weight=607 7416 21481 30271 4927 4032 657 5774 19548 1156 263 233 3702 2855 319 8310 2903 293 1634 1119 394 67106 94696 3734 5591 235 61511 3508 12480 882 253 6602 216 9918 240 3667 272 6185 3648 236 1326 4796 582611 837 169238 2698 12800 964 17826 241 198312 6225 1528 2117 324 3007 9660 632 6169 793 350 5323 1429
leaf_count=607 7416 21481 30271 4927 4032 657 5774 19548 1156 263 233 3702 2855 319 8310 2903 293 1634 1119 394 67106 94696 3734 5591 235 61511 3508 12480 882 253 6602 216 9918 240 3667 272 6185 3648 236 1326 4796 582611 837 169238 2698 12800 964 17826 241 198312 6225 1528 2117 324 3007 9660 632 6169 793 350 5323 1429
internal_value=-8.51596e-07 -1.55394e-05 2.03389e-06 0.000562549 -5.22394e-06 9.76048e-05 6.7782e-05 0.000293865 0.000662635 0.000655877 4.44231e-05 0.000281617 0.000308376 -5.83345e-06 -5.17288e-05 0.000698182 0.000744509 0.000446983 0.00115289 0.000285424 -2.1577e-05 -1.19049e-05 -0.00037162 -0.000695336 -0.00224404 -0.000292675 0.000238914 0.00045022 0.00143983 0.000540732 -1.20779e-05 0.00184615 0.000561937 0.000950096 0.00108107 0.00322373 0.000999806 0.00118636 0.000424105 -9.19209e-06 0.000615063 -1.4979e-05 0.000691485 -1.65137e-05 -3.17133e-05 -8.98702e-05 -0.000448166 -0.000593415 -0.000520995 -5.00755e-05 -2.73522e-05 0.000244327 -4.29918e-05 -0.00174819 0.000207135 0.000129273 0.000506404 -8.03207e-06 -0.00227235 0.001752 0.000146277 0.00128461
internal_weight=1.42808e+06 1.3918e+06 1.3088e+06 36284 1.27704e+06 175225 164650 31760 31357 6290 158360 27687 27454 130673 112885 30750 29594 12093 2753 17788 1.10182e+06 104575 9879 6145 554 82992 9340 13756 1276 6027 1.03471e+06 509 10575 17501 14012 512 13500 9833 3489 1.02811e+06 12212 997840 2163 995677 826439 243828 24374 20148 19184 219454 206654 4226 200429 1358 24599 21592 5763 15829 1034 586 8831 2061
internal_count=1428080 1391796 1308804 36284 1277044 175225 164650 31760 31357 6290 158360 27687 27454 130673 112885 30750 29594 12093 2753 17788 1101819 104575 9879 6145 554 82992 9340 13756 1276 6027 1034713 509 10575 17501 14012 512 13500 9833 3489 1028111 12212 997840 2163 995677 826439 243828 24374 20148 19184 219454 206654 4226 200429 1358 24599 21592 5763 15829 1034 586 8831 2061
is_linear=0
shrinkage=0.05


Tree=26
num_leaves=63
num_cat=0
split_feature=18 28 39 41 42 41 39 44 36 32 36 42 0 31 0 0 35 35 0 36 34 42 39 31 0 42 42 39 41 42 39 36 33 0 41 41 23 33 42 31 35 36 31 32 44 38 43 35 31 42 0 0 39 38 42 36 41 42 0 0 45 32
split_gain=4.3067 2.33476 1.81394 1.5861 1.20353 1.0307 0.837911 0.815775 0.801194 1.07607 0.753371 0.611088 0.62101 0.579195 0.571739 0.544208 0.613094 0.532704 0.663442 0.517345 0.802327 0.62381 0.59063 0.499653 0.473393 1.87382 1.98045 0.909087 0.762899 0.678904 1.98765 0.887991 0.855282 0.808619 0.794886 0.778634 0.88623 0.773253 0.766745 0.765572 1.16421 0.8455 1.06854 0.915659 1.11487 0.808287 0.937966 0.772511 1.10253 0.763307 1.86192 1.1006 0.831285 0.758574 0.676278 0.638519 0.81342 0.624307 0.624088 0.610806 0.53838 0.521086
threshold=-14804.753276209676 3.4938899950224003 -3.5618814749891725 0.00059394753000734286 -0.00039358959308782594 0.0054743241009301133 9.0349859338209502 42.938624338624344 -1.4858340711421278 -0.037626604525216746 0.23717105263157903 0.0014741774476805343 149467.45587151003 5.1536516853932595 -63950.867286822409 -114065.19957290936 -0.20933563803396224 0.05064102564102569 -124086.76974368218 -1.3010416666666662 0.17477375565610867 0.13433905080121564 -33.886890259144508 1.59466797608388 54308.572053574775 0.0015283857477457945 -0.00082765270955082956 -9.2996548504745302 4.5232751465265539e-05 -1.0000000180025095e-35 -8.0501973725845861 2.7267942583732063 -0.048310306198655707 -87012.539474916222 0.0082279949997923676 0.0037593566217521707 -0.16630776630776631 0.12411872364128269 -0.070821196191601224 1.0969899665551845 -0.022347066167290885 -0.76628216022708762 -0.65067871140426303 0.057556935817805306 -4.1934000404285419 -14.307534704080206 2.745227351614024 -0.54327876984126966 -0.31694240196078433 0.00058281930731642019 -76186.506675535376 -244866.19623285937 -29.702221684727864 14.981301041179565 0.13433905080121564 -0.80079365079365061 0.001818783904657269 0.00016889358444509698 -111996.49402430088 -31813.803125925184 -6.5026315789473674 -0.18425379630525193
decision_type=2 2 2 2 2 2 2 2 2 2 2 2 2 2 2 2 2 2 2 2 2 2 2 2 2 2 2 2 2 2 2 2 2 2 2 2 2 2 2 2 2 2 2 2 2 2 2 2 2 2 2 2 2 2 2 2 2 2 2 2 2 2
left_child=2 7 3 -1 14 6 11 13 9 -9 15 12 -3 19 -5 16 -6 18 -4 20 21 -2 -22 -14 29 26 28 -27 -26 30 31 32 55 -32 -35 59 37 39 -33 40 47 -42 61 45 -45 46 60 48 58 50 51 -31 -53 -41 -29 -21 -57 -28 -37 -34 -44 -43
right_child=1 5 17 4 10 -7 -8 8 -10 -11 -12 -13 23 -15 -16 -17 -18 -19 -20 24 22 -23 -24 -25 25 27 57 54 -30 49 33 38 35 34 -36 36 -38 -39 -40 53 41 42 43 44 -46 -47 -48 -49 -50 -51 -52 52 -54 -55 -56 56 -58 -59 -60 -61 -62 -63
leaf_value=0.00021057185890685495 0.00017738310618139872 -0.00020788152843778269 0.00052014131333649369 0.00047291166735058149 0.00050109548486495538 0.001085615479219071 -0.00046038360616249251 0.0047433861654728668 0.0001891110375195588 0.00082842701667266169 0.00055295669987349895 -5.7115289075014175e-05 -0.00091295735269857634 0.00080687307878199032 -0.00054419185712758166 0.0009276769915541734 0.0018461592658735378 -0.00041367986836859938 -8.2365486012414709e-05 -0.0014508515507570912 0.0019438732944579815 0.00151028925220331 -0.00035818926348680325 0.00010031408689523384 0.00043791238835424779 0.00039380884102450595 -0.00055522606330919884 0.00011405691245642207 -9.5640961316804954e-05 0.0013404923941649561 -0.00020364619936885436 -0.002905652702262842 -0.00030676384122567244 4.6393858310389147e-05 0.00070870103003740394 0.0025968396257773402 0.00236988798845102 0.00041717604174745993 -0.00022925199055159103 -0.0017463099933714709 -0.0020672943654218212 0.00060835086095381444 0.00078206750249955814 0.0036804880220236225 -0.00096827913963092472 -6.3316879932116729e-05 0.0020203165842832553 -0.0017289499454989138 -0.0023372187916330797 -3.3941872798727659e-05 -3.0553911314093629e-05 0.000957942722594205 0.00022492515143939567 0.00069771399502018569 -0.00065359048985252942 5.8951050983479562e-05 0.0013194012390900711 -0.00018150772174763228 -0.00060688207102849948 5.2424533999821268e-05 -0.0013452291159702155 0.0039382484328325095
leaf_weight=26060 55123 22729 6927 10373 1055 1455 34326 208 33156 1124 7066 49764 6440 2170 1594 7860 4301 5991 13422 502 287 892 9549 1500 14426 33697 20533 83628 12509 2721 34105 597 52533 109397 4726 343 252 1670 485 2582 655 262 325 304 224 6108 246 2898 350 553484 90487 4323 36730 362 2971 4729 1755 24520 273 15278 3505 213
leaf_count=26060 55123 22729 6927 10373 1055 1455 34326 208 33156 1124 7066 49764 6440 2170 1594 7860 4301 5991 13422 502 287 892 9549 1500 14426 33697 20533 83628 12509 2721 34105 597 52533 109397 4726 343 252 1670 485 2582 655 262 325 304 224 6108 246 2898 350 553484 90487 4323 36730 362 2971 4729 1755 24520 273 15278 3505 213
internal_value=-8.09017e-07 -2.26046e-05 0.000345101 0.000500665 0.000735086 -0.000236802 -0.000253569 -2.32072e-06 0.000237414 0.00143977 0.000969713 -0.000165308 -0.000340863 -9.25271e-06 0.000337434 0.00119253 0.00158121 7.27154e-07 0.000122734 -1.07402e-05 0.000125474 0.000198609 -0.000291018 -0.000721533 -1.87155e-05 5.2717e-05 -0.000149054 0.000173461 0.000190123 -3.34463e-05 -0.000104975 -0.000281641 -0.000265482 9.98001e-06 7.3821e-05 -0.000307579 -0.00057702 -0.000613566 -0.00170597 -0.000705863 -0.000567169 -0.000321269 -0.000219039 -0.00032194 0.00170828 -0.000427199 -0.000972487 -0.00132078 -9.62623e-05 -7.99838e-06 9.89523e-05 0.00036666 0.000302114 -0.00144579 8.77208e-05 0.000267106 0.000400112 -0.000351831 0.00117701 -0.000225838 -0.00116471 0.00210155
internal_weight=1.42808e+06 1.34343e+06 84649 58309 32249 116214 114759 1.22722e+06 34488 1332 20282 80433 30669 1.19273e+06 11967 13216 5356 26340 20349 1.19056e+06 65851 56015 9836 7940 1.12471e+06 192284 71988 120296 26935 932424 244679 96451 95369 148228 114123 88383 20572 20320 1082 18650 15706 11842 11187 10712 528 10184 4076 3864 966 687745 134261 43774 41053 2944 86599 6986 6484 45053 616 67811 3830 475
internal_count=1428080 1343431 84649 58309 32249 116214 114759 1227217 34488 1332 20282 80433 30669 1192729 11967 13216 5356 26340 20349 1190559 65851 56015 9836 7940 1124708 192284 71988 120296 26935 932424 244679 96451 95369 148228 114123 88383 20572 20320 1082 18650 15706 11842 11187 10712 528 10184 4076 3864 966 687745 134261 43774 41053 2944 86599 6986 6484 45053 616 67811 3830 475
is_linear=0
shrinkage=0.05


Tree=27
num_leaves=63
num_cat=0
split_feature=18 18 41 0 35 33 42 0 39 39 39 37 25 35 28 40 0 41 42 32 37 35 41 35 39 35 42 27 32 32 35 37 33 33 39 0 41 0 31 31 35 41 35 33 33 20 35 42 28 35 33 19 35 32 0 33 0 31 0 31 25 39
split_gain=3.8868 2.14052 1.66276 1.2235 0.943033 0.960216 0.762368 1.48807 1.06764 0.737173 0.729703 0.62936 0.601587 0.6937 0.800046 0.668328 0.588376 1.13817 0.577707 0.549026 0.54581 0.764086 0.805654 0.549182 0.831051 0.534165 1.30629 0.52724 0.525242 0.718285 0.52239 0.520558 0.504854 0.86807 0.499493 0.490965 0.46431 0.444975 0.655381 0.44118 0.711456 0.422964 0.421007 0.769335 0.39772 0.388828 0.417142 0.370548 0.377106 0.369351 0.368679 0.368557 0.494024 0.379167 0.380297 0.365963 0.363768 0.363144 0.430983 0.357223 0.349767 0.348197
threshold=-14804.753276209676 13627.656410256413 0.0010661999493718848 -118851.43947429578 0.05064102564102569 -0.24251119251119249 0.011878728656195457 110232.49543985535 -9.2996548504745302 -11.3453266074767 -23.7351735858166 -0.3637716530745877 -2.1815992423217421 -0.026178728070175437 -14.406101128703865 -10.507926768063678 -154451.40993294315 0.00023721178415938305 -1.0000000180025095e-35 0.14365079365079361 0.2989988448209473 -0.58893280632411049 0.0015163534480606945 -0.66847826086956519 -22.429328358594823 -0.21148351648351646 0.17748286442331354 3.7499924236684561 -0.033644977360389058 -0.033095392602206349 0.22361043549502038 -1.0000000180025095e-35 0.27817460317460324 0.11876551568494699 -15.328615806543935 -52975.049988401202 0.0021830771152378616 -342439.6444895934 1.9218559218559224 -0.66224315822474933 -0.75926136363636343 0.007563379381705441 -0.19999999999999996 -0.87465184374032889 0.7311038426451284 -383.80021525975354 0.54307357789156219 0.0014741774476805343 33.682589652340546 -0.70541140719962592 0.12411872364128269 -44098.020833333321 0.17922473867595826 2.7990654205607481 -61106.430405146973 0.2097560975609756 180755.40027977774 5.1536516853932595 -54734.01060609975 0.60616330390920503 -1.6775001308284054 -39.628619512938265
decision_type=2 2 2 2 2 2 2 2 2 2 2 2 2 2 2 2 2 2 2 2 2 2 2 2 2 2 2 2 2 2 2 2 2 2 2 2 2 2 2 2 2 2 2 2 2 2 2 2 2 2 2 2 2 2 2 2 2 2 2 2 2 2
left_child=2 6 10 4 12 -6 27 11 36 18 -1 -8 -4 39 31 -16 17 28 55 -19 23 22 -22 24 35 26 44 37 -13 -30 -7 -15 33 41 -21 -18 -9 38 -2 -14 -41 47 43 -27 -25 46 -32 48 -3 -11 -23 52 53 54 -39 -5 -35 -44 -59 -20 -12 -53
right_child=1 32 3 9 5 30 7 8 -10 49 60 16 13 14 15 -17 20 19 59 34 21 50 -24 25 -26 42 -28 -29 29 -31 45 -33 -34 56 -36 -37 -38 51 -40 40 -42 -43 57 -45 -46 -47 -48 -49 -50 -51 -52 61 -54 -55 -56 -57 -58 58 -60 -61 -62 -63
leaf_value=0.00038823860460773893 -0.00010067979941179439 -0.00032936974665073021 -0.00012995601408918099 0.00031174733064767305 -0.0010737770307008962 0.0022200934177072184 0.00056462671522521069 0.00052618223455212158 0.00010655350351779496 -0.0013448486450055334 -0.00045027734070789176 -0.00051177409272152403 -9.0768529526934246e-05 0.003577380343409662 0.0042690854385259661 0.0018808423573940963 -0.0032530585639407258 -0.00078573191130155799 0.0010178250421955417 -0.0034530544778060821 0.0047109011416289585 0.00040337932173459506 0.00084714628985304088 0.0002391147825318601 -0.00023792290474976328 -0.0023248802341417018 0.0039645033102090844 -0.00022660712352291554 0.0026164249705635696 0.00020734725098368705 0.00070094208110740191 0.0011629731375886712 9.4384833811819621e-05 -0.00058156730295636308 -0.00042872545468943771 -0.00018829202596680263 0.0013844113113055823 0.00039251362664664846 0.0018484921927538263 0.0029874957684473055 0.00073087357365435313 0.0012274208271213852 2.90748678608026e-06 -0.00024315592826745834 -0.00088173736814753953 4.7285560613074306e-05 0.0029911151146083791 -0.0001587345871617198 -0.00088797920633185059 4.4408258038735655e-05 -0.0012616670995029161 0.00013226144227899465 -0.00022184087300120182 -0.0011999597615337397 -4.5032282521759871e-05 -0.00090763543728961083 -0.0012870032489460043 0.0024459859908543321 0.00026345257480594835 0.00028226377202075228 4.1334289898842847e-05 -3.4237032908535541e-05
leaf_weight=16216 957 19565 882 4983 1004 471 5150 18465 24108 508 4243 2472 1208 233 421 963 377 3234 6007 401 206 5463 391 25302 9764 512 233 32161 341 3340 1037 5334 8204 7610 207 200 1723 18106 785 406 2500 482 194362 3333 817 2227 246 35686 3573 8218 354 32584 7227 445 6843 702 2405 325 744 2276 24564 864974
leaf_count=16216 957 19565 882 4983 1004 471 5150 18465 24108 508 4243 2472 1208 233 421 963 377 3234 6007 401 206 5463 391 25302 9764 512 233 32161 341 3340 1037 5334 8204 7610 207 200 1723 18106 785 406 2500 482 194362 3333 817 2227 246 35686 3573 8218 354 32584 7227 445 6843 702 2405 325 744 2276 24564 864974
internal_value=-7.68566e-07 -2.14744e-05 0.000327846 0.000564057 0.000885707 0.000308042 -5.85581e-06 6.34918e-05 0.000331183 0.000324075 0.000119949 1.74477e-05 0.00112674 0.00122692 0.00153149 0.00260732 6.28201e-06 -0.000369669 0.000549312 -0.00104489 2.17849e-05 0.00047688 0.00218037 9.41468e-06 -0.000346885 2.57446e-05 0.000237304 -2.75664e-05 5.19479e-05 0.000430519 0.000656534 0.00126403 -0.000276511 -0.000320405 -0.00242339 -0.00219075 0.00059943 -2.06974e-05 0.000777678 0.000712314 0.00104615 -0.000247696 -2.23167e-06 -0.000520358 0.000204055 0.000446723 0.00114006 -0.000259783 -0.000415631 -3.64699e-05 0.000302051 -2.21926e-05 0.000142898 0.000246701 0.000272504 0.000161174 -0.000750971 7.96219e-06 0.000926992 0.000815708 -3.10755e-05 -2.81926e-05
internal_weight=1.42808e+06 1.34343e+06 84649 39626 16932 4985 1.26591e+06 301824 44296 22694 45023 257528 11947 11065 6951 1384 252378 9995 13968 3842 242383 6414 597 235969 10341 225628 26352 964082 6153 3681 3981 5567 77525 69321 608 577 20188 931921 1742 4114 2906 59306 199276 3845 26119 3510 1283 58824 23138 8726 5817 930179 32621 25394 24949 5685 10015 195431 1069 8283 28807 897558
internal_count=1428080 1343431 84649 39626 16932 4985 1265906 301824 44296 22694 45023 257528 11947 11065 6951 1384 252378 9995 13968 3842 242383 6414 597 235969 10341 225628 26352 964082 6153 3681 3981 5567 77525 69321 608 577 20188 931921 1742 4114 2906 59306 199276 3845 26119 3510 1283 58824 23138 8726 5817 930179 32621 25394 24949 5685 10015 195431 1069 8283 28807 897558
is_linear=0
shrinkage=0.05


Tree=28
num_leaves=63
num_cat=0
split_feature=18 18 41 24 41 42 37 35 31 31 39 42 18 25 37 39 35 35 35 35 42 39 42 35 42 37 35 41 31 41 35 39 40 30 40 23 39 35 35 42 41 35 31 34 37 39 32 35 39 37 35 35 38 40 42 40 31 38 41 31 35 41
split_gain=3.52834 2.05777 0.760545 0.718726 1.00167 0.72186 0.876959 0.740888 0.688578 0.75804 0.876111 0.678511 0.62202 0.605768 0.55336 0.534811 0.527667 0.520012 0.673328 0.808258 0.753044 0.601507 0.590357 0.516536 0.465943 0.730439 0.545847 0.535279 0.464931 0.460779 0.442607 1.00971 0.587239 0.440328 0.429503 0.820215 0.417885 0.408899 0.441578 0.613313 0.79459 1.51149 0.566476 0.821174 0.558927 0.580708 0.761201 0.636252 0.507522 0.467298 0.466491 0.459011 0.432169 0.456286 0.433229 0.544355 0.421196 0.528634 0.410673 0.590062 0.495392 0.404153
threshold=-25976.805860805856 -1338.6057416267938 0.0012498908335963248 -0.10682941005521672 0.00026296525916901919 0.015868103693929717 0.43254586362063008 0.5953742203742205 0.27451923076923085 0.061623831775700751 -19.86217282605794 -0.020375212284972351 37174.554728651245 -2.1187683284457473 0.86342738695113841 -11.025764896245471 0.24073863636363649 -0.66847826086956519 -0.20970092149392724 -0.20933563803396224 0.15040173084339273 -12.792109165935207 0.12218951761258998 -0.74154967431859842 0.103967852421812 -0.13636486313246829 0.24320507572656572 4.5232751465265539e-05 -1.4722152217741933 -0.0044615531292395184 0.69416099773242645 40.2802809920694 -14.847996641731161 -0.0044362955234422833 -21.373477641912483 -0.35682216440101916 34.669655839518839 1.3898567323728577 -1.0000000180025095e-35 -0.00039358959308782594 0.00033817475451318647 -0.033771225817352361 -0.70553359683794425 0.54208792892156876 0.92870518994114515 -28.96997862945236 -0.03727107250634689 -0.61014326762714244 19.112898218448734 0.93013194895089779 -0.56125541125541101 -0.23627187386073642 11.815328994589835 7.065598325526012 -0.1536752715434094 33.970095891691734 -0.61045796308954192 -1.0694310298559626 0.0057981831980080034 -0.36745725317153871 -0.43547641073080484 0.00041715818714141369
decision_type=2 2 2 2 2 2 2 2 2 2 2 2 2 2 2 2 2 2 2 2 2 2 2 2 2 2 2 2 2 2 2 2 2 2 2 2 2 2 2 2 2 2 2 2 2 2 2 2 2 2 2 2 2 2 2 2 2 2 2 2 2 2
left_child=2 3 28 5 -5 37 7 17 9 -8 -11 -4 29 -13 -10 -6 34 21 22 20 -20 23 -19 -7 27 -26 36 -21 -1 -3 31 32 -9 -31 35 -15 -27 38 39 40 -2 42 -42 56 45 50 47 -47 -43 52 61 -45 -40 -54 55 -55 57 -44 -58 60 -60 -41
right_child=1 12 11 4 15 6 8 30 14 10 -12 13 -14 16 -16 -17 -18 18 19 24 -22 -23 -24 -25 25 26 -28 -29 -30 33 -32 -33 -34 -35 -36 -37 -38 -39 49 44 41 48 43 51 -46 46 -48 -49 -50 -51 -52 -53 53 54 -56 -57 58 -59 59 -61 -62 -63
leaf_value=-0.00055827249957611936 -3.1569368046158832e-05 -0.0011217303312305146 0.00026530446306907723 8.0773422722115793e-06 0.00057367303332153197 -0.0005881427691791023 0.00075012211038081537 0.0018714017852700686 0.00054069225987716293 0.0012513046115200268 0.0051853806584819381 -0.0003513348070120741 -0.00042860249360857127 0.004793989702719951 -0.00097724661973421097 0.00017221720071661131 0.00028573505669220276 0.00022241851013076881 -0.0005038105812400983 0.00010699015462145919 -0.0034912652213070733 -0.00017241814631479649 0.0011942961829502878 -0.0027558846160597975 0.0020475151565944216 -0.00024832219300777359 0.00058490823224771659 -0.00010949268014734219 0.00032575386050978877 0.00028268581828795678 0.00023883053437133382 0.0035969833344378869 0.00027980619642586744 -0.00015260987025994609 0.0010215198605164144 0.0014121958304881479 -0.0010638457277849659 -0.00043383374630887408 -2.2157729318183673e-05 0.00028400345402673088 3.5370002413245766e-05 -0.0017167458453851453 -0.0020020923564457141 0.0019726039908334221 0.0015908088721291976 -0.00048960634528229848 4.8012999214937138e-05 -5.4264291079907289e-05 0.00011720344395930501 -0.0011682887507746844 5.3594707917029236e-06 7.6044017619652244e-05 0.00019733422955936589 0.001299941523234822 7.2145226844108074e-06 -0.00079042140382893299 -0.00028859350891347377 -0.00048858077791078913 0.0020980626483946361 -0.0011172689121715588 -0.00070893687219805463 0.0012198693724727251
leaf_weight=1650 37582 1190 6195 49266 15824 771 3630 730 1665 400 219 904 21877 219 939 17438 2196 26111 705 115160 301 9579 1662 427 354 16069 1803 37969 15083 6074 13581 307 2812 133469 9048 989 1741 5982 542551 2518 10976 2509 956 519 542 14966 62837 19109 444 857 4675 828 49137 1316 125804 408 17650 1455 284 3337 352 2129
leaf_count=1650 37582 1190 6195 49266 15824 771 3630 730 1665 400 219 904 21877 219 939 17438 2196 26111 705 115160 301 9579 1662 427 354 16069 1803 37969 15083 6074 13581 307 2812 133469 9048 989 1741 5982 542551 2518 10976 2509 956 519 542 14966 62837 19109 444 857 4675 828 49137 1316 125804 408 17650 1455 284 3337 352 2129
internal_value=-7.30137e-07 -1.34198e-05 0.000486024 8.69313e-06 0.000151208 -1.56402e-06 7.61715e-05 5.95701e-05 0.000633545 0.0010259 0.00264317 0.0006978 -0.000180573 0.000898407 -6.6751e-06 0.000363205 0.000989137 3.38828e-05 5.19483e-05 1.54769e-05 -0.00139767 -0.00030452 0.000280578 -0.00136079 2.36899e-05 -0.000203487 -0.000244116 5.33123e-05 0.000238582 -0.000142017 0.000372964 0.000846249 0.000607831 -0.000133662 0.00113975 0.00202529 -0.000328043 -2.181e-05 -1.90828e-05 -8.82855e-05 -0.000195954 -0.000353114 -0.000264753 -0.000394541 -1.07505e-05 -1.89216e-05 -5.51778e-05 -0.00024547 -0.001441 -1.43133e-06 0.000358 0.00080679 -4.09324e-08 6.78814e-05 1.80027e-05 0.000805238 -0.00046187 -0.00108871 -0.000391976 -0.000851252 0.000544503 0.000712766
internal_weight=1.42808e+06 1.3918e+06 36284 1.22919e+06 82528 1.14666e+06 236935 230082 6853 4249 619 19551 162610 13356 2604 33262 12452 212652 201875 174102 1006 10777 27773 1198 173096 19967 19613 153129 16733 140733 17430 3849 3542 139543 10256 1208 17810 909723 903741 183668 76892 39310 36357 25381 106776 106234 96912 34075 2953 720073 9322 1347 719216 176665 127528 1724 24034 2411 21623 3973 636 4647
internal_count=1428080 1391796 36284 1229186 82528 1146658 236935 230082 6853 4249 619 19551 162610 13356 2604 33262 12452 212652 201875 174102 1006 10777 27773 1198 173096 19967 19613 153129 16733 140733 17430 3849 3542 139543 10256 1208 17810 909723 903741 183668 76892 39310 36357 25381 106776 106234 96912 34075 2953 720073 9322 1347 719216 176665 127528 1724 24034 2411 21623 3973 636 4647
is_linear=0
shrinkage=0.05


Tree=29
num_leaves=63
num_cat=0
split_feature=18 28 39 41 42 41 30 44 36 32 0 33 0 37 37 32 0 35 39 36 0 32 31 37 41 44 32 37 37 33 37 31 35 31 36 33 42 24 39 0 27 21 30 36 33 39 39 42 39 0 33 0 42 36 41 32 0 36 42 0 35 35
split_gain=3.19818 1.82436 1.43089 1.27447 1.01687 0.938616 0.892683 0.681795 0.705867 0.926357 0.643418 1.06873 0.609805 0.583514 0.569826 0.557608 0.548133 0.541111 0.520002 0.499526 0.495176 0.483456 0.469507 0.456757 0.442603 0.451506 0.430347 0.429533 0.70879 0.592547 0.473407 0.422537 0.419983 0.417916 0.404839 0.631072 0.611958 0.401222 0.392959 0.392556 0.383451 0.38121 0.40843 0.376023 0.372785 0.370028 0.484542 0.362727 1.97493 1.36511 0.849219 0.822963 2.68304 0.930198 0.828564 1.60126 0.730633 0.721954 0.967873 0.940133 0.81641 0.883944
threshold=-14659.515375339159 -2.3067439440365347 -1.6251413896319773 2.2542607733030748e-05 -1.0000000180025095e-35 0.0049272612208305037 -0.0040870688403592667 42.938624338624344 -1.4858340711421278 -0.037626604525216746 -114065.19957290936 -0.1481562774363476 149467.45587151003 0.8638406631664749 -0.10466781901698115 -0.088932806324110658 -78475.569044965072 0.05064102564102569 0.96213720276195158 -1.3010416666666662 -150417.63798165778 3.1782407407407418 5.1536516853932595 0.95555528459249872 0.0034562524602144095 -11.533275713050992 -0.037177104184539123 0.93013194895089779 0.68973725046684742 0.12411872364128269 0.95157356596782527 4.1443871706758308 -0.26636085626911304 -0.80679723502304135 -0.99069767031166112 0.50568255198243584 -0.10734110058880679 3.0518122743682312 -4.3421231765940567 307610.11997375771 -9.05935267175572 -53.828393828393693 -0.0012029622446277275 0.39415279556124633 -1.131862745098039 -46.107745564797781 -41.573091182367328 -1.0000000180025095e-35 -3.8048639875127637 -14232.257982028908 -0.048781648581762795 -139195.11476325951 0.0038331939487896722 0.87677448337825725 0.00011457435594859471 3.6623931623931636 -198570.00832428204 0.060535588442565187 -0.093294582889711472 -162968.33194343309 0.12394464546435598 -0.6363553113553112
decision_type=2 2 2 2 2 2 2 2 2 2 2 2 2 2 2 2 2 2 2 2 2 2 2 2 2 2 2 2 2 2 2 2 2 2 2 2 2 2 2 2 2 2 2 2 2 2 2 2 2 2 2 2 2 2 2 2 2 2 2 2 2 2
left_child=2 7 3 13 16 6 43 19 9 -9 11 -6 18 -1 -13 -14 26 20 -8 45 32 37 23 27 -16 -26 -5 28 34 39 -29 -23 -4 -11 35 36 38 -7 -21 -30 -28 -20 -43 -3 -19 -2 -47 48 49 50 -36 52 53 56 -54 -56 -49 58 60 -60 61 -52
right_child=1 5 17 4 10 21 12 8 -10 33 -12 14 15 -15 24 -17 -18 44 41 22 -22 31 -24 -25 25 -27 40 30 29 -31 -32 -33 -34 -35 47 -37 -38 -39 -40 -41 -42 42 -44 -45 -46 46 -48 51 -50 -51 57 -53 54 -55 55 -57 -58 -59 59 -61 -62 -63
leaf_value=1.8874317356856895e-05 -0.00093892275569674121 5.1885345021623815e-05 -3.0665367206283968e-06 -0.0002705436779575332 9.7996969515128324e-05 -0.00019128523113369695 -7.2307433951932193e-05 0.0044191392731660851 0.00017579613952957819 0.00022349059737036944 0.00055317051823114969 0.00036388822514017612 -0.0010744174388684668 0.00084672807429009289 0.0011949530501317749 -0.00036356465690296158 -0.00031716682309709305 -0.0015228078010535988 -0.00017653636522166975 -0.0030374302090535824 -4.1776545392501555e-05 0.0037079238658628954 0.00072886322318893788 0.0020929141870970704 0.0039580391574779196 0.0017706355622166018 0.0012922325099777783 -0.0017224451503322022 0.00054331048259415547 -0.00073037514438023055 4.6853588742554146e-05 0.00075284376440119848 0.00094302719576560927 0.0024752399153275804 0.0002320632223105947 0.0010453025300489643 -0.00021875369375142715 0.001428937128811503 -0.00032450910220451363 0.0025572567196531348 0.00041679767559645096 -0.00021169783578154947 -0.00062962131811284631 0.00071639647447286963 -0.00029969812330362809 0.0022910105361575875 0.00013623163587797278 0.0009228766587530212 6.2478058840900773e-05 0.00012274718641811896 -0.0012922590698889714 -8.690017150194469e-06 -2.7378908735165568e-05 -0.00034939138782382704 -0.00060209642723020335 -0.0047402957429898418 0.00038470913179004275 -0.00049874180149644032 -0.0011171811900755806 -0.00025788958322766752 -0.00067792844351111776 0.00049254672397231402
leaf_weight=18637 797 6815 2033 1829 2335 964 55570 208 32847 831 14182 1399 3129 2403 5292 23313 3289 715 32227 320 14708 246 2127 257 262 2369 1528 773 6719 926 740 238 2773 274 6911 969 25726 633 229 251 6896 10655 12953 3096 4840 262 61869 9526 140298 23796 749 751445 9778 3074 6151 243 18662 40288 3555 30426 2325 9399
leaf_count=18637 797 6815 2033 1829 2335 964 55570 208 32847 831 14182 1399 3129 2403 5292 23313 3289 715 32227 320 14708 246 2127 257 262 2369 1528 773 6719 926 740 238 2773 274 6911 969 25726 633 229 251 6896 10655 12953 3096 4840 262 61869 9526 140298 23796 749 751445 9778 3074 6151 243 18662 40288 3555 30426 2325 9399
internal_value=-6.93631e-07 -1.95749e-05 0.00029583 0.000427592 0.000595442 -0.000184018 -0.00019887 1.08324e-06 0.000221238 0.00135805 0.000779376 0.00105458 -0.000231823 0.000113424 0.00129419 -0.000447683 0.000244482 -2.17406e-05 -0.000180589 -5.40782e-06 0.0001022 0.000870468 -1.32759e-05 -1.47194e-05 0.00145845 0.00198846 0.000424651 -1.52148e-05 -1.40481e-05 0.000457959 -0.000857091 0.00225481 0.000542817 0.000781843 -1.74867e-05 -0.000207791 -0.000254004 0.000450919 -0.00190581 0.000615836 0.00057559 -0.000288356 -0.000441 0.000259465 -0.000457128 0.000131586 0.000145318 -1.25799e-05 -6.41553e-05 -0.000215425 -0.00030135 4.06015e-06 0.000206047 0.000476513 -0.000316788 -0.000759366 0.00056658 -0.000343848 -0.000209514 -0.000347786 0.00016719 0.000360814
internal_weight=1.42808e+06 1.34259e+06 85490 60421 39381 149839 147758 1.19275e+06 34160 1313 25839 11657 137847 21040 9322 26442 13542 25069 111405 1.15859e+06 19514 2081 1.09566e+06 1.09354e+06 7923 2631 10253 1.09328e+06 1.09177e+06 7896 1513 484 4806 1105 1.08387e+06 27244 26275 1597 549 6970 8424 55835 23608 9911 5555 62928 62131 1.05663e+06 257747 117449 93653 798879 47434 31262 16172 6394 28188 86742 46454 33981 12473 10148
internal_count=1428080 1342590 85490 60421 39381 149839 147758 1192751 34160 1313 25839 11657 137847 21040 9322 26442 13542 25069 111405 1158591 19514 2081 1095663 1093536 7923 2631 10253 1093279 1091766 7896 1513 484 4806 1105 1083870 27244 26275 1597 549 6970 8424 55835 23608 9911 5555 62928 62131 1056626 257747 117449 93653 798879 47434 31262 16172 6394 28188 86742 46454 33981 12473 10148
is_linear=0
shrinkage=0.05


Tree=30
num_leaves=63
num_cat=0
split_feature=18 28 39 0 33 42 18 45 32 24 44 36 39 30 36 31 42 30 0 27 31 30 31 31 35 35 33 36 36 34 34 42 32 42 36 39 33 31 36 36 36 35 0 36 36 42 32 32 36 36 35 31 0 32 0 45 31 0 39 38 38 31
split_gain=2.94569 1.68353 1.34241 1.00673 0.895734 0.753943 0.721476 0.71194 0.708174 0.611315 0.600836 0.593934 0.746191 0.571126 0.5545 0.637783 0.508386 0.478191 0.476891 0.457535 0.451257 0.445141 0.436363 0.511984 0.430279 0.422952 0.420915 0.687275 0.62796 0.499163 0.463981 0.723199 0.433251 0.430847 1.85143 1.46451 1.23554 1.04647 1.00263 0.84643 0.76886 0.748733 0.764863 0.688685 0.868161 0.683778 1.57385 1.38219 0.60279 0.830992 0.644484 0.59534 2.17201 1.53033 0.695523 0.875991 0.645383 0.625515 0.550884 0.546343 0.54511 0.544375
threshold=-14804.753276209676 12.374388888888891 -1.6251413896319773 -84343.623876933285 -0.18483438269915134 0.0034541548362587186 -45865.034348537309 -7.1650326797385615 3.1782407407407418 3.0518122743682312 42.938624338624344 -1.6348484848484848 -21.989063059072947 -0.0014060531272389952 0.79051618587726435 -1.4426553489276219 0.0049487934826583082 -0.00094421876820070772 -206750.30128146693 -9.6536014999860615 5.1536516853932595 -0.0012833352744969974 -1.0741571194762678 -0.7261092608508809 0.05064102564102569 -0.58893280632411049 -0.1481562774363476 -1.1810730253353203 -0.99069767031166112 0.19143253925862627 0.71547619047619071 0.13433905080121564 0.95433316035288029 -0.034962802825724816 0.060535588442565187 -13.399104919205072 0.024218009478672978 0.65361019348749416 2.3592238703925896 2.5026315789473688 0.065918322365313711 -0.021527777777777774 -233654.15334272865 0.23076923076923081 0.40590606952163016 -0.10010167860147617 0.081939799331103694 0.13885799035965887 -0.76628216022708762 -0.40619525402134088 0.020193202979515826 3.0944373673036099 -206750.30128146693 3.6623931623931636 -275488.95403383451 -4.9796231739707828 3.169032055873926 -258287.34920582434 -26.153709676686706 26.140519263929008 30.699251431619238 -0.19544181308887185
decision_type=2 2 2 2 2 2 2 2 2 2 2 2 2 2 2 2 2 2 2 2 2 2 2 2 2 2 2 2 2 2 2 2 2 2 2 2 2 2 2 2 2 2 2 2 2 2 2 2 2 2 2 2 2 2 2 2 2 2 2 2 2 2
left_child=2 10 3 4 25 8 16 13 21 -7 20 12 -12 -6 15 -9 -5 -15 -19 -17 26 -3 -8 -24 -4 -1 29 30 -29 -2 31 32 -28 34 37 36 38 41 43 -38 -37 61 -43 -36 -45 46 48 -48 -44 -50 60 54 53 56 55 -35 -53 -55 -54 -46 -51 -30
right_child=1 5 24 6 7 9 22 14 -10 -11 11 -13 -14 17 -16 19 -18 18 -20 -21 -22 -23 23 -25 -26 -27 27 28 33 -31 -32 -33 -34 51 35 40 39 -39 -40 -41 -42 42 45 44 59 -47 47 -49 49 50 -52 52 58 57 -56 -57 -58 -59 -60 -61 -62 -63
leaf_value=0.0017251020116220033 -7.5695788970338822e-05 -0.00022861742050167417 8.7195134160995309e-05 0.00026589144228732724 -3.2983849465298679e-05 -0.00016026253409769279 -0.00055561648613262427 -0.00013320592790607547 0.00070332602145326234 0.00047587743923997277 0.0024467983126968858 0.00015773287588468073 9.4154652000854965e-05 0.0037938580350404907 5.256716669117627e-05 0.0013229890681464716 0.0027264744692362449 0.0036873817745430824 0.00092061799578077174 0.00069879114734811953 0.0006984407060070634 -0.00058451079166303829 0.00096866665776909828 9.9277043824006129e-05 -0.00041569852494319063 -6.8998557535537736e-05 0.00020772932698532741 -0.00029675358838288779 -0.00036945582300111049 -0.00045883799273366375 -0.00031928211949306664 0.0018783293458479251 -0.00052033697671648215 0.0018855362230727802 -0.001314274021852576 -0.0016965601405969468 0.00055435579698297341 -0.00061074965688272796 -0.0040812617879929384 -0.001875118182747761 -4.0984685572176109e-05 -0.00086771837151461331 -0.0011988137738354609 -2.2154851523886022e-05 -0.00094146102278804683 0.0001540791172389877 0.0061311242780808751 0.0011766880919751009 0.001453380869689715 0.00063806176096437624 -0.00048354194843862629 -0.0011012818317295448 -0.00045687644616703137 -0.0058884924530077758 -5.1009365430188302e-06 0.00022154956068510265 0.0021172172375264016 -0.0022632398436483649 0.00057082123989460104 0.0014921285643562565 -0.0016960550330419267 0.00036620795234528316
leaf_weight=348 72162 14442 19335 389 352 32165 2247 2026 1393 4279 650 34324 700 356 3583 3451 456 207 629 19663 2244 22435 1863 18605 5453 5863 53798 19104 9625 9636 4673 634 2124 1056 4319 721 2855 4920 231 410 25636 1450 512 4495 8577 25681 232 358 2102 7310 1847 692 1441 214 942066 3151 201 268 13713 237 259 3404
leaf_count=348 72162 14442 19335 389 352 32165 2247 2026 1393 4279 650 34324 700 356 3583 3451 456 207 629 19663 2244 22435 1863 18605 5453 5863 53798 19104 9625 9636 4673 634 2124 1056 4319 721 2855 4920 231 410 25636 1450 512 4495 8577 25681 232 358 2102 7310 1847 692 1441 214 942066 3151 201 268 13713 237 259 3404
internal_value=3.65279e-07 -1.7687e-05 0.000286122 0.00041393 0.000578475 -0.000248334 0.000159164 0.000690713 -0.000403331 -8.55714e-05 -4.097e-06 0.000198193 0.00122691 0.00173663 0.000634489 0.000717426 0.00159373 0.0022592 0.00160569 0.000791986 -9.95286e-06 -0.000445134 0.000105798 0.000178409 -2.34342e-05 3.15242e-05 -1.12451e-05 -3.439e-06 -1.26192e-05 -0.000120831 0.00015955 0.000199114 0.000180076 -7.5366e-06 -0.00010362 -0.000334871 -0.000645053 8.66746e-05 -0.000808555 0.000249276 -8.62732e-05 0.000151687 0.000259502 -0.000765669 -0.000587637 0.000302176 0.000603545 0.00312487 0.000479889 0.000554511 0.00035385 2.96002e-06 0.000300448 -0.00160234 -2.23634e-06 0.000639227 -0.000376849 -0.00387279 0.000473097 -0.000876024 0.000558192 -0.000177254
internal_weight=1.42757e+06 1.34275e+06 84826 60038 36478 74714 23560 30267 38270 36444 1.26803e+06 35674 1350 1544 28723 25140 845 1192 836 23114 1.23236e+06 36877 22715 20468 24788 6211 1.23011e+06 1.14832e+06 1.08709e+06 81798 61229 56556 55922 1.06798e+06 105181 47481 21124 57700 17859 3265 26357 52780 39751 17628 13309 38301 12620 590 12030 11518 9416 962802 16529 1375 946273 4207 893 482 15154 8814 7569 13029
internal_count=1427572 1342746 84826 60038 36478 74714 23560 30267 38270 36444 1268032 35674 1350 1544 28723 25140 845 1192 836 23114 1232358 36877 22715 20468 24788 6211 1230114 1148316 1087087 81798 61229 56556 55922 1067983 105181 47481 21124 57700 17859 3265 26357 52780 39751 17628 13309 38301 12620 590 12030 11518 9416 962802 16529 1375 946273 4207 893 482 15154 8814 7569 13029
is_linear=0
shrinkage=0.05


end of trees

feature_importances:
zhvi_t=265
derived__derived__drawdown=219
fema__disasters_10yr_severe_storm=182
fema__disasters_10yr_count=176
fema__disasters_10yr_other=151
derived__derived__vol_24m=151
nri__wildfire_risk=133
fema__disasters_10yr_tornado=117
fema__disasters_10yr_flood=91
fema__disasters_10yr_fire=82
acs__median_household_income=70
nri__composite_risk=36
acs__median_home_value=34
acs__pop_65_plus=34
acs__bachelors_or_higher_pct=24
afdc__afdc__dcfc_ports=24
acs__owner_occupied_pct=21
afdc__afdc__station_count=19
fema__disasters_10yr_hurricane=18
nri__flood_risk_combined=17
afdc__afdc__l2_ports=17
acs__age_28_38_share=10
acs__pop_30_34=7
acs__total_pop=6
acs__pop_25_29=5
acs__pop_35_39=5
fred__treasury_10y=2
acs__pop_40_44=2
fred__unemployment_us=1
acs__median_gross_rent=1
acs__owner_occupied_units=1
acs__occupied_units_total=1

parameters:
[boosting: gbdt]
[objective: regression]
[metric: rmse]
[tree_learner: serial]
[device_type: cpu]
[data_sample_strategy: bagging]
[data: ]
[valid: ]
[num_iterations: 1500]
[learning_rate: 0.05]
[num_leaves: 63]
[num_threads: 0]
[seed: 0]
[deterministic: 0]
[force_col_wise: 0]
[force_row_wise: 0]
[histogram_pool_size: -1]
[max_depth: -1]
[min_data_in_leaf: 200]
[min_sum_hessian_in_leaf: 0.001]
[bagging_fraction: 0.8]
[pos_bagging_fraction: 1]
[neg_bagging_fraction: 1]
[bagging_freq: 5]
[bagging_seed: 3]
[bagging_by_query: 0]
[feature_fraction: 0.8]
[feature_fraction_bynode: 1]
[feature_fraction_seed: 2]
[extra_trees: 0]
[extra_seed: 6]
[early_stopping_round: 0]
[early_stopping_min_delta: 0]
[first_metric_only: 0]
[max_delta_step: 0]
[lambda_l1: 0]
[lambda_l2: 0]
[linear_lambda: 0]
[min_gain_to_split: 0]
[drop_rate: 0.1]
[max_drop: 50]
[skip_drop: 0.5]
[xgboost_dart_mode: 0]
[uniform_drop: 0]
[drop_seed: 4]
[top_rate: 0.2]
[other_rate: 0.1]
[min_data_per_group: 100]
[max_cat_threshold: 32]
[cat_l2: 10]
[cat_smooth: 10]
[max_cat_to_onehot: 4]
[top_k: 20]
[monotone_constraints: ]
[monotone_constraints_method: basic]
[monotone_penalty: 0]
[feature_contri: ]
[forcedsplits_filename: ]
[refit_decay_rate: 0.9]
[cegb_tradeoff: 1]
[cegb_penalty_split: 0]
[cegb_penalty_feature_lazy: ]
[cegb_penalty_feature_coupled: ]
[path_smooth: 0]
[interaction_constraints: ]
[verbosity: -1]
[saved_feature_importance_type: 0]
[use_quantized_grad: 0]
[num_grad_quant_bins: 4]
[quant_train_renew_leaf: 0]
[stochastic_rounding: 1]
[linear_tree: 0]
[max_bin: 255]
[max_bin_by_feature: ]
[min_data_in_bin: 3]
[bin_construct_sample_cnt: 200000]
[data_random_seed: 1]
[is_enable_sparse: 1]
[enable_bundle: 1]
[use_missing: 1]
[zero_as_missing: 0]
[feature_pre_filter: 1]
[pre_partition: 0]
[two_round: 0]
[header: 0]
[label_column: ]
[weight_column: ]
[group_column: ]
[ignore_column: ]
[categorical_feature: ]
[forcedbins_filename: ]
[precise_float_parser: 0]
[parser_config_file: ]
[objective_seed: 5]
[num_class: 1]
[is_unbalance: 0]
[scale_pos_weight: 1]
[sigmoid: 1]
[boost_from_average: 1]
[reg_sqrt: 0]
[alpha: 0.9]
[fair_c: 1]
[poisson_max_delta_step: 0.7]
[tweedie_variance_power: 1.5]
[lambdarank_truncation_level: 30]
[lambdarank_norm: 1]
[label_gain: ]
[lambdarank_position_bias_regularization: 0]
[eval_at: ]
[multi_error_top_k: 1]
[auc_mu_weights: ]
[num_machines: 1]
[local_listen_port: 12400]
[time_out: 120]
[machine_list_filename: ]
[machines: ]
[gpu_platform_id: -1]
[gpu_device_id: -1]
[gpu_use_dp: 0]
[num_gpu: 1]

end of parameters

pandas_categorical:[]
