tree
version=v4
num_class=1
num_tree_per_iteration=1
label_index=0
max_feature_idx=45
objective=regression
feature_names=zhvi_t fred__mortgage_30y fred__real_rate_10y fred__m2_sa fred__treasury_10y fred__case_shiller_us fred__lumber fred__unemployment_us fred__mortgage_30y_d1m fred__mortgage_30y_d3m fred__mortgage_30y_d12m fred__real_rate_10y_d1m fred__real_rate_10y_d3m fred__real_rate_10y_d12m fred__treasury_10y_d1m fred__treasury_10y_d3m fred__treasury_10y_d12m acs__total_pop acs__median_household_income acs__median_home_value acs__median_gross_rent acs__owner_occupied_units acs__occupied_units_total acs__pop_25_29 acs__pop_30_34 acs__pop_35_39 acs__pop_40_44 acs__pop_65_plus acs__bachelors_or_higher_pct acs__owner_occupied_pct acs__age_28_38_share fema__disasters_10yr_count fema__disasters_10yr_fire fema__disasters_10yr_flood fema__disasters_10yr_hurricane fema__disasters_10yr_other fema__disasters_10yr_severe_storm fema__disasters_10yr_tornado nri__flood_risk_combined nri__wildfire_risk nri__composite_risk derived__derived__vol_24m derived__derived__drawdown afdc__afdc__station_count afdc__afdc__l2_ports afdc__afdc__dcfc_ports
feature_infos=[-536850.47781083034:4758638.0713400999] [-8.8817841970012523e-16:8.8817841970012523e-16] [-4.4408920985006262e-16:4.4408920985006262e-16] [-1.8189894035458565e-12:1.8189894035458565e-12] [-8.8817841970012523e-16:8.8817841970012523e-16] [-2.8421709430404007e-14:2.8421709430404007e-14] [-2.8421709430404007e-14:2.8421709430404007e-14] [-1.7763568394002505e-15:8.8817841970012523e-16] [-1.1102230246251565e-16:1.1102230246251565e-16] [-2.2204460492503131e-16:1.1102230246251565e-16] [-2.2204460492503131e-16:2.2204460492503131e-16] [-1.1102230246251565e-16:1.1102230246251565e-16] [-2.2204460492503131e-16:2.2204460492503131e-16] [-2.2204460492503131e-16:2.2204460492503131e-16] [-1.1102230246251565e-16:1.1102230246251565e-16] [-2.2204460492503131e-16:2.2204460492503131e-16] [-2.2204460492503131e-16:2.2204460492503131e-16] [-36438.633522727272:89241.941687344908] [-79337.893617021284:161788.83571428573] [-462197.89454094291:1643020.417266187] [-1174.7730769230768:2407.5042735042734] [-6937.1612903225805:19103.973958333332] [-11674.6875:35032.799743260592] [-7.6294736842105255:30.101230769230771] [-7.7270270270270265:63.32476780185759] [-7.4036585365853664:18.169144981412639] [-7.5138790035587188:37.498989898989898] [-30.168181818181822:43.903384615384624] [-45.797777777777782:75.383271375464687] [-70.774276794682436:42.983344824261387] [-0.024038380741394548:0.91171438214037281] [-15.899999999999999:8.1756756756756754] [-14.385714285714286:6.9710144927536231] [-2.625:2.9153225806451615] [-3.806451612903226:2.4666666666666668] [-2.87109375:2.3974763406940065] [-6.6890243902439028:6.9797297297297298] [-0.83505154639175261:1.855072463768116] [-74.004796583190057:59.222056464957419] [-83.226906199980149:73.893355769028034] [-51.765793287944156:65.843600303268502] [-0.011318858896618865:0.052306516650404686] [-0.59528841855473824:0.53723668426804616] [-18.859154929577464:226.51282051282053] [-53.741538461538461:521.08124999999995] [-18.88372093023256:138.7236842105263]
tree_sizes=6303 6307 6356 6325 6374 6353 6330 6346 6412 6356 6400 6325 6354 6407 6331 6406 6429 6400 6337 6312 6377 6383 6343 6329 6414 6474 6399 6354 6382 6401 6331 6350 6399 6374 6358 6367 6360 6403 6355 6350 6385 6329 6397 6398 6327 6354 6340 6373

Tree=0
num_leaves=63
num_cat=0
split_feature=18 19 41 0 18 18 37 32 0 29 33 44 36 0 18 37 0 29 31 41 0 29 41 35 35 37 32 32 31 40 36 41 36 0 37 37 0 36 31 35 35 31 31 35 35 31 37 41 31 33 35 31 0 0 0 32 32 33 0 35 35 40
split_gain=53.5809 28.0881 9.82064 6.64202 3.73645 2.91952 2.68573 4.54544 2.5928 2.51608 2.33906 2.24014 1.74877 1.70618 1.69563 1.65019 1.52735 1.30091 1.22428 1.17029 1.26384 1.12111 1.09714 1.05732 1.02086 0.907529 0.897154 0.866857 0.837721 0.833593 0.740916 0.732499 0.719481 1.88709 2.527 2.46116 2.15979 1.60617 1.10992 1.10575 1.31817 1.0071 2.44142 1.0223 0.88709 0.965148 0.7918 0.759175 1.04184 0.87135 1.35083 1.80418 1.32183 1.31622 0.872643 1.30377 0.866789 0.748857 0.94632 0.715801 1.21035 0.795725
threshold=-17515.56552162849 10070.779220779224 0.0017510654385930237 -114039.34859877832 28999.215909090912 -9899.8682539682541 0.86233986488380576 -0.033644977360389058 -68798.650304350231 -0.7781061658027254 -0.1481562774363476 42.771918181199382 -0.84572885677858045 45490.724178502867 3305.798157248159 -0.13636486313246829 -53706.937857390818 -8.4304601552361813 5.147916666666668 0.0047429700586738037 67443.182916835372 1.0000000180025095e-35 0.00020818625923071761 -0.26636085626911304 0.17922473867595826 0.8638406631664749 -0.010695221148957802 -0.09759963768115941 1.3482930571538165 -30.122629398036846 2.1847872615776693 0.0012993761127279707 0.1597813193047605 -50345.949379456513 0.2989988448209473 -0.13392298458670138 -142717.99934173565 2.5019379844961245 0.31111111111111106 -0.71576037604828791 -0.70541140719962592 -0.36745725317153871 -0.28245810055865922 -0.71576037604828791 0.67622359578236257 2.4971590909090913 -0.39553210597215976 0.0021703761197380423 2.3303027843169093 0.1027199670307027 -1.0000000180025095e-35 -0.70380715911442115 -86877.686679055871 -121101.67823199587 -103798.08733442127 -0.075419656429283596 -0.55273855370132641 -0.049822695035460988 37583.912193529628 0.67622359578236257 0.73363914373088701 -1.8081802442130923
decision_type=2 2 2 2 2 2 2 2 2 2 2 2 2 2 2 2 2 2 2 2 2 2 2 2 2 2 2 2 2 2 2 2 2 2 2 2 2 2 2 2 2 2 2 2 2 2 2 2 2 2 2 2 2 2 2 2 2 2 2 2 2 2
left_child=2 5 8 9 19 16 11 13 21 10 26 14 15 -8 18 -13 24 29 32 20 -3 22 -1 -12 -2 -10 -4 -22 -25 -5 -28 -15 46 34 35 37 39 -34 41 -37 -41 -38 43 -43 -42 -46 -7 -48 49 50 51 -49 -53 -51 55 56 -52 -35 -59 61 -61 -40
right_child=1 4 3 17 -6 6 7 -9 25 -11 23 12 -14 31 -16 -17 -18 -19 -20 -21 27 -23 -24 28 -26 -27 30 -29 -30 -31 -32 -33 33 57 -36 36 38 -39 59 40 44 42 -44 -45 45 -47 47 48 -50 53 54 52 -54 -55 -56 -57 -58 58 -60 60 -62 -63
leaf_value=0.0010626788754405415 0.00084777012515639704 -0.00043427826742050676 -0.00075136664058290709 0.0039936910753471571 -0.0011997105404110246 0.00081941186181528681 0.0011662366690721876 -0.0008116846799082365 0.0001879706259998922 0.0012079639015361385 0.0018310904266243321 0.0060334319271948302 0.00035771842209916495 0.0024056540204616863 -0.00029352221056329607 0.0013746643900398516 9.8143485419386828e-05 0.00047642304757780797 0.0013186442977699991 0.00078652602298813642 -0.0015837165713407221 0.00058352515368946122 0.0017636434443912038 0.003837519578996515 5.3124002634639185e-05 0.0014425792472465416 0.0017792272170380947 -0.00074370282590372448 0.0022763790564801147 0.0015446024643618649 0.0041725665203836927 0.0047188031958438157 -0.00066287925460740429 -0.00025042828639690123 -0.0016155531114231019 -0.00037952574478370072 0.00015769141325361609 -0.0031741457967257064 -0.00028871202899027654 0.0035181375256639058 0.00039464140403320565 -0.0039016362110789707 -0.0004479695919234027 -0.0014617432966593867 0.00024146083444171371 0.0034317736686579315 5.6019100701644296e-05 0.00028775508255385345 -0.0010888480791367782 0.0024435438881746964 0.0010462217237860877 -0.0015434272048391229 -0.00023635369041451643 0.00037876387140501976 0.00021282536247316548 0.00097287600096346251 -0.00068397984958956637 2.1722684570278699e-05 0.0002382256983342607 0.0030438970589549627 0.0002495135183483563 0.00010690736634253795
leaf_weight=13011 22430 51450 296 360 31571 3586 4150 2553 11168 1910 855 211 32968 1252 36488 1917 16732 3202 1907 1576 3432 5776 9777 8051 4930 1655 1993 29218 962 9962 386 471 11810 16803 2964 4017 5026 673 26223 363 17492 684 16385 1153 440 514 663531 9123 1520 1087 1035 3124 5079 2662 56488 9434 2408 147850 76632 471 2186 24665
leaf_count=13011 22430 51450 296 360 31571 3586 4150 2553 11168 1910 855 211 32968 1252 36488 1917 16732 3202 1907 1576 3432 5776 9777 8051 4930 1655 1993 29218 962 9962 386 471 11810 16803 2964 4017 5026 673 26223 363 17492 684 16385 1153 440 514 663531 9123 1520 1087 1035 3124 5079 2662 56488 9434 2408 147850 76632 471 2186 24665
internal_value=7.42172e-05 5.01631e-06 0.00142971 0.00215332 -0.00073473 7.48814e-05 6.01673e-05 0.00094969 0.000940557 0.00289855 0.00315599 5.38631e-05 0.000447388 0.00171536 4.18932e-05 0.0018366 0.000474452 0.00135689 5.28466e-05 -0.000563389 -0.000588685 0.00120572 0.00136342 0.00351148 0.000704583 0.000349897 0.00184456 -0.000832001 0.00367089 0.00163002 0.00216755 0.00303798 5.06826e-05 -7.92622e-06 -0.000174543 -0.000136443 -5.35106e-05 -0.00079827 -0.000180439 0.000373511 0.000534336 -0.000468924 -0.000641757 -0.00237023 0.000475618 0.00196035 7.81966e-05 7.46784e-05 0.000209313 0.000231131 0.000198857 -0.000196059 -0.000734135 0.000977434 0.000297499 0.000668939 -0.000163864 7.15314e-05 9.56309e-05 -5.51856e-05 0.000744867 -9.69585e-05
internal_weight=1.42805e+06 1.35868e+06 69364 27977 117247 1.24144e+06 1.19734e+06 8426 41387 14453 12543 1.18892e+06 35096 5873 1.15382e+06 2128 44092 13524 1.11734e+06 85676 84100 28564 22788 9868 27360 12823 2675 32650 9013 10322 2379 1723 1.11543e+06 356351 115066 112102 99619 12483 76793 22826 18809 23248 18222 1837 18446 954 759077 755491 91960 90440 86691 17326 8203 3749 69365 12877 3443 241285 224482 53545 2657 50888
internal_count=1428048 1358684 69364 27977 117247 1241437 1197345 8426 41387 14453 12543 1188919 35096 5873 1153823 2128 44092 13524 1117335 85676 84100 28564 22788 9868 27360 12823 2675 32650 9013 10322 2379 1723 1115428 356351 115066 112102 99619 12483 76793 22826 18809 23248 18222 1837 18446 954 759077 755491 91960 90440 86691 17326 8203 3749 69365 12877 3443 241285 224482 53545 2657 50888
is_linear=0
shrinkage=1


Tree=1
num_leaves=63
num_cat=0
split_feature=18 19 41 0 18 39 37 39 36 39 18 37 33 0 43 45 39 43 18 0 42 36 31 42 36 41 37 37 41 0 38 42 31 0 42 42 39 39 33 0 0 42 19 45 36 31 33 39 31 43 41 0 42 0 37 0 42 0 37 33 37 45
split_gain=48.3568 25.3495 8.86471 6.14364 3.37215 3.26314 4.45863 3.22833 2.96845 2.40399 2.26411 2.18435 2.16507 2.04237 1.86056 1.72328 1.70612 1.66749 1.51346 1.46686 1.3568 2.77369 1.3223 1.52035 1.21437 1.32844 1.18253 1.06252 1.05618 1.15429 1.00795 1.08644 0.934901 0.895797 4.43499 6.05564 2.07903 1.22429 1.46481 1.12915 1.07486 0.930063 0.888476 0.883792 0.827329 0.812613 0.805876 0.866326 0.827245 0.802032 0.793544 0.772868 0.786598 0.762086 0.75276 0.752043 1.24699 0.750713 0.737624 0.797 0.728961 0.714851
threshold=-17515.56552162849 10070.779220779224 0.0015689786343997415 -114039.34859877832 28999.215909090912 -27.828267083852804 0.86233986488380576 -1.8296056363423536 -1.8080557007746776 -2.7068598740996612 -9331.3255451713358 0.2989988448209473 -0.18638232271325794 -68798.650304350231 3.2076709062003181 -8.1437969924812013 -3.86096800467099 2.9451951951951956 5131.5676122931409 -64782.422645895982 -0.13831122970648593 0.29956460892551712 5.147916666666668 0.11284898883678275 2.5019379844961245 0.0018764609147525044 0.2989988448209473 -0.13636486313246829 0.0047429700586738037 86520.36446074296 11.487175257751959 0.0035597884488989006 1.169981238273921 -70832.459492429029 -1.0000000180025095e-35 0.0022445222219689919 -0.29637609805380899 -3.4032830804610508 -1.0000000180025095e-35 -157844.87596193075 -299543.0067123606 0.00040473399335573133 -17531.487782245586 -4.9279815632801993 2.5019379844961245 2.9285309132161097 0.12411872364128269 -2.2768406292900383 -0.19544181308887185 -3.7282196969696968 1.0000000180025095e-35 -79585.151963404205 0.0060556764029264009 -25008.075239160691 0.2989988448209473 -184059.97157767191 0.0039044110809269739 -70832.459492429029 -0.31957446808510631 0.029412471464616122 -0.13324958123953096 3.6958960328317381
decision_type=2 2 2 2 2 2 2 2 2 2 2 2 2 2 2 2 2 2 2 2 2 2 2 2 2 2 2 2 2 2 2 2 2 2 2 2 2 2 2 2 2 2 2 2 2 2 2 2 2 2 2 2 2 2 2 2 2 2 2 2 2 2
left_child=2 5 9 7 28 6 8 12 14 13 19 17 -4 50 49 -14 51 24 20 -7 21 46 23 33 43 -26 27 -23 29 -3 31 -13 54 34 37 39 40 38 -22 41 -37 -36 -42 -10 -38 -46 48 -48 -12 -2 -1 -5 -53 -8 -25 56 -44 -28 -40 -60 -39 -45
right_child=1 4 3 16 -6 10 53 -9 11 -11 18 30 15 -15 -16 -17 -18 -19 -20 -21 22 26 -24 32 25 -27 57 -29 -30 -31 -32 -33 -34 -35 35 36 44 60 58 -41 42 -43 55 61 45 -47 47 -49 -50 -51 -52 52 -54 -55 -56 -57 -58 -59 59 -61 -62 -63
leaf_value=0.0010414201691380976 0.0026438426435379772 -0.00050911948831269989 0.0015972366044295463 0.0019077811033618511 -0.0012110384425157593 0.00061298183238616289 0.0011176990095777253 0.0012922612946756873 0.00032842711839779141 0.00018431180461448796 0.00014054408007995446 -0.0034115392479605183 0.0071557332349096829 0.000446850763782342 0.003622658372207762 0.0032356650191276773 0.00025716681286652466 0.00051360755758205357 -0.00039175375684178255 3.0708475715864282e-05 0.0002563400039871945 -0.0030858916941868789 0.001323081581077673 -0.0007052867370331401 -0.00029265359728803346 -0.0042751085421222149 -0.0011238784723855508 -0.00015187074686592376 0.00067588627907199099 -0.00091310384601428615 0.0006488635265027784 -0.00016748450889190526 0.0002255891058117605 -9.2716134515165606e-06 0.0010098661680291612 -0.0028748158459693993 -9.7716296867638407e-05 -0.00077907050129767631 -0.0034836724550851919 0.0002254801407008073 0.00022898057577742104 0.00028598941372016983 0.00033770539287598597 -9.0932862074488254e-05 -5.3333640180978797e-05 0.0030350192825140628 0.0025880745371393821 0.00032429928637517141 0.00097187813739177105 0.00016808434866373155 0.0016898057631401506 0.0006682963658180876 0.0020820145927404193 0.0027986278550643289 0.00095337990062162011 -0.00059762663191146074 -0.0019416093792872246 -0.0052470490897562946 -0.00085855649518209944 8.7269964387581736e-05 -0.00015552629713888773 0.00038440870820584746
leaf_weight=10077 451 58818 2146 5781 31571 22059 1066 3435 27606 11345 5242 823 289 9502 956 9373 3599 29017 29960 21222 3698 328 1778 15795 573 330 242 5208 1576 25282 352 376 3919 801521 9728 534 28360 5565 254 58232 2833 8159 785 49268 428 424 1136 673 6973 1191 8875 3586 1356 1835 715 21617 2547 203 25882 2437 29714 9422
leaf_count=10077 451 58818 2146 5781 31571 22059 1066 3435 27606 11345 5242 823 289 9502 956 9373 3599 29017 29960 21222 3698 328 1778 15795 573 330 242 5208 1576 25282 352 376 3919 801521 9728 534 28360 5565 254 58232 2833 8159 785 49268 428 424 1136 673 6973 1191 8875 3586 1356 1835 715 21617 2547 203 25882 2437 29714 9422
internal_value=-8.07124e-07 -6.6548e-05 0.00128691 0.00194272 -0.000769307 -1.76146e-07 0.000243974 0.00264138 0.00019729 0.000799729 -2.70911e-05 0.00016041 0.00303384 0.0010451 0.00186906 0.00335292 0.00119914 0.000185286 -4.13679e-05 0.000327475 -3.13217e-05 0.000376491 -3.92816e-05 -4.1649e-05 7.60319e-05 -0.00174804 -0.000525037 -0.000325707 -0.000606533 -0.000630565 -0.00170359 -0.00239422 -0.00046866 -3.29493e-05 -0.000127275 3.96177e-05 -0.000347531 -0.000457472 -0.000680034 0.00033221 -0.00065283 0.000679676 -0.000610121 9.51189e-05 -5.15957e-05 0.00148359 0.000760977 0.00174589 0.000615116 0.000848089 0.00134505 0.0015153 0.0010562 0.00218095 -0.000633455 -0.000705402 -0.00140462 -0.00300479 -0.000801223 -0.000777163 -0.000253886 -1.46223e-05
internal_weight=1.42805e+06 1.35868e+06 69364 29565 117247 1.24144e+06 123266 15243 120365 39799 1.11817e+06 117767 11808 28454 2598 9662 14322 116216 1.07489e+06 43281 1.04493e+06 20005 1.02492e+06 1.02315e+06 87199 903 5981 5536 85676 84100 1551 1199 20429 1.00272e+06 201197 133647 57528 67550 32271 76119 28316 17887 27782 86296 29212 852 14024 1809 12215 1642 18952 10723 4942 2901 16510 24949 3332 445 28573 28319 35279 58690
internal_count=1428048 1358684 69364 29565 117247 1241437 123266 15243 120365 39799 1118171 117767 11808 28454 2598 9662 14322 116216 1074890 43281 1044930 20005 1024925 1023147 87199 903 5981 5536 85676 84100 1551 1199 20429 1002718 201197 133647 57528 67550 32271 76119 28316 17887 27782 86296 29212 852 14024 1809 12215 1642 18952 10723 4942 2901 16510 24949 3332 445 28573 28319 35279 58690
is_linear=0
shrinkage=0.05


Tree=2
num_leaves=63
num_cat=0
split_feature=18 19 18 0 29 18 0 37 37 44 35 18 36 0 35 40 36 37 36 35 18 0 27 0 31 31 42 35 37 31 42 36 37 37 0 0 42 42 42 42 0 42 0 0 42 40 35 36 36 0 42 36 19 0 31 42 0 36 31 37 35 31
split_gain=43.8447 23.4454 5.40867 5.13742 2.98199 2.96688 2.48665 2.2157 2.87931 1.91533 1.59029 1.58663 1.47933 1.2654 1.26484 1.57894 1.26659 1.25764 1.17165 1.16144 1.37435 1.13947 1.01813 1.00264 1.02475 0.987973 1.01955 2.1538 1.27169 1.06687 0.938776 3.84613 1.55376 1.70733 1.25255 1.06419 1.7447 3.06052 1.69483 1.03281 3.40814 1.35829 4.80233 2.29817 2.72507 1.41259 1.3289 1.16605 1.51515 1.13572 1.09001 1.04453 0.927838 0.945985 0.906183 0.875549 0.864805 0.863256 0.809888 0.792862 0.789687 0.942511
threshold=-22057.369967749106 13353.024362720987 -10021.8868980963 -93858.462580571562 -7.2136452866280569 36938.773122710627 -63887.308398686255 0.86233986488380576 0.86724545321603685 42.771918181199382 0.24073863636363649 3305.798157248159 -1.5983870967741931 -23611.590024554691 -0.26636085626911304 -21.090005213219381 0.97911217669282202 -0.13636486313246829 -0.25551114341085263 0.049390243902439075 -33222.129314464735 -118687.54558637746 -2.7631421605619084 51408.089773815598 3.0901449275362327 5.147916666666668 0.10499793848886303 0.24320507572656572 -0.11849272004125662 -0.88496240601503773 -0.13831122970648593 0.29956460892551712 0.2989988448209473 -0.13636486313246829 -96977.484217071382 54431.891582127799 0.0043549263431268631 -1.0000000180025095e-35 0.00067683311354428427 -0.00038752068415148848 -66800.002027982729 0.0015289901845486858 -109627.67462876263 -85582.511056363699 0.0070486699398960087 3.9864528005702522 0.56452358926919521 0.40590606952163016 0.41683535762483132 -25008.075239160691 -0.087398883327628449 -0.93389175665832724 -21577.528641571185 -162389.35297847932 1.3482930571538165 0.031744930547161834 -69845.254789619081 1.8715443624258217 3.6235795454545454 -0.13636486313246829 -0.6363553113553112 -0.36745725317153871
decision_type=2 2 2 2 2 2 2 2 2 2 2 2 2 2 2 2 2 2 2 2 2 2 2 2 2 2 2 2 2 2 2 2 2 2 2 2 2 2 2 2 2 2 2 2 2 2 2 2 2 2 2 2 2 2 2 2 2 2 2 2 2 2
left_child=3 2 6 4 14 23 10 9 13 11 22 25 17 -9 -1 16 -16 -11 -10 21 -21 54 -2 -3 -25 26 30 28 29 -28 31 34 33 -33 59 39 37 -37 -39 40 47 42 51 44 -43 46 52 50 -49 -44 -32 -41 -46 -54 -17 56 -5 -29 -35 -4 61 -55
right_child=1 5 7 55 -6 -7 -8 8 18 12 -12 -13 -14 -15 15 19 -18 -19 -20 20 -22 -23 -24 24 -26 -27 27 57 -30 -31 35 32 -34 58 -36 36 -38 38 -40 41 -42 43 49 -45 45 -47 -48 48 -50 -51 -52 -53 53 60 -56 -57 -58 -59 -60 -61 -62 -63
leaf_value=0.0012853166102741093 0.0012324029040140473 -0.00043313530778839977 -0.0010508098554661653 0.0011007536456795136 0.0009537503968354915 -0.0012719383217725114 9.0298640267577802e-05 0.00068933988788038355 -0.00086827536122845498 0.0054956661678532857 -5.1661341569814037e-05 -0.00034206523899259856 0.00027688894884193453 0.0024532627169466734 0.0030629447492949362 0.0029889838834814158 0.0067836949805609508 0.0013048206136264664 0.00080339541154769527 0.0021882990656311484 0.00082906141253950383 0.0016689267990925944 0.00064176773067279669 -0.00082698364866986911 4.5604509221593195e-05 0.0011131905168307178 0.0045992188442655199 0.0005100306105892922 -0.00063752124570406641 0.00028610635261002576 0.00012159698153751096 -0.0033116922728742811 -0.0027598567565894172 -8.8644515616079916e-05 0.0001783384043727395 0.00039539395106162655 0.0002718281096381904 -0.00048315885550064848 -1.1513172764002917e-05 -0.00022650628572846315 1.2300857111154291e-05 -1.287930401421019e-05 9.2173414518358494e-05 -2.3997090888322534e-05 3.4440549312575545e-05 -0.00028535762826972024 0.00070754042906503425 -0.0037936152221155865 -0.00067497422677974467 -0.00013388645461339361 -0.00039442366440141922 0.00065980822195974725 -0.0018799076869001369 -0.00049386819452658371 0.0014460816628505632 0.0018864776827703317 0.00032744815013367712 0.0038729335370007905 -0.0028637495956517121 0.0011361354224669671 -0.00084941910388965406 -0.0038479788031159563
leaf_weight=4086 11933 40709 432 5993 7490 21408 26029 1736 2358 211 5504 39755 33828 2454 2079 6496 257 1181 1887 4444 3198 3463 18778 47697 3620 1918 202 4163 19316 494 12771 466 749 7113 6802 29222 75238 32136 46766 3659 139321 27164 115663 343769 1569 11462 1062 398 18155 106921 51511 36329 4171 362 1115 1538 9113 200 273 10196 9218 497
leaf_count=4086 11933 40709 432 5993 7490 21408 26029 1736 2358 211 5504 39755 33828 2454 2079 6496 257 1181 1887 4444 3198 3463 18778 47697 3620 1918 202 4163 19316 494 12771 466 749 7113 6802 29222 75238 32136 46766 3659 139321 27164 115663 343769 1569 11462 1062 398 18155 106921 51511 36329 4171 362 1115 1538 9113 200 273 10196 9218 497
internal_value=-7.66763e-07 -5.31401e-05 8.59322e-06 0.00146479 0.00182944 -0.000741768 0.000463071 -1.49199e-05 0.000792604 -2.06214e-05 0.000730996 -3.16556e-05 0.000342623 0.00172243 0.00209036 0.00224661 0.00347229 0.00194007 -0.000125179 0.00209363 0.00161949 0.00242083 0.000871264 -0.000618435 -0.00076543 -2.06344e-05 -2.25799e-05 -0.000342406 -0.000561862 0.0015379 -1.545e-05 0.00028122 -0.000583969 -0.000376411 0.000708155 -2.26853e-05 8.69362e-05 -4.17208e-05 -0.00020361 -4.54232e-05 -0.000138707 -1.41116e-05 7.42165e-05 -7.21983e-05 -0.000370731 -0.000713722 -0.00100461 -0.000392687 -0.000741875 -1.64173e-05 -0.000291905 0.000578708 -0.00111957 -0.00124665 0.00276295 0.000749955 0.000634241 0.000664186 -0.000191217 0.00104724 -0.000984536 -0.00243449
internal_weight=1.42805e+06 1.37878e+06 1.26534e+06 49272 32628 113434 62244 1.2031e+06 8435 1.19466e+06 36215 1.15944e+06 35220 4190 25138 21052 2336 1392 4245 18716 7642 11074 30711 92026 51317 1.11969e+06 1.11777e+06 24375 20012 696 1.0934e+06 26031 8601 7852 17430 1.06736e+06 183362 108124 78902 884002 222156 661846 262572 399274 55505 28341 16879 82835 18553 222584 64282 39988 15817 14248 7611 16644 15106 4363 7386 10628 10077 859
internal_count=1428048 1378776 1265342 49272 32628 113434 62244 1203098 8435 1194663 36215 1159443 35220 4190 25138 21052 2336 1392 4245 18716 7642 11074 30711 92026 51317 1119688 1117770 24375 20012 696 1093395 26031 8601 7852 17430 1067364 183362 108124 78902 884002 222156 661846 262572 399274 55505 28341 16879 82835 18553 222584 64282 39988 15817 14248 7611 16644 15106 4363 7386 10628 10077 859
is_linear=0
shrinkage=0.05


Tree=3
num_leaves=63
num_cat=0
split_feature=18 19 41 18 18 39 39 37 36 19 37 39 39 43 43 41 28 18 36 41 40 36 41 38 31 35 32 32 43 45 45 43 28 32 41 36 31 31 35 41 36 37 37 37 37 31 35 45 31 32 31 31 37 32 19 39 37 37 37 35 43 36
split_gain=39.5699 21.1813 6.04515 4.91702 2.85395 2.69414 2.64281 3.72672 2.6998 2.13145 1.86043 1.83057 1.60576 1.58405 1.57921 1.46072 1.40723 1.26277 1.12191 1.24441 1.03134 1.25572 0.952517 0.892288 0.891299 0.861124 1.15194 0.792935 0.78351 0.691843 0.779934 0.664032 0.663198 0.659155 0.655088 0.630632 0.78856 0.605194 0.83994 0.602564 0.600675 0.598042 0.733504 0.596201 0.58907 0.570246 0.569785 0.557088 0.790524 0.690252 0.552897 0.548326 0.545698 0.515273 0.514883 0.569768 0.957167 0.851647 0.935401 0.827978 0.76133 0.725629
threshold=-22057.369967749106 10070.779220779224 0.0018132749414550709 -11443.506756756755 28999.215909090912 -1.4601909806557172 -27.828267083852804 0.86233986488380576 -1.8080557007746776 -75031.602290590599 0.2989988448209473 -2.7068598740996612 -2.7068598740996612 2.9451951951951956 3.2076709062003181 0.00047545197286844905 -12.806299603174603 6061.7415164369058 2.5019379844961245 0.00059363817534678067 -21.725477392618057 0.97911217669282202 0.0047429700586738037 11.487175257751959 5.147916666666668 0.27604524431011607 -0.23680593732820229 -0.10800691244239631 -3.7282196969696968 -3.50636292223095 -3.5092868988391372 7.0434526613283097 28.139071207430348 -0.041219530049044696 0.001949032441605406 -0.27786652467163636 -0.94474969474969483 1.3482930571538165 -0.26636085626911304 0.0026197629940093209 0.48380355276907011 0.95300229057591634 0.93013194895089779 -0.13586592364082659 0.94037057457437401 3.0901449275362327 0.049390243902439075 -3.2113237639553422 2.4971590909090913 3.9024470572736552 -2.974063240521327 1.3482930571538165 -1.0000000180025095e-35 -0.088932806324110658 -37382.951433461691 -2.5011369670926089 0.2989988448209473 -0.3556166763173132 -0.071970729607575848 -0.20970092149392724 -3.7991031390134524 0.24683341350008017
decision_type=2 2 2 2 2 2 2 2 2 2 2 2 2 2 2 2 2 2 2 2 2 2 2 2 2 2 2 2 2 2 2 2 2 2 2 2 2 2 2 2 2 2 2 2 2 2 2 2 2 2 2 2 2 2 2 2 2 2 2 2 2 2
left_child=2 3 12 11 22 9 7 8 14 20 13 15 16 18 28 -2 -1 24 25 -20 21 -4 27 40 41 26 -10 -3 -5 30 -28 -9 -6 -27 -35 36 -15 38 -22 -38 -12 42 54 -16 -44 -34 -13 48 -31 -50 -17 -42 -7 -54 -8 61 57 -57 -59 -58 -60 -56
right_child=1 4 5 6 32 52 17 31 10 -11 23 46 -14 35 43 50 -18 -19 19 -21 37 -23 -24 -25 -26 33 29 -29 -30 47 -32 -33 45 34 -36 -37 39 -39 -40 -41 51 -43 44 -45 -46 -47 -48 -49 49 -51 -52 -53 53 -55 55 56 59 58 60 -61 -62 -63
leaf_value=0.0014385960271575192 0.00046447386740626592 -0.0010647891384152298 0.0032717949242782301 0.0027311013207426682 -0.00087049745261436507 0.002147841053283482 0.00014823676148172923 0.0017830067477086935 0.00043746713156203034 0.0014423271151616237 -0.00052107455592694191 0.00029795987031841172 0.00020753362835308761 -0.00022111473086392337 0.004613556062418785 -0.00053576845499941244 0.00061066714569618728 -0.00037185073409684122 8.0066836187369931e-05 -0.0037179833656164302 0.0014216506949400842 0.0073822799140084803 0.0006316959825593319 0.00062681235174088883 0.001031443335151139 -0.00048655310603526437 7.9808834604535878e-05 -0.00051823760916157389 0.00015751448531801005 -0.00037834860960387213 0.0027865028862296571 0.0046434457041323188 -0.0014110443004402675 0.0003277598755190925 0.0011871908014609912 0.00039497463269916289 0.0010748673679999018 0.001632245944043852 0.0028252028210374557 0.0027921781082083466 -0.0039246539230001105 0.0017855393220268742 -0.0021059985195953702 0.0020873387833699095 2.1077557670323201e-05 -0.00021225338150902069 -0.00029624797395331906 -4.0693840756562174e-05 -0.003704483707660237 -0.00026147445917265182 0.0012871830795863658 -0.0012653063560563518 0.0021379713121231483 0.00026689769308178374 -4.1976650031712023e-05 0.0003941610384997827 0.0017039470848256876 -0.00031281599289859074 -0.0001209288303402878 0.00030840857060400657 1.7363080651340644e-05 -0.00020244563219910111
leaf_weight=13020 15766 7251 1410 398 16032 623 39843 2609 12580 5319 358 20751 6355 811 494 433 8472 27195 449 415 1237 214 1697 352 1986 1555 25082 78259 1151 15875 269 220 14474 6497 3366 25061 1752 1826 7708 721 538 454 766 443 566 1065 5008 17577 341 254 10559 303 427 2661 253915 12461 1207 26718 124776 8900 491723 97500
leaf_count=13020 15766 7251 1410 398 16032 623 39843 2609 12580 5319 358 20751 6355 811 494 433 8472 27195 449 415 1237 214 1697 352 1986 1555 25082 78259 1151 15875 269 220 14474 6497 3366 25061 1752 1826 7708 721 538 454 766 443 566 1065 5008 17577 341 254 10559 303 427 2661 253915 12461 1207 26718 124776 8900 491723 97500
internal_value=-7.28426e-07 -5.04831e-05 0.00139156 9.68727e-06 -0.000688771 0.00202295 -1.09117e-05 0.000212316 0.000168826 0.00227958 0.000133327 0.000483303 0.00090577 0.000157017 0.0017989 0.000772938 0.00111223 -3.54236e-05 4.82483e-05 -0.00174423 0.00263887 0.00381345 -0.000541305 -0.00158656 -2.6799e-05 6.68188e-05 2.8268e-06 -0.000564584 0.000818772 -8.92264e-05 0.00010853 0.00200545 -0.00109611 0.000470218 0.000621063 0.000480348 0.00113185 0.00246177 0.00263111 0.00157555 -0.00223636 -2.87839e-05 -2.95622e-05 0.0034192 -0.00120215 -0.00132888 0.000182435 -0.000236473 -0.000445412 -0.00223469 0.00121537 -0.00296653 0.000797961 0.000525625 -2.80846e-05 -3.4991e-05 -7.80412e-06 -1.52474e-05 -2.31788e-05 0.000475067 -1.06264e-05 -8.64987e-05
internal_weight=1.42805e+06 1.37878e+06 49272 1.26e+06 118778 21425 1.20748e+06 119471 116642 17714 114156 52517 27847 112605 2486 26758 21492 1.08801e+06 84260 864 12395 1624 87207 1551 1.06082e+06 83396 71978 85510 1549 59398 25351 2829 31571 11418 9863 28345 3284 10771 8945 2473 1199 1.05883e+06 1.05838e+06 937 1332 15539 25759 34047 16470 595 10992 841 3711 3088 1.05704e+06 1.0172e+06 665785 655678 643217 10107 616499 351415
internal_count=1428048 1378776 49272 1259998 118778 21425 1207481 119471 116642 17714 114156 52517 27847 112605 2486 26758 21492 1088010 84260 864 12395 1624 87207 1551 1060815 83396 71978 85510 1549 59398 25351 2829 31571 11418 9863 28345 3284 10771 8945 2473 1199 1058829 1058375 937 1332 15539 25759 34047 16470 595 10992 841 3711 3088 1057043 1017200 665785 655678 643217 10107 616499 351415
is_linear=0
shrinkage=0.05


Tree=4
num_leaves=63
num_cat=0
split_feature=28 28 39 29 41 0 39 37 41 0 28 43 37 0 31 31 37 33 42 37 37 42 31 39 32 39 0 0 33 33 0 41 37 39 45 31 38 27 0 42 42 42 39 42 42 0 0 0 33 33 0 28 31 29 39 44 42 0 32 0 41 41
split_gain=21.9578 16.7501 15.294 5.50874 4.48249 2.9596 2.74826 3.25977 2.68386 2.2978 2.15984 2.15316 1.82368 1.79423 1.70599 1.3847 1.77346 1.27185 1.16968 1.74135 1.65053 1.08424 1.2121 1.02758 0.99042 1.13463 0.948742 0.911703 0.88184 0.847805 0.78821 0.783885 0.769719 0.759238 0.75409 0.761325 0.855802 0.712078 0.694681 1.38396 2.7452 1.40862 1.28691 1.5621 2.44245 2.15914 1.78957 1.39522 1.20765 1.05441 0.923034 1.5189 0.888725 0.8331 0.789675 0.711774 0.710737 0.686984 0.862564 0.659538 0.654177 0.651676
threshold=-12.530571004820169 9.7833023543990087 -3.1402295130506608 -15.211924278886316 0.0011560221078958804 -111910.20846513147 -27.828267083852804 0.86233986488380576 0.0021703761197380423 78797.760001691568 -2.3171878416794214 2.9451951951951956 0.2989988448209473 -66800.002027982729 3.0901449275362327 -1.7399839743589738 -0.072491426042703824 -0.18638232271325794 -0.13831122970648593 0.2989988448209473 -0.13636486313246829 0.10499793848886303 1.169981238273921 -15.111782525904744 -0.09759963768115941 -28.776505456643218 -118687.54558637746 -38877.391636236316 0.30234375000000008 0.30847118528277956 -69845.254789619081 0.0070206220873379431 -0.13275454678396328 35.37968479611186 -4.6510869565217385 2.4971590909090913 -13.427970479599244 -5.8958076923076872 54431.891582127799 0.0043549263431268631 -1.0000000180025095e-35 0.00057950057154473194 -2.5011369670926089 -1.0000000180025095e-35 0.00057950057154473194 -107703.06315723457 -46454.479532500794 -258083.29198106716 -0.049332498957029618 -0.046510371650821079 -33238.93583480559 -3.7090845070422538 1.9428215125279513 3.1880641926394913 -12.286700602802069 -10.374884044526899 0.012460858615797512 -95347.674866584988 -0.036407126025838947 -23611.590024554691 0.0047429700586738037 0.0014542309530936059
decision_type=2 2 2 2 2 2 2 2 2 2 2 2 2 2 2 2 2 2 2 2 2 2 2 2 2 2 2 2 2 2 2 2 2 2 2 2 2 2 2 2 2 2 2 2 2 2 2 2 2 2 2 2 2 2 2 2 2 2 2 2 2 2
left_child=2 3 4 8 -1 17 7 11 27 23 18 12 34 37 24 16 -13 -6 19 20 -8 38 33 -3 -11 60 -10 -2 -17 -30 -21 57 -19 -23 -5 -36 -37 -4 42 40 -40 52 43 46 45 -45 49 56 -41 -20 51 -49 -42 -51 -50 -44 -46 58 -22 -57 -26 -9
right_child=1 9 13 6 5 -7 10 61 26 14 -12 15 -14 -15 -16 28 -18 32 21 30 31 22 -24 -25 25 -27 -28 -29 29 -31 -32 -33 -34 -35 35 36 -38 -39 39 48 41 -43 55 44 47 -47 -48 50 54 53 -52 -53 -54 -55 -56 59 -58 -59 -60 -61 -62 -63
leaf_value=0.0010003000080355271 0.00075163610711008488 3.616050948259804e-06 0.0011743607874235332 0.00027288671040659045 0.0014015943078962132 0.0012134818118574931 -0.0019006941491686571 0.0014861967613941018 0.0030990023841472973 -0.0016663273865892903 -0.00033323480068816509 0.0040040526186714857 -0.0018129164331768346 -0.00012626922581535164 4.4683075269169158e-05 0.0003812281159244023 -4.2876770604393462e-05 0.0016220187435381638 0.00017592163957211434 -0.00084929123341757938 -0.00013382673132075781 -0.0004327385026946672 0.00034555402757463683 -0.00057813173829367832 -0.00039026238718742183 -0.0010379609223839029 0.0013814930593838404 3.1613748951046706e-05 0.0026939797713318864 0.00074039941724325946 -0.0044039946836497484 1.2661783930269072e-06 0.0029526272093258268 -0.0014730598302755303 -3.2534775681573883e-06 6.0172225614577679e-05 -0.0021590990263122087 0.00037770759605973105 0.00037532723636770412 -0.00054234114663015865 -0.00054585696969493313 -3.6913333871074698e-05 -0.00012001992415375564 0.00079917545241689621 -0.00088043900159100316 4.5451507649222689e-05 -1.2456241223168894e-05 0.00039428674341429864 0.00068185606691966751 0.00051070508509431774 -2.0811965837914693e-05 -0.00034679630145788677 0.00061537634256050194 -0.00062645159933559372 0.00021323770535955317 8.8931861370337056e-05 -0.003156566358116987 0.00030239875471544769 0.001257864035559433 -3.2879365900902975e-05 0.0016872374186194861 0.0033814751126471317
leaf_weight=19691 10034 10171 3199 30346 1995 6309 726 2423 951 5356 60568 633 1303 23631 4038 25684 473 1243 5099 426 1337 17842 4870 29922 4150 35404 5204 7825 807 1781 246 5109 8652 1945 55251 856 882 22773 27750 4685 27667 47775 100842 13216 1000 33807 29473 7737 10696 1674 78573 65008 1752 42549 56356 218964 522 5586 6657 225629 417 558
leaf_count=19691 10034 10171 3199 30346 1995 6309 726 2423 951 5356 60568 633 1303 23631 4038 25684 473 1243 5099 426 1337 17842 4870 29922 4150 35404 5204 7825 807 1781 246 5109 8652 1945 55251 856 882 22773 27750 4685 27667 47775 100842 13216 1000 33807 29473 7737 10696 1674 78573 65008 1752 42549 56356 218964 522 5586 6657 225629 417 558
internal_value=-6.92007e-07 -5.07804e-05 0.000766755 -3.51966e-06 0.00152313 0.00208881 -1.8197e-05 0.000208043 0.00074647 -0.000711736 -4.29458e-05 0.000166796 4.38437e-05 0.00018899 -0.000940107 0.000537764 0.00227331 0.00255328 -2.6129e-05 0.000351733 0.000438343 -3.35309e-05 -0.000361081 -0.000430551 -0.00102784 -0.000942283 0.00164686 0.000436155 0.00046987 0.00134957 -0.00215057 0.000529207 0.00278548 -0.000534999 7.15457e-05 -3.56661e-05 -0.00106606 0.000475832 -2.54608e-05 6.45072e-05 -5.1192e-05 -0.000204519 -4.47494e-05 -0.000132165 -5.7834e-05 0.000257289 -0.000320706 -0.000154785 0.000233763 -0.000504905 -0.000139634 -0.000267976 -0.000476702 -0.000583406 0.000287991 -8.93077e-08 -0.00166108 0.000727826 0.0010251 2.71132e-05 -0.000200572 0.00184097
internal_weight=1.42805e+06 1.34056e+06 87493 1.2511e+06 37890 18199 1.22708e+06 120997 24014 89458 1.10609e+06 118016 88638 49603 49365 29378 1106 11890 1.04552e+06 20087 19415 1.02543e+06 24657 40093 45327 39971 6155 17859 28272 2588 672 18689 9895 19787 87335 56989 1738 25972 1.00077e+06 176681 104944 77194 824093 278658 199863 47023 78795 152840 71737 49322 151318 72745 29419 44223 67052 545435 1522 13580 7994 444593 4567 2981
internal_count=1428048 1340555 87493 1251097 37890 18199 1227083 120997 24014 89458 1106086 118016 88638 49603 49365 29378 1106 11890 1045518 20087 19415 1025431 24657 40093 45327 39971 6155 17859 28272 2588 672 18689 9895 19787 87335 56989 1738 25972 1000774 176681 104944 77194 824093 278658 199863 47023 78795 152840 71737 49322 151318 72745 29419 44223 67052 545435 1522 13580 7994 444593 4567 2981
is_linear=0
shrinkage=0.05


Tree=5
num_leaves=63
num_cat=0
split_feature=19 19 29 41 29 0 28 37 37 35 33 41 44 45 19 0 41 37 36 0 36 41 17 35 37 37 45 31 42 36 37 37 36 41 35 42 35 37 0 42 42 41 42 40 0 31 0 36 42 0 0 31 35 35 28 35 35 0 41 35 35 35
split_gain=25.9548 15.7039 10.6723 5.19709 2.52883 2.44134 2.01952 1.85802 2.2214 1.66872 1.63311 1.62805 1.55713 1.44991 1.25885 1.23918 1.21329 1.16999 1.14686 1.10895 0.945668 0.944153 0.913267 0.904704 0.900282 0.875415 0.830545 0.792919 0.775684 3.47162 1.46684 1.50692 0.976846 0.962704 0.955707 0.806242 1.7695 1.16588 0.94273 4.43286 7.1383 1.68389 1.51513 1.47302 1.28198 0.86442 0.8461 0.81523 0.800016 0.812573 0.789751 0.789466 0.726606 0.719669 0.661927 0.633947 2.07136 0.680546 0.624521 0.59985 0.597721 0.59075
threshold=-61331.281083072383 13353.024362720987 -7.2136452866280569 0.00094605968335707716 -13.6927706153503 -111910.20846513147 15.473419365444679 0.86233986488380576 0.86749220925810067 0.17922473867595826 -0.18638232271325794 0.0049835235725342502 42.771918181199382 -8.1437969924812013 -17530.178138505315 106978.57304406913 0.00068909110404543142 0.8638406631664749 -1.5983870967741931 284113.00703111751 -0.25551114341085263 0.00059363817534678067 -3997.9388888888884 -0.26636085626911304 -1.0000000180025095e-35 0.86675041876046921 -2.4811053377420875 1.4592391304347825 -0.12649477202283313 0.29956460892551712 -0.13636486313246829 0.2989988448209473 3.6048358719147444 0.0070206220873379431 0.67178199404761918 0.10499793848886303 0.24320507572656572 -0.11849272004125662 -81899.65787716303 0.0052086807184845655 -1.0000000180025095e-35 0.0020928951616777385 0.00067683311354428427 3.9864528005702522 -162389.35297847932 -0.88496240601503773 -139143.30323713369 0.18638232271325797 -0.23620165536115123 -89563.022666775578 -184059.97157767191 -1.1785255866895932 -0.10253623188405796 -1.0000000180025095e-35 -12.460126032956818 0.24320507572656572 0.27604524431011607 -8137.584463176855 1.0000000180025095e-35 -0.10687645687645687 -0.21148351648351646 -0.43851521390986042
decision_type=2 2 2 2 2 2 2 2 2 2 2 2 2 2 2 2 2 2 2 2 2 2 2 2 2 2 2 2 2 2 2 2 2 2 2 2 2 2 2 2 2 2 2 2 2 2 2 2 2 2 2 2 2 2 2 2 2 2 2 2 2 2
left_child=2 4 3 54 16 10 17 12 19 21 24 15 14 -12 28 -8 -2 -3 26 -9 -10 -4 -23 -15 -5 -19 -14 -17 29 33 -31 61 35 48 59 38 37 45 39 40 52 42 50 44 47 -37 -43 51 49 -6 -42 -41 -30 -44 -1 -40 57 -57 -53 -34 -39 -32
right_child=1 6 9 5 7 -7 11 8 20 -11 13 -13 18 23 -16 27 -18 25 -20 -21 -22 22 -24 -25 -26 -27 -28 -29 32 30 31 -33 34 -35 -36 36 -38 60 55 43 41 46 53 -45 -46 -47 -48 -49 -50 -51 -52 58 -54 -55 -56 56 -58 -59 -60 -61 -62 -63
leaf_value=0.0010461333380418455 0.00025708842812571922 -0.00043579405630335535 0.00028971758281193152 0.0035767613723193116 0.00205642465360252 0.001251971047994906 -0.00058772180763742138 0.0012618584038346402 -0.00079790287298390345 -0.00015453491073696599 0.0061325780834051808 0.00083196936890523796 0.0032486042023150185 0.001207106528672833 -0.00027590361232886429 -0.0011584599572360091 0.0010398325550397733 0.0019317938878022846 0.00025512786621629646 0.0040432313805638682 0.00070626679202188004 0.00060673782046072322 0.0015465374598921543 0.0026822689390586072 0.00088667156889687113 -0.00019184588861859676 0.00072218857061211042 -0.00050867257284658814 -0.00067898313880932143 -0.0031034732619556245 -0.0015849105557772599 -0.0024335387497584687 -0.00089512265308582461 1.3396118808099494e-05 0.0022072970475046512 0.0041895524401197653 0.00059712095175794809 0.00014822098419480764 -1.513774764855426e-05 -0.0002209644792043508 0.00093211385421850641 0.0015286900782611164 -0.00037320294413206972 -0.00024424303127176128 -0.00068903372698559415 0.0003320956367874829 0.00052288296091599533 -0.00051288681255437301 0.00063976299294701833 -0.00020507835687261805 0.00033813859732283744 -0.001543737991475141 -0.00030379392491219415 0.00012463778259456452 0.0004149515130103833 0.00016926892726420857 2.4444946037411585e-05 0.0008507799542080256 -0.0029558324289571006 0.00065170865988378626 -0.00069835972574705996 -7.1630842406383125e-05
leaf_weight=10736 14044 54424 20679 359 2027 7837 25677 3963 2246 12756 286 1476 545 1162 48623 27919 7646 920 33356 394 1954 12173 3282 9848 2327 1027 807 5644 18712 528 703 826 771 5225 846 209 4359 2388 754182 536 6936 3694 9567 13498 14711 476 4818 1241 12956 494 28971 1468 41578 30094 6775 5453 100622 11160 1678 3350 16431 7806
leaf_count=10736 14044 54424 20679 359 2027 7837 25677 3963 2246 12756 286 1476 545 1162 48623 27919 7646 920 33356 394 1954 12173 3282 9848 2327 1027 807 5644 18712 528 703 826 771 5225 846 209 4359 2388 754182 536 6936 3694 9567 13498 14711 476 4818 1241 12956 494 28971 1468 41578 30094 6775 5453 100622 11160 1678 3350 16431 7806
internal_value=-3.29727e-07 -5.50607e-05 0.000830362 0.00144351 -2.05483e-06 0.00195841 -0.000608218 -1.17246e-05 0.000722418 0.000337111 0.00235438 -0.000808303 -1.69964e-05 0.00261788 -2.6896e-05 -0.000849172 0.000533016 -0.00039271 0.000312992 0.00151338 -9.81058e-05 0.000510672 0.000806312 0.00252658 0.00124622 0.00081162 0.0017406 -0.00104919 -1.59717e-05 0.000232414 -0.0005396 -0.000394584 -2.3016e-05 0.000600224 0.000676557 -2.6255e-05 -0.000313634 -0.000517181 -1.97171e-05 -0.000124745 -5.04449e-06 0.000292674 0.000217576 -0.00064633 -0.000922756 0.00150904 0.000959379 -0.00162117 0.000798335 0.00161327 0.000452874 -0.00199471 -0.00042024 4.54897e-06 0.000801929 1.67636e-06 0.000109843 0.000627083 -0.00229691 0.000362311 -0.000590935 -0.000196656
internal_weight=1.4272e+06 1.33898e+06 88220 39330 1.22189e+06 21819 117087 1.2002e+06 8557 48890 13982 60716 1.19164e+06 11296 1.15694e+06 59240 21690 56371 34708 4357 4200 36134 15455 11010 2686 1947 1352 33563 1.10831e+06 30565 9863 9335 1.07775e+06 20702 4967 1.07278e+06 23863 19504 1.04892e+06 177502 144370 84080 75568 33132 19634 685 8512 4923 15477 2521 35907 3682 60290 39661 17511 871417 117235 16613 3146 4121 18819 8509
internal_count=1427199 1338979 88220 39330 1221892 21819 117087 1200202 8557 48890 13982 60716 1191645 11296 1156937 59240 21690 56371 34708 4357 4200 36134 15455 11010 2686 1947 1352 33563 1108314 30565 9863 9335 1077749 20702 4967 1072782 23863 19504 1048919 177502 144370 84080 75568 33132 19634 685 8512 4923 15477 2521 35907 3682 60290 39661 17511 871417 117235 16613 3146 4121 18819 8509
is_linear=0
shrinkage=0.05


Tree=6
num_leaves=63
num_cat=0
split_feature=19 19 29 39 37 0 36 43 35 37 32 29 32 39 19 0 35 29 31 39 19 35 32 42 35 36 36 36 35 35 42 36 0 42 42 39 36 0 32 39 34 36 42 0 35 37 25 35 32 31 39 35 45 0 43 35 31 39 31 32 0 37
split_gain=23.4242 14.2035 9.63177 3.0806 2.92738 2.28315 2.21301 1.6605 1.51813 1.50358 1.44219 1.5493 1.46232 1.37467 1.28464 1.2506 1.08406 1.08265 1.07965 0.979016 0.964763 1.02559 1.05886 0.937168 1.64638 1.02072 0.903837 0.900609 1.09653 0.86182 0.858477 2.17061 0.881873 2.78255 4.93861 1.71414 1.32337 1.18342 0.848899 0.843548 0.840493 1.1833 0.817436 0.794461 0.835749 0.744034 0.721246 0.673978 0.655751 0.654725 0.642779 0.639956 0.637438 0.637222 0.634785 0.615638 0.843206 0.608091 0.58885 0.587761 0.571995 0.571208
threshold=-61331.281083072383 20410.708435708435 -7.2136452866280569 -27.828267083852804 0.86233986488380576 -109627.67462876263 -2.6096096096096089 2.9451951951951956 0.48666666666666686 0.2989988448209473 -0.10800691244239631 -27.716298243433751 -0.030797101449275423 -20.740682617901637 -14743.878887070385 100354.99863721493 0.049390243902439075 -9.5569548372431523 3.0901449275362327 -3.1402295130506608 -18885.223555070883 0.27604524431011607 -0.23680593732820229 0.098832262735665491 0.24320507572656572 1.994279859295834 1.8062868240018435 -0.27786652467163636 0.12096774193548394 -1.0000000180025095e-35 -0.12649477202283313 0.29956460892551712 -80692.11167306923 -1.0000000180025095e-35 0.0022445222219689919 7.7801569019056958 3.1559296571226585 -275772.16795262275 -1.0000000180025095e-35 35.37968479611186 0.031661262635895422 0.72213347532836369 -0.015681719478691684 -197971.6999184344 -0.72173900593461193 0.60076914179967622 -0.76791733547351571 -0.10253623188405796 -0.041219530049044696 -0.88496240601503773 -11.718587707745685 -0.20874512612397542 -7.0443353717412291 964356.60995407775 7.0434526613283097 0.24320507572656572 -0.14592304543593967 -12.286700602802069 3.0901449275362327 -1.0000000180025095e-35 156569.84678214215 -0.13636486313246829
decision_type=2 2 2 2 2 2 2 2 2 2 2 2 2 2 2 2 2 2 2 2 2 2 2 2 2 2 2 2 2 2 2 2 2 2 2 2 2 2 2 2 2 2 2 2 2 2 2 2 2 2 2 2 2 2 2 2 2 2 2 2 2 2
left_child=2 3 5 4 6 13 38 9 19 20 60 12 -12 46 17 -13 51 57 -17 -4 -8 22 -22 30 29 -26 -24 28 -9 -25 31 55 33 47 43 37 -37 -36 -2 -31 61 -42 -28 44 -35 -11 52 -32 -23 -30 -7 -15 -1 -29 -6 56 -19 -5 -34 -58 -3 -33
right_child=1 10 8 14 54 50 7 27 -10 45 11 15 -14 16 -16 18 -18 23 -20 -21 21 48 26 24 25 -27 42 53 49 39 32 40 58 34 35 36 -38 -39 -40 -41 41 -43 -44 -45 -46 -47 -48 -49 -50 -51 -52 -53 -54 -55 -56 -57 59 -59 -60 -61 -62 -63
leaf_value=0.0049255405532909581 0.0031602861600236623 -0.00092758277088994263 0.00077569965629536693 0.00072609865727214882 0.0014890093724747389 0.0010604647176524083 0.00070132983854663403 0.00061721327205775797 -0.00036574053945105184 -0.0027517880533566284 0.0014455641806586927 -0.00045352613162368818 -0.00023569820331691257 0.00083709963109329915 -0.00026342388631272145 -0.00092345446871440343 0.00051456778589843266 0.00030727301637253971 3.5541736619601915e-05 0.00026303122821907498 0.00038556024016470568 -0.00046063639192760707 -8.3069653760289353e-05 6.6797599161569457e-06 0.00027408082816874333 0.0025875926992739553 -0.0026801885778551899 0.00039514284566456552 0.0043898846397279695 -0.0005549044817678081 -0.00068643390435645883 -0.0026550294658447553 -8.8884509263017053e-06 -0.0005164317343086275 -0.0026260817173766123 -7.2955784312834861e-05 0.0031776228724109583 -0.00059939014642287393 5.9746806891474359e-05 -0.0017705711743840121 0.0018663554766635681 -0.00074477528999767305 -0.00039155312044760203 0.00023370599969706565 0.00097840600753620693 -0.00028616729872231391 0.001836711810950793 -0.00030483064944784627 0.0006296236194819352 0.0017432952057951378 0.00028014765052603713 0.0018931432759446969 0.0024766710333113096 -0.0023632355624471166 0.0042309992485143975 -0.00029929059477038693 -0.00058293764485065698 7.8715405854113969e-05 0.00031591802601024506 0.0011720373934219928 -0.0017524030382189476 -0.00064056181370090027
leaf_weight=312 860 6718 13948 7426 3196 11155 5911 2975 6923 696 1683 53755 5586 2011 56622 32219 3514 7366 3229 28019 12772 1601 58993 6584 4380 535 633 27175 302 15567 16929 380 808305 1085 742 16962 319 24614 297 1571 818 924 1017 54376 6765 546 12084 36557 9954 1033 3457 5005 1792 211 226 1757 511 7091 14199 7189 3059 4758
leaf_count=312 860 6718 13948 7426 3196 11155 5911 2975 6923 696 1683 53755 5586 2011 56622 32219 3514 7366 3229 28019 12772 1601 58993 6584 4380 535 633 27175 302 15567 16929 380 808305 1085 742 16962 319 24614 297 1571 818 924 1017 54376 6765 546 12084 36557 9954 1033 3457 5005 1792 211 226 1757 511 7091 14199 7189 3059 4758
internal_value=-3.1324e-07 -5.23077e-05 0.000788844 -4.49875e-06 0.000227307 0.00137133 0.000187801 0.000167463 0.000320256 6.00604e-05 -0.000607 -0.000548356 0.000153566 0.00166424 -3.14502e-05 -0.000605555 0.00123141 -1.89136e-05 -0.000836098 0.00043342 8.36746e-05 4.0707e-05 -2.82084e-05 -2.49383e-05 -0.000306979 0.000525908 -0.000115352 0.000479623 0.00115146 -0.000479546 -1.68982e-05 0.000280438 -2.40835e-05 -0.000132135 1.75546e-05 -0.000396973 -1.29515e-05 -0.000658698 0.00236438 -0.000666342 -0.000467761 0.000481347 -0.00126956 0.000301588 0.000771795 -0.00166787 0.00198547 -0.000425613 0.000478563 0.002342 0.000875852 0.00159045 0.00283981 0.00037389 0.0016701 0.000586424 0.000689716 0.000409877 -3.28127e-06 0.00105557 -0.00118565 -0.000789549
internal_weight=1.4272e+06 1.33898e+06 88220 1.23273e+06 128398 39330 124976 123819 48890 92123 106249 96472 7269 24718 1.10433e+06 89203 10530 1.04771e+06 35448 41967 90881 84970 73415 1.03319e+06 28637 4915 60643 31696 4310 23722 1.00456e+06 23703 980853 158349 104863 42637 17281 25356 1157 17138 6880 1742 1650 62226 7850 1242 14188 53486 11555 1335 14612 7016 2104 27386 3422 16823 15066 14517 822504 7700 9777 5138
internal_count=1427199 1338979 88220 1232730 128398 39330 124976 123819 48890 92123 106249 96472 7269 24718 1104332 89203 10530 1047710 35448 41967 90881 84970 73415 1033193 28637 4915 60643 31696 4310 23722 1004556 23703 980853 158349 104863 42637 17281 25356 1157 17138 6880 1742 1650 62226 7850 1242 14188 53486 11555 1335 14612 7016 2104 27386 3422 16823 15066 14517 822504 7700 9777 5138
is_linear=0
shrinkage=0.05


Tree=7
num_leaves=63
num_cat=0
split_feature=18 18 41 0 0 39 37 36 39 39 33 19 0 37 45 41 37 39 19 42 35 35 0 44 33 35 44 36 41 42 36 0 42 42 39 36 39 0 33 35 0 36 0 42 42 0 0 0 31 42 36 38 42 37 37 35 44 42 36 41 33 35
split_gain=27.2757 14.1202 5.54999 3.6085 2.50435 1.8944 2.46832 1.70696 1.62189 1.60074 1.57009 1.42344 1.34713 1.30971 1.24228 1.1964 1.16716 1.12988 1.05016 0.873557 1.28803 0.873447 0.886654 0.860376 0.815186 0.813822 0.802034 0.844757 0.93056 0.756893 1.78426 0.742254 2.51886 3.35617 2.63235 1.5015 1.4275 1.19307 1.12391 0.988347 0.888632 0.872637 0.796435 0.789225 1.93581 1.10803 1.04087 0.835093 0.772785 0.754285 0.743209 0.73073 0.867995 0.721568 0.725129 0.671129 0.66774 0.756417 1.13535 0.662965 0.646464 0.927049
threshold=-17515.56552162849 5131.5676122931409 0.0017510654385930237 -116374.16017653552 86520.36446074296 -27.828267083852804 0.86233986488380576 -1.8080557007746776 -2.5011369670926089 -1.8296056363423536 -0.18638232271325794 -37382.951433461691 -67853.452435670115 0.2989988448209473 -8.1437969924812013 0.0058502813571126812 -0.13457136023507701 -3.4032830804610508 -7310.0757575757589 0.13502777729408277 0.24251119251119255 0.48666666666666686 -59062.478908446537 -3.4941860465116275 0.30234375000000008 0.27604524431011607 0.55454159592529717 2.5019379844961245 0.0008283480477666497 -0.13831122970648593 0.29956460892551712 -55381.912150474964 -1.0000000180025095e-35 0.0015289901845486858 7.7801569019056958 2.3592238703925896 -3.4032830804610508 -275772.16795262275 -0.046510371650821079 0.67178199404761918 -157844.87596193075 0.39415279556124633 -135895.63746002168 -1.0000000180025095e-35 0.00067683311354428427 14061.527154628306 22610.451558904726 417990.237698037 1.9428215125279513 0.00040473399335573133 0.41683535762483132 11.487175257751959 0.0035597884488989006 0.2989988448209473 -0.13636486313246829 -0.34430979978925175 -6.2566565952223572 -0.075954407289530665 0.041505376344086027 -1.0000000180025095e-35 0.12411872364128269 -0.21148351648351646
decision_type=2 2 2 2 2 2 2 2 2 2 2 2 2 2 2 2 2 2 2 2 2 2 2 2 2 2 2 2 2 2 2 2 2 2 2 2 2 2 2 2 2 2 2 2 2 2 2 2 2 2 2 2 2 2 2 2 2 2 2 2 2 2
left_child=2 5 8 9 -3 6 7 16 12 10 -4 21 59 25 -12 -6 23 -5 19 29 -21 22 -7 -2 -18 26 27 56 -29 30 60 32 36 40 37 -36 38 -35 -31 -37 49 -40 -38 46 45 -45 -33 -46 -47 -34 -43 52 -15 54 -32 -16 57 58 -9 -1 61 -13
right_child=1 4 3 17 15 11 -8 13 -10 -11 14 18 -14 51 55 -17 24 -19 -20 20 -22 -23 -24 -25 -26 -27 -28 28 -30 31 53 43 33 34 35 39 42 -39 41 -41 -42 50 -44 44 47 48 -48 -49 -50 -51 -52 -53 -54 -55 -56 -57 -58 -59 -60 -61 -62 -63
leaf_value=0.0007468077509786632 0.00076043562255250212 -0.00039950027095029178 0.0010975065052699583 0.0011935548687547538 -0.00091687185735639962 0.00041481039592638146 0.0015622174891761352 0.0015728489705667233 0.00010091641492780335 0.0010904999722588296 0.0059680194797532907 -0.00056739439017227311 0.00030988288589753419 -0.0028144604575348264 0.0010616191315380916 0.00093606491288656811 -0.00033813859197375927 0.00014118452178852505 -0.00028990209807145144 -0.00071921257891377651 0.00048135373056766497 -0.00033624643654559146 -8.6711910545912646e-06 0.0035170539704908223 0.0020307290121294253 0.00047481597119897732 0.00026314253472258013 8.5098864331718696e-05 -0.0033406266714482631 0.00023790428297978174 -0.002503044034659768 1.5466560551899712e-05 0.00085912420991359015 -0.0024056462804798364 6.4503489337335723e-05 0.0009519921747692617 -0.0004443417801639816 -0.0004142635864831439 -0.00049004761737835956 0.0041584566169994668 0.00016212154635906264 -0.0030118166798599297 2.2259393366444559e-05 -6.2866792230597507e-05 6.4678025651527717e-06 -0.00044035413382201706 0.00030785635087934003 0.00049150771362606869 0.0005271197193207418 0.00011415937820963367 -0.00095583906847657326 0.00070494588053248743 7.3029516780048938e-05 -0.0023866526241649987 -0.00013487811231193507 0.0026736158450289455 -0.00014671271306568171 8.7177947040604001e-05 -0.00041931170755243516 0.0013209138712343648 0.0015026910534926769 0.00065141446517147025
leaf_weight=10257 443 78564 2002 10499 41149 37509 3162 2125 11719 3199 273 1837 9658 826 703 890 1058 3369 38691 9596 2912 6520 18435 784 553 15621 40296 393 400 4214 345 98925 9420 764 32886 814 13238 48428 28076 341 68015 465 29581 50430 474859 46465 43965 9043 2160 5315 8033 345 380 441 5126 7919 35238 25507 1078 9865 1722 10353
leaf_count=10257 443 78564 2002 10499 41149 37509 3162 2125 11719 3199 273 1837 9658 826 703 890 1058 3369 38691 9596 2912 6520 18435 784 553 15621 40296 393 400 4214 345 98925 9420 764 32886 814 13238 48428 28076 341 68015 465 29581 50430 474859 46465 43965 9043 2160 5315 8033 345 380 441 5126 7919 35238 25507 1078 9865 1722 10353
internal_value=-2.97578e-07 -4.97383e-05 0.000966079 0.00151053 -0.000566168 6.0635e-07 0.000182572 0.000147686 0.000599203 0.0020739 0.00236259 -2.04317e-05 0.000795288 0.000119534 0.00264732 -0.000877644 0.00135993 0.000937899 -3.42719e-05 -2.44576e-05 -0.000439708 0.000211433 0.000275262 0.0025218 0.000475011 0.000138092 8.80152e-05 -2.09872e-05 -0.00164288 -1.92389e-05 0.000286621 -2.5455e-05 -9.98349e-05 1.28974e-05 -0.000211282 0.000126736 -0.00032364 -0.000445192 -0.000535324 0.00189866 0.000238386 -0.000624414 -0.000121996 1.21353e-07 -2.56912e-05 -0.000227074 0.00010543 1.55321e-05 -0.000397377 0.000590411 -0.00106834 -0.00132417 -0.00190464 -0.000441044 -0.000284214 0.00254218 -8.74596e-07 0.000178124 0.000902368 0.00102827 0.000595847 0.000467743
internal_weight=1.4272e+06 1.35774e+06 69463 27964 120603 1.23713e+06 128209 125047 41499 14096 10897 1.10892e+06 29780 122209 8895 42039 2838 13868 1.04646e+06 1.00777e+06 12508 62464 55944 1227 1611 120658 105037 64741 793 995261 19824 975437 249590 165983 83233 34041 83607 49192 40788 1155 82750 36574 42819 725847 582957 99055 142890 483902 48625 14735 8498 1551 1206 5912 5471 8622 63948 28710 3203 20122 13912 12190
internal_count=1427199 1357736 69463 27964 120603 1237133 128209 125047 41499 14096 10897 1108924 29780 122209 8895 42039 2838 13868 1046460 1007769 12508 62464 55944 1227 1611 120658 105037 64741 793 995261 19824 975437 249590 165983 83233 34041 83607 49192 40788 1155 82750 36574 42819 725847 582957 99055 142890 483902 48625 14735 8498 1551 1206 5912 5471 8622 63948 28710 3203 20122 13912 12190
is_linear=0
shrinkage=0.05


Tree=8
num_leaves=63
num_cat=0
split_feature=18 18 41 19 0 0 37 31 27 33 44 36 41 19 36 37 27 28 17 45 38 40 30 33 41 17 42 44 28 42 36 37 37 36 31 37 0 42 42 0 41 43 36 36 0 38 0 36 0 36 42 42 42 0 42 42 0 0 33 34 41 36
split_gain=24.6852 13.1428 3.87408 2.94431 2.5835 2.16513 1.54955 1.86419 1.40335 1.27358 1.17088 1.14671 0.905001 0.828945 0.797586 0.803683 0.792281 0.96613 0.764061 1.12 0.756223 0.737943 0.690979 0.818232 0.686375 0.663996 0.646338 0.635847 0.622013 0.588474 2.95007 1.35141 1.13553 1.01259 0.91292 1.04828 0.795564 2.79027 4.69257 1.73006 1.27266 1.16319 0.855777 1.05843 0.84377 0.886999 0.822014 0.812162 0.757099 1.20105 0.910176 0.748066 0.698642 1.14934 1.09468 1.06146 1.11858 1.00937 0.701826 0.656383 0.596287 0.592814
threshold=-22057.369967749106 3305.798157248159 0.0018764609147525044 -40924.617001488084 61406.403774232087 -116374.16017653552 0.86233986488380576 0.2763575738329625 -2.835453638559279 -0.085367264314632721 42.771918181199382 -0.39377207062600322 0.0065729453434912955 -7310.0757575757589 -0.84572885677858045 -0.13615933683352524 -2.0333588451850413 -10.24487847222222 -12776.266355377353 -7.1980392156862729 9.6040869832082034 -28.951794566800832 -0.0014547222510235729 -0.13136324417601378 0.0002840657523403986 -4198.2412434592134 0.18231049389204426 -6.1017241379310336 33.92764346764347 -0.1075442430455598 0.29956460892551712 -0.13636486313246829 0.2989988448209473 3.6048358719147444 -0.66224315822474933 -0.13636486313246829 -52884.693769524689 -1.0000000180025095e-35 0.0022445222219689919 -114039.34859877832 0.00018539392625208965 -4.7282196969696964 0.40590606952163016 0.41683535762483132 -154087.2137401246 0.58002543811289808 -129365.28158706798 -0.097952234797621371 -111910.20846513147 0.060535588442565187 -0.15268606200633866 0.098832262735665491 0.0070486699398960087 110783.12187457792 -1.0000000180025095e-35 0.00067683311354428427 21642.754215110432 22610.451558904726 -0.049332498957029618 -0.11940298507462697 0.0035813762798737659 0.049506163762468476
decision_type=2 2 2 2 2 2 2 2 2 2 2 2 2 2 2 2 2 2 2 2 2 2 2 2 2 2 2 2 2 2 2 2 2 2 2 2 2 2 2 2 2 2 2 2 2 2 2 2 2 2 2 2 2 2 2 2 2 2 2 2 2 2
left_child=2 3 16 8 -3 9 10 27 24 20 13 -9 22 26 15 -12 17 -1 -11 -20 -4 -7 -6 -24 -2 -26 29 -8 -25 30 34 -32 -33 36 59 -36 37 42 39 40 47 44 46 -44 45 -40 -31 -39 50 61 -37 52 54 -54 57 56 -56 -38 -55 -5 -53 -50
right_child=1 4 5 6 12 21 7 11 -10 18 14 -13 -14 -15 -16 -17 -18 -19 19 -21 -22 -23 23 28 25 -27 -28 -29 -30 33 31 32 -34 -35 35 48 51 38 41 -41 -42 -43 43 -45 -46 -47 -48 -49 49 -51 -52 60 53 58 55 -57 -58 -59 -60 -61 -62 -63
leaf_value=0.0011123589774152131 0.00038506419272126989 -0.00032867741581839224 0.0017542814314726646 0.00087750953774698144 -0.0005637012462860546 0.0033087665512783536 0.00093558130579042954 -0.0019071620537917139 0.0001674721810098495 0.0014130838574556387 0.0040491640314311633 0.00027640864867621437 0.00091792392192523815 -0.00025354132490279356 0.00020511466525595566 0.00086649343669460146 0.00030598114639823759 0.00035122153888889101 0.0057799496925144932 0.0024395344918372933 7.0135698280017486e-05 0.00093018405925143701 -0.00024487102661456469 -0.00088928836410927031 0.00047001576894396477 0.0012599873689840176 -0.00064378166914489212 0.0021917383590029315 -0.0014026338402493893 -0.00050988271242272825 -0.0027027747443634838 -0.0001970713580928082 -0.0019914268630230199 0.00074663588704312282 -0.001916593481687494 0.0014337894130326001 5.3266036927394879e-06 -0.0001650128377188402 -0.0020440830087876628 8.4259775394660312e-05 0.00091935136327920956 -0.00017264744914132651 -0.0030793992560523655 -0.00055470290930350317 -0.00045085881769182235 -0.00042260750133376072 -0.00013334684614626263 0.00046746187751376653 0.00054634449240581126 -0.00050940550313853181 0.00040987450650847163 -0.00037065010949778739 4.0510427485723764e-05 -0.00053485641495897398 -5.5422291944097463e-05 -1.2765708262904689e-05 -0.00038730336276172748 0.00028970603688927644 0.00042887437319937872 -0.00034397724767115781 0.00078332539884429686 0.0018691421501190919
leaf_weight=14097 12667 77122 1776 1424 19317 339 3348 771 50058 1819 220 2731 775 37560 34416 2016 8290 5920 260 7195 1067 8557 3794 22593 4606 6296 4067 1441 7987 20186 644 10444 963 4296 399 5320 99036 6811 1947 69011 12390 75274 424 19847 11754 1488 51409 19922 8019 2744 3666 18391 204450 2020 56807 249422 45905 45556 29155 4831 1192 947
leaf_count=14097 12667 77122 1776 1424 19317 339 3348 771 50058 1819 220 2731 775 37560 34416 2016 8290 5920 260 7195 1067 8557 3794 22593 4606 6296 4067 1441 7987 20186 644 10444 963 4296 399 5320 99036 6811 1947 69011 12390 75274 424 19847 11754 1488 51409 19922 8019 2744 3666 18391 204450 2020 56807 249422 45905 45556 29155 4831 1192 947
internal_value=-2.82698e-07 -3.96243e-05 0.00109883 1.05528e-05 -0.00051486 0.00161316 -8.70393e-06 0.000672424 0.000317257 0.00204804 -1.3554e-05 -0.000204326 -0.000778489 -2.25931e-05 0.000264567 0.00117964 0.000717022 0.000887254 0.00233186 0.00255603 0.00112221 0.00102082 -0.000802976 -0.00093744 0.000635385 0.000926231 -1.46361e-05 0.00131356 -0.00102337 -1.22802e-05 0.000177415 -0.000474363 -0.000348554 -1.9421e-05 0.000464602 0.000621903 -2.25781e-05 -9.28587e-05 1.25408e-05 0.000234843 0.000500464 -0.000253186 -0.000320712 -0.000607511 -0.000652318 -0.00134168 -0.00023951 0.000306321 0.000670843 0.000405927 0.00101606 4.57044e-06 1.27256e-05 8.3632e-05 -2.09093e-05 -6.84728e-05 -0.00020375 9.49248e-05 0.000366429 -6.58962e-05 -0.000300409 0.00068606
internal_weight=1.4272e+06 1.37788e+06 49320 1.24629e+06 131588 21013 1.17266e+06 8291 73627 12117 1.16437e+06 3502 54466 1.12772e+06 36652 2236 28307 20017 9274 7455 2843 8896 53691 34374 23569 10902 1.09016e+06 4789 30580 1.08609e+06 39401 12051 11407 1.04669e+06 27350 21095 1.0424e+06 290463 198597 108134 39123 90463 91866 20271 15189 3435 71595 26733 20696 11710 8986 751934 732351 235625 496726 352134 102712 144592 31175 6255 19583 8966
internal_count=1427199 1377879 49320 1246291 131588 21013 1172664 8291 73627 12117 1164373 3502 54466 1127721 36652 2236 28307 20017 9274 7455 2843 8896 53691 34374 23569 10902 1090161 4789 30580 1086094 39401 12051 11407 1046693 27350 21095 1042397 290463 198597 108134 39123 90463 91866 20271 15189 3435 71595 26733 20696 11710 8986 751934 732351 235625 496726 352134 102712 144592 31175 6255 19583 8966
is_linear=0
shrinkage=0.05


Tree=9
num_leaves=63
num_cat=0
split_feature=18 18 0 27 0 33 37 32 19 44 31 19 27 36 37 0 27 36 28 37 30 36 36 34 40 45 33 33 32 0 0 37 21 29 40 31 36 31 31 0 37 37 32 31 32 22 37 37 0 36 32 37 28 34 18 0 37 31 31 32 36 36
split_gain=22.3374 11.522 4.47325 2.28946 2.0863 1.54341 1.28117 2.47529 1.25738 1.02961 0.942048 0.914003 0.758628 0.717408 0.743702 0.689151 0.685253 0.778404 0.636284 0.60205 0.580759 0.540034 0.660813 0.584784 0.539383 0.615638 0.548057 0.544289 0.533686 0.557164 0.530579 0.661076 0.603668 0.544879 0.533342 0.52698 0.513613 0.512502 0.50943 0.493144 0.489894 0.486078 0.481917 0.480754 0.475893 0.620794 0.51376 0.469336 2.32515 1.37846 0.750527 0.474931 0.465998 0.451673 0.442888 0.4184 1.43045 0.969903 1.2254 0.971381 0.822035 0.908174
threshold=-17515.56552162849 5131.5676122931409 -89563.022666775578 -2.1223577127659605 106978.57304406913 -0.18483438269915134 0.86233986488380576 -0.033644977360389058 -37382.951433461691 42.771918181199382 2.9285309132161097 -7310.0757575757589 -2.6595512820512819 -0.84572885677858045 -0.13586592364082659 29977.108903773642 -5.3798175425835053 -2.6096096096096089 3.6318080517613223 -0.13275454678396328 -0.0013367294919746431 -1.1369648869648867 -0.94173005868289483 0.80229885057471273 -8.7720913367705098 -8.1437969924812013 0.11876551568494699 0.27817460317460324 0.96187576737076863 -223513.27028844343 -116374.16017653552 -0.13275454678396328 -708.73448546739962 -20.512199071767061 -22.943326494631084 5.147916666666668 -0.90931932389218806 -0.94474969474969483 1.1368421052631581 417990.237698037 -1.0000000180025095e-35 -0.37897556076330757 -0.09759963768115941 -1.7910902503293811 -1.0000000180025095e-35 9952.1440770348854 -1.0000000180025095e-35 -0.11849272004125662 -55381.912150474964 2.5019379844961245 -0.037247147561374268 -0.13636486313246829 3.6318080517613223 -1.1206060606060604 -35189.372202082006 -114039.34859877832 -0.07102828553859912 -0.1309934318555008 -0.063863775406159271 -0.041219530049044696 -0.45945945945945948 -0.37323633156966463
decision_type=2 2 2 2 2 2 2 2 2 2 2 2 2 2 2 2 2 2 2 2 2 2 2 2 2 2 2 2 2 2 2 2 2 2 2 2 2 2 2 2 2 2 2 2 2 2 2 2 2 2 2 2 2 2 2 2 2 2 2 2 2 2
left_child=2 6 3 5 18 40 8 15 12 11 42 21 -2 14 -11 -8 17 -4 -3 -5 -20 23 -23 28 25 -21 -26 -28 29 43 31 -7 33 34 -33 36 -24 -16 -15 47 -1 -31 -6 -10 45 -44 -46 48 49 50 -38 -50 -19 -49 -27 56 -55 60 -59 -60 -58 -62
right_child=1 4 16 19 10 30 7 -9 9 13 -12 -13 -14 38 37 -17 -18 52 20 24 -22 22 35 -25 26 54 27 -29 -30 41 -32 32 -34 -35 -36 -37 39 -39 -40 -41 -42 -43 44 -45 46 -47 -48 53 51 -51 -52 -53 -54 55 -56 -57 57 58 59 -61 61 -63
leaf_value=0.0026627964561689883 0.00047168697044977818 -0.00021212086115609876 0.0036287061228484903 -0.00045698535265428059 -0.001458632375977813 0.0010183992696284261 0.00073357838328141694 -0.00075034063052158866 0.0003831760263189076 0.0033315023437426811 4.9870430864712156e-05 -0.0002533342969819607 9.8633162730366484e-05 8.0909882117638152e-05 0.00012660375789570773 0.001815612674696401 0.00015264686226864257 0.00083017991063745076 -0.00028897105592052137 0.0037611154748070663 -0.00062794506097221499 -0.00029643815798029871 0.00039953836211862183 -0.00043167681925365177 0.00038489427312093986 0.0023458665219063838 0.0019903811772415173 0.00021711422823872777 -0.00076499269715082495 0.00097529420466731926 0.0012394028161477782 0.0042842117279619004 0.001561587780673143 0.0017002589913657805 0.0023926705244494192 0.00085895645429304624 -0.00074720692490101389 0.0018134894822213405 0.00053328615045184055 0.00027092839950888727 0.00058201420619143475 0.00013914276540874735 -0.00061473330822114361 0.0024706847139574911 -0.0015977992621310927 0.0011678217108667831 -0.00086551633603324798 -0.00041827537441718938 0.00016313590791550397 -0.0029322552670895501 1.0354516674197166e-05 -0.00045464709486689399 6.0354894930487265e-05 0.0012873380284647447 0.00086301818453588929 -2.7683691449354857e-05 0.00026676991173292183 0.00099278738599936547 -0.00047288296698923602 0.00017360590165192908 -0.00099998823633422893 -0.00018345144066311166
leaf_weight=299 19426 34001 219 1084 3655 2480 4264 2476 636 322 2727 41955 45658 26305 1243 2247 16016 7016 21315 232 31032 21863 7240 4445 7855 602 1178 684 1515 1792 6498 411 6784 3056 3995 1708 12592 706 8152 14054 5244 57793 5611 487 2741 535 18986 7048 26099 630 4416 3532 2731 2409 3079 827279 6916 4125 6545 51770 4398 15087
leaf_count=299 19426 34001 219 1084 3655 2480 4264 2476 636 322 2727 41955 45658 26305 1243 2247 16016 7016 21315 232 31032 21863 7240 4445 7855 602 1178 684 1515 1792 6498 411 6784 3056 3995 1708 12592 706 8152 14054 5244 57793 5611 487 2741 535 18986 7048 26099 630 4416 3532 2731 2409 3079 827279 6916 4125 6545 51770 4398 15087
internal_value=-2.68563e-07 -4.50104e-05 0.000874262 0.00118443 -0.000511514 0.00144391 4.67213e-07 0.000595284 -3.88538e-06 -1.58531e-05 -0.000841689 -2.43483e-05 0.000209981 0.000244667 0.00110543 0.001107 0.000355202 0.00068072 -0.000380531 0.000677122 -0.000489919 -1.54887e-05 -2.45198e-05 0.000122373 0.000767318 0.00126298 0.000567718 0.00133898 0.000161952 0.000185085 0.00162283 0.00177179 0.00190294 0.00221328 0.00256912 -1.855e-05 -2.00576e-05 0.000737656 0.000187935 -2.31358e-05 0.000694256 0.00016429 -0.000918804 0.00128844 -0.000848016 -0.000459565 -0.000957899 -2.7384e-05 -0.000181061 -0.000635584 -0.000550512 8.94965e-05 0.000614484 -1.95357e-05 0.00110553 -1.64762e-05 8.51321e-05 5.25333e-05 0.000159958 0.000101047 -0.000201534 -0.000367754
internal_weight=1.4272e+06 1.35774e+06 69463 43481 120603 28767 1.23713e+06 8987 1.22815e+06 1.16306e+06 34255 1.12633e+06 65084 36728 2271 6511 25982 9966 86348 14714 52347 1.08438e+06 1.01771e+06 66668 13630 3913 9717 1862 62223 60708 23224 16726 14246 7462 4406 995848 994140 1949 34457 986900 5543 59585 31528 1123 27873 6146 21727 972846 47269 17638 17008 29631 9747 925577 3681 918529 91250 88841 62440 58315 26401 19485
internal_count=1427199 1357736 69463 43481 120603 28767 1237133 8987 1228146 1163062 34255 1126334 65084 36728 2271 6511 25982 9966 86348 14714 52347 1084379 1017711 66668 13630 3913 9717 1862 62223 60708 23224 16726 14246 7462 4406 995848 994140 1949 34457 986900 5543 59585 31528 1123 27873 6146 21727 972846 47269 17638 17008 29631 9747 925577 3681 918529 91250 88841 62440 58315 26401 19485
is_linear=0
shrinkage=0.05


Tree=10
num_leaves=63
num_cat=0
split_feature=18 18 41 19 0 0 39 42 39 41 41 44 33 39 41 33 39 45 42 42 0 32 41 38 40 32 19 0 39 0 42 42 42 0 0 33 44 34 34 0 42 39 45 32 32 34 41 42 0 0 40 45 39 44 42 32 0 38 42 33 42 39
split_gain=20.5152 10.91 3.14564 2.87649 2.11239 1.5805 1.57018 1.99172 1.56821 1.27549 1.1665 1.06404 0.9811 0.930939 0.853344 0.788501 0.774687 0.774262 0.748354 0.709634 0.874049 1.00502 0.734518 0.688605 0.658831 0.651218 0.616066 0.631436 0.684452 1.38288 1.61908 2.89714 1.78373 1.59075 1.00856 0.900002 0.814878 0.636407 0.797026 0.619196 0.693899 0.611031 0.89054 0.599436 0.807626 0.616051 0.586373 0.568286 0.555604 0.525537 0.513039 0.489018 0.637552 0.48481 0.651206 0.481605 0.703801 0.479461 0.473237 0.512079 0.472716 0.465705
threshold=-23820.378750299536 3305.798157248159 0.0018764609147525044 -40924.617001488084 69546.967325164573 -116374.16017653552 -29.138793197319963 0.093162657894554191 -5.1236620499604184 0.00098553375971848129 0.00025828619307729242 1.1801948051948055 -0.085367264314632721 -11.718587707745685 0.0055256183358103504 -0.46206174777603348 -3.86096800467099 -4.4788793103448263 0.18231049389204426 -0.13831122970648593 -95347.674866584988 -0.037294248551586535 0.0075835994025818974 9.8075434352581308 7.9011612205612325 -0.09759963768115941 -7310.0757575757589 417990.237698037 5.4773637741146013 -52884.693769524689 0.0072853694185322929 -1.0000000180025095e-35 0.00057950057154473194 -167115.23060850421 -167115.23060850421 -0.046510371650821079 -9.2382148662627444 0.38762626262626271 0.40056497175141248 -38877.391636236316 0.088100105639106294 2.4858229002310819 -8.077871570696411 -0.010527482269503544 -0.076567690125233998 -0.79585275024928259 0.0012515291451960097 -0.23620165536115123 -100224.53766668423 -62934.66074085002 -28.951794566800832 -0.28470111448834862 -7.8426556319070349 -6.2566565952223572 -0.0027855348917344923 1.9366472675445758 -258083.29198106716 -9.0251280709334036 0.0041211787568255593 -1.0000000180025095e-35 0.093162657894554191 -14.79067239056682
decision_type=2 2 2 2 2 2 2 2 2 2 2 2 2 2 2 2 2 2 2 2 2 2 2 2 2 2 2 2 2 2 2 2 2 2 2 2 2 2 2 2 2 2 2 2 2 2 2 2 2 2 2 2 2 2 2 2 2 2 2 2 2 2
left_child=2 3 13 8 -3 12 7 11 10 -9 -2 17 23 48 25 -12 50 -5 19 20 21 -8 47 -4 -13 -6 27 28 29 30 31 35 34 57 55 -21 60 -34 -39 43 -41 42 -14 44 -38 -45 -37 -23 -1 -10 -7 52 -22 -19 -55 56 -33 -32 -29 -60 -30 -31
right_child=1 4 5 6 14 16 18 9 49 -11 15 24 41 -15 -16 -17 -18 53 -20 26 51 22 -24 -25 -26 -27 -28 58 36 61 33 32 37 -35 -36 46 39 38 -40 40 -42 -43 -44 45 -46 -47 -48 -49 -50 -51 -52 -53 -54 54 -56 -57 -58 -59 59 -61 -62 -63
leaf_value=0.0011499117593376316 0.00030214224978358784 -0.0003083335087427615 0.0017087809386306916 0.00024233591315306064 -0.0012767639464629768 0.0031109531986062908 -0.00048544817798421458 0.00064445918684434154 0.00023620812091548079 0.0025357103725710765 -0.00043538433851097357 0.00023588516687249149 0.0055064327212397098 0.00020325797939321671 0.00069940500578920468 0.0010243825994904518 -0.00034306451716360558 0.00013573282210525297 -0.00070090533942178184 0.00019027904809148784 -0.00065487750789583249 0.0017630382155897257 -2.3245379750107376e-06 7.1105642583813529e-05 0.00075531214252147678 -0.00068745843479244484 -0.00023727931040504817 4.1838719885155842e-05 -8.8542352820755624e-05 9.5388741297254879e-05 -0.002206013344147619 0.00311983756211183 -7.7874474779058482e-05 -0.00039578793683715775 0.0002266808708764005 -0.00034255493138950861 0.00019097040634600746 -0.0028694543949761625 -0.00030868772795483702 2.9185256067972327e-05 -0.00040630432773684842 0.0011327504067511467 0.0022425897261086737 -0.00038219097293964652 -0.00032310635818858852 0.00027403452528909573 -0.00070433960660582363 0.00075325561221528973 0.00057481440725821694 -0.00012241759777725816 0.0010799665310548873 0.0007551690307194143 0.0002692453662327828 -0.00051114254146451268 -4.7028277346740393e-05 0.00031376372149546884 0.0010233140000594446 -0.0010179294970322867 -0.0005790083015938238 0.00076343556353835349 -0.00070281191699162414 -4.0563533675152821e-05
leaf_weight=9297 16783 81085 1682 24027 5243 327 1917 2786 33184 1311 996 33183 215 6957 1037 12990 955 14430 4101 5762 4348 1895 2325 1038 7481 44285 34624 8154 91506 78899 1542 448 52366 22411 23708 31716 18358 459 899 221524 9541 1228 7482 3777 13086 67351 17314 5263 7660 14759 6331 1411 3270 11714 21303 2062 3760 1890 805 6043 3243 312415
leaf_count=9297 16783 81085 1682 24027 5243 327 1917 2786 33184 1311 996 33183 215 6957 1037 12990 955 14430 4101 5762 4348 1895 2325 1038 7481 44285 34624 8154 91506 78899 1542 448 52366 22411 23708 31716 18358 459 899 221524 9541 1228 7482 3777 13086 67351 17314 5263 7660 14759 6331 1411 3270 11714 21303 2062 3760 1890 805 6043 3243 312415
internal_value=-4.14912e-08 -3.3504e-05 0.00107331 1.19844e-05 -0.000466495 0.00154891 -7.62701e-06 0.000166813 0.000304598 0.00124964 0.000583182 0.000127252 0.00191515 0.000690302 -0.00072012 0.000920427 0.000988693 1.1079e-05 -2.6788e-05 -2.41653e-05 0.000267654 0.000558713 0.000769792 0.00108382 0.000331445 -0.000749842 -2.99328e-05 -2.27467e-05 -2.76548e-05 -6.42692e-05 -0.000185988 -0.000118194 6.68313e-05 -0.0005493 0.000375825 -0.000400844 1.98371e-05 -0.000105587 -0.00117422 5.65864e-05 1.12033e-05 0.00216851 0.00233376 0.000158821 -2.29721e-05 0.000239188 -0.000470312 0.00102058 0.000890123 0.000125807 0.00117972 -9.98374e-05 -0.000258201 -0.000106029 -0.00021169 0.000939765 0.00124652 -0.00155174 0.000299193 0.000605628 -0.000109567 -1.3152e-05
internal_weight=1.42796e+06 1.38479e+06 43172 1.25314e+06 131650 19258 1.17443e+06 116235 78712 4097 30769 112138 11645 23914 50565 13986 7613 71474 1.05819e+06 1.05409e+06 20429 11400 9483 2720 40664 49528 1.03366e+06 999039 984037 555651 164337 138494 83702 25843 29978 54792 428386 53724 1358 333637 231065 8925 7697 102572 31444 71128 49030 7158 16957 47943 6658 9029 7618 47447 33017 6270 4208 3432 15002 6848 94749 391314
internal_count=1427962 1384790 43172 1253140 131650 19258 1174428 116235 78712 4097 30769 112138 11645 23914 50565 13986 7613 71474 1058193 1054092 20429 11400 9483 2720 40664 49528 1033663 999039 984037 555651 164337 138494 83702 25843 29978 54792 428386 53724 1358 333637 231065 8925 7697 102572 31444 71128 49030 7158 16957 47943 6658 9029 7618 47447 33017 6270 4208 3432 15002 6848 94749 391314
is_linear=0
shrinkage=0.05


Tree=11
num_leaves=63
num_cat=0
split_feature=18 19 18 41 0 39 37 37 36 0 18 35 40 28 39 35 35 36 42 40 36 42 35 39 42 41 35 17 42 36 36 34 36 35 39 45 41 37 35 31 38 38 36 41 42 36 41 41 44 0 0 0 42 0 42 42 34 39 37 0 31 35
split_gain=18.5149 9.87776 2.83986 2.83894 1.63502 1.47826 1.97435 1.4424 1.555 1.4264 1.37706 1.10488 0.854731 0.84956 0.840172 0.825989 1.08615 0.863499 0.847992 0.762843 0.72764 0.701747 0.94999 0.699155 0.67656 0.665489 0.661322 0.625219 0.603872 1.52883 0.822299 0.795474 0.98718 0.722157 0.600413 0.586221 0.585354 0.577216 0.572768 0.685452 0.572386 0.594015 0.567245 1.21109 0.662619 1.49839 0.576941 0.566509 0.562909 0.561825 0.550517 0.548484 1.8068 1.95353 0.701819 0.672838 0.547327 0.530635 0.526273 0.587333 0.525616 0.728094
threshold=-23820.378750299536 20410.708435708435 -11443.506756756755 0.0018764609147525044 -65755.268768943628 -29.138793197319963 0.86233986488380576 0.2989988448209473 -1.8080557007746776 -116374.16017653552 36938.773122710627 1.0000000180025095e-35 -21.395576489671981 -0.22666201406120831 -11.718587707745685 0.2551251646903821 0.23283868362608531 -0.80079365079365061 -0.044015257607604462 11.475047960318657 0.97911217669282202 0.15266991129095328 0.24251119251119255 -3.86096800467099 0.058163829229157277 0.0030553705214629557 0.73363914373088701 -5427.3299375775432 -0.12649477202283313 0.29956460892551712 3.6048358719147444 0.031661262635895422 0.72213347532836369 0.67178199404761918 -12.286700602802069 -3.2768199233716468 0.0030553705214629557 0.95324643782383434 0.24320507572656572 -0.14592304543593967 -30.641072526759618 -20.226502868511677 2.5019379844961245 0.0020928951616777385 -0.081507459602676066 0.0098088944944066409 0.0075835994025818974 0.00098553375971848129 -5.3585714285714277 -111910.20846513147 417990.237698037 -26425.432731067744 0.0079694853585440296 -109627.67462876263 -1.0000000180025095e-35 0.0012059049471858558 0.40408205339655712 7.1167850789635763 0.43254586362063008 -70832.459492429029 -1.2403703703703701 -0.70541140719962592
decision_type=2 2 2 2 2 2 2 2 2 2 2 2 2 2 2 2 2 2 2 2 2 2 2 2 2 2 2 2 2 2 2 2 2 2 2 2 2 2 2 2 2 2 2 2 2 2 2 2 2 2 2 2 2 2 2 2 2 2 2 2 2 2
left_child=3 2 4 14 11 6 7 8 35 12 36 27 20 21 -1 16 17 -10 -18 42 -5 28 -23 -11 -17 -26 -14 -2 29 38 37 58 -33 -32 -6 -4 -3 50 39 -7 -8 -42 44 -44 45 -19 -47 -29 -9 -49 60 52 54 -54 -46 -56 -34 -40 -31 -60 61 -30
right_child=1 10 5 9 34 13 40 48 15 23 -12 -13 26 -15 -16 24 18 19 -20 -21 -22 22 -24 -25 25 -27 -28 47 30 31 33 32 56 -35 -36 -37 -38 -39 57 -41 41 -43 43 -45 51 46 -48 49 -50 -51 -52 -53 53 -55 55 -57 -58 -59 59 -61 -62 -63
leaf_value=0.00084561641746809914 0.00043164781389160652 -0.00043486499763047609 0.0021148337809680159 0.0024579699193526951 0.00034553713694660551 0.00024896206957942868 0.00095122887735722651 -0.002323273559178773 -0.00075776201789865233 0.0011207303047775009 -0.00085850168866412509 2.365005220871125e-05 0.001734773202251368 -0.00024797953088723441 0.00019309508156242666 0.00033327236762005795 -0.0037871897987599465 0.0012214158329424906 -0.00048068903449852087 0.00051278217176979602 0.0054770033322935809 -0.00077885393192506612 0.00047640244384086457 -0.00032591128995710034 0.00096882548882290791 0.0037374079200439159 -0.00059570224263674179 0.00067899507122869119 -0.00019428743777645375 -0.00054110466802702306 0.0003865054336511208 0.0016839117777161607 -0.001859983869292087 0.0021643217691522973 -0.0001789924010058707 0.0004921410192224076 0.00026283566912412064 0.0019832768048319606 -0.00077903123683340989 0.000914781957081501 0.0039501148979646863 0.0014329021774693413 9.7962075561959679e-05 -0.0046070944814595822 -0.00028982487078348492 0.00037483579073955702 -0.00087091926753574416 0.0021556149444040529 -0.00043669598932290828 0.0010203302242928053 0.00028037066929518855 0.0001712648219834858 -0.0026342282977134257 -0.00042928835801121518 0.00050577181223570558 -0.00010652898120330137 0.00052241896401975516 0.0013848416669051487 -0.00059672272779359703 -0.0043356221350082502 -4.0787099279320836e-05 0.00014974617979159781
leaf_weight=16957 12096 79089 1346 1117 8758 7667 1308 778 2955 6658 21414 7614 9971 42028 6957 15487 314 3735 507 10385 243 6283 1983 955 1647 250 314 10025 19174 5002 4126 917 458 663 14469 949 3125 358 1452 7796 426 521 415 204 10242 2036 1710 1438 804 4500 14573 30006 1305 4363 9893 8210 509 352 220 201 921005 77699
leaf_count=16957 12096 79089 1346 1117 8758 7667 1308 778 2955 6658 21414 7614 9971 42028 6957 15487 314 3735 507 10385 243 6283 1983 955 1647 250 314 10025 19174 5002 4126 917 458 663 14469 949 3125 358 1452 7796 426 521 415 204 10242 2036 1710 1438 804 4500 14573 30006 1305 4363 9893 8210 509 352 220 201 921005 77699
internal_value=-3.94166e-08 -3.18288e-05 6.15024e-06 0.00101964 0.00034526 -1.01913e-05 0.000164839 0.000134137 0.000156511 0.00147146 -0.000501367 0.00055783 0.00181939 -2.74661e-05 0.000655787 0.000128012 6.46591e-05 8.20472e-05 -0.00174529 0.000112126 0.0029974 -1.88082e-05 -0.00047772 0.000939259 0.000442441 0.00133369 0.00166362 0.000702783 -1.52368e-05 0.000229738 -2.10387e-05 -0.00037651 0.000508591 0.00063263 1.87873e-05 0.00144384 -0.000408345 -2.40697e-05 0.000486288 0.000584649 0.00162905 0.00256525 5.44325e-05 -0.00145265 6.74799e-05 0.00051275 -0.000193835 0.000908237 -0.00136448 0.00129526 -2.47657e-05 1.54475e-05 -0.000122013 -0.000936954 4.09459e-05 0.000228084 -0.000605958 -0.000356812 -0.000684002 -0.0023818 -2.91344e-05 8.16519e-05
internal_weight=1.42796e+06 1.38479e+06 1.28116e+06 43172 58900 1.22226e+06 109796 107541 105959 19258 103628 35673 11645 1.11247e+06 23914 103664 86280 85459 821 82504 1360 1.07044e+06 8266 7613 17384 1897 10285 28059 1.06217e+06 24574 1.0376e+06 7307 1884 4789 23227 2295 82214 1.03281e+06 17267 15463 2255 947 72119 619 71500 7481 3746 15963 1582 5938 1.03245e+06 64019 34013 5668 28345 18103 967 1804 5423 421 1.01788e+06 96873
internal_count=1427962 1384790 1281162 43172 58900 1222262 109796 107541 105959 19258 103628 35673 11645 1112466 23914 103664 86280 85459 821 82504 1360 1070438 8266 7613 17384 1897 10285 28059 1062172 24574 1037598 7307 1884 4789 23227 2295 82214 1032809 17267 15463 2255 947 72119 619 71500 7481 3746 15963 1582 5938 1032451 64019 34013 5668 28345 18103 967 1804 5423 421 1017878 96873
is_linear=0
shrinkage=0.05


Tree=12
num_leaves=63
num_cat=0
split_feature=18 18 27 39 28 28 37 32 44 18 30 39 36 32 35 35 36 39 30 26 28 36 43 28 35 37 36 39 35 36 18 35 36 39 35 36 39 32 28 17 27 39 44 23 36 39 36 36 17 32 32 30 37 20 21 36 36 39 39 36 36 39
split_gain=16.7137 9.00602 2.20929 2.0475 1.82124 1.6355 1.1699 2.15857 0.875156 0.807285 0.710494 0.682096 1.31627 0.634672 0.604199 0.675345 1.38555 0.833726 0.597032 0.586575 0.590071 0.576289 0.575097 0.538378 0.482314 1.53245 0.727082 1.04365 0.820994 0.762595 0.531131 0.432138 0.53507 0.522876 0.469557 0.622882 0.621931 0.70961 0.41843 0.402082 0.399518 0.398292 0.816045 0.38902 0.387288 0.368995 0.367838 0.364767 0.359094 0.354349 0.352703 0.344174 0.342591 0.39478 0.341706 0.341625 0.955866 0.341265 0.363692 0.35244 0.75226 0.773639
threshold=-23281.694734408029 2495.370240727098 -2.7631421605619084 -1.4601909806557172 12.531225640600388 3.6318080517613223 0.86233986488380576 -0.033644977360389058 42.771918181199382 -9899.8682539682541 -0.0014547222510235729 -23.922812227775051 -0.86598285285051924 2.7990654205607481 1.3898567323728577 0.61544151641239031 2.5019379844961245 36.137579108612137 -0.00089559302656387228 -1.8038711288711291 -13.147899463696302 0.24305019305019307 0.23797818611648361 42.690404709623692 -0.71576037604828791 0.2989988448209473 0.19559951150173185 -7.8426556319070349 -0.72173900593461193 0.19483178397521031 -14412.716275659825 0.33152173913043476 -1.1369648869648867 -29.742675756707964 0.2551251646903821 -0.66223040054775761 -25.746767119395631 -0.076567690125233998 -2.5561507936507932 -4198.2412434592134 -0.71669575007036446 -29.138793197319963 -3.4941860465116275 0.097957702674683858 0.22137002341920384 -29.742675756707964 -1.0345160654445102 -4.2346441947565534 -12391.854849726775 -0.088932806324110658 -1.0000000180025095e-35 -0.0013503158737327207 -0.13324958123953096 -310.3320209973752 -802.41210963767924 -0.097952234797621371 -0.037523584241502698 -38.84447989155543 -4.380673069202687 0.63625112511251136 0.77003205128205143 -14.519183539118659
decision_type=2 2 2 2 2 2 2 2 2 2 2 2 2 2 2 2 2 2 2 2 2 2 2 2 2 2 2 2 2 2 2 2 2 2 2 2 2 2 2 2 2 2 2 2 2 2 2 2 2 2 2 2 2 2 2 2 2 2 2 2 2 2
left_child=3 2 9 5 -3 19 8 22 14 38 -6 12 -10 23 15 24 18 -18 -17 40 51 55 44 -12 25 26 29 28 -28 -4 -26 32 33 -32 -34 -36 37 -37 39 -2 43 42 -35 -1 -8 46 -20 -43 -15 -5 -9 -21 53 -53 -54 -14 -57 -33 59 -59 61 -61
right_child=1 4 6 49 10 -7 7 50 11 -11 13 -13 21 48 -16 16 17 -19 45 20 -22 -23 -24 -25 30 -27 27 -29 -30 -31 31 57 34 41 35 36 -38 -39 -40 -41 -42 47 -44 -45 -46 -47 -48 -49 -50 -51 -52 52 54 -55 -56 56 -58 58 -60 60 -62 -63
leaf_value=0.0032388371333184757 0.00029697691032347194 -0.00024688701883299668 -0.00012123573353061724 0.0012445236508102889 -0.00039048484359340777 -0.00011746237724603576 0.00098255025222636675 -0.0014177145690585926 0.0024344089501346609 0.00010651926619136112 -0.0007365261831103364 5.2394729641331492e-05 0.00074099483339689818 0.00072517612431482114 -0.00047058512796694079 -0.00049349526799679722 0.0010785329418772514 0.0041348706313603838 0.0019090420036706919 0.00099876739540611216 0.00078838253973195912 0.00087898343633884099 0.0022206163435513791 -0.0014476221449241707 0.00024296290982460682 0.0016428748943980857 -0.00090175848234217825 -0.00033931589395813096 -0.0031582217541843726 0.0011967076368730074 -0.00074442196904693405 0.00087869981188138887 -2.711674009348082e-05 0.00022813903617797867 -0.00035733550969643997 -0.00021450723541500713 8.8608776769329742e-05 0.00074779834245526904 0.00020146320977001465 0.0007817023747916451 0.00052093920452001528 -0.00033526322654386833 0.0034269855395024349 0.0017697271902739798 -0.00049943593653354235 0.00013027845642851811 0.00044890624298996094 0.00020596602595933313 -0.00047410743403815414 0.00015330558273902409 -0.00016471349588071757 0.0014790008424059504 0.0017361321502462818 -0.00012062560619540517 0.0012146776462730038 -0.0021439508236410091 0.00016417840626751964 -0.0001936208533137208 -6.5412058560519542e-05 -0.0037660870197328538 -0.00048252593248021406 -3.7228494531404979e-05
leaf_weight=559 6128 73808 30190 822 22955 2516 5051 1062 828 21026 34833 20575 2099 1062 7194 3685 1651 258 527 7443 8769 4124 893 2882 20060 1136 1343 14715 576 1139 1561 764 879904 653 6061 2511 39847 8081 7649 14173 498 3370 287 2324 483 40231 2376 40837 1514 7836 1192 808 7047 738 5669 478 7282 11758 25573 367 5957 224
leaf_count=559 6128 73808 30190 822 22955 2516 5051 1062 828 21026 34833 20575 2099 1062 7194 3685 1651 258 527 7443 8769 4124 893 2882 20060 1136 1343 14715 576 1139 1561 764 879904 653 6061 2511 39847 8081 7649 14173 498 3370 287 2324 483 40231 2376 40837 1514 7836 1192 808 7047 738 5669 478 7282 11758 25573 367 5957 224
internal_value=-3.74462e-08 -3.09044e-05 1.14154e-05 0.00094795 -0.000415609 0.00111245 -2.05312e-06 0.000576281 -6.27835e-06 0.000340567 -0.000612508 0.000238646 0.000497381 -0.000739002 -1.37962e-05 -1.09279e-05 0.000171212 0.00149159 0.000117375 0.00120385 0.00113453 0.00038268 0.0010432 -0.000790865 -1.9019e-05 -0.000172182 -0.000215172 -0.000482339 -0.00157905 -7.33205e-05 -1.1842e-05 -1.68154e-05 -9.90644e-06 0.000155256 -1.81447e-05 0.000121581 0.00017913 0.000519669 0.000516635 0.000635385 0.00182868 0.000186363 0.00120481 0.00205458 0.000853205 0.000169562 0.000713974 0.000164707 2.03177e-05 0.000256907 -0.00075508 0.00127438 0.00141821 0.000715402 0.00150366 0.000175077 2.20024e-05 -0.000168962 -0.000187203 -0.000357342 -0.000651329 -0.00235278
internal_weight=1.42796e+06 1.38293e+06 1.24588e+06 45029 137054 36371 1.1969e+06 8681 1.18822e+06 48976 63246 35386 14811 40291 1.15284e+06 1.14564e+06 48728 1909 46819 33855 30474 13983 6427 37715 1.09691e+06 49099 47963 16634 1919 31329 1.04782e+06 1.02776e+06 983112 46708 936404 56500 50439 10592 27950 20301 3381 45147 940 2883 5534 43134 2903 44207 2576 8658 2254 21705 14262 1546 12716 9859 7760 44643 43879 18306 6548 591
internal_count=1427962 1382933 1245879 45029 137054 36371 1196903 8681 1188222 48976 63246 35386 14811 40291 1152836 1145642 48728 1909 46819 33855 30474 13983 6427 37715 1096914 49099 47963 16634 1919 31329 1047815 1027755 983112 46708 936404 56500 50439 10592 27950 20301 3381 45147 940 2883 5534 43134 2903 44207 2576 8658 2254 21705 14262 1546 12716 9859 7760 44643 43879 18306 6548 591
is_linear=0
shrinkage=0.05


Tree=13
num_leaves=63
num_cat=0
split_feature=18 19 41 18 0 18 0 39 42 43 36 35 40 36 36 42 39 33 31 36 45 32 39 42 35 35 39 45 39 28 39 36 42 36 0 31 32 35 33 36 29 0 36 41 31 35 0 42 42 39 42 42 0 0 0 19 0 33 42 39 0 42
split_gain=15.0971 8.21706 2.48733 2.36082 1.38953 1.33485 1.33431 1.22249 1.51607 1.13253 1.1313 1.02219 0.939105 0.913403 0.819 1.01178 0.768179 0.765272 0.724909 0.72273 0.687433 0.681257 0.659891 0.65158 1.18135 0.635559 0.631844 0.617282 0.602935 0.572066 0.564345 0.562249 0.546243 1.24486 0.707686 0.756491 0.705919 0.57792 1.59489 0.617922 0.543271 0.541199 0.529616 0.518358 0.511877 0.509733 0.506125 1.12225 2.57979 1.05662 1.02959 1.59116 1.43525 1.22331 1.01355 1.16051 1.19299 0.984634 0.834457 0.829216 0.819238 0.815516
threshold=-23820.378750299536 10070.779220779224 0.0015123596385094979 -10858.739047619043 -65755.268768943628 36938.773122710627 -90964.618262744683 -29.138793197319963 0.11284898883678275 2.9451951951951956 -0.30330086580086552 1.0000000180025095e-35 -21.725477392618057 -0.27786652467163636 2.5019379844961245 -0.059056589712441779 -29.508688124775716 -0.87465184374032889 -0.94474969474969483 0.97911217669282202 -4.6510869565217385 -0.088932806324110658 -15.447452485604538 0.11284898883678275 0.24320507572656572 -1.0000000180025095e-35 35.37968479611186 1.7113237639553438 -11.718587707745685 1.7607908351810766 -1.8296056363423536 1.994279859295834 -0.13831122970648593 0.80534188034188037 -76187.072496143621 0.60574175824175802 -0.037294248551586535 -0.21148351648351646 0.77432126696832582 -0.13162878787878796 -0.7781061658027254 564480.11769691505 3.6048358719147444 0.0025233983943463837 1.3482930571538165 0.059920634920634937 52886.586712598102 0.0022914636803111166 -1.0000000180025095e-35 -2.5011369670926089 -1.0000000180025095e-35 0.00057950057154473194 -157844.87596193075 -35286.019662164515 -52884.693769524689 -17531.487782245586 -258083.29198106716 -0.049332498957029618 0.0081930842798337618 -12.286700602802069 -167115.23060850421 0.00042714565810146983
decision_type=2 2 2 2 2 2 2 2 2 2 2 2 2 2 2 2 2 2 2 2 2 2 2 2 2 2 2 2 2 2 2 2 2 2 2 2 2 2 2 2 2 2 2 2 2 2 2 2 2 2 2 2 2 2 2 2 2 2 2 2 2 2
left_child=2 3 22 4 11 21 12 8 9 14 -10 30 19 16 20 -16 18 -14 -11 -4 -5 -3 -1 29 25 41 -27 -22 -6 32 -2 -26 33 34 36 -36 -9 38 -38 45 44 -25 46 -23 -19 -39 49 48 -48 50 53 52 -52 -34 55 -53 -57 -49 -58 -59 -60 -50
right_child=1 5 6 7 28 -7 -8 23 10 13 -12 -13 17 -15 15 -17 -18 40 -20 -21 27 43 -24 24 31 26 -28 -29 -30 -31 -32 -33 42 -35 35 -37 37 39 -40 -41 -42 -43 -44 -45 -46 -47 47 57 61 -51 51 54 -54 -55 -56 56 58 59 60 -61 -62 -63
leaf_value=0.00074871965943148979 0.00084046164508284307 -0.00076320010893755127 0.002193505823625709 0.00024855180842081522 0.00034139886251059363 -0.00078140362561948109 0.00059458774833750236 -0.00031883595970681598 0.0024579947693031136 -0.00040271022572078199 0.00042195995928442725 2.3717829288279288e-06 -0.00023051696354809727 0.00028595053586055242 -0.0039285987884421824 -0.00029476110487204702 0.0028090957602720673 0.0017256198991738307 0.0012821073186035118 0.0050802109124299024 -0.00014126893254616226 -0.00033124743119523767 0.0001739057055071173 -0.00011155244296483936 0.00027635177536023683 -0.00054194617744378511 -0.0017458547385618209 0.00031425562462421264 -0.0001698568161419378 -0.00024886579819774734 0.00039879521311201075 0.0020914992281715144 -0.00039168535580725222 -0.00076168450814606255 0.00018671556024584549 -0.0013895928472477505 -0.00088663220361933715 0.00084260957212839048 0.0018347114311205838 0.0011488221086090266 0.00050796725218598174 0.0022362613997834106 0.00052067545499111755 0.00024890365846714867 0.00088510082004777512 -0.00062935569013545948 0.00033132681215677332 -0.00049222598344083842 -0.00045185163391276247 4.8174784747717932e-06 0.0008695666403619887 0.00032016866016956622 8.6626201798705642e-05 3.4061150757646301e-05 -3.8029667549485705e-05 -0.0019161640154246864 -0.00019131834878819169 0.0005718444260235339 -0.0015834643045840573 0.00015293548452622303 -0.00050298122008349733 -9.0784060888005673e-05
leaf_weight=14250 15952 8924 1634 27269 9155 21548 5025 1897 1206 877 1571 8004 694 22649 287 576 574 10105 2347 250 42622 84962 7686 4693 3128 11315 1206 9009 15582 26025 13232 494 56649 2686 3631 963 1594 1380 813 6740 1321 259 4565 4033 2207 1025 28429 5098 26713 553674 6824 6549 41155 24029 102331 1246 30190 14198 1989 70331 14870 37722
leaf_count=14250 15952 8924 1634 27269 9155 21548 5025 1897 1206 877 1571 8004 694 22649 287 576 574 10105 2347 250 42622 84962 7686 4693 3128 11315 1206 9009 15582 26025 13232 494 56649 2686 3631 963 1594 1380 813 6740 1321 259 4565 4033 2207 1025 28429 5098 26713 553674 6824 6549 41155 24029 102331 1246 30190 14198 1989 70331 14870 37722
internal_value=-3.55738e-08 -2.87412e-05 0.000920731 8.68356e-06 0.000309757 -0.000425122 0.00130646 -6.8092e-06 0.000152885 0.000122731 0.00130617 0.000502928 0.00152712 0.000406278 2.87155e-05 -0.00150323 0.00112384 0.00138912 0.000823799 0.00257656 4.54718e-05 -0.000346719 0.000547315 -2.27124e-05 -0.000297906 -0.000468262 -0.000657904 -6.17853e-05 1.93555e-05 -1.73037e-05 0.00064021 0.000523917 -1.15495e-05 0.000242567 0.000392066 -0.000143712 0.000575081 0.000721875 3.2542e-05 0.00090331 0.00147156 1.12432e-05 -1.66807e-05 -0.000304957 0.00157495 0.000215265 -1.9081e-05 5.63875e-05 -6.54245e-05 -3.54862e-05 -0.000113557 -5.40476e-05 0.000197983 -0.000264882 -0.000130982 -0.000304418 -0.000389114 0.000182599 -0.000348674 0.000223298 -0.000630455 -0.000240473
internal_weight=1.42796e+06 1.38479e+06 43172 1.26532e+06 61925 119467 21236 1.2034e+06 108987 106210 2777 37188 16211 26447 79763 863 3798 14327 3224 1884 78900 97919 21936 1.09441e+06 21095 17473 12521 51631 24737 1.07332e+06 29184 3622 1.04729e+06 20729 18043 4594 13449 11552 2407 9145 13633 4952 1.02656e+06 88995 12312 2405 1.022e+06 182491 92864 839506 285832 205154 47979 80678 157175 54844 48295 89627 47049 84529 16859 64435
internal_count=1427962 1384790 43172 1265323 61925 119467 21236 1203398 108987 106210 2777 37188 16211 26447 79763 863 3798 14327 3224 1884 78900 97919 21936 1094411 21095 17473 12521 51631 24737 1073316 29184 3622 1047291 20729 18043 4594 13449 11552 2407 9145 13633 4952 1026562 88995 12312 2405 1021997 182491 92864 839506 285832 205154 47979 80678 157175 54844 48295 89627 47049 84529 16859 64435
is_linear=0
shrinkage=0.05


Tree=14
num_leaves=63
num_cat=0
split_feature=18 18 19 0 39 35 0 0 39 37 37 36 35 40 27 33 45 26 31 35 19 43 42 39 42 31 33 0 45 36 45 45 35 42 40 42 36 36 35 37 37 31 37 0 42 42 39 0 35 36 39 42 33 0 39 36 42 31 37 37 35 0
split_gain=13.6251 7.51571 1.96549 1.82417 1.40655 1.27132 1.34586 1.2643 1.06696 1.41886 1.21373 1.28653 0.957298 0.841342 0.818749 0.818346 0.863546 1.05958 0.774222 0.708158 0.706007 0.689843 0.683983 0.674356 0.713888 0.645808 0.644543 0.637836 0.546981 0.780834 0.764556 0.63689 0.60048 0.541054 0.533075 0.527412 1.49702 0.724568 0.71478 0.684985 0.635122 0.559727 0.572939 0.545493 2.16876 2.88986 1.61624 0.902324 0.771379 0.759049 0.752766 0.705474 0.691007 0.672069 0.563225 0.562686 0.527174 0.574012 0.523809 0.508727 0.577433 0.508354
threshold=-23820.378750299536 7100.777927684835 -40924.617001488084 -101974.91090183573 -1.4601909806557172 0.17922473867595826 -54574.737954921155 110783.12187457792 -27.828267083852804 0.86233986488380576 0.2989988448209473 -2.6096096096096089 0.27604524431011607 11.475047960318657 -5.3310445722501827 -0.16247422680412368 -7.1980392156862729 1.0000000180025095e-35 2.9285309132161097 -0.26636085626911304 -14743.878887070385 2.9451951951951956 0.18231049389204426 -3.86096800467099 0.035994788597080309 1.0258563241370116 0.30234375000000008 -56279.5356239951 -3.50636292223095 1.8062868240018435 -3.5092868988391372 -3.4671462829736206 -0.31156565656565655 -0.12649477202283313 -14.219479121808011 -0.1075442430455598 0.29956460892551712 3.6048358719147444 0.67178199404761918 0.43254586362063008 -0.13636486313246829 -0.66224315822474933 -0.11849272004125662 -69845.254789619081 -1.0000000180025095e-35 0.0022445222219689919 -0.29637609805380899 -190649.66014407724 0.27714967474363 0.17157275021026072 -1.8296056363423536 0.098832262735665491 -1.0000000180025095e-35 -243980.26791450501 -15.447452485604538 2.5019379844961245 0.00040473399335573133 1.9428215125279513 0.60076914179967622 -0.069868051049102306 0.5225607725607726 -68798.650304350231
decision_type=2 2 2 2 2 2 2 2 2 2 2 2 2 2 2 2 2 2 2 2 2 2 2 2 2 2 2 2 2 2 2 2 2 2 2 2 2 2 2 2 2 2 2 2 2 2 2 2 2 2 2 2 2 2 2 2 2 2 2 2 2 2
left_child=3 2 5 4 15 6 14 -3 9 10 11 -4 13 21 -2 -1 17 -17 -9 -18 22 28 35 24 27 -21 -14 -5 30 31 -13 32 -30 -23 -28 36 41 43 -39 40 -38 -10 -43 44 50 53 47 48 49 -47 52 -45 -37 56 -53 -48 57 -46 -12 -44 -61 -41
right_child=1 7 8 23 -6 -7 -8 18 20 -11 58 12 26 -15 -16 16 19 -19 -20 25 -22 33 -24 -25 -26 -27 34 -29 29 -31 -32 -33 -34 -35 -36 37 39 38 -40 61 -42 42 59 51 45 46 55 -49 -50 -51 -52 54 -54 -55 -56 -57 -58 -59 -60 60 -62 -63
leaf_value=0.00065175506393515368 0.0008728287316986128 -0.0003149489201237721 0.0017930296229961955 0.00079697102445689001 0.00043270536001843929 -0.00015635111788672598 -9.8236123086341412e-05 -0.00075936842584926119 -6.878979344929766e-05 0.0011866163177326784 -0.0020769591599967907 4.7290847592608861e-05 0.00034876102620019691 0.00043011937168239251 0.00036293530338714168 0.0049756946649158343 0.00072912417303351562 0.00092069314096786346 0.00015255594730935503 0.0017350316498681553 -0.00019789967552032731 0.0016389398614670876 -0.00066576972547663946 -0.00035293274786434503 0.0018363185605322976 0.00093638317546364388 0.0023530855603939652 7.4137816430013817e-05 -0.0039234858361822033 -0.0018030783346728247 0.0026858936016218114 -0.00015490047225584687 -0.00048953707205985587 0.00018638543329520035 0.00062430173267995638 0.00018070739345047693 -0.0020684207967076196 0.00032740245139059241 0.0020192606264293144 -0.0008121774551655362 -0.00015332524572995952 -0.00078628019506665867 0.0021831392206329062 3.26469577995784e-06 0.0022152146640694432 -0.0019631289551068831 -2.2515092127504597e-05 -0.000425603305811841 0.00122303632717415 -0.00015241735627117956 -0.00016982490723128023 0.00031312745835793284 -0.00060896188492283487 0.00019039099170597905 -0.00040599037901021542 0.0016165297990195105 2.4652226540695847e-05 0.00058197033402184579 -0.00027701459988557255 0.00059758599990265924 -0.001298395108361785 -0.0040608208834433199
leaf_weight=3918 9675 77828 1137 6806 5862 15938 13760 29617 4896 3084 885 30880 14319 12713 42266 374 3343 283 2526 10395 56379 659 4035 2271 1041 3346 764 5533 217 756 277 36423 308 23582 1071 3091 459 3394 765 286 7622 783 491 763543 1052 2368 26963 23223 279 766 29204 3229 26704 69248 17370 534 1076 1101 744 15880 412 208
leaf_count=3918 9675 77828 1137 6806 5862 15938 13760 29617 4896 3084 885 30880 14319 12713 42266 374 3343 283 2526 10395 56379 659 4035 2271 1041 3346 764 5533 217 756 277 36423 308 23582 1071 3091 459 3394 765 286 7622 783 491 763543 1052 2368 26963 23223 279 766 29204 3229 26704 69248 17370 534 1076 1101 744 15880 412 208
internal_value=-3.37947e-08 -2.73042e-05 6.90776e-06 0.000874694 0.00111979 0.000244256 0.000341436 -0.0004239 -9.33191e-06 0.000127171 0.000100977 0.000118918 0.000103312 4.8581e-05 0.000457913 0.00130575 0.00145018 0.00322902 -0.000687704 0.00138178 -2.57092e-05 -3.51769e-06 -1.60876e-05 0.000443709 0.000578924 0.00154056 0.000461823 0.000472841 -8.42699e-05 -0.000212371 7.07492e-05 -0.000179823 -0.0019089 0.000225874 0.00134408 -1.34791e-05 0.000189426 -1.99454e-05 0.0006386 -0.000372593 -0.000262102 0.00040398 0.00053575 -2.27697e-05 -9.9848e-05 1.68235e-05 -0.00025958 -0.000537168 -0.00129628 -0.00152056 -0.000350221 -4.52498e-06 -0.00052704 0.000223269 -0.000293265 9.31565e-06 0.000928362 0.00138001 -0.00125489 0.000597429 0.00054964 -0.00218003
internal_weight=1.42796e+06 1.38479e+06 1.27482e+06 43172 27521 81639 65701 109971 1.19318e+06 127819 124735 123106 121969 105815 51941 21659 17741 657 32143 17084 1.06536e+06 93102 1.00898e+06 15651 13380 13741 16154 12339 68861 37704 31157 36948 525 24241 1835 1.00495e+06 31037 973910 4159 8575 8081 22462 17566 969751 185609 126610 54133 26636 3413 3134 58999 784142 29795 72477 20599 27497 3229 2153 1629 16783 16292 494
internal_count=1427962 1384790 1274819 43172 27521 81639 65701 109971 1193180 127819 124735 123106 121969 105815 51941 21659 17741 657 32143 17084 1065361 93102 1008982 15651 13380 13741 16154 12339 68861 37704 31157 36948 525 24241 1835 1004947 31037 973910 4159 8575 8081 22462 17566 969751 185609 126610 54133 26636 3413 3134 58999 784142 29795 72477 20599 27497 3229 2153 1629 16783 16292 494
is_linear=0
shrinkage=0.05


Tree=15
num_leaves=63
num_cat=0
split_feature=18 19 41 18 0 0 35 18 33 44 35 27 18 32 36 0 45 31 41 31 42 0 33 36 41 32 35 31 33 35 41 31 31 0 32 40 36 31 36 35 36 42 35 35 32 0 42 42 42 33 36 42 35 35 0 36 40 33 42 42 0 35
split_gain=12.3746 6.78129 2.19633 2.09117 1.4201 1.14406 1.06682 0.972668 0.88358 0.848539 0.652979 0.634625 0.602591 0.588662 0.584959 0.844476 0.503225 0.539137 0.498025 0.463562 0.469853 1.67433 0.859377 0.628264 0.706124 0.633643 0.53968 0.713101 0.608792 0.761226 1.00413 0.493789 0.683841 0.442523 0.43575 0.424992 0.413828 0.424131 0.412584 0.491739 0.985001 0.659074 1.07504 0.743932 0.68664 0.537096 1.2832 1.64691 0.905283 0.606765 0.583353 1.93922 1.11176 1.07637 0.875394 1.13122 0.916789 0.866439 1.23928 1.64185 1.37137 1.2835
threshold=-24628.520994001708 20410.708435708435 0.0010648799464142494 -9899.8682539682541 -65755.268768943628 -116374.16017653552 0.17922473867595826 36938.773122710627 -0.085367264314632721 42.771918181199382 -0.38455848358760975 -4.6207264957264931 -121.98437499999999 -0.088932806324110658 -0.50257731958762875 477489.7387920678 -8.1437969924812013 0.93613622459384083 0.0023493879712850178 5.147916666666668 -0.23620165536115123 -72861.174805510018 0.71450548221078547 0.84206349206349229 0.0075835994025818974 -0.037294248551586535 -0.71576037604828791 -1.2403703703703701 -0.22567873303167418 -0.7671613163739146 0.0049835235725342502 2.4971590909090913 2.1497369023106843 -214954.68072813531 -0.075419656429283596 -28.951794566800832 2.1847872615776693 2.1497369023106843 -0.99746192893400998 0.67178199404761918 2.9600141185962086 0.093162657894554191 -0.021527777777777774 0.020193202979515826 -0.033095392602206349 71695.238768135867 0.0047712319364249427 -1.0000000180025095e-35 0.00067683311354428427 -0.049332498957029618 0.052368940557139816 -0.087398883327628449 0.032719973235195716 -0.05310150375939849 -50345.949379456513 0.065918322365313711 17.108642913566506 -0.042329227323628212 -1.0000000180025095e-35 0.0081930842798337618 -132683.87745942417 -0.66847826086956519
decision_type=2 2 2 2 2 2 2 2 2 2 2 2 2 2 2 2 2 2 2 2 2 2 2 2 2 2 2 2 2 2 2 2 2 2 2 2 2 2 2 2 2 2 2 2 2 2 2 2 2 2 2 2 2 2 2 2 2 2 2 2 2 2
left_child=2 3 -1 4 6 8 11 13 34 12 -10 -2 19 -3 15 -11 -12 -18 -15 20 21 22 23 24 25 -5 28 33 -22 -30 -31 32 -25 -28 -4 -7 -36 -38 -29 41 -41 45 44 -44 -43 50 47 -47 -49 -48 51 52 53 -40 55 -52 57 -57 -59 60 -60 -61
right_child=1 7 5 9 -6 35 -8 -9 10 14 16 -13 -14 18 -16 -17 17 -19 -20 -21 26 -23 -24 31 -26 -27 27 38 29 30 -32 -33 -34 -35 36 -37 37 -39 39 40 -42 42 43 -45 -46 46 49 48 -50 -51 54 -53 -54 -55 -56 56 -58 58 59 61 -62 -63
leaf_value=0.00044887418211304495 0.00093413693918557676 -0.00076178709955798283 -0.0010152782258966197 -0.00037450610315466611 5.610951037572598e-06 0.002349101529317419 -7.5945112853655964e-05 -0.00071538455312848161 0.00049413291602330874 0.00046770982806293085 0.004064258785040035 0.00044630361533325424 -0.00016600029077251132 -0.00032535321660722176 0.00016571787474744799 0.0024656762557800889 0.001989713293809738 0.001094468916941247 0.00024678820650615762 0.0007931590450718977 -0.00068109998603804039 -0.0015490083781891919 0.0032761431104400968 -0.00067665663783494923 0.00011323185822590485 0.0015640278604974679 0.00107275480861681 -0.00022393686050515139 0.0001141977894458145 -0.00026299856840690549 -0.0023707669852745302 -0.0024838626983167589 0.0022066930293845148 0.00012443686202515903 0.0007050115562096845 0.00067087920249215129 0.0039975069830880351 0.00086926346547584732 -8.9568779478144513e-05 0.00014846270543231624 0.0030260084489176129 0.00096544090894593981 -0.000672507333842939 1.428920992852017e-05 -0.00012240294529481321 0.00036289278959287727 -0.00063470394964539837 -0.00040036815142524963 -3.5600108018674794e-06 0.00033159283168978515 -0.001363702888564435 -1.3563745413094301e-05 -0.00023214087177090439 0.00093541500009785932 -1.7113078013976579e-05 0.00027824517189105547 0.00023051453129369775 -0.0005027848863687457 0.00071666275479333825 -0.0037100124771331298 -7.7815658344602425e-05 -0.00047554352113557072
leaf_weight=17860 9085 7410 312 502 30026 395 7684 21379 1009 2695 246 25046 64118 70626 32072 658 6936 2220 4020 1801 5365 1001 295 873 2398 2630 1250 23476 19156 20577 581 242 269 77575 2539 8392 209 225 3300 34237 300 2381 12903 5678 3712 19339 1687 24609 34558 43903 2037 459797 4019 11443 185342 7746 12356 34910 6757 313 27692 15268
leaf_count=17860 9085 7410 312 502 30026 395 7684 21379 1009 2695 246 25046 64118 70626 32072 658 6936 2220 4020 1801 5365 1001 295 873 2398 2630 1250 23476 19156 20577 581 242 269 77575 2539 8392 209 225 3300 34237 300 2381 12903 5678 3712 19339 1687 24609 34558 43903 2037 459797 4019 11443 185342 7746 12356 34910 6757 313 27692 15268
internal_value=-4.30553e-07 -2.55371e-05 0.000862799 5.8449e-06 0.000267948 0.00119161 0.000456324 -0.000414998 0.0014773 -9.6935e-06 0.00170289 0.000576155 -1.6954e-05 -0.000336735 0.000231413 0.000859795 0.00183261 0.00177265 -0.000294541 -8.3621e-06 -9.66202e-06 0.000367188 0.00063326 0.000520495 0.000758937 0.00125332 -1.24689e-05 -5.19446e-06 -0.000180732 -0.000114143 -0.000320878 -0.000432237 2.52117e-06 0.000139475 0.00076235 0.00074632 0.000948903 0.00237572 -1.68574e-05 -1.17631e-05 0.000173458 -1.87183e-05 -0.000273643 -0.000462635 0.000302701 -1.16909e-05 8.48494e-05 -3.76749e-05 -0.000168602 0.000295836 -2.72299e-05 6.76789e-06 0.000505032 0.000705988 -8.28687e-05 -0.000196684 -0.000174053 -0.000227986 -0.000274152 -0.000114615 7.80173e-05 -0.000540519
internal_weight=1.42744e+06 1.3871e+06 40343 1.28366e+06 71841 22483 41815 103435 13696 1.21182e+06 10411 34131 1.1764e+06 82056 35425 3353 9402 9156 74646 1.11228e+06 1.11048e+06 8210 7209 6914 5530 3132 1.10227e+06 1.05659e+06 45679 40314 21158 1384 1142 78825 3285 8787 2973 434 977763 954287 34537 919750 24674 18581 6093 895076 124096 78506 59167 45590 770980 478559 18762 14743 292421 107079 105042 92686 84940 50030 34449 15581
internal_count=1427440 1387097 40343 1283662 71841 22483 41815 103435 13696 1211821 10411 34131 1176396 82056 35425 3353 9402 9156 74646 1112278 1110477 8210 7209 6914 5530 3132 1102267 1056588 45679 40314 21158 1384 1142 78825 3285 8787 2973 434 977763 954287 34537 919750 24674 18581 6093 895076 124096 78506 59167 45590 770980 478559 18762 14743 292421 107079 105042 92686 84940 50030 34449 15581
is_linear=0
shrinkage=0.05


Tree=16
num_leaves=63
num_cat=0
split_feature=19 19 41 39 39 37 0 33 43 27 32 37 39 35 19 41 35 37 35 31 35 32 19 43 37 35 35 35 32 41 27 31 37 43 31 41 0 39 35 0 32 39 44 31 35 0 37 35 0 0 32 1 37 35 35 34 0 32 33 31 31 35
split_gain=8.83982 5.62175 4.39937 2.86409 1.48964 1.31233 1.23579 1.05541 1.03887 0.948213 0.915368 0.903751 0.834656 1.11025 0.823855 0.799246 0.732219 0.720577 0.66421 0.617858 0.615377 0.703271 0.774348 0.609228 0.573981 0.542437 0.682962 0.531438 0.528514 0.529161 0.525762 0.500584 0.488016 0.486528 0.491596 0.878134 0.449674 0.469715 0.434682 0.428619 0.706976 0.427074 0.728165 0.724287 0.865222 0.722447 0.471132 0.459256 1.5104 1.27727 1.07327 0.758349 0.677331 0.635245 0.539379 1.00113 0.839475 1.30716 1.98783 1.30576 1.24454 0.751371
threshold=-61331.281083072383 38060.000000000007 0.00086827870269306931 -1.8296056363423536 -27.828267083852804 0.86233986488380576 -109627.67462876263 -0.24113523693020852 2.9451951951951956 -2.7631421605619084 -0.10800691244239631 0.2989988448209473 -28.776505456643218 -0.34430979978925175 -17530.178138505315 0.0020192373794346925 -0.26636085626911304 -0.072491426042703824 0.53628754153865466 -1.7399839743589738 0.27604524431011607 -0.23680593732820229 -17959.420289855054 -3.6472075108329318 -0.13312520313007822 -1.0000000180025095e-35 0.059920634920634937 0.48666666666666686 -0.041219530049044696 0.00068909110404543142 -3.661041666666669 -1.3473684210526313 0.95324643782383434 -1.2569392348087016 2.4971590909090913 0.0021703761197380423 417990.237698037 -14.79067239056682 0.27826099406538801 -214954.68072813531 -0.075419656429283596 5.4773637741146013 -10.374884044526899 3.0901449275362327 0.67178199404761918 6388.1029137898449 -0.47926234213547642 0.24320507572656572 -243980.26791450501 -258083.29198106716 -0.033898425308554393 6.6613381477509402e-16 0.62102443923669248 -0.10556653491436098 -1.0000000180025095e-35 0.22649572649572661 -65755.268768943628 -0.033644977360389058 0.11876551568494699 -0.70380715911442115 -0.21752055660974065 -0.70541140719962592
decision_type=2 2 2 2 2 2 2 2 2 2 2 2 2 2 2 2 2 2 2 2 2 2 2 2 2 2 2 2 2 2 2 2 2 2 2 2 2 2 2 2 2 2 2 2 2 2 2 2 2 2 2 2 2 2 2 2 2 2 2 2 2 2
left_child=2 4 9 6 5 8 7 -4 11 -1 -3 20 13 -12 30 -10 -9 -14 -5 -17 21 -2 -23 -24 -11 -19 -27 -18 -22 -30 -6 -8 36 34 39 -36 41 -38 -31 40 -25 45 -43 46 -45 47 -44 48 50 -49 -32 53 -51 -52 56 -56 57 -50 59 -59 61 -61
right_child=1 10 3 18 14 -7 31 16 15 24 12 -13 17 -15 -16 19 27 25 -20 -21 28 22 23 33 -26 26 -28 -29 29 38 32 -33 -34 -35 35 -37 37 -39 -40 -41 -42 42 43 44 -46 -47 -48 49 54 52 51 -53 -54 -55 55 -57 -58 58 -60 60 -62 -63
leaf_value=0.00042816841469135258 0.00033993815185083515 -0.00094156540436564926 0.00060058135545959718 0.00041973540031454791 0.00028150067508403551 0.0011158142996871353 -0.00036031287716052672 0.00057019396279425262 0.00022482278129944377 -0.00059553191253057958 0.001613032470375214 -0.0012590637019895532 -0.00079335352626794557 -0.00012826620140216164 -0.00017560848892990769 0.0023483438378190287 0.0019358079149453524 -7.1735757728320901e-05 -0.00079782232472435993 0.00067205856303577686 -0.00046093335866567036 0.00055074183307784498 0.0001540035809940969 -0.0027546607958461485 7.1116660503439284e-05 -0.00057610894064848216 -0.00016087450324428487 0.001027676874795618 0.00018969379724135301 0.0014830163172768859 -0.00084374503200158673 0.00086049360885777847 0.0018214857134782776 3.1753091087801444e-05 -0.00035385994758068361 -0.0028354952622778556 0.00073940010636414414 9.5183691810385264e-05 0.00052608673728553811 -0.00022970324041571657 -0.00013647708004076368 -0.00011635713524202455 0.0006205657014842238 0.00030101809206441036 0.0017666768296047679 3.0333252678880175e-05 2.9894750628257612e-05 -0.0015173441373807427 -3.7775317332892294e-05 -0.00014876733516201084 0.0036000788683503131 -0.0011620075507220622 -0.0012597730964093654 0.001062509070683413 -1.5552557722392178e-05 -0.00038380488404354536 -5.0465099143425043e-05 -8.7386372078261546e-05 0.0007670648631873568 -0.00054977508188247006 -0.00046743408213223089 -0.0017455409498539289
leaf_weight=20814 13502 7902 2871 12751 15011 3455 942 1382 24284 3715 1097 1313 11261 5530 83374 591 9824 12994 1228 7868 1600 4875 16695 451 24672 29930 14799 1927 5881 1907 905 7732 361 15075 1093 529 3726 11760 3142 27154 602 84828 3409 7076 1174 187298 347825 1853 15366 48252 262 364 1412 4204 225022 20105 43370 4299 2171 1674 4847 6104
leaf_count=20814 13502 7902 2871 12751 15011 3455 942 1382 24284 3715 1097 1313 11261 5530 83374 591 9824 12994 1228 7868 1600 4875 16695 451 24672 29930 14799 1927 5881 1907 905 7732 361 15075 1093 529 3726 11760 3142 27154 602 84828 3409 7076 1174 187298 347825 1853 15366 48252 262 364 1412 4204 225022 20105 43370 4299 2171 1674 4847 6104
internal_value=-4.09026e-07 -3.22744e-05 0.000485446 0.000884606 -5.86297e-06 0.000154382 0.00120852 0.00146901 0.000128136 0.000171828 -0.000429512 4.35081e-05 -0.000375999 0.00015998 -2.43653e-05 0.00037062 0.00165885 -0.000427488 0.000312778 0.000789175 6.19963e-05 1.09515e-05 -5.58712e-05 -0.000103879 -1.61275e-05 -0.000356112 -0.000438725 0.00178689 0.000387803 0.000512046 -1.22716e-05 0.000727914 -1.65627e-05 -0.000199758 -0.000316759 -0.00116322 -1.72086e-05 0.000250185 0.000887518 -0.000268085 -0.00125785 -2.13011e-05 1.54112e-05 4.65048e-05 0.000509586 -5.00438e-05 3.56277e-05 -8.9639e-05 -6.78836e-05 -0.000228444 0.000736434 0.00103251 -0.000180354 0.00121138 -8.21665e-05 -4.57561e-05 -0.00019684 -0.000381057 -0.0006573 -0.000840016 -0.0010963 -0.00148819
internal_weight=1.42744e+06 1.33958e+06 87858 38657 1.25607e+06 130017 24678 16004 126562 49201 83513 93819 75611 6627 1.12605e+06 32743 13133 68984 13979 8459 92506 79976 66474 61599 28387 57723 44729 11751 12530 10930 1.04268e+06 8674 1.02767e+06 44904 29829 1622 1.02731e+06 15486 5049 28207 1053 1.01182e+06 444312 359484 8250 567508 351234 380210 328693 51517 5735 4830 49664 4466 322958 245127 77831 34461 19095 16924 12625 7778
internal_count=1427440 1339582 87858 38657 1256069 130017 24678 16004 126562 49201 83513 93819 75611 6627 1126052 32743 13133 68984 13979 8459 92506 79976 66474 61599 28387 57723 44729 11751 12530 10930 1042678 8674 1027667 44904 29829 1622 1027306 15486 5049 28207 1053 1011820 444312 359484 8250 567508 351234 380210 328693 51517 5735 4830 49664 4466 322958 245127 77831 34461 19095 16924 12625 7778
is_linear=0
shrinkage=0.05


Tree=17
num_leaves=63
num_cat=0
split_feature=18 18 41 18 0 0 27 0 39 37 36 41 31 37 42 38 42 19 43 36 36 41 42 42 37 41 42 37 36 0 32 0 31 28 36 39 41 41 44 37 31 39 36 37 37 39 0 36 31 0 31 42 0 43 36 31 37 42 42 0 32 0
split_gain=10.2542 5.67518 1.8267 1.66659 1.4131 0.905778 0.903242 0.84874 0.807657 1.35893 0.925036 0.770104 0.723956 0.70116 0.640386 0.613973 0.611978 0.601192 0.546151 0.652515 0.671948 0.605869 0.533837 0.53244 0.52204 0.519426 0.503539 0.89688 0.704912 0.534453 0.822912 0.53425 0.486031 0.471081 0.470812 0.481167 0.466844 0.466066 0.591914 0.461183 0.44093 0.506039 0.435009 0.420013 0.427347 0.409072 1.02066 0.853077 0.828342 1.34211 1.49038 0.765134 1.79996 0.692114 0.634463 0.837135 0.625508 0.61923 1.14786 0.759621 0.724786 0.58739
threshold=-25466.003182870365 9144.0880782918193 0.0018764609147525044 -9899.8682539682541 -49574.06137462287 106978.57304406913 -2.7346197061365589 -84297.205886194191 -29.138793197319963 0.86233986488380576 -1.8080557007746776 0.0075835994025818974 -0.97608612804878081 0.2989988448209473 -0.00038752068415148848 11.487175257751959 0.0035597884488989006 -12902.225447508461 2.9451951951951956 -0.80079365079365061 2.0892750744786501 0.00030889732298940029 0.15266991129095328 0.026774773062684436 -1.0000000180025095e-35 0.00030889732298940029 -0.15268606200633866 0.2989988448209473 2.7187136393018752 -93858.462580571562 -0.037294248551586535 -70832.459492429029 -0.47368421052631576 -12.806299603174603 3.6048358719147444 34.086833257641572 0.0014542309530936059 0.0020192373794346925 15.31591386554622 0.95324643782383434 1.0557744142649805 35.37968479611186 0.48380355276907011 0.93013194895089779 0.94037057457437401 5.4773637741146013 6388.1029137898449 0.060535588442565187 -0.43613053613053604 -109627.67462876263 -0.70380715911442115 0.0042283487652025574 -197971.6999184344 -3.6472075108329318 0.065918322365313711 0.050635832222336592 0.16920892068167473 0.0022914636803111166 -1.0000000180025095e-35 180937.69625873902 -0.033644977360389058 -105769.34324606278
decision_type=2 2 2 2 2 2 2 2 2 2 2 2 2 2 2 2 2 2 2 2 2 2 2 2 2 2 2 2 2 2 2 2 2 2 2 2 2 2 2 2 2 2 2 2 2 2 2 2 2 2 2 2 2 2 2 2 2 2 2 2 2 2
left_child=2 3 33 4 6 -3 25 12 9 10 24 -7 -4 18 -14 16 42 22 19 -12 -21 -22 26 -9 -5 -2 27 28 29 30 -10 -29 -26 -1 39 -36 -11 -20 -39 43 41 -24 -15 45 -45 46 47 48 49 50 -28 61 -53 -47 55 -49 -55 58 -48 -59 -60 -50
right_child=1 5 7 8 -6 11 -8 23 17 36 13 -13 14 15 -16 -17 -18 -19 37 20 21 -23 40 -25 32 -27 34 31 -30 -31 -32 -33 -34 -35 35 -37 -38 38 -40 -41 -42 -43 -44 44 -46 53 57 54 51 -51 -52 52 -54 56 -56 -57 -58 59 60 -61 -62 -63
leaf_value=0.0006597917213717339 0.00035987239792586393 -0.00028276152253873957 0.00029686658090213316 0.001822223909836266 -7.5135435225558275e-05 -0.00063697047541702925 0.00020520726630202427 0.00024511551752549535 -0.00039145275522619195 0.00095611191914887555 -0.00058462917592800375 0.0013388556892935779 0.0010834428460840685 -0.00041929784543437719 0.0017965125460325086 0.00087412105961372309 0.00021720317734599869 -0.00018366758361932053 0.00016195625311031338 7.3805145317053504e-05 3.4762895233090028e-05 -0.0021579438124812037 -0.00044676807462570102 0.0023296232890284603 -0.00025134043844367098 0.00085131224896468124 -0.00025759048566134277 -0.00048618331127266065 -0.0014640196231239144 1.8105723084661737e-05 0.00082853270694352313 -0.00364215469186587 0.0018911257210917798 0.00014930137872925717 0.00030537288011453007 0.0019083390919828792 0.0027061005183965144 0.0015064262703002645 0.00038598531192575843 0.0018131425043679357 0.00021739695038050706 -0.0017712225521523883 -0.002975051137321408 -0.0017365976849481974 0.00012413297982412282 -9.6851962138670816e-05 0.00024741974896846756 -0.00057218029659212232 0.00029735176965261476 -7.6344786913228765e-05 -0.0013824984542276251 -0.0020308253316990645 -0.00011242999876562364 4.4646611771132084e-05 -0.00018087350069415054 -0.0031512918029754792 0.00059583630483079004 8.1337943607277477e-05 -0.00041740767328377515 0.00048453902678105608 -5.1483299236141889e-05 2.8999261894049685e-05
leaf_weight=13609 10038 66918 1451 1162 26114 31533 32175 2938 1669 1779 4225 501 5724 230 6998 342 352 54770 20924 73275 614 647 5373 342 924 11579 8848 351 530 5980 8045 217 371 6766 4070 529 485 1526 5180 344 2075 833 603 713 544 99327 26010 1594 25261 60277 4413 1268 34239 337119 132094 392 5227 81707 17731 13630 57144 105791
leaf_count=13609 10038 66918 1451 1162 26114 31533 32175 2938 1669 1779 4225 501 5724 230 6998 342 352 54770 20924 73275 614 647 5373 342 924 11579 8848 351 530 5980 8045 217 371 6766 4070 529 485 1526 5180 344 2075 833 603 713 544 99327 26010 1594 25261 60277 4413 1268 34239 337119 132094 392 5227 81707 17731 13630 57144 105791
internal_value=-3.88574e-07 -2.24992e-05 0.000811847 5.47895e-06 0.000226644 -0.000387427 0.000373146 0.00118726 -9.11725e-06 0.00011839 9.35171e-05 -0.000606069 0.001355 7.16763e-05 0.00147568 -0.000992135 -0.00153075 -2.21963e-05 8.69449e-05 1.9847e-05 5.41111e-05 -0.00109028 -1.37199e-05 0.000462464 0.00105283 0.000623109 -1.05209e-05 0.00026105 0.000329423 0.000389989 0.000618922 -0.0016919 0.000362447 0.000490271 -1.49993e-05 0.000489754 0.001331 0.000278211 0.00064095 -1.72893e-05 -0.000413575 -0.000624543 -0.00226938 -1.79107e-05 -0.000931317 -1.67763e-05 -4.47484e-05 -9.3183e-05 -3.67655e-05 -0.000176534 -0.000631938 2.49442e-05 -0.000180938 1.93483e-05 -0.00019421 -0.00108125 5.30623e-05 4.7612e-05 -3.87335e-05 0.000138982 -0.000138137 8.07257e-05
internal_weight=1.42744e+06 1.38961e+06 37828 1.29066e+06 79906 98952 53792 17453 1.21075e+06 112639 110375 32034 14173 107918 12722 1527 1185 1.09812e+06 106391 78761 74536 1261 1.04334e+06 3280 2457 21617 1.03506e+06 16792 16224 15694 9714 568 1295 20375 1.01827e+06 4599 2264 27630 6706 1.01367e+06 8281 6206 833 1.01333e+06 1257 1.01207e+06 570399 374177 240097 73538 13261 166559 35507 441673 134080 1986 342346 196222 100885 95337 74875 131052
internal_count=1427440 1389612 37828 1290660 79906 98952 53792 17453 1210754 112639 110375 32034 14173 107918 12722 1527 1185 1098115 106391 78761 74536 1261 1043345 3280 2457 21617 1035064 16792 16224 15694 9714 568 1295 20375 1018272 4599 2264 27630 6706 1013673 8281 6206 833 1013329 1257 1012072 570399 374177 240097 73538 13261 166559 35507 441673 134080 1986 342346 196222 100885 95337 74875 131052
is_linear=0
shrinkage=0.05


Tree=18
num_leaves=63
num_cat=0
split_feature=19 19 41 39 39 37 37 36 0 28 32 19 27 0 42 0 42 41 36 42 41 37 32 35 41 35 0 39 35 42 35 42 35 35 42 43 36 39 37 39 36 35 0 35 36 41 41 44 0 0 36 43 0 37 32 36 34 42 34 39 0 27
split_gain=7.22274 4.65661 3.70581 2.63376 1.28516 1.31852 1.20263 1.25262 1.13597 0.830077 0.792944 0.760577 0.71797 0.804798 2.42405 2.10555 1.57769 1.58501 1.0249 1.17445 1.21134 1.29765 1.01027 0.851224 0.910764 0.807942 0.76511 0.69371 0.975483 0.674378 0.91522 0.669426 0.669425 0.713133 0.665995 0.665695 0.639626 0.630611 0.624823 0.621201 0.60968 0.585735 0.576976 0.559111 0.613329 0.539755 0.512147 0.511819 0.55646 0.511095 0.495431 0.979257 0.484538 0.617823 0.500458 0.481291 0.472384 0.4674 0.801003 0.49051 0.731453 0.794056
threshold=-61331.281083072383 43179.602995044181 0.00047545197286844905 -1.8296056363423536 -22.671409965666054 0.86233986488380576 0.2989988448209473 -2.6096096096096089 -109627.67462876263 -7.7705961483998847 -0.10800691244239631 -17530.178138505315 -1.7595512820512835 -17862.103221130568 0.0072853694185322929 -109627.67462876263 -1.0000000180025095e-35 0.0015123596385094979 2.5019379844961245 -0.093692099554847877 0.0070206220873379431 -0.13636486313246829 -0.033095392602206349 0.23076923076923081 0.010069327929452867 0.059920634920634937 -142717.99934173565 -28.776505456643218 -0.34430979978925175 0.088100105639106294 0.24320507572656572 0.00042714565810146983 0.059920634920634937 -0.20874512612397542 0.0035597884488989006 -3.0701970443349746 0.33871282618598292 -22.671409965666054 -0.072491426042703824 38.129314642679354 1.994279859295834 0.53628754153865466 -243980.26791450501 -0.31156565656565655 -0.80079365079365061 0.0010236655772477322 0.0055256183358103504 31.565196054375033 -70832.459492429029 -190649.66014407724 -1.0974943593397455 4.2042069992553985 3859.5434962780714 0.2989988448209473 -0.40901098901098892 0.060535588442565187 1.0000000180025095e-35 -0.23620165536115123 0.36234572575149543 5.4773637741146013 6388.1029137898449 -0.45285115979381269
decision_type=2 2 2 2 2 2 2 2 2 2 2 2 2 2 2 2 2 2 2 2 2 2 2 2 2 2 2 2 2 2 2 2 2 2 2 2 2 2 2 2 2 2 2 2 2 2 2 2 2 2 2 2 2 2 2 2 2 2 2 2 2 2
left_child=2 4 9 8 5 6 7 -2 32 37 -3 29 45 14 16 22 18 31 19 20 21 -14 49 24 56 36 46 28 -12 57 39 -18 33 -4 35 -8 -24 -1 -29 52 -32 -5 -27 -23 -45 -9 -19 48 -22 -16 51 -25 54 55 -31 -54 -15 58 -6 60 61 -59
right_child=1 10 3 41 11 -7 34 12 -10 -11 27 -13 13 23 15 -17 17 26 -20 -21 47 43 25 50 -26 42 -28 38 -30 30 40 -33 -34 -35 -36 -37 -38 -39 -40 -41 -42 -43 -44 44 -46 -47 -48 -49 -50 -51 -52 -53 53 -55 -56 -57 -58 59 -60 -61 -62 -63
leaf_value=0.00067006390843923425 0.0016725288269056476 -0.00089578108312036444 0.00080438959889564908 0.00035551472297349148 6.2729099856195431e-05 0.0009929178925331553 -0.0027609301928096554 0.00022981399767931437 0.0006285860187043704 -0.00024304491261075328 0.0015031420986899384 -0.00017020888164154534 -0.0018235810907255305 6.7146154383515395e-05 -0.0019080088438040233 -0.00018950748353191503 0.00043769149766197975 0.0011757427518063919 -0.0021687516931863725 -0.00029298988664023867 -0.00031941578167690287 -0.00051570933196531683 -0.0020457833801937014 -0.00037705607027358688 -0.0024946355027770217 -0.0026678917302856739 0.00061987074977382702 -0.00074675423603628598 -0.00013738559073239845 -0.0015822254128731415 0.00017671103244206834 -3.5342823446962963e-06 0.00085795135197900868 0.0017209964767311841 8.3251305128888701e-05 -0.00079711414064177538 -0.0041119550735540557 0.00012881976729825362 -0.00033112111816960168 -0.001109167623911325 0.0019371778028551704 -0.000681732698026213 -8.3145470808863633e-05 -0.00064971405994985023 0.00086969855258325077 0.00092171944234358634 0.0027363997599024015 0.0020187037538456987 -0.0019931646790643906 -0.00027371505235744981 0.00049595885693036045 0.0033258918465905486 -0.0007431032144128133 0.0010136849382305824 7.4185137637924992e-05 -0.00016404326085286893 0.00047627468205452744 0.0002334329469293136 0.0016496728525350066 2.9741545903236605e-05 4.202211959896868e-05 -0.00010304277510608762
leaf_weight=6868 1274 7421 2753 14988 2582 4168 644 8350 9851 11945 1097 85690 558 41439 631 12695 13754 1643 601 26807 4101 941 1193 300 331 317 5945 10887 5208 479 5125 22925 5831 9258 1123 1308 546 24867 53364 2463 544 1497 677 716 9176 4255 773 207 565 1978 12456 441 9205 689 9500 5881 8503 18542 1149 435121 170723 322571
leaf_count=6868 1274 7421 2753 14988 2582 4168 644 8350 9851 11945 1097 85690 558 41439 631 12695 13754 1643 601 26807 4101 941 1193 300 331 317 5945 10887 5208 479 5125 22925 5831 9258 1123 1308 546 24867 53364 2463 544 1497 677 716 9176 4255 773 207 565 1978 12456 441 9205 689 9500 5881 8503 18542 1149 435121 170723 322571
internal_value=-3.69146e-07 -2.91728e-05 0.000438804 0.000761698 -5.99665e-06 0.000113355 9.37687e-05 0.000110149 0.00105956 0.00011223 -0.000404145 -2.73342e-05 9.92613e-05 7.22979e-05 -1.15344e-05 -0.000539941 9.59016e-05 0.000303532 -0.000118233 -8.96207e-05 0.000245581 0.000527813 -0.00137273 0.000213294 0.000119478 -0.00204455 0.000924783 -0.000352435 0.000148048 -1.48995e-05 -0.000234082 0.000161918 0.00129751 0.0015109 -0.000886886 -0.00144501 -0.00269451 0.000245954 -0.000401548 -0.000350554 0.000345646 0.000261322 -0.000907456 0.000648932 0.000759721 0.000463377 0.00167508 -0.000414158 -0.000522088 -0.000668977 0.00057068 0.00182672 -0.000278003 -0.000450496 -5.3239e-06 -0.000517367 0.000136803 -7.08702e-06 0.000551445 -9.28763e-06 -4.2467e-05 -8.47528e-05
internal_weight=1.42744e+06 1.33958e+06 87858 44178 1.2616e+06 191341 187173 184098 27693 43680 77977 1.07026e+06 182824 170219 106749 18037 88712 45040 43672 43071 16264 11391 5342 63470 50273 2733 8361 70556 6305 984574 33886 36679 17842 12011 3075 1952 1739 31735 64251 28217 5669 16485 994 10833 9892 12605 2416 4873 4666 2609 13197 741 25754 15775 9979 15086 49942 950688 3731 946957 511836 341113
internal_count=1427440 1339582 87858 44178 1261605 191341 187173 184098 27693 43680 77977 1070264 182824 170219 106749 18037 88712 45040 43672 43071 16264 11391 5342 63470 50273 2733 8361 70556 6305 984574 33886 36679 17842 12011 3075 1952 1739 31735 64251 28217 5669 16485 994 10833 9892 12605 2416 4873 4666 2609 13197 741 25754 15775 9979 15086 49942 950688 3731 946957 511836 341113
is_linear=0
shrinkage=0.05


Tree=19
num_leaves=63
num_cat=0
split_feature=18 18 41 18 0 35 40 19 39 37 45 36 37 39 36 35 36 0 41 39 0 44 41 0 42 35 35 0 33 32 33 0 31 35 42 35 0 0 41 38 35 31 36 45 41 45 32 42 38 39 0 42 37 36 33 35 0 35 36 36 36 37
split_gain=8.45301 4.73298 1.55109 1.43768 1.2247 0.96814 0.901147 0.878727 0.733216 1.07114 0.785023 0.995827 0.747294 0.731983 0.658403 0.579795 0.644331 0.578388 0.704748 0.502126 0.493488 0.478482 0.467164 0.548909 0.465833 0.872594 0.539818 0.598546 0.463978 0.457167 0.551397 0.531546 0.97307 0.976973 0.896715 0.870732 0.77687 0.494186 1.08116 0.477058 0.467443 0.450913 0.578178 0.483375 0.721065 0.472046 0.450592 0.449009 0.441885 0.444348 0.434723 0.42723 0.776675 0.611139 0.681193 0.654891 0.471312 0.470806 0.528034 0.721811 0.500873 0.479817
threshold=-25810.093137254898 13713.940836595046 0.0026197629940093209 -9899.8682539682541 -54574.737954921155 0.24073863636363649 -21.725477392618057 -12902.225447508461 -29.138793197319963 0.86233986488380576 -4.426785714285713 -1.8080557007746776 0.2989988448209473 -5.7805582630701577 0.97911217669282202 0.27604524431011607 -0.80079365079365061 156569.84678214215 0.0075835994025818974 -14.519183539118659 -109627.67462876263 63.928642850649943 0.00018539392625208965 -111910.20846513147 0.11284898883678275 0.24251119251119255 -1.0000000180025095e-35 3859.5434962780714 0.11876551568494699 -0.2036567408376963 -0.046510371650821079 -19262.455909798791 2.4971590909090913 0.23283868362608531 0.0081930842798337618 -0.61014326762714244 -129365.28158706798 -139143.30323713369 0.0075835994025818974 1.9434797374753681 0.19543564870950983 1.7307510068704099 0.0098088944944066409 -3.50636292223095 0.0075835994025818974 -3.7569188191881913 -0.40901098901098892 -0.23620165536115123 11.487175257751959 -31.137274694366848 -35286.019662164515 -0.15268606200633866 0.2989988448209473 2.7187136393018752 0.12411872364128269 -0.31156565656565655 -70832.459492429029 0.24320507572656572 0.72213347532836369 0.63625112511251136 0.30381944444444453 -0.069868051049102306
decision_type=2 2 2 2 2 2 2 2 2 2 2 2 2 2 2 2 2 2 2 2 2 2 2 2 2 2 2 2 2 2 2 2 2 2 2 2 2 2 2 2 2 2 2 2 2 2 2 2 2 2 2 2 2 2 2 2 2 2 2 2 2 2
left_child=2 3 19 4 5 13 14 8 9 10 11 -5 15 22 -4 16 -12 -3 -19 20 -1 -17 -2 -24 51 26 -26 46 48 -18 -31 32 33 34 37 -36 39 38 -32 -35 -33 42 -39 45 47 -44 -28 -45 49 -8 -11 52 53 54 55 -10 -54 58 59 60 61 -57
right_child=1 17 6 7 -6 -7 28 -9 24 50 12 -13 -14 -15 -16 21 29 18 -20 -21 -22 -23 23 -25 25 -27 27 -29 -30 30 31 40 -34 36 35 -37 -38 41 -40 -41 -42 -43 43 44 -46 -47 -48 -49 -50 -51 -52 -53 56 -55 -56 57 -58 -59 -60 -61 -62 -63
leaf_value=0.00090801781653524676 0.00037154265848232909 -0.00031968171110864922 0.001832485331394088 0.0017067993039458743 -5.3202366264419533e-05 -0.00017547931360305008 0.00027298451113435634 -0.00017428898988230081 -0.00084566508786825629 0.00018897053863759346 -0.00070850654331771116 0.00023757345366977697 -0.001321671905434483 0.00023955540776677103 0.0046515184659199115 0.00031916605172405978 0.00031889641345058984 -0.0006749300719023323 0.0014121290993116815 0.00013756954222538602 0.00035039794907162366 0.0021627803894760005 0.0013975915701077842 0.00064857879069384538 1.9760755774129288e-05 0.00035409314514621014 -0.0020383744084534914 -0.00084661910346925254 0.0014739906796929596 0.00080103713735815609 0.00029897722207802521 6.9833245809827429e-05 -0.0023666027870006445 -0.0029333223862652866 -0.0035413259841163207 -0.00060350689179347855 -9.2521671155795481e-05 9.1222264456388119e-05 0.0035028437565959337 -0.00052164481837988007 0.00114892823292991 0.0010167999201505446 -0.0005355460133254895 0.0018446906931601219 -0.0017376715061874156 0.0015888399322942022 0.00010287404570115485 -0.0004791912212356888 0.00014108679747923628 0.0012331966494440957 0.0016812942578894913 -1.2434574399373582e-05 -0.00044318421867688021 -0.001364610816859945 0.0012023717956665867 -0.0014049708634825151 -0.0034074352767016988 -0.00035308626653211746 -0.00060672662942132726 0.0021215276059891666 -0.0005441598632914017 0.00069363863737709089
leaf_weight=8495 9094 57113 1553 1191 29087 7442 1591 77410 1276 717 3372 36447 1054 22379 239 8575 9499 19623 413 6922 7445 367 3284 9586 4911 4705 266 7946 3713 1774 2768 13076 519 712 271 3639 729 11468 291 288 1087 896 526 217 1210 520 3218 4934 1940 4964 1528 1009619 351 530 2089 283 217 2024 1007 718 1064 7248
leaf_count=8495 9094 57113 1553 1191 29087 7442 1591 77410 1276 717 3372 36447 1054 22379 239 8575 9499 19623 413 6922 7445 367 3284 9586 4911 4705 266 7946 3713 1774 2768 13076 519 712 271 3639 729 11468 291 288 1087 896 526 217 1210 520 3218 4934 1940 4964 1528 1009619 351 530 2089 283 217 2024 1007 718 1064 7248
internal_value=-3.50688e-07 -2.01609e-05 0.000746967 2.19552e-06 0.000206417 0.000352242 0.00116144 -1.12041e-05 -2.75297e-07 0.00012397 0.000100958 0.000284065 -7.02727e-07 0.000440809 0.00220846 2.01595e-05 -3.78086e-05 -0.000400769 -0.00063191 0.000493158 0.000647574 0.000394832 0.000645865 0.000839702 -1.30471e-05 -0.000245906 -0.000418662 -0.000607034 0.00100774 3.74647e-06 -6.28892e-05 -9.84065e-05 -0.00022107 -0.000181956 -0.000107475 -0.000807126 -0.00133384 1.23509e-05 0.000603758 -0.00223876 0.000152653 -7.91525e-05 -0.000131178 -0.000475512 -0.000639304 0.000520554 -6.06082e-05 -0.000381291 0.000803957 0.00100014 0.00120468 -8.27256e-06 0.000241745 0.000305313 0.000361654 0.000232707 -0.00157565 0.000344178 0.000480929 0.000598535 0.000471309 0.000614777
internal_weight=1.42744e+06 1.39058e+06 36862 1.31343e+06 80872 51785 14000 1.23256e+06 1.15515e+06 107675 105430 37638 67792 44343 1792 66738 57796 77149 20036 22862 15940 8942 21964 12870 1.04747e+06 21046 16341 11430 12208 54424 44925 43151 28988 28469 26740 3910 1729 22830 3059 1000 14163 19771 18875 7407 6361 1046 3484 5151 8495 6555 2245 1.02643e+06 16807 16239 15709 13620 568 12344 10320 9313 8595 7531
internal_count=1427440 1390578 36862 1313429 80872 51785 14000 1232557 1155147 107675 105430 37638 67792 44343 1792 66738 57796 77149 20036 22862 15940 8942 21964 12870 1047472 21046 16341 11430 12208 54424 44925 43151 28988 28469 26740 3910 1729 22830 3059 1000 14163 19771 18875 7407 6361 1046 3484 5151 8495 6555 2245 1026426 16807 16239 15709 13620 568 12344 10320 9313 8595 7531
is_linear=0
shrinkage=0.05


Tree=20
num_leaves=63
num_cat=0
split_feature=18 18 27 41 41 19 37 31 36 27 44 33 41 33 42 36 37 31 31 31 33 37 36 33 40 44 41 42 44 42 42 37 43 31 36 31 33 40 36 36 42 17 2 31 31 36 19 42 31 19 33 36 33 37 36 36 31 33 37 41 40 40
split_gain=7.44769 4.31122 1.58947 1.29056 1.0543 0.975756 0.668031 0.905839 0.732338 0.634451 0.707509 0.709534 0.59608 0.502188 0.500403 2.05412 0.99948 0.772951 0.749336 0.985859 0.917518 0.603821 0.525408 0.526868 0.484652 0.483265 0.482093 0.674269 0.916258 0.607153 0.539798 0.474069 0.515331 0.467657 0.489475 0.448771 0.465192 0.423408 0.459006 0.615948 0.422188 0.410933 0.394259 0.388934 0.825507 0.387502 0.378873 0.385387 0.378264 0.377163 0.365973 0.365187 0.362802 0.485595 0.410966 0.517621 0.447292 0.441903 0.356508 0.346344 0.457958 0.485678
threshold=-25466.003182870365 2495.370240727098 -2.6947979271210154 0.00094605968335707716 0.00033671243795616647 83751.295291440591 0.86233986488380576 0.2763575738329625 -0.39377207062600322 0.20275613747954682 -1.6858552631578945 -0.87465184374032889 0.0058502813571126812 -0.86449579831932766 -0.10025508636635995 0.29956460892551712 -0.13636486313246829 -0.66224315822474933 0.050635832222336592 0.048199767711962778 -0.046510371650821079 0.2989988448209473 3.6048358719147444 -0.58976982097186681 24.999017579048719 -6.1017241379310336 0.0031769738685974128 -0.0045322183625545664 -6.1017241379310336 0.0070486699398960087 0.15266991129095328 0.63421270554832621 -2.1690476190476189 1.0557744142649805 -1.4731058415268941 -0.70380715911442115 -0.22567873303167418 -9.8325116155315886 0.23076923076923081 0.060535588442565187 0.088100105639106294 -4827.6063463679602 1.6653345369377351e-16 -0.13103448275862048 -0.42832689606741597 1.174167327517843 1.0000000180025095e-35 -0.0022704359304719073 0.86793582375478928 -17165.789877594867 -0.042329227323628212 -0.41846862814604763 -0.086126373626373612 0.16920892068167473 -1.1369648869648867 -0.98104260671644761 -0.77303030303030296 0.30234375000000008 -1.0000000180025095e-35 0.0041098824100939428 -21.395576489671981 13.110546193802575
decision_type=2 2 2 2 2 2 2 2 2 2 2 2 2 2 2 2 2 2 2 2 2 2 2 2 2 2 2 2 2 2 2 2 2 2 2 2 2 2 2 2 2 2 2 2 2 2 2 2 2 2 2 2 2 2 2 2 2 2 2 2 2 2
left_child=3 2 4 -1 -2 -3 14 25 -9 10 11 -5 58 -13 15 17 -17 35 19 24 -20 42 26 -24 43 -8 30 48 29 -29 49 32 -23 34 -32 36 -4 38 39 -22 -30 -6 -18 44 -19 59 47 -12 -28 52 -50 -38 53 -16 56 -56 -54 -58 -7 -15 -61 -62
right_child=1 5 6 9 41 12 7 8 -10 -11 46 13 -14 45 22 16 21 18 20 -21 37 31 23 -25 -26 -27 27 28 40 -31 33 -33 -34 -35 -36 -37 51 -39 -40 -41 -42 -43 -44 -45 -46 -47 -48 -49 50 -51 -52 -53 54 -55 55 -57 57 -59 -60 60 61 -63
leaf_value=0.00034959606898408773 9.86805561368577e-05 -0.00019712377704895722 -0.00072226591177823585 -0.00064623616917370923 0.00026965659568717012 -0.00083278007407407715 0.00055852274224957126 -0.0014664696820312628 0.00021611378488011545 0.00025907678844141931 0.00015080407920001735 0.0036217901532919236 0.0007766270872702557 0.001101062197027798 -0.00017911906954215889 -0.0021831517786309197 -0.00011826368475742016 0.0011074481510502483 0.0011795852999290785 0.0023077034001647376 -0.00036447983672521366 -0.0029345918068476007 -0.0011292759432868598 0.00063114912184211486 -0.00034825029392619283 0.0016397970225783898 5.8276492201725018e-06 0.00027918519080057899 0.00051613191883599836 -0.00013554608689374093 0.00074849255786367313 0.00072651562298638043 -0.00039685549236530667 0.0003453020947049151 -0.00082259215486675758 -0.0012452874191929307 5.3803014549654172e-05 0.00017588078375542374 0.0004243840792326359 -0.0022799801669113394 0.001504228298649807 0.00072596971276924361 -0.002313261856859474 0.001005369715838795 7.8137477843971125e-05 7.9204140443114748e-05 -0.00053058933726391226 0.0010756927938114144 0.00057400939417443907 -0.0001834329094271897 -0.00062102630389818624 0.0010215480013322695 0.00020280875510194499 0.00038644998027877604 -0.00029704399125129012 -1.0139373426038558e-05 -0.0003261851666096705 0.00092819604387010465 -0.00044658660474797512 0.0026844421926708949 0.0011387415683396906 0.0023906773642151584
leaf_weight=15971 32714 94880 1502 480 7948 7265 3760 842 2788 2954 1814 231 913 6906 52339 703 12426 3164 1699 910 1165 508 465 4943 1206 1425 30643 20934 9806 15256 550 209 330 1432 5027 725 4416 4541 737 656 1215 13010 208 5911 5068 649 687 2971 746 34328 4537 1251 40165 4092 16003 891744 7285 777 33677 875 3325 1010
leaf_count=15971 32714 94880 1502 480 7948 7265 3760 842 2788 2954 1814 231 913 6906 52339 703 12426 3164 1699 910 1165 508 465 4943 1206 1425 30643 20934 9806 15256 550 209 330 1432 5027 725 4416 4541 737 656 1215 13010 208 5911 5068 649 687 2971 746 34328 4537 1251 40165 4092 16003 891744 7285 777 33677 875 3325 1010
internal_value=-3.93978e-07 -1.92587e-05 9.85265e-06 0.000691395 0.000276053 -0.000285837 -2.06915e-06 0.000431595 -0.000174171 0.000940636 0.00104689 0.00124158 -0.000486938 0.00131131 -5.28257e-06 0.00015402 -0.000344504 0.000371639 0.000507563 0.000708698 0.000135858 -0.000250025 -1.18839e-05 0.000479781 0.000613898 0.000855691 -1.42227e-05 0.000101695 0.000225909 0.000104354 -2.33682e-05 -0.00140391 -0.00193524 -0.000460697 -0.000667653 -5.98082e-05 6.00791e-05 -0.000113937 -0.000628426 -0.00105452 0.000625064 0.00055292 -0.000154401 0.000695942 0.000473757 0.0012695 0.000567421 0.000725066 -6.15378e-05 -2.04398e-05 -0.000452278 0.000267434 -1.49131e-05 -0.000138108 -7.64096e-06 -1.51973e-05 0.000134588 -0.00020529 -0.000515115 0.00133326 0.00164103 0.00143043
internal_weight=1.42672e+06 1.38884e+06 1.25211e+06 37873 53672 136735 1.19844e+06 8815 3630 21902 18948 13476 41855 12996 1.18962e+06 47335 14384 32951 25057 16259 8798 13681 1.14229e+06 5408 15349 5185 1.13688e+06 83137 47211 36190 1.05374e+06 1047 838 7009 5577 7894 7169 7099 2558 1821 11021 20958 12634 14143 8232 12765 5472 4785 35926 1.04673e+06 5283 5667 1.0124e+06 56431 955974 907747 48227 8062 40942 12116 5210 4335
internal_count=1426717 1388844 1252109 37873 53672 136735 1198437 8815 3630 21902 18948 13476 41855 12996 1189622 47335 14384 32951 25057 16259 8798 13681 1142287 5408 15349 5185 1136879 83137 47211 36190 1053742 1047 838 7009 5577 7894 7169 7099 2558 1821 11021 20958 12634 14143 8232 12765 5472 4785 35926 1046733 5283 5667 1012405 56431 955974 907747 48227 8062 40942 12116 5210 4335
is_linear=0
shrinkage=0.05


Tree=21
num_leaves=63
num_cat=0
split_feature=28 29 41 0 0 31 42 39 42 41 33 0 42 42 0 0 32 36 31 42 33 31 41 39 36 36 0 33 45 28 32 39 41 31 17 36 0 0 42 41 34 42 0 42 37 28 0 42 42 36 39 37 37 37 32 37 0 42 0 39 37 39
split_gain=4.52612 6.56767 2.00395 1.08648 0.927997 0.818629 0.713049 0.662398 0.932513 0.877588 0.787297 0.66358 1.67285 1.3017 1.51687 1.29557 1.0671 0.95721 1.17189 1.1354 0.937055 0.816108 0.785877 0.655461 0.635666 1.06482 0.767629 0.633882 0.774262 0.583654 0.547389 0.537003 0.516934 0.491692 0.458649 0.464155 0.454391 0.493554 0.453255 0.440542 0.42668 0.423556 0.419164 0.416703 0.414944 0.412835 0.40962 0.406011 0.388755 0.387385 0.380164 0.353815 0.364435 0.357992 0.35442 0.866805 0.704317 0.549688 0.737818 0.494174 0.440738 0.430718
threshold=3.6318080517613223 -9.5569548372431523 0.0007926237840926439 -109627.67462876263 65535.646583543734 3.0901449275362327 0.0057054624160535845 -27.580181704067581 0.11284898883678275 0.0013492938749038853 0.031496279966933056 -19262.455909798791 0.0075019170983038437 -1.0000000180025095e-35 -118687.54558637746 -90964.618262744683 -1.0000000180025095e-35 0.060535588442565187 -0.59599842302385164 -0.12649477202283313 -0.042329227323628212 -0.34782608695652156 0.0055256183358103504 1.1665179163328612 -0.11640394941971242 -0.037523584241502698 284113.00703111751 -0.18638232271325794 -8.1437969924812013 -15.80348253713368 -0.088932806324110658 -41.583537048220592 0.0028309842121241433 -1.7399839743589738 -10484.17536231884 0.28571428571428581 -111910.20846513147 -205902.06683761932 0.18231049389204426 0.00036428808515025728 -0.13307291666666662 0.043377657764884635 564480.11769691505 0.0039044110809269739 -1.0000000180025095e-35 42.690404709623692 201352.46183762897 -0.049268746739744983 0.00336026104935156 -0.71757690518902384 -5.1236620499604184 0.95324643782383434 0.93013194895089779 0.95662625418060221 -0.033095392602206349 -0.13341729638958855 -53706.937857390818 -0.0022704359304719073 -132683.87745942417 -10.309909169071716 -0.47926234213547642 -5.9764640036804293
decision_type=2 2 2 2 2 2 2 2 2 2 2 2 2 2 2 2 2 2 2 2 2 2 2 2 2 2 2 2 2 2 2 2 2 2 2 2 2 2 2 2 2 2 2 2 2 2 2 2 2 2 2 2 2 2 2 2 2 2 2 2 2 2
left_child=1 2 -1 27 23 6 45 8 10 49 11 12 13 17 22 16 -14 18 33 36 -19 -22 43 39 46 26 -26 44 -29 30 -9 -12 -7 -3 -5 40 37 -20 42 -2 -36 -18 51 -15 -4 -6 -13 -46 -44 -10 -32 52 54 -53 55 56 -31 58 59 -57 61 -56
right_child=4 7 3 34 5 32 -8 29 9 -11 31 24 15 14 -16 -17 41 20 19 -21 21 -23 -24 -25 25 -27 -28 28 -30 38 50 -33 -34 -35 35 -37 -38 -39 -40 -41 -42 -43 48 -45 47 -47 -48 -49 -50 -51 -52 53 -54 -55 60 57 -58 -59 -60 -61 -62 -63
leaf_value=0.00025287981392296615 -9.4776862112167816e-05 0.00014889883784673628 0.0021922624390495215 -0.00018584891798972011 -0.00058652589668254957 -9.3364391600012423e-05 -0.00027097832517399917 0.00073509719252607547 0.0019029139013710776 0.0022307307376391644 0.00095533436220479313 0.00038594327189716681 -0.00056875898028157775 0.00083174646357338515 6.792138005833096e-05 -0.00017846226487978824 -0.0017389255769513171 0.0014870878570891124 0.00047158564418051509 8.7042719568444446e-05 0.0013226101158345348 -0.00077241983274263309 0.0022499104382423733 -0.00035420744328046598 -0.00057533754804427997 0.00018325693872227547 -0.0034209407534847493 0.0038698058121550763 0.0012487679819706376 -0.00055145336542500496 0.00049944922683752772 0.00023820037613461617 0.001139572026817889 -0.00092672241907120986 -0.00038921112764983876 0.00017618961647993775 0.00063607230078247142 0.0028119902025845315 -0.00054597681628252052 0.00039592419075961213 0.00093293215379754851 -0.0034854030933978114 1.5718730461702556e-05 -0.00031768706988752365 -0.0009255350639656506 -0.0012640522122232393 0.0011743574690902061 0.00060643160103375276 0.00069936264165476646 0.00013327845599833286 3.9663276688834546e-05 0.0029659373834729197 -0.00082451181329805466 -2.8369856633050232e-07 -0.00089786349931683272 -0.0010807440362599478 -3.5804829285840259e-05 -7.6151948217238516e-05 0.00021610472436407467 -7.287621398365775e-05 -3.689101279230786e-06 0.00067327070495236787
leaf_weight=28796 32580 1525 302 1885 29774 3499 22529 4081 369 947 3941 9736 2408 6626 20796 7014 1519 531 326 10466 489 9410 911 25382 2577 25845 261 289 11249 15847 5440 7732 1123 3503 657 3704 1099 729 4017 5321 8570 450 4395 895 578 2432 1983 1718 3947 1910 25900 200 1396 207 491 1824 11376 163852 34524 3650 837274 3910
leaf_count=28796 32580 1525 302 1885 29774 3499 22529 4081 369 947 3941 9736 2408 6626 20796 7014 1519 531 326 10466 489 9410 911 25382 2577 25845 261 289 11249 15847 5440 7732 1123 3503 657 3704 1099 729 4017 5321 8570 450 4395 895 578 2432 1983 1718 3947 1910 25900 200 1396 207 491 1824 11376 163852 34524 3650 837274 3910
internal_value=-3.74279e-07 2.69362e-05 0.000548217 0.000841963 -0.000290776 -0.000432792 -0.00048675 2.78288e-06 0.000112447 0.000951407 9.00376e-05 4.82798e-05 -4.6287e-05 6.37173e-05 0.000297283 -0.000599698 -0.00127472 -0.000179414 4.50177e-05 0.000302196 -0.000559163 -0.000668928 0.000862961 -0.000157572 0.000209075 8.23054e-05 -0.000837037 0.00115554 0.00131442 -9.33314e-06 0.000190402 0.000480317 0.0002062 -0.000600485 0.000542778 0.000648993 0.0013476 0.00208879 -1.58422e-05 -2.58863e-05 0.00083879 -0.00213807 -1.38757e-05 0.000694964 0.000449944 -0.000637689 0.000519353 0.000220771 0.000339183 0.000419806 0.000119473 -1.66166e-05 -1.71751e-05 0.00145732 -1.61245e-05 -7.09746e-05 -0.000335973 -3.55856e-05 0.000130595 -0.000408709 -1.06591e-06 0.000497986
internal_weight=1.42672e+06 1.30408e+06 57748 28952 122640 59357 54735 1.24633e+06 123998 3226 120772 109099 68697 57306 29228 11391 4377 28078 17648 12620 10430 9899 8432 63283 40402 28683 2838 14136 11538 1.12233e+06 35421 11673 4622 5028 14816 12931 2154 1055 1.08691e+06 37901 9227 1969 1.08289e+06 7521 2598 32206 11719 2296 8342 2279 31340 1.07455e+06 1.07414e+06 407 1.07275e+06 231073 27223 203850 39998 5474 841675 4401
internal_count=1426717 1304077 57748 28952 122640 59357 54735 1246329 123998 3226 120772 109099 68697 57306 29228 11391 4377 28078 17648 12620 10430 9899 8432 63283 40402 28683 2838 14136 11538 1122331 35421 11673 4622 5028 14816 12931 2154 1055 1086910 37901 9227 1969 1082893 7521 2598 32206 11719 2296 8342 2279 31340 1074551 1074144 407 1072748 231073 27223 203850 39998 5474 841675 4401
is_linear=0
shrinkage=0.05


Tree=22
num_leaves=63
num_cat=0
split_feature=18 28 0 41 39 30 41 0 42 42 33 31 42 35 39 42 28 31 41 41 19 40 39 42 36 35 40 0 35 42 0 36 36 42 36 31 35 40 39 41 35 0 33 35 35 35 35 0 36 36 36 31 42 0 42 36 35 31 35 0 36 34
split_gain=6.20163 3.54657 1.94872 1.51387 1.20097 0.907139 0.815082 0.587329 0.696893 0.639245 0.632621 0.62982 0.583333 0.608925 0.581389 0.559039 0.546882 0.519878 0.503886 0.500192 0.496607 0.469569 0.463559 1.12972 0.890373 0.615659 0.723348 0.700649 1.05517 0.799021 1.28351 0.590835 0.741705 0.722816 0.655409 0.658158 0.641082 0.629715 0.564137 0.549319 0.535802 0.911914 1.45808 0.839579 1.41271 0.831368 1.34422 0.749939 0.66453 0.627784 0.756983 0.690409 0.594493 0.603195 0.567317 0.537799 0.693285 0.646423 0.667769 0.532039 0.51742 0.51425
threshold=-16157.199167733675 3.6318080517613223 -77314.304173831188 0.00047545197286844905 -1.4601909806557172 -0.0014547222510235729 0.0033064227770979514 262433.1253712044 0.0043549263431268631 -1.0000000180025095e-35 -1.0000000180025095e-35 1.9428215125279513 0.035994788597080309 -0.21178642274630813 2.6438981263760692 -1.0000000180025095e-35 33.92764346764347 3.0901449275362327 -0.00070836784499289055 0.0037420113135867828 -37382.951433461691 -21.395576489671981 -29.138793197319963 0.12305818689291383 2.5019379844961245 0.27604524431011607 9.2947052560500776 -6634.2530050456689 0.23506247822832929 0.0081930842798337618 -84297.205886194191 0.35089420383538023 -0.80079365079365061 -0.081507459602676066 0.63625112511251136 0.60574175824175802 -0.70541140719962592 -9.1644331158839858 5.4773637741146013 0.0055256183358103504 -1.0000000180025095e-35 -52884.693769524689 0.11876551568494699 -0.033644977360389058 -0.05310150375939849 -0.34430979978925175 -0.31156565656565655 -139143.30323713369 0.65985900891561278 0.33871282618598292 0.48380355276907011 -0.31578054298642527 -0.027763405326571945 -139143.30323713369 -0.035178311308329373 0.90586131840796036 0.43689320388349512 2.6240192684896742 0.23568147146522425 -178098.18338453039 -0.67318329200839211 0.35877447425670789
decision_type=2 2 2 2 2 2 2 2 2 2 2 2 2 2 2 2 2 2 2 2 2 2 2 2 2 2 2 2 2 2 2 2 2 2 2 2 2 2 2 2 2 2 2 2 2 2 2 2 2 2 2 2 2 2 2 2 2 2 2 2 2 2
left_child=2 7 3 -1 15 -3 16 18 9 -9 -10 -11 -4 -14 -12 -5 -7 -8 -2 -17 -20 -21 23 24 25 26 27 28 29 31 -31 32 -22 37 35 -33 39 -34 40 -35 41 42 43 44 45 49 -47 -44 -42 -24 51 -51 53 -50 -45 56 61 -57 -59 -46 -25 -55
right_child=1 5 12 4 -6 6 17 8 10 11 14 -13 13 -15 -16 19 -18 -19 20 21 22 -23 38 60 -26 -27 -28 -29 -30 30 -32 34 33 36 -36 -37 -38 -39 -40 -41 48 -43 47 54 59 46 -48 -49 52 50 -52 -53 -54 55 -56 57 -58 58 -60 -61 -62 -63
leaf_value=0.00026499020332195497 -4.3686080963982861e-05 -0.00010807018802666696 -6.4246057708160661e-06 0.00069509179515733917 0.00029104413554995908 -0.00037873316397831901 -4.2053130801329307e-05 0.00047679755890234427 -0.00039027481189569778 -0.00025341909213538841 0.00074665987939301099 0.00098914169987304604 0.0017381871582978542 1.5962119365760322e-05 0.0001108942949439737 0.00099657242655416789 -0.00079562309283749601 0.0013339207609377617 0.0001875499974561381 0.0028410543944483464 -0.00086390993704773601 0.0014113531903411267 0.00018403272293559332 0.0038360181780582345 -0.0018171533325975629 0.00052430703077751672 0.0004842749136715492 0.00028990888343684529 -0.0011844200366497924 -0.0019260957648489984 -4.6232368393151881e-05 -0.00045872289531520295 0.00020490733339171023 0.00053333486530892011 0.00014466452132890997 -0.0020727741330884581 -5.7767156079815618e-06 0.0013251502579103187 5.1244943323740315e-05 0.0030466270747080866 7.4874587122760981e-06 -1.426652130106057e-05 0.0018020092634400712 -0.00019876006531726142 0.0025362254215337689 -0.0020870170903300048 -0.00061212954387112098 6.6466465873403572e-05 0.00047872056024966353 -0.0006838373608744323 -0.00020570904096301907 -0.0035871737157210449 -0.00011231514859009464 -0.00032809674813495372 -0.0021948253268077164 -0.00014259415653731185 -0.0033836054860836746 -0.0033214340961342324 -0.00012150208758921632 0.00042720390110680541 0.0011208282279553446 -0.002107191359086115
leaf_weight=19983 518138 43374 22419 9588 8123 60699 2239 5144 2132 14494 10405 1097 1023 1030 5495 10460 9038 990 42379 679 1698 3725 4773 259 594 8540 8994 14682 2185 1416 2531 2284 2583 745 2811 873 16711 2439 252352 307 229774 34770 979 507 363 1809 10581 1709 930 440 1808 383 14484 962 1195 2582 406 366 294 1697 544 703
leaf_count=19983 518138 43374 22419 9588 8123 60699 2239 5144 2132 14494 10405 1097 1023 1030 5495 10460 9038 990 42379 679 1698 3725 4773 259 594 8540 8994 14682 2185 1416 2531 2284 2583 745 2811 873 16711 2439 252352 307 229774 34770 979 507 363 1809 10581 1709 930 440 1808 383 14484 962 1195 2582 406 366 294 1697 544 703
internal_value=-3.55565e-07 -2.52595e-05 0.000436 0.000607605 0.000817781 -0.000289157 -0.000396803 -3.66313e-07 0.000191167 -6.52622e-06 0.000418495 -0.000165991 6.74474e-05 0.000874139 0.000526941 0.000992764 -0.000432763 0.000379816 -6.58203e-06 0.00118478 2.18388e-05 0.00163178 1.07631e-05 0.000131931 0.000110354 0.000126996 7.06881e-05 -1.87207e-06 -0.000118974 -5.12953e-05 -0.00072064 3.54638e-05 0.000144203 0.00021933 -0.000410624 -0.000905054 6.95893e-05 0.000748968 -4.32119e-06 0.00126678 -4.93342e-05 -0.000182203 -0.000404697 -0.000530593 -0.000447289 -0.000576976 -0.00082747 0.000698571 -1.69716e-05 -0.000157794 -0.000777916 -0.00203496 -0.000288119 -0.00069599 -0.00160023 -0.000901614 -0.00153101 -0.000499551 -0.00189601 0.000798842 0.00199659 -0.00107927
internal_weight=1.42672e+06 1.34969e+06 77030 52558 32575 116340 72966 1.23335e+06 38767 20735 18032 15591 24472 2053 15900 24452 69737 3229 1.19458e+06 14864 676442 4404 634063 70196 69393 68799 60259 51265 36583 34398 3947 30451 24483 22785 5968 3157 17763 5022 563867 1052 311515 61014 26244 23556 21854 19794 12390 2688 250501 7404 2631 823 20727 6243 1702 5313 2071 3242 660 2060 803 1665
internal_count=1426717 1349687 77030 52558 32575 116340 72966 1233347 38767 20735 18032 15591 24472 2053 15900 24452 69737 3229 1194580 14864 676442 4404 634063 70196 69393 68799 60259 51265 36583 34398 3947 30451 24483 22785 5968 3157 17763 5022 563867 1052 311515 61014 26244 23556 21854 19794 12390 2688 250501 7404 2631 823 20727 6243 1702 5313 2071 3242 660 2060 803 1665
is_linear=0
shrinkage=0.05


Tree=23
num_leaves=63
num_cat=0
split_feature=18 18 18 0 41 19 27 40 44 36 42 39 37 32 27 33 0 31 31 0 0 39 28 31 42 39 42 36 39 36 41 28 0 36 42 36 37 41 37 42 38 39 33 43 38 36 36 37 36 0 39 31 33 34 36 34 40 31 34 34 36 39
split_gain=5.61541 3.32901 1.07181 1.05707 1.00255 0.824024 0.674353 0.615326 0.540902 0.471978 0.433784 0.426297 0.417735 1.37411 0.408181 0.463639 0.398989 0.39606 0.491337 0.391314 0.391033 0.389543 0.387276 0.359359 0.371722 0.40758 0.353571 0.351555 0.656584 0.447004 0.383291 0.348345 0.347051 0.346914 0.334834 1.50465 0.85652 0.600412 0.565838 0.499286 0.471251 0.453213 0.51957 0.577346 0.565447 0.572716 0.600712 0.448425 0.444648 0.412187 0.402689 0.378517 0.492999 0.479912 0.782775 0.69817 0.419485 0.368858 0.41654 0.367667 0.365476 0.492805
threshold=-25810.093137254898 18181.779948431464 -9225.6369047619028 -47950.311363404318 0.0027236686236808646 -13946.501317996632 -5.442308397842754 -21.090005213219381 42.771918181199382 0.97911217669282202 -0.087398883327628449 -14.519183539118659 0.85942249240121593 -0.033644977360389058 -1.2948007123260081 -0.69381009615384603 -109627.67462876263 0.82041266025641024 -0.97608612804878081 244383.08228829451 -92344.104959775039 -10.827702333428649 42.690404709623692 5.147916666666668 0.18231049389204426 -2.0365229730627408 0.012460858615797512 -0.50257731958762875 -22.193261029049669 0.24305019305019307 0.010069327929452867 6.6614298642533916 20742.247413811336 0.17959156785243754 -0.10025508636635995 0.29956460892551712 -0.13636486313246829 0.0055256183358103504 -0.13636486313246829 -0.23620165536115123 17.247146064212263 -9.9745753214645401 0.11876551568494699 -1.6363993132205048 9.3906033637668163 0.060535588442565187 -0.14589800443458983 0.2989988448209473 -0.079461315494480364 -89563.022666775578 40.261616152314161 3.6235795454545454 0.11876551568494699 0.031661262635895422 0.72213347532836369 0.40408205339655712 -8.7720913367705098 -1.2734604105571845 -1.3983763345195728 -0.79250042038002344 3.1559296571226585 33.373388728600098
decision_type=2 2 2 2 2 2 2 2 2 2 2 2 2 2 2 2 2 2 2 2 2 2 2 2 2 2 2 2 2 2 2 2 2 2 2 2 2 2 2 2 2 2 2 2 2 2 2 2 2 2 2 2 2 2 2 2 2 2 2 2 2 2
left_child=4 2 3 6 11 8 -2 9 12 -6 33 16 23 19 15 -9 -1 18 -8 -14 -16 -20 -3 24 34 -26 -18 28 -12 30 -29 -17 -7 -10 35 37 -37 38 -4 49 -41 42 43 44 45 46 -39 51 -48 -40 -43 52 53 -38 -55 56 -56 58 -36 -59 -61 -62
right_child=1 22 5 -5 7 32 17 14 10 -11 27 -13 13 -15 20 31 26 -19 21 -21 -22 -23 -24 -25 25 -27 -28 29 -30 -31 -32 -33 -34 -35 57 36 47 41 39 40 -42 50 -44 -45 -46 -47 48 -49 -50 -51 -52 -53 -54 54 55 -57 -58 59 -60 60 61 -63
leaf_value=0.00078084704347439052 0.00063810848800713532 -0.00034337151287093569 -0.0010932400339411575 -8.1211387091575081e-05 0.0014936067120913318 -5.7169552117284327e-05 -1.5288097850030138e-05 -0.00017100095530813521 0.0018205664028592842 0.0038881880628604589 0.0015175741396543326 8.6863065045987231e-05 0.00067760126005680498 -0.00064387030451288783 0.00055793359178777063 0.0011331357994505758 0.00010924994847597801 -1.9167811256356825e-05 0.00066777159824340376 0.0024161821098422861 -0.0010226773236743597 0.00025736310781377601 -0.00082307954636424725 0.00068302183487197095 0.00019048778554962614 -0.00086455510189241804 0.00095375156350601092 1.1364174356917308e-05 3.6977593571259542e-05 0.00041815834805319289 -0.0018705175996131464 -0.00094381798887082638 -0.00025153806365371819 0.0002365696864962299 -0.00039932788747544881 -0.0020304197300257719 -0.00044426799578734064 -0.00078409759699540503 0.0016142170655829406 0.0005275447329786421 -0.00016291868880650127 0.00059373848038409233 0.0015558964163355181 0.00038117031379770425 -0.0019845835273445706 -0.0016049340684769747 0.0026997905892086438 -0.0012443070475453156 0.00026547571931725451 -0.00027624725800252616 -0.0014047270526678895 -0.0017224660881434792 0.00074598785690470045 0.0013157113138162885 -0.0030195740830166119 0.0004257804879619032 -0.00039056192095995358 -0.00027815334454999932 0.00010690311047919716 -2.1515932900621011e-05 0.00020994178741424094 0.0016602412102768858
leaf_weight=8751 11340 55865 572 28125 1607 45202 8950 810 721 236 1306 7097 5230 2409 2008 8164 5972 13578 9506 345 486 14758 4550 1873 1417 2586 1564 21631 1755 8329 274 207 46685 664 4266 694 6841 1252 1574 16485 2907 3149 357 1610 744 795 246 995 790 353 274 365 1535 1175 307 1009 300 13918 85601 949734 4187 681
leaf_count=8751 11340 55865 572 28125 1607 45202 8950 810 721 236 1306 7097 5230 2409 2008 8164 5972 13578 9506 345 486 14758 4550 1873 1417 2586 1564 21631 1755 8329 274 207 46685 664 4266 694 6841 1252 1574 16485 2907 3149 357 1610 744 795 246 995 790 353 274 365 1535 1175 307 1009 300 13918 85601 949734 4187 681
internal_value=-3.37787e-07 -1.65014e-05 -4.82886e-09 0.000170432 0.000608421 -1.18308e-05 0.000292181 0.00095119 -3.3023e-07 0.00180024 0.000194138 0.000410271 -6.37026e-06 0.000354002 0.000817161 0.000971249 0.000551194 0.000208346 0.000301354 0.000785191 0.000249924 0.00041815 -0.000379499 -8.96563e-06 -1.01367e-05 -0.000491086 0.000284515 0.000158071 0.000668686 0.000106375 -1.21755e-05 0.00108178 -0.000155922 0.00106116 -8.39084e-06 0.000126236 -0.0003206 0.000316142 0.000458677 0.000500316 0.000424039 -2.23871e-05 -0.000291876 -0.000413203 -0.000747392 -0.000448829 -4.71223e-05 -0.000225875 0.000843508 0.00126791 0.000433768 -0.000138003 -8.62139e-05 -0.000218837 0.000333714 -0.0003803 -0.00172023 -1.40295e-05 8.28722e-05 -2.30208e-05 -1.9301e-05 0.000412829
internal_weight=1.42672e+06 1.38982e+06 1.3294e+06 86257 36902 1.24314e+06 58132 13518 1.15126e+06 1843 34680 23384 1.11658e+06 7984 11675 9181 16287 46792 33214 5575 2494 24264 60415 1.10859e+06 1.10672e+06 4003 7536 33295 3061 30234 21905 8371 91887 1385 1.10272e+06 44329 13221 31108 21891 21319 19392 9217 5794 5437 3827 3083 2288 12527 1036 1927 3423 11532 11167 9632 2791 1616 607 1.05839e+06 89867 968520 954602 4868
internal_count=1426717 1389815 1329400 86257 36902 1243143 58132 13518 1151256 1843 34680 23384 1116576 7984 11675 9181 16287 46792 33214 5575 2494 24264 60415 1108592 1106719 4003 7536 33295 3061 30234 21905 8371 91887 1385 1102716 44329 13221 31108 21891 21319 19392 9217 5794 5437 3827 3083 2288 12527 1036 1927 3423 11532 11167 9632 2791 1616 607 1058387 89867 968520 954602 4868
is_linear=0
shrinkage=0.05


Tree=24
num_leaves=63
num_cat=0
split_feature=18 18 18 0 41 35 19 39 40 0 42 39 0 42 42 0 0 42 42 33 31 41 31 37 41 42 35 31 33 37 41 39 33 31 31 31 38 41 0 39 28 30 33 37 32 37 39 0 42 0 0 31 42 0 0 34 37 35 0 37 31 35
split_gain=5.06791 3.00443 0.967309 0.954007 0.904802 0.824487 0.743682 0.598005 0.555332 0.514443 0.522398 0.444822 0.631293 0.958272 1.15408 0.89509 0.845384 0.95271 1.05021 0.796379 0.863411 0.788386 0.726151 0.668271 0.627243 0.547656 0.553928 0.492659 0.481761 0.480187 0.582341 0.441161 0.44057 0.432244 0.852344 0.42817 0.410208 0.396486 0.400934 0.384733 0.387673 0.383829 0.382488 0.381248 0.38069 0.821948 0.620447 0.617256 0.570117 0.922698 0.581771 0.729396 0.567557 0.993833 0.536917 0.72458 0.530538 0.51849 1.22732 0.955401 0.805623 0.689868
threshold=-25810.093137254898 18181.779948431464 -9225.6369047619028 -47950.311363404318 0.0027236686236808646 0.24073863636363649 -13946.501317996632 -5.7805582630701577 -21.090005213219381 477489.7387920678 0.00336026104935156 -29.138793197319963 -17084.762923104379 0.0054950918231252777 0.11284898883678275 -85582.511056363699 -109627.67462876263 -1.0000000180025095e-35 -0.13831122970648593 0.23915887850467291 -0.36745725317153871 0.0012043352016862581 0.18571428571428564 0.63421270554832621 0.010069327929452867 0.13502777729408277 0.61544151641239031 -0.078357005358722351 0.29864864864864871 0.43254586362063008 0.0012993761127279707 35.37968479611186 0.31014039081768169 0.16923076923076888 0.5558265582655828 -2.5922945261841277 -26.121021316094232 2.2149007748651504e-05 -114039.34859877832 -14.519183539118659 3.6318080517613223 -0.0014066676844681574 -1.0000000180025095e-35 0.95324643782383434 -0.021845694799659057 -0.13312520313007822 5.4773637741146013 -53706.937857390818 -0.1968360931228246 -76187.072496143621 -190649.66014407724 2.4971590909090913 -0.0027855348917344923 -132683.87745942417 11477.378559271319 0.10837701417200553 -0.47926234213547642 -0.021527777777777774 -66800.002027982729 -0.044118707196924178 -0.70380715911442115 0.24320507572656572
decision_type=2 2 2 2 2 2 2 2 2 2 2 2 2 2 2 2 2 2 2 2 2 2 2 2 2 2 2 2 2 2 2 2 2 2 2 2 2 2 2 2 2 2 2 2 2 2 2 2 2 2 2 2 2 2 2 2 2 2 2 2 2 2
left_child=4 2 3 5 39 7 9 35 -6 11 -11 12 13 16 15 19 17 18 22 20 -15 -19 36 28 29 43 31 -22 -14 -18 -31 -27 -30 -20 -35 -2 -4 -37 41 40 -1 -39 -12 44 45 47 48 -13 49 50 -46 -52 53 -47 55 57 -48 58 59 -50 -61 -59
right_child=1 -3 6 -5 8 -7 -8 -9 -10 10 42 25 23 14 -16 -17 24 21 33 -21 27 -23 -24 -25 -26 26 -28 -29 32 30 -32 -33 -34 34 -36 37 -38 38 -40 -41 -42 -43 -44 -45 46 52 56 -49 54 -51 51 -53 -54 -55 -56 -57 -58 61 -60 60 -62 -63
leaf_value=0.00059408894042425528 -0.00057875242861173408 -0.00036052451233493796 0.0030756828178107095 -7.7150817731051877e-05 0.0017102259602635819 -0.00018427382330266572 -0.00014812618716263765 0.00018649944561960108 0.00077630249208484865 -1.6465028655352087e-05 -0.00041037139787950027 -0.00050986701862711732 0.00015973403766585955 -0.00027369714329225311 0.0031024098317983238 -9.6771598518202663e-05 2.8328478902176979e-05 0.00041812241445089222 -7.4818088550847171e-05 0.00047908233923540076 -0.0028954435225803897 0.001448473213367184 1.4038038690955547e-05 0.0013488935972910793 -0.00098756355022857289 -0.00035884281005501526 0.00053030446488539775 -0.0013599923675632548 0.0013364971288983873 -0.00016925520135364181 -0.0029932984656326185 -0.0013145988553298572 0.00015230295527555334 -0.0019322727751969982 0.00023217179733309816 0.00031496220953778275 0.0011118915051456127 0.00020334670935019423 0.00059363928654816939 8.2519910721069387e-05 -0.00032097564868523518 0.0015164611819391575 0.00070468076511476371 0.0016120813416371936 0.0019606689594615432 -0.00044661380328231393 0.00075793171858042627 -2.5609563705795335e-05 0.00058486851175859015 -0.00085979191041214275 0.00061922990242579978 -0.002065385245197681 -7.501793119181237e-05 0.00022742850630087211 4.3759932439073801e-05 -0.00032648402101375214 5.1737299758624582e-05 8.212524030384319e-06 -3.0607169738921683e-05 1.3466810423852299e-05 -0.0010075794070373294 -0.00024086564486842346
leaf_weight=15033 836 60415 338 28125 1843 8286 91887 25703 11675 7093 867 16988 34966 1591 233 7499 32561 5510 4443 828 685 2800 1572 1341 1693 8510 1521 2201 1744 487 292 1407 1429 1039 809 9088 1247 714 10982 7097 1254 2523 6809 362 761 6414 2681 10741 1443 1183 4829 267 164153 37103 134320 26406 332416 209097 27294 2480 8741 32062
leaf_count=15033 836 60415 338 28125 1843 8286 91887 25703 11675 7093 867 16988 34966 1591 233 7499 32561 5510 4443 828 685 2800 1572 1341 1693 8510 1521 2201 1744 487 292 1407 1429 1039 809 9088 1247 714 10982 7097 1254 2523 6809 362 761 6414 2681 10741 1443 1183 4829 267 164153 37103 134320 26406 332416 209097 27294 2480 8741 32062
internal_value=-3.20897e-07 -1.56763e-05 -4.58767e-09 0.000161911 0.000578 0.000277572 -1.12393e-05 0.000354345 0.000903631 -3.13719e-07 0.000292883 -4.1239e-06 9.37613e-05 -1.04513e-06 -0.000384929 -0.00044839 9.3757e-05 0.000374791 3.13247e-05 -0.000945428 -0.00120888 0.000765292 0.000775476 0.000251839 -4.86973e-05 -1.41203e-05 -0.000358174 -0.00172444 0.000213266 -1.0218e-06 -0.00122782 -0.000494443 0.000803181 -0.000342111 -0.000984743 0.000533037 0.00153067 0.000572916 0.000737785 0.000389757 0.000523635 0.00122682 0.000578736 -1.02612e-05 -1.08373e-05 -6.65993e-05 5.90583e-06 -0.000322287 -3.25258e-05 0.000413883 0.000671141 0.000478572 -3.24588e-05 0.000128081 -3.96385e-05 -7.60653e-05 5.73873e-05 -5.25429e-05 -0.000219362 -0.000626176 -0.000781914 -2.49023e-05
internal_weight=1.42672e+06 1.38982e+06 1.3294e+06 86257 36902 58132 1.24314e+06 49846 13518 1.15126e+06 14769 1.13649e+06 105308 65828 13037 12804 52791 17758 9448 5305 4477 8310 3157 39480 35033 1.03118e+06 11438 2886 38139 33340 779 9917 3173 6291 1848 24143 1585 23307 14219 23384 16287 3237 7676 1.01974e+06 1.01938e+06 235399 783980 27729 448883 7040 5857 5096 207670 43517 441843 307523 335097 281117 39958 12664 11221 241159
internal_count=1426717 1389815 1329400 86257 36902 58132 1243143 49846 13518 1151256 14769 1136487 105308 65828 13037 12804 52791 17758 9448 5305 4477 8310 3157 39480 35033 1031179 11438 2886 38139 33340 779 9917 3173 6291 1848 24143 1585 23307 14219 23384 16287 3237 7676 1019741 1019379 235399 783980 27729 448883 7040 5857 5096 207670 43517 441843 307523 335097 281117 39958 12664 11221 241159
is_linear=0
shrinkage=0.05


Tree=25
num_leaves=63
num_cat=0
split_feature=18 28 0 27 33 42 31 0 42 36 33 37 31 35 33 0 4 42 33 35 31 23 42 37 2 35 35 33 31 19 27 40 0 40 36 35 36 28 35 35 36 42 42 35 0 35 19 0 42 42 42 33 33 36 0 42 42 0 42 0 35 35
split_gain=4.56411 2.73671 1.56184 0.914681 0.755657 0.621411 0.641615 0.539222 0.494066 1.37562 1.37512 1.04825 0.944182 1.25687 0.842021 0.592908 0.583381 0.578568 0.525562 0.475092 0.468395 0.465495 0.460501 0.456037 0.452779 0.442149 0.563451 0.441899 0.431587 0.415594 0.507291 0.414885 0.422012 0.542232 0.405403 0.402509 0.397669 0.394292 0.391766 0.615282 1.01858 0.639233 0.586576 0.809296 0.566166 0.650831 0.499934 0.402328 0.946674 2.1286 0.595061 0.544734 0.437093 0.420717 0.670671 0.987514 1.50055 0.628209 0.531488 0.639484 0.530472 1.04816
threshold=-16157.199167733675 12.531225640600388 -89563.022666775578 -2.5537914043252097 -0.18483438269915134 0.0066634156524789214 3.0901449275362327 417990.237698037 -0.1075442430455598 0.060535588442565187 -0.042329227323628212 -0.13636486313246829 -0.66224315822474933 0.12394464546435598 0.11876551568494699 -13422.018091067066 3.3306690738754701e-16 -0.29501081450303002 -0.28549451778921459 -0.26636085626911304 5.147916666666668 0.75386904761904783 0.0042283487652025574 -0.13341729638958855 1.6653345369377351e-16 -0.46430887369190704 -0.4625242128763255 -1.0000000180025095e-35 -0.70380715911442115 -14743.878887070385 -3.741051136363637 25.618887927455354 -56279.5356239951 18.248696542109176 -0.71757690518902384 0.5953742203742205 3.1559296571226585 42.690404709623692 1.3898567323728577 0.5953742203742205 2.9600141185962086 0.00060659842569990986 0.088100105639106294 -1.0000000180025095e-35 8056.6743059281589 0.22581805568046046 -17531.487782245586 54431.891582127799 0.0022914636803111166 -1.0000000180025095e-35 0.00067683311354428427 -1.0000000180025095e-35 -0.046510371650821079 0.060535588442565187 -50345.949379456513 -1.0000000180025095e-35 0.00067683311354428427 -135895.63746002168 0.0079694853585440296 -98554.000415681614 -0.021527777777777774 -0.033644977360389058
decision_type=2 2 2 2 2 2 2 2 2 2 2 2 2 2 2 2 2 2 2 2 2 2 2 2 2 2 2 2 2 2 2 2 2 2 2 2 2 2 2 2 2 2 2 2 2 2 2 2 2 2 2 2 2 2 2 2 2 2 2 2 2 2
left_child=2 7 3 4 -1 6 37 8 9 12 18 -12 28 17 16 -15 24 -14 -11 -6 29 -7 -9 -5 35 -4 -27 -24 34 30 -10 32 33 -19 -2 -13 -16 -3 39 42 41 -41 47 -44 -45 -46 -43 53 49 51 -51 -49 -50 60 55 -55 57 -57 -58 -60 61 -32
right_child=1 5 25 23 19 21 -8 22 20 10 11 14 13 15 36 -17 -18 31 -20 -21 -22 -23 27 -25 -26 26 -28 -29 -30 -31 38 -33 -34 -35 -36 -37 -38 -39 -40 40 -42 46 43 44 45 -47 -48 48 52 50 -52 -53 -54 54 -56 56 58 -59 59 -61 -62 -63
leaf_value=0.0002050285712762163 -0.00025701681737242283 -0.00044468703692060484 -0.00068912812844164817 -0.0008673221397439984 0.00036320302125611773 -0.00025624359100149857 0.00021484388096812553 1.8086979099654579e-05 0.00024385076848078402 -7.410555506142126e-05 -0.0020695333790611251 -0.00019530762083081767 0.0022271875402207816 -0.00042621785179192297 0.00090923244076453105 0.0023155141692622113 -0.0017417497369068631 0.00092834304105352764 0.0014021954595259227 0.00096631389238043875 0.00073759060474722668 0.00019231518730758283 -0.00043238671474516522 0.00033454705291518046 -0.0024524833890183237 0.001580297331367604 0.00011235570372892762 0.00063665140356203406 -0.001336773273089115 -0.00012055293168038807 -5.9545641055325556e-05 -0.00033196208848160414 0.00025755911643330346 0.0028540193390587504 0.0005896674257882394 -0.0015387318015848295 -0.00085328279648561002 -0.0010886689161770918 -0.0003957397376287338 -0.00011853226905602775 0.0032025675112804909 -0.00027768541695383258 0.00016234448484913599 -3.2767742057671522e-05 -0.00072247468888155897 4.3629589327323675e-05 0.00034872991721129811 -0.00057381931951233287 -0.00036026106782376024 -0.00037084469303698278 -5.9116269926901856e-05 0.00037644821230555631 0.00021154769295531899 -0.00035715442278001628 -1.0788386804047797e-05 0.00091131322601756325 -4.4889811554484337e-05 0.00019148141798790437 -0.0006585915133308091 -0.00014301702407880452 2.6474071748851578e-05 -0.00074218167776249734
leaf_weight=5407 3833 39767 1676 828 3946 21121 3570 9586 19897 909 806 12314 728 3012 2057 211 737 8494 1790 18929 2074 7965 1095 16874 239 669 28583 8248 613 85767 101237 790 2349 382 2240 584 379 2528 6573 14982 275 3592 9718 7893 12358 3574 28120 1604 3496 30511 30726 25227 75890 42358 182283 4095 35862 11665 9865 15408 443788 5954
leaf_count=5407 3833 39767 1676 828 3946 21121 3570 9586 19897 909 806 12314 728 3012 2057 211 737 8494 1790 18929 2074 7965 1095 16874 239 669 28583 8248 613 85767 101237 790 2349 382 2240 584 379 2528 6573 14982 275 3592 9718 7893 12358 3574 28120 1604 3496 30511 30726 25227 75890 42358 182283 4095 35862 11665 9865 15408 443788 5954
internal_value=7.61392e-07 -2.05653e-05 0.000375414 0.000560198 0.000736622 -0.000314197 -0.000428846 -3.32019e-06 -7.30812e-06 0.000160331 -0.000143933 -0.000309336 0.000426488 0.000635384 -0.000222352 -0.000246725 -0.000372888 0.000858489 0.00090499 0.000862276 -1.31685e-05 -0.000133409 0.000261557 0.00027833 -0.000296094 0.000100676 0.000145928 0.00051136 -7.23501e-05 -1.44524e-05 -6.37763e-06 0.000775559 0.000853504 0.00101122 5.5279e-05 -0.000256136 0.000635015 -0.000483178 -1.0875e-05 -8.57623e-06 0.000168488 0.000150619 -1.64703e-05 -0.000222204 -0.000379058 -0.000550616 0.000277776 -9.7045e-06 6.11504e-05 -5.17214e-05 -0.000214433 0.00031964 0.000186366 -2.36221e-05 -7.11022e-05 -0.000163294 -5.65055e-05 0.000378519 -0.000168651 -0.000344265 2.36253e-06 -9.74631e-05
internal_weight=1.42805e+06 1.35114e+06 76912 45984 28282 74951 45865 1.27619e+06 1.25726e+06 42467 19815 17116 22652 15966 16310 3223 13874 12743 2699 22875 1.21479e+06 29086 18929 17702 13137 30928 29252 9343 6686 1.21272e+06 1.12695e+06 12015 11225 8876 6073 12898 2436 42295 1.10705e+06 1.10048e+06 46969 46694 1.05351e+06 33543 23825 15932 31712 1.01997e+06 167454 88068 61237 26831 79386 852515 301536 119253 76895 15760 61135 25273 550979 107191
internal_count=1428051 1351139 76912 45984 28282 74951 45865 1276188 1257259 42467 19815 17116 22652 15966 16310 3223 13874 12743 2699 22875 1214792 29086 18929 17702 13137 30928 29252 9343 6686 1212718 1126951 12015 11225 8876 6073 12898 2436 42295 1107054 1100481 46969 46694 1053512 33543 23825 15932 31712 1019969 167454 88068 61237 26831 79386 852515 301536 119253 76895 15760 61135 25273 550979 107191
is_linear=0
shrinkage=0.05


Tree=26
num_leaves=63
num_cat=0
split_feature=18 28 41 0 32 33 35 23 41 41 33 31 42 39 42 36 45 45 36 41 33 24 0 42 42 42 36 45 0 20 39 39 19 36 0 35 0 39 43 0 35 35 35 36 36 0 35 33 34 32 39 42 33 31 0 42 36 42 35 33 45 31
split_gain=4.1191 2.46988 1.46808 1.20493 0.629363 0.607877 0.605519 0.592069 0.588755 0.561654 0.50284 1.16116 0.526547 0.491333 1.01901 0.812302 0.600637 0.517547 0.493793 0.744658 0.464596 0.456185 0.432804 0.858988 1.5895 0.922352 0.548687 0.428795 0.414081 0.406206 0.400144 0.398736 0.395954 0.395223 0.411372 0.390034 0.389521 0.38102 0.411783 0.45636 0.40458 0.382084 0.763292 1.16002 0.606726 0.53658 1.1875 0.758792 0.793643 0.530544 0.651305 0.477181 0.521186 0.824217 0.638625 0.451499 0.440936 0.495736 1.00894 0.71142 0.50022 0.487777
threshold=-16157.199167733675 12.531225640600388 0.0010648799464142494 -118687.54558637746 -0.10800691244239631 -0.085367264314632721 -0.31473598035202616 -0.092229055851063876 -0.00070836784499289055 0.0026197629940093209 -0.043727598566308236 3.0901449275362327 0.15266991129095328 -29.138793197319963 0.098832262735665491 2.5019379844961245 -4.3440476190476174 -1.350572519083969 -0.11640394941971242 0.0041098824100939428 0.029412471464616122 -0.41379354508196714 54431.891582127799 -1.0000000180025095e-35 0.0013739424884774251 0.07290447401783702 0.30381944444444453 -8.1437969924812013 700024.91546985065 -246.24615934262235 -7.2885123071972435 -2.9056063945598463 -37382.951433461691 -0.25087412587412578 149974.93550569983 0.53628754153865466 -44204.528175261446 11.11527231854768 -3.6472075108329318 -22869.362272580565 -0.72173900593461193 -1.0000000180025095e-35 -0.033771225817352361 0.018897684661627338 -0.56396617566830332 -54574.737954921155 -0.05310150375939849 1.0000000180025095e-35 0.15735226752175915 -1.0000000180025095e-35 5.7038763684841678 -0.044015257607604462 -1.0000000180025095e-35 -0.52512626262626261 -100224.53766668423 -0.23620165536115123 0.65985900891561278 -0.093692099554847877 0.032586693213870872 -0.18638232271325794 -3.0651454087907508 -1.5800874026220784
decision_type=2 2 2 2 2 2 2 2 2 2 2 2 2 2 2 2 2 2 2 2 2 2 2 2 2 2 2 2 2 2 2 2 2 2 2 2 2 2 2 2 2 2 2 2 2 2 2 2 2 2 2 2 2 2 2 2 2 2 2 2 2 2
left_child=2 8 31 5 -3 29 -7 -6 10 -9 -2 12 20 14 15 16 18 -18 19 -10 22 -5 -12 -24 -25 30 -27 -8 -20 -4 -26 -1 35 34 -16 36 -15 41 -39 40 -40 42 44 51 55 46 47 48 49 -46 -51 -44 -53 -54 -55 -34 57 58 61 -60 -61 -43
right_child=1 4 3 21 7 6 27 9 13 -11 11 -13 -14 32 33 -17 17 -19 28 -21 -22 -23 23 24 25 26 -28 -29 -30 -31 -32 -33 37 -35 -36 -37 -38 38 39 -41 -42 56 43 -45 45 -47 -48 -49 -50 50 -52 52 53 54 -56 -57 -58 -59 59 60 -62 -63
leaf_value=0.00025079156129116149 -0.00020528807239085305 -0.000725595428269193 0.0006791568059185361 -4.2749950778789541e-05 -0.00036073452189392579 6.6131497090567243e-05 0.0029043376785756856 -0.00012126509534791614 0.00038961645801167071 0.000780999166568826 -4.2167091749984798e-05 0.0004859579242523459 -0.00058306618129096578 0.00028230191323434816 0.0031482003493652579 -0.0016988072063289538 -0.00010175029214980693 0.00024529574164230456 0.0002152334174504275 0.0015689507445585016 -0.00017149101070560303 0.00047828565455212025 0.00054698787190588839 -0.00039307835378485872 0.00045052613304959286 -0.00049395585012666375 0.0003190382994987632 0.0011360224205326666 -0.0016442800460984138 -0.0004274736101719473 0.00014435929233400514 -9.2887679829047176e-05 0.0021987371191211913 0.00043711702517712834 0.0011671075813060442 -0.00030446966782009727 -0.00013596257669844166 -7.3844668901590577e-05 -0.00021657732310548822 1.4544636828967261e-05 0.00021688462609152303 -0.00099904010017148859 -4.480452261009757e-06 0.00039248943853084422 -0.00032055580518042807 -3.6989682326711687e-05 0.0009257371825377727 0.00044999979702147635 0.00057266603360717661 -0.0010491952972911871 0.00027679706386585549 -0.00036925678001838001 -0.0027448723521244865 0.00087647038174343554 -0.0016068317351006626 0.00017702645520902791 -0.00019112232787659017 4.9217207342363871e-07 0.00087430248422171229 -0.00073378652711880883 0.00029151432611729066 0.00073616222491240235
leaf_weight=27951 43214 7735 3007 5965 42990 1337 354 22357 5801 1869 356651 10771 4403 31787 406 611 29986 16740 19710 1740 54696 14205 8871 17578 14422 7954 2808 10858 304 1145 41041 12090 282 831 739 4090 6748 46646 5830 83854 70247 426 755 1773 6537 37035 1674 2043 1402 8520 1039 900 1155 362 909 13332 28127 266362 1335 3789 1734 8218
leaf_count=27951 43214 7735 3007 5965 42990 1337 354 22357 5801 1869 356651 10771 4403 31787 406 611 29986 16740 19710 1740 54696 14205 8871 17578 14422 7954 2808 10858 304 1145 41041 12090 282 831 739 4090 6748 46646 5830 83854 70247 426 755 1773 6537 37035 1674 2043 1402 8520 1039 900 1155 362 909 13332 28127 266362 1335 3789 1734 8218
internal_value=7.23323e-07 -1.9537e-05 0.000356643 0.000584288 -0.000298487 0.000898404 0.00107192 -0.000249337 -3.15418e-06 -5.16567e-05 -4.14134e-05 -2.77736e-05 -3.86571e-05 2.69914e-05 0.000146402 0.000116831 0.000131766 2.2582e-05 0.000316913 0.000661734 -3.39012e-05 0.000324197 -1.71525e-05 7.91146e-05 2.95877e-05 0.000141775 -0.000281831 0.00119185 0.000186989 0.000373981 0.000223972 0.000147021 1.25799e-05 0.00126716 0.00186957 0.000159784 0.000209058 2.02178e-06 5.68694e-05 9.49939e-05 0.000183667 -2.72018e-05 -0.000126333 -0.000675348 -8.16106e-05 -0.000151846 -0.00035235 -0.000461839 -0.000568302 -0.000667683 -0.000905069 -0.00113927 -0.00139687 -0.00177809 -0.00089955 0.000218904 -2.34861e-06 1.6489e-05 0.000291353 -0.00016151 -0.000411883 0.000650647
internal_weight=1.42805e+06 1.35114e+06 76912 36871 74951 16701 12549 67216 1.27619e+06 24226 562409 519195 508424 713779 76868 74892 74281 46726 27555 7541 504021 20170 449325 92674 83803 66225 10762 11212 20014 4152 55463 40041 636911 1976 1145 42625 38535 594286 206577 159931 76077 387709 77718 5854 71864 58250 21215 19541 17498 16096 9559 4081 3326 2426 1271 13614 309991 281864 15502 6858 5523 8644
internal_count=1428051 1351139 76912 36871 74951 16701 12549 67216 1276188 24226 562409 519195 508424 713779 76868 74892 74281 46726 27555 7541 504021 20170 449325 92674 83803 66225 10762 11212 20014 4152 55463 40041 636911 1976 1145 42625 38535 594286 206577 159931 76077 387709 77718 5854 71864 58250 21215 19541 17498 16096 9559 4081 3326 2426 1271 13614 309991 281864 15502 6858 5523 8644
is_linear=0
shrinkage=0.05


Tree=27
num_leaves=63
num_cat=0
split_feature=18 19 18 41 0 35 31 39 0 42 0 42 41 32 37 33 33 31 35 42 32 32 31 0 35 35 31 42 34 40 42 0 41 31 43 39 31 28 42 35 39 31 33 43 41 37 0 37 32 39 40 41 31 35 0 28 42 31 31 0 39 0
split_gain=3.7584 2.38316 0.845418 0.771977 0.770743 0.681911 0.567146 0.541947 0.760471 1.48038 1.46428 1.28328 1.17647 0.969612 0.805666 0.790257 0.904333 0.918789 1.03928 0.962845 0.895677 0.798002 0.720031 0.654598 0.651525 0.641562 0.573065 0.551964 0.521668 0.541214 0.521387 0.52003 0.476011 0.469973 0.69591 0.465842 0.450638 0.441926 0.466366 0.650717 0.444919 0.43263 0.427382 0.412382 0.410666 0.403893 0.397332 0.507024 0.421894 0.395213 0.391348 0.388245 0.38472 0.384496 0.464987 0.373175 0.356027 0.354216 0.366309 0.351691 0.350971 0.854398
threshold=-26077.022553933319 49223.035322509873 -9080.7725409836039 0.0027236686236808646 -45685.290617338447 0.24073863636363649 3.0901449275362327 -22.671409965666054 -19262.455909798791 0.0075019170983038437 -109627.67462876263 -1.0000000180025095e-35 0.0012993761127279707 -0.033095392602206349 0.63085255066387147 -0.046510371650821079 0.031169041450777205 0.18571428571428564 -1.0000000180025095e-35 -0.081507459602676066 0.081939799331103694 -0.030797101449275423 2.6240192684896742 -101974.91090183573 -0.43851521390986042 0.23076923076923081 0.050635832222336592 0.00042714565810146983 -0.15122927387078319 -21.090005213219381 0.0066634156524789214 -190649.66014407724 0.0070206220873379431 -0.77303030303030296 3.2076709062003181 -5.7805582630701577 0.2763575738329625 -0.11255793263262424 0.088100105639106294 0.24320507572656572 38.129314642679354 -0.66224315822474933 0.11876551568494699 -1.9218559218559215 0.011589410227607292 0.43254586362063008 5576.493854714282 0.2989988448209473 -0.40901098901098892 38.129314642679354 -1.8081802442130923 0.0055256183358103504 -2.5922945261841277 0.27641208216778296 -154087.2137401246 6.6614298642533916 0.0035597884488989006 0.13759296822177117 1.0000000180025095e-35 -258083.29198106716 -2.5011369670926089 -21375.464243254519
decision_type=2 2 2 2 2 2 2 2 2 2 2 2 2 2 2 2 2 2 2 2 2 2 2 2 2 2 2 2 2 2 2 2 2 2 2 2 2 2 2 2 2 2 2 2 2 2 2 2 2 2 2 2 2 2 2 2 2 2 2 2 2 2
left_child=3 2 4 -1 5 35 30 8 9 11 13 15 27 31 25 21 17 18 -17 20 26 -4 -18 51 -15 44 50 -13 -5 -30 43 -11 -8 34 -27 52 -19 38 60 40 46 -21 -26 -3 45 -10 48 57 -40 -41 59 -14 -2 -29 -55 -31 -47 58 -48 -20 61 -9
right_child=1 6 7 28 -6 -7 32 37 14 10 -12 12 23 24 -16 16 22 36 19 41 -22 -23 -24 -25 42 33 -28 53 29 55 -32 -33 -34 -35 -36 -37 -38 -39 39 49 -42 -43 -44 -45 -46 56 47 -49 -50 -51 -52 -53 -54 54 -56 -57 -58 -59 -60 -61 -62 -63
leaf_value=0.00032823419893859309 -0.00057473785880718614 -0.00031331438224318261 -0.0017081851759523188 -0.00030630820904480624 -8.6317255108704595e-05 -0.0001638338272905828 0.00010530022516707021 -0.00013142517321071515 0.00011875458105423405 -0.0016375251042822368 -0.00011722779334332179 0.00039274665153016106 0.00092473149209458701 -0.0041046561480416405 0.0011350976230331915 -0.00053606299238094675 0.00069028298111798369 -0.0013512655702479295 -0.00031931909770453666 -0.00085246245937596805 0.0037363829626903358 0.0008544014226571253 -0.0016728240436974116 0.00034988016259348306 -0.0017271913914147442 -8.9125999535007657e-05 -0.0010961770209596809 -8.7159634373283677e-05 0.0017002620011996297 0.00080785568016906485 -0.00015420906042196158 -9.6037552544132941e-05 0.0023600713025950792 0.00041112672414954214 0.0032312189546503025 0.00017345862720559023 -0.00046789076195070077 -0.00015386695745232536 -0.0014500668291641163 0.00017942013452040351 -0.00093244969636858933 2.3193466243970162e-05 0.00047754244127436776 -0.00063715763440461409 -0.001626605341456446 -0.0023444235741333125 -0.00045853913293798657 0.00095772103738592197 8.044165028315691e-05 0.0018046170791439957 2.859259032764938e-05 0.0019821965011016132 0.00050924146115737066 0.0017015750475586643 0.00015395301141097023 -0.0010753635973540239 9.9082500396161462e-05 -0.00010177183871525698 -0.0011826032557572426 0.0011824053209406251 1.2650479346549391e-05 4.2010417655130945e-05
leaf_weight=22756 847 24339 336 973 23587 8528 4828 157674 52541 718 12578 13115 3330 268 2240 7735 4080 1631 445 1693 231 3170 350 4546 2217 278 478 20106 1789 10231 25009 2299 246 13098 365 26817 12572 59273 472 5212 2483 8455 244 16491 345 315 7762 667 9780 403 1473 1174 24365 668 1775 270 283 4874 2254 3147 678626 129196
leaf_count=22756 847 24339 336 973 23587 8528 4828 157674 52541 718 12578 13115 3330 268 2240 7735 4080 1631 445 1693 231 3170 350 4546 2217 278 478 20106 1789 10231 25009 2299 246 13098 365 26817 12572 59273 472 5212 2483 8455 244 16491 345 315 7762 667 9780 403 1473 1174 24365 668 1775 270 283 4874 2254 3147 678626 129196
internal_value=6.87157e-07 -1.23607e-05 2.79628e-06 0.000504952 0.000156153 0.000250596 -0.000294738 -7.63568e-06 7.30089e-05 -9.48802e-06 -0.000419326 7.34849e-05 0.00026402 -0.00108062 0.000202261 -0.000112548 -0.000172352 -0.000251443 -6.05903e-05 0.000170397 0.000685864 0.000608814 0.000503582 0.00077315 -0.00176354 0.000171178 0.000558737 0.000134824 0.000808155 0.000896387 -0.000333993 -0.000462888 0.000214617 0.000475916 0.00179567 0.000318524 -0.000569333 -2.12176e-05 -1.33504e-05 -0.000195611 -0.000293192 -0.000122893 -0.0015086 -0.000444113 9.28848e-05 0.000104048 -0.000231691 -0.00039095 9.97735e-06 0.000296064 0.000714916 0.00120037 0.000472825 -1.51897e-05 0.000577126 0.000759435 -0.00118805 -0.000451364 -0.000621482 0.000996362 -6.9496e-06 -5.3316e-05
internal_weight=1.42805e+06 1.39203e+06 1.32112e+06 36019 84144 60557 70913 1.23698e+06 178299 108834 18324 90510 44714 5746 69465 45796 42290 37860 23657 15922 5774 3506 4430 9050 2729 67225 5543 35664 13263 12290 65839 3017 5074 13741 643 52029 14203 1.05868e+06 999403 33907 28292 10148 2461 40830 53484 53139 25809 15557 10252 5615 5065 4504 25212 22549 2443 10501 598 14890 10016 3592 965496 286870
internal_count=1428051 1392032 1321119 36019 84144 60557 70913 1236975 178299 108834 18324 90510 44714 5746 69465 45796 42290 37860 23657 15922 5774 3506 4430 9050 2729 67225 5543 35664 13263 12290 65839 3017 5074 13741 643 52029 14203 1058676 999403 33907 28292 10148 2461 40830 53484 53139 25809 15557 10252 5615 5065 4504 25212 22549 2443 10501 598 14890 10016 3592 965496 286870
is_linear=0
shrinkage=0.05


Tree=28
num_leaves=63
num_cat=0
split_feature=18 18 41 18 39 41 30 31 35 34 42 42 31 39 42 35 45 39 32 35 34 37 35 35 45 35 42 37 37 30 20 31 32 42 31 31 31 35 35 35 35 31 42 31 42 34 42 39 37 41 41 34 35 38 31 45 34 42 34 42 31 41
split_gain=3.39195 2.17992 0.730732 0.904807 0.714744 0.709347 0.64186 0.570261 0.663474 0.564599 0.518842 0.456545 0.438458 0.389931 0.942973 0.57106 0.585385 0.431572 0.428601 0.404666 0.384176 0.375132 0.462863 0.443746 0.372245 0.371751 0.363647 0.41455 0.360967 0.363698 0.341818 0.338443 0.336858 0.390345 0.334784 0.460337 0.357049 0.442311 0.603431 0.33341 0.659658 1.24156 0.480847 0.479935 0.706533 0.472713 0.370925 0.434639 0.423642 0.608663 0.329097 0.32607 0.415331 0.322332 0.32097 0.368143 0.316648 0.579864 1.24835 0.63543 0.4162 0.365193
threshold=-26077.022553933319 18181.779948431464 -0.00060592858421064865 -7561.4633372245726 -2.0365229730627408 0.00094605968335707716 -0.00073480358524145178 3.0901449275362327 0.24320507572656572 0.26758192428550004 0.15266991129095328 -0.00038752068415148848 -2.974063240521327 -29.138793197319963 0.088100105639106294 0.27604524431011607 -4.3440476190476174 11.11527231854768 -0.24154273574113413 0.27826099406538801 -0.13186813186813204 -0.072491426042703824 -1.0000000180025095e-35 1.0000000180025095e-35 -1.350572519083969 0.17922473867595826 -0.23620165536115123 0.2989988448209473 0.86687479686992186 0.0018543735511101526 113.60731538992412 -0.042781972088766988 3.1782407407407418 -0.075954407289530665 0.050635832222336592 0.048199767711962778 -0.62555637982195822 -0.71576037604828791 -0.70541140719962592 -1.0000000180025095e-35 -0.033771225817352361 -1.0000000180025095e-35 -0.039246127016200123 -1.5800874026220784 0.00020966610439111425 0.29097501310501489 0.035994788597080309 -25.354448301635461 -0.071970729607575848 0.0045120183072943363 0.0010236655772477322 -0.13307291666666662 0.73363914373088701 4.0626582516399887 1.3482930571538165 -8.2262365591397835 0.40056497175141248 0.0014895310523930529 0.38762626262626271 -0.013566151081864548 1.078486730660644 0.0023493879712850178
decision_type=2 2 2 2 2 2 2 2 2 2 2 2 2 2 2 2 2 2 2 2 2 2 2 2 2 2 2 2 2 2 2 2 2 2 2 2 2 2 2 2 2 2 2 2 2 2 2 2 2 2 2 2 2 2 2 2 2 2 2 2 2 2
left_child=5 2 6 4 12 -1 7 10 32 -10 -2 20 -4 14 15 16 -5 26 -18 -17 -7 31 -23 30 34 -6 27 -15 29 54 -24 -3 -9 -34 35 36 -20 -38 -39 40 46 42 -42 -44 -45 -41 47 48 -28 -50 -14 -52 -53 -22 55 -13 57 58 60 -60 -47 -62
right_child=1 21 3 13 25 11 -8 8 9 -11 -12 28 50 17 -16 19 18 -19 24 -21 53 22 23 -25 -26 -27 39 -29 -30 -31 -32 -33 33 -35 -36 -37 37 38 -40 45 41 -43 43 44 -46 56 -48 -49 49 -51 51 52 -54 -55 -56 -57 -58 -59 59 -61 61 -63
leaf_value=0.00021901455715010989 -2.7751639705671477e-05 -0.00025450707638792393 -0.00074827059371319275 0.00023505368901399626 0.00011538604023107969 -0.00064565496495693235 -0.00021956355590339343 0.00035238775668028398 0.00098333923945492785 -0.00012071630770293549 -0.00051974339342071433 0.0031636044980125687 0.00025505607586597673 0.00048425490915458141 0.0011095640547522194 0.00089851580910073011 0.00034365950284319662 6.2847442481043549e-05 -0.00069751903748905956 0.00021185101869176243 0.00072949058216466658 6.1539763838971425e-05 -0.00012314353255222821 -6.7885715469710351e-05 7.6800232574586133e-05 -0.00034321955005209238 0.00045442751289786115 -0.0018272631132961103 -0.0008639488130535981 1.8861836708425724e-05 -0.00053025121185812038 -0.00081829109957028817 0.00078931005313028998 -0.00041347871097466581 -0.00048107871931489895 0.0021226427680540324 -0.0017831192970749231 0.0018912723655359121 -2.0417962616917002e-05 5.3098970467165918e-06 -7.3191832875299609e-05 0.00047333246683010661 -0.00054490466218887245 -0.0012206548404064962 -0.0031869542621318012 6.3258320707217859e-05 0.00027918589314243907 -7.839680314916115e-05 -0.00050737341550436972 -0.0022321549184397675 -0.00012883671034385184 0.00068728973570693548 -0.0011354046178997735 2.9571553978012919e-05 0.00038217862004462849 0.0010514520447500759 -0.00012369068912776069 5.4768831757910825e-05 -0.0043094676710769492 -0.0014896321893821231 -0.00034435154982636289 -0.0025247823101622268
leaf_weight=15132 544111 4729 859 23629 29164 826 45379 4266 4358 1577 5412 211 18708 4876 2356 3344 5171 200444 2243 5987 4843 9769 6812 11997 12127 5208 942 202 298 1077 21210 6090 788 4685 10022 231 333 434 8448 280959 864 1750 1080 1450 667 1488 6340 55820 4632 575 1512 13408 320 2491 1873 9268 11616 2055 352 462 409 362
leaf_count=15132 544111 4729 859 23629 29164 826 45379 4266 4358 1577 5412 211 18708 4876 2356 3344 5171 200444 2243 5987 4843 9769 6812 11997 12127 5208 942 202 298 1077 21210 6090 788 4685 10022 231 333 434 8448 280959 864 1750 1080 1450 667 1488 6340 55820 4632 575 1512 13408 320 2491 1873 9268 11616 2055 352 462 409 362
internal_value=6.52799e-07 -1.17427e-05 1.60689e-06 3.56978e-05 0.000207628 0.000479704 -3.8641e-05 -2.41149e-05 0.000273264 0.000689979 -3.2597e-05 0.000668566 0.000367336 1.74463e-05 0.000125242 9.30186e-05 3.86582e-05 3.56912e-06 -8.03049e-05 0.000457935 0.000376627 -0.000305009 -0.000247022 -0.000322345 -0.000145094 4.58987e-05 -2.79564e-05 0.000392304 0.000855744 0.000896976 -0.000431285 -0.00057186 1.93156e-05 -0.000240302 -0.000269036 -8.72326e-05 -0.000131785 5.91889e-06 7.29927e-05 -3.36959e-05 -0.000128585 -0.000640002 -0.00111977 -0.00140261 -0.00184017 -1.00711e-05 -8.50787e-05 -0.000122346 -0.000521316 -0.000697838 0.000395565 0.000568048 0.000644803 0.000491762 0.000980285 0.00109847 -0.00026816 -0.000595413 -0.00103021 -0.00270902 -0.000425269 -0.00136811
internal_weight=1.42805e+06 1.39203e+06 1.33142e+06 720849 69179 36019 610576 565197 15674 5935 549523 20887 34807 651670 74325 71969 62638 577345 39009 9331 8160 60607 49788 40019 33838 34372 376901 5078 12727 12429 28022 10819 9739 5473 21711 11689 11458 9215 8882 371823 74120 5811 4061 3197 2117 297703 68309 61969 6149 5207 33948 15240 13728 7334 11352 9479 16744 5128 3073 814 2259 771
internal_count=1428051 1392032 1331425 720849 69179 36019 610576 565197 15674 5935 549523 20887 34807 651670 74325 71969 62638 577345 39009 9331 8160 60607 49788 40019 33838 34372 376901 5078 12727 12429 28022 10819 9739 5473 21711 11689 11458 9215 8882 371823 74120 5811 4061 3197 2117 297703 68309 61969 6149 5207 33948 15240 13728 7334 11352 9479 16744 5128 3073 814 2259 771
is_linear=0
shrinkage=0.05


Tree=29
num_leaves=63
num_cat=0
split_feature=18 19 18 0 41 35 32 0 42 40 42 37 36 36 31 35 41 0 36 36 35 31 41 31 41 36 36 41 42 39 42 33 33 33 36 31 38 0 31 0 35 35 36 33 42 29 42 39 36 0 41 35 35 35 37 35 0 32 32 35 37 31
split_gain=3.06124 2.00857 0.699764 0.681386 0.655526 0.61022 0.503712 0.473834 0.433123 0.42583 0.422259 1.044 0.859966 0.639206 0.514801 0.459951 0.448732 0.42572 0.561964 0.538381 0.439161 0.412187 0.43539 0.410464 0.404115 0.403414 0.479741 0.543152 0.402454 0.434485 0.391378 0.379683 0.367118 0.441113 0.500323 1.15222 0.483944 0.352344 0.349531 0.346898 0.343886 0.476731 0.877112 0.495061 0.444003 0.567775 0.42128 0.719502 0.759835 0.472639 0.408819 0.385834 0.352593 0.342006 0.409462 0.379524 0.346603 0.339466 0.337813 0.335113 1.27758 0.508051
threshold=-26077.022553933319 49223.035322509873 -9080.7725409836039 -49574.06137462287 0.0026197629940093209 0.24073863636363649 -0.10800691244239631 417990.237698037 -1.0000000180025095e-35 -21.090005213219381 -0.11629081076226738 -0.13636486313246829 0.34445680385613647 -1.0000000180025095e-35 -0.66224315822474933 -1.0000000180025095e-35 0.011589410227607292 -109627.67462876263 0.060535588442565187 0.049506163762468476 0.24320507572656572 3.0901449275362327 0.0031769738685974128 5.147916666666668 0.0047429700586738037 0.77003205128205143 -0.40855986119144005 0.0012515291451960097 -0.15268606200633866 -30.416201249308219 0.0042283487652025574 -1.0000000180025095e-35 -0.049332498957029618 0.12933456745231567 0.65985900891561278 1.0025380710659901 -3.5523581234480335 -67853.452435670115 -1.7910902503293811 -76187.072496143621 1.3898567323728577 0.5953742203742205 2.9600141185962086 -0.26229652055635994 0.00063297311063105347 3.4675728019307148 0.088100105639106294 -15.447452485604538 -0.50257731958762875 8901.7008951307453 0.0021703761197380423 0.5225607725607726 -1.0000000180025095e-35 -0.21178642274630813 -0.072491426042703824 0.059920634920634937 156569.84678214215 -0.40901098901098892 -0.18563740059442521 -0.71576037604828791 0.43254586362063008 -1.3473684210526313
decision_type=2 2 2 2 2 2 2 2 2 2 2 2 2 2 2 2 2 2 2 2 2 2 2 2 2 2 2 2 2 2 2 2 2 2 2 2 2 2 2 2 2 2 2 2 2 2 2 2 2 2 2 2 2 2 2 2 2 2 2 2 2 2
left_child=4 2 3 5 -1 25 -3 10 37 -10 11 13 14 -4 24 16 -14 20 19 -19 28 53 -23 40 -13 26 -2 -28 29 -16 38 -32 -17 34 35 36 -34 -6 -9 -37 41 46 43 -43 -45 -46 51 48 50 57 -48 59 -51 -8 -55 56 -56 -49 -26 60 -12 -61
right_child=1 6 7 -5 8 -7 21 30 9 -11 23 12 15 -15 17 32 -18 18 -20 -21 -22 22 -24 -25 58 -27 27 -29 -30 -31 31 -33 33 -35 -36 39 -38 -39 -40 -41 -42 42 -44 44 45 -47 47 49 -50 52 -52 -53 -54 54 55 -57 -58 -59 -60 61 -62 -63
leaf_value=0.0002885422213235614 7.6341300810591002e-05 -0.00067566415562255377 7.51471252984126e-05 -6.9949826973601703e-05 0.00054516537541372128 -0.00016000272323680727 -1.2635628345871386e-05 0.0015669422302474101 0.0019754233732770846 0.00084399942722977294 -0.00017739443284191196 0.0002897241385452845 -0.00042025324287267731 -0.0021188843523019386 0.0021230724173622885 0.0010577263494217035 -0.0020552077005566473 0.00033592660340606232 -0.00034183900516705562 0.0016399660217841974 -0.00028420755102796888 -2.3911374848745246e-05 0.0011395364986952418 0.00068755416078849834 0.00091578136934378359 -2.8506489774520363e-05 0.00030752080121218772 0.00074135412856210308 0.00039476988552685231 0.00091017693280060581 -0.00039939149012049055 0.0005918287664541614 -0.0015074472985606938 0.00077550468397374797 -0.00075939805249419161 0.0018451452898806246 0.00026970412915951496 -0.0007616675200535079 -4.3320724174754843e-05 7.7555217092702903e-05 -0.0003738191233469035 -0.00029530737633130029 0.0029413618964434351 -6.0798396459661937e-05 0.00036711118936003643 -0.00028187056530178367 0.00075653979735483112 -0.0013614119623899835 -2.7624910931559789e-05 9.5407241682395057e-06 0.0026273023422406384 -0.00029538290873284018 -0.00062181605862450182 -0.00067787758638050515 -0.00024336383766869506 -1.9847687741042062e-05 -0.00061619763506139504 -2.4998171569297801e-05 -0.00088400147878585442 0.00012124508469096265 0.0018110790383808924 -1.6725728919725442e-05
leaf_weight=22313 10739 6919 571 26092 5921 8272 11018 350 959 6261 46660 3017 2287 793 891 779 514 6844 2782 895 951 4072 1002 2071 306 7719 20053 11269 3053 4310 1096 8151 874 1214 2733 887 682 565 9074 404 6713 6276 277 13362 26605 3859 1240 496 5776 2710 382 12243 12019 6902 20393 11629 8978 11318 1762 71722 822 957204
leaf_count=22313 10739 6919 571 26092 5921 8272 11018 350 959 6261 46660 3017 2287 793 891 779 514 6844 2782 895 951 4072 1002 2071 306 7719 20053 11269 3053 4310 1096 8151 874 1214 2733 887 682 565 9074 404 6713 6276 277 13362 26605 3859 1240 496 5776 2710 382 12243 12019 6902 20393 11629 8978 11318 1762 71722 822 957204
internal_value=6.20159e-07 -1.11556e-05 2.75935e-06 0.000142282 0.000455719 0.000237671 -0.000270393 -6.73151e-06 0.000727878 0.000994281 -1.05625e-05 0.000156819 0.000209434 -0.00120042 0.000369273 -0.000172845 -0.000720277 0.00048491 0.000267641 0.000486736 0.00073324 -0.000226575 0.000205843 -1.57392e-05 -7.93085e-05 0.000303753 0.000364729 0.000463605 0.000850467 0.00111796 0.000243244 0.000474344 2.96319e-05 -8.82494e-05 -0.00027617 0.000187708 -0.000728516 0.000431326 1.64832e-05 0.001292 -1.69739e-05 -1.49316e-05 0.000135538 0.000120025 0.000179502 0.000284902 -2.16843e-05 -0.000195155 0.0002409 -0.000316691 0.00119713 -1.6276e-05 -0.000505652 -0.000263813 -0.000321587 -0.000261609 -0.00035733 -8.11063e-05 -0.000617689 -1.31015e-05 -0.00014297 -7.10838e-06
internal_weight=1.42805e+06 1.39203e+06 1.32112e+06 84144 36019 58052 70913 1.23698e+06 13706 7220 1.2183e+06 36549 35185 1364 24811 10374 2801 19726 10521 7739 9205 63994 5074 1.18176e+06 5085 49780 42061 31322 8254 5201 18671 9247 7573 6794 5580 2847 1556 6486 9424 1291 1.17968e+06 1.17297e+06 50379 50102 43826 30464 1.12259e+06 33941 7398 26543 1622 1.08865e+06 14729 58920 47902 41000 29371 11814 2068 1.07641e+06 47482 1.02893e+06
internal_count=1428051 1392032 1321119 84144 36019 58052 70913 1236975 13706 7220 1218304 36549 35185 1364 24811 10374 2801 19726 10521 7739 9205 63994 5074 1181755 5085 49780 42061 31322 8254 5201 18671 9247 7573 6794 5580 2847 1556 6486 9424 1291 1179684 1172971 50379 50102 43826 30464 1122592 33941 7398 26543 1622 1088651 14729 58920 47902 41000 29371 11814 2068 1076408 47482 1028926
is_linear=0
shrinkage=0.05


Tree=30
num_leaves=63
num_cat=0
split_feature=18 18 0 42 27 0 39 28 35 31 35 31 39 30 0 36 39 33 42 42 39 36 35 35 32 33 31 42 36 33 35 35 39 36 33 36 0 35 35 36 34 31 34 39 45 42 34 34 39 35 0 39 31 31 31 45 26 23 39 42 0 42
split_gain=2.82982 1.77037 0.637051 0.726246 0.635841 0.791192 0.584295 0.461815 0.448923 0.434961 0.411364 0.756634 0.614085 0.488369 0.433232 0.426217 0.409278 0.469066 0.396917 0.396744 0.621281 0.591422 0.372728 0.530149 0.539972 0.426911 0.417228 0.479456 1.30871 0.891624 0.870933 0.66132 0.745855 0.628216 1.05655 0.537826 0.432914 0.411899 0.495025 0.400049 0.394162 0.695613 0.592768 0.545407 0.463373 0.392932 0.389094 0.388377 0.385226 0.606298 0.389519 0.370886 0.365319 0.362836 0.359514 0.570034 0.77187 0.41761 0.358051 0.349847 0.34793 0.33519
threshold=-26077.022553933319 19842.965651462688 -84297.205886194191 0.031744930547161834 -3.5717521367521345 -38143.793838756683 -1.4601909806557172 -2.2299888283759244 1.3898567323728577 -1.4691928137651822 0.61544151641239031 2.3303027843169093 34.671376689057759 -0.00090720623204425287 417990.237698037 1.0548162774725276 -34.040394006054591 0.30234375000000008 0.0042283487652025574 0.11284898883678275 -26.565912358361274 -0.83333333333333315 -0.71576037604828791 -0.7425732480080306 -0.076567690125233998 -0.22567873303167418 -1.2734604105571845 -0.10025508636635995 0.060535588442565187 -0.048781648581762795 0.059920634920634937 -0.05310150375939849 27.264616290988293 2.7187136393018752 0.11876551568494699 3.6048358719147444 -12680.664203235019 0.5953742203742205 0.56619078520441291 -0.76628216022708762 1.0000000180025095e-35 1.078486730660644 0.69838381851560472 -42.99293386767733 -8.077871570696411 -0.23620165536115123 0.8187584005376346 -1.3983763345195728 -4.9280545813750942 -0.56125541125541101 -68798.650304350231 35.37968479611186 -1.7910902503293811 -0.94474969474969483 1.3482930571538165 -7.1980392156862729 0.2255188206669532 -1.7849509328157012 -18.318983027039778 0.00060659842569990986 -55381.912150474964 0.098832262735665491
decision_type=2 2 2 2 2 2 2 2 2 2 2 2 2 2 2 2 2 2 2 2 2 2 2 2 2 2 2 2 2 2 2 2 2 2 2 2 2 2 2 2 2 2 2 2 2 2 2 2 2 2 2 2 2 2 2 2 2 2 2 2 2 2
left_child=2 4 6 -4 5 -2 9 8 10 -1 14 13 15 -12 19 61 17 -15 52 22 21 -21 23 25 -25 -6 47 28 30 -30 31 -28 39 34 37 -35 -32 38 40 53 43 -42 -43 -31 -45 -27 -44 -24 49 58 -50 -22 -16 -33 55 56 -11 -57 -49 -18 -41 -13
right_child=1 -3 3 -5 7 -7 -8 -9 -10 54 11 12 -14 16 18 -17 59 -19 -20 20 51 -23 26 24 -26 45 27 -29 29 33 36 32 -34 35 -36 -37 -38 -39 -40 60 41 42 46 44 -46 -47 -48 48 50 -51 -52 -53 -54 -55 -56 57 -58 -59 -60 -61 -62 -63
leaf_value=-0.0001046522425416338 0.00034261521585275765 -0.00028897827305959816 -8.9023994250069405e-05 0.0012891786120319086 -0.00051276708374660526 -3.1257765265164737e-05 7.0611754421772725e-05 -0.00012233316286780802 -0.00039073719980146156 0.003645449728224118 -0.000507846407660828 0.0024678170161836154 0.0025144621016032886 0.00014923505758403374 0.001622917528717046 0.00032754134656364262 -0.00012365828375834469 0.0016165152579314486 0.00048788638156092981 0.0030951573645312041 -0.00025060935790123117 0.00029869250882285899 -0.00031897526440011491 0.00016651001257498248 -0.00049899356232937359 0.0018067245052467722 1.4691817580815642e-05 -1.221447701652133e-05 0.0007987448805775139 -0.0022678896301150382 -0.00034463100728257426 0.001176971017098195 -0.0004637064157642353 -0.0030696971680310098 0.00085275994698734881 -0.00055227733119095942 0.0017443403878714071 -0.0023603690204164777 0.0017670391586435575 0.0011713566213707347 0.00074379843517844964 -0.0015467213509626565 0.001072645397563574 0.0010455744037487474 -0.00049794338423222821 3.1061614301935139e-05 -0.00099612433703926708 0.0019851467001409709 0.00048126729000144827 -0.00014509590398576833 0.00014438181023543426 -0.00098401937956928468 -4.7214793778741785e-05 -0.00090479778725338243 0.00030610128806331515 0.0030219987624540653 -1.8531133746566613e-05 0.00075040180440887755 0.00031608823494639536 0.00019060756331428712 0.00044944065404988468 0.00060515509919638506
leaf_weight=1667 29711 54892 7977 1086 3809 27019 4957 80645 7259 398 3343 458 423 1266 340 4415 13465 956 8548 211 14521 1819 4820 3897 13990 315 3394 937997 2348 415 3668 343 1055 347 2197 546 266 244 287 7887 2009 872 577 513 9320 28498 375 520 10640 16151 44325 1956 8852 537 3928 205 225 15503 841 25870 2117 511
leaf_count=1667 29711 54892 7977 1086 3809 27019 4957 80645 7259 398 3343 458 423 1266 340 4415 13465 956 8548 211 14521 1819 4820 3897 13990 315 3394 937997 2348 415 3668 343 1055 347 2197 546 266 244 287 7887 2009 872 577 513 9320 28498 375 520 10640 16151 44325 1956 8852 537 3928 205 225 15503 841 25870 2117 511
internal_value=6.32704e-07 -1.06815e-05 0.000438645 7.61231e-05 7.46808e-07 0.000164549 0.000560862 -6.5131e-06 1.27482e-06 0.000671697 3.66193e-06 0.000143013 0.000680077 7.35534e-05 -2.52895e-06 0.000535956 0.000120323 0.000780522 0.000242632 -6.3996e-06 -0.000235989 0.00058936 -2.55476e-06 -0.00013524 -0.000354002 -1.52908e-05 3.80001e-06 -5.04452e-06 0.000166011 -0.000116771 0.000460286 0.000630564 0.000805643 -0.000238205 -0.000169551 -0.00153049 -0.000203384 -0.000323261 -0.000288667 0.000928682 -0.000330567 0.000101988 -0.000604918 -0.000492352 -0.000417416 5.04742e-05 0.000257741 0.000115627 0.00014453 -5.96926e-05 0.000209595 -0.000337673 1.45612e-05 -9.33811e-05 0.000735578 0.000838877 0.00232218 0.000780048 0.000953789 8.30293e-05 0.00101859 0.00148555
internal_weight=1.42755e+06 1.3916e+06 35946 9063 1.33671e+06 56730 26883 1.27998e+06 1.19933e+06 21926 1.19207e+06 50707 5807 44900 1.14137e+06 5384 41557 2222 17740 1.12363e+06 18507 2030 1.10512e+06 50509 17887 32622 1.05461e+06 977314 39317 20050 19267 15333 11939 17702 16809 893 3934 14612 14368 10884 14081 3833 1824 10248 9833 28813 952 77297 72477 17512 54965 16477 9192 880 20259 16331 623 15708 1361 39335 10004 969
internal_count=1427546 1391600 35946 9063 1336708 56730 26883 1279978 1199333 21926 1192074 50707 5807 44900 1141367 5384 41557 2222 17740 1123627 18507 2030 1105120 50509 17887 32622 1054611 977314 39317 20050 19267 15333 11939 17702 16809 893 3934 14612 14368 10884 14081 3833 1824 10248 9833 28813 952 77297 72477 17512 54965 16477 9192 880 20259 16331 623 15708 1361 39335 10004 969
is_linear=0
shrinkage=0.05


Tree=31
num_leaves=63
num_cat=0
split_feature=18 18 27 41 0 0 41 39 36 37 32 41 35 33 36 35 35 35 31 39 30 36 39 33 41 45 33 35 35 0 41 35 32 41 35 35 35 31 39 41 26 35 37 31 31 36 41 31 35 0 0 0 39 31 37 36 33 31 31 41 32 0
split_gain=2.55392 1.61432 0.91227 0.585491 0.574938 0.536847 0.559714 0.527326 0.44645 0.427333 1.13266 0.415317 0.464489 0.4847 0.40321 0.390314 0.368526 0.443206 0.655697 0.620387 0.407701 0.388036 0.365212 0.42169 0.363634 0.551532 0.346857 0.345337 0.42051 1.07397 0.765804 0.761505 0.766805 0.699879 0.585549 0.463089 0.659821 0.344165 0.341238 0.336248 0.333571 0.317892 1.13266 0.512113 0.472718 0.467644 0.602745 0.600951 0.511097 0.450011 0.419248 0.373115 0.335961 0.331319 0.498305 0.391224 0.317247 0.312575 0.41133 0.305583 0.292828 0.287
threshold=-26077.022553933319 1631.653225806451 -2.6947979271210154 0.00033671243795616647 -84297.205886194191 149974.93550569983 0.0070206220873379431 -1.4601909806557172 -2.6096096096096089 0.85942249240121593 -0.033644977360389058 -0.00011502587066046335 -0.26636085626911304 -0.2418212574462574 1.174167327517843 -1.0000000180025095e-35 1.3898567323728577 0.61544151641239031 2.3303027843169093 34.671376689057759 -0.00091848926345473143 1.0548162774725276 -34.040394006054591 0.30234375000000008 0.0047429700586738037 -5.0535509736540654 -0.085367264314632721 0.33152173913043476 0.2551251646903821 -23611.590024554691 -0.0036372801193235373 0.27641208216778296 -0.033095392602206349 0.0034451994157618971 0.27604524431011607 0.28423962395171204 0.29458859280037403 0.92584288052373209 -23.534911848239187 0.0011560221078958804 -1.6816285912080307 -0.71576037604828791 0.2989988448209473 -1.3473684210526313 0.063164893617021725 0.19559951150173185 0.001401681680170965 -0.60993757259001125 -0.72173900593461193 -243980.26791450501 262433.1253712044 -105769.34324606278 -6.4857408722860503 -4.6981800380118637 1.0000000180025095e-35 -2.3331043956043951 0.25166666666666671 -1.0752358490566041 -0.82540406207537742 -0.0047992966222500334 -0.038124232629231473 18790.105240025605
decision_type=2 2 2 2 2 2 2 2 2 2 2 2 2 2 2 2 2 2 2 2 2 2 2 2 2 2 2 2 2 2 2 2 2 2 2 2 2 2 2 2 2 2 2 2 2 2 2 2 2 2 2 2 2 2 2 2 2 2 2 2 2 2
left_child=4 2 3 -2 7 15 26 11 -6 16 37 -1 -13 -14 24 -3 17 27 20 21 -19 -20 23 -22 -15 40 -7 28 41 33 -31 -32 39 -30 -35 -34 -37 -11 -36 -33 -26 42 45 49 -44 47 -47 -4 -48 -43 53 52 -49 54 -51 -55 -28 -10 -59 -45 -52 -17
right_child=1 5 9 -5 8 6 -8 -9 57 10 -12 12 13 14 -16 61 -18 18 19 -21 22 -23 -24 -25 25 -27 56 -29 29 30 31 32 35 34 38 36 -38 -39 -40 -41 -42 43 44 59 -46 46 48 51 -50 50 60 -53 -54 55 -56 -57 -58 58 -60 -61 -62 -63
leaf_value=0.00021220726545862075 7.4772401422910044e-05 2.6305972961889373e-05 -0.00014344702512400129 0.00041266007451122458 0.0021645298272145032 -2.6801921899711264e-05 0.001072105088314296 6.7081165649640235e-05 -0.00074650525249697521 0.00080135883577104781 -0.00058189462222928753 0.00010613891622776031 0.00010126052480937992 0.00084280133275629247 -0.00017125702089212103 -8.0824367465955651e-05 -0.00035980014811130037 -0.00046539149482959251 0.0013837526442686708 0.0025299030831230983 0.000150615396190988 0.00030199783107228442 8.4029972334349529e-05 0.0015349193648209391 0.0044208619965938854 0.0011493165739082771 -0.00058961326379678466 -0.0001406122169423147 -0.00015943991231413493 0.0015265113907921382 0.00052262721343806281 -0.00071279433043362588 0.0010999624172094373 -0.0005515309026082935 0.0019196435103946603 -0.00031349598710979495 0.00064095087372046647 -0.00051966744162416868 0.00050516106109449834 0.00016512108886595524 0.0020075141777866406 0.001535361825647308 0.00061341031438237375 -0.00037614292519847902 0.002710188296525994 -0.00023409891687033114 -0.00074316448159069239 0.0017571873575289929 -0.0025848078091563736 -0.00043683066370657275 0.0018091989488523822 2.9706553117539583e-05 0.00048490265978375844 0.00043483885547175436 0.0010380616902370061 7.9030632472296453e-05 -4.0499703500038998e-05 0.0013413804830520702 1.9012771717103354e-05 -1.1256278234830002e-05 0.00036898608276688039 -0.00026460524037343741
leaf_weight=4539 31967 31452 27654 21406 248 4667 649 4957 1173 5900 2399 2417 1875 8403 742 39482 7216 3207 1013 403 1294 4564 38747 957 200 3246 17085 46946 27400 1287 15481 3780 1505 638 867 3842 3425 538 839 1533 504 561 686 5775 442 14021 2855 793 434 5046 592 2365 1501 8973 646 55574 3109 642 7000 893224 874 45986
leaf_count=4539 31967 31452 27654 21406 248 4667 649 4957 1173 5900 2399 2417 1875 8403 742 39482 7216 3207 1013 403 1294 4564 38747 957 200 3246 17085 46946 27400 1287 15481 3780 1505 638 867 3842 3425 538 839 1533 504 561 686 5775 442 14021 2855 793 434 5046 592 2365 1501 8973 646 55574 3109 642 7000 893224 874 45986
internal_value=6.01069e-07 -1.01474e-05 8.03694e-06 0.000210287 0.000416713 -0.000169631 -0.00037745 0.000532818 7.23169e-05 -9.90262e-07 0.000345419 0.000638112 0.000749297 0.000853139 0.000960796 -0.000124289 -3.56931e-06 -1.39039e-06 0.000144004 0.000635386 7.753e-05 0.000498487 0.000119999 0.000739144 0.00102879 0.00142447 -0.000415291 -7.85008e-06 -2.09304e-06 0.000125882 0.000332559 0.000280586 1.45557e-05 -8.85008e-05 0.000740736 0.00030167 0.000136343 0.000690966 0.00122401 -0.000459483 0.00269312 -9.68087e-06 -0.000131672 -3.30654e-06 0.00143502 -0.000167285 -0.000376998 -5.4942e-05 -0.000986179 0.000124749 0.000113712 0.000470389 0.000924712 9.62456e-05 -0.000269441 0.000128493 -0.000505074 1.34549e-05 0.000130104 -1.36002e-05 0.000950573 -0.000179708
internal_weight=1.42755e+06 1.3916e+06 1.24917e+06 53373 35946 142430 25510 26883 9063 1.1958e+06 8837 21926 17387 14970 13095 116920 1.18696e+06 1.17974e+06 50185 5980 44205 5577 40998 2251 12353 3950 24861 1.12956e+06 1.08261e+06 60597 30853 29566 14085 29744 2344 8772 7267 6438 1706 5313 704 1.02202e+06 50751 971265 1128 49623 17310 32313 3289 72266 71705 4659 2294 70239 5692 64547 20194 8815 7642 898999 1466 85468
internal_count=1427546 1391600 1249170 53373 35946 142430 25510 26883 9063 1195797 8837 21926 17387 14970 13095 116920 1186960 1179744 50185 5980 44205 5577 40998 2251 12353 3950 24861 1129559 1082613 60597 30853 29566 14085 29744 2344 8772 7267 6438 1706 5313 704 1022016 50751 971265 1128 49623 17310 32313 3289 72266 71705 4659 2294 70239 5692 64547 20194 8815 7642 898999 1466 85468
is_linear=0
shrinkage=0.05


Tree=32
num_leaves=63
num_cat=0
split_feature=18 18 28 27 27 0 19 38 44 39 37 17 39 43 0 36 36 42 36 36 35 0 37 42 0 36 0 42 32 38 0 42 37 31 31 35 36 39 0 0 35 39 35 36 35 39 0 36 35 32 31 31 0 35 31 0 42 39 42 42 37 36
split_gain=2.30491 1.46438 0.571003 0.562908 0.538242 0.474488 0.444277 0.425725 0.383442 0.664226 0.536471 0.362955 0.383518 0.622257 0.5169 0.881281 0.734038 1.35814 1.00193 0.731041 1.54437 0.69736 0.59507 0.547749 1.70687 0.646645 0.631827 0.572307 0.541857 0.519563 0.501486 0.973012 1.13222 0.756382 0.732837 0.605119 0.589755 0.572251 0.647155 0.497845 0.620574 0.484679 0.469077 0.460387 0.550481 0.516511 0.452882 0.630249 0.978917 0.59702 0.589598 0.579205 0.47103 0.447576 0.828804 0.844024 0.503794 0.40117 0.377693 0.368577 0.428126 0.367333
threshold=-26077.022553933319 19842.965651462688 3.6318080517613223 -2.1223577127659605 -5.3310445722501827 -38143.793838756683 -17530.178138505315 -9.5344236527043993 1.1801948051948055 -18.662643384901312 0.86233986488380576 -936.40480466995984 5.4773637741146013 -3.6472075108329318 2251.2767904506768 0.060535588442565187 -0.14589800443458983 -0.081507459602676066 -0.1308581504702194 0.065918322365313711 -1.0000000180025095e-35 -157844.87596193075 1.0000000180025095e-35 0.0032989502289681202 -197971.6999184344 -0.12535714285714281 -109627.67462876263 -1.0000000180025095e-35 0.081939799331103694 -19.376288279383655 -142717.99934173565 0.015784624443272336 -0.13275454678396328 2.4971590909090913 0.18571428571428564 0.18253325621746677 0.18638232271325797 -16.680246465931013 -42653.032757301822 -39639.548976754086 -0.19317842571400132 -14.79067239056682 0.23568147146522425 2.5019379844961245 0.19543564870950983 34.086833257641572 -88221.515046587432 -0.47434210526315795 -1.0000000180025095e-35 -0.038847974561337366 0.63043478260869579 -0.70380715911442115 -214954.68072813531 -0.66847826086956519 -0.36745725317153871 -83061.181691341611 0.014969445806202882 -12.286700602802069 0.083483606854459574 0.0035597884488989006 0.63421270554832621 1.3269821202817413
decision_type=2 2 2 2 2 2 2 2 2 2 2 2 2 2 2 2 2 2 2 2 2 2 2 2 2 2 2 2 2 2 2 2 2 2 2 2 2 2 2 2 2 2 2 2 2 2 2 2 2 2 2 2 2 2 2 2 2 2 2 2 2 2
left_child=2 4 3 -1 5 -2 8 -5 11 10 -10 12 14 -14 15 16 46 18 28 20 21 -17 30 26 -25 29 27 -19 -18 -26 31 32 -21 53 -34 37 -36 38 -35 40 61 -16 -20 44 -42 -45 47 49 50 -6 51 -49 -51 54 -32 56 -56 -29 -41 60 -24 -15
right_child=1 -3 -4 7 6 -7 -8 -9 9 -11 -12 -13 13 39 41 19 17 23 42 22 -22 -23 59 24 25 -27 -28 57 -30 -31 33 -33 34 35 36 -37 -38 -39 -40 58 43 -43 -44 45 -46 -47 -48 48 -50 52 -52 -53 -54 -55 55 -57 -58 -59 -60 -61 -62 -63
leaf_value=0.00056277226752642453 0.00037659131045252129 -0.00026274680522427816 -0.00043709748461647104 0.00063793359929037235 -0.00051593325773297211 1.513739791289039e-06 -0.0001035647205791583 -0.00012975243716222568 0.00017191047424525239 1.7450024383631535e-06 0.0013340776974073451 0.00015522925535912705 -8.6416139003132579e-05 1.3345618828647632e-05 0.0001780591965079533 -0.0029276313090444619 0.0015617091602221731 -0.00021556006726304369 0.00068419047608551324 -0.00056576847808390712 -0.0040575710594437202 -8.2981148161354317e-05 -0.0013855788373022605 -0.0017999621011265316 -0.0027463240983868469 -1.5006592106057391e-05 9.8146571143638272e-06 0.00063529007010175681 0.0045035326885788339 -0.00056136210557777616 0.00025342860545665008 -0.0008691337014698179 0.0010975477687456994 -0.0025420343160665682 -0.0010535131955692432 -0.00022457607397404351 0.00034936865959675359 -0.00056203925006690356 -0.00020513011957097612 2.3768204220247643e-05 0.00024682398931502776 -1.9600369312092493e-05 -0.00068736139278111562 0.00055247378522013397 -4.9313023657849578e-05 0.002534184121478782 -5.1179483815483972e-05 -0.00039209367205977056 -5.6767968343707744e-05 0.00093478291325938445 0.0016127100144448115 -0.0014926243154097683 -2.3714394205476645e-05 -0.00012579786996122985 -0.0015605187034173141 -0.0003968614859914735 -0.0040000193327889687 0.0001328307561691479 -0.00027913200163907025 -0.00019108392329563666 -7.7802369481732155e-05 -0.00046128975290197642
leaf_weight=25309 17683 54892 1946 2560 6071 16117 103854 6131 71426 140839 1007 32565 103162 20835 41503 251 490 4027 5696 3491 365 1521 2284 1531 360 23214 74571 10627 230 1114 1804 2283 3258 1096 819 3154 8784 1653 406 196612 69305 122717 700 1869 20286 399 69763 1764 4568 1457 202 3710 10657 95928 1119 1898 261 6344 10860 2268 862 5068
leaf_count=25309 17683 54892 1946 2560 6071 16117 103854 6131 71426 140839 1007 32565 103162 20835 41503 251 490 4027 5696 3491 365 1521 2284 1531 360 23214 74571 10627 230 1114 1804 2283 3258 1096 819 3154 8784 1653 406 196612 69305 122717 700 1869 20286 399 69763 1764 4568 1457 202 3710 10657 95928 1119 1898 261 6344 10860 2268 862 5068
internal_value=5.71015e-07 -9.64003e-06 0.000395877 0.000443553 7.53821e-07 0.000197741 -4.35643e-06 9.63753e-05 4.23633e-06 6.50252e-05 0.000188068 -8.91523e-06 -1.45229e-05 2.05805e-05 -4.31768e-05 -7.66631e-05 -1.67313e-05 6.17253e-05 0.000733143 -0.000178609 -0.00109596 -0.00048592 -0.000163686 2.24948e-05 -0.000179951 -7.94879e-05 7.80351e-05 0.000320309 0.00250146 -0.001095 -0.000141623 9.78002e-05 0.0002328 -0.000183197 0.000449564 -0.000714331 0.000229723 -0.00120393 -0.00191035 5.45191e-05 0.000136629 3.03537e-05 0.000534083 0.00019758 0.00017977 0.000901108 -0.000119727 -0.000287939 -0.000601605 -0.000111244 -0.00104008 -0.00113798 9.1568e-05 -0.000150023 -0.000607297 -0.00108098 -0.0020219 0.000447464 7.91307e-06 -0.000676968 -0.00102725 -7.95182e-05
internal_weight=1.42755e+06 1.3916e+06 35946 34000 1.33671e+06 33800 1.30291e+06 8691 1.19905e+06 213272 72433 985782 953217 428396 524821 360601 227096 128904 7116 133505 2137 1772 131368 121788 26219 24688 95569 20998 720 1474 125954 18635 16352 107319 12861 6309 9603 3155 1502 325234 117762 164220 6396 91859 89591 2268 98192 28429 10244 18185 5676 5474 12114 101010 5082 3278 1380 16971 207472 5414 3146 25903
internal_count=1427546 1391600 35946 34000 1336708 33800 1302908 8691 1199054 213272 72433 985782 953217 428396 524821 360601 227096 128904 7116 133505 2137 1772 131368 121788 26219 24688 95569 20998 720 1474 125954 18635 16352 107319 12861 6309 9603 3155 1502 325234 117762 164220 6396 91859 89591 2268 98192 28429 10244 18185 5676 5474 12114 101010 5082 3278 1380 16971 207472 5414 3146 25903
is_linear=0
shrinkage=0.05


Tree=33
num_leaves=63
num_cat=0
split_feature=18 18 27 41 28 27 41 0 41 37 37 32 35 35 35 35 31 35 36 30 41 43 26 44 35 35 0 41 35 32 41 35 35 35 41 34 0 37 40 40 18 27 35 37 31 31 0 36 31 41 35 0 35 35 35 32 35 36 41 0 36 41
split_gain=2.08018 1.3312 0.768485 0.530024 0.51533 0.515008 0.484412 0.468939 0.514093 0.387774 0.369445 1.00277 0.362077 0.344487 0.329082 0.404844 0.584537 0.382474 0.461705 0.367462 0.35037 0.309405 0.306755 0.321482 0.301248 0.379837 0.954664 0.69393 0.682043 0.697652 0.630754 0.51692 0.419256 0.594276 0.3059 0.285896 0.284379 0.279407 0.276346 0.276294 0.394684 0.374823 0.273861 1.02318 0.457498 0.425403 0.402371 0.40163 0.532439 0.528446 0.433577 0.37604 0.345646 0.308416 0.465753 0.284291 0.363295 0.578883 0.480192 0.40498 0.398962 0.302999
threshold=-26077.022553933319 1631.653225806451 -2.6947979271210154 0.00098553375971848129 3.6318080517613223 -0.025265957446805484 0.00065658807672072325 156569.84678214215 0.0075835994025818974 0.86687479686992186 0.85942249240121593 -0.033644977360389058 -1.0000000180025095e-35 0.059920634920634937 1.3898567323728577 0.61544151641239031 2.3303027843169093 0.83424908424908439 1.1300955785220301 -0.00091848926345473143 -0.0010229455660330236 0.23797818611648361 -1.8267125064867666 -3.2768543956043943 0.33152173913043476 0.2551251646903821 -23611.590024554691 -0.0036372801193235373 0.27641208216778296 -0.033095392602206349 0.0034451994157618971 0.27604524431011607 0.28423962395171204 0.29458859280037403 2.2149007748651504e-05 -0.80856746074137364 228198.94028549353 -1.0000000180025095e-35 -6.7344999337530345 -11.379715903256445 -33650.589692567453 -7.3097682871422078 -0.71576037604828791 0.2989988448209473 -1.3473684210526313 0.063164893617021725 -243980.26791450501 0.19559951150173185 -0.60993757259001125 0.001401681680170965 -0.72173900593461193 262433.1253712044 -0.85610766045548636 -0.23627187386073642 -0.021527777777777774 0.58571708463949856 0.19433516915814322 0.19483178397521031 0.0039163123040740636 -223513.27028844343 0.1597813193047605 -0.0047992966222500334
decision_type=2 2 2 2 2 2 2 2 2 2 2 2 2 2 2 2 2 2 2 2 2 2 2 2 2 2 2 2 2 2 2 2 2 2 2 2 2 2 2 2 2 2 2 2 2 2 2 2 2 2 2 2 2 2 2 2 2 2 2 2 2 2
left_child=4 2 3 -2 5 6 -1 12 13 22 14 21 -3 -9 15 24 19 20 36 -17 -18 -12 39 -24 25 42 30 -28 -29 34 -27 -32 -31 -34 -30 -16 -19 -15 -23 40 -8 -42 43 47 46 -45 -44 48 -4 -49 -51 53 -50 -48 -55 56 61 59 -59 60 -58 -46
right_child=1 7 10 -5 -6 -7 9 8 -10 -11 11 -13 -14 37 35 16 17 18 -20 -21 -22 38 23 -25 -26 26 27 28 29 32 31 -33 33 -35 -36 -37 -38 -39 -40 -41 41 -43 44 45 55 -47 51 49 52 50 -52 -53 -54 54 -56 -57 57 58 -60 -61 -62 -63
leaf_value=0.00023147939683737921 9.2848188883608898e-05 3.1139359887525123e-05 -0.00013554912141095795 0.00044091227837830783 -0.00041524260765906322 -2.3919315221051599e-05 0.0010157959363157692 -0.00051920263583561394 0.0011940935408569454 -0.00099724684346492835 0.00050882398213295964 -0.00055136421914357464 -0.00016609304199706782 -0.00074351595822701318 -0.001479982272512234 -0.00044050666626597144 0.0022281013173525753 0.0020386058916315596 9.7273593635265092e-05 0.00011524577509956431 0.00066588321106301161 0.0020838439026449169 0.00075145044613979641 0.00024325648811873623 -0.00013144125951964044 -0.00014990688386900113 0.0014509652108349652 0.00049401288271149325 -0.00075360917305868828 0.0010466148208219952 -0.0005095182576076348 0.0011587304207005709 -0.00029717801383419604 0.00060862281967722894 1.8508622221456863e-05 -0.00025307243652157769 0.00034663600649639543 3.9149432505197686e-05 0.00011925513009550941 0.00077180810174268732 0.0044057886279006203 0.0014316868295408589 0.0014515305785588325 0.00058714505227279695 -0.00038748219082116814 0.0025762211143515595 0.00029068791286545172 -0.00021690009625411567 -0.00072767197136072888 -0.0006972749633597262 -0.0023935146392436409 0.0008998018017748957 0.00060077346807890927 -0.00029647649838575947 9.9388209193568343e-05 8.7762413849276955e-05 -2.9042998495854467e-05 -0.00036622647462947341 -0.0020987908054380965 0.00017777510738684507 -0.002921896572736153 -1.2863002016933311e-05
leaf_weight=10262 38018 31836 27654 15355 1946 5452 612 16137 524 346 5563 2399 86475 1405 511 3207 601 577 3475 40998 891 624 11037 4334 46946 27400 1287 15481 3148 1505 638 1706 3842 3425 2165 6705 436 6053 251 1532 224 201 561 686 5434 442 15126 14021 556 2855 434 1466 4103 8852 46261 64836 269 13643 412 8467 214 805724
leaf_count=10262 38018 31836 27654 15355 1946 5452 612 16137 524 346 5563 2399 86475 1405 511 3207 601 577 3475 40998 891 624 11037 4334 46946 27400 1287 15481 3148 1505 638 1706 3842 3425 2165 6705 436 6053 251 1532 224 201 561 686 5434 442 15126 14021 556 2855 434 1466 4103 8852 46261 64836 269 13643 412 8467 214 805724
internal_value=5.42464e-07 -9.15802e-06 7.35494e-06 0.000192984 0.000376084 0.000421375 0.000506416 -0.000153984 -0.000354921 0.000660709 -9.30373e-07 0.000321163 -0.00011302 -0.000389322 -3.32838e-06 -1.26937e-06 0.00013769 0.000601643 0.000371086 7.49269e-05 0.00129517 0.000646294 0.000692685 0.00060816 -7.44317e-06 -2.06617e-06 0.000119562 0.000314421 0.000264948 1.318e-05 -8.25621e-05 0.000704659 0.000287042 0.000129734 -0.000438978 -0.000339956 0.00131037 -0.000108296 0.00152029 0.00119842 0.00182867 0.00299921 -9.27772e-06 -0.000122506 -3.36129e-06 0.00136655 0.000117673 -0.000156354 -5.22417e-05 -0.000350703 -0.000921102 0.000107237 0.000442238 9.06951e-05 3.58062e-05 -1.30906e-05 -2.09295e-05 -0.000216866 -0.000417014 9.7444e-05 -0.00131076 -1.53726e-05
internal_weight=1.42755e+06 1.3916e+06 1.24917e+06 53373 35946 34000 28548 142430 24119 18286 1.1958e+06 8837 118311 23595 1.18696e+06 1.17974e+06 50185 5980 4488 44205 1492 6438 17940 15371 1.12956e+06 1.08261e+06 60597 30853 29566 14085 29744 2344 8772 7267 5313 7216 1013 7458 875 2569 1037 425 1.02202e+06 50751 971265 1128 72266 49623 32313 17310 3289 71705 4659 70239 55113 898999 834163 23005 14055 8950 483 811158
internal_count=1427546 1391600 1249170 53373 35946 34000 28548 142430 24119 18286 1195797 8837 118311 23595 1186960 1179744 50185 5980 4488 44205 1492 6438 17940 15371 1129559 1082613 60597 30853 29566 14085 29744 2344 8772 7267 5313 7216 1013 7458 875 2569 1037 425 1022016 50751 971265 1128 72266 49623 32313 17310 3289 71705 4659 70239 55113 898999 834163 23005 14055 8950 483 811158
is_linear=0
shrinkage=0.05


Tree=34
num_leaves=63
num_cat=0
split_feature=18 28 0 39 33 30 37 0 30 32 39 37 42 39 44 42 30 25 34 36 36 39 36 37 37 37 32 36 43 37 28 18 32 34 36 40 42 42 33 33 0 34 27 34 36 32 34 42 39 0 36 42 39 0 42 0 32 37 37 36 0 42
split_gain=1.89222 1.17932 1.17674 0.732915 0.505842 0.48273 0.389429 0.490042 0.393423 0.374644 0.400609 0.473601 0.374381 0.472029 0.344491 0.397016 0.343215 0.313389 0.29215 0.26942 0.453212 0.268799 0.262142 0.255885 0.300389 0.391044 0.348721 0.273209 0.278166 0.271002 0.255275 0.273553 0.24839 0.282766 0.244632 0.244464 0.291586 0.233033 0.234925 0.323721 0.237604 0.231377 0.24021 0.229069 0.232447 0.276546 0.249999 0.223436 0.300131 0.262176 0.251499 0.404409 0.309724 0.284295 0.258939 0.790914 0.369027 0.255914 0.529288 0.688659 1.22792 0.380328
threshold=-14707.415479399302 12.531225640600388 -76187.072496143621 -1.4601909806557172 -0.18483438269915134 -0.0040889399720757062 -0.13300191588640645 -118687.54558637746 -0.0013503158737327207 -0.10800691244239631 -28.776505456643218 -0.072491426042703824 0.037179103573707205 -27.828267083852804 42.771918181199382 -0.087398883327628449 -0.0024946625693316568 -0.41715549811095659 1.1393369175627241 0.28571428571428581 0.1597813193047605 -29.742675756707964 -2.1528262940616063 0.95324643782383434 0.93013194895089779 0.84366576819407024 -0.033644977360389058 0.22137002341920384 0.23797818611648361 0.94037057457437401 -15.080344827586204 -26077.022553933319 -0.088932806324110658 0.22649572649572661 0.65985900891561278 -18.136524488181845 0.0035597884488989006 0.022025701217928888 -0.18483438269915134 -0.80866708385481834 964356.60995407775 0.22649572649572661 -7.4855407072368427 -0.79250042038002344 -1.0345160654445102 -0.075419656429283596 -0.82818554821062207 0.18231049389204426 -1.8296056363423536 -22869.362272580565 3.6048358719147444 -0.017962909924183632 23.965671286198052 -80692.11167306923 -0.29501081450303002 -83061.181691341611 -0.037347085671827936 -0.07102828553859912 -0.13766013511619429 2.5019379844961245 -59062.478908446537 0.010007499214989789
decision_type=2 2 2 2 2 2 2 2 2 2 2 2 2 2 2 2 2 2 2 2 2 2 2 2 2 2 2 2 2 2 2 2 2 2 2 2 2 2 2 2 2 2 2 2 2 2 2 2 2 2 2 2 2 2 2 2 2 2 2 2 2 2
left_child=2 14 3 4 34 -3 -6 8 16 -7 22 -12 -4 -14 23 21 -8 -10 35 20 -9 -16 -11 24 25 43 27 28 -27 -26 -22 -32 -5 -34 41 36 -17 38 39 -13 -41 42 -1 44 45 -2 -46 50 49 -49 54 53 -53 -52 55 56 -45 58 59 61 -61 -56
right_child=1 5 12 32 6 9 7 19 17 10 11 37 13 -15 15 18 -18 -19 -20 -21 30 -23 -24 -25 29 26 -28 -29 -30 -31 31 -33 33 -35 -36 -37 -38 -39 -40 40 -42 -43 -44 47 46 -47 -48 48 -50 -51 51 52 -54 -55 57 -57 -58 -59 -60 60 -62 -63
leaf_value=0.00065257847415470997 0.00073204837498390711 0.00027242251090553769 -8.5231942795874639e-05 0.00062811924768192424 -2.9604486928578289e-05 -0.00057520531082673573 0.00089767160764577826 0.00041393004390227056 0.0014131173808102655 0.0014661042199715728 -0.00055174984043557273 -0.00068339377681612946 0.0014299928524767571 -3.4528717696151965e-05 0.0019702982837209912 9.2045807258057062e-05 8.7289581365852239e-05 0.00080534407010177155 0.0015678739243892505 9.7495702940943152e-05 0.00061178001619450985 0.00049931684674094318 0.00010816540696140557 0.0012767096623806022 -0.0013899172358897841 0.0005686580737475172 -0.00016399164269999882 -0.00049086946933716593 0.001818914047575196 5.1041815965110547e-06 0.0035762990196007215 0.0014325219536938014 0.00012490527401482098 -0.00041428762423130293 0.00096963914985611136 5.007776110111961e-05 0.00091295315189774426 5.8498819387152145e-05 -0.00029509504356020741 7.7569667964835017e-05 0.0013624275773506612 -0.00071530283718285149 -0.00011344218213493973 -0.0011771798816802214 -0.00013615754376109638 -4.644651169615063e-05 -0.00053712972237055098 0.0018959771999125224 -0.00068911468196848277 -6.3197092347780178e-05 -0.0012813762778455581 0.00023369888547696531 0.0010794358815685151 0.00020582311704403223 2.596811390624802e-05 -0.00097562638109854904 0.00089211195226788847 -5.5353460567737906e-07 -0.00018613488682724553 -0.0033625040114160553 -0.00019865156854164746 0.00043673261387976587
leaf_weight=1457 1413 4889 26391 1842 2627 7506 2323 8438 2890 381 10094 1408 955 1298 454 2486 2986 7971 343 4995 572 983 5289 388 747 4171 2264 535 498 652 204 550 11634 3074 686 29861 1915 8759 29010 6472 381 1014 3439 232 18973 5921 4889 200 2643 1168 585 3074 1671 713 24362 841 3021 1089783 54081 391 1422 7331
leaf_count=1457 1413 4889 26391 1842 2627 7506 2323 8438 2890 381 10094 1408 955 1298 454 2486 2986 7971 343 4995 572 983 5289 388 747 4171 2264 535 498 652 204 550 11634 3074 686 29861 1915 8759 29010 6472 381 1014 3439 232 18973 5921 4889 200 2643 1168 585 3074 1671 713 24362 841 3021 1089783 54081 391 1422 7331
internal_value=5.15341e-07 -1.40006e-05 0.000228801 0.000360759 0.000476169 -0.000207763 0.000554851 0.000604493 0.000794635 -0.000241639 -0.000201122 -0.000241586 -3.24163e-05 0.000586252 -2.66388e-06 0.000149704 0.000441879 0.000967066 0.000115887 0.000396173 0.000548969 0.000964053 0.000199413 -7.12149e-06 -7.52595e-06 -6.69322e-06 0.000354017 0.000579377 0.000702012 -0.000739771 0.00140829 0.00201254 8.07627e-05 1.22129e-05 7.58846e-05 0.000101351 0.000449246 -0.00017357 -0.000228108 7.12957e-06 0.000149003 -2.78575e-05 0.000114518 -8.89634e-06 -0.000142646 0.000103542 -0.000218311 -5.39455e-06 -0.000377948 0.000223232 -4.13619e-06 0.000317603 0.000531534 -0.000464448 -5.78184e-06 0.000391173 0.000744533 -7.16214e-06 -8.93884e-05 6.67672e-05 -0.000880983 0.000120983
internal_weight=1.42755e+06 1.3422e+06 85346 56702 40152 74189 33556 30929 16170 69300 61794 56124 28644 2253 1.26801e+06 36042 5309 10861 34605 14759 9764 1437 5670 1.23197e+06 1.23158e+06 1.23018e+06 7468 5204 4669 1399 1326 754 16550 14708 6596 34262 4401 46030 37271 8261 6853 5910 4896 1.22271e+06 31196 7334 23862 1.19152e+06 4011 1368 1.18751e+06 6043 4745 1298 1.18146e+06 4094 3253 1.17737e+06 87587 33506 1813 31693
internal_count=1427546 1342200 85346 56702 40152 74189 33556 30929 16170 69300 61794 56124 28644 2253 1268011 36042 5309 10861 34605 14759 9764 1437 5670 1231969 1231581 1230182 7468 5204 4669 1399 1326 754 16550 14708 6596 34262 4401 46030 37271 8261 6853 5910 4896 1222714 31196 7334 23862 1191518 4011 1368 1187507 6043 4745 1298 1181464 4094 3253 1177370 87587 33506 1813 31693
is_linear=0
shrinkage=0.05


Tree=35
num_leaves=63
num_cat=0
split_feature=18 18 0 41 33 39 42 0 35 31 17 35 45 20 41 30 31 35 42 44 41 42 33 39 19 36 45 37 36 37 36 39 0 33 31 31 41 33 45 39 35 35 35 0 37 31 36 0 37 36 36 42 40 0 44 41 39 31 31 35 42 31
split_gain=1.70901 1.08961 1.0336 0.726196 0.56552 0.505307 0.633208 0.608186 0.437494 0.434385 0.388244 0.379866 0.365008 0.599597 0.358174 0.550789 0.433527 0.589093 0.409423 0.37164 0.576922 0.47207 0.371588 0.367649 0.549336 0.571929 0.542464 0.522586 0.483015 0.783053 0.654771 0.551071 0.533542 0.866394 0.857162 1.07403 0.850739 0.712192 0.711222 0.614051 0.625746 0.515058 0.920934 0.836772 0.772643 0.586331 0.552155 0.477064 0.462617 0.458919 0.64393 0.393832 0.379483 0.377168 0.415121 0.533058 0.465698 0.377037 0.649424 0.600807 0.468379 0.615405
threshold=-14707.415479399302 19842.965651462688 -90964.618262744683 0.00047545197286844905 -0.87465184374032889 -19.338304504512703 0.0076969946067523762 -20676.477580526236 -0.26636085626911304 1.3482930571538165 -12625.797163461537 0.73363914373088701 -8.2262365591397835 -162.27978507361652 -0.00076426263263551302 -0.00077831223455671484 2.3303027843169093 0.24320507572656572 0.15266991129095328 0.88730158730158781 0.0030553705214629557 0.038278128796099951 -0.042329227323628212 5.4773637741146013 -20580.870582905471 2.5019379844961245 -4.8190116241454417 -0.11849272004125662 0.060535588442565187 0.2989988448209473 0.51202173159172359 -26.195973823690199 -48765.700580559183 0.031331806282722537 -0.36745725317153871 -0.23830049261083761 0.0058502813571126812 -0.042329227323628212 -0.28470111448834862 -2.5011369670926089 -0.022347066167290885 -1.0000000180025095e-35 -0.34430979978925175 -61929.941875080411 -0.071294810058854977 0.47636238610967846 0.041505376344086027 -205902.06683761932 -0.069868051049102306 0.40590606952163016 0.34445680385613647 0.13502777729408277 10.186142004822644 -22098.224063166006 -12.266995614035087 0.0065729453434912955 35.37968479611186 2.4971590909090913 1.7307510068704099 0.24251119251119255 -0.015681719478691684 0.26876172607879928
decision_type=2 2 2 2 2 2 2 2 2 2 2 2 2 2 2 2 2 2 2 2 2 2 2 2 2 2 2 2 2 2 2 2 2 2 2 2 2 2 2 2 2 2 2 2 2 2 2 2 2 2 2 2 2 2 2 2 2 2 2 2 2 2
left_child=2 14 3 -1 11 6 7 -4 -6 10 -10 -5 13 -12 15 16 18 -18 -2 23 -21 22 -22 24 -16 26 51 -27 41 32 -31 -32 33 34 36 49 -30 -37 39 40 -39 42 -28 44 -44 47 -43 -46 -45 50 -36 -26 -48 54 55 -25 -57 58 60 -59 61 -42
right_child=1 -3 5 4 8 -7 -8 -9 9 -11 12 -13 -14 -15 19 -17 17 -19 -20 20 21 -23 -24 53 25 27 28 -29 29 30 31 -33 -34 -35 35 37 -38 38 -40 -41 57 46 43 48 45 -47 52 -49 -50 -51 -52 -53 -54 -55 -56 56 -58 59 -60 -61 -62 -63
leaf_value=0.00012820370298730652 -2.5863581496477732e-05 -0.00023127010126722638 0.00028137849986672488 -3.4364329612775128e-05 3.8290664836973602e-05 -0.00016235648120514236 0.00071493331438799085 -0.00040578796390084397 0.00032221812518975525 0.00023439824514634089 0.0006696064932290584 -0.0020719088923379955 0.00082621021645110895 0.0040670331453117698 0.00021084209712220615 -0.00021535436159659553 -6.7127694205812492e-06 0.00052525190149732494 -0.00048919698098900033 5.5813436000966365e-05 0.0011147096018946688 0.001089129288455585 0.00019680854164610308 -4.3273087889953233e-05 6.077861340041696e-05 -0.0022089054636375083 0.00017082888019273932 -0.00042684041060049929 0.00014571925709060761 -7.5180842992732906e-05 -0.0033868609140062299 -0.0011374148243021409 -3.5960919737766031e-05 0.00048993465959368775 -0.0016376545382166523 0.00073024997759055851 0.0028692055604677205 -9.9096944010904496e-05 0.0001438900862192293 2.3855378778743493e-06 -0.0024701367492713476 -1.2569198833614146e-06 0.00064220317124449422 -0.00088925305486588018 0.0010833616236193282 0.0011979532934972344 0.00054134922199557188 -0.0011687797911421034 -3.541105320908894e-06 -0.0026621473455264695 0.00123439630215363 0.001209071327969466 0.0024465957266252975 -1.5825852407138444e-05 0.00013819419171372794 -0.0005094023871412115 -0.0028726828311634966 -0.0031734274210592677 0.00029868436426183837 -1.0940958318160946e-05 -0.00059431868581728885 -0.001010729473964562
leaf_weight=18695 487223 55018 9121 1127 3316 18785 4590 4977 4057 4993 295 287 14841 232 21830 39095 13645 8413 4815 104535 1204 2029 13089 21709 77121 526 9767 1888 2064 860 404 835 41541 3125 916 1371 333 3525 4320 3925 852 128832 807 1756 244 293 1695 6475 9189 678 248 754 309 129634 121863 678 301 413 1241 236 5898 4747
leaf_count=18695 487223 55018 9121 1127 3316 18785 4590 4977 4057 4993 295 287 14841 232 21830 39095 13645 8413 4815 104535 1204 2029 13089 21709 77121 526 9767 1888 2064 860 404 835 41541 3125 916 1371 333 3525 4320 3925 852 128832 807 1756 244 293 1695 6475 9189 678 248 754 309 129634 121863 678 301 413 1241 236 5898 4747
internal_value=4.26432e-07 -1.33659e-05 0.000217419 0.000371441 0.000527448 2.07756e-05 0.000204858 3.87889e-05 0.000577177 0.000650359 0.000757277 -0.000447925 0.000872129 0.00216525 -4.05249e-06 -3.44343e-05 -2.0676e-05 0.00019618 -3.03977e-05 1.88434e-05 9.89801e-05 0.000375443 0.00027413 3.04913e-06 -3.17682e-05 -4.84655e-05 -4.25858e-05 -0.000815145 -8.02192e-05 -0.000182579 -0.00113515 -0.00187089 -0.000156072 -0.000303291 -0.000383859 -0.000460571 0.000524076 -0.000379505 -0.000439984 -0.000561034 -0.000691795 -3.04215e-05 -0.00022291 -0.000427858 -0.000822899 -0.000991516 1.15538e-05 -0.00108699 -0.000145643 -0.00162807 -0.00102574 7.18966e-05 0.000835122 4.60992e-05 0.000101634 -9.47403e-05 -0.00123601 -0.000847861 -0.000787966 -0.00202343 -0.000905261 -0.00123281
internal_weight=1.42758e+06 1.34227e+06 85316 47843 29148 37473 18688 14098 27734 24418 19425 1414 15368 527 1.28725e+06 553191 514096 22058 492038 734060 120857 16322 14293 613203 339018 317188 314774 2414 236899 77532 2099 1239 75433 33892 30767 28370 2397 26528 25157 20837 16912 159367 28531 18764 7819 7012 130836 6719 10945 1842 1164 77875 2004 274185 144551 22688 979 13387 12738 649 11497 5599
internal_count=1427585 1342269 85316 47843 29148 37473 18688 14098 27734 24418 19425 1414 15368 527 1287251 553191 514096 22058 492038 734060 120857 16322 14293 613203 339018 317188 314774 2414 236899 77532 2099 1239 75433 33892 30767 28370 2397 26528 25157 20837 16912 159367 28531 18764 7819 7012 130836 6719 10945 1842 1164 77875 2004 274185 144551 22688 979 13387 12738 649 11497 5599
is_linear=0
shrinkage=0.05


Tree=36
num_leaves=63
num_cat=0
split_feature=18 19 39 45 45 41 32 34 40 34 35 32 32 39 0 32 42 42 41 42 42 32 35 35 0 42 39 35 39 28 42 41 33 41 45 39 42 45 44 0 42 44 33 42 0 0 35 33 41 0 42 0 21 42 0 42 38 42 42 35 42 35
split_gain=1.54379 1.07423 0.523872 0.567854 0.698113 0.461872 0.40672 0.398398 0.406671 0.38289 0.369032 0.342274 0.803006 0.444874 0.428545 0.544042 0.496737 0.4902 0.737176 0.417551 0.511866 0.680912 0.384491 0.538473 0.383165 0.382708 0.367839 0.415587 0.362356 0.452761 0.348807 0.34954 0.333101 0.332869 0.847176 1.13023 0.630828 0.527035 0.41923 0.323923 0.320547 0.486625 0.392322 0.370998 0.610679 0.602534 0.508944 0.343938 0.385506 0.566081 0.367966 0.451118 0.3287 0.317901 0.311019 0.601914 0.308199 0.306251 0.298457 0.30867 0.296043 0.347574
threshold=-26077.022553933319 49223.035322509873 -22.671409965666054 -4.2294197031039129 -3.2113237639553422 0.0034451994157618971 -0.10800691244239631 -0.13003663003662999 -21.090005213219381 1.0000000180025095e-35 -0.20782868816576677 -0.033095392602206349 -0.076466743840840498 -12.286700602802069 -103798.08733442127 -0.012681159420289854 0.079752664224273628 -0.087398883327628449 -4.0688653924313225e-05 -0.1709937891457482 -1.0000000180025095e-35 2.7990654205607481 -0.30137614678899077 -0.38455848358760975 477489.7387920678 0.0015287998725020677 36.137579108612137 0.39131441806601047 9.4208969119747348 -5.7874142156862733 0.12305818689291383 0.011589410227607292 0.028572076464318922 0.0021703761197380423 -4.9956896551724128 -34.040394006054591 -0.00080668456561006757 -8.193459063014517 39.167346938775516 -781.2995542415955 -0.0017612961889811442 31.565196054375033 -0.046510371650821079 0.0065219236014287052 -35286.019662164515 -150114.74548484283 -0.66847826086956519 0.029197253137579929 0.0070206220873379431 -72861.174805510018 -0.23620165536115123 -157844.87596193075 -802.41210963767924 -0.066935584048601837 -107703.06315723457 -0.13831122970648593 -29.98261005116364 -0.29501081450303002 -0.1075442430455598 -0.28503544178066725 -0.0012707329065421073 -0.27067839195979898
decision_type=2 2 2 2 2 2 2 2 2 2 2 2 2 2 2 2 2 2 2 2 2 2 2 2 2 2 2 2 2 2 2 2 2 2 2 2 2 2 2 2 2 2 2 2 2 2 2 2 2 2 2 2 2 2 2 2 2 2 2 2 2 2
left_child=5 2 3 33 40 -1 -3 -7 -9 58 -11 12 30 24 15 17 32 -13 -19 -17 22 25 23 -21 -14 -22 39 -28 29 -27 31 -4 -16 -2 35 37 -36 -35 60 -18 41 42 -5 45 46 -42 -45 48 50 57 -44 -52 -48 -24 55 -39 -53 -50 59 -6 61 -37
right_child=1 6 11 4 9 7 -8 8 -10 10 -12 14 13 -15 16 19 26 18 -20 20 21 -23 53 -25 -26 28 27 -29 -30 -31 -32 -33 -34 34 36 38 -38 54 -40 -41 43 -43 47 44 -46 -47 52 -49 49 -51 51 56 -54 -55 -56 -57 -58 -59 -60 -61 -62 -63
leaf_value=0.0002067602771027643 0.00013392844210029014 -0.00056173337791375663 5.5863931012511515e-07 0.00047441740595998067 -0.00060149058128626206 -0.00050395734093361172 -0.0001582365616621397 0.0014297038296963644 0.00054610023035471576 0.00096316484723251231 0.00023224537709566436 0.00033718645601974991 3.837483803190736e-05 -0.00024551485001537949 1.0392537079123943e-05 0.00066935961894924647 7.3448402033919141e-05 -0.00021047088566052212 -0.002315054545091184 -0.0002780892670718614 0.00040235106654161641 -0.00041938756854945585 0.00027102403041483647 -0.0018536749990391652 0.0018505867729931029 0.000431341844890286 -0.00088913921291479479 0.001439297165066395 0.00032936719267641031 -0.00015987871782516966 -0.0010422884575240104 0.0010803882064408376 -0.00010733087580693419 -0.00031626470440877807 0.00029026366251144568 -0.002112973571097263 0.0013816338308190834 0.0031713737603365961 -0.0019355918436051026 -0.00026093359017342665 0.00074332911539127784 0.0016996875448392912 0.0006503919613064606 -0.0024531670634350298 0.0001116500718964701 -1.3031827448539187e-05 -0.00062358085274965744 0.00028729180480415058 0.00038997199829510953 -0.0020096577473363727 -0.0012766151891917378 0.00034111596830435495 0.00049616633543958944 -0.00013963494412038205 0.00059080448594267803 0.00088331965994575693 -0.00040856926806852334 -0.00087166986305422384 3.9432691870182617e-05 0.00058731972160419794 0.00022121088244818747 -0.00038806760082954163
leaf_weight=25174 55375 6922 157727 1449 623 762 63886 1539 8462 2316 6789 906 11915 66631 698380 3447 11165 982 722 4375 21470 4227 7623 619 299 4253 2748 206 12866 13572 798 753 65745 1071 2359 332 3018 399 410 20616 3070 304 895 347 6022 18501 5244 1735 652 891 1308 1625 749 12344 2398 1028 8768 1834 58238 4419 1855 2427
leaf_count=25174 55375 6922 157727 1449 623 762 63886 1539 8462 2316 6789 906 11915 66631 698380 3447 11165 982 722 4375 21470 4227 7623 619 299 4253 2748 206 12866 13572 798 753 65745 1071 2359 332 3018 399 410 20616 3070 304 895 347 6022 18501 5244 1735 652 891 1308 1625 749 12344 2398 1028 8768 1834 58238 4419 1855 2427
internal_value=4.0511e-07 -7.95032e-06 2.22083e-06 7.75544e-05 1.38337e-05 0.000323966 -0.000197681 0.000598105 0.000682073 0.000115003 0.000418166 -1.09413e-05 -6.4162e-05 -0.000194665 3.35809e-06 0.00010847 -8.14253e-06 -0.000602552 -0.0011022 0.000130355 0.000107516 0.000190962 -8.09945e-05 -0.000473381 8.2738e-05 0.000240424 -0.000193068 -0.000726763 0.000127147 -1.8815e-05 4.38847e-07 5.68933e-06 2.63663e-07 0.000190962 0.000397422 0.000123474 0.000902827 0.000664105 -0.000403383 -0.000143462 -0.00012332 -0.00028509 -0.000316586 -3.05426e-05 -0.000248934 9.4614e-05 -0.000591432 -0.000381312 -0.000453936 -0.000928335 -0.000326749 -0.00040149 -0.000483636 1.71464e-05 0.000938609 0.00152308 -0.000291352 -0.000540781 7.1383e-05 0.000440428 -0.00026723 -0.000595631
internal_weight=1.42758e+06 1.39165e+06 1.32084e+06 196451 125779 35937 70808 10763 10001 72385 9105 1.12439e+06 238123 78845 886266 87406 798860 2610 1704 84796 81349 56388 24961 4994 12214 52161 34735 2954 30691 17825 159278 158480 764125 70672 15297 9920 5377 4896 5024 31781 53394 19461 19157 33933 12362 21571 6340 17708 15973 3377 12596 11701 5993 19967 3825 1427 10393 2486 63280 5042 4614 2759
internal_count=1427585 1391648 1320840 196451 125779 35937 70808 10763 10001 72385 9105 1124389 238123 78845 886266 87406 798860 2610 1704 84796 81349 56388 24961 4994 12214 52161 34735 2954 30691 17825 159278 158480 764125 70672 15297 9920 5377 4896 5024 31781 53394 19461 19157 33933 12362 21571 6340 17708 15973 3377 12596 11701 5993 19967 3825 1427 10393 2486 63280 5042 4614 2759
is_linear=0
shrinkage=0.05


Tree=37
num_leaves=63
num_cat=0
split_feature=18 28 0 33 27 37 35 35 0 31 42 29 37 29 44 35 42 31 31 23 35 25 35 34 31 35 35 31 35 32 17 42 0 31 32 42 31 0 33 19 0 44 37 31 34 34 34 37 32 42 0 42 42 0 42 42 37 40 35 35 0 40
split_gain=1.41771 0.959086 0.894829 0.596028 0.503442 0.45697 0.559118 0.667821 0.568874 0.440703 0.35136 0.40497 0.34701 0.339808 0.328582 0.326365 0.326297 0.30386 0.295524 0.288195 0.271763 0.262769 0.261702 0.271353 0.261179 0.333316 0.256115 0.477535 0.443216 0.307913 0.295901 0.290661 0.848975 0.342805 0.369205 0.283585 0.281165 0.36814 0.255949 0.229173 0.38115 0.311736 0.327 0.275944 0.30039 0.320166 0.291272 0.271091 0.715871 0.364696 0.287643 1.8413 1.67467 1.34655 1.09829 1.06356 1.02796 0.827949 0.804884 0.793094 0.79282 0.660804
threshold=-14707.415479399302 2.7234262655906094 -75015.364170476809 -0.87465184374032889 -2.0596404969600814 -0.072491426042703824 -1.0000000180025095e-35 0.059920634920634937 25569.983546480453 0.032389194859690391 0.037179103573707205 -46.149331465549139 -0.13300191588640645 -27.716298243433751 42.771918181199382 0.73363914373088701 -0.087398883327628449 -1.4426553489276219 1.0258563241370116 6.2956220095693789 -0.46289173789173782 -2.0177721376198536 1.3898567323728577 -0.80856746074137364 1.169981238273921 -1.0000000180025095e-35 0.67178199404761918 2.3303027843169093 0.83424908424908439 0.96282289581546099 -3378.1626127577315 -0.23620165536115123 -86877.686679055871 3.876715876715878 -0.075829573134209141 0.00063297311063105347 5.147916666666668 -61929.941875080411 -0.18806571443520115 -26425.929152148656 -44204.528175261446 -27.827514976244576 -0.13341729638958855 -1.2734604105571845 0.17477375565610867 -1.3983763345195728 -1.3063945578231289 0.84366576819407024 -0.033644977360389058 0.11284898883678275 -52884.693769524689 0.0072853694185322929 -1.0000000180025095e-35 -135895.63746002168 -0.087398883327628449 0.00067683311354428427 -0.13636486313246829 18.98616351824522 -0.31156565656565655 0.24320507572656572 -154087.2137401246 -0.2946005169955867
decision_type=2 2 2 2 2 2 2 2 2 2 2 2 2 2 2 2 2 2 2 2 2 2 2 2 2 2 2 2 2 2 2 2 2 2 2 2 2 2 2 2 2 2 2 2 2 2 2 2 2 2 2 2 2 2 2 2 2 2 2 2 2 2
left_child=2 14 3 15 17 9 -7 8 -8 13 20 -12 -6 -3 22 -1 -16 -5 19 -19 -4 -14 26 -24 -18 -26 31 30 36 -30 -28 32 33 34 -2 -32 37 -29 -37 40 41 -33 -43 44 45 -41 -47 49 -49 50 51 52 54 57 56 60 -45 -53 -58 -60 -54 -55
right_child=1 5 10 4 12 6 7 -9 -10 -11 11 -13 21 -15 16 -17 24 18 -20 -21 -22 -23 23 -25 25 -27 27 28 29 -31 35 39 -34 -35 -36 38 -38 -39 -40 43 -42 42 -44 47 -46 46 -48 48 -50 -51 -52 53 55 61 -56 -57 58 -59 59 -61 -62 -63
leaf_value=-0.00017190448756890773 -0.00077388188377068947 0.001042798998045292 -0.0007490353433464138 -6.7011279222065011e-05 -0.00066787377499458026 0.00013253666645787963 -2.5261371806454075e-05 6.2968118133359524e-05 -0.00035775393898511681 -0.00059258356793349043 0.0022452668529923917 0.00029814710760599233 -0.00025509250567216745 -0.00018844089752708109 0.00089463724086467846 -0.0016534290734559417 4.7658485764109564e-05 0.00061338393581579758 0.00024877587712833005 -0.00077462812418257511 -4.560999760594813e-05 0.00027720042824403178 -0.001399111104917057 -0.00021929138845484835 0.0015454348505313591 0.00028807375719998551 -0.00029942173538741775 0.0025345992821575927 0.0001571613110059599 0.0018701852351546385 -8.2832321514701048e-05 -0.00045895454178909701 -0.00061992265249808645 -0.0012726207923569668 0.00077989092509569632 -0.00021966683803765843 0.00050488983891041879 0.00019402714979542939 0.00026861414044179044 -0.00034772184968022207 -0.00011323001292344547 -0.00030431622261791581 0.00021531177092037757 -0.0015617665471694753 -0.00032923155910200247 0.0010670167247078819 0.00010114055035943961 0.00056729121687448109 -0.00051046504793559341 -0.00026496051119825821 -3.0834042635120665e-06 -0.0011352781547637797 0.0006334600595849126 -0.00043652870864803093 -0.00027627655465953558 -9.0639686855338313e-06 -0.00061310227132274804 0.00011169282044622066 0.00033276568032778359 -0.00060501952290824366 0.00017530409941871782 1.6027113497444828e-05
leaf_weight=2160 412 611 1455 2535 1234 19764 18826 23378 40625 10316 310 1927 2722 6765 1422 449 26032 23578 8538 380 24386 15642 527 6478 573 6577 5179 609 3760 282 13135 1993 1913 237 5308 3078 651 232 20957 3999 18402 3252 43882 911 4509 788 82447 5632 2121 15501 675301 7403 12357 16885 67482 76485 3116 1623 22549 2505 40035 15444
leaf_count=2160 412 611 1455 2535 1234 19764 18826 23378 40625 10316 310 1927 2722 6765 1422 449 26032 23578 8538 380 24386 15642 527 6478 573 6577 5179 609 3760 282 13135 1993 1913 237 5308 3078 651 232 20957 3999 18402 3252 43882 911 4509 788 82447 5632 2121 15501 675301 7403 12357 16885 67482 76485 3116 1623 22549 2505 40035 15444
internal_value=3.84855e-07 -1.21771e-05 0.000198021 0.000311435 0.000346696 -0.000146889 -0.000106419 -0.000163436 -0.000252465 -0.00038157 -3.31765e-05 0.000567976 0.000143762 -8.64496e-05 1.08312e-06 -0.00042687 0.00015296 0.000460226 0.000501356 0.000591369 -8.5217e-05 0.000198301 -3.34304e-06 -0.000308052 0.000121175 0.000388838 -1.53473e-06 0.000111733 0.000548534 0.000276675 5.46531e-05 -6.3238e-06 0.00029648 0.000590769 0.000667976 0.000103987 0.00128503 0.00188892 0.000206083 -8.44279e-06 8.08589e-05 0.000153561 0.00017946 -1.41475e-05 6.87191e-05 8.92886e-05 0.000110285 -2.20229e-05 0.000272448 -2.4407e-05 -2.0449e-05 -6.4404e-05 -8.14506e-06 -0.000371091 -0.00016558 0.000109816 9.12886e-05 -0.000911055 0.000144747 0.000239002 0.000283363 -0.000220337
internal_weight=1.42758e+06 1.34227e+06 85316 57238 54629 120285 102593 82829 59451 17692 28078 2237 19598 7376 1.22198e+06 2609 34604 35031 32496 23958 25841 18364 1.18738e+06 7005 33182 7150 1.18038e+06 47883 5534 4042 42349 1.13249e+06 7870 5957 5720 37170 1492 841 24035 1.12462e+06 67529 49127 47134 1.05709e+06 91743 87234 83235 965350 7753 957597 942096 266795 225440 41355 96563 128877 29081 9026 28170 25054 52392 32329
internal_count=1427585 1342269 85316 57238 54629 120285 102593 82829 59451 17692 28078 2237 19598 7376 1221984 2609 34604 35031 32496 23958 25841 18364 1187380 7005 33182 7150 1180375 47883 5534 4042 42349 1132492 7870 5957 5720 37170 1492 841 24035 1124622 67529 49127 47134 1057093 91743 87234 83235 965350 7753 957597 942096 266795 225440 41355 96563 128877 29081 9026 28170 25054 52392 32329
is_linear=0
shrinkage=0.05


Tree=38
num_leaves=63
num_cat=0
split_feature=18 28 0 41 33 39 42 0 39 42 28 42 41 45 0 31 37 33 42 42 18 39 33 45 33 42 36 43 24 34 34 37 0 41 36 41 0 37 31 21 0 41 37 39 36 37 0 34 37 42 36 36 36 37 41 39 42 0 31 31 34 43
split_gain=1.27948 0.865575 0.820279 0.626752 0.469697 0.426558 0.551943 0.553466 0.421706 0.458993 0.325683 0.308295 0.335252 0.507205 0.299573 0.463277 0.471413 0.42329 0.345869 0.852001 0.298822 0.272605 0.78506 0.543631 0.523701 0.52129 0.465922 0.297029 0.268383 0.268322 0.286019 0.302554 0.302135 0.260293 0.245969 0.243157 0.267957 0.241229 0.240717 0.239485 0.235867 0.234075 0.22778 0.233384 0.325981 0.232399 0.773803 0.393862 0.368658 0.354749 0.965489 0.545028 0.482861 0.423787 0.396011 0.422264 0.454469 0.3423 0.337392 0.314496 0.300159 0.296641
threshold=-14707.415479399302 2.7234262655906094 -90964.618262744683 0.00030889732298940029 -0.87465184374032889 -19.338304504512703 0.0075019170983038437 56168.070761424977 9.0131303196364474 0.0066634156524789214 42.690404709623692 -1.0000000180025095e-35 0.0039163123040740636 -5.0575807787903884 262433.1253712044 1.2188082901554405 0.86233986488380576 -1.0000000180025095e-35 0.0015287998725020677 -1.0000000180025095e-35 -45730.713498187019 -39.762529262868853 0.30234375000000008 -3.3440476190476183 0.30908289241622583 -0.13831122970648593 -0.07892980120123988 1.0035460992907803 2.746772952171523 -0.13307291666666662 0.39669722542650726 -0.13392298458670138 -154087.2137401246 0.0034451994157618971 -0.097952234797621371 0.00068909110404543142 42807.824610518444 -0.072491426042703824 0.16923076923076888 -77.510631141436519 36240.228151500116 0.0065729453434912955 -0.47926234213547642 -5.3472589684018912 -0.8080557007746777 -0.13312520313007822 -85582.511056363699 0.29097501310501489 -0.13636486313246829 -0.087398883327628449 0.40590606952163016 -1.8080557007746776 0.41683535762483132 0.43254586362063008 0.0047429700586738037 -9.9745753214645401 -0.23620165536115123 -72861.174805510018 2.6240192684896742 5.147916666666668 1.355886004210072 -1.7295258620689655
decision_type=2 2 2 2 2 2 2 2 2 2 2 2 2 2 2 2 2 2 2 2 2 2 2 2 2 2 2 2 2 2 2 2 2 2 2 2 2 2 2 2 2 2 2 2 2 2 2 2 2 2 2 2 2 2 2 2 2 2 2 2 2 2
left_child=2 14 3 -1 -5 6 7 -4 9 10 33 29 -13 41 21 16 18 -17 19 -16 -8 22 23 25 -24 26 -2 -25 -11 -6 31 -31 -33 40 -21 -30 -37 -22 -35 -10 -3 -14 43 -23 -45 46 47 58 -48 50 51 -47 -52 -54 60 56 -56 -55 -44 -51 -53 -58
right_child=1 8 5 4 11 -7 20 -9 39 28 -12 12 13 -15 15 17 -18 -19 -20 34 37 42 24 27 -26 -27 -28 -29 35 30 -32 32 -34 38 -36 36 -38 -39 -40 -41 -42 -43 45 44 -46 49 48 -49 -50 59 52 54 53 57 55 -57 61 -59 -60 -61 -62 -63
leaf_value=8.4969049499122458e-05 0.0032822123148511574 -4.0157916481327978e-05 0.00018354963183512364 -0.00041352543640305289 -0.00042806377736303875 -0.00015531802385982866 0.0020093183791432627 -0.00059707912513850495 -0.00018170153053538888 1.3967909227502984e-05 -0.00076370717947270251 0.00050609080121453835 0.0015610272816221815 0.0007141742176991219 0.00038554748514090285 -0.00028575396159187608 0.0016531612404631928 0.00065337784281766951 0.0001692479850896974 6.6065829234016616e-05 -0.0004418075850659762 -0.00063632709733853112 0.0019709717365848506 -0.00028691656106487996 0.00050118398952017423 0.00021161693766491869 0.00060184561094394674 0.00012581432226981673 0.00024555559472251738 -0.00048839284433661943 -0.00021843288878554539 0.0010306803446668974 0.00034841928953093215 -0.00022749162490674378 -0.00060945452725175565 0.0027750259461826509 0.00070515976574225575 0.00067501031302433787 0.0010544324177002822 -0.00044642321237113109 -0.00026281190149706548 0.0033474111429879351 -0.0003077973028300983 0.0010611846650117626 0.00015174090581901873 -0.00077287084837309762 8.627975623675756e-05 -0.0016770957866072474 -0.00037892207516120285 -1.1444089965137549e-05 -0.002068794420787255 0.00043579272111706835 -0.0001207755933000267 -2.8504625621228146e-05 0.00042788412669096947 0.00040348937082840074 -0.00081899051293115189 -0.0020425570585575099 -0.002286843073477172 0.00065077347697369134 -0.00077891170430890414 3.2647100533722549e-05
leaf_weight=17309 261 21440 11108 1460 1164 18785 372 2854 22574 27829 2211 14086 799 3553 4456 1474 452 6451 17745 1693 554 559 822 11195 2307 15482 428 7139 3379 693 1653 2617 4271 640 6604 202 692 3800 856 13746 26716 238 17777 1459 3035 1240 31728 561 4919 1036223 362 23136 10100 345 1874 4701 2752 543 218 1796 520 1627
leaf_count=17309 261 21440 11108 1460 1164 18785 372 2854 22574 27829 2211 14086 799 3553 4456 1474 452 6451 17745 1693 554 559 822 11195 2307 15482 428 7139 3379 693 1653 2617 4271 640 6604 202 692 3800 856 13746 26716 238 17777 1459 3035 1240 31728 561 4919 1036223 362 23136 10100 345 1874 4701 2752 543 218 1796 520 1627
internal_value=3.65612e-07 -1.15683e-05 0.00018812 0.00032533 0.000461585 1.294e-05 0.000182071 2.39798e-05 -0.000139545 -7.79712e-05 -0.000169944 0.000505531 0.000627019 0.000998128 1.02897e-06 0.000137602 5.026e-05 0.000478705 2.65039e-05 -0.000172115 0.000649121 -3.4586e-06 0.000128953 6.01843e-05 0.000887303 0.000271505 0.00161719 -0.000126205 7.06178e-05 0.000287324 0.000377503 0.000507444 0.000607635 -0.000143504 -0.000471615 0.000439564 0.00117285 0.000532907 0.000506016 -0.000281891 -0.000163682 0.00197102 -7.80893e-06 0.000327151 0.000446996 -9.29308e-06 -0.00010937 -0.000372445 2.38373e-05 -4.20238e-06 0.000129859 0.0002571 -0.000272042 -0.000212848 0.000294001 4.54549e-05 -0.000223715 -0.00126007 -0.000331772 -1.02983e-05 0.000409091 -0.000502568
internal_weight=1.42758e+06 1.34227e+06 85316 47843 30534 37473 18688 13962 120285 83965 51863 29074 18676 4590 1.22198e+06 38875 30950 7925 30498 12753 4726 1.18311e+06 37634 34505 3129 16171 689 18334 32102 10398 9234 7581 6888 49652 8297 4273 894 4354 1496 36320 48156 1037 1.14548e+06 5053 4494 1.14042e+06 55203 18556 36647 1.08522e+06 47200 35850 11350 10988 34610 10954 6253 888 17995 1.03802e+06 23656 4379
internal_count=1427585 1342269 85316 47843 30534 37473 18688 13962 120285 83965 51863 29074 18676 4590 1221984 38875 30950 7925 30498 12753 4726 1183109 37634 34505 3129 16171 689 18334 32102 10398 9234 7581 6888 49652 8297 4273 894 4354 1496 36320 48156 1037 1145475 5053 4494 1140422 55203 18556 36647 1085219 47200 35850 11350 10988 34610 10954 6253 888 17995 1038019 23656 4379
is_linear=0
shrinkage=0.05


Tree=39
num_leaves=63
num_cat=0
split_feature=18 28 0 39 33 42 33 39 37 0 42 39 35 32 44 42 43 45 0 34 35 34 32 33 45 35 35 36 36 24 36 42 33 0 42 0 36 32 34 45 45 35 36 39 24 34 39 36 35 35 37 32 32 42 35 0 35 32 0 39 42 42
split_gain=1.15473 0.792425 0.742095 0.566669 0.400864 0.370694 0.394648 0.352242 0.30944 0.416803 0.299022 0.362106 0.279495 0.330165 0.268337 0.294504 0.255408 0.798379 0.245818 0.245097 0.238572 0.244151 0.237427 0.236927 0.263632 0.236442 0.23619 0.226398 0.426803 0.223882 0.223626 0.218352 0.216537 0.215635 0.213678 0.734855 0.417625 0.43636 0.384448 0.31021 0.378924 0.229424 0.471151 0.33326 0.3162 0.239426 0.277908 0.475585 0.313862 0.232862 0.295103 0.386824 0.425352 0.338098 0.322805 1.66108 1.01364 1.67704 1.11278 0.895431 0.674171 1.02642
threshold=-14707.415479399302 12.531225640600388 -75015.364170476809 -1.4601909806557172 -0.18483438269915134 0.0066634156524789214 -0.18483438269915134 23.269941908000114 -0.13312520313007822 -118687.54558637746 0.037179103573707205 -22.193261029049669 0.049390243902439075 0.24900000000000003 42.771918181199382 -0.087398883327628449 -10.186093422457777 -8.1437969924812013 89092.968043575893 1.1393369175627241 1.3898567323728577 -0.80856746074137364 -0.088932806324110658 -0.2418212574462574 -12.257239057239056 -0.46289173789173782 -0.07650501672240799 0.28571428571428581 0.1597813193047605 2.746772952171523 0.052368940557139816 -0.11629081076226738 0.11876551568494699 -118687.54558637746 -0.23620165536115123 -72861.174805510018 0.84206349206349229 -0.037347085671827936 0.76297485286249345 -3.4900375210247119 -0.28470111448834862 0.67178199404761918 2.5019379844961245 36.137579108612137 -0.12072173379677008 -0.35345345345345364 43.281313216569487 0.089954565158058677 0.94613847343991753 0.33152173913043476 0.52073765786452364 -0.033644977360389058 -0.010849945063569297 -0.071426672764254337 0.24320507572656572 -79585.151963404205 0.27641208216778296 -1.0000000180025095e-35 -205902.06683761932 -16.276030268867455 -1.0000000180025095e-35 0.0075019170983038437
decision_type=2 2 2 2 2 2 2 2 2 2 2 2 2 2 2 2 2 2 2 2 2 2 2 2 2 2 2 2 2 2 2 2 2 2 2 2 2 2 2 2 2 2 2 2 2 2 2 2 2 2 2 2 2 2 2 2 2 2 2 2 2 2
left_child=2 14 3 4 26 6 23 29 -6 16 25 -12 13 22 20 30 -10 -18 -8 -17 34 -22 -5 -3 -25 -4 -1 28 -11 -7 -16 -28 -30 -23 35 36 37 -2 -38 -39 -41 49 44 -44 -43 -46 48 -48 -47 50 54 -52 -53 -54 -36 56 58 59 -56 -58 -57 -62
right_child=1 5 10 12 8 7 18 -9 9 27 11 -13 -14 -15 15 19 17 -19 -20 -21 21 33 -24 24 -26 -27 31 -29 32 -31 -32 -33 -34 -35 41 -37 38 39 -40 40 -42 42 43 -45 45 46 47 -49 -50 -51 51 52 53 -55 55 60 57 -59 -60 -61 61 -63
leaf_value=0.00075967004619116553 -0.00056702214092958108 -0.00020414946754019364 -0.00069901820712177669 0.00057992485290588069 -9.8993802497971848e-05 -3.3746697599061055e-05 -0.00018018689692641539 -0.00059248882225345397 -0.0003021896063683716 0.00031396974777492406 0.0010941935621414419 -0.00018541656424364935 -0.00034000540710669302 0.00081815022772408841 0.0014454024726920983 9.0264801198220888e-05 0.0036932593866676475 0.0006666672244469567 -0.00043897690793168686 0.0013946282444726671 -0.001328334392912587 -0.00091663856535469936 -4.663286884185485e-05 0.0014353452536920487 0.00018427480539949371 -4.2894784232181073e-05 -0.0013245078252586721 3.3973166068291464e-05 0.0015538040463697294 0.0003886953990203306 0.00019070684885094994 -1.595149241488765e-05 -0.00012373390363242426 -9.653523491441516e-05 -1.5901900884949802e-05 -0.00097698300271219815 -0.00080568839033769613 0.0013603087219348608 0.0010615898846997487 0.00025681087193814024 0.0015470313053239507 -0.00027598523704376712 0.00061135342033553745 0.0025567966358134376 -0.00011102216022389183 8.8457830792554825e-05 0.00043104034464540655 0.0028604284376298719 0.00055403018608836732 -0.00011568572044576636 0.00052216426876659794 -0.00094665216272938604 -0.0013724434295078259 0.00015737815330485984 -0.0011026685342982816 0.0006268536746880522 0.0013948581952311931 -0.001401587267934729 -0.00019651723313688534 3.097560653659389e-06 -5.1613319772390393e-05 0.00052002471098756213
leaf_weight=945 684 4163 1455 1797 2364 22706 16165 2535 650 8678 1238 999 3796 1609 734 34033 221 15494 21224 364 527 931 9533 480 3431 24386 339 5105 1126 3639 688 5349 232 5764 1028499 1066 1081 1579 370 2819 713 5834 1651 254 9034 27358 1055 249 4172 50003 5937 1008 371 13619 4525 10601 2514 1118 13484 2139 20368 12780
leaf_count=945 684 4163 1455 1797 2364 22706 16165 2535 650 8678 1238 999 3796 1609 734 34033 221 15494 21224 364 527 931 9533 480 3431 24386 339 5105 1126 3639 688 5349 232 5764 1028499 1066 1081 1579 370 2819 713 5834 1651 254 9034 27358 1055 249 4172 50003 5937 1008 371 13619 4525 10601 2514 1118 13484 2139 20368 12780
internal_value=3.47331e-07 -1.09899e-05 0.000178714 0.000281997 0.000383122 -0.000169646 -0.000258633 -2.9562e-05 0.000452732 0.00049413 -3.183e-05 0.000522745 3.72463e-05 0.000147923 -1.6873e-06 0.000133219 0.000669058 0.00070923 -0.00032709 0.000104068 -5.6092e-06 -0.000292142 5.27426e-05 5.83773e-05 0.00033782 -7.98384e-05 2.76731e-05 0.000305062 0.000442956 2.46047e-05 0.000838349 -9.39403e-05 0.00126721 -0.000210578 -3.91978e-06 0.00024873 0.000429051 0.000618994 -0.000329539 0.000777717 0.000517266 -5.64596e-06 9.96661e-05 0.000870746 6.88727e-05 0.000116926 0.000179644 0.000894934 0.000150062 -1.01227e-05 -5.39698e-06 0.00018056 4.53348e-05 0.000116809 -8.9489e-06 9.69486e-05 -0.000239407 0.00033726 -0.0004242 0.000755061 0.000279776 0.000168778
internal_weight=1.42758e+06 1.34227e+06 85316 57238 40503 74343 45463 28880 33870 31506 28078 2237 16735 12939 1.26793e+06 35819 16365 15715 37389 34397 1.23211e+06 7222 11330 8074 3911 25841 6633 15141 10036 26345 1422 5688 1358 6695 1.22488e+06 8312 7246 5795 1451 5111 3532 1.21657e+06 49607 1905 47702 41868 32834 1304 31530 1.16697e+06 1.11696e+06 20935 14998 13990 1.09603e+06 67529 23780 5771 18009 4653 43749 33148
internal_count=1427585 1342269 85316 57238 40503 74343 45463 28880 33870 31506 28078 2237 16735 12939 1267926 35819 16365 15715 37389 34397 1232107 7222 11330 8074 3911 25841 6633 15141 10036 26345 1422 5688 1358 6695 1224885 8312 7246 5795 1451 5111 3532 1216573 49607 1905 47702 41868 32834 1304 31530 1166966 1116963 20935 14998 13990 1096028 67529 23780 5771 18009 4653 43749 33148
is_linear=0
shrinkage=0.05


Tree=40
num_leaves=63
num_cat=0
split_feature=18 19 0 41 39 30 28 42 41 42 18 33 33 35 39 33 45 45 36 35 36 33 39 36 45 0 35 45 35 35 0 41 42 36 35 35 36 39 41 23 36 36 36 41 0 36 34 34 42 35 0 36 33 35 33 35 39 0 42 42 27 42
split_gain=1.03092 0.739648 0.697425 0.557356 0.493782 0.370693 0.375409 0.370372 0.344723 0.319018 0.435732 0.287674 0.457242 0.271191 0.269236 0.50649 0.500806 0.511173 0.600736 0.64116 0.531242 0.643293 0.48617 0.452444 0.390381 0.387915 0.443118 0.378346 0.350272 0.721434 0.69954 0.583157 0.342075 0.596974 0.352553 0.425036 0.400464 0.379898 0.398567 0.333879 0.329774 0.381405 0.325318 0.406422 0.473495 0.323277 0.338193 0.336706 0.307297 0.292857 0.396852 0.277304 0.268962 0.387033 0.263015 0.302806 0.293264 0.493124 0.679212 0.821704 0.534961 0.528265
threshold=-14707.415479399302 -6825.8466162497634 -67853.452435670115 -4.0688653924313225e-05 -1.4601909806557172 -0.0039499303637989926 42.690404709623692 -1.0000000180025095e-35 -0.0010796731715790636 0.026774773062684436 -40175.518309859151 0.19133291614518153 0.11876551568494699 0.059920634920634937 -22.671409965666054 0.031496279966933056 -4.2294197031039129 1.0239850898000682 0.40590606952163016 -0.6363553113553112 -0.83333333333333315 -0.080800248138957795 -41.583537048220592 -2.3331043956043951 -3.7569188191881913 -41149.226550236577 -0.45494662046051565 -4.060180995475112 -0.70541140719962592 -0.6363553113553112 -114039.34859877832 0.0055256183358103504 0.067277890313263936 0.86914184952978069 -0.28302516520926502 0.24320507572656572 -0.86598285285051924 1.0000000180025095e-35 0.0039163123040740636 3.2012036199095024 0.69274475524475554 0.63625112511251136 -0.61663039303546274 0.011589410227607292 -114039.34859877832 1.651239522026039 0.76297485286249345 0.69072164948453629 0.0032143061874097111 0.40667311411992274 -114039.34859877832 0.65985900891561278 -0.11966686148451197 -0.26636085626911304 -0.18483438269915134 -1.0270758122743679 6.9079412195900014 36240.228151500116 0.004486600413370981 -1.0000000180025095e-35 -0.34245097296887644 0.00042714565810146983
decision_type=2 2 2 2 2 2 2 2 2 2 2 2 2 2 2 2 2 2 2 2 2 2 2 2 2 2 2 2 2 2 2 2 2 2 2 2 2 2 2 2 2 2 2 2 2 2 2 2 2 2 2 2 2 2 2 2 2 2 2 2 2 2
left_child=2 14 3 -1 7 -3 8 -5 11 -4 -11 12 -7 -6 15 16 23 18 20 51 -18 -22 -17 -2 27 26 -26 -21 30 48 31 -23 54 34 -34 36 -36 38 -38 -25 41 49 -31 -44 -45 46 -42 -47 -30 50 -28 -20 -9 -54 55 -16 57 60 59 -59 -56 -61
right_child=1 5 9 4 13 6 -8 52 -10 10 -12 -13 -14 -15 32 22 17 -19 19 24 21 28 -24 39 25 -27 40 -29 29 42 -32 -33 33 -35 35 -37 37 -39 -40 -41 45 -43 43 44 -46 47 -48 -49 -50 -51 -52 -53 53 -55 56 -57 -58 58 -60 61 -62 -63
leaf_value=2.4071785369811567e-05 0.0014057559887915799 0.00017838398372401927 -0.00012296510612301424 0.00023624910186013879 0.00019194222994952162 -0.00019004403448268073 -0.00057537701096250561 0.00018786166404857838 -4.3255499036244564e-05 0.0018502887090583661 0.00017453376527129405 5.2182947234283852e-05 -0.00059919497470473863 -0.00044720714457836499 -0.00063864720138420478 0.00078752691343588843 -0.00060181731966396602 0.00012768364775947544 -0.0025775871995596055 -0.00037163083132741383 0.00079400367086076076 0.00066105918791456799 0.00015718327141658593 0.00012723070627994551 0.000791631930437238 0.00013812648539999602 -0.0027614533038405227 -0.0020500700449631111 -0.00068414984106430381 0.00039945012974591218 -0.00021629152573091664 0.0037198973580919409 0.000197161088753501 0.00030185019228666607 5.249118993647922e-05 9.7220552602488028e-05 -0.00020056691492271818 -0.00051281749640436113 0.0013162406418788513 0.0021736274244431113 -0.00022193888865567766 -0.0029689528954271547 -5.3987778874674409e-05 0.00071064499803665318 -0.0016513149437904452 -0.0003961624852976433 0.0014588365811003567 -0.0023889740693184905 -0.0031318671524954533 0.00060950467902167653 -0.00077199559956211191 -0.00036136735979383944 1.9251905192148958e-05 0.00077156992905841164 0.00019352206328638374 -8.0332379394935162e-05 3.9016507141320136e-05 0.00030933706559225913 0.0002509985403105572 -0.00035567382690496684 -5.7072557341575166e-05 -9.4310595034327512e-06
leaf_weight=17743 708 9843 21687 11291 10257 45958 4765 3340 65691 453 2700 9162 8020 1980 2544 4281 3922 33712 474 738 2441 363 10716 58554 626 4246 293 616 253 3881 854 273 5230 7048 6251 7782 8995 19811 455 200 2138 232 44351 288 806 624 348 321 260 302 1735 201 1944 14176 22525 53513 385254 15476 36796 15043 390657 41153
leaf_count=17743 708 9843 21687 11291 10257 45958 4765 3340 65691 453 2700 9162 8020 1980 2544 4281 3922 33712 474 738 2441 363 10716 58554 626 4246 293 616 253 3881 854 273 5230 7048 6251 7782 8995 19811 455 200 2138 232 44351 288 806 624 348 321 260 302 1735 201 1944 14176 22525 53513 385254 15476 36796 15043 390657 41153
internal_value=2.91581e-07 -1.04475e-05 0.000168553 0.000259843 0.000357156 -0.000117742 -0.00013956 0.000464055 -0.000123441 -5.46426e-05 0.000415294 -0.000206865 -0.000250835 8.85251e-05 2.40668e-06 5.90036e-05 3.3534e-05 -3.24871e-05 -0.000108985 -0.000417528 -4.00263e-05 9.5092e-07 0.000337119 0.000149337 -0.000334659 -0.000234891 -0.000474177 -0.00113523 -3.67635e-05 -5.93474e-05 0.000718647 0.00197405 -7.52633e-06 -0.000128146 -0.000190602 -0.000237445 -0.000310783 -0.000388389 -0.000127535 0.000134197 -0.000606398 -0.00103561 -3.99473e-05 -7.74718e-05 -0.00102952 -0.000285892 1.33426e-05 -0.00107309 -0.00192471 -0.000843111 -0.00105943 -0.00191765 0.000596231 0.000680844 -5.65406e-07 -0.00010567 5.93126e-06 -1.85032e-05 7.63776e-05 -1.32718e-05 -4.34112e-05 -0.000102116
internal_weight=1.4263e+06 1.34073e+06 85571 60731 42988 143439 133596 30751 128831 24840 3153 63140 53978 12237 1.19729e+06 178757 163760 104298 70586 12894 57692 53770 14997 59462 12219 10865 6619 1354 51329 49839 1490 636 1.01853e+06 55572 48524 43294 35512 29261 9450 58754 5993 2562 49326 45445 1094 3431 2486 945 513 2330 2028 675 19460 16120 962961 56057 906904 521650 108468 71672 413182 56196
internal_count=1426300 1340729 85571 60731 42988 143439 133596 30751 128831 24840 3153 63140 53978 12237 1197290 178757 163760 104298 70586 12894 57692 53770 14997 59462 12219 10865 6619 1354 51329 49839 1490 636 1018533 55572 48524 43294 35512 29261 9450 58754 5993 2562 49326 45445 1094 3431 2486 945 513 2330 2028 675 19460 16120 962961 56057 906904 521650 108468 71672 413182 56196
is_linear=0
shrinkage=0.05


Tree=41
num_leaves=63
num_cat=0
split_feature=18 18 0 41 31 30 43 41 39 42 0 45 41 31 24 42 41 36 43 0 39 32 31 36 42 45 36 38 34 33 41 18 38 44 42 0 38 34 36 34 0 34 32 31 39 32 41 36 39 39 0 38 41 41 32 32 31 39 42 33 0 36
split_gain=0.930402 0.651727 0.644383 0.541876 0.410832 0.393672 0.365175 0.367779 0.35331 0.449561 0.45642 0.344717 0.362634 0.321954 0.2908 0.275424 0.671926 0.671978 0.570012 0.534814 0.553576 0.384195 0.377078 0.360606 0.34239 0.31572 0.300851 0.283542 0.270578 0.263303 0.254752 0.254243 0.236325 0.226551 0.333739 0.664904 0.468557 0.285584 0.314485 1.10091 0.28403 0.325396 0.264773 0.236956 0.311496 0.348997 0.227874 0.224216 0.22146 0.220412 0.436729 0.258516 0.21998 0.21982 0.473838 0.3749 0.374427 0.328954 0.739373 0.602935 0.525163 0.483703
threshold=-14707.415479399302 -121.98437499999999 -90964.618262744683 0.001949032441605406 -0.97608612804878081 -0.0040889399720757062 -1.9218559218559215 0.0075835994025818974 -19.338304504512703 0.0076969946067523762 -20676.477580526236 -5.5799092939822641 0.0058502813571126812 1.3482930571538165 -3.1722988382388446 -0.13831122970648593 0.0075835994025818974 0.84206349206349229 -2.4400917065390746 -76187.072496143621 -37.038761856474885 -0.037347085671827936 0.063164893617021725 -0.40619525402134088 -0.1968360931228246 -2.3641098484848482 1.0185248713550603 -18.655478482341874 0.17477375565610867 -0.13136324417601378 -0.0010648350745202019 -45730.713498187019 17.04327568785255 -10.08534080298786 0.019298565325819438 -154087.2137401246 -5.7494104673141413 0.29097501310501489 -0.77884615384615385 0.40540540540540537 1504.5275221876075 0.43214285714285722 -0.7489837398373983 3.0901449275362327 23.965671286198052 3.0353921256500063 0.0075835994025818974 2.7187136393018752 -34.040394006054591 -4.9280545813750942 -86877.686679055871 -26.52664794344026 0.0082156724220282511 0.0033064227770979514 -0.037177104184539123 -0.038744172265337766 -2.974063240521327 -3.4032830804610508 -0.0022704359304719073 -0.046510371650821079 -43420.003760385036 -1.1369648869648867
decision_type=2 2 2 2 2 2 2 2 2 2 2 2 2 2 2 2 2 2 2 2 2 2 2 2 2 2 2 2 2 2 2 2 2 2 2 2 2 2 2 2 2 2 2 2 2 2 2 2 2 2 2 2 2 2 2 2 2 2 2 2 2 2
left_child=2 15 3 29 -5 -3 30 14 9 10 52 12 -6 -13 -8 16 17 19 25 20 27 22 -22 -20 -23 28 -19 -2 49 -1 -7 -11 -25 34 37 36 -36 46 39 -39 -40 -42 -37 47 -45 -46 -17 53 -14 50 51 -18 -4 -35 55 56 -55 58 59 61 -59 -56
right_child=1 5 8 4 11 6 7 -9 -10 31 -12 13 48 -15 -16 33 18 26 23 -21 21 24 -24 32 -26 -27 -28 -29 -30 -31 -32 -33 -34 43 35 42 -38 38 40 -41 41 -43 -44 44 45 -47 -48 -49 -50 -51 -52 -53 -54 54 57 -57 -58 60 -60 -61 -62 -63
leaf_value=-0.0001458638284173477 0.0023967279179658799 0.00023291153125364219 0.00028377006416759504 -0.0001468386293510581 0.00074426553441431394 -0.00015963397934920916 -0.0008566851066210174 0.0013330068971143501 -0.00014884002706878614 0.0018370514815031391 -0.00036136201705640317 0.00055919551293568933 0.003335601494679374 -0.00010762176072396795 -0.00022932735841668233 1.8700800858305651e-06 0.00071148205580435771 -0.0012636746992709751 0.0018111846277133273 -8.8187792413749771e-05 0.00018087424262066765 0.00091838125492588055 -0.0015658643770146566 -7.1994559637726774e-05 0.00033534193181797105 -0.0015324350319673987 -8.0004609187656525e-05 0.00088589865636443826 0.00037720948944601354 0.00022257503356036036 3.0656260712847832e-07 0.00047695813175385428 0.0015626205330344794 7.7164200629909249e-07 -0.0018914054806497519 -0.00085884062628399638 -0.00041508654976914276 -0.0040310486985364628 -0.00031273502069422863 -0.00040396429225150076 0.00089179933159326508 -0.00025505385727830156 -0.00010319668443842753 8.3004706267539861e-05 0.00099284592963244547 3.7510847053082066e-05 -0.00059820150054817021 -0.00035896135337288947 0.0014391274567926331 6.0744928013727055e-05 -0.0018543440611987847 -0.00069262802238162578 -0.00090137470063715109 0.0011276723649803683 -0.0011137520083898886 0.00092958810633256511 0.00016052802792262591 0.00035238873884447722 0.00019640347201895511 -0.00053869968588819445 -4.6351461950402847e-05 0.0016016209437362734
leaf_weight=6188 573 8082 8698 2273 2799 45656 1930 367 18730 374 5073 11481 215 2149 43034 181418 405 785 391 3913 1445 4507 393 1664 5706 662 1698 678 973 22412 54755 4227 255 831653 908 1198 1317 237 6483 1784 1234 1240 35843 15982 2220 1679 1596 4183 542 1059 714 1720 410 1081 225 2222 13480 13730 8652 9676 20718 605
leaf_count=6188 573 8082 8698 2273 2799 45656 1930 367 18730 374 5073 11481 215 2149 43034 181418 405 785 391 3913 1445 4507 393 1664 5706 662 1698 678 973 22412 54755 4227 255 831653 908 1198 1317 237 6483 1784 1234 1240 35843 15982 2220 1679 1596 4183 542 1059 714 1720 410 1081 225 2222 13480 13730 8652 9676 20718 605
internal_value=2.77002e-07 -9.92517e-06 0.000160125 0.000281346 0.000484888 -0.000106759 -0.000125595 -0.000243389 4.82151e-06 0.000158058 1.87207e-05 0.00056844 0.00100685 0.00045406 -0.000256256 2.62462e-06 0.000158897 0.000314734 -0.000232494 0.000425644 0.000576797 0.000472872 -0.000192612 0.000427205 0.000592637 -0.000507914 -0.000454222 0.00157791 -0.000368675 0.000142858 -7.2417e-05 0.000587516 0.000145216 -1.08768e-06 -4.51285e-05 -0.000178063 -0.00101756 -1.82211e-05 -0.000265921 -0.000829308 -0.000138802 0.000316982 -0.000127636 1.00049e-05 0.00018076 0.000581456 -3.36293e-06 6.2588e-06 0.00197776 -0.00055486 -0.000784492 -0.000425021 0.00023042 7.95242e-06 9.2794e-05 0.000324643 0.000232328 2.02067e-05 -0.000145881 -0.000427762 0.000112575 0.000865526
internal_weight=1.4263e+06 1.34073e+06 85571 48059 19459 153824 145742 45331 37512 18782 14181 17186 3556 13630 44964 1.1869e+06 27541 19698 7843 17215 13302 12051 1838 2310 10213 5533 2483 1251 4871 28600 100411 4601 1919 1.15936e+06 233258 39266 2225 193992 10978 2021 8957 2474 37041 926106 19881 3899 183014 906225 757 3898 2839 2125 9108 902042 70389 16783 14561 53606 19158 10506 34448 830
internal_count=1426300 1340729 85571 48059 19459 153824 145742 45331 37512 18782 14181 17186 3556 13630 44964 1186905 27541 19698 7843 17215 13302 12051 1838 2310 10213 5533 2483 1251 4871 28600 100411 4601 1919 1159364 233258 39266 2225 193992 10978 2021 8957 2474 37041 926106 19881 3899 183014 906225 757 3898 2839 2125 9108 902042 70389 16783 14561 53606 19158 10506 34448 830
is_linear=0
shrinkage=0.05


Tree=42
num_leaves=63
num_cat=0
split_feature=19 27 23 33 0 37 35 0 36 28 30 36 33 35 33 37 32 0 42 37 4 2 2 45 45 45 36 35 36 31 36 37 37 37 0 42 36 35 0 40 31 31 36 42 35 35 36 36 38 40 32 27 33 37 0 35 40 37 45 38 0 35
split_gain=0.806492 0.784114 0.645518 0.516019 0.502467 0.427911 0.384723 0.370707 0.357193 0.319428 0.322051 0.289294 0.469142 0.368711 0.432143 0.286713 0.932129 0.282006 0.278023 0.713476 0.648054 0.557351 0.441809 0.403552 0.585004 0.377843 0.356342 0.291352 0.385277 0.407339 0.285777 0.27729 0.435998 0.382179 0.679428 0.329271 0.267188 0.339722 0.32598 0.521917 0.287979 0.657065 0.261463 0.250553 0.827235 0.890983 0.418375 0.304055 0.263498 0.261056 0.24815 0.246181 0.240948 0.234249 0.232412 0.231471 0.226013 0.225876 0.224857 0.263541 0.332093 0.224127
threshold=-40924.617001488084 -2.0596404969600814 -0.2869626801330209 -0.18483438269915134 -107703.06315723457 -0.13312520313007822 0.17922473867595826 171256.57434400645 -3.3366577271203481 -5.2212158808932978 -0.0013792052270712354 -2.1528262940616063 -0.80866708385481834 -0.57806549885757785 0.11876551568494699 0.84366576819407024 -0.033644977360389058 -62934.66074085002 -0.11629081076226738 -0.13636486313246829 3.3306690738754701e-16 1.6653345369377351e-16 -1.6653345369377346e-16 -6.4867142387681325 -6.4879722881519006 5.0098443888921196 -1.0000000180025095e-35 0.12394464546435598 0.060535588442565187 -0.17984374999999983 0.72213347532836369 -0.36750656794841169 -0.087935519638364087 -0.13636486313246829 -88221.515046587432 0.01029174994885463 1.8062868240018435 -0.6363553113553112 -98554.000415681614 -22.092921748530795 4.6177489177489184 3.2933270315777037 0.041505376344086027 0.067277890313263936 0.24320507572656572 -1.0000000180025095e-35 0.92075214692934992 -0.77884615384615385 11.866994909728279 -12.745437956060153 -0.34658275199676464 -13.336620046620043 0.7311038426451284 -0.13312520313007822 -190649.66014407724 1.3898567323728577 7.0733177160823404 0.95324643782383434 -4.8190116241454417 13.802221642369132 -34626.778340966754 -1.0000000180025095e-35
decision_type=2 2 2 2 2 2 2 2 2 2 2 2 2 2 2 2 2 2 2 2 2 2 2 2 2 2 2 2 2 2 2 2 2 2 2 2 2 2 2 2 2 2 2 2 2 2 2 2 2 2 2 2 2 2 2 2 2 2 2 2 2 2
left_child=1 3 7 -1 5 -5 8 -2 -3 10 51 12 -4 -14 -15 18 57 53 19 26 21 22 -21 24 30 27 -13 28 29 -25 -24 35 33 34 50 -20 43 -38 39 -39 41 -41 -31 48 45 52 47 -47 -34 -46 -33 -7 -45 -10 -52 56 -50 58 59 60 -17 -28
right_child=2 6 11 4 -6 9 -8 -9 17 -11 -12 15 13 14 -16 16 -18 -19 31 20 -22 -23 23 25 -26 -27 61 -29 -30 42 -32 32 36 -35 -36 -37 37 38 -40 40 -42 -43 -44 44 49 46 -48 -49 55 -51 54 -53 -54 -55 -56 -57 -58 -59 -60 -61 -62 -63
leaf_value=-7.2274552809954259e-05 -8.6326989452569519e-05 -0.0010528698788733984 -0.00063793928363159859 -0.00010452539558146841 0.00016197528542018759 0.0015621994427558253 -0.00022450535439300521 -0.00034359655546938413 -0.00036167790537094496 -0.00017731555150511679 0.00073751090699092272 3.5045588078180405e-05 -0.00067908567314231365 0.0003819449771243105 -0.00030748173111577699 7.0974370956011082e-05 -0.0006000521918226603 -0.00011674163623824975 3.3099066015005802e-05 -0.00167524413274598 -0.0010709432480094435 -0.0015596353203455409 0.00062736318346658711 0.00013961769731379032 0.0024980563576454517 0.00072775368926831867 -0.00057734600663143006 -0.00020681522033617623 -3.0642859322388274e-05 0.00051814769396860052 -0.00093484466489748743 -0.0014737271686160068 -1.9602268952672819e-05 -0.00035927072118125482 7.097339230630265e-05 0.00051533066328926383 -0.00049939650312414471 -0.00089176562687156918 0.00013824399141168351 0.00063919162459837617 9.6110430087580553e-05 0.002706710820988768 0.0013362566316650691 0.00022103965825318861 0.00088893821869203749 9.1230364486995645e-05 0.00039089207994143628 -0.00042330729729811727 0.0001250329320768398 0.00019828973987953507 -0.00090027964449494475 0.00022948040781333286 -0.0012908664743493622 0.00018657512784654156 -0.00019416114903679968 -0.00046024846980873056 1.5724948116922426e-05 0.0020470119997847455 0.00028791438598856919 -0.00018969564592684286 0.0015199968329966552 -0.0023169721999854063
leaf_weight=10202 108907 702 1633 2782 25369 368 14660 16068 2067 1397 14046 492 1032 17117 2621 542 2346 12982 10316 299 1011 437 3978 5864 406 2852 293 5347 8963 3198 316 622 729869 16265 22434 5389 1834 426 20250 1120 628 585 1406 10980 1721 3190 1905 28726 64999 6675 1709 5934 270 33928 3663 2284 173574 242 4626 468 1462 503
leaf_count=10202 108907 702 1633 2782 25369 368 14660 16068 2067 1397 14046 492 1032 17117 2621 542 2346 12982 10316 299 1011 437 3978 5864 406 2852 293 5347 8963 3198 316 622 729869 16265 22434 5389 1834 426 20250 1120 628 585 1406 10980 1721 3190 1905 28726 64999 6675 1709 5934 270 33928 3663 2284 173574 242 4626 468 1462 503
internal_value=2.63152e-07 0.000121874 -1.13609e-05 0.000251739 0.000317989 0.000479358 5.69322e-07 -0.000119404 6.69876e-05 0.000554058 0.000604271 1.12344e-07 0.000178069 0.000242226 0.000290396 -3.34093e-06 0.000267548 8.30388e-05 -5.63289e-06 0.000132377 0.000176038 0.000214165 0.000237922 0.000255615 0.000683926 0.000182758 -0.00102279 0.000120027 0.000209968 0.000415985 0.000512399 -1.00322e-05 -1.30275e-05 -0.000165972 -5.53761e-05 0.000198572 -6.51153e-06 0.00015551 0.000207711 0.000717574 0.00101143 0.00134858 0.000767987 -1.04415e-05 -0.000115816 -0.0002007 -0.000328916 -0.000371879 -4.6376e-06 0.000339858 -0.00052827 0.000307303 0.000184754 0.000155092 -0.000418799 4.07098e-05 4.55058e-05 0.000544849 0.000493635 0.000878611 0.0011281 -0.00167663
internal_weight=1.4263e+06 124437 1.30186e+06 60098 49896 24527 64339 124975 49679 21745 20348 1.17689e+06 22403 20770 19738 1.15448e+06 9686 48977 1.1448e+06 35365 34077 33066 32629 32330 4700 27630 1288 24778 19431 10468 4294 1.10943e+06 1.09373e+06 44693 28428 15705 1.04904e+06 24843 23009 2759 2333 1705 4604 1.02419e+06 53467 45071 33821 31916 970726 8396 5994 6302 11250 35995 5372 240857 238573 7340 7098 2472 2004 796
internal_count=1426300 124437 1301863 60098 49896 24527 64339 124975 49679 21745 20348 1176888 22403 20770 19738 1154485 9686 48977 1144799 35365 34077 33066 32629 32330 4700 27630 1288 24778 19431 10468 4294 1109434 1093729 44693 28428 15705 1049036 24843 23009 2759 2333 1705 4604 1024193 53467 45071 33821 31916 970726 8396 5994 6302 11250 35995 5372 240857 238573 7340 7098 2472 2004 796
is_linear=0
shrinkage=0.05


Tree=43
num_leaves=63
num_cat=0
split_feature=18 39 28 41 30 42 31 41 34 31 35 31 44 39 37 42 35 37 37 42 31 32 37 39 31 37 40 32 41 40 39 33 37 33 33 41 34 39 45 42 31 44 39 41 31 42 33 39 37 31 45 31 32 31 34 45 40 38 31 35 35 35
split_gain=0.766199 0.752154 0.65992 0.647109 0.546703 0.440865 0.362075 0.430869 0.351416 0.302437 0.280065 0.265037 0.248686 0.360742 0.38764 0.336197 0.310111 0.258576 0.257784 0.624957 0.726187 0.315201 0.293825 0.265754 0.250418 0.247937 0.245479 0.564284 0.400198 0.268213 0.24073 0.239111 0.236711 0.257266 0.270577 0.236056 0.2306 0.230138 0.441054 0.468679 0.451815 0.400184 0.364976 0.361048 0.631956 0.528926 0.510927 0.507332 0.630786 0.54041 0.388967 0.446803 0.735264 0.704185 0.627498 0.538203 0.532298 0.505794 0.465076 0.45367 0.611802 0.411167
threshold=-9225.6369047619028 -3.86096800467099 2.7234262655906094 6.7118536731276316e-05 -0.0014547222510235729 1.3799596811032387e-05 1.9128787878787878 0.0070206220873379431 -0.13307291666666662 0.12512010981468771 0.049390243902439075 -3.4722152217741931 -0.59032634032634002 -14.519183539118659 0.86233986488380576 0.067277890313263936 0.48000000000000026 -0.47926234213547642 -0.13324958123953096 -0.049268746739744983 2.1927627322303356 -0.037540468801319123 -0.13693225157756048 -11.420251706085876 0.25288193180439272 -0.13312520313007822 17.829316633119927 -0.041219530049044696 0.0012993761127279707 19.392463456995383 -26.565912358361274 -0.46206174777603348 0.86687479686992186 -0.1692089206816747 0.75748880748880765 0.0034451994157618971 -0.30295513373597899 5.4773637741146013 -4.7087824170515953 -0.081507459602676066 -0.44444444444444448 -12.563353991441639 -9.3837283848655595 0.0012515291451960097 2.4971590909090913 -0.1709937891457482 0.029197253137579929 -3.86096800467099 0.2989988448209473 0.74745814932730836 1.2912175829484045 0.050635832222336592 -0.012681159420289854 0.048199767711962778 0.40353940783986664 -4.5119318181818171 -14.009515212989122 -4.1779037135627792 0.076923076923076886 -0.71576037604828791 -0.70541140719962592 -1.0000000180025095e-35
decision_type=2 2 2 2 2 2 2 2 2 2 2 2 2 2 2 2 2 2 2 2 2 2 2 2 2 2 2 2 2 2 2 2 2 2 2 2 2 2 2 2 2 2 2 2 2 2 2 2 2 2 2 2 2 2 2 2 2 2 2 2 2 2
left_child=1 3 12 -1 11 8 9 -8 -5 25 35 -4 17 14 16 -15 26 -2 19 20 21 -19 -21 -24 -18 30 -14 28 -28 -30 -6 -10 33 -7 -35 -3 -11 38 39 -20 -41 -39 -42 45 46 -40 47 48 50 -50 51 53 -53 55 58 -45 57 -57 -54 -58 -61 -62
right_child=2 10 4 5 6 32 7 -9 31 36 -12 -13 13 15 -16 -17 24 18 37 22 -22 -23 23 -25 -26 -27 27 -29 29 -31 -32 -33 -34 34 -36 -37 -38 41 43 40 42 -43 -44 44 -46 -47 -48 -49 49 -51 -52 52 54 -55 -56 56 59 -59 -60 60 61 -63
leaf_value=4.0976224261404439e-05 0.00038096340831961955 -2.6733586456285128e-05 -0.00060634409695682764 -0.00053299535157061418 0.0014380530117511557 0.00012465848676015677 6.2851342405036804e-05 0.002250850796322923 -0.00046791237447874761 1.4842799662215227e-05 -0.00027163728072228372 4.2181420275516694e-05 7.2098983973933e-05 1.5794245009449308e-05 0.0010678237258345987 -0.00031135480348644699 0.0012843321723289211 -0.00083627072115434551 0.00043360107163664137 6.7326658677189084e-05 -0.0025441076009184256 -0.00012473326734239982 0.00015494274697050759 -0.00032025175611328718 0.00032983482627392161 -0.0001874661663103082 0.00044155863076761185 7.0376551752231311e-05 0.0032539318064959927 0.0013184121523044804 0.00010914625942046492 0.00027401046516497532 -0.00064795355309661706 0.0005904110625958893 -0.00011052068186851707 0.00031579314676378128 -0.00042751524733133792 -9.0450921162122766e-05 0.0010107620084418188 -0.00019680347485311959 0.00016664311820296877 4.2382633987978552e-05 -3.8060195534921098e-05 -0.0021390990271187324 -0.00092305184671846198 -3.836583121836099e-05 0.00043483437425929781 5.4709822186231296e-05 -0.00046716955159576226 -0.0023075120433877576 0.00015688401898197361 0.00014507618356651925 -0.0023526193970272152 0.0014249954145043701 0.00046994300271348548 5.0289485125821004e-05 -0.0015146877883064896 0.0013813918481667539 -0.00075982135973151621 0.0014845449455558124 -0.00072018857294297439 -0.00010293424752241074
leaf_weight=30488 4181 32293 1639 1757 413 4294 6557 233 1180 3361 9910 40603 81087 137175 1075 8330 895 2771 7658 22157 437 3551 3822 12782 2959 35641 818 3406 283 487 1949 13630 473 21722 1470 5958 23867 67950 1206 18390 48985 342474 39200 349 2635 313131 3730 17559 967 679 5634 3264 483 697 1010 3635 746 888 8959 491 4124 7802
leaf_count=30488 4181 32293 1639 1757 413 4294 6557 233 1180 3361 9910 40603 81087 137175 1075 8330 895 2771 7658 22157 437 3551 3822 12782 2959 35641 818 3406 283 487 1949 13630 473 21722 1470 5958 23867 67950 1206 18390 48985 342474 39200 349 2635 313131 3730 17559 967 679 5634 3264 483 697 1010 3635 746 888 8959 491 4124 7802
internal_value=2.49994e-07 0.000119447 -1.10169e-05 0.000218448 -0.000125789 0.000339968 -0.000209549 0.000137933 0.00013558 -0.000245718 -3.4753e-05 1.70185e-05 1.3983e-08 4.59019e-05 0.000123981 -2.93468e-06 0.000112699 -1.13823e-05 -1.31123e-05 -0.000129207 -0.000572867 -0.000436608 -5.18436e-05 -0.000210869 0.000551494 -0.000154589 9.30533e-05 0.000433285 0.00121167 0.00202978 0.000341508 0.000214897 0.000461077 0.000480162 0.000545983 2.66186e-05 -0.000372911 -7.25771e-06 -3.03114e-05 5.57838e-05 2.86356e-05 2.03906e-05 7.56484e-05 -5.63305e-05 -0.000164924 -3.43407e-05 -0.000132185 -0.000169104 -0.000268025 -0.00122634 -0.000226604 -0.00029319 -0.000510016 -0.000134425 -0.000714592 -0.000194692 -0.000156322 0.000311625 -0.0008413 -0.000317116 -0.000245167 -0.00031638
internal_weight=1.4263e+06 123175 1.30312e+06 75014 114263 44526 72021 6790 16567 65231 48161 42242 1.18886e+06 236515 91010 145505 89935 952347 948166 45520 6759 6322 38761 16604 3854 38003 86081 4994 1588 770 2362 14810 27959 27486 23192 38251 27228 902646 492222 114233 106575 410424 88185 377989 63652 314337 61017 57287 39728 1646 38082 32448 13716 18732 10452 18035 17686 4523 9442 13163 12417 11926
internal_count=1426300 123175 1303125 75014 114263 44526 72021 6790 16567 65231 48161 42242 1188862 236515 91010 145505 89935 952347 948166 45520 6759 6322 38761 16604 3854 38003 86081 4994 1588 770 2362 14810 27959 27486 23192 38251 27228 902646 492222 114233 106575 410424 88185 377989 63652 314337 61017 57287 39728 1646 38082 32448 13716 18732 10452 18035 17686 4523 9442 13163 12417 11926
is_linear=0
shrinkage=0.05


Tree=44
num_leaves=63
num_cat=0
split_feature=18 39 28 30 33 0 42 33 36 30 18 37 36 36 30 37 27 39 34 34 0 37 22 0 37 0 0 44 36 39 36 42 0 40 36 40 30 27 30 39 24 40 37 39 36 37 37 37 38 37 0 36 39 37 21 21 34 34 32 33 36 18
split_gain=0.691495 0.678819 0.595578 0.493657 0.372265 0.367693 0.503005 0.344356 0.328322 0.309343 0.278696 0.277216 0.2611 0.3331 0.360929 0.291924 0.28704 0.248846 0.305862 0.276771 0.244737 0.333239 0.286357 0.242833 0.268972 0.239705 0.227569 0.226187 0.235268 0.467357 0.284538 0.283104 0.224243 0.307978 0.293664 0.219619 0.217304 0.216647 0.318327 0.255443 0.217031 0.228914 0.203329 0.221517 0.240802 0.202379 0.230369 0.241155 0.231641 0.203474 0.202114 0.194807 0.193448 0.246185 0.193083 0.293756 0.18893 0.199601 0.18889 0.19233 0.188265 0.184792
threshold=-9225.6369047619028 -3.86096800467099 2.7234262655906094 -0.0013936052903334654 -0.4723072215422276 -54574.737954921155 0.0075019170983038437 -0.085367264314632721 2.1847872615776693 0.0014339399834102026 -43728.81965174128 -0.13358543426264444 0.23717105263157903 1.0000000180025095e-35 -0.0013936052903334654 -1.0000000180025095e-35 -12.731315789473683 13.413280357523165 -0.66666666666666619 -0.30295513373597899 156569.84678214215 -0.13312520313007822 9952.1440770348854 -126606.48307440981 -0.13300191588640645 964356.60995407775 52886.586712598102 42.771918181199382 -0.25551114341085263 -22.193261029049669 0.24216524216524213 -0.12649477202283313 -339519.7411977594 -21.395576489671981 0.97911217669282202 -17.686730084552533 -0.0041636937604071847 -3.5389029003783103 -0.00038108270510438209 -20.403820439855512 2.5038711288711286 -7.6342750461320223 -0.47926234213547642 -5.3472589684018912 -0.8080557007746777 0.95324643782383434 0.93013194895089779 0.84366576819407024 -6.4632617138730799 0.93128368126406125 -23611.590024554691 -2.6096096096096089 -15.447452485604538 -0.072491426042703824 -2315.0055865921781 -3797.8720320943175 -1.3983763345195728 -1.3063945578231289 -0.29098722788979031 -0.031088917525773193 0.39415279556124633 -21381.900062626453
decision_type=2 2 2 2 2 2 2 2 2 2 2 2 2 2 2 2 2 2 2 2 2 2 2 2 2 2 2 2 2 2 2 2 2 2 2 2 2 2 2 2 2 2 2 2 2 2 2 2 2 2 2 2 2 2 2 2 2 2 2 2 2 2
left_child=1 4 27 36 8 11 26 25 -1 17 -8 -6 13 14 16 -15 -13 18 -9 -20 -21 22 -22 24 -3 -5 -7 42 29 -29 31 -30 -14 34 -34 -32 60 38 58 40 41 -40 43 -2 -45 46 47 56 50 -48 -49 -38 53 -12 55 -17 -44 -58 -16 -60 -4 -25
right_child=2 23 3 7 5 6 10 9 -10 -11 52 12 32 15 37 54 -18 -19 19 20 21 -23 -24 61 -26 -27 -28 28 30 -31 35 -33 33 -35 -36 -37 51 -39 39 -41 -42 -43 45 44 -46 -47 49 48 -50 -51 -52 -53 -54 -55 -56 -57 57 -59 59 -61 -62 -63
leaf_value=-0.00043766276475715654 -0.00060938627001752663 -0.00049300222255555285 8.4107338353666455e-05 3.3427291671480103e-05 -0.00026449741882901963 2.2700431002616083e-05 0.0015457716736468211 -0.0011845976142978783 0.0013902963557306533 8.324273982032291e-05 -0.00047311193989079293 0.0013854053293032304 0.00067949736052361535 0.00017853546790371912 0.0014109892285679073 0.00046716654840622162 6.7640626746127215e-05 -0.00044775584746959454 0.00027542357420064635 -0.00015446743985301351 -2.7875139227328491e-05 -0.00056206776979820714 0.0020654842864743384 -0.00037375746907862453 0.00024009895842971971 0.0013731077563552546 -0.00040877127816306636 0.0010026356781338537 0.0013549312484188137 3.8107178975245045e-05 0.00077335643786913852 -6.2040395521177885e-05 0.00047081389413939679 4.6933845667642425e-05 0.002327882785431556 0.00017513871810990127 -0.00065099469409648516 0.0002909802302905621 0.0026848861896734237 0.00041653229969339407 0.00044644758355871951 0.0012031131217477972 -0.00028146087675274482 0.00096130413021841196 0.00017343790481073477 0.0011987249811814885 -0.0012433395358698524 0.0001928437083493772 -3.5777500083817252e-05 -3.5058152326337161e-05 0.00092861304290099006 -1.4233087719248177e-05 -0.00024322343346840615 0.00060545777313952972 0.00086098961872013127 0.0026031301338160662 0.00067100919820822693 -5.6147328104238917e-06 0.0014125944783482764 0.0003398567172577059 0.00063797503935725264 -5.2182130224396949e-05
leaf_weight=3210 570 1411 4557 8844 2042 10569 511 795 266 6454 605 431 1976 1338 524 258 10031 16125 2904 25964 775 8076 207 5235 11046 347 4299 2141 359 3038 1925 19479 1066 14373 266 7558 1243 6714 532 663 307 511 6212 1463 2877 349 707 1889 2961 687 1845 35659 1184 4215 2716 428 1091 1133711 452 5527 2313 30469
leaf_count=3210 570 1411 4557 8844 2042 10569 511 795 266 6454 605 431 1976 1338 524 258 10031 16125 2904 25964 775 8076 207 5235 11046 347 4299 2141 359 3038 1925 19479 1066 14373 266 7558 1243 6714 532 663 307 511 6212 1463 2877 349 707 1889 2961 687 1845 35659 1184 4215 2716 428 1091 1133711 452 5527 2313 30469
internal_value=2.37495e-07 0.000113475 -1.0466e-05 -0.000119499 0.000207526 0.000232078 5.84716e-05 -0.000201395 -0.000297779 -0.000244187 0.000424817 0.000306094 0.000330311 0.000419094 0.000348041 0.000804219 0.000121928 -0.000282717 -0.000213988 -0.000193642 -0.000232537 -0.000456316 0.000413393 -3.30153e-05 0.000157061 8.4006e-05 -0.000102057 1.32838e-08 0.000126167 0.000436844 7.12917e-05 -3.63981e-05 0.0001775 0.000114338 0.00084167 0.000296574 1.23867e-05 0.000503365 0.000670809 0.00122025 0.00161497 0.00195892 -3.75702e-06 0.000317315 0.000439025 -5.12852e-06 -5.49415e-06 -4.71392e-06 0.000294494 -0.000647867 0.000556393 -3.56816e-05 0.000329413 0.000470077 0.0010503 0.00179981 -6.46955e-06 -4.96423e-06 0.000500729 0.000420953 0.000270584 -9.93322e-05
internal_weight=1.4263e+06 123175 1.30312e+06 114263 75014 71538 21383 70491 3476 61300 6515 50155 48113 30432 25692 4740 10462 54846 38721 37926 35022 9058 982 48161 12457 9191 14868 1.18886e+06 34500 5179 29321 19838 17681 15705 1332 9483 43772 15230 8516 2013 1350 1043 1.15436e+06 4910 4340 1.14945e+06 1.1491e+06 1.14771e+06 6695 1394 3734 36902 6004 4820 3402 686 1.14101e+06 1.1348e+06 6503 5979 6870 35704
internal_count=1426300 123175 1303125 114263 75014 71538 21383 70491 3476 61300 6515 50155 48113 30432 25692 4740 10462 54846 38721 37926 35022 9058 982 48161 12457 9191 14868 1188862 34500 5179 29321 19838 17681 15705 1332 9483 43772 15230 8516 2013 1350 1043 1154362 4910 4340 1149452 1149103 1147709 6695 1394 3734 36902 6004 4820 3402 686 1141014 1134802 6503 5979 6870 35704
is_linear=0
shrinkage=0.05


Tree=45
num_leaves=63
num_cat=0
split_feature=41 27 30 0 33 31 33 36 35 33 0 31 33 30 31 32 30 0 43 45 40 39 33 32 35 32 32 36 32 0 36 0 35 35 39 0 36 31 32 32 41 35 35 39 32 0 0 33 39 31 32 35 31 45 36 39 31 23 39 31 39 32
split_gain=0.663877 0.980437 0.745588 0.745164 0.451208 0.681384 0.336478 0.377698 0.335299 0.390136 0.469548 0.331034 0.317736 0.289924 0.306233 0.285844 0.270089 0.267816 0.264147 0.283256 0.248769 0.239672 0.239065 0.234576 0.229852 0.346735 0.429626 0.37861 0.504939 1.34066 0.657529 0.426421 0.393192 1.19317 0.819642 0.499234 0.51461 0.456604 0.51498 0.639695 0.394982 0.39029 0.478088 0.333311 0.325641 0.320362 0.317829 0.614438 0.68403 0.57548 0.503071 0.429236 0.390244 0.331168 0.324051 0.307869 0.306561 0.305242 0.29173 0.290468 0.525741 0.644384
threshold=-0.00060592858421064865 -1.9602808768839279 -0.00073480358524145178 -44908.369985509744 -0.048781648581762795 3.0901449275362327 0.029197253137579929 -2.9397991071428566 -0.34430979978925175 -0.18483438269915134 -118687.54558637746 1.0258563241370116 0.15281100478468904 -0.00057487056733775816 -3.1999999999999993 3.9024470572736552 -0.0041636937604071847 61406.403774232087 -10.186093422457777 -8.077871570696411 -30.122629398036846 -14.79067239056682 0.11876551568494699 0.25564588979223118 1.3898567323728577 0.58571708463949856 0.59098901098901113 0.060535588442565187 0.43978021978021981 -59982.613989970363 0.57259552042160722 -89563.022666775578 -1.0000000180025095e-35 -0.033771225817352361 17.744943477697102 -62934.66074085002 1.0000000180025095e-35 0.69629880006760214 0.25101626016260165 0.24900000000000003 0.01425098206473442 0.23076923076923081 0.27714967474363 -32.105100816926459 0.27564176355473707 -89563.022666775578 -73911.700187062946 0.024218009478672978 -21.417010322794685 -1.4691928137651822 -0.033898425308554393 -0.034285838678779781 -0.83573429371748675 -2.8629205440229057 -0.17928571428571424 -4.1036342119790179 2.4971590909090913 -0.17273150595283046 -27.580181704067581 -0.62555637982195822 -9.6771446774326524 -0.037626604525216746
decision_type=2 2 2 2 2 2 2 2 2 2 2 2 2 2 2 2 2 2 2 2 2 2 2 2 2 2 2 2 2 2 2 2 2 2 2 2 2 2 2 2 2 2 2 2 2 2 2 2 2 2 2 2 2 2 2 2 2 2 2 2 2 2
left_child=2 3 4 8 17 6 7 -6 -2 -10 11 18 22 14 -5 -15 -9 -1 -11 -20 -12 -14 -8 -4 25 27 -27 32 -29 30 -30 -32 33 46 -35 36 37 38 39 40 59 -37 -43 -38 45 -40 47 48 49 -3 53 52 -50 -51 -49 -45 -33 -54 -31 60 61 -34
right_child=1 24 23 13 5 -7 12 16 9 10 20 -13 21 15 -16 -17 -18 -19 19 -21 -22 -23 -24 -25 -26 26 -28 28 29 58 31 56 35 34 -36 41 43 -39 44 -41 -42 42 -44 55 -46 -47 -48 54 51 50 -52 -53 57 -55 -56 -57 -58 -59 -60 -61 -62 -63
leaf_value=-0.0001051202185184351 -0.00012646478547381098 0.00035804299373202943 -0.00016641979730979588 0.0013672143536252233 0.00069133614636913304 0.00036495726781445275 -9.3707943918014785e-05 0.0003212130597334938 2.898200352121452e-05 -0.00038646160156014078 0.0014080025193729216 0.00018714386676019345 0.00018830007648247527 -0.00025655681693368554 8.4898410691058051e-05 0.0016339744669048564 -8.7209034718930118e-06 -0.00039473502629678393 0.0025162334040524899 0.00079264191569588464 0.00026211065873505454 -0.00011326725601374995 -0.00048664224476930229 -0.00047071953490713516 -0.00035006831497642302 0.00073688915291276059 0.00010738008401363369 -3.5522316257275044e-05 -0.00055471635069534464 -0.00092532752862305341 -0.0032709129995262352 -0.00041619952387377825 -0.00069507249738553697 -0.00098677325011366354 0.00030195360964114642 -2.7221082626917518e-06 -0.00068051230666650543 -0.00054765907533582811 0.0035335223527299692 -0.0016884746881866402 0.0012080858275848462 0.0005609547990831651 8.0749344232377651e-05 0.0012840523070403061 0.00059981727971416491 0.00079572028552246524 6.2514210546252299e-05 0.00069908456988721336 3.8628313953050694e-05 -0.00060706833862293611 -0.0013948046502668225 0.00072050446004268554 -0.00067634326280926549 0.0012875730406567256 -0.00029190373646593396 7.6130697178012659e-05 -0.0025553438271957206 0.0007925827420867485 0.00045865602626959587 0.0001823420907129184 0.00015654596804887155 0.00034918956631194728
leaf_weight=34637 3839 1002 55315 481 1959 12030 6742 6286 7375 464 484 2978 8059 10049 14531 204 469077 10373 244 10330 22129 36109 9090 7152 4327 2884 45016 216888 1157 459 538 370 4943 5368 1602 219403 343 2392 206 480 860 6750 22329 2044 2093 222 51647 2797 7560 1735 2781 1484 4105 266 1170 711 306 387 2234 64453 12559 2107
leaf_count=34637 3839 1002 55315 481 1959 12030 6742 6286 7375 464 484 2978 8059 10049 14531 204 469077 10373 244 10330 22129 36109 9090 7152 4327 2884 45016 216888 1157 459 538 370 4943 5368 1602 219403 343 2392 206 480 860 6750 22329 2044 2093 222 51647 2797 7560 1735 2781 1484 4105 266 1170 711 306 387 2234 64453 12559 2107
internal_value=5.21216e-10 3.14662e-05 -3.69387e-05 0.000205674 -1.96687e-05 -7.19881e-06 -1.55309e-05 -1.50276e-06 0.000321675 0.000360772 0.000427576 0.000654962 -0.00012713 -1.39925e-05 0.000125985 -0.000218942 -4.358e-06 -0.000171865 0.000781177 0.000832415 0.000286637 -5.82426e-05 -0.000319313 -0.00020126 1.32193e-05 1.54855e-05 0.000145282 5.85752e-06 -4.70459e-05 -0.000540595 -0.00140763 -0.00222049 3.35641e-05 -6.48338e-05 -0.000690569 5.71362e-05 0.000155678 0.000133942 0.000152486 0.000131695 0.000141983 2.0091e-05 0.000192218 0.000789321 0.000856792 0.00211345 -6.63089e-06 -0.000159984 -0.000276365 -0.000731494 -0.000959791 -8.18854e-05 -0.000180686 -0.000355207 0.000406809 0.000972316 -0.00138451 -0.000549791 0.000222767 0.000131077 -3.74287e-05 -0.000382979
internal_weight=1.42792e+06 771086 656829 73108 594362 549352 537322 477322 47843 44004 36629 14016 60000 25265 15012 10253 475363 45010 11038 10574 22613 44168 15832 62467 697978 693651 47900 645751 221952 5064 2371 1214 423799 81904 6970 341895 93413 90315 87923 85402 84922 248482 29079 3098 2521 428 74934 23287 19320 5784 4782 13536 12052 2001 3967 2755 676 4492 2693 84062 19609 7050
internal_count=1427915 771086 656829 73108 594362 549352 537322 477322 47843 44004 36629 14016 60000 25265 15012 10253 475363 45010 11038 10574 22613 44168 15832 62467 697978 693651 47900 645751 221952 5064 2371 1214 423799 81904 6970 341895 93413 90315 87923 85402 84922 248482 29079 3098 2521 428 74934 23287 19320 5784 4782 13536 12052 2001 3967 2755 676 4492 2693 84062 19609 7050
is_linear=0
shrinkage=0.05


Tree=46
num_leaves=63
num_cat=0
split_feature=18 0 28 31 31 30 33 33 43 37 0 28 34 34 20 0 31 28 24 42 18 0 30 31 42 0 31 42 42 33 37 31 28 19 34 44 31 42 4 2 4 37 0 32 35 35 34 32 44 42 0 35 38 35 35 0 32 31 31 38 33 32
split_gain=0.600567 0.532494 0.498 0.445397 0.532617 0.416099 0.392699 0.302229 0.253125 0.253953 0.322964 0.39975 0.340304 0.342162 0.275336 0.297166 0.278918 0.251388 0.244589 0.323571 0.277989 0.267378 0.24384 0.234114 0.225343 0.210292 0.44795 0.398943 0.751325 0.369033 0.3202 0.204823 0.204484 0.200865 0.196494 0.195436 0.194306 0.18891 0.624135 0.483242 0.438577 0.413825 0.376492 0.294712 0.263617 0.358105 0.274815 0.253894 0.220786 0.350678 0.548863 0.400844 0.398428 0.215921 0.240737 0.26448 0.243064 0.258438 0.250137 0.247161 0.273461 0.210827
threshold=-9080.7725409836039 -66800.002027982729 4.6019025270758123 -1.4426553489276219 1.0258563241370116 -0.0014547222510235729 -1.2622965205563597 -0.12383689107827038 -14.462051282051279 -0.13312520313007822 -114039.34859877832 -3.7815819409882692 -0.35345345345345364 -0.06741431451612899 -159.220857771261 -154087.2137401246 0.20632834824687676 -16.175890924449607 0.37913557213930377 0.01100504060814724 -43728.81965174128 57779.579170145524 0.0010972278671055843 0.92584288052373209 0.0036315919353625027 244383.08228829451 1.2188082901554405 0.0015287998725020677 -1.0000000180025095e-35 -0.042329227323628212 0.68864560699760446 -3.4722152217741931 28.139071207430348 -99834.045804556634 0.44749273255813954 -29.870207927225465 -0.18537609774723163 -0.12649477202283313 3.3306690738754701e-16 1.6653345369377351e-16 -3.3306690738754691e-16 -0.13636486313246829 -111910.20846513147 -0.037347085671827936 -0.21148351648351646 -0.34430979978925175 0.1421717171717172 -0.19012195121951214 -10.08534080298786 0.019298565325819438 -154087.2137401246 0.24320507572656572 -16.37724414522879 -1.0000000180025095e-35 0.020193202979515826 -22869.362272580565 0.14365079365079361 -1.0064112628879467 0.050635832222336592 -14.015888655317509 0.12933456745231567 -0.7489837398373983
decision_type=2 2 2 2 2 2 2 2 2 2 2 2 2 2 2 2 2 2 2 2 2 2 2 2 2 2 2 2 2 2 2 2 2 2 2 2 2 2 2 2 2 2 2 2 2 2 2 2 2 2 2 2 2 2 2 2 2 2 2 2 2 2
left_child=1 3 25 -1 6 31 -5 -7 -8 -10 11 12 -11 -14 15 16 -15 -12 -3 21 -21 -20 24 33 32 37 27 28 -27 -28 -29 -4 -9 -16 -31 -30 -26 38 39 40 -2 -42 43 47 45 -45 -46 -43 49 -39 52 61 -51 -44 55 56 57 -55 -59 60 -60 -52
right_child=2 18 5 4 -6 7 8 22 9 10 17 -13 13 14 23 -17 -18 -19 19 20 -22 -23 -24 -25 36 26 29 30 35 34 -32 -33 -34 -35 -36 -37 -38 48 -40 -41 41 42 53 44 46 -47 -48 -49 -50 50 51 -53 -54 54 -56 -57 -58 58 59 -61 -62 -63
leaf_value=-0.0001694269189982953 -0.00078692973513711472 -0.00015072183863353646 -0.00056359951653041655 -0.00079450685010410804 1.452614863528253e-06 0.00010097968938655058 -0.00087710869868382394 -0.00028766902458704903 -0.00021086118010756432 9.3190804430313506e-05 1.4578276458937809e-05 -0.00039985593339957797 0.0017326857757773461 0.00046925591481848292 0.00053183174070269826 0.00016838689303377686 0.0011785292717274296 0.00035637318272095327 7.1361436426321104e-05 0.001643586313803933 0.00030254414167964802 -0.00037613035026092743 5.0760593225518101e-05 0.0022382202904666143 5.1057019460536395e-05 0.00033058414167675787 -0.00026418287045484092 0.00013913765718679812 -0.0016091100595118993 0.00066257564233477401 0.001433147479434336 3.7210501454000446e-05 -0.00060483292609404479 0.0011547083934474454 -0.00038102897693590289 -0.00039304352684262881 -0.00025458010922482191 -2.5011634454267364e-05 -0.001144769475874654 -0.0016246561813424141 -0.00081983572328357289 0.00074829577161350622 -0.00022339650764547053 0.00035219929020153796 0.00081818497173415594 -0.0013850381863516953 -1.5439104159687087e-05 -0.00056806598511019554 2.7987418867935306e-06 -0.001964823646695302 -0.00087390604710800221 0.000224978468700129 -0.00051848911290282242 -0.00054311985122548322 -0.0001618432591437285 -0.00054352176494084086 -0.00063665550663655256 0.00091508286999358662 -0.00064940453650463685 0.00061619230347359543 0.00084514760756982635 -0.00019425358104871427
leaf_weight=7849 1137 21470 1474 786 18771 7804 429 20975 1986 3416 8241 1166 686 4769 2934 5069 1954 15494 16402 414 5805 4191 6806 302 7745 4828 1549 19627 343 6442 490 37710 6707 2316 485 8989 15826 188433 953 377 937 536 4081 2010 6829 348 1156 1157 898760 673 1191 6067 1628 559 3383 782 510 3037 1027 2468 436 27190
leaf_count=7849 1137 21470 1474 786 18771 7804 429 20975 1986 3416 8241 1166 686 4769 2934 5069 1954 15494 16402 414 5805 4191 6806 302 7745 4828 1549 19627 343 6442 490 37710 6707 2316 485 8989 15826 188433 953 377 937 536 4081 2010 6829 348 1156 1157 898760 673 1191 6067 1628 559 3383 782 510 3037 1027 2468 436 27190
internal_value=4.94939e-10 0.000104943 -1.0019e-05 0.000187288 0.00022827 -0.000114406 0.000314198 -0.000191162 0.00033207 0.000342802 0.000366527 0.000501754 0.000550773 0.000637468 0.000594149 0.000457453 0.000675402 0.000237699 -2.49612e-05 7.5743e-05 0.000391818 -1.97102e-05 -0.00023043 0.000884482 -0.00026777 -8.68997e-07 0.000108027 2.75451e-05 -0.000175772 0.000433494 0.000170657 1.46096e-05 -0.000364514 0.000806609 0.000589507 -0.00043774 -0.000154153 -4.89751e-06 0.00011543 0.000154461 0.000176529 0.000213973 0.000248179 0.000460228 0.000560327 9.58131e-05 0.0006975 -0.000151309 -8.29374e-06 -5.25667e-05 -0.000193857 -0.000143916 -0.000941515 9.14381e-05 0.000196736 0.000334288 0.000419699 0.000491273 0.000574256 0.000310941 -0.000204001 -0.000222775
internal_weight=1.42792e+06 124450 1.30346e+06 76168 68319 105047 49548 65863 48762 48333 46347 22612 21446 18030 17344 11792 6723 23735 48282 26812 6219 20593 58059 5552 51253 1.19842e+06 42753 34277 14160 8476 20117 39184 27682 5250 6927 9332 23571 1.15566e+06 31723 30770 30393 29256 28319 12036 10343 2358 7985 1693 1.12394e+06 225182 36749 34448 2301 16283 12202 8819 8037 7527 6968 3931 1463 28381
internal_count=1427915 124450 1303465 76168 68319 105047 49548 65863 48762 48333 46347 22612 21446 18030 17344 11792 6723 23735 48282 26812 6219 20593 58059 5552 51253 1198418 42753 34277 14160 8476 20117 39184 27682 5250 6927 9332 23571 1155665 31723 30770 30393 29256 28319 12036 10343 2358 7985 1693 1123942 225182 36749 34448 2301 16283 12202 8819 8037 7527 6968 3931 1463 28381
is_linear=0
shrinkage=0.05


Tree=47
num_leaves=63
num_cat=0
split_feature=41 27 30 0 33 31 33 36 33 31 36 41 36 28 30 31 32 32 32 39 32 36 0 31 0 32 36 30 0 39 36 36 39 0 0 39 44 39 36 40 0 32 39 0 0 31 33 39 44 0 32 44 41 41 39 0 41 36 36 31 0 36
split_gain=0.580312 0.841185 0.649703 0.630391 0.405611 0.612249 0.304663 0.343792 0.289565 0.279594 0.257809 0.251118 0.250535 0.250777 0.25034 0.268074 0.258901 0.246943 0.580471 0.805274 0.486227 0.721701 0.517919 0.317142 0.304965 0.306111 0.264085 0.357812 0.334032 0.36753 0.264815 0.543942 0.242215 0.308522 0.240611 0.224713 0.363758 0.314699 0.473719 0.586014 0.534817 0.387838 0.378841 0.375685 0.306579 0.306123 0.578308 0.616958 0.460403 0.392338 0.363518 0.293274 0.284103 0.282087 0.374652 0.278994 0.260092 0.246654 0.391225 1.18878 0.70004 0.305492
threshold=-0.00055867348893162813 -1.9602808768839279 -0.00073480358524145178 -44908.369985509744 -0.048781648581762795 3.0901449275362327 0.029197253137579929 -2.9397991071428566 0.15281100478468904 -2.0752475247524749 0.23717105263157903 0.0018132749414550709 -0.52697876635223795 -16.084752321981423 -0.00057487056733775816 -3.1999999999999993 3.9024470572736552 -0.033898425308554393 -0.076215505913272044 -12.286700602802069 -0.021845694799659057 0.56014882182720149 -172474.61010797319 -1.2245637385388932 -197971.6999184344 -0.076923076923076886 0.35089420383538023 -0.0041636937604071847 42807.824610518444 17.183268626436284 0.42388591800356529 0.40590606952163016 -15.447452485604538 -44908.369985509744 61406.403774232087 16.67401476711823 1.1801948051948055 -29.138793197319963 -0.2593344155844155 8.2905538449630019 964356.60995407775 0.83753665689149581 -29.508688124775716 -2258.4472660502938 -9706.5274167736188 2.4971590909090913 -0.042329227323628212 -19.338304504512703 -6.1921350182906547 -243980.26791450501 4.1931516936671587 -10.89473684210526 0.00047545197286844905 0.0070206220873379431 35.37968479611186 -232989.75721770394 0.0011086812904193201 0.060535588442565187 0.065918322365313711 0.050635832222336592 -157844.87596193075 -0.25087412587412578
decision_type=2 2 2 2 2 2 2 2 2 2 2 2 2 2 2 2 2 2 2 2 2 2 2 2 2 2 2 2 2 2 2 2 2 2 2 2 2 2 2 2 2 2 2 2 2 2 2 2 2 2 2 2 2 2 2 2 2 2 2 2 2 2
left_child=2 3 4 9 34 6 7 -6 -8 -2 11 -11 -13 -14 15 -5 -16 18 24 -20 21 22 -19 -22 -9 -26 -25 -28 29 32 31 -30 33 -29 -1 36 45 38 39 42 41 -40 -38 -43 -41 57 55 48 49 50 -48 53 -50 -37 -55 -47 -53 61 59 60 -59 -3
right_child=1 35 -4 14 5 -7 8 17 -10 10 -12 12 13 -15 16 -17 -18 20 19 -21 23 -23 -24 26 25 -27 27 28 30 -31 -32 -33 -34 -35 -36 51 37 -39 40 44 -42 43 -44 -45 -46 46 47 -49 52 -51 -52 56 -54 54 -56 -57 -58 58 -60 -61 -62 -63
leaf_value=-9.7918794297631784e-05 -0.00025320573546398957 -5.3300201507414407e-05 -0.00018467903459735665 0.0012820499060770393 0.00065718521917189235 0.00034433449309813 -0.00029931195324715983 -0.00064010787835813536 -5.3466196669123322e-05 0.00029045737889070965 0.00016963281381876907 0.00022859397038197697 0.00046837516952425839 0.0010067320043130549 -0.00024144189200897976 8.0398688831788943e-05 0.001558209936394508 0.000943027967080304 8.1892117091035321e-05 -0.00037453643790288953 0.00018512739677827391 0.0010460621061201859 -0.00024411451710713709 -2.7665872216916524e-05 -9.0188706430425368e-06 0.00028345046493727616 0.00065824359419219684 -0.00065314145903018635 0.0001299755713791346 0.00033122696173431589 0.00015952715653456593 0.0015259568741935931 -5.188745001458233e-06 -1.737202690357282e-05 -0.00036933142386677732 -4.3671969647120703e-05 0.00012845268469762001 2.7937293111366129e-05 0.00011781476657801302 0.0030015108720895449 -0.0023767381682075418 0.0026957983903077199 0.0012489030896960843 0.00018843610798184501 0.0011353956657890964 0.00089461341750384285 -0.0022547812633283665 -0.00016860831571946427 -0.00035744687432917919 1.3043343307693316e-05 -0.0002832988129307773 3.5327499494698101e-05 -0.0019519930209536632 -0.00014211602683051331 -0.0019665541125901249 1.2937217971202147e-05 0.00017942471558510912 -0.0028985865961142117 -5.7703342160722159e-05 -0.0037479829013069136 3.3500285725426928e-05 5.4807670621761348e-05
leaf_weight=35513 2179 105945 64495 480 1978 12195 16321 1723 45004 16389 16524 3419 4382 4272 9815 14036 204 1215 14891 27528 23692 2822 3768 263137 62401 10444 2573 3562 1777 7065 15498 1149 38959 4110 10604 28910 3130 69419 21709 328 211 291 994 307 669 1106 481 7763 361 1471 455 71228 1235 751 450 4754 55885 229 133063 283 1833 170530
leaf_count=35513 2179 105945 64495 480 1978 12195 16321 1723 45004 16389 16524 3419 4382 4272 9815 14036 204 1215 14891 27528 23692 2822 3768 263137 62401 10444 2573 3562 1777 7065 15498 1149 38959 4110 10604 28910 3130 69419 21709 328 211 291 994 307 669 1106 481 7763 361 1471 455 71228 1235 751 450 4754 55885 229 133063 283 1833 170530
internal_value=4.70247e-10 3.00721e-05 -3.3786e-05 0.000193003 -1.77778e-05 -6.07652e-06 -1.38515e-05 -6.58941e-07 -0.000118895 0.000299933 0.000326725 0.000417927 0.000590967 0.000734132 -1.25542e-05 0.000120134 -0.000204799 -3.33461e-06 -6.66409e-05 -0.000214309 1.67181e-05 0.000407168 4.53453e-05 8.28859e-06 1.73622e-05 3.29133e-05 -4.1131e-06 7.88613e-05 5.81909e-05 -4.84056e-06 0.000241893 0.000678158 -5.57577e-05 -0.000312551 -0.000160327 1.29877e-05 -2.67458e-06 8.47472e-05 0.000227433 0.0006615 0.000128718 0.000152417 0.000398513 0.00140857 0.00174932 -2.24297e-05 -0.000226482 -0.000428601 -0.000932804 -0.000496163 -0.00129642 6.54431e-05 -0.00159132 -7.48642e-05 -0.000825711 0.000179342 9.86796e-05 -1.36975e-05 -6.89858e-05 -0.00070919 -0.000292129 1.33808e-05
internal_weight=1.42792e+06 755491 672424 71700 607929 561812 549617 488292 61325 47165 44986 28462 12073 8654 24535 14516 10019 486314 116987 42419 369327 7805 4983 361522 74568 72845 337830 74693 72120 53696 18424 2926 46631 7672 46117 683791 526567 97058 27639 5121 22518 22307 4124 598 997 429509 17626 11766 4003 2407 936 157224 1596 30111 1201 5860 127113 411883 135408 2345 2062 276475
internal_count=1427915 755491 672424 71700 607929 561812 549617 488292 61325 47165 44986 28462 12073 8654 24535 14516 10019 486314 116987 42419 369327 7805 4983 361522 74568 72845 337830 74693 72120 53696 18424 2926 46631 7672 46117 683791 526567 97058 27639 5121 22518 22307 4124 598 997 429509 17626 11766 4003 2407 936 157224 1596 30111 1201 5860 127113 411883 135408 2345 2062 276475
is_linear=0
shrinkage=0.05


end of trees

feature_importances:
zhvi_t=373
derived__derived__drawdown=296
fema__disasters_10yr_other=285
fema__disasters_10yr_severe_storm=279
fema__disasters_10yr_count=227
nri__wildfire_risk=213
fema__disasters_10yr_tornado=205
derived__derived__vol_24m=178
fema__disasters_10yr_flood=144
fema__disasters_10yr_fire=129
acs__median_household_income=95
fema__disasters_10yr_hurricane=68
afdc__afdc__dcfc_ports=66
acs__median_home_value=56
acs__bachelors_or_higher_pct=53
nri__composite_risk=52
afdc__afdc__l2_ports=44
acs__pop_65_plus=38
afdc__afdc__station_count=37
acs__age_28_38_share=33
nri__flood_risk_combined=31
acs__owner_occupied_pct=17
acs__total_pop=11
acs__pop_25_29=8
acs__pop_30_34=7
acs__owner_occupied_units=6
fred__real_rate_10y=5
acs__median_gross_rent=5
acs__pop_40_44=5
fred__treasury_10y=4
acs__pop_35_39=3
acs__occupied_units_total=2
fred__mortgage_30y=1

parameters:
[boosting: gbdt]
[objective: regression]
[metric: rmse]
[tree_learner: serial]
[device_type: cpu]
[data_sample_strategy: bagging]
[data: ]
[valid: ]
[num_iterations: 1500]
[learning_rate: 0.05]
[num_leaves: 63]
[num_threads: 0]
[seed: 0]
[deterministic: 0]
[force_col_wise: 0]
[force_row_wise: 0]
[histogram_pool_size: -1]
[max_depth: -1]
[min_data_in_leaf: 200]
[min_sum_hessian_in_leaf: 0.001]
[bagging_fraction: 0.8]
[pos_bagging_fraction: 1]
[neg_bagging_fraction: 1]
[bagging_freq: 5]
[bagging_seed: 3]
[bagging_by_query: 0]
[feature_fraction: 0.8]
[feature_fraction_bynode: 1]
[feature_fraction_seed: 2]
[extra_trees: 0]
[extra_seed: 6]
[early_stopping_round: 0]
[early_stopping_min_delta: 0]
[first_metric_only: 0]
[max_delta_step: 0]
[lambda_l1: 0]
[lambda_l2: 0]
[linear_lambda: 0]
[min_gain_to_split: 0]
[drop_rate: 0.1]
[max_drop: 50]
[skip_drop: 0.5]
[xgboost_dart_mode: 0]
[uniform_drop: 0]
[drop_seed: 4]
[top_rate: 0.2]
[other_rate: 0.1]
[min_data_per_group: 100]
[max_cat_threshold: 32]
[cat_l2: 10]
[cat_smooth: 10]
[max_cat_to_onehot: 4]
[top_k: 20]
[monotone_constraints: ]
[monotone_constraints_method: basic]
[monotone_penalty: 0]
[feature_contri: ]
[forcedsplits_filename: ]
[refit_decay_rate: 0.9]
[cegb_tradeoff: 1]
[cegb_penalty_split: 0]
[cegb_penalty_feature_lazy: ]
[cegb_penalty_feature_coupled: ]
[path_smooth: 0]
[interaction_constraints: ]
[verbosity: -1]
[saved_feature_importance_type: 0]
[use_quantized_grad: 0]
[num_grad_quant_bins: 4]
[quant_train_renew_leaf: 0]
[stochastic_rounding: 1]
[linear_tree: 0]
[max_bin: 255]
[max_bin_by_feature: ]
[min_data_in_bin: 3]
[bin_construct_sample_cnt: 200000]
[data_random_seed: 1]
[is_enable_sparse: 1]
[enable_bundle: 1]
[use_missing: 1]
[zero_as_missing: 0]
[feature_pre_filter: 1]
[pre_partition: 0]
[two_round: 0]
[header: 0]
[label_column: ]
[weight_column: ]
[group_column: ]
[ignore_column: ]
[categorical_feature: ]
[forcedbins_filename: ]
[precise_float_parser: 0]
[parser_config_file: ]
[objective_seed: 5]
[num_class: 1]
[is_unbalance: 0]
[scale_pos_weight: 1]
[sigmoid: 1]
[boost_from_average: 1]
[reg_sqrt: 0]
[alpha: 0.9]
[fair_c: 1]
[poisson_max_delta_step: 0.7]
[tweedie_variance_power: 1.5]
[lambdarank_truncation_level: 30]
[lambdarank_norm: 1]
[label_gain: ]
[lambdarank_position_bias_regularization: 0]
[eval_at: ]
[multi_error_top_k: 1]
[auc_mu_weights: ]
[num_machines: 1]
[local_listen_port: 12400]
[time_out: 120]
[machine_list_filename: ]
[machines: ]
[gpu_platform_id: -1]
[gpu_device_id: -1]
[gpu_use_dp: 0]
[num_gpu: 1]

end of parameters

pandas_categorical:[]
