tree
version=v4
num_class=1
num_tree_per_iteration=1
label_index=0
max_feature_idx=31
objective=regression
feature_names=zhvi_t fred__mortgage_30y fred__real_rate_10y fred__m2_sa fred__treasury_10y fred__case_shiller_us fred__lumber fred__unemployment_us fred__mortgage_30y_d1m fred__mortgage_30y_d3m fred__mortgage_30y_d12m fred__real_rate_10y_d1m fred__real_rate_10y_d3m fred__real_rate_10y_d12m fred__treasury_10y_d1m fred__treasury_10y_d3m fred__treasury_10y_d12m fema__disasters_10yr_count fema__disasters_10yr_fire fema__disasters_10yr_flood fema__disasters_10yr_hurricane fema__disasters_10yr_other fema__disasters_10yr_severe_storm fema__disasters_10yr_tornado nri__flood_risk_combined nri__wildfire_risk nri__composite_risk derived__derived__vol_24m derived__derived__drawdown afdc__afdc__station_count afdc__afdc__l2_ports afdc__afdc__dcfc_ports
feature_infos=[-443650.39323952218:2753061.2431304641] [-8.8817841970012523e-16:8.8817841970012523e-16] [-4.4408920985006262e-16:4.4408920985006262e-16] [-9.0949470177292824e-13:9.0949470177292824e-13] [-8.8817841970012523e-16:8.8817841970012523e-16] [-2.8421709430404007e-14:2.8421709430404007e-14] [-2.8421709430404007e-14:2.8421709430404007e-14] [-8.8817841970012523e-16:8.8817841970012523e-16] [-1.1102230246251565e-16:1.1102230246251565e-16] [-1.1102230246251565e-16:1.1102230246251565e-16] [-2.2204460492503131e-16:2.2204460492503131e-16] [-5.5511151231257827e-17:1.1102230246251565e-16] [-1.1102230246251565e-16:1.1102230246251565e-16] [-1.1102230246251565e-16:1.1102230246251565e-16] [-1.1102230246251565e-16:1.1102230246251565e-16] [-2.2204460492503131e-16:2.2204460492503131e-16] [-2.2204460492503131e-16:2.2204460492503131e-16] [-9.8338108882521489:4.7205882352941178] [-9.0773638968481372:3.8235294117647061] [-0.97115384615384615:0.51685393258426959] [-1.3611111111111112:1.8274760383386581] [-1.9512195121951219:1.6538461538461537] [-3.1600000000000001:3.7620481927710845] [-0.56481481481481477:0.98461538461538467] [-73.85155314771967:57.550721521948297] [-82.331841573479281:74.003121394092815] [-50.051905764200093:67.722103659568788] [-0.0089824258002055117:0.052666245297272887] [-0.47332097724238303:0.09686785682120011] [-18.929577464788732:226.51282051282053] [-53.142405063291136:521.08124999999995] [-18.88372093023256:138.65384615384616]
tree_sizes=6293 6299 6289 6293 6307 6316 6280 6331 6309 6364 6305 6329 6279 6334 6298 6295 6345 6332 6309 6329 6309 6286 6306 6311 6253 6191 6331 6342 6293 6327 6334 6290 6309 6267 6315 6333 6359 6262

Tree=0
num_leaves=63
num_cat=0
split_feature=25 28 20 28 27 22 27 22 28 25 23 21 23 21 23 22 20 31 31 22 22 21 21 21 20 25 21 21 27 31 31 28 25 18 22 25 26 31 25 27 24 27 21 31 31 23 25 22 22 18 22 27 18 31 22 22 18 21 18 26 20 25
split_gain=1.58971 0.931854 0.839237 1.17988 0.721363 0.657439 0.593454 0.476278 0.594655 0.811926 1.15165 0.434187 0.735421 0.638222 0.391092 0.367262 0.47749 0.402665 0.570642 0.3648 0.346691 0.341185 0.537106 0.560838 0.353534 0.335431 0.582424 0.325786 0.357086 0.330264 0.34796 0.376359 0.322765 0.493989 0.577514 0.61675 0.430026 0.334429 0.31935 0.319164 0.302421 0.295271 0.426514 0.280614 0.315281 0.279041 0.289545 0.387399 0.278508 0.512819 0.261117 0.254829 0.254111 0.243088 0.239018 0.236802 0.259079 0.230366 0.2708 0.229345 0.220454 0.215614
threshold=8.0440787001508358 0.019888934438818676 0.38794304287262033 -1.0000000180025095e-35 0.00084575518345813498 3.1976328674089873 0.0021474647684929429 -1.1935979356107151 0.0013739424884774251 -22.754215032499022 1.0000000180025095e-35 -0.85610766045548636 1.0000000180025095e-35 -0.7153902798232693 -0.48559771237271582 0.071794871794871665 0.703809523809524 -2.5210321324245371 -3.30422401518747 -0.93541666666666656 0.14380090363236439 1.3148881789137383 0.29458859280037403 0.31076705120420972 -0.29619047619047606 -13.404247990454149 -0.071858864027538716 -0.60989269758028575 0.0079098620669464971 -4.6751918158567767 -0.71428571428571386 -1.0000000180025095e-35 -2.7542385533313651 -1.0000000180025095e-35 0.24462481650980053 -18.76938324052124 -7.9270108426845587 -3.5092868988391372 40.153894660414075 8.5558415680605737e-05 -10.470315840120751 0.0027061728463203057 0.26653439153439168 -3.3215956660920951 -2.0768700787401571 0.94099202938188642 35.738850101485575 1.5222950819672134 0.0093023296883388302 -1.0000000180025095e-35 0.1666666666666666 0.0028390513429362202 -0.024143985952589989 -4.3963899491094143 -0.24225487064835513 -0.3922813873961894 -0.033898425308554393 -1.0000000180025095e-35 0.73498053816212572 8.2795226651729354 0.38794304287262033 -14.784261320650289
decision_type=2 2 2 2 2 2 2 2 2 2 2 2 2 2 2 2 2 2 2 2 2 2 2 2 2 2 2 2 2 2 2 2 2 2 2 2 2 2 2 2 2 2 2 2 2 2 2 2 2 2 2 2 2 2 2 2 2 2 2 2 2 2
left_child=1 2 7 -4 15 6 11 -1 9 10 19 12 -2 -13 -15 16 -5 18 40 -9 -6 22 24 -24 -16 26 -3 28 59 51 31 48 33 41 39 36 43 53 -25 -35 -17 -10 -43 -36 -45 46 55 -48 -31 -50 -51 -29 54 -38 -27 56 -26 -41 -59 -21 -57 -20
right_child=5 25 3 4 20 -7 -8 8 32 -11 -12 13 -14 14 21 17 -18 -19 61 27 -22 -23 23 38 45 52 -28 29 -30 30 -32 -33 -34 34 35 -37 37 -39 -40 57 -42 42 -44 44 -46 -47 47 -49 49 50 -52 -53 -54 -55 -56 60 -58 58 -60 -61 -62 -63
leaf_value=0.00048068159816061007 0.00034703989094980812 -0.0028755531132615424 -0.002265006708000433 -0.0025672359829865877 -0.00020434412170000093 0.002839839938875161 0.00045541082894379875 -0.00089953544192984019 6.2628347294456225e-05 8.2005538125100373e-05 -0.002333456555822041 -0.00023304309167015012 0.0028795870790723314 0.0011518663193433342 0.00072940608640074608 -0.0004157722139968798 -0.0002513642207997098 0.00095288010644370674 -0.0026075806727652571 0.00028199461098556367 -0.0027685330065585182 -0.00030166947028250756 0.0014913396063799234 0.00032792046741064122 -7.4018230497211834e-06 -0.0017977158518039835 -0.00064417675631459948 0.0003972387551766795 0.0022284617065557182 6.3922402752146035e-06 0.00042165697825943533 0.00022227233850225525 0.0001061785648433913 4.5393051672198073e-05 3.0117459248929517e-05 -0.00015205666948015441 -0.0011717412175200153 -0.000812948327694866 0.0013319044006117192 -0.00090161408607471627 0.001108337119060327 -4.2860626227835598e-05 0.0013421220220339724 -0.0012349288736735718 -4.2608164541079813e-05 0.0014845609343641204 0.00035144069632587734 0.0021315869057521842 0.00042596085788842205 -0.0024433470741183055 -0.00087236897578226813 0.00091823720588635096 3.2705203284851225e-05 -0.0027477982901787071 -8.8009387594097121e-05 0.00011563450520015326 0.00043183141832853634 -5.6135903215823033e-05 -0.00095401265547054119 0.0012060837041802058 0.00063507656452786731 -0.00071941343254786354
leaf_weight=7646 981 324 819 273 201 244 27966 599 30186 189988 410 8140 405 1121 3072 588 1205 1303 229 1783 383 3135 1428 8177 4460 417 3002 14810 398 3460 11477 12509 47625 31572 1991 13528 499 1961 877 1354 729 1096 1128 1444 900 413 14955 312 671 346 1123 2789 3054 480 401 98171 13578 5763 983 1077 2086 445
leaf_count=7646 981 324 819 273 201 244 27966 599 30186 189988 410 8140 405 1121 3072 588 1205 1303 229 1783 383 3135 1428 8177 4460 417 3002 14810 398 3460 11477 12509 47625 31572 1991 13528 499 1961 877 1354 729 1096 1128 1444 900 413 14955 312 671 346 1123 2789 3054 480 401 98171 13578 5763 983 1077 2086 445
internal_value=0.000126696 7.05291e-05 8.07831e-05 -0.000497551 -0.000227285 0.000246121 0.000242777 8.99495e-05 8.21277e-05 0.000129721 0.000305913 0.000205914 0.00108707 0.000198277 0.000221408 -2.42912e-05 -0.000679127 0.00026953 -0.000177685 0.000327114 -0.001886 0.000214485 0.000225454 0.000570418 0.000199069 -0.00049327 -0.000861545 0.00034168 0.000825254 0.000308291 0.000206268 6.97594e-05 3.47114e-07 -5.39159e-05 -0.000138329 -0.000351703 -0.000722949 -0.00118974 0.00042517 -2.64404e-05 0.000427869 0.000103593 0.000659595 -0.000406372 -0.000777127 0.000186909 0.000182896 0.00038782 -0.000270916 -0.000719275 -0.00124239 0.000479804 -0.000176926 -0.00194448 -0.000959583 0.000156449 0.000323228 -0.000306431 -0.000186971 0.000629982 0.000126442 -0.00136094
internal_weight=592490 402969 395771 6175 5356 189521 189277 389596 381950 241440 51452 161311 1386 159925 151785 4772 1478 3294 1991 51042 584 150664 147529 10482 137047 7198 3326 50443 3258 47185 29586 18109 140510 92885 60475 20803 7275 2940 9054 39672 1317 32410 2224 4335 2344 133975 133562 15267 5600 2140 1469 17599 3872 979 818 118295 18038 8100 6746 2860 100257 674
internal_count=592490 402969 395771 6175 5356 189521 189277 389596 381950 241440 51452 161311 1386 159925 151785 4772 1478 3294 1991 51042 584 150664 147529 10482 137047 7198 3326 50443 3258 47185 29586 18109 140510 92885 60475 20803 7275 2940 9054 39672 1317 32410 2224 4335 2344 133975 133562 15267 5600 2140 1469 17599 3872 979 818 118295 18038 8100 6746 2860 100257 674
is_linear=0
shrinkage=1


Tree=1
num_leaves=63
num_cat=0
split_feature=25 0 28 20 28 28 20 18 18 18 25 0 22 22 21 21 20 0 17 22 21 23 21 21 28 28 0 17 28 20 25 17 17 0 21 21 0 18 23 17 27 28 25 0 27 22 21 18 22 22 22 0 25 27 18 18 27 21 18 17 23 23
split_gain=1.43471 2.00378 4.81451 2.3895 2.30378 1.73904 1.5954 1.299 0.872523 0.749942 0.748203 0.711416 1.15483 0.68722 0.646245 0.801303 0.638626 0.909482 0.620899 0.593338 0.571878 0.536521 0.864766 0.536739 0.506952 0.532255 0.503326 0.482495 0.460952 0.433902 0.409 0.439888 0.392776 0.384496 0.38549 0.370604 0.370258 0.371223 0.368929 0.36853 0.351425 0.349787 0.595744 0.724789 0.866741 0.811472 0.472662 0.323037 0.317608 0.315486 0.30085 0.294351 0.291464 0.48852 0.309515 0.447676 0.287471 0.286198 0.283885 0.282988 0.274728 0.379345
threshold=8.0440787001508358 -48230.702052717701 0.0015289901845486858 0.28976435935198813 0.013992109160460347 1.4309456162518845e-05 0.38794304287262033 0.96590860176483262 -0.010389680483592399 -1.0000000180025095e-35 -13.09197733827042 -113796.37321258422 -0.12535714285714281 0.34178433889602056 0.25074475826624826 0.27641208216778296 0.28366174055829246 6560.1204491090475 -1.3977829768270944 3.1976328674089873 -0.31941838649155713 1.0000000180025095e-35 -0.24807692307692306 -0.7153902798232693 -1.0000000180025095e-35 0.00080125828379631859 125397.01312082651 -0.063198881789137559 0.00021371374373434457 0.76411960132890389 40.153894660414075 1.4621978021978026 0.56245227446274693 -76080.104404013269 -1.0000000180025095e-35 -0.66123550579768076 -64080.718518405665 1.9358522460241658 -0.48559771237271582 1.445134990644213 0.0031371997865439084 -1.0000000180025095e-35 -3.4720006824006364 -106843.54440271387 0.0046351281667272792 0.0093023296883388302 0.28210345451257018 -0.033771225817352361 0.022248803827751133 0.071794871794871665 0.34445680385613647 -161234.20406868827 -31.662401495323806 0.0056339568866002826 -0.033771225817352361 -0.041219530049044696 0.0019663182537236808 -0.7875255733821469 -0.20472581978506474 -0.18996814329506526 -1.0000000180025095e-35 -0.071970729607575848
decision_type=2 2 2 2 2 2 2 2 2 2 2 2 2 2 2 2 2 2 2 2 2 2 2 2 2 2 2 2 2 2 2 2 2 2 2 2 2 2 2 2 2 2 2 2 2 2 2 2 2 2 2 2 2 2 2 2 2 2 2 2 2 2
left_child=1 2 3 5 6 41 8 14 59 -5 13 12 -7 20 16 56 18 -18 -3 21 40 23 -23 57 -25 36 -9 -14 -29 -8 38 -32 -11 34 -22 -6 -26 -38 -27 52 -10 42 43 44 -1 -45 49 -24 -35 -47 -15 -37 53 -20 55 -54 -16 -2 -30 -4 61 -41
right_child=19 7 4 9 35 11 29 26 10 32 -12 -13 27 50 15 -17 17 -19 39 -21 33 22 47 24 25 30 -28 28 58 -31 31 -33 -34 48 -36 51 37 -39 -40 60 -42 -43 -44 45 -46 46 -48 -49 -50 -51 -52 -53 54 -55 -56 -57 -58 -59 -60 -61 -62 -63
leaf_value=-0.00043609107340680488 0.00031199683612152741 0.00041287930690383183 -0.00035621722588184961 -0.00072170985462887522 -0.0030496829281003368 -0.00053714334686791863 -0.0031536011977817118 0.00035469293340346637 -1.8626203442680594e-05 -0.003746807626440567 -0.00032383578206398656 7.0003147362381914e-05 0.001035323115302819 -0.0027752024101493442 0.00054537536454721421 8.3119240769755887e-05 -0.00037192214926421634 0.00099618983772203863 0.00020779724616607159 0.002577002977206993 -0.0020879560871447816 0.0024637701214569449 0.0012645915343520745 0.00031926626638932842 0.0001819930168955708 0.0010321693624821 0.0013928752441459305 0.00083400560599450303 0.0017529603355275437 -0.00056292212292642239 0.00038344150595075638 0.0016287788126615984 -0.0016797608351753254 -0.00018165653097106826 -0.00090328238495991555 -0.002136902441516415 -0.00013674927347115382 0.00097004264547357493 0.00011606832412872995 2.0803348641995655e-05 0.0024201832952385305 -9.5895631369083902e-05 0.0002103280758240767 -0.0004485513689666831 0.0013411409952450062 -0.0028132200667819757 -0.0029076917474010109 7.9135123412138778e-05 -0.0011633572840586495 -0.0010288543811463389 -0.0013491298546238614 -0.0012600316329017952 -0.00011773791617227269 -0.0010040304359742994 -3.8872176428868276e-05 -0.00057682590927266421 0.0013390799091785141 -0.00039733906097878867 0.00012715080995309765 9.7757768648726976e-05 0.00019848035670901704 0.0021095363829522766
leaf_weight=2623 1740 7724 7367 796 430 2599 713 2443 565 509 10319 39921 4544 431 5257 19222 1856 3516 16427 244 805 589 764 26505 13918 1113 2236 4408 279 209 4974 827 419 3101 4672 1350 40628 772 87347 373 200 14120 2906 5938 929 271 454 2319 1122 2883 2606 3288 29457 876 168589 6478 1457 7781 7134 6428 2198 521
leaf_count=2623 1740 7724 7367 796 430 2599 713 2443 565 509 10319 39921 4544 431 5257 19222 1856 3516 16427 244 805 589 764 26505 13918 1113 2236 4408 279 209 4974 827 419 3101 4672 1350 40628 772 87347 373 200 14120 2906 5938 929 271 454 2319 1122 2883 2606 3288 29457 876 168589 6478 1457 7781 7134 6428 2198 521
internal_value=-4.83631e-07 -5.38422e-05 -0.000211507 -3.99888e-06 -0.000643279 3.17113e-05 -0.000511487 2.50043e-05 -0.00046112 -0.00184769 -0.000644374 0.000189786 0.000441939 -0.000889348 1.03653e-05 0.00024737 -1.54607e-05 0.000523514 -2.79062e-05 0.00011297 -0.000697184 0.000109794 0.000708285 9.79532e-05 0.000117725 8.20119e-05 0.000850819 0.000597432 0.000429106 -0.00256634 0.000154266 0.000560979 -0.00281352 -0.000800984 -0.0010774 -0.00164546 -4.11077e-05 -0.000116111 0.000127595 -4.30433e-05 0.000618971 -0.000277285 -0.000437322 -0.000581013 2.87312e-05 -0.000807894 -0.0013993 0.000372904 -0.000442483 -0.00118217 -0.00155151 -0.00151527 -5.05996e-05 0.000146446 -6.72699e-05 -0.000200498 0.000717617 -0.000267705 0.000188341 -0.00014468 0.000499058 0.00123806
internal_weight=592490 402969 134339 90733 43606 89009 38538 268630 37616 1724 23821 58885 18964 13502 263951 25936 238015 5372 232643 189521 10465 189277 3672 185605 176084 149579 4679 16365 11821 922 94261 5801 928 9700 5477 5068 55318 41400 88460 224919 765 30124 16004 13098 3552 9546 3608 3083 4223 3154 3037 4638 221827 17303 204524 35935 6714 9521 7413 13795 3092 894
internal_count=592490 402969 134339 90733 43606 89009 38538 268630 37616 1724 23821 58885 18964 13502 263951 25936 238015 5372 232643 189521 10465 189277 3672 185605 176084 149579 4679 16365 11821 922 94261 5801 928 9700 5477 5068 55318 41400 88460 224919 765 30124 16004 13098 3552 9546 3608 3083 4223 3154 3037 4638 221827 17303 204524 35935 6714 9521 7413 13795 3092 894
is_linear=0
shrinkage=0.05


Tree=2
num_leaves=63
num_cat=0
split_feature=25 30 28 22 23 27 22 27 22 17 17 25 27 23 21 17 23 22 23 21 18 25 25 27 25 18 27 17 22 27 17 22 25 23 31 30 25 21 21 26 17 22 27 21 22 21 18 25 18 25 25 25 17 21 18 17 25 18 25 25 21 21
split_gain=1.29483 0.993606 0.835273 0.652764 0.929836 1.13076 0.535488 0.511728 0.419916 0.413379 0.408024 0.906973 0.392717 0.410081 0.380368 0.368546 0.464525 0.564585 0.36802 0.362735 0.382169 0.347699 0.346056 0.297676 0.290709 0.595529 1.10346 1.38066 0.700331 0.532692 0.48415 0.536635 0.362319 0.365136 0.357262 0.330462 0.3267 0.286922 0.282986 0.358243 0.280944 0.449477 0.271544 0.269632 0.301246 0.365787 0.262527 0.257749 0.320945 0.256949 0.29452 0.278223 0.245692 0.238916 0.341489 0.228533 0.219939 0.217715 0.213874 0.212147 0.21112 0.208025
threshold=8.0440787001508358 2.7875553097345134 0.02773464190623395 0.0093023296883388302 1.0000000180025095e-35 -8.2969050694699955e-05 3.1976328674089873 0.0021474647684929429 1.858117200880842 1.1695402298850575 2.5059259259259266 -15.110698288771461 0.0019663182537236808 1.0000000180025095e-35 -1.0000000180025095e-35 0.63043478260869579 1.0000000180025095e-35 -0.25587641797556709 -0.48559771237271582 -0.27200069632178253 -0.034091398235167512 -18.506077124482498 -13.09197733827042 0.0017189939896385747 -2.5080599523253801 -1.0000000180025095e-35 0.00084575518345813498 -0.36236763078868334 0.1666666666666666 0.0071424090222314629 -0.25626169352405087 0.34178433889602056 -26.910851063912041 -0.059007970618113616 -3.9956896551724133 -6.2928229665071749 -17.237127402282038 0.26653439153439168 -0.27146113956363283 18.760617305652247 0.16260431298025294 0.12745098039215688 -0.0009667842896682121 -0.7153902798232693 -0.30188531029065196 1.3148881789137383 0.50426590828297202 40.153894660414075 0.58722109533468581 -23.726870254126258 -29.87476690511745 -1.8257880630817842 1.368403843251673 -0.31941838649155713 -0.038847974561337366 0.63989247311827957 -19.131301102649054 0.58722109533468581 -29.548007985510768 -36.767720528071344 0.24000000000000013 -1.0000000180025095e-35
decision_type=2 2 2 2 2 2 2 2 2 2 2 2 2 2 2 2 2 2 2 2 2 2 2 2 2 2 2 2 2 2 2 2 2 2 2 2 2 2 2 2 2 2 2 2 2 2 2 2 2 2 2 2 2 2 2 2 2 2 2 2 2 2
left_child=1 2 3 14 8 22 7 15 10 12 24 -12 59 37 19 16 18 61 -2 -1 -21 42 52 -16 25 32 30 29 40 -28 31 -27 53 -34 -30 -33 -36 38 39 -14 41 -29 -22 -20 45 -45 -32 55 -49 50 -25 -51 -6 -5 -55 -17 -42 -48 -52 -3 -60 -18
right_child=6 9 -4 4 5 -7 -8 -9 -10 -11 11 -13 13 -15 23 47 17 -19 43 20 21 -23 -24 49 -26 26 27 28 34 -31 46 35 33 -35 36 -37 -38 -39 -40 -41 56 -43 -44 44 -46 -47 57 48 -50 51 58 -53 -54 54 -56 -57 -58 -59 60 -61 -62 -63
leaf_value=0.00010688482488899667 0.00094533555115903925 0.00028534914036268416 -0.001032514772647248 0.00080640247676563479 -0.0017076547215582692 -0.0029879712273607252 0.0024481529259737429 0.00030175420630743251 0.0004169317385529948 0.00044665551196591331 -0.0033309197610731224 -5.0488989738660917e-05 0.00049750172039297999 -0.0016206993721334204 -3.0112201373448819e-05 0.00075155679415353038 -0.0012586067717637451 0.002193897441485721 -0.00025381022545099759 -1.8456571804054857e-05 -2.9282736145132945e-05 -0.00035434071215692721 2.4277675409952225e-05 1.2093196087393375e-05 -6.3266001243026692e-05 -0.0003340371842908542 6.9687409758428697e-05 -0.0024110805871891392 -0.00017258568135975321 0.0027954017888685324 -0.00021225564197941522 -0.0029351516236149448 0.00075496732722408176 -0.0002556400664122428 -0.0015372031796266946 -0.00090246651472853051 -0.00061731586731075415 0.0011045387090343718 0.00017123192258153318 0.0027884921066677619 -0.0041808497436387395 0.00024843910586523952 -0.0012703609987275079 0.00023117744795973376 -7.191598788810653e-06 -0.00045153097349297125 0.00099257041859395845 0.0012644435032183033 0.00028227839770399968 -0.00020073085963296674 0.0012342714331637621 0.00031243840537296974 -0.00043825244768078467 -0.00013059659000961131 0.00085126496599377674 0.00013576932023740102 -0.0021312075223819497 -4.3323461982484255e-05 0.00074740723323050897 -3.761920255956742e-07 -0.00033346259372518618 0.00065871967751463239
leaf_weight=6409 1077 7248 2342 1689 785 592 244 27966 3048 7839 329 586 573 239 172075 1604 216 549 8567 6481 561 9625 1277 2257 38511 1328 472 504 1300 289 26533 422 975 10729 2177 380 1734 1477 4713 243 245 232 2056 26020 92216 2122 838 1266 2425 5496 1363 5085 741 3558 1179 24839 281 1285 1578 62657 633 410
leaf_count=6409 1077 7248 2342 1689 785 592 244 27966 3048 7839 329 586 573 239 172075 1604 216 549 8567 6481 561 9625 1277 2257 38511 1328 472 504 1300 289 26533 422 975 10729 2177 380 1734 1477 4713 243 245 232 2056 26020 92216 2122 838 1266 2425 5496 1363 5085 741 3558 1179 24839 281 1285 1578 62657 633 410
internal_value=-4.59453e-07 -5.11501e-05 -9.17405e-05 -8.476e-05 -0.000188808 -0.00100239 0.000107322 0.000104304 -0.000160801 0.000100716 -0.000179226 -0.00123001 6.55656e-05 0.000415976 -3.50695e-05 7.00727e-05 3.38497e-05 0.00102355 2.49046e-05 -0.000217787 -0.000328924 -0.000493287 -0.000583037 -1.07068e-05 -0.000169069 -0.000241634 -0.000354079 -0.000909765 -0.00114661 0.00110481 -0.000223506 -0.000950785 -5.82883e-06 -0.000171452 -0.000890669 -0.00197203 -0.00112936 0.000485454 0.000320074 0.00117975 -0.00220343 -0.00157275 -0.00100431 1.72156e-05 3.6507e-05 0.000179699 -0.000169447 0.000227755 0.000619158 0.000192753 0.000459258 4.58872e-05 -0.00109125 0.000295828 0.000113781 0.000173122 -0.00308589 0.000365569 0.000741645 2.92488e-05 0.000437959 -2.84983e-06
internal_weight=592490 402969 317980 315638 102019 3395 189521 189277 98624 84989 95576 915 77150 7245 213619 161311 131177 1175 130002 25132 18723 12242 2803 188487 94661 56150 38020 7234 6473 761 30786 2130 18130 11704 5211 802 3911 7006 5529 816 1262 736 2617 128925 120358 28142 28656 30134 3691 16412 5831 10581 1526 6426 4737 26443 526 2123 3574 69905 2211 626
internal_count=592490 402969 317980 315638 102019 3395 189521 189277 98624 84989 95576 915 77150 7245 213619 161311 131177 1175 130002 25132 18723 12242 2803 188487 94661 56150 38020 7234 6473 761 30786 2130 18130 11704 5211 802 3911 7006 5529 816 1262 736 2617 128925 120358 28142 28656 30134 3691 16412 5831 10581 1526 6426 4737 26443 526 2123 3574 69905 2211 626
is_linear=0
shrinkage=0.05


Tree=3
num_leaves=63
num_cat=0
split_feature=0 17 20 27 0 0 20 24 18 17 22 17 17 0 31 0 22 22 22 31 22 22 17 22 17 22 17 22 18 17 0 18 0 27 29 22 23 17 18 0 22 26 22 22 17 22 18 18 31 31 23 31 27 17 29 20 26 24 23 18 18 22
split_gain=1.13014 1.60204 0.634926 0.630479 0.950746 0.750497 1.68896 1.16452 1.15451 0.771729 0.697764 0.628297 0.838349 0.769988 0.607443 0.596518 0.542526 0.662189 0.559258 0.563024 0.528759 0.590281 0.489589 0.475203 0.45031 0.547385 0.524344 0.435874 0.42966 0.411366 0.399083 0.384986 0.609973 0.370776 0.533616 0.364075 0.340347 0.315837 0.296722 0.294173 0.29344 0.424153 0.289299 0.286146 0.416262 0.334586 0.285988 0.283786 0.274471 0.278294 0.258373 0.257968 0.250057 0.240199 0.238147 0.237833 0.33879 0.237677 0.237416 0.236354 0.302405 0.275819
threshold=100856.6387792421 1.7476190476190483 0.28366174055829246 0.0024716981840934645 -113796.37321258422 -52738.385276212488 0.28366174055829246 0.16082046973625455 -1.0000000180025095e-35 0.22503553660270084 0.0093023296883388302 -0.32450181159420294 -0.36236763078868334 -87393.553174685279 -8.1694260485651196 -55175.087306542024 -0.037523584241502698 -0.13073463268365812 1.5222950819672134 -6.7087824170515953 0.1992063492063493 0.58153137185395243 1.935416666666667 0.071794871794871665 -0.12543706293706289 0.34178433889602056 -0.076910748272062776 -0.25360967184801358 -1.8546934865900375 1.0357537031658439 -200601.81292842954 0.43380880880880884 -177446.28538218708 0.0079098620669464971 -1.0517395182872438 -0.30188531029065196 -0.37682038834951453 1.4621978021978026 -1.0000000180025095e-35 -79400.536801167371 0.33654548776032162 -3.7085366384013088 -0.48074074074074086 -0.13073463268365812 0.18571428571428564 -0.13160919540229885 0.96590860176483262 1.0000000180025095e-35 -3.0768700787401571 -6.5954415954415948 -0.059007970618113616 -4.8544973544973535 -0.00056884434078347164 -1.3977829768270944 -7.6369685167153509 0.28366174055829246 -12.215371234516912 0.96893478329543836 0.62317961165048552 -0.0077855138169257336 -0.033771225817352361 0.19564877743926259
decision_type=2 2 2 2 2 2 2 2 2 2 2 2 2 2 2 2 2 2 2 2 2 2 2 2 2 2 2 2 2 2 2 2 2 2 2 2 2 2 2 2 2 2 2 2 2 2 2 2 2 2 2 2 2 2 2 2 2 2 2 2 2 2
left_child=3 2 28 5 33 6 7 11 37 -10 42 12 48 -14 -11 23 17 27 20 -20 22 51 31 -12 25 -9 -26 -13 -2 40 -24 -18 -33 -5 -35 53 -28 -8 -17 -27 41 -25 -6 45 -45 -30 -3 55 49 -1 -50 -22 -38 -7 -16 -37 -57 -40 -23 60 -46 -61
right_child=1 46 -4 4 10 35 8 24 9 14 15 16 13 -15 54 38 18 -19 19 -21 21 58 30 29 26 39 36 -29 43 -31 -32 32 -34 34 -36 47 52 -39 57 -41 -42 -43 -44 44 59 -47 -48 -49 50 -51 -52 -53 -54 -55 -56 56 -58 -59 -60 61 -62 -63
leaf_value=-0.00091657350870803669 0.0018448471375057647 0.00061531311558754077 0.001074571001770121 0.00045227837396319182 0.00042428553975016274 0.00033997379541404006 -0.00039222152887904342 -9.4637168699993979e-05 -0.004299683801725923 -0.0037266044775606136 -0.0030331370584193527 0.0001073441332409152 -0.002765196694127902 -0.00029041135696565508 -0.0002088628676613448 0.00043715222785678038 -0.0001679072871933747 0.00040942515915842612 0.0026038018540324023 0.00022448097384560612 -0.00011866642303326214 -0.00011998931780044028 -0.0011975153545688687 -0.0018547537206036011 0.00055564915610517996 -0.0024230775591750266 -0.0019945670254237487 -0.00097567154185896851 0.00025422915013584556 -0.0018498560915020238 -1.7033916118556071e-05 0.0016523454028949957 1.7812924943310587e-05 0.00089674392864214992 0.0032449547936445459 -4.7136246133756311e-05 -0.00010439208369073361 0.0014510306168666611 -0.00058775693354030315 -0.00027470938841442653 7.4893768509037498e-05 -0.00024517078672090783 8.1589534397661344e-05 -8.0355069979902446e-05 0.00033331610019895726 0.0016761785787465116 0.001397391488026793 0.00012428932612791141 -0.001680444248108798 -0.00016175643610706904 -0.00057484312238224465 -0.001031334200192933 0.00015608616382387119 6.8622322570602968e-05 -0.0014149773842941993 -0.00081618565291647195 0.00054066456053376442 2.8210338520127168e-05 -0.0018387298876587884 -0.00016884048920493271 0.0013335255348170189 0.00032477301580587553
leaf_weight=1404 350 1995 1714 6288 8804 10043 2342 25483 251 256 216 1974 752 540 513 2503 22048 7698 288 1819 905 5199 1948 664 6191 393 200 1755 11595 583 1132 767 2231 1601 285 238629 13537 258 2493 268 1612 1067 20494 29747 3923 429 2823 29134 590 9375 5064 5359 28850 43392 2024 535 3284 4212 209 5007 936 6509
leaf_count=1404 350 1995 1714 6288 8804 10043 2342 25483 251 256 216 1974 752 540 513 2503 22048 7698 288 1819 905 5199 1948 664 6191 393 200 1755 11595 583 1132 767 2231 1601 285 238629 13537 258 2493 268 1612 1067 20494 29747 3923 429 2823 29134 590 9375 5064 5359 28850 43392 2024 535 3284 4212 209 5007 936 6509
internal_value=-4.3648e-07 0.000196235 0.000126032 -2.46831e-05 0.000142726 -4.25332e-05 -0.000134392 -0.000101579 -0.000983081 -0.00164399 4.8049e-05 -0.000246589 -0.000504488 -0.00173084 -0.00140532 -0.000251559 -0.000160876 0.000144513 -0.000244152 0.000549704 -0.00028618 -0.000569091 -0.000168775 -0.000749891 3.59509e-05 -0.000131484 0.000125693 -0.000402362 9.82389e-05 -0.000624272 -0.00076365 -9.56213e-05 0.000435987 0.000636705 0.00125159 3.19582e-07 6.31887e-05 -0.000209314 -2.73962e-05 -0.00155203 -0.000410537 -0.000862596 0.000184569 8.77255e-05 3.10919e-05 0.000304962 0.00107355 -2.31538e-05 -0.000408069 -0.000260074 -0.000690214 -0.000899475 7.28981e-05 0.000119622 -0.00117109 -4.08714e-05 0.000350585 -0.000200814 -0.000186413 0.000233548 0.000525989 0.000110157
internal_weight=592490 65028 60210 527462 50822 476640 151623 145979 5644 3044 42648 71057 17725 1292 2793 13350 53332 11427 41905 2107 39798 11672 28126 4142 74922 26144 48778 3729 58496 3926 3080 25046 2998 8174 1886 325017 42587 2600 9208 661 3343 1731 29298 58146 46122 12024 4818 271582 16433 10779 5654 6264 42387 53435 2537 242448 3819 6705 5408 16375 4859 11516
internal_count=592490 65028 60210 527462 50822 476640 151623 145979 5644 3044 42648 71057 17725 1292 2793 13350 53332 11427 41905 2107 39798 11672 28126 4142 74922 26144 48778 3729 58496 3926 3080 25046 2998 8174 1886 325017 42587 2600 9208 661 3343 1731 29298 58146 46122 12024 4818 271582 16433 10779 5654 6264 42387 53435 2537 242448 3819 6705 5408 16375 4859 11516
is_linear=0
shrinkage=0.05


Tree=4
num_leaves=63
num_cat=0
split_feature=25 0 28 20 28 20 28 18 25 25 0 21 21 0 18 22 17 0 18 0 27 22 28 27 22 18 23 21 20 0 25 17 0 22 28 21 27 21 28 28 22 21 22 23 25 21 0 0 21 22 27 25 22 0 28 17 18 23 22 0 22 21
split_gain=1.12161 1.68103 3.37402 1.84917 1.76338 1.41321 1.31446 1.10269 0.826314 0.786219 0.743561 0.574152 0.909486 0.551689 0.919589 0.567647 0.597706 0.539251 0.534676 0.496567 0.71744 0.559219 0.48299 0.476344 0.464899 0.456947 0.449819 0.737776 0.440021 0.456003 0.532139 0.437795 0.667887 0.713677 0.437489 0.436823 0.430516 0.453651 0.426294 0.46465 0.424959 0.487115 0.425176 0.412301 0.534557 0.400191 0.398804 0.389139 0.387398 0.359921 0.351007 0.341605 0.372452 0.334222 0.323647 0.314159 0.303485 0.302386 0.301688 0.294746 0.294522 0.293637
threshold=8.0440787001508358 -30504.018108793101 0.0014620826835673683 0.28976435935198813 0.015166569858304458 0.38794304287262033 -1.0000000180025095e-35 1.9358522460241658 -10.675942895095405 -3.4720006824006364 -84529.414841088932 0.25074475826624826 0.095029239766081922 -54377.521757948431 -0.010389680483592399 0.34178433889602056 1.935416666666667 -91880.040548076766 -1.0000000180025095e-35 -106843.54440271387 0.0046351281667272792 0.0093023296883388302 -1.0000000180025095e-35 0.0033085736287668996 3.1976328674089873 -0.27200069632178253 1.0000000180025095e-35 -0.24807692307692306 0.38794304287262033 32593.986878086576 -19.131301102649054 1.9330128205128208 -113796.37321258422 -0.13073463268365812 0.0015289901845486858 -0.7153902798232693 -0.002547662890568294 0.12186424003935072 -1.0000000180025095e-35 0.00080125828379631859 0.33654548776032162 -1.0000000180025095e-35 0.1992063492063493 1.0000000180025095e-35 -26.410507009917026 0.32852661404573985 -95245.052327172758 -286465.00452334509 -0.31941838649155713 0.17823529411764713 0.0043657209848934628 40.153894660414075 1.5222950819672134 -64080.718518405665 -0.027037432385741238 0.54947774997279952 1.9358522460241658 -0.48559771237271582 0.34445680385613647 -200601.81292842954 0.022248803827751133 0.27641208216778296
decision_type=2 2 2 2 2 2 2 2 2 2 2 2 2 2 2 2 2 2 2 2 2 2 2 2 2 2 2 2 2 2 2 2 2 2 2 2 2 2 2 2 2 2 2 2 2 2 2 2 2 2 2 2 2 2 2 2 2 2 2 2 2 2
left_child=1 2 3 6 5 13 9 8 11 19 48 12 28 14 -4 40 17 58 -5 20 -1 -21 -10 25 26 -8 35 -28 -3 30 -30 32 33 -27 -24 -2 -35 -38 -37 53 41 46 47 -14 -45 -23 -16 -43 -6 -49 -42 57 -53 -40 -47 -20 -55 -41 -17 -33 -15 -13
right_child=24 7 4 18 10 -7 23 -9 22 -11 -12 61 43 60 15 16 -18 -19 55 21 -22 45 34 -25 -26 31 27 -29 29 -31 -32 59 -34 36 -36 38 37 -39 39 51 50 42 -44 44 -46 54 -48 49 -50 -51 -52 52 -54 56 -56 -57 -58 -59 -60 -61 -62 -63
leaf_value=-0.00040822266542374082 -0.0002436277405107886 0.00012623817912513183 -0.0001339168531130385 -0.00064817457605885649 -0.0036032847804788057 -0.0020273709664549683 -0.00041271637587022355 0.0010464325624062547 0.00028423818565478828 0.00021776805414602904 -0.0006880557673707554 0.00087074479075424378 -0.00043408843533430854 3.4084504075780331e-05 -0.0020996335542551423 -0.0031355330914396165 0.0008403996349915315 -0.00086260097408655625 -0.0034675377821220643 -0.00038634586214371678 0.0012087113724084334 -0.00092092394279187694 -0.00013185628556537266 0.00070249376419321825 0.0022809946209146471 -0.00048071529780209727 0.0022665640628786563 0.00033531125906418073 -0.0022150727341391356 0.0014426999856870354 0.0010679562305982574 -0.00084165339765222532 4.9361301616922265e-05 -0.0011947786477872705 4.647605467145979e-05 0.00028889588689842851 0.00063140251709670506 -7.1716786274867998e-05 0.00016826362246917374 0.00093341096467258744 -3.9577339131502068e-06 -0.0020300811594275167 -0.0011883134543833008 -0.0032316979860344411 -0.00032246126011686751 -0.0038678951649726429 -0.00064183096640416755 -0.00043831595585380192 -0.0016702217525489905 0.00040261604633204672 0.0023359056382375484 0.00042498379421821738 0.0023866622484189724 -0.00013362276360992558 -0.0012912394611951988 -0.0016529144597141597 0.00086710823901541868 0.00010403217695783277 -0.0016187172127226602 3.6950318617848255e-05 -0.00035704359171264159 0.00030594468993131309
leaf_weight=2623 9521 57288 13163 874 287 1272 4455 2702 11014 4891 2512 3831 1268 11428 913 448 343 2472 382 7557 929 4379 84666 3192 244 2138 589 3083 216 1249 288 1971 61045 373 57917 26505 14737 2717 13918 1113 776 348 1896 369 276 217 965 10188 2674 1454 202 5548 253 40628 278 635 772 87347 1222 1851 8315 5763
leaf_count=2623 9521 57288 13163 874 287 1272 4455 2702 11014 4891 2512 3831 1268 11428 913 448 343 2472 382 7557 929 4379 84666 3192 244 2138 589 3083 216 1249 288 1971 61045 373 57917 26505 14737 2717 13918 1113 776 348 1896 369 276 217 965 10188 2674 1454 202 5548 253 40628 278 635 772 87347 1222 1851 8315 5763
internal_value=-4.14655e-07 -4.7593e-05 -0.000163493 -4.43362e-06 -0.000464596 -0.000380019 2.14353e-05 4.23903e-05 3.02869e-05 -0.000336946 -0.0013208 0.00017194 0.00011535 -0.00034131 -0.000462252 -0.000665855 -0.00116541 -0.00133152 -0.00155511 -0.000506696 1.46748e-05 -0.00065567 -3.47754e-05 0.000102328 9.98983e-05 8.08719e-05 9.70867e-05 0.00064509 0.000150116 0.000930432 -0.000339056 0.000106793 0.000131465 0.000382505 -5.9418e-05 8.6245e-05 0.000486031 0.000521951 0.000104081 7.13328e-05 -0.000532028 -0.000594773 -0.000492559 -0.000957616 -0.00198682 -0.00107325 -0.00135055 -0.000382538 -0.00185759 -0.00033329 0.000479327 0.000138842 0.000510539 -4.37023e-05 -0.0024208 -0.00233451 -0.000114962 0.000114467 -0.00202562 -0.000416144 -0.000130644 0.000531476
internal_weight=592490 402969 176122 115244 60878 55405 113353 226847 224145 20874 5473 70548 60954 54133 34390 21227 4485 4142 1891 15983 3552 12431 153597 92479 189521 89287 189277 3672 59041 1753 504 84832 81010 19965 142583 185605 17827 17454 176084 149579 16742 15764 13886 1913 645 4874 1878 11990 2961 11642 978 94261 5801 55318 495 1017 41400 88460 1670 3822 19743 9594
internal_count=592490 402969 176122 115244 60878 55405 113353 226847 224145 20874 5473 70548 60954 54133 34390 21227 4485 4142 1891 15983 3552 12431 153597 92479 189521 89287 189277 3672 59041 1753 504 84832 81010 19965 142583 185605 17827 17454 176084 149579 16742 15764 13886 1913 645 4874 1878 11990 2961 11642 978 94261 5801 55318 495 1017 41400 88460 1670 3822 19743 9594
is_linear=0
shrinkage=0.05


Tree=5
num_leaves=63
num_cat=0
split_feature=0 17 28 28 28 0 22 0 21 21 23 27 17 21 0 24 0 28 0 20 0 27 22 28 22 22 20 22 17 18 20 0 27 27 21 28 18 18 23 17 0 28 20 21 21 18 27 17 18 17 30 28 0 28 19 22 22 22 28 28 20 19
split_gain=0.956687 1.40592 1.0922 1.34255 0.934797 0.861315 0.575234 0.520959 0.491746 0.614586 0.599767 0.577338 0.521442 0.444803 1.06194 0.429428 0.57598 1.13025 0.998783 0.80624 0.679022 0.569694 0.489679 0.582905 0.461601 0.532874 0.425555 0.420637 0.41984 0.419619 0.417444 0.409126 0.400983 0.378797 0.365314 0.345056 0.344988 0.323439 0.309853 0.300411 0.288667 0.952889 0.374658 0.297743 0.287109 0.267783 0.266477 0.309962 0.463697 0.237729 0.231884 0.231332 0.377081 0.228158 0.218903 0.284277 0.216884 0.212813 0.254214 0.207995 0.20151 0.202801
threshold=88098.534980688579 1.7476190476190483 -1.0000000180025095e-35 0.0013739424884774251 0.02773464190623395 -77125.708771550519 3.1976328674089873 -286465.00452334509 -0.7875255733821469 -0.70187731359069272 1.0000000180025095e-35 0.0088481272273299317 -1.2361111111111109 -0.70541140719962592 -56872.009960442498 0.36182924606430339 -31129.366380615855 0.0046353551213718343 -144335.90589562187 0.28976435935198813 -84529.414841088932 0.0034875917470133127 0.031676413255360643 -1.0000000180025095e-35 -0.097982216142270859 -0.037523584241502698 0.703809523809524 1.5222950819672134 1.935416666666667 -1.0000000180025095e-35 0.38794304287262033 -113796.37321258422 0.014599813860538267 0.0039034599799387085 0.23956521739130446 0.013992109160460347 -1.0000000180025095e-35 -0.57697368421052619 1.0000000180025095e-35 -1.152394775036284 -104647.9789007966 0.0020156435110240769 0.27123938030984535 0.24177650429799438 -0.21214298961424324 0.96590860176483262 -0.0024330577131821962 1.6049679487179482 0.46769509981851187 0.04999999999999994 -17.366734589913396 -0.051004744174541004 -56011.322475529967 -0.0048830755173635857 0.49062955897205707 1.5222950819672134 0.267479674796748 -0.11566332218506113 0.0043883826605189856 0.0092168715788445137 0.24154589371980686 0.029126899964651846
decision_type=2 2 2 2 2 2 2 2 2 2 2 2 2 2 2 2 2 2 2 2 2 2 2 2 2 2 2 2 2 2 2 2 2 2 2 2 2 2 2 2 2 2 2 2 2 2 2 2 2 2 2 2 2 2 2 2 2 2 2 2 2 2
left_child=4 2 -2 60 6 39 7 28 10 11 -9 13 29 -10 -15 16 17 18 21 22 59 24 32 36 -14 -26 31 46 -1 33 35 -21 37 -11 -18 -5 -24 -20 54 -6 41 42 43 56 -43 -3 -27 48 -48 -22 -33 52 -38 -36 55 -25 -17 -46 -59 -19 61 -4
right_child=1 45 3 30 5 -7 -8 8 9 12 -12 -13 15 14 -16 40 34 20 19 26 49 -23 23 38 25 27 -28 -29 -30 -31 -32 50 -34 -35 53 -37 51 -39 -40 -41 -42 44 -44 -45 57 -47 47 -49 -50 -51 -52 -53 -54 -55 -56 -57 -58 58 -60 -61 -62 -63
leaf_value=-7.5430648850345836e-05 0.00067563308125944289 0.00054643776013606888 -0.00020496348854635743 0.0002220013927737595 -4.725591556892211e-05 -0.00018237801003685109 0.0017102398364582019 0.00030006210467952983 -0.00031449205660147853 -0.0001125936937333271 0.0021262578592709013 0.0016973832065461953 -0.00041286529046070085 -0.0023800676560502437 0.00085529999587330256 0.00038384913216251093 -2.9927031080975331e-05 -0.00069432180899887887 -0.00087647921722185801 0.00059294441507771881 -0.00012073657030422759 0.0012904935409868141 -0.00010047031762981097 -0.00018638205392235385 0.0012349300813542926 -0.0013678897185418963 5.5468370149133903e-05 0.0017579407375142627 -0.0014383821708909878 0.00042992463214296768 0.0014432331625948676 -0.0026867442916349918 0.0020880407943728975 0.00081944106124885263 0.00073848143070457317 0.00089004878002702469 -0.002967298492591522 -3.179701637265837e-05 -0.0016598465645022789 -0.001889992980746913 2.2989100194953141e-06 0.00090676825474286175 -0.00071241257579914583 -0.00010717620051641489 -0.00088245930628704525 0.0012707280136237632 0.00012181292804385038 -0.00047298554371057161 0.0012835796022609165 -0.00056615198594567632 -0.0013447176757659519 -0.00089090196980109266 -0.00034665605993309742 0.00016150133391746129 -0.0017253883791007948 0.00075162418916714484 0.0010097490249370035 0.00024902437380459029 -0.00069312085328569436 -0.0013490172174948657 0.00071691032775583849 0.00029062076958972632
leaf_weight=1098 7547 2237 33240 22797 260 2642 481 3321 12074 9351 520 335 2394 788 374 16841 93370 2348 1160 215 6314 1351 1230 15548 1482 292 635 410 1164 11770 794 453 220 1234 1997 2112 365 49238 351 1481 231487 381 846 2934 2230 2971 4473 1465 1063 5700 1112 2872 220 12064 220 852 1508 1405 1460 2510 646 2201
leaf_count=1098 7547 2237 33240 22797 260 2642 481 3321 12074 9351 520 335 2394 788 374 16841 93370 2348 1160 215 6314 1351 1230 15548 1482 292 635 410 1164 11770 794 453 220 1234 1997 2112 365 49238 351 1481 231487 381 846 2934 2230 2971 4473 1465 1063 5700 1112 2872 220 12064 220 852 1508 1405 1460 2510 646 2201
internal_value=-1.48879e-07 0.000167324 0.000107814 3.84604e-05 -2.42541e-05 -0.00075136 -1.80481e-05 -1.96685e-05 -1.63156e-05 -2.05859e-05 0.000547295 -0.000352529 -1.14553e-05 -0.000404411 -0.00133874 -2.26537e-05 -7.54416e-05 -0.000159022 -8.68626e-05 -0.0001571 -0.000533766 0.000318867 -0.000127072 -0.000326034 0.0002055 0.000366673 -0.00105578 0.000199626 -0.00077679 0.000224493 0.00031462 -0.00145221 -4.1941e-05 -3.93702e-06 5.85318e-06 0.000278644 -0.000819624 -5.12389e-05 -0.000189716 -0.0016148 2.05241e-05 0.000173355 0.000319488 0.000360506 -0.000417181 0.000959623 0.000112021 0.000173745 0.000344891 -0.000332062 -0.00173318 -0.0010755 -0.00198176 0.000243446 -0.000158668 -0.000137651 0.000435288 -0.000516185 -0.000231092 -0.00103259 -0.000158234 -0.000174186
internal_weight=592454 74545 69337 61790 517909 4383 513526 513045 510783 506942 3841 13571 493371 13236 1162 471016 211924 104493 87621 74691 16872 12930 72276 21658 11579 9185 2415 7703 2262 22355 25703 1780 50618 10585 107431 24909 4687 50398 16971 1741 259092 27605 22129 21283 5476 5208 7293 7001 5536 12014 1565 3457 585 14061 16620 16400 18349 5095 2865 4858 36087 35441
internal_count=592454 74545 69337 61790 517909 4383 513526 513045 510783 506942 3841 13571 493371 13236 1162 471016 211924 104493 87621 74691 16872 12930 72276 21658 11579 9185 2415 7703 2262 22355 25703 1780 50618 10585 107431 24909 4687 50398 16971 1741 259092 27605 22129 21283 5476 5208 7293 7001 5536 12014 1565 3457 585 14061 16620 16400 18349 5095 2865 4858 36087 35441
is_linear=0
shrinkage=0.05


Tree=6
num_leaves=63
num_cat=0
split_feature=0 17 28 28 28 0 22 0 21 21 27 17 17 17 21 0 20 20 0 20 22 17 31 0 28 22 28 22 22 17 17 17 21 22 0 21 22 17 21 28 21 27 21 28 19 22 22 17 19 17 27 26 22 17 21 20 17 28 22 17 17 17
split_gain=0.86699 1.27541 0.843315 1.11447 0.843051 0.780767 0.518408 0.471684 0.439126 0.536653 0.518624 0.482942 0.445043 0.378905 0.367928 1.04336 0.339777 0.333229 1.28441 0.686329 0.711784 0.4957 0.48791 0.403242 1.93145 0.83089 0.747694 0.730014 0.463904 0.341301 0.56696 0.340126 0.55223 0.331748 0.712998 0.584228 0.459029 0.510223 0.41388 0.698839 0.389416 0.344 0.317978 0.313589 0.311376 0.304646 0.701422 0.416673 0.360801 0.347135 0.289839 0.285778 0.272202 0.268 0.265865 0.244816 0.243483 0.234761 0.231221 0.22823 0.218754 0.213605
threshold=97651.22363025615 1.8236391540649377 -1.0000000180025095e-35 0.0013739424884774251 0.02773464190623395 -77125.708771550519 3.1976328674089873 -286465.00452334509 -0.7875255733821469 -0.70187731359069272 0.010150742593978961 -1.2361111111111109 0.04999999999999994 1.935416666666667 -0.70541140719962592 -56872.009960442498 0.38794304287262033 0.24154589371980686 -42299.571170825271 0.703809523809524 -0.75500175500175493 2.3390716882096196 -8.1694260485651196 -133391.05228712675 0.0044622598272827272 -0.097982216142270859 0.00031093443666117826 -0.037523584241502698 0.267479674796748 1.7492857142857148 0.48137931034482789 0.38954203691045802 0.18182008806877756 0.031676413255360643 -30504.018108793101 -0.31941838649155713 0.071794871794871665 0.04999999999999994 0.28210345451257018 -0.020837536920275575 0.71917129262490109 0.00092663093427491959 0.025320512820512845 0.013992109160460347 0.28856472166331326 0.54494808502301895 0.43954465075154731 1.0357537031658439 0.49062955897205707 0.85092592592592575 -0.0018597543363787533 -17.453468671158618 -0.38881512681988811 0.72727272727272729 0.25074475826624826 0.24154589371980686 1.4621978021978026 2.7999556231652823e-05 1.5222950819672134 -0.81768598813327242 0.18571428571428564 -2.1033801302725599
decision_type=2 2 2 2 2 2 2 2 2 2 2 2 2 2 2 2 2 2 2 2 2 2 2 2 2 2 2 2 2 2 2 2 2 2 2 2 2 2 2 2 2 2 2 2 2 2 2 2 2 2 2 2 2 2 2 2 2 2 2 2 2 2
left_child=4 2 -2 55 6 52 7 13 12 10 14 -11 -9 -1 -10 -16 43 23 19 20 -19 22 -22 24 25 26 -13 -27 29 30 31 50 -33 41 35 -35 37 -37 45 -40 -41 53 59 -5 51 46 49 -48 58 -38 -29 -30 -6 -25 -36 61 -21 -52 -47 -43 -59 -4
right_child=1 -3 3 16 5 -7 -8 8 9 11 -12 17 -14 -15 15 -17 -18 18 -20 56 21 -23 -24 33 -26 27 -28 28 44 -31 -32 32 -34 34 54 36 38 -39 39 40 -42 42 -44 -45 -46 48 47 -49 -50 -51 57 -53 -54 -55 -56 -57 -58 60 -60 -61 -62 -63
leaf_value=-7.1659115211270374e-05 0.00063728900402246354 0.0010367984209109012 0.0012840716040088296 0.00022528613186379595 -0.00026496017366512477 -0.00017239734199927636 0.001624727824660141 0.00031068566321661601 -0.00028949121676588038 0.0002157368648840829 0.0018183188931170267 0.00049178982142581156 0.0019155242510477722 -0.0013664630567416186 -0.0022615544775320159 0.00086865407654369397 0.0013856203400595618 -0.0034321863650765318 0.00021380690430756295 -0.00017985673950070619 -0.0023266373540511234 -0.0023945177738966036 -0.00054987663480699856 -3.2589832107533921e-05 -0.0010090417838002181 0.0010268561401352092 -0.00064813825475730849 -0.00068546984165743577 0.00020237675661838902 -0.00032076795154015669 0.0010535417415521247 -0.0030001133663563042 0.00028244147031806106 0.00038190993493912129 -3.7506572326346658e-05 -0.000353080475875874 -0.0002659081205745404 -0.0034914839509317384 -0.002931143237143774 -0.00076569215607422256 0.00035546968554656778 0.00054663274569999288 0.00041304086444968955 0.00088169948567344905 -0.0006305043271758598 -4.1369746175566624e-05 -0.0007562373156715773 -0.0023265548490000007 -0.0016577977746539371 0.00049061585772088999 -9.0749575529259173e-05 0.0012557108521915456 -0.0018420495065250286 0.00021136316423010987 0.00021502090503897222 0.0007144626397508813 0.0013699713886431339 0.00062086550715133272 0.00070560458300912869 4.0192174007394909e-05 -0.00015086724325084281 -0.00016590420320514659
leaf_weight=1098 6870 3981 256 20260 340 2663 481 3394 12227 22640 276 2285 495 1164 792 401 723 292 7272 1798 428 493 3974 237204 3188 4164 3883 838 894 2853 2011 222 303 3550 67622 290 24131 234 326 3827 971 2354 7912 1999 340 11876 2784 498 327 1618 2762 2302 1401 11819 12322 831 295 4670 1135 40475 1143 32477
leaf_count=1098 6870 3981 256 20260 340 2663 481 3394 12227 22640 276 2285 495 1164 792 401 723 292 7272 1798 428 493 3974 237204 3188 4164 3883 838 894 2853 2011 222 303 3550 67622 290 24131 234 326 3827 971 2354 7912 1999 340 11876 2784 498 327 1618 2762 2302 1401 11819 12322 831 295 4670 1135 40475 1143 32477
internal_value=-1.41435e-07 0.000168682 0.000114185 5.06311e-05 -2.18118e-05 -0.000710693 -1.59848e-05 -1.7502e-05 -1.43554e-05 -1.83601e-05 -0.000327145 -9.90733e-06 0.000514953 -0.000737951 -0.000371269 -0.00120941 0.000318885 -2.06018e-05 -0.000256195 -0.00072568 -0.00103407 -0.000891013 -0.000722628 -1.31993e-05 0.00015846 0.000288282 -0.00022584 0.000429208 0.0002935 0.000170585 0.000287903 0.000132973 -0.00110561 -2.58797e-05 -9.20869e-05 -0.000237044 -0.000282805 -0.00175458 -0.000266566 -0.000691002 -0.000538796 3.16647e-06 0.000121825 0.000284236 0.000808032 -0.000215236 -0.000306114 -0.000994512 -1.74348e-05 -0.00021837 0.000202053 0.000961067 -0.00153406 -2.10115e-05 1.41622e-06 -0.000133048 3.85854e-05 0.000288787 2.37917e-05 6.80275e-05 0.000469121 -0.000154564
internal_weight=592454 67397 63416 56546 525057 4404 520653 520172 517910 514021 13696 500325 3889 2262 13420 1193 22982 477685 14552 7280 5187 4895 4402 463133 31858 28670 6168 22502 18338 14802 11949 9938 525 431275 131511 51567 48017 524 47493 5124 4798 299764 50741 22259 3536 42369 29031 3282 13338 25749 9413 3196 1741 249023 79944 33564 2093 8575 13011 42829 5813 32733
internal_count=592454 67397 63416 56546 525057 4404 520653 520172 517910 514021 13696 500325 3889 2262 13420 1193 22982 477685 14552 7280 5187 4895 4402 463133 31858 28670 6168 22502 18338 14802 11949 9938 525 431275 131511 51567 48017 524 47493 5124 4798 299764 50741 22259 3536 42369 29031 3282 13338 25749 9413 3196 1741 249023 79944 33564 2093 8575 13011 42829 5813 32733
is_linear=0
shrinkage=0.05


Tree=7
num_leaves=63
num_cat=0
split_feature=25 0 28 28 28 20 20 18 18 17 17 25 25 23 21 27 20 25 0 27 17 20 0 27 25 27 23 0 17 0 28 0 21 21 21 30 17 30 19 23 21 18 17 21 21 21 21 0 21 28 20 25 17 28 28 0 18 21 0 29 28 30
split_gain=0.978085 1.43037 3.41929 1.8147 1.56021 1.04055 1.02575 0.838218 0.671023 0.548373 0.529604 0.524038 0.469394 0.922572 0.543861 0.500366 0.458209 0.453302 0.524769 0.653136 0.436742 0.425948 0.624103 0.422166 0.414693 0.388793 0.360228 0.353412 0.345501 0.607798 0.341618 0.335321 0.370738 0.511816 0.420028 0.347978 0.315292 0.308535 0.3017 0.291196 0.491277 0.307592 0.432678 0.380205 0.315351 0.348402 0.537075 0.289808 0.288537 0.277305 0.267586 0.260575 0.257957 0.378895 0.256214 0.249809 0.248101 0.247135 0.24505 0.271314 0.237345 0.236048
threshold=7.6558656068815241 -50458.028663535355 0.0015289901845486858 -1.0000000180025095e-35 0.013992109160460347 0.38794304287262033 0.38794304287262033 0.96590860176483262 -0.010389680483592399 -0.12543706293706289 -0.063198881789137559 -14.784261320650289 -29.334908575035431 1.0000000180025095e-35 0.25074475826624826 0.010150742593978961 0.28366174055829246 -3.4720006824006364 -106843.54440271387 0.0046351281667272792 -1.152394775036284 0.27123938030984535 42363.784573245939 -0.00068421903159172058 -20.724682000733544 0.0031371997865439084 -0.071970729607575848 162197.75941901698 1.9330128205128208 -140400.01094500054 -1.0000000180025095e-35 -95245.052327172758 -0.70541140719962592 -0.072617412798681696 -0.7073149236192714 9.1010186757215639 3.2546852205139722 7.2234219269103006 -0.68985960918231826 1.0000000180025095e-35 -0.24807692307692306 -1.0000000180025095e-35 -0.81768598813327242 -1.0000000180025095e-35 1.3148881789137383 0.29458859280037403 0.31076705120420972 -113796.37321258422 -0.27296157450796615 0.0041556615473417454 -0.71023564064801181 23.005832686630296 0.027650648360030564 -0.036160480975935425 0.012360005661241175 -12174.819531543666 -1.2141563146997929 -0.66123550579768076 -22981.351085036138 -4.2482194767441852 0.0020935962992024702 -18.025058962264147
decision_type=2 2 2 2 2 2 2 2 2 2 2 2 2 2 2 2 2 2 2 2 2 2 2 2 2 2 2 2 2 2 2 2 2 2 2 2 2 2 2 2 2 2 2 2 2 2 2 2 2 2 2 2 2 2 2 2 2 2 2 2 2 2
left_child=1 2 3 6 5 8 17 12 -4 26 47 31 13 14 15 37 23 18 19 -1 -14 30 24 -12 -23 36 -5 -9 29 61 55 32 34 -34 -10 -35 38 -3 -2 41 -41 50 43 -43 45 -44 -47 -11 -28 -15 -40 -52 -20 -54 -45 -22 -53 -6 59 -27 -32 -25
right_child=25 7 4 9 57 -7 -8 27 11 10 16 -13 20 49 -16 -17 -18 -19 52 -21 21 22 -24 28 -26 58 48 -29 -30 -31 60 -33 33 35 -36 -37 -38 -39 39 40 -42 42 44 54 -46 46 -48 -49 -50 -51 51 56 53 -55 -56 -57 -58 -59 -60 -61 -62 -63
leaf_value=-0.00041273769817660647 -0.00047955279969239819 3.4637541097004545e-05 -0.0001179302671911107 0.00063295410674541115 -0.0025691360920690287 -0.0021424722728015963 -0.0026321826950647647 0.00034097201326284648 -0.0010329815492440594 0.00096615899895268658 -0.00010440062781615723 -0.00030671299992247208 0.00031409421514067763 -0.0034386209856786965 0.00073779080000978834 -0.0016633692506023139 -0.00094517791547869151 0.00017734240870668266 -0.00052307002544713045 0.0011273280938559433 -4.9250371284393398e-05 -0.0021814448518260943 0.001047549445970315 0.0011864021016865418 0.00010382360251554712 -0.00016199734937133713 0.00028114628472527674 0.0012331590625500673 -0.0003987735079296893 0.00016570049296810719 -9.776548257527779e-05 -0.0005729159274851088 -0.0026943763147420745 -0.0012859213652539293 0.0016701232320691256 -2.4969810229346259e-05 0.0017125926909683745 0.00041405437601550418 0.00090550818315134572 0.0020454220084925984 0.00029209186141694734 9.9264792512084512e-05 6.8196220814144268e-05 0.00062675583004358985 -0.0004356715913352175 0.0012224389629090782 0.00021259638928346832 0.00033290470574422773 -0.00028449575750122684 -0.00087700782719157952 -0.00017019976712554776 0.0009191894409143203 -0.0018919969874318444 -0.00074306348095405184 0.0017520388532418973 0.00032605899490075054 3.1915047597510231e-05 -0.0012804819478587305 0.00010397520338441256 0.00055419008467471589 1.4459281049656101e-05 0.00051921609937260018
leaf_weight=2709 2503 15248 13254 1424 405 878 536 2898 356 2879 12280 10429 9710 205 4506 379 986 2733 5765 923 7630 215 2243 1882 2589 1532 2678 1799 1981 23504 130210 7181 551 3087 241 665 291 8261 735 464 2875 3928 97789 3780 2870 1607 7287 4851 14258 218 24464 816 996 2567 584 10584 22853 4573 8834 9665 73825 4485
leaf_count=2709 2503 15248 13254 1424 405 878 536 2898 356 2879 12280 10429 9710 205 4506 379 986 2733 5765 923 7630 215 2243 1882 2589 1532 2678 1799 1981 23504 130210 7181 551 3087 241 665 291 8261 735 464 2875 3928 97789 3780 2870 1607 7287 4851 14258 218 24464 816 996 2567 584 10584 22853 4573 8834 9665 73825 4485
internal_value=-1.34363e-07 -4.47689e-05 -0.000181732 -4.1696e-06 -0.000554762 -0.000441926 -0.000481307 2.0572e-05 -0.000400178 0.000104575 0.000186358 -0.000566366 8.87266e-06 0.000199418 0.000233948 0.000138908 0.000120842 -0.000407843 -0.000531246 -2.13608e-05 -1.42953e-05 -2.83239e-05 0.000425885 0.000144659 -7.1402e-05 9.23335e-05 -0.000130834 0.000682689 0.00024068 0.000283088 -3.86385e-05 -0.000790514 -0.00110941 -0.0012714 5.82216e-05 -0.00106243 6.81672e-05 0.000167964 6.5394e-05 7.34151e-05 0.000535741 6.41554e-05 0.00010789 0.000456131 8.15323e-05 9.54462e-05 0.000395058 0.000568757 -0.000195054 -0.00211845 -4.13114e-05 -5.57695e-05 -0.000729778 -0.00106424 0.000777344 0.000168839 6.25043e-05 -0.00138532 0.000300863 0.0004562 -5.71597e-05 0.000716427
internal_weight=592454 399577 129057 87437 41620 36642 16229 270520 35764 71208 52848 22510 265823 28817 28394 23888 45118 15693 12960 3632 237006 227296 5047 44132 2804 192877 18360 4697 31852 29871 222249 12081 4900 4303 597 3752 172846 23509 172555 170052 3339 166713 117845 8292 109553 106683 8894 7730 16936 423 48868 48133 9328 3563 4364 18214 23669 4978 20031 11197 204035 6367
internal_count=592454 399577 129057 87437 41620 36642 16229 270520 35764 71208 52848 22510 265823 28817 28394 23888 45118 15693 12960 3632 237006 227296 5047 44132 2804 192877 18360 4697 31852 29871 222249 12081 4900 4303 597 3752 172846 23509 172555 170052 3339 166713 117845 8292 109553 106683 8894 7730 16936 423 48868 48133 9328 3563 4364 18214 23669 4978 20031 11197 204035 6367
is_linear=0
shrinkage=0.05


Tree=8
num_leaves=63
num_cat=0
split_feature=25 0 28 28 28 25 25 0 0 21 21 17 17 17 17 0 17 19 28 28 28 28 0 17 28 31 31 25 21 17 21 25 0 19 21 24 25 19 25 23 17 17 0 25 23 21 17 17 23 30 25 21 21 0 28 17 17 0 21 21 26 0
split_gain=0.883062 1.3139 2.49974 1.57642 1.22003 0.836213 0.6662 0.587385 0.545605 0.492545 0.890874 0.421232 0.407803 0.400904 0.396033 0.412971 0.666943 0.394458 0.389567 0.374018 0.37187 0.41461 0.477265 0.354203 0.351606 0.341793 0.471456 0.317014 0.295827 0.314147 0.294521 0.28655 0.288549 0.281504 0.27669 0.270759 0.26503 0.242922 0.238958 0.237851 0.452442 0.305228 0.23004 0.22713 0.223818 0.220436 0.218368 0.215754 0.215252 0.215181 0.201835 0.244904 0.316713 0.192122 0.308399 0.189678 0.420334 0.276366 0.458074 0.36725 0.249252 0.18791
threshold=6.6059643936018988 -28601.857265652241 0.0013739424884774251 -1.0000000180025095e-35 0.015166569858304458 -14.501300905140372 -1.8257880630817842 -84529.414841088932 -55175.087306542024 0.24177650429799438 0.095029239766081922 0.82080263783269969 1.445134990644213 0.48380355276906989 -0.44543650793650807 -104647.9789007966 1.935416666666667 0.49062955897205707 -1.0000000180025095e-35 0.0015289901845486858 -1.0000000180025095e-35 0.0015289901845486858 -54377.521757948431 3.2546852205139722 0.0083023081056303582 -0.26551724137931026 -4.0809244614125975 -19.534954246499169 0.27641208216778296 0.37884436160298246 -0.31941838649155713 -22.754215032499022 -136674.63393417778 -0.64027368785726646 0.27641208216778296 1.0000000180025095e-35 -26.154327021383271 0.23029404497158393 -26.154327021383271 -0.071563342318059289 -0.12264861966884487 -0.063198881789137559 130104.06781612159 -8.2084137054509583 -0.48559771237271582 -0.033771225817352361 1.7476190476190483 -1.3977829768270944 -0.071294810058854977 -24.384920634920629 18.562766204289705 -0.86190476190476184 -0.719487397739632 -56011.322475529967 -0.036160480975935425 -0.18996814329506526 -0.6912912912912913 -95245.052327172758 -0.70541140719962592 -0.7073149236192714 18.354950738251304 -200601.81292842954
decision_type=2 2 2 2 2 2 2 2 2 2 2 2 2 2 2 2 2 2 2 2 2 2 2 2 2 2 2 2 2 2 2 2 2 2 2 2 2 2 2 2 2 2 2 2 2 2 2 2 2 2 2 2 2 2 2 2 2 2 2 2 2 2
left_child=1 2 3 6 8 9 13 30 17 10 12 -12 -3 31 -5 16 37 24 -7 46 -2 22 -22 33 28 26 -15 -26 29 55 -6 32 -1 -23 -11 -36 -30 39 -31 -16 45 -42 -14 -9 -35 -41 48 -21 -20 -43 -46 -52 -53 54 -28 56 60 58 59 -58 -4 -18
right_child=20 5 4 14 7 18 -8 43 -10 34 11 -13 42 25 15 -17 61 -19 19 47 21 23 -24 -25 27 -27 53 -29 36 38 -32 -33 -34 44 35 -37 -38 -39 -40 40 41 49 -44 -45 50 -47 -48 -49 -50 -51 51 52 -54 -55 -56 -57 57 -59 -60 -61 -62 -63
leaf_value=0.00063888617009199276 0.00024542531165618541 0.00014310545905024598 -0.00026465060222524657 -0.00018957835768509132 -0.0031899563061536431 0.00026874762599727898 0.0002061718721549688 -0.0009108736696906754 -0.00013530718759273218 0.00087881479136546047 -0.00046661068305047068 -0.0022349051578611488 0.0002895147591773701 -0.00039498177577502531 0.001461534671414807 4.6904999270867133e-05 -0.00070987165761299069 -0.0025873882623543686 -0.00050802581073770218 0.00045458608053893835 0.00015909284368639798 -0.00056639551364346622 -0.00010030032977205257 0.0018168002929683962 -0.0013054755801411675 -0.00010433635973837099 -0.0031577067887014186 -0.00047670149058654654 0.00053433503494729456 -0.0013456481845257975 -0.0014359797611203256 -0.00060735082800015237 -0.00029071708797701886 0.00082427967007588337 0.00053918940588701403 -0.00033038798716794604 -0.00026436449547831751 -0.00063216684724901983 -0.00058897602552842991 0.00032002535503312067 0.00090709742042892273 0.00075018480398425459 0.00114792713500158 5.9412722614161853e-05 5.767993047246816e-05 -0.00063269521516921639 0.00048240367172775042 3.2943366881896329e-05 -0.00010179643653172662 0.00028345942992065893 0.001507223377699542 -0.0003316275671373999 0.00023949029748539989 -0.0008707106564717085 -0.0015219563237034153 -0.00016535628225360381 -0.00088243762360306992 -0.00044004716514555315 -0.0013717153285633067 0.0013374968324760198 0.00071342987889294282 0.00015212672249443596
leaf_weight=985 30513 43458 2735 11559 263 10879 3843 1683 22141 3757 1036 499 1506 1138 523 55582 1931 215 3396 3209 25284 1442 59378 311 2065 908 398 2615 1493 1383 2660 7220 5473 1172 3199 1243 3413 576 4249 1020 3250 3070 1620 940 45896 1500 1542 55621 82002 12627 362 2605 35620 544 1044 8082 456 4743 2467 315 855 940
leaf_count=985 30513 43458 2735 11559 263 10879 3843 1683 22141 3757 1036 499 1506 1138 523 55582 1931 215 3396 3209 25284 1442 59378 311 2065 908 398 2615 1493 1383 2660 7220 5473 1172 3199 1243 3413 576 4249 1020 3250 3070 1620 940 45896 1500 1542 55621 82002 12627 362 2605 35620 544 1044 8082 456 4743 2467 315 855 940
internal_value=-1.27645e-07 -4.41303e-05 -0.000144842 -5.45111e-06 -0.000398275 3.95269e-05 -0.000390578 -0.00110635 -0.000329654 0.000204766 0.000143729 -0.00104145 0.000182782 -0.00052007 8.42099e-05 0.000123271 0.000290138 -0.000452296 -1.98794e-05 -4.142e-05 8.45556e-05 5.60287e-05 -2.28335e-05 0.000132413 -0.000439132 -0.00095823 -0.00120642 -0.000842389 -0.000376622 -0.000445564 -0.0015938 -0.00039091 -0.00014893 0.000126399 0.000562984 0.000295857 -2.13033e-05 0.000381459 -0.000774785 0.00040801 0.000382343 0.000466057 0.000734373 -0.000563154 0.000138062 -0.00024707 -0.000107303 5.59427e-05 -0.000117951 0.000374741 0.000128542 0.000212827 0.000200569 -0.00167138 -0.00197343 -0.000351218 -0.000481037 -0.000683153 -0.00103925 2.45395e-05 -3.17094e-05 -0.000427643
internal_weight=592454 389871 176904 114131 62773 212967 21553 5546 57227 56318 48119 1535 46584 17710 92578 81019 25437 35086 156649 145770 202583 172070 84662 87408 34871 4032 3124 4680 30191 25285 2923 13678 6458 87097 8199 4442 4906 22566 5632 21990 21467 18947 3126 2623 85655 2520 86940 58830 85398 15697 84483 38587 38225 1986 1442 19653 11571 7981 3238 771 3590 2871
internal_count=592454 389871 176904 114131 62773 212967 21553 5546 57227 56318 48119 1535 46584 17710 92578 81019 25437 35086 156649 145770 202583 172070 84662 87408 34871 4032 3124 4680 30191 25285 2923 13678 6458 87097 8199 4442 4906 22566 5632 21990 21467 18947 3126 2623 85655 2520 86940 58830 85398 15697 84483 38587 38225 1986 1442 19653 11571 7981 3238 771 3590 2871
is_linear=0
shrinkage=0.05


Tree=9
num_leaves=63
num_cat=0
split_feature=25 0 28 28 28 18 0 18 17 25 0 22 27 27 25 23 21 27 25 22 17 0 17 22 22 27 18 21 23 0 31 21 30 22 17 23 21 21 28 28 0 17 28 0 28 0 25 28 18 25 0 21 0 17 17 30 22 23 23 25 18 0
split_gain=0.797839 1.17197 2.83606 1.18306 1.53145 0.709299 0.628232 0.559277 0.465276 0.46042 0.48643 0.681177 0.528112 0.445854 0.394252 0.78376 0.453216 0.449897 0.386502 0.39737 0.375431 0.370979 0.484915 0.362173 0.349048 0.3344 0.323116 0.317684 0.306159 0.303856 0.295784 0.277219 0.275482 0.273106 0.268782 0.263587 0.427954 0.267631 0.271466 0.377805 0.337459 0.259659 0.25 0.259009 0.257997 0.367659 0.239791 0.239517 0.235893 0.248492 0.228545 0.225761 0.348611 0.33764 0.358439 0.239141 0.225528 0.222459 0.215012 0.214717 0.267733 0.213249
threshold=7.6558656068815241 -50458.028663535355 0.0083023081056303582 0.0013739424884774251 -1.0000000180025095e-35 0.96590860176483262 -84529.414841088932 -0.010389680483592399 -0.12543706293706289 -2.2791300546872892 -118596.4330562243 0.0093023296883388302 0.0056339568866002826 -0.00055531045487920737 -29.334908575035431 1.0000000180025095e-35 0.25074475826624826 0.010150742593978961 -2.7542385533313651 0.34178433889602056 -1.152394775036284 -109073.83533186732 1.935416666666667 3.1976328674089873 0.33654548776032162 0.0031371997865439084 -1.0000000180025095e-35 -0.70541140719962592 -0.071970729607575848 162197.75941901698 -0.094130675526024263 -0.60892100388255876 7.2234219269103006 0.34445680385613647 -0.18996814329506526 1.0000000180025095e-35 -0.034091398235167512 -0.7153902798232693 0.0015638510213028568 -1.0000000180025095e-35 -61323.685230941854 0.04999999999999994 -1.0000000180025095e-35 18523.138441305044 0.0015289901845486858 97651.22363025615 0.67183910913758649 0.0041556615473417454 -0.45797351755900967 -26.910851063912041 -136674.63393417778 -1.0000000180025095e-35 -70936.588431456548 0.18994452149791954 0.18231401186672744 -20.990740740740737 -0.84313602410394817 -0.046392985253088874 -0.071294810058854977 23.790540966308889 -1.0000000180025095e-35 -23614.708357275955
decision_type=2 2 2 2 2 2 2 2 2 2 2 2 2 2 2 2 2 2 2 2 2 2 2 2 2 2 2 2 2 2 2 2 2 2 2 2 2 2 2 2 2 2 2 2 2 2 2 2 2 2 2 2 2 2 2 2 2 2 2 2 2 2
left_child=1 2 3 4 9 14 31 48 28 10 12 34 -1 -10 15 16 17 32 19 24 -16 22 46 25 51 35 -13 -28 -6 -7 -29 -4 -3 -21 -12 37 -37 -2 39 -39 -41 -8 43 -22 58 -46 -15 -17 -5 -50 -26 52 -9 54 55 -53 -30 -58 -44 60 -40 -27
right_child=23 5 6 7 8 29 41 18 13 -11 11 26 -14 21 20 47 -18 -19 -20 33 42 -23 -24 -25 50 61 27 30 56 -31 -32 -33 -34 -35 -36 36 -38 38 59 40 -42 -43 44 -45 45 -47 -48 -49 49 -51 -52 53 -54 -55 -56 -57 57 -59 -60 -61 -62 -63
leaf_value=-0.00033853633731982855 -0.0002089259503162722 2.9214541164904614e-05 -0.0025656933322466885 -0.00093906852566374402 0.00059023761462360361 0.000310931764956886 -0.00019955044532818969 -0.001614893880274456 -4.1526866976586207e-05 0.00018440466782002169 -0.00071633438752793553 -0.00040498181119746879 0.0012617215422596792 0.00062397073917614537 0.00029118455885031276 -0.0031807391975279447 0.00067434735495031095 -0.0015813238630428266 -6.6308347143762347e-05 -0.0021033071610558796 2.945273744436978e-06 0.00014706180022615219 -0.00041435995078344069 0.0019518635203364275 0.0018542296719075509 0.00042213747375291488 0.00027257115112964432 -0.0018437728946107208 -0.00059068007932208569 0.001138206014180894 -0.00044062891727483192 -0.0012499381889356073 0.00038773251916104489 -0.00089516940748035525 -8.1519854070479666e-05 0.0016486369268740924 0.00021983618914180037 0.00021400149775982805 -0.00013308029362807489 0.00014499126861126026 -0.00010492490710002346 -0.00096160978296405328 -0.00043221896459167113 0.00038748641833401541 -1.3187857221137604e-05 0.0003099739979256023 -0.00034649546002720214 -0.00080004730606635869 0.00028773023544228057 -0.00019497247478962877 1.3524619984181216e-05 -0.0017207705863115531 2.0529014697482731e-06 -0.00087342859466833897 0.00060832966641089783 -0.00034742982821138512 -0.00060922707063706364 -1.5256931282414538e-05 -7.6283374906066926e-05 0.00027200902884570645 0.00014566499451234373 9.3605905606647611e-05
leaf_weight=2395 9438 15248 437 765 1405 2898 2407 1091 15905 2523 3357 919 657 12056 9710 205 4506 379 4001 556 11486 21763 1379 259 216 11000 240 2379 2763 1799 446 4770 8261 2948 3313 651 2688 17832 11207 17964 54447 2087 4403 7077 77734 9925 672 218 4007 7968 769 335 480 3620 978 5894 1821 11735 116671 21188 37238 8965
leaf_count=2395 9438 15248 437 765 1405 2898 2407 1091 15905 2523 3357 919 657 12056 9710 205 4506 379 4001 556 11486 21763 1379 259 216 11000 240 2379 2763 1799 446 4770 8261 2948 3313 651 2688 17832 11207 17964 54447 2087 4403 7077 77734 9925 672 218 4007 7968 769 335 480 3620 978 5894 1821 11735 116671 21188 37238 8965
internal_value=-1.21262e-07 -4.04338e-05 -0.000164409 -9.75868e-05 1.0048e-06 1.87112e-05 -0.000986559 -0.000348927 0.000103126 -0.000436319 -0.000550582 -0.000710008 5.94906e-06 0.000178819 7.94908e-06 0.000182578 0.000214405 0.000127646 -0.000508173 -0.000612863 -1.32836e-05 0.000276522 0.000476242 8.33929e-05 -0.000488756 8.08805e-05 -0.00122731 -0.00147388 -0.000117987 0.000627786 -0.00162225 -0.00136036 0.000155197 -0.00108687 -0.000401021 5.84778e-05 0.000498407 4.9802e-05 6.50756e-05 7.84384e-06 -4.29247e-05 -0.000553448 -2.62904e-05 0.000149549 -4.19281e-05 2.34014e-05 0.000572733 -0.00195381 -8.7833e-05 -3.34535e-05 0.000417172 -0.000560731 -0.00112086 -0.000479456 -0.000281568 -0.000421289 -0.000178963 -9.50459e-05 -8.92274e-05 0.000139247 8.11816e-05 0.000274615
internal_weight=592454 399577 129057 119356 85728 270520 9701 33628 69499 16229 13706 10654 3052 51775 265823 28817 28394 23888 20888 16887 237006 35870 14107 192877 13383 192618 3984 3065 17724 4697 2825 5207 23509 3504 6670 172653 3339 169314 159876 90243 72411 4494 227296 18563 208733 87659 12728 423 12740 11975 985 12398 1571 10827 7207 6229 16319 13556 121074 69633 48445 19965
internal_count=592454 399577 129057 119356 85728 270520 9701 33628 69499 16229 13706 10654 3052 51775 265823 28817 28394 23888 20888 16887 237006 35870 14107 192877 13383 192618 3984 3065 17724 4697 2825 5207 23509 3504 6670 172653 3339 169314 159876 90243 72411 4494 227296 18563 208733 87659 12728 423 12740 11975 985 12398 1571 10827 7207 6229 16319 13556 121074 69633 48445 19965
is_linear=0
shrinkage=0.05


Tree=10
num_leaves=63
num_cat=0
split_feature=25 0 28 28 28 25 25 0 17 0 22 21 18 0 0 18 25 22 22 17 18 31 28 22 17 28 18 28 29 21 22 19 17 0 22 28 0 19 22 0 31 18 17 22 29 23 25 0 25 17 21 31 0 0 17 22 26 22 28 21 23 22
split_gain=0.691877 1.04352 2.00659 1.1382 1.03737 0.725222 0.661347 0.532949 0.566745 0.459799 0.408758 0.620612 0.421379 0.574846 0.407726 0.779148 0.429584 0.408203 0.393888 0.386544 0.366614 0.342322 0.334213 0.313014 0.298391 0.29691 0.291306 0.28661 0.282037 0.275298 0.263913 0.277224 0.289992 0.486468 0.330642 0.259095 0.359563 0.253732 0.246853 0.259829 0.254665 0.244108 0.38878 0.24304 0.270768 0.218948 0.785459 0.216758 0.216714 0.215712 0.215423 0.213879 0.233073 0.290434 0.256083 0.213615 0.212638 0.210843 0.205344 0.19691 0.246965 0.196198
threshold=8.0440787001508358 -29265.538385682496 0.0015289901845486858 -1.0000000180025095e-35 0.015166569858304458 -10.675942895095405 -3.4720006824006364 88098.534980688579 0.51068181818181824 -84529.414841088932 0.0093023296883388302 -0.31941838649155713 -1.0000000180025095e-35 -171771.02709004228 -53486.134100629301 -0.010389680483592399 -7.0634801869389543 0.34178433889602056 0.33654548776032162 -0.18996814329506526 -0.30294630128306671 -0.22168803418803404 -1.0000000180025095e-35 3.1976328674089873 -1.6592947477093813 -0.00067015332462001765 -0.20800147912162928 0.0015289901845486858 1.5439765458422177 -0.31941838649155713 -0.84313602410394817 0.030690737833594998 1.9330128205128208 -109073.83533186732 -0.13073463268365812 0.0014335345614674359 -24276.570406873547 -0.64027368785726646 0.54494808502301895 -56872.009960442498 -3.30422401518747 -1.0000000180025095e-35 -0.81768598813327242 -0.061895161290322569 -6.9855462519936191 1.0000000180025095e-35 -26.410507009917026 -133391.05228712675 -36.767720528071344 -0.18996814329506526 -1.0000000180025095e-35 2.4962686567164183 -156615.66429534648 -91880.040548076766 1.0357537031658439 0.022248803827751133 -9.6200814723952384 0.34178433889602056 0.0037750589070544706 -0.7875255733821469 1.0000000180025095e-35 1.5222950819672134
decision_type=2 2 2 2 2 2 2 2 2 2 2 2 2 2 2 2 2 2 2 2 2 2 2 2 2 2 2 2 2 2 2 2 2 2 2 2 2 2 2 2 2 2 2 2 2 2 2 2 2 2 2 2 2 2 2 2 2 2 2 2 2 2
left_child=1 2 3 6 14 7 10 45 24 29 19 57 -13 -14 15 49 17 18 28 -1 -5 38 -7 25 -9 -2 48 -24 -17 -6 -28 32 33 34 -32 36 -27 -37 39 -15 -40 -39 50 -36 -45 -3 58 -20 -22 -4 -43 52 -19 -54 -55 -16 -26 -12 -47 60 -44 -35
right_child=23 5 4 20 9 22 -8 8 -10 -11 11 12 13 21 55 16 -18 51 47 -21 26 -23 27 -25 56 35 30 -29 -30 -31 31 -33 -34 61 43 37 -38 41 40 -41 -42 42 59 44 -46 46 -48 -49 -50 -51 -52 -53 53 54 -56 -57 -58 -59 -60 -61 -62 -63
leaf_value=-0.00060346855314821236 0.00023016132492441766 9.515001832158429e-05 -0.00028171943240539387 -0.00034483965992607429 -0.0028967867810877324 0.00024037824701540666 0.00016388845762349921 0.0015516829905155808 0.00078541310603920096 -0.00052441396533223249 0.0011903157512141559 -0.00026503580608774202 0.0013246053001095886 -0.0021762654177128141 2.372352291009034e-05 -0.00076706861464256968 -0.00023097331402803829 0.00018729330230429298 0.0018379655421135836 1.286406839263051e-05 0.0011387349849903813 -0.00036232927199018861 -0.00010564153831939678 0.0017930297259787535 0.00042168521196003778 0.00010314512625047882 -0.000398684037217423 3.9282614791643363e-05 -0.00010529972831517027 -0.001273123167129412 -0.00043331379025619344 -0.00037725715663065786 -0.00031421561259875868 4.658525512875865e-05 0.00070607320991213757 -0.00056197011819247367 -0.00010973763929107874 -5.4443863516895061e-06 0.00019651970382839713 -0.0010794770057489728 -0.0015584706302794486 0.00016496383222310579 -8.0538182586276021e-05 0.00062757408482278692 0.0001525413685842545 -0.0032461857769318283 0.00016252832482773722 -1.0072366227664283e-05 0.00028546562787590008 0.00012461860388367335 0.00085451846298755191 -0.00011765312121168384 -0.0020767649713856807 -0.00054574133008390691 -0.0017469528635630522 -0.0003034905587176364 4.1880323181980118e-05 -0.00031018105157326706 -0.0011299858799071855 0.00013044780499223488 0.0018500345259100878 0.0014312213514293933
leaf_weight=4866 27006 47237 6945 5078 289 10912 5200 408 5998 2638 450 1530 209 1697 11733 9442 6389 236 218 5331 1043 704 84037 266 5844 36361 2863 57429 1941 2701 1305 3066 3889 56523 4601 1368 43642 24949 349 792 507 1767 298 4214 10411 243 1274 583 2597 6166 3155 415 1126 1047 770 8676 9976 488 217 50570 373 257
leaf_count=4866 27006 47237 6945 5078 289 10912 5200 408 5998 2638 450 1530 209 1697 11733 9442 6389 236 218 5331 1043 704 84037 266 5844 36361 2863 57429 1941 2701 1305 3066 3889 56523 4601 1368 43642 24949 349 792 507 1767 298 4214 10411 243 1274 583 2597 6166 3155 415 1126 1047 770 8676 9976 488 217 50570 373 257
internal_value=3.28757e-07 -3.67494e-05 -0.000126613 -6.01905e-06 -0.000358635 3.53122e-05 -0.000329285 0.000167054 0.000370113 -0.00100556 -0.000480825 -0.000783392 -0.00097674 -0.00123247 -0.000293254 -0.000396159 -0.000576873 -0.000716938 -0.000578812 -0.000281249 6.85959e-05 -0.00136446 -2.62428e-05 7.90476e-05 0.000216614 7.66415e-05 9.17252e-05 -4.68087e-05 -0.000654225 -0.00143006 7.3417e-05 8.9457e-05 0.000107079 0.000128272 0.00033685 5.11253e-05 -1.29834e-05 0.000113309 -0.00157537 -0.00182727 -0.000842943 0.000124698 0.00018251 0.000389127 0.000289416 7.4894e-05 -0.000476914 0.000492889 0.00052996 -9.06219e-05 0.000606968 -0.0011852 -0.00132456 -0.0014458 -0.00105479 -0.000115377 0.000182182 0.000409673 -0.00224789 0.000141738 0.000992642 5.28525e-05
internal_weight=592615 402860 179285 117970 61315 223575 22123 71197 22226 5628 16923 6726 5788 4258 55687 35278 22167 15778 12184 10197 95847 4049 152378 189755 16228 189489 90769 141466 11383 2990 87129 84266 81200 77311 20531 162483 80003 82480 3345 2489 856 81112 56163 19226 14625 48971 1734 801 3640 13111 4922 3594 3179 2943 1817 20409 15820 938 460 51241 671 56780
internal_count=592615 402860 179285 117970 61315 223575 22123 71197 22226 5628 16923 6726 5788 4258 55687 35278 22167 15778 12184 10197 95847 4049 152378 189755 16228 189489 90769 141466 11383 2990 87129 84266 81200 77311 20531 162483 80003 82480 3345 2489 856 81112 56163 19226 14625 48971 1734 801 3640 13111 4922 3594 3179 2943 1817 20409 15820 938 460 51241 671 56780
is_linear=0
shrinkage=0.05


Tree=11
num_leaves=63
num_cat=0
split_feature=25 0 20 28 28 28 20 25 0 0 17 0 22 22 17 25 28 29 22 28 23 21 17 18 25 21 21 21 20 0 28 17 0 22 18 28 21 17 28 28 0 25 23 0 0 21 18 17 17 0 31 25 0 17 28 25 31 28 23 25 17 18
split_gain=0.624419 0.94186 2.35628 1.71195 0.960351 0.873884 0.739173 0.643398 0.547536 0.490094 0.513386 0.4416 0.609998 0.378949 0.374867 0.309816 0.298993 0.290015 0.363627 0.345728 0.31484 0.345964 0.289767 0.304194 0.475054 0.288974 0.377328 0.439823 0.288646 0.282032 0.274783 0.273132 0.272313 0.321156 0.299577 0.295797 0.284723 0.268675 0.340707 0.268408 0.25855 0.31536 0.254976 0.253496 0.302629 0.246492 0.245744 0.286546 0.335559 0.33557 0.238233 0.23594 0.235495 0.404945 0.224605 0.215379 0.21372 0.205811 0.20002 0.703549 0.1993 0.195825
threshold=8.0440787001508358 -29890.722812904383 0.38794304287262033 0.01340538972173364 0.0013739424884774251 1.4309456162518845e-05 0.703809523809524 -10.675942895095405 -84529.414841088932 85491.627705819381 0.51068181818181824 -104647.9789007966 -0.12535714285714281 0.1992063492063493 0.54482963368959547 -1.8257880630817842 -1.0000000180025095e-35 -3.8135600231653837 3.1976328674089873 -0.042282532699864601 1.0000000180025095e-35 -0.24807692307692306 -0.36956521739130427 -1.0000000180025095e-35 -10.919069890422533 1.3148881789137383 0.29458859280037403 0.31076705120420972 -0.29619047619047606 -191635.46588171468 -0.00032434730750472888 -1.6592947477093813 -116200.64039920898 0.0093023296883388302 -1.0000000180025095e-35 -0.082306831465983374 -0.11010101010101007 -0.063198881789137559 0.00021371374373434457 0.0083023081056303582 -42299.571170825271 -18.76938324052124 -0.48559771237271582 -95245.052327172758 -171771.02709004228 -0.34954751131221712 -0.45797351755900967 -0.67456140350877203 -0.34641025641025663 -90328.09771513204 -0.22168803418803404 -36.767720528071344 -71966.074286269621 1.4924242424242427 0.0043883826605189856 -8.2084137054509583 -4.4468045112781942 0.012814576534640344 1.0000000180025095e-35 -26.410507009917026 2.1453065134099618 -0.033771225817352361
decision_type=2 2 2 2 2 2 2 2 2 2 2 2 2 2 2 2 2 2 2 2 2 2 2 2 2 2 2 2 2 2 2 2 2 2 2 2 2 2 2 2 2 2 2 2 2 2 2 2 2 2 2 2 2 2 2 2 2 2 2 2 2 2
left_child=1 2 3 4 5 15 14 9 45 58 31 12 -7 29 -4 30 -9 -2 19 -19 25 -22 -15 -24 43 26 28 -28 -21 54 32 -11 35 -34 -35 -1 -36 -14 -39 61 41 -16 -30 44 -25 -5 -31 51 49 -49 56 -48 53 -29 -6 -10 -38 -33 -3 -60 -44 -18
right_child=17 7 6 8 13 11 -8 16 55 10 -12 -13 37 22 40 -17 39 18 -20 20 21 -23 23 24 -26 -27 27 52 42 46 -32 57 33 34 36 -37 50 38 -40 -41 -42 -43 60 -45 -46 -47 47 48 -50 -51 -52 -53 -54 -55 -56 -57 -58 -59 59 -61 -62 -63
leaf_value=0.0016294317864475648 -3.997183511740464e-05 8.7313504696517498e-05 -0.0038288070150132112 -0.0026479249582401203 -0.00026466378845849445 -0.00036618344433820638 -0.0004470349019267314 0.0002263379492371088 -0.00073682472772887528 0.001477956305137737 0.00074267053597877044 3.818069993971791e-05 0.00071060544286529663 0.00038831556864814894 -0.0034539333876419491 0.00011503735838321136 -0.00019532272903850746 0.00058102286865905045 0.0020212637072789573 0.00056760380138495977 0.0017535173547317381 0.00034351034362224448 -5.5434072438851173e-05 0.00030245694847024504 -0.00022835392328358789 -0.00044114240610993962 0.0011200126955421697 0.00014918549375420772 0.00075209902116492777 -0.00088675938993250283 -8.7271652130506888e-05 0.00013770583678783039 -0.00029260576888876286 -0.00016206994010603296 0.00012795657419016891 -0.00011499511245984338 -6.8639310013648248e-05 0.00061763577270949205 0.00010172927742809429 0.00015593932728293373 -0.00038163989948069693 -0.0016740928648935815 4.2267830876401291e-05 -0.00069522277494012043 -0.0016164466491701019 -0.0011827122282075031 0.0012228421896244299 -0.00094043260001109392 -5.3057717256915689e-05 -0.0002293450203071249 -0.00032434815353677229 0.0001304239413737171 0.00016272007181778936 0.0027411851619813061 -0.0012050326607061183 8.4888909188232084e-05 -0.0015560377089572966 0.0010814199505154345 -0.0021335298828442264 0.00014124407807532331 0.00055037312109507662 -3.7599130864283389e-05
leaf_weight=266 42496 47286 271 316 1527 2938 1035 11005 2073 411 6066 53342 5292 980 326 7253 24325 3719 248 2838 544 2172 3059 235 4732 2587 1699 384 1308 1011 14168 15568 8204 1357 465 2812 269 5061 8704 14993 262 1052 121766 5127 1635 3132 553 2295 22029 5988 634 4654 7785 248 1087 1296 2363 600 461 1294 1961 103048
leaf_count=266 42496 47286 271 316 1527 2938 1035 11005 2073 411 6066 53342 5292 980 326 7253 24325 3719 248 2838 544 2172 3059 235 4732 2587 1699 384 1308 1011 14168 15568 8204 1357 465 2812 269 5061 8704 14993 262 1052 121766 5127 1635 3132 553 2295 22029 5988 634 4654 7785 248 1087 1296 2363 600 461 1294 1961 103048
internal_value=3.12319e-07 -3.49119e-05 -0.000120925 -9.72987e-05 -6.57875e-05 1.74899e-05 -0.00152322 3.30412e-05 -0.000874053 0.000156698 0.00034909 0.000115914 0.000304432 -0.000237353 -0.00210608 -0.00017872 -2.47563e-05 7.50952e-05 0.000108301 0.000105074 9.27214e-05 0.000625927 -0.000444306 -0.000499484 -0.000615295 8.24196e-05 9.22353e-05 0.000386198 6.89799e-05 -0.000153988 -0.00024849 0.000205085 -0.000388022 -0.000486156 -0.00079824 3.57578e-05 -0.00102962 0.00040782 0.000291413 -4.4166e-05 -0.00182141 -0.00209516 5.76623e-05 -0.000876979 -0.0013753 -0.001317 -0.000118087 -9.62075e-05 -0.000155068 -0.000426369 -0.00119443 0.000246442 0.000238075 0.0011663 -0.000655705 -0.000420725 -0.00140402 0.000172727 6.78599e-05 -0.000456289 5.0321e-05 -6.77203e-05
internal_weight=592615 402860 177803 174857 168040 113128 2946 225057 6817 71686 22645 75337 21995 54912 1911 37791 153371 189755 147259 147011 143292 2716 15768 14788 11729 140576 137989 10116 127873 39144 30538 16579 16370 13292 5088 3078 3731 19057 13765 142366 1640 1378 125035 6997 1870 3448 36530 35519 30312 8283 3266 5207 8417 632 2614 3369 2632 16168 49041 1755 123727 127373
internal_count=592615 402860 177803 174857 168040 113128 2946 225057 6817 71686 22645 75337 21995 54912 1911 37791 153371 189755 147259 147011 143292 2716 15768 14788 11729 140576 137989 10116 127873 39144 30538 16579 16370 13292 5088 3078 3731 19057 13765 142366 1640 1378 125035 6997 1870 3448 36530 35519 30312 8283 3266 5207 8417 632 2614 3369 2632 16168 49041 1755 123727 127373
is_linear=0
shrinkage=0.05


Tree=12
num_leaves=63
num_cat=0
split_feature=25 29 20 25 17 17 28 25 28 17 20 20 22 25 31 31 17 27 17 27 25 28 20 27 22 22 28 27 26 27 27 28 28 27 17 29 22 19 25 17 27 17 22 17 25 17 25 25 25 31 17 17 22 27 27 25 26 27 31 27 26 28
split_gain=0.564535 0.450338 0.532729 0.551384 0.470895 0.717809 0.466898 0.389159 0.379675 0.369165 0.317371 0.309509 0.307172 0.256379 0.692323 0.599071 0.635008 0.523465 0.470792 0.378175 0.366697 0.363329 0.351864 0.251099 0.25017 0.240709 0.234825 0.273245 0.199412 0.19464 0.189149 0.187543 0.183507 0.23389 0.182156 0.177793 0.171689 0.168115 0.151906 0.19663 0.149657 0.192599 0.168097 0.147945 0.235771 0.153134 0.162625 0.151461 0.177078 0.142081 0.141343 0.134896 0.198999 0.3182 0.184837 0.154492 0.311019 0.206019 0.134608 0.137582 0.136078 0.133739
threshold=12.296660229171941 3.1317733990147794 0.38794304287262033 -23.726870254126258 -0.43754772553725313 -0.45773103784310537 0.02773464190623395 -29.334908575035431 0.00033579104988497446 2.1453065134099618 0.38794304287262033 0.41588983050847456 0.022248803827751133 -13.404247990454149 -4.8749457229700388 -2.1142536919831216 -0.36236763078868334 0.0015061863551716151 -0.25626169352405087 0.0071424090222314629 -43.312640709636717 0.0086455039932181819 -0.17246887738239505 0.00076609762738008103 0.13768455589407083 -1.4073908174692045 0.0020935962992024702 -0.003160804971036775 -1.1924551856635117 0.0071424090222314629 0.00052612090912407922 -1.0000000180025095e-35 0.0024073850814386164 -0.00082097300041433731 0.92308925172793732 -3.6470312372563409 3.1976328674089873 -0.64027368785726646 -12.829594500323493 -0.13160919540229885 0.0025868171961926658 -0.81768598813327242 -0.61986863711001627 -0.10633828323071336 -3.2035340477964502 0.55456349206349198 -16.845283549657697 -22.754215032499022 -32.703002371989349 -4.5651260504201669 0.18231401186672744 -1.0627185314685315 -0.27534127214638388 0.0023613147133893491 0.01177715952814419 -29.87476690511745 0.77064040846423876 0.0011570209865537924 13.518802521008405 0.0065502231045553418 11.579850340997696 -0.082306831465983374
decision_type=2 2 2 2 2 2 2 2 2 2 2 2 2 2 2 2 2 2 2 2 2 2 2 2 2 2 2 2 2 2 2 2 2 2 2 2 2 2 2 2 2 2 2 2 2 2 2 2 2 2 2 2 2 2 2 2 2 2 2 2 2 2
left_child=1 2 6 30 5 -5 12 51 -6 10 23 -12 25 14 29 16 19 18 -18 -16 -19 24 -15 26 -22 -1 27 -2 -26 -14 -4 -29 -20 -34 -9 -25 -11 -28 39 -8 -27 42 -42 44 47 46 49 48 -43 -45 -24 -3 53 -53 55 -54 57 -57 59 -17 -60 -37
right_child=9 7 3 4 8 -7 38 34 -10 36 11 -13 13 22 15 58 17 20 32 -21 21 -23 50 35 28 40 37 31 -30 -31 -32 -33 33 -35 -36 61 -38 -39 -40 -41 41 43 -44 45 -46 -47 -48 -49 -50 -51 -52 52 54 -55 -56 56 -58 -59 60 -61 -62 -63
leaf_value=0.00029922374957321344 0.0012983793058198561 -0.00055847225785597959 -0.0010313061438879468 -0.00012280949131674094 -0.0010225553756460883 -0.0036314311792265694 -0.0019839067035687936 5.5583272648810587e-07 5.74198037377578e-05 0.00051203602966677392 0.0013665036837011903 0.00028482833972949941 9.9957805811852051e-05 -0.00064404205773689594 9.9038631737850369e-05 -0.00011293180424874644 -0.0023746729559089895 -0.0026147862863991032 -0.00020639123787463849 0.0023270859121382889 -0.0023345740841599467 -0.0025488421550240985 -0.00016718840449998895 -4.243476429349135e-05 -0.00095061358345774599 -2.4908692803319124e-05 -0.00057675649855153186 0.00017879567830557641 -5.7459755237757173e-05 0.0012351667957847185 -0.0029117723866909314 -8.0269532239743747e-05 -0.00038999182959681129 -0.0010767039632654794 0.00030406159177637774 0.00081598378860904715 0.0019031562357364846 0.00012869959809532698 -0.00037375660059219554 -0.00063554775046951767 0.00015815357632934239 -0.0006048765954073099 0.0011539251148122587 0.00092742414210779237 0.0002124993277537496 -0.00054810368867815398 2.5946959011614304e-05 -0.0007078724951212886 0.00034597120468441621 0.00028743762888000653 -2.2596621483219785e-06 0.00053215988123124058 0.00029209476630552041 0.0028501737340549194 -0.000559869690327302 0.00051003042248205647 -0.00031914531696103322 0.0021019826911057838 0.00025004955558052887 0.0011842829405417157 0.0016575909162545551 0.00020050865001262276
leaf_weight=6281 379 413 246 324 1066 265 417 49926 3440 2924 837 3151 9066 2465 1668 6533 311 373 5866 215 245 328 16490 8232 1995 224797 863 7976 910 394 293 56278 3995 1798 5487 908 240 39423 1716 769 883 867 815 1343 3372 585 3101 1725 1125 2448 61209 562 10418 201 581 353 368 479 869 211 214 31583
leaf_count=6281 379 413 246 324 1066 265 417 49926 3440 2924 837 3151 9066 2465 1668 6533 311 373 5866 215 245 328 16490 8232 1995 224797 863 7976 910 394 293 56278 3995 1798 5487 908 240 39423 1716 769 883 867 815 1343 3372 585 3101 1725 1125 2448 61209 562 10418 201 581 353 368 479 869 211 214 31583
internal_value=2.96704e-07 -2.8467e-05 -5.02516e-05 -0.000532746 -0.000371863 -0.00170139 -4.28122e-05 8.90366e-05 -0.000198074 8.30936e-05 7.17921e-05 0.00051185 -3.77552e-05 -0.000105211 -0.000218133 -0.000353514 -0.000514556 -0.000617863 -0.000454732 0.000353436 -0.00112492 -0.000965139 -5.59205e-05 5.97423e-05 -0.000800233 -6.34999e-06 1.88406e-05 -4.02155e-05 -0.00067083 0.000147238 -0.00205353 -4.81112e-05 -0.000403518 -0.00060313 3.0609e-05 0.000165122 0.000617557 0.000113587 -0.000674497 -0.00110963 -1.43119e-05 0.000132154 0.0006361 7.34077e-05 -9.02444e-05 0.000228567 0.000294492 -0.000364888 -6.78767e-05 0.000514159 -3.72624e-05 0.000331104 0.000359448 0.0011428 0.000310452 0.000353976 0.000891204 0.00142655 1.07471e-05 -7.23458e-05 0.000528179 0.000217709
internal_weight=592615 439821 371033 5634 5095 589 365399 68788 4506 152794 149630 3988 362497 115155 34991 25531 17704 15821 11970 1883 3851 3478 80164 145642 3150 247342 104919 64633 2905 9460 539 64254 11659 5793 55413 40723 3164 40286 2902 1186 241061 16264 1698 14566 7089 7477 6892 3717 1992 3791 77699 13375 12962 763 12199 11618 1200 832 7827 6744 1083 32491
internal_count=592615 439821 371033 5634 5095 589 365399 68788 4506 152794 149630 3988 362497 115155 34991 25531 17704 15821 11970 1883 3851 3478 80164 145642 3150 247342 104919 64633 2905 9460 539 64254 11659 5793 55413 40723 3164 40286 2902 1186 241061 16264 1698 14566 7089 7477 6892 3717 1992 3791 77699 13375 12962 763 12199 11618 1200 832 7827 6744 1083 32491
is_linear=0
shrinkage=0.05


Tree=13
num_leaves=63
num_cat=0
split_feature=0 17 25 0 20 28 28 28 28 28 22 0 22 18 0 21 0 18 0 20 18 18 17 0 22 19 22 21 17 22 17 22 21 21 22 22 18 20 18 18 17 17 0 0 22 18 21 29 0 29 28 18 31 31 19 0 21 22 25 18 17 21
split_gain=0.546908 0.880384 0.844363 1.12573 1.97556 1.53383 0.629464 0.937358 0.610222 0.622241 0.571714 0.431386 0.407753 0.386606 0.443498 0.375879 0.51081 0.360059 0.349881 0.344057 0.566645 0.332274 0.300595 0.358012 0.594382 0.330148 0.298911 0.280889 0.309697 0.272404 0.434946 0.339971 0.394616 0.271964 0.266599 0.404938 0.261493 0.397722 0.354434 0.276984 0.264685 0.243496 0.253384 0.240503 0.318948 0.302916 0.304988 0.239989 0.313413 0.239269 0.238475 0.232804 0.228838 0.264135 0.222745 0.216963 0.213464 0.211552 0.211405 0.200006 0.198879 0.198734
threshold=125397.01312082651 1.4621978021978026 -2.0701948861219068 -28008.412451320746 0.38794304287262033 0.01340538972173364 0.0015289901845486858 -1.0000000180025095e-35 -1.0000000180025095e-35 0.0011480624853993998 -0.86131424787146715 -84529.414841088932 -0.48074074074074086 -0.010389680483592399 -70936.588431456548 0.50628205128205128 -102555.9167523612 0.44282608695652176 -42299.571170825271 -0.13793103448275854 -0.034091398235167512 -0.27200069632178253 1.9330128205128208 -104647.9789007966 -0.13073463268365812 1.0000000180025095e-35 0.022248803827751133 -0.7875255733821469 0.04999999999999994 0.34178433889602056 1.935416666666667 0.33654548776032162 -0.027902155887230513 -0.719487397739632 0.24462481650980053 0.17823529411764713 -0.03853822299454656 0.13062200956937806 -0.037698931051749263 -0.033898425308554393 0.48137931034482789 -0.36236763078868334 -200601.81292842954 -136674.63393417778 0.0093023296883388302 -1.0000000180025095e-35 -0.11010101010101007 -3.5395370807746809 -45215.777887220604 10.821764705882355 4.2847710388287947e-05 -0.033644977360389058 -0.22168803418803404 -4.4468045112781942 -0.68985960918231826 -177446.28538218708 -0.034091398235167512 -1.4073908174692045 -21.07722989879375 -1.0223776223776224 -0.13160919540229885 -1.0000000180025095e-35
decision_type=2 2 2 2 2 2 2 2 2 2 2 2 2 2 2 2 2 2 2 2 2 2 2 2 2 2 2 2 2 2 2 2 2 2 2 2 2 2 2 2 2 2 2 2 2 2 2 2 2 2 2 2 2 2 2 2 2 2 2 2 2 2
left_child=2 8 3 4 5 6 7 43 -2 -10 -6 51 17 -8 29 27 -17 19 -12 -4 -21 -9 23 24 -23 36 -16 28 -14 31 -31 32 -15 -29 35 -34 58 38 -38 -40 50 42 -22 -1 -45 -46 -47 -35 59 -5 -41 55 53 -48 -44 -7 -3 61 -26 -49 -53 -56
right_child=1 56 12 49 10 11 13 21 9 -11 18 -13 15 14 26 16 -18 -19 -20 20 41 22 -24 -25 25 -27 -28 33 -30 30 -32 -33 34 47 -36 -37 37 -39 39 40 -42 -43 54 44 45 46 52 48 -50 -51 -52 60 -54 -55 57 -57 -58 -59 -60 -61 -62 -63
leaf_value=0.00015815934682813341 0.00060416009094627163 -0.00065604486956602915 0.00067386507590291075 1.5679181535841671e-05 -0.00020156090149819688 -0.0016616704515474174 -6.9968142233971771e-05 -0.00039927084339744852 -0.00013891486691475395 0.00025409311881477431 -0.0022212479156064851 -0.00050271324627969001 0.00023458994575481634 -0.001448512698739959 -2.3335541030967497e-05 0.0023483019828173025 0.00028154880779041166 -0.00023060637814974568 -0.00017646857077048452 -0.00014531496292516439 0.00097392344576705577 -0.00050197637086715719 -0.00034812417487133725 2.4913110462722025e-05 0.001136101299850969 -0.00070632960578589617 -0.00046398214199414245 -0.00039151688987054819 0.0016119952807471295 -0.0012709055767390414 0.0011595129688939778 0.00044481329494237641 -0.00053397370041109347 -8.0394366824675808e-05 -0.0012675934041768942 0.00047330349340564182 -0.00030194284870935359 -0.0012743090528313642 0.0016449837562336244 -0.00015219698354088849 0.00085736344330637521 0.00074574455122861777 -0.00051586280745386469 -0.00024254916226277326 -0.00011195213066620594 0.00010945065908648151 3.6319428726342434e-05 0.00085252227294090738 -5.6170872912647297e-06 0.00029185015032604807 0.0004673098979527799 -0.0024443107197149195 -0.00029543023081438725 -0.0014597589056636788 0.00013543607320983339 -0.00023130520165714778 0.00089046345621233134 0.00016737430290944885 0.00019638685826727206 0.00012499424204942043 -0.0013525033536880564 0.00078207719774392036
leaf_weight=1999 5150 235 3662 83388 592 440 15084 3597 23864 17426 1729 2689 1763 1152 9054 313 6668 5184 238 10760 1113 2041 3534 30864 2126 645 6694 4412 531 2313 200 879 5230 63156 884 1233 1581 366 503 2174 2822 2517 1033 9225 1535 606 332 963 145443 8657 5442 623 712 2649 1961 667 4418 22779 833 49655 1262 3015
leaf_count=1999 5150 235 3662 83388 592 440 15084 3597 23864 17426 1729 2689 1763 1152 9054 313 6668 5184 238 10760 1113 2041 3534 30864 2126 645 6694 4412 531 2313 200 879 5230 63156 884 1233 1581 366 503 2174 2822 2517 1033 9225 1535 606 332 963 145443 8657 5442 623 712 2649 1961 667 4418 22779 833 49655 1262 3015
internal_value=2.81869e-07 0.000156657 -1.44723e-05 -9.09433e-05 -0.000188936 -0.000160094 -0.000120911 -3.22807e-05 9.09601e-05 2.69499e-05 -0.00156384 -0.000962309 3.65026e-05 -0.000273568 -0.000384682 1.20474e-05 0.000374214 0.000164788 -0.00197384 0.000208548 0.000169084 6.5749e-05 9.735e-05 0.000129221 0.000302929 0.000402542 -0.000210641 2.53981e-06 0.000553423 -0.000615175 -0.00107748 -0.000491293 -0.000588109 -2.25376e-06 -0.000453199 -0.000341807 0.000447675 0.000350354 0.000397841 0.000498961 0.000443735 0.000273438 0.00023368 -0.000357138 -0.000425541 -0.000714897 -0.000930184 4.37169e-06 3.16769e-05 4.16536e-05 0.000290471 -0.00137536 -0.00110078 -0.00129314 0.000205061 -0.000799833 0.000812357 0.000231892 0.000871559 0.000138835 -0.00171335 0.000527241
internal_weight=592615 51093 541522 216594 124549 121990 116309 73586 46440 41290 2559 5681 324928 42723 27639 272904 6981 52024 1967 46840 43178 56528 52931 49397 18533 16492 15748 265923 2294 11891 2513 9378 8499 263629 7347 6463 15847 12888 12522 10941 10438 32418 29901 17058 15059 5834 4299 259217 196061 92045 7616 2992 3693 2981 28788 1107 4653 27755 2959 50618 1885 4976
internal_count=592615 51093 541522 216594 124549 121990 116309 73586 46440 41290 2559 5681 324928 42723 27639 272904 6981 52024 1967 46840 43178 56528 52931 49397 18533 16492 15748 265923 2294 11891 2513 9378 8499 263629 7347 6463 15847 12888 12522 10941 10438 32418 29901 17058 15059 5834 4299 259217 196061 92045 7616 2992 3693 2981 28788 1107 4653 27755 2959 50618 1885 4976
is_linear=0
shrinkage=0.05


Tree=14
num_leaves=63
num_cat=0
split_feature=0 17 25 0 20 28 0 28 28 18 18 31 18 28 28 0 25 17 31 18 23 23 24 0 29 0 17 18 23 29 29 0 28 17 28 28 18 29 0 23 17 20 17 25 23 17 17 18 28 20 30 23 23 23 20 26 20 17 25 0 31 30
split_gain=0.493584 0.794547 0.762038 1.01597 1.78294 1.39329 0.770417 0.550725 0.564551 0.491676 0.476214 0.499184 0.467173 0.441117 0.714163 0.332354 0.323089 0.318954 0.453357 0.317022 0.316705 0.298895 0.296462 0.266834 0.250349 0.342518 0.496625 0.235946 0.32901 0.227942 0.21594 0.212823 0.210019 0.20604 0.205239 0.258606 0.19823 0.194504 0.193775 0.186804 0.184037 0.182267 0.181307 0.223109 0.180891 0.18 0.179061 0.176699 0.175615 0.182432 0.171099 0.169322 0.195673 0.169068 0.16843 0.236424 0.16783 0.176272 0.222096 0.222492 0.191731 0.191571
threshold=125397.01312082651 1.4621978021978026 -2.0701948861219068 -28008.412451320746 0.38794304287262033 0.0092168715788445137 -91880.040548076766 -1.0000000180025095e-35 0.0013739424884774251 -1.0000000180025095e-35 -0.45797351755900967 -4.6751918158567767 -0.010389680483592399 -0.00032434730750472888 0.0011480624853993998 -42299.571170825271 -22.754215032499022 0.04999999999999994 -2.0495827196858118 1.9358522460241658 1.0000000180025095e-35 -0.48559771237271582 8.5777485291159348 -91880.040548076766 -3.8873015873015873 -45946.523600023524 2.3390716882096196 -0.033898425308554393 0.59176860060599268 -2.5462233169129718 10.821764705882355 -254780.87980516537 -0.023590963257483322 1.4621978021978026 -0.00067015332462001765 0.0018353132873710619 -0.033771225817352361 6.5105086170659954 -177446.28538218708 0.92897171446140103 0.77807768268597799 -1.0000000180025095e-35 0.54482963368959547 -18.76938324052124 -0.042687246963562749 0.74912587412587428 -1.9313607085346212 -1.0223776223776224 0.010163853628275476 0.38794304287262033 -28.573696145124714 -0.071970729607575848 -1.0000000180025095e-35 -0.071563342318059289 -0.019790752121744439 18.354950738251304 0.27123938030984535 -0.13073463268365801 -29.87476690511745 -102555.9167523612 -5.5991452991452979 -2.7009730283373172
decision_type=2 2 2 2 2 2 2 2 2 2 2 2 2 2 2 2 2 2 2 2 2 2 2 2 2 2 2 2 2 2 2 2 2 2 2 2 2 2 2 2 2 2 2 2 2 2 2 2 2 2 2 2 2 2 2 2 2 2 2 2 2 2
left_child=2 7 3 4 5 10 36 -2 46 -6 -1 16 31 17 -15 42 19 -14 22 41 21 -4 -19 37 -23 26 32 -22 -29 -28 -5 -13 -26 44 -27 -36 38 -16 -7 -30 -25 -12 -11 -44 53 -38 -9 -34 49 -10 -48 -3 -53 -33 55 -46 57 -43 60 -60 -59 -62
right_child=1 51 20 30 9 6 -8 8 48 15 11 12 13 14 23 -17 -18 18 -20 -21 27 24 -24 40 25 34 29 28 39 -31 -32 33 47 -35 35 -37 45 -39 -40 -41 -42 56 43 -45 54 -47 50 -49 -50 -51 -52 52 -54 -55 -56 -57 -58 58 59 -61 61 -63
leaf_value=-0.00067808123318505186 0.00057395208746293378 -0.00049406061333138497 0.00068610304913185752 1.4895221980316377e-05 -0.00035952338568630504 -0.0015251273093441061 -0.00037139448877568999 0.001213397930638577 0.00015526919715045705 -0.003348816317811993 -0.00020857209396738462 -0.0011234930742701074 -0.00028772177047671629 2.7996681844075729e-05 -0.00075508371585113199 -0.00016764515116732539 -6.0484952242864461e-05 -0.0014647276235976578 -5.3169576708219563e-05 -0.00055206352610168087 0.0012087583810250246 -6.4340515606260267e-05 -0.00020744512368167797 -0.0002022644883589214 0.00055215289431010252 0.00016356364401067794 0.002452459740193768 0.00081682016405144279 0.00012524737960192616 0.00078482860835998403 0.00027725764370988541 0.00022823822673945904 0.00079532293768247236 0.0011752437933080667 -6.1329770749165264e-05 6.4935898531789433e-05 -0.0018375967480508662 0.00025209341818026586 -0.00030588518642951477 -0.0010242123872507382 -0.00070674164969034307 5.7579402271079497e-05 -0.0030702032417021809 -0.0015677847240623318 -0.00041057635634521604 -0.00091709355815387307 -0.00093607497124111733 9.6580717562355712e-05 0.00067409999007023082 0.0011077974675210074 -0.00011523060720133643 0.0016779550411793445 0.00071044944768503676 -0.00053108109474940914 0.00016103950128465883 0.0013230905038041877 -0.00083953051115550107 0.00010084938275588257 0.0010554916350536141 0.0003743720083451195 0.00038798924154412697 0.0022483474467414701
leaf_weight=3475 5150 250 1714 83388 703 543 6075 248 13577 271 1381 387 5416 23309 5203 238 16869 2314 1196 1095 758 63941 588 14323 2760 19753 270 1865 3513 850 8657 1063 918 406 94173 71219 1678 528 815 393 2069 2488 326 1021 2426 777 652 62801 2166 522 24125 606 3797 2362 15989 214 267 3264 2753 2124 373 220
leaf_count=3475 5150 250 1714 83388 703 543 6075 248 13577 271 1381 387 5416 23309 5203 238 16869 2314 1196 1095 758 63941 588 14323 2760 19753 270 1865 3513 850 8657 1063 918 406 94173 71219 1678 528 815 393 2069 2488 326 1021 2426 777 652 62801 2166 522 24125 606 3797 2362 15989 214 267 3264 2753 2124 373 220
internal_value=2.67775e-07 0.000148824 -1.37486e-05 -8.63961e-05 -0.000179489 -0.00015209 -0.000721049 8.64121e-05 2.56024e-05 -0.00148565 -0.000101904 -8.34723e-05 -0.000150953 -0.000229963 -0.000165133 -0.00191219 8.67775e-05 -0.000539547 -0.000872364 0.000264663 3.46775e-05 2.76088e-05 -0.00120998 -0.000368615 2.40448e-05 4.64051e-05 0.000142734 0.000379398 0.000270464 0.00118685 3.95709e-05 3.90644e-05 0.000125143 5.9096e-05 1.12341e-05 -6.95885e-06 -0.00127813 -0.000662292 -0.000793402 9.59513e-06 -0.00026594 0.000334151 -0.0021688 -0.0019314 3.85484e-05 -0.00154626 -0.00012345 0.000106648 0.000254931 0.000190536 -0.000136831 0.000771739 0.000843611 -0.000295415 9.99487e-05 -0.000270044 0.000399388 0.000428865 0.000534631 0.000758855 0.000251109 0.00107817
internal_weight=592615 51093 541522 216594 124549 121990 9888 46440 41290 2559 112102 108627 77793 54946 45432 1856 30834 9514 4098 13965 324928 318399 2902 22123 316685 252744 67599 6529 5771 1120 92045 22847 66479 22460 185145 165392 3813 5731 1358 3906 16392 12870 1618 1347 22054 2455 25025 63719 16265 14099 24777 4653 4403 3425 18629 2640 11489 11222 8734 4877 3857 593
internal_count=592615 51093 541522 216594 124549 121990 9888 46440 41290 2559 112102 108627 77793 54946 45432 1856 30834 9514 4098 13965 324928 318399 2902 22123 316685 252744 67599 6529 5771 1120 92045 22847 66479 22460 185145 165392 3813 5731 1358 3906 16392 12870 1618 1347 22054 2455 25025 63719 16265 14099 24777 4653 4403 3425 18629 2640 11489 11222 8734 4877 3857 593
is_linear=0
shrinkage=0.05


Tree=15
num_leaves=63
num_cat=0
split_feature=0 17 28 28 28 0 23 21 21 27 23 18 17 24 0 28 20 31 0 27 0 17 27 0 18 20 28 17 19 21 17 27 20 17 0 21 17 20 18 17 19 26 17 18 0 31 18 23 28 24 21 23 27 0 27 20 21 18 18 17 17 17
split_gain=0.44236 0.73772 0.61025 0.799781 0.500821 0.332937 0.331337 0.287039 0.351851 0.4405 0.316242 0.270157 0.268557 0.266788 0.272818 0.562667 0.489194 0.442199 0.431837 0.394268 0.354449 0.30538 0.304489 0.263781 0.248603 0.239904 0.229034 0.218932 0.211042 0.200785 0.20057 0.215282 0.193862 0.192713 0.191468 0.493837 0.191208 0.270451 0.244188 0.188352 0.187386 0.187341 0.201266 0.177074 0.188963 0.23244 0.175813 0.175146 0.175013 0.173347 0.172198 0.29032 0.511654 0.165434 0.162405 0.158252 0.241543 0.154415 0.162517 0.154115 0.206194 0.152943
threshold=88098.534980688579 1.8236391540649377 -1.0000000180025095e-35 0.0015289901845486858 0.031355889897600041 -286465.00452334509 0.94099202938188642 -0.7875255733821469 -0.70187731359069272 0.0088481272273299317 1.0000000180025095e-35 1.8827701826319603 3.2546852205139722 0.65636380734939348 -31129.366380615855 0.0083023081056303582 0.28976435935198813 -8.1694260485651196 -144335.90589562187 0.0034875917470133127 -84529.414841088932 -0.43754772553725313 -0.0025920534484257349 -98795.684750938541 1.7396551724137932 0.38794304287262033 0.013992109160460347 1.7966489874638383 0.49062955897205707 0.23956521739130446 0.04999999999999994 -0.00044975451120511715 0.24154589371980686 -1.8591269841269837 -54377.521757948431 -0.70541140719962592 -0.7912885662431941 -0.083397683397683345 -0.034091398235167512 -0.5406593406593404 1.0000000180025095e-35 -1.5210566261205558 0.43457372466806438 -0.039004725104560205 -67977.262764684318 -3.30422401518747 -0.59166666666666656 -0.071294810058854977 -0.0048830755173635857 -28.33420318974186 0.095029239766081922 1.0000000180025095e-35 -0.00013064279610402061 -87393.553174685279 0.014599813860538267 -0.71023564064801181 0.71917129262490109 0.46769509981851187 0.54202648244099039 -0.5406593406593404 -0.60965892527451138 -0.36236763078868334
decision_type=2 2 2 2 2 2 2 2 2 2 2 2 2 2 2 2 2 2 2 2 2 2 2 2 2 2 2 2 2 2 2 2 2 2 2 2 2 2 2 2 2 2 2 2 2 2 2 2 2 2 2 2 2 2 2 2 2 2 2 2 2 2
left_child=4 2 -2 32 5 11 7 10 9 34 -7 -1 13 14 15 16 18 -18 19 21 -17 59 -23 39 27 26 -5 47 46 50 -22 -32 33 -4 35 -9 37 -15 43 -6 -35 -19 -43 44 45 -39 49 -24 -31 -20 -16 -52 -53 -37 -48 -38 -57 -49 -59 60 -10 -36
right_child=1 -3 3 25 23 6 -8 8 12 -11 -12 -13 -14 36 29 20 17 41 28 -21 30 22 24 -25 -26 -27 -28 -29 -30 48 31 -33 -34 40 61 53 55 38 -40 -41 -42 42 -44 -45 -46 -47 54 57 -50 -51 51 52 -54 -55 -56 56 -58 58 -60 -61 -62 -63
leaf_value=-7.1621126868157185e-05 0.00049627575952345868 0.00076723584596213867 0.00075176920363598796 0.00016837988724846705 -9.8247972759221084e-05 0.00022951305650603326 0.0011838260438977663 -0.00032464451547246372 -0.00052727672528356197 0.0014880690510783729 0.0015052070330860618 -0.0011474857563330628 0.0010034507340289829 0.0005930868033562274 -9.3034657224902177e-06 -0.0009070459177678708 -0.0022107857595703817 -0.00074038328594664771 0.00073893258165370023 0.00094905669390734867 3.3157291753946986e-06 -0.0012143518683566416 0.0014648078498909795 -0.00030301228665423048 -0.0003508509468877635 0.00111806196920446 0.00070691245921836762 0.0018095186556727678 -0.001441972333470466 0.00060556305063077978 -0.00031058682325308122 -0.0013316033735778737 0.00059011460483239162 -0.00018292114121956171 -0.00024621818931893101 -0.0020854201955211311 -0.00050025604764912686 -0.00040748367432175288 0.00026063656166454887 -0.0016629112980456188 0.00027992658444374948 -0.0010427843779989682 0.00067720223101334096 -0.0010948057708268786 -0.00018161277199695223 0.00081091769976184263 -8.3341175204678958e-05 0.00018570546294156343 0.00010722482747480386 -0.00067377158594433882 -8.2104895955165689e-05 -0.00050894317388807113 -0.0033702684966665404 -0.00053932509738269328 0.00099145438066868723 7.2755120125986583e-06 0.00034606955181230533 0.0015388175597954258 0.0003571907448102886 -0.0014030212162326511 0.00090021496888223343 0.00039346069937824753
leaf_weight=1168 7678 4078 598 21893 251 3429 580 8313 1319 349 566 1166 655 3174 97269 3182 416 1809 243 1575 3347 359 323 1761 1403 762 2170 255 290 2045 1975 699 936 34016 2786 567 1501 587 9969 823 2337 241 578 429 6214 1175 81103 6957 12723 2041 2307 714 200 249 353 239704 5379 458 798 355 313 1406
leaf_count=1168 7678 4078 598 21893 251 3429 580 8313 1319 349 566 1166 655 3174 97269 3182 416 1809 243 1575 3347 359 323 1761 1403 762 2170 255 290 2045 1975 699 936 34016 2786 567 1501 587 9969 823 2337 241 578 429 6214 1175 81103 6957 12723 2041 2307 714 200 249 353 239704 5379 458 798 355 313 1406
internal_value=-5.36529e-07 0.000113409 7.553e-05 2.4017e-05 -1.69221e-05 -1.3274e-05 -1.05615e-05 -1.19142e-05 -1.52335e-05 -0.000265466 0.00041025 -0.000609092 -8.31517e-06 -9.65727e-06 -4.97201e-05 -0.000105897 -7.18539e-05 -0.0006961 -5.24927e-05 0.000203409 -0.000480205 0.000109757 0.000216823 -0.000679662 0.000267224 0.000244604 0.000216945 0.000365866 -9.5478e-05 4.08478e-06 -0.000254626 -0.000577487 -0.00012052 -0.000138521 -0.000311407 -0.000439861 2.40581e-05 0.000166891 9.32681e-05 -0.00129724 -0.000153166 -0.000456332 0.000171077 -0.000105244 -5.20194e-05 0.000405014 -9.08149e-05 0.000322739 0.000176232 -0.000523471 -2.1214e-05 -0.000380893 -0.00113505 -0.00161363 -7.86834e-05 1.15766e-05 1.47113e-05 0.000277824 0.000788071 -0.000458874 -0.000253499 -3.16694e-05
internal_weight=592319 74468 70390 62712 517851 515016 512682 512102 508107 13670 3995 2334 494437 493782 225650 110392 101189 3044 98145 14115 9203 12540 10553 2835 10194 24825 24063 8791 84030 115258 6021 2674 37887 36951 13321 9129 268132 21548 18374 1074 36353 2628 819 8405 7976 1762 83740 8536 14768 2284 100490 3221 914 816 81456 246584 245083 8213 1256 1987 1632 4192
internal_count=592319 74468 70390 62712 517851 515016 512682 512102 508107 13670 3995 2334 494437 493782 225650 110392 101189 3044 98145 14115 9203 12540 10553 2835 10194 24825 24063 8791 84030 115258 6021 2674 37887 36951 13321 9129 268132 21548 18374 1074 36353 2628 819 8405 7976 1762 83740 8536 14768 2284 100490 3221 914 816 81456 246584 245083 8213 1256 1987 1632 4192
is_linear=0
shrinkage=0.05


Tree=16
num_leaves=63
num_cat=0
split_feature=25 30 25 28 20 28 27 17 23 25 23 28 27 17 20 25 21 27 25 25 27 28 27 17 21 26 21 21 17 19 20 20 28 21 17 25 30 17 23 27 27 17 17 29 29 25 21 17 27 24 26 27 23 21 21 30 30 21 24 20 17 25
split_gain=0.44463 0.385121 0.351308 0.432049 0.377152 0.342342 0.32282 0.316567 0.297738 0.810027 0.510757 0.284333 0.281192 0.251946 0.249427 0.241425 0.232986 0.221171 0.220528 0.243052 0.249627 0.216042 0.220209 0.215909 0.211333 0.202649 0.271716 0.201002 0.26817 0.255682 0.208379 0.188969 0.18741 0.1817 0.181586 0.175963 0.172124 0.170675 0.169671 0.169594 0.165917 0.165037 0.164587 0.163667 0.285857 0.163541 0.16291 0.167764 0.159013 0.180163 0.208073 0.153274 0.147335 0.144432 0.330694 0.144414 0.140815 0.140735 0.138837 0.138603 0.138564 0.170681
threshold=16.717347502989966 3.1189895045154992 -2.7542385533313651 0.013992109160460347 0.38794304287262033 -1.0000000180025095e-35 -0.00085673535764484122 0.53529900332225921 1.0000000180025095e-35 -26.410507009917026 0.60076914179967622 -0.014611955862572095 0.00092663093427491959 -0.43754772553725313 0.32936507936507931 -22.754215032499022 0.095029239766081922 -0.00039454423042144395 -22.754215032499022 -43.312640709636717 0.0029850070185100668 0.0019379293170267008 -0.00055531045487920737 -1.3397435897435892 -0.85610766045548636 18.354950738251304 -0.18465909090909091 -0.60989269758028575 -0.43754772553725313 -0.68985960918231826 -0.29619047619047606 -0.2358803986710962 0.014588741592703295 0.27641208216778296 -0.66345451223967833 -21.452640196373057 -4.4731434751261707 1.445134990644213 1.0000000180025095e-35 0.00020182471359541713 -0.003069790741567512 -0.56870057512580874 -0.83903355356911502 -2.744583460482148 -0.97346565315315281 -44.823739132588557 1.3907480515252033 2.2107426370426042 0.00097201403612486535 -30.453407637144021 -14.402370735435445 2.1440988195502168e-05 0.94099202938188642 0.29458859280037403 0.31076705120420972 -6.3273809523809517 -30.276041666666664 1.3148881789137383 -0.36621392631380795 0.41588983050847456 -0.39541871921182253 -30.599306725721942
decision_type=2 2 2 2 2 2 2 2 2 2 2 2 2 2 2 2 2 2 2 2 2 2 2 2 2 2 2 2 2 2 2 2 2 2 2 2 2 2 2 2 2 2 2 2 2 2 2 2 2 2 2 2 2 2 2 2 2 2 2 2 2 2
left_child=1 2 3 4 8 -6 35 24 18 10 51 -4 13 -7 46 25 -11 -18 19 20 -1 22 -21 -13 -2 34 -27 -26 29 -29 -31 42 -32 41 -3 -5 -8 -17 -36 -35 -30 -23 -25 58 -45 -22 47 -9 -20 -50 -51 -10 53 -33 -55 -52 -42 -58 -15 -16 -24 -62
right_child=7 15 11 6 5 12 36 14 9 16 -12 23 -14 43 59 37 17 -19 48 21 45 33 60 31 27 26 -28 28 40 30 32 52 -34 39 38 -37 -38 -39 -40 -41 56 -43 -44 44 -46 -47 -48 -49 49 50 55 -53 -54 54 -56 -57 57 -59 -60 -61 61 -63
leaf_value=-0.00014231900555936603 0.00091177487477243349 -0.00031773677746572103 0.00027241685483998384 -0.0007078974901431474 -0.0016958758074062344 -0.0014780905187547864 -0.0011445744880969385 0.00016234705391153991 -0.002208617789352395 4.2837119736184607e-05 -0.00040270484399806147 0.00022278436018515567 -0.0017440216219399283 -0.00015302054559823846 0.0012979853127869437 -8.5197701860286418e-07 -0.00046659947772587172 -0.0022082565620075915 -7.5795792122500651e-05 -5.0570114283000813e-05 -0.00065319479860558981 0.00022997551014107394 -4.8899719887025649e-05 0.00019589202649693984 -0.00022295592995597941 0.0018432210101256227 0.00037479313325213621 -0.00057617098290033803 0.00075645453140422861 0.00065084873382938017 0.00014906071391181919 -3.1207438357205103e-05 0.00093750689331588161 -5.9163698669367731e-05 0.00021477199401788848 -4.19510889528223e-05 -8.8523902002156241e-05 0.00036382777171843297 -0.0010193242674209125 0.0007822194125780903 -0.00050597313753450533 -0.00025121507999031304 -0.00076434550537772485 -0.0009988521574471089 0.0007816295874767498 -0.0022543352780532893 -0.0012238829828612047 0.00065040905630890569 -0.00087930577562922788 0.00023723897920308862 -4.6246169951807487e-05 -0.0041540585186642907 0.00096471387815798065 0.00092516352997950235 5.6538332679619909e-05 -0.00043924427131080345 1.9213252663462656e-05 -0.00043128325917333836 0.00092636278720776991 0.00047745581407841118 5.3611723371324821e-05 0.00037734795930518639
leaf_weight=6165 694 1833 9127 1398 586 334 1984 21597 204 3227 282 9279 331 586 724 60521 1381 210 87150 11103 626 2142 3947 627 6919 410 1360 999 721 2722 17803 181341 787 1403 22538 3415 479 3388 282 1045 1379 10600 1548 741 324 214 202 1917 1081 2180 3610 201 380 1244 9193 6632 56027 1789 606 1780 5909 13092
leaf_count=6165 694 1833 9127 1398 586 334 1984 21597 204 3227 282 9279 331 586 724 60521 1381 210 87150 11103 626 2142 3947 627 6919 410 1360 999 721 2722 17803 181341 787 1403 22538 3415 479 3388 282 1045 1379 10600 1548 741 324 214 202 1917 1081 2180 3610 201 380 1244 9193 6632 56027 1789 606 1780 5909 13092
internal_value=-5.09702e-07 -2.18948e-05 -4.36476e-05 -9.65196e-05 -7.99816e-05 -0.000592911 -0.000473631 8.72453e-05 -6.8902e-05 -0.000430329 -0.00203652 -6.05222e-07 -0.000371714 -0.000196402 0.0002401 7.10401e-05 -0.000201302 -0.000696485 -5.62209e-05 2.30765e-05 -0.000252495 6.22791e-05 0.000132229 -1.28436e-05 4.26343e-05 0.000198165 0.000714937 3.5868e-05 5.76468e-05 0.000205619 0.000242265 -2.40943e-05 0.000182439 -9.45266e-05 0.000161062 -0.000235384 -0.000939196 1.84807e-05 0.000199522 0.000300005 2.54626e-06 -0.000170324 -0.000487532 -6.73268e-06 -0.000457184 -0.0010611 0.000189991 0.000202137 -0.000100533 -0.000260191 -0.000206314 -0.00317413 -1.88487e-05 -2.07976e-05 0.000160071 -0.000300724 -6.6364e-06 5.27354e-06 0.000395726 0.000714702 0.000220674 0.000276671
internal_weight=592319 476259 385927 173188 165912 3508 7276 116060 162404 5505 687 212739 2922 2591 26220 90332 4818 1591 156899 56246 7005 49241 34051 203612 89840 26423 1770 89146 82227 22311 21312 194333 18590 15190 24653 4813 2463 63909 22820 2448 59916 12742 2175 2257 1065 840 23716 23514 100653 13503 12422 405 192158 191778 10437 10242 59195 57816 1192 2504 22948 19001
internal_count=592319 476259 385927 173188 165912 3508 7276 116060 162404 5505 687 212739 2922 2591 26220 90332 4818 1591 156899 56246 7005 49241 34051 203612 89840 26423 1770 89146 82227 22311 21312 194333 18590 15190 24653 4813 2463 63909 22820 2448 59916 12742 2175 2257 1065 840 23716 23514 100653 13503 12422 405 192158 191778 10437 10242 59195 57816 1192 2504 22948 19001
is_linear=0
shrinkage=0.05


Tree=17
num_leaves=63
num_cat=0
split_feature=25 0 20 17 0 28 28 28 0 28 0 27 28 18 17 22 22 20 25 17 25 27 18 0 22 21 20 25 18 25 22 22 27 25 17 26 18 20 25 21 22 22 29 22 18 27 24 24 31 17 17 22 17 0 26 21 20 24 20 30 22 28
split_gain=0.401279 0.598871 0.886197 0.68431 0.682912 0.65393 0.727355 0.461297 0.999688 0.692865 0.418416 0.466736 0.482624 0.403188 0.533915 0.370696 0.361496 0.351991 0.302791 0.285701 0.283973 0.264347 0.260374 0.269547 0.248844 0.232545 0.225108 0.223842 0.222796 0.30601 0.309908 0.218466 0.228455 0.213103 0.266292 0.205551 0.1969 0.409356 0.19554 0.195406 0.193287 0.17998 0.189526 0.179439 0.348009 0.199597 0.176543 0.171805 0.200061 0.168821 0.274954 0.214723 0.165847 0.160411 0.158614 0.154917 0.15204 0.152309 0.15128 0.150747 0.155954 0.422579
threshold=16.717347502989966 41076.684983217354 0.24154589371980686 1.8236391540649377 -42299.571170825271 -1.0000000180025095e-35 0.0015289901845486858 0.001305897247909254 -53486.134100629301 0.009987461650250648 -109073.83533186732 0.0034875917470133127 1.4309456162518845e-05 -1.0000000180025095e-35 0.55555555555555558 -0.097982216142270859 2.4150629603231173 0.38794304287262033 -14.784261320650289 0.53529900332225921 -21.07722989879375 0.0060635255195328787 -1.0000000180025095e-35 -183581.07365315722 -0.11640394941971242 0.26653439153439168 0.32936507936507931 -18.76938324052124 -0.010389680483592399 -2.7542385533313651 0.34178433889602056 -0.061895161290322569 -0.001961876257503685 -19.892813626743045 2.3390716882096196 5.2911946923781707 0.43380880880880884 -0.29619047619047606 -29.702221684727864 -0.88836967808930412 0.34445680385613647 -0.71757690518902384 -1.0517395182872438 -0.48074074074074086 -0.034091398235167512 -0.0029882113553202122 -7.5757453546311515 40.859992229582382 -2.2383658008658007 -0.26080547512503288 -0.076910748272062776 -0.12535714285714281 1.9330128205128208 -65033.335363682061 -7.9270108426845587 0.24177650429799438 0.27123938030984535 27.803250925133629 -0.71023564064801181 97.367255298633054 0.0093023296883388302 -0.062384157177401423
decision_type=2 2 2 2 2 2 2 2 2 2 2 2 2 2 2 2 2 2 2 2 2 2 2 2 2 2 2 2 2 2 2 2 2 2 2 2 2 2 2 2 2 2 2 2 2 2 2 2 2 2 2 2 2 2 2 2 2 2 2 2 2 2
left_child=1 2 7 5 13 25 38 10 9 16 11 12 -1 -4 53 27 21 -8 22 36 -6 28 23 -11 -10 -3 58 -14 -9 30 -30 -17 -33 34 -16 -24 37 -2 -7 -39 54 -13 -43 44 -41 -45 -44 56 -49 -40 51 -51 -26 -15 -32 -34 57 -47 -21 60 -12 -62
right_child=19 3 4 -5 20 6 17 8 24 18 59 41 15 14 33 31 -18 -19 -20 26 -22 -23 35 -25 52 -27 -28 -29 29 -31 40 32 55 -35 -36 -37 -38 39 49 43 -42 42 46 45 -46 47 -48 48 -50 50 -52 -53 -54 -55 -56 -57 -58 -59 -60 -61 61 -63
leaf_value=-0.0001690884211594327 0.00071110321470879104 0.00032627040095002733 -0.00034886761838458686 0.00071229486056550203 -0.0012774647710388505 0.00020855459626770791 0.00015387307505816396 -9.1724567604474277e-05 9.9261583629926841e-05 -0.0015830426683887018 5.8708269946556953e-07 -0.00054706913030081719 -0.00071956459171837743 -0.0027181813102754313 -0.00093570044541903285 0.00071455332277445456 0.0016993361983327121 0.0010925786240552 -0.00040130119034557048 -0.00091501279329616052 0.00012855714478836525 0.00049819935496609651 -0.0015099597402705399 -7.8714151178185807e-05 -5.8371920649552885e-05 0.00093770195075757996 0.00067896648409901969 8.0805706651334476e-05 -0.00035146816774897835 -4.8476496728306262e-05 -0.00086438513197165546 -0.00072439227471115869 0.0003614116866661274 -0.00052085353799368665 -0.0030300620594369346 -0.0003673779674248953 -0.00023746440439893239 0.0011817336458909053 6.2166389044928598e-05 -8.5083626994064779e-05 -0.0007285587698392334 0.00065581548397659266 0.0026181240727027851 0.00071509057773172773 0.00038389923439080087 -3.7046027400468976e-05 0.00086130448098395939 -0.00025395407039719543 -0.0016765977307598109 0.00017334269894507859 -0.00011099907919749554 -0.00054206503301569336 -0.00053228578131969055 -0.0013817016520802571 -0.0025898880337834793 -0.00028316694262835298 0.00068095541752266348 0.00020068250892374788 0.00019504794524911732 0.00046764595005552789 -0.0010030591916182631 -8.1016568403262634e-05
leaf_weight=10281 2348 7741 2141 4164 401 4523 38847 13875 30771 409 135131 249 1301 605 528 3388 246 1025 3837 311 3438 1226 2230 1095 68768 1946 2504 2659 12499 6142 254 560 11295 1691 213 478 5949 374 8810 6866 2716 2382 264 959 9332 53855 312 1340 303 1232 30566 7055 1897 357 280 1016 813 7701 23405 1560 1280 42575
leaf_count=10281 2348 7741 2141 4164 401 4523 38847 13875 30771 409 135131 249 1301 605 528 3388 246 1025 3837 311 3438 1226 2230 1095 68768 1946 2504 2659 12499 6142 254 560 11295 1691 213 478 5949 374 8810 6866 2716 2382 264 959 9332 53855 312 1340 303 1232 30566 7055 1897 357 280 1016 813 7701 23405 1560 1280 42575
internal_value=-4.84217e-07 -2.08001e-05 -5.07831e-05 8.40466e-05 -0.000530744 5.8335e-05 1.7216e-05 -3.83192e-05 -0.000106622 -0.000301949 8.45502e-06 0.000170168 0.000109836 -0.000886162 -0.0012251 0.000251664 -0.000211023 0.000178005 -0.000722607 8.28831e-05 -1.83079e-05 -0.000223727 -0.00101531 -0.000487803 -1.94161e-05 0.0004491 0.000228095 -0.000182144 -0.000248474 -0.000347825 -0.000464568 0.000357322 0.000263289 -0.000830681 -0.00153772 -0.00130828 4.05026e-05 6.02142e-05 -0.000105632 4.1472e-05 -0.000899535 0.000743949 0.000852625 3.62181e-05 0.000185107 -9.01583e-07 0.00166651 -1.16283e-05 -0.000516316 -0.000135447 -0.000180257 -0.000435708 -7.10941e-05 -0.00222221 -0.00176914 0.000308216 1.66684e-06 -7.30486e-06 0.000180491 -2.17359e-05 -2.60013e-05 -0.000107928
internal_weight=592319 476259 370350 105909 9374 101745 92058 360976 146723 45287 214253 33707 30500 5535 3394 20219 37238 39872 8049 116060 3839 36992 4212 1504 101436 9687 26220 3960 35766 21891 15749 16259 12871 2432 741 2708 89840 83891 52186 81543 3250 3207 2958 81169 16198 64971 576 64012 1643 47663 38853 8287 70665 962 534 12311 62369 61556 23716 180546 178986 43855
internal_count=592319 476259 370350 105909 9374 101745 92058 360976 146723 45287 214253 33707 30500 5535 3394 20219 37238 39872 8049 116060 3839 36992 4212 1504 101436 9687 26220 3960 35766 21891 15749 16259 12871 2432 741 2708 89840 83891 52186 81543 3250 3207 2958 81169 16198 64971 576 64012 1643 47663 38853 8287 70665 962 534 12311 62369 61556 23716 180546 178986 43855
is_linear=0
shrinkage=0.05


Tree=18
num_leaves=63
num_cat=0
split_feature=0 17 25 0 20 22 18 17 17 18 22 0 22 18 20 0 27 17 0 17 27 0 18 22 17 20 27 0 18 27 25 18 20 20 18 0 22 27 0 17 19 27 20 22 20 17 17 29 25 25 18 25 22 22 26 25 27 24 25 22 24 26
split_gain=0.36752 0.468106 0.427902 0.975361 1.26895 0.423666 0.828589 0.659474 0.483775 0.518597 0.453598 0.681947 0.38199 0.35808 0.352632 0.344629 0.719253 0.339566 0.328912 0.367811 0.427794 0.357339 0.410157 0.326813 0.33576 0.344373 0.325934 0.317762 0.310662 0.306512 0.299957 0.299605 0.451286 0.298483 0.294814 0.291017 0.278726 0.653465 0.276824 0.259302 0.260715 0.24421 0.237419 0.235596 0.233847 0.231537 0.230606 0.22565 0.212189 0.207927 0.207328 0.204839 0.19507 0.22467 0.192295 0.191257 0.188299 0.278608 0.227329 0.186561 0.186461 0.181547
threshold=251603.32837349855 1.4621978021978026 -1.6327748850214421 -19719.345265807537 0.38794304287262033 0.1992063492063493 -1.0000000180025095e-35 -0.32450181159420294 -0.36956521739130427 0.50426590828297202 0.54494808502301895 -95245.052327172758 -0.86131424787146715 1.6036706349206349 0.27123938030984535 -104647.9789007966 -0.0024693021592719529 1.0357537031658439 -60383.724810048407 -0.5406593406593404 0.0079098620669464971 -211601.95722130587 -0.43501021450459648 -0.48074074074074086 0.63043478260869579 0.28366174055829246 -0.00085673535764484122 -42299.571170825271 0.43772893772893778 0.0071424090222314629 35.738850101485575 -0.033898425308554393 -0.094139194139194166 -1.0000000180025095e-35 -0.033771225817352361 -166452.75054322611 0.0093023296883388302 0.0043657209848934628 -223880.72790040245 -0.36236763078868334 0.28856472166331326 -0.00023679856055438465 -0.71023564064801181 -0.26373691370438274 0.13062200956937806 -2.2427777777777771 -0.36236763078868334 -3.5395370807746809 -36.767720528071344 -12.537370369277765 -0.83503401360544205 19.727275731559871 -0.82176470588235284 -0.86131424787146715 -14.628538588536628 -10.675942895095405 0.0034875917470133127 -9.8812671707502471 -29.702221684727864 1.5222950819672134 8.911359393263302 1.1561085100685349
decision_type=2 2 2 2 2 2 2 2 2 2 2 2 2 2 2 2 2 2 2 2 2 2 2 2 2 2 2 2 2 2 2 2 2 2 2 2 2 2 2 2 2 2 2 2 2 2 2 2 2 2 2 2 2 2 2 2 2 2 2 2 2 2
left_child=2 45 3 4 5 7 33 18 29 10 11 39 -6 15 -11 16 -9 -13 19 20 21 -1 -23 28 25 47 -18 -14 31 -8 42 32 -4 -7 -21 -12 -17 -38 -15 -10 -41 -19 -26 -36 56 -2 52 -25 60 -37 -49 -27 53 -33 -47 -5 58 -58 -28 -32 -24 -35
right_child=1 -3 23 55 12 6 8 13 9 14 35 17 27 38 -16 36 26 41 -20 34 -22 22 48 24 30 51 44 -29 -30 -31 59 46 -34 61 43 49 37 -39 -40 40 -42 -43 -44 -45 -46 54 -48 50 -50 -51 -52 -53 -54 -55 -56 -57 57 -59 -60 -61 -62 -63
leaf_value=-0.0012899695493861654 0.0016292147974949331 0.00084548003098436461 0.00073902879512493375 0.00012194334492467358 -0.00011186845999284552 -0.00068845843534210446 0.00013999100903295343 -0.0010824785221694884 0.00019130705719362596 0.00067840723766053276 0.0012786294151908161 -0.00048570815645181538 -0.0018213618645956447 -0.00081003273709280392 -0.00051532416012327754 8.2750371893972081e-06 -4.6867697300623218e-05 -0.00099610962547423232 -7.0149233163073778e-05 -0.00027020518562801511 0.0013066072922110561 -0.00079998263671216495 0.00011528127890237839 -0.00011192910158628765 -0.0015057395869054093 -3.8881358571582314e-05 -8.1030513724904632e-05 -9.9462179293744379e-05 -0.00021757227525783077 0.0023169320187566645 0.00038482882915786952 0.00027482302532440506 -0.00013584809190232854 5.4465793580703932e-05 -0.00081631288847545068 -0.00054378864490983909 -0.00019377371023191923 -0.0020257302676764222 -8.00048363572699e-05 -0.0018052379829744591 -0.00034679082162852377 -0.0031218382280166239 9.1255354204419125e-05 -0.0019068485906226758 -0.00076930061102918753 0.00054711517123308276 0.00070830569870593719 0.00045008154443747483 -0.00013099669441125141 4.7339269609702106e-05 -3.0441977575381537e-06 0.00095413417560561559 0.00011807618922665413 0.00082037629937001559 3.7944549305820605e-05 -2.1485040621464714e-05 0.0017216414171080125 0.0003754642816092324 0.00048751724978184996 0.0014026501213883589 0.0015712747456018408 0.00056335867815644801
leaf_weight=839 250 2515 1693 55833 591 989 556 1023 220 1480 299 9122 1731 2281 1063 43134 5447 404 11123 2394 431 2247 565 55520 234 811 2175 317 5426 228 4877 11190 11395 4954 3610 3892 6099 529 3015 2163 357 203 42822 574 406 2098 2626 2561 6071 2408 176712 1444 19015 2270 15964 39819 683 879 9174 496 360 2712
leaf_count=839 250 2515 1693 55833 591 989 556 1023 220 1480 299 9122 1731 2281 1063 43134 5447 404 11123 2394 431 2247 565 55520 234 811 2175 317 5426 228 4877 11190 11395 4954 3610 3892 6099 529 3015 2163 357 203 42822 574 406 2098 2626 2561 6071 2408 176712 1444 19015 2270 15964 39819 683 879 9174 496 360 2712
internal_value=-4.60006e-07 0.000205852 -7.97868e-06 -6.02397e-05 -0.000145908 -0.000124542 -0.000286449 -7.57624e-05 -0.00044702 -0.000491283 -0.00058073 -0.000758139 -0.00123169 1.89398e-06 0.000179415 3.20731e-05 0.000208579 -0.000561907 -0.000281766 -0.000419488 -0.000236011 -0.000301957 -0.000212274 2.78389e-05 6.56643e-06 -1.7943e-05 0.000278967 -0.00155484 0.000141106 0.000773081 0.000126534 0.000181492 -2.26783e-05 0.000129031 -0.000712723 -0.00024551 -3.81114e-05 -0.000339988 -0.00039443 -0.00145491 -0.00159862 -0.00170702 8.2576e-05 -0.000965923 0.000412241 0.000118004 0.000257621 -2.38491e-05 -2.35117e-05 -0.000317846 3.42892e-06 0.000597001 0.000221178 0.000366829 9.70875e-05 6.22355e-05 0.000449396 0.000964094 0.000378557 0.000478787 0.000681938 0.000234497
internal_weight=592319 20827 571492 232400 136748 134109 31050 103059 22395 21611 19068 12469 2639 74845 2543 69549 19787 9729 28214 17091 10513 10082 9243 339092 285477 237048 18764 2048 53615 784 48429 48189 13088 8655 6578 6599 49762 6628 5296 2740 2520 607 43056 4184 13317 18312 35101 234793 6996 6300 179273 2255 32475 13460 18062 95652 12911 1562 11349 5373 925 7666
internal_count=592319 20827 571492 232400 136748 134109 31050 103059 22395 21611 19068 12469 2639 74845 2543 69549 19787 9729 28214 17091 10513 10082 9243 339092 285477 237048 18764 2048 53615 784 48429 48189 13088 8655 6578 6599 49762 6628 5296 2740 2520 607 43056 4184 13317 18312 35101 234793 6996 6300 179273 2255 32475 13460 18062 95652 12911 1562 11349 5373 925 7666
is_linear=0
shrinkage=0.05


Tree=19
num_leaves=63
num_cat=0
split_feature=25 0 20 0 17 20 21 17 18 21 18 18 17 22 23 25 18 20 0 0 0 27 22 17 0 19 18 25 18 26 18 21 21 18 0 25 27 25 27 21 27 0 25 0 22 17 25 31 22 31 31 0 22 17 17 17 25 17 0 20 22 22
split_gain=0.338447 0.501894 0.659457 0.65306 0.586368 0.368616 0.413354 0.373225 0.415715 0.333839 0.326829 0.298552 0.378319 0.27956 0.430869 0.501202 0.406381 0.405645 0.387172 0.322663 0.497269 0.551368 0.325516 0.319865 0.311052 0.29542 0.278079 0.27394 0.404772 0.320144 0.272601 0.291272 0.562504 0.288629 0.689965 0.527072 0.273731 0.393591 0.252779 0.248912 0.243873 0.251088 0.242579 0.238851 0.236053 0.235183 0.234933 0.233125 0.232749 0.230618 0.296755 0.272588 0.29827 0.295775 0.229285 0.228054 0.227534 0.219372 0.220379 0.219278 0.209828 0.266077
threshold=16.717347502989966 52014.473836749989 0.24154589371980686 -35535.544355284765 1.8236391540649377 0.28366174055829246 0.23956521739130446 -0.26080547512503288 -0.033898425308554393 -1.0000000180025095e-35 -0.12473481574605169 -1.0000000180025095e-35 0.55555555555555558 0.0093023296883388302 1.0000000180025095e-35 -27.438379033757418 0.50426590828297202 0.16061253561253577 -223880.72790040245 -51951.484132019497 -140400.01094500054 0.0071424090222314629 0.071794871794871665 2.5059259259259266 -28601.857265652241 0.49062955897205707 0.58722109533468581 -2.7542385533313651 -1.0000000180025095e-35 -29.598659662723701 -0.56021978021978014 -1.0000000180025095e-35 -0.033771225817352361 -0.034091398235167512 -72938.441595807803 -21.07722989879375 -0.00085673535764484122 -22.754215032499022 0.0036859442232801717 0.27641208216778296 0.0039034599799387085 -31129.366380615855 -40.640325462160945 -61323.685230941854 0.34178433889602056 0.53529900332225921 -29.87476690511745 -14.018619118127798 -1.4073908174692045 -4.4867142387681325 -1.5092868988391375 -95245.052327172758 0.34178433889602056 0.63989247311827957 0.46328626444159188 1.4621978021978026 -19.534954246499169 -0.77303030303030296 -20360.362791773961 -0.46805555555555561 0.33654548776032162 0.25004329004329012
decision_type=2 2 2 2 2 2 2 2 2 2 2 2 2 2 2 2 2 2 2 2 2 2 2 2 2 2 2 2 2 2 2 2 2 2 2 2 2 2 2 2 2 2 2 2 2 2 2 2 2 2 2 2 2 2 2 2 2 2 2 2 2 2
left_child=1 2 13 11 5 6 7 59 10 54 -9 -4 43 18 16 -16 17 19 38 20 21 23 -22 -15 -17 27 -18 28 55 -30 40 32 33 42 35 -35 48 46 47 -8 41 -20 -32 -13 -41 -2 -38 -1 -33 -31 51 52 60 -54 -10 -24 -5 -44 -59 -3 61 -51
right_child=45 4 3 56 -6 -7 39 8 9 -11 -12 12 -14 14 15 24 26 -19 30 -21 22 -23 25 -25 -26 -27 -28 -29 29 49 31 36 -34 34 -36 -37 37 -39 -40 44 -42 -43 57 -45 -46 -47 -48 -49 -50 50 -52 -53 53 -55 -56 -57 -58 58 -60 -61 -62 -63
leaf_value=0.0010278002903263571 3.7674304195920215e-05 0.0011446941903641187 -0.00031846815930245786 -0.00097216048141458833 0.00068404076078283215 0.00064423303003606491 0.0006506658721339713 -9.3854262678279721e-05 0.00015349663294912869 -5.3385857941526692e-05 -0.00070881367606390026 -0.0024450566851104546 -0.00072357784833965654 -7.1337492515795019e-05 -0.0019275810264101094 -0.00099009888876604255 0.00099453771169675988 0.00030925120737453668 -0.00065403136823779075 -5.7837221982867555e-05 -0.0014650349831202172 0.0016610975588700176 -0.00013469216303260665 0.001702581726551175 8.217769924429026e-05 -0.0018389671859946979 3.0794333946148685e-05 -5.6088260969811383e-05 -0.0023829996615166507 3.2586092856335816e-05 0.0011863999811912228 0.00051478976022199384 -0.000823871291790324 -0.0017146853217321072 -2.0086039301299828e-05 -0.00041726735609423648 7.6248443485489115e-05 3.4352778756958936e-05 0.0010160946879452617 -1.3192110095441136e-05 0.0013500791985095175 -1.2660427546691905e-05 -0.00020549116260435118 -0.00095093185000861701 0.00058595760052860949 0.00020787561165946838 0.00038515404952985604 -0.00057421716014427438 -6.4477701532704838e-05 -0.00041593632601999409 -0.00023005260295570282 -0.00058438601863432282 -0.0022980162378073293 -0.00058245461973114253 0.00098533000744017497 0.0010814941467496299 0.00021311603890927151 0.00047422728632575236 -0.00016067874818071013 0.00015000926991030897 0.00049755038635462075 -0.0024246401306032683
leaf_weight=238 89840 570 2225 462 3932 2616 3774 4471 2338 39491 4181 647 2621 5690 628 1158 1438 5816 3501 69275 626 551 5096 266 1626 313 1561 8338 235 1641 524 1780 2681 1083 13139 2824 10845 123840 290 5738 212 2705 4003 456 2304 26220 14233 4953 67225 504 3603 5211 837 359 1283 417 3276 4222 2021 19824 297 245
leaf_count=238 89840 570 2225 462 3932 2616 3774 4471 2338 39491 4181 647 2621 5690 628 1158 1438 5816 3501 69275 626 551 5096 266 1626 313 1561 8338 235 1641 524 1780 2681 1083 13139 2824 10845 123840 290 5738 212 2705 4003 456 2304 26220 14233 4953 67225 504 3603 5211 837 359 1283 417 3276 4222 2021 19824 297 245
internal_value=-4.37006e-07 -1.90947e-05 -4.39595e-05 -0.000451289 8.68607e-05 5.97431e-05 4.15348e-05 -3.35542e-06 -7.47311e-05 -1.12546e-05 -0.000391028 -0.000776713 -0.0010505 -3.34668e-05 -9.81233e-05 -0.000651651 -8.13084e-05 -9.70608e-05 -4.72214e-06 -0.000119892 -0.000245483 0.000147878 -0.000337813 7.88724e-06 -0.000363834 -0.000311771 0.000492903 -0.000293924 -0.000401436 -0.000554368 4.22053e-06 1.25326e-05 -0.000132194 -6.55281e-05 -0.000193551 -0.000776905 3.27862e-05 7.09321e-05 -0.00042051 0.000315671 -0.000317512 -0.000374478 0.000137098 -0.00182736 0.000158462 7.61258e-05 0.000251568 -0.000500767 -4.95354e-05 -0.000520523 -0.000602619 -0.000782728 -0.00124373 -0.00178306 0.000448234 -4.27006e-05 6.66212e-05 8.3435e-05 0.000268694 0.00017781 -0.000627052 -0.00107299
internal_weight=592319 476259 385737 9687 90522 86590 83974 72158 51764 43112 8652 5949 3724 376050 115731 3412 112319 109320 260319 103504 34229 6507 27722 5956 2784 27096 2999 26783 18445 12932 254838 248420 30497 27816 17046 3907 217923 148918 5481 11816 6418 6206 10770 1103 8042 116060 25078 5191 69005 12697 11056 7453 2242 1196 3621 5513 3738 10246 6243 20394 1046 749
internal_count=592319 476259 385737 9687 90522 86590 83974 72158 51764 43112 8652 5949 3724 376050 115731 3412 112319 109320 260319 103504 34229 6507 27722 5956 2784 27096 2999 26783 18445 12932 254838 248420 30497 27816 17046 3907 217923 148918 5481 11816 6418 6206 10770 1103 8042 116060 25078 5191 69005 12697 11056 7453 2242 1196 3621 5513 3738 10246 6243 20394 1046 749
is_linear=0
shrinkage=0.05


Tree=20
num_leaves=63
num_cat=0
split_feature=21 25 0 20 17 0 20 21 17 18 18 17 21 18 22 18 20 0 25 18 0 17 25 21 17 0 22 0 17 21 18 21 21 18 0 25 25 21 21 17 21 21 17 25 22 0 0 22 25 20 18 22 0 20 18 25 17 17 17 25 17 25
split_gain=0.329033 0.323542 0.483733 0.653824 0.611548 0.539073 0.349228 0.427363 0.334796 0.374017 0.308204 0.405958 0.301849 0.295455 0.265123 0.423649 0.384703 0.329809 0.372085 0.431237 0.655602 0.44009 0.390464 0.372205 0.355595 0.332356 0.477349 0.326667 0.295954 0.289151 0.250337 0.280155 0.532618 0.30438 0.634016 0.431427 0.242796 0.236496 0.236206 0.226981 0.221565 0.311599 0.220415 0.219717 0.302692 0.370598 0.311259 0.325233 0.375689 0.215852 0.215182 0.211921 0.211352 0.201916 0.203649 0.200236 0.21178 0.22261 0.675002 0.195772 0.212507 0.191448
threshold=1.5567567567567571 16.717347502989966 47936.493051376798 0.24154589371980686 1.8236391540649377 -42299.571170825271 0.28366174055829246 0.23956521739130446 -0.26080547512503288 -0.033898425308554393 -1.0000000180025095e-35 0.55555555555555558 -1.0000000180025095e-35 -0.12473481574605169 0.0093023296883388302 0.50426590828297202 0.16061253561253577 -22345.631472453544 -3.2035340477964502 -1.0000000180025095e-35 -171771.02709004228 -0.36236763078868334 -14.501300905140372 -0.70187731359069272 0.57921146953405012 -97002.506771245346 0.24462481650980053 -223880.72790040245 -0.52568596411879953 0.15310892940626461 -0.56021978021978014 -1.0000000180025095e-35 -0.033771225817352361 -0.034091398235167512 -62223.724401713 -21.07722989879375 -21.07722989879375 0.27714967474363 0.27641208216778296 0.53529900332225921 0.29458859280037403 0.31076705120420972 0.46328626444159188 -22.754215032499022 -0.097982216142270859 -97002.506771245346 -109073.83533186732 -0.061895161290322569 -26.154327021383271 1.0923255154151696 0.58722109533468581 -1.4073908174692045 -144335.90589562187 -0.29619047619047606 -1.8546934865900375 -1.8257880630817842 -0.52568596411879953 1.935416666666667 0.48137931034482789 -40.640325462160945 -0.77303030303030296 -19.892813626743045
decision_type=2 2 2 2 2 2 2 2 2 2 2 2 2 2 2 2 2 2 2 2 2 2 2 2 2 2 2 2 2 2 2 2 2 2 2 2 2 2 2 2 2 2 2 2 2 2 2 2 2 2 2 2 2 2 2 2 2 2 2 2 2 2
left_child=1 2 3 14 6 10 7 8 53 13 -5 -12 42 -10 27 16 17 18 19 24 -21 23 25 52 28 26 -23 37 -16 -28 -29 32 33 59 35 -35 -7 55 -9 -3 -40 -42 -11 44 45 -33 47 -46 -49 -8 -17 -45 -22 -4 -55 56 -1 58 -58 60 -32 -13
right_child=-2 39 4 5 -6 36 49 38 9 12 11 61 -14 -15 15 50 -18 -19 -20 20 21 22 -24 -25 -26 -27 29 30 -30 -31 31 43 -34 34 -36 -37 -38 -39 40 -41 41 -43 -44 51 46 -47 -48 48 -50 -51 -52 -53 -54 54 -56 -57 57 -59 -60 -61 -62 -63
leaf_value=-0.0013953372188347335 -0.0014784794382533021 3.8364185261988212e-05 0.0010106842301050249 -0.00029451672604763389 0.00068958611634273347 -0.0011162389782740909 0.0007504231631358494 0.00063387148363834122 -8.8524286724943736e-05 0.00013096720849825459 -0.0019347790424725495 -0.0013890136639449105 -4.9572328388986467e-05 -0.0006572962193344481 0.00089142987183744361 0.00093912267124399412 0.00028771879168367056 -3.1856728959319727e-05 -4.8486776965502904e-05 0.00053620273422677828 0.0017074091796762129 -0.00018492278948028856 -0.00029507721622106615 -0.001308704778003725 0.00047048958998738023 -0.00057305987861374903 -0.0017613379035976873 -0.00030906468744099807 -0.00028523306974459825 -0.00025245553058219722 0.0020025776825031553 -0.00056511130762499837 -0.00080069955512381886 -0.0014431105539746683 -2.5483675130129421e-06 -0.00038644451142637553 0.00012426007570723045 0.0011603685581113973 -0.00010770469689817251 0.00020610425314763356 0.0012041924416140496 0.00018724764210821824 0.00092761804097055481 0.00034392873686070133 0.0011189823700908537 9.3796680312458177e-05 0.00014097749471675153 -0.00011014872979635193 0.00082214341464232005 -0.00082853692731100928 8.0402707064553669e-05 5.0235949101423594e-07 0.00026590443179889224 0.0010546043239639373 0.0001085203585535168 0.00035281379358579967 -0.00063761632791853188 -0.00075894777884011897 0.0016107934769408691 9.685810328714575e-05 -2.9965695022463466e-05 -0.00043217339067284683
leaf_weight=673 376 89953 679 2101 3982 443 2496 3913 4759 2417 962 752 42476 4389 575 1423 5729 45575 22170 1694 314 924 9393 326 2590 10129 2012 6207 7567 377 287 2843 2699 1345 11956 3428 3599 236 3974 25996 959 3511 1355 4612 1781 8557 19323 2359 1994 237 1497 172763 1337 585 20544 664 1158 2226 469 10033 233 1715
leaf_count=673 376 89953 679 2101 3982 443 2496 3913 4759 2417 962 752 42476 4389 575 1423 5729 45575 22170 1694 314 924 9393 326 2590 10129 2012 6207 7567 377 287 2843 2699 1345 11956 3428 3599 236 3974 25996 959 3511 1355 4612 1781 8557 19323 2359 1994 237 1497 172763 1337 585 20544 664 1158 2226 469 10033 233 1715
internal_value=1.45206e-07 1.08548e-06 -1.7182e-05 -4.26027e-05 8.29024e-05 -0.000450589 5.67272e-05 3.9737e-05 -3.95943e-06 -6.92888e-05 -0.000771384 -0.00106357 -1.15067e-05 -0.000361408 -3.20331e-05 -9.55864e-05 -0.000111265 -0.000133038 -0.00021066 -0.000307211 -0.00041548 -0.000480455 -0.000542415 0.000235206 -3.98079e-05 -0.000715249 -0.00114997 -3.80635e-06 -0.000202135 -0.00152323 4.51011e-06 1.248e-05 -0.000130674 -6.43886e-05 -0.000197034 -0.000684206 -1.16976e-05 -0.000387627 0.000312743 7.59718e-05 0.00016393 0.000405424 0.000417145 3.25139e-05 0.000143596 -7.05257e-05 0.000239483 0.000549791 0.000316911 0.000613499 0.000498882 9.43193e-06 0.000540061 0.000161988 0.000134715 -0.000458017 -0.000576972 -0.000434029 1.05116e-05 0.000145886 0.00109184 -0.000723841
internal_weight=591651 591275 475326 379050 96276 9572 92294 89561 77204 55396 5530 3429 46248 9148 369478 113632 110712 104983 59408 37238 26506 24812 22835 1977 10732 13442 3313 255846 8142 2389 250420 244213 29981 27282 16729 4773 4042 5426 12357 115949 8444 4470 3772 214232 36857 11400 25457 6134 4353 2733 2920 177375 1651 21808 21129 5190 4526 3853 1627 10553 520 2467
internal_count=591651 591275 475326 379050 96276 9572 92294 89561 77204 55396 5530 3429 46248 9148 369478 113632 110712 104983 59408 37238 26506 24812 22835 1977 10732 13442 3313 255846 8142 2389 250420 244213 29981 27282 16729 4773 4042 5426 12357 115949 8444 4470 3772 214232 36857 11400 25457 6134 4353 2733 2920 177375 1651 21808 21129 5190 4526 3853 1627 10553 520 2467
is_linear=0
shrinkage=0.05


Tree=21
num_leaves=63
num_cat=0
split_feature=21 25 30 28 21 25 31 21 22 31 23 25 17 25 17 25 26 17 17 19 21 21 22 25 17 25 21 29 21 17 22 17 17 25 17 17 30 25 28 17 23 22 29 30 28 28 31 23 22 28 17 17 26 22 22 29 23 25 30 26 21 28
split_gain=0.297657 0.292515 0.29576 0.266079 0.227877 0.236181 0.427691 0.31934 0.310371 0.247757 0.347116 0.786923 0.314257 0.286052 0.252014 0.214687 0.276809 0.348913 0.230512 0.211795 0.185093 0.207512 0.335384 0.259984 0.244593 0.182431 0.163336 0.161 0.167559 0.160505 0.15392 0.166588 0.151311 0.150309 0.218854 0.272107 0.206935 0.175251 0.159826 0.158649 0.18863 0.151716 0.148811 0.151445 0.143352 0.142467 0.16475 0.142035 0.138123 0.168451 0.1489 0.135125 0.134018 0.133151 0.127084 0.126031 0.12291 0.113806 0.118172 0.112588 0.112575 0.135528
threshold=1.456756756756757 16.717347502989966 2.7875553097345134 0.039959091643213991 0.71917129262490109 -2.7542385533313651 -4.8749457229700388 0.48666666666666686 -0.48074074074074086 -0.23910984848484837 1.0000000180025095e-35 -26.410507009917026 2.3390716882096196 -19.534954246499169 1.0357537031658439 -29.334908575035431 8.0812146526831121 -0.7912885662431941 -0.76019169329073477 -0.68985960918231826 -0.88836967808930412 -0.58846153846153826 1.5222950819672134 35.007529767141634 -1.3397435897435892 -9.2194477699549875 0.037210756722951883 -3.8135600231653837 0.92474747474747476 0.82080263783269969 -0.13073463268365812 1.8412827988338194 1.445134990644213 -37.748502971672529 0.12841389261053274 0.52198418634469501 -2.1072796934865896 -27.438379033757418 -1.0000000180025095e-35 -0.58976982097186681 -0.046753562176165796 -0.91004543484194123 3.1317733990147794 5.2198067632850247 -0.0014812498692030548 -0.042282532699864601 -3.3215956660920951 0.94099202938188642 -0.48074074074074086 0.014588741592703295 0.53529900332225921 -0.13160919540229885 13.23742225069598 0.5192592592592592 0.86926536731634196 -3.5089481946624801 -0.030486593843098309 -14.141721271349656 -5.9719662058371723 -9.4657882444799082 -0.70541140719962592 0.0038432578011165235
decision_type=2 2 2 2 2 2 2 2 2 2 2 2 2 2 2 2 2 2 2 2 2 2 2 2 2 2 2 2 2 2 2 2 2 2 2 2 2 2 2 2 2 2 2 2 2 2 2 2 2 2 2 2 2 2 2 2 2 2 2 2 2 2
left_child=1 2 3 4 5 6 25 9 26 10 12 14 33 -14 -12 16 18 -18 -4 -3 -21 -22 24 -24 59 30 56 -26 48 -13 -1 -32 -17 34 -8 36 44 41 39 -39 -41 -35 -20 -44 -36 46 -42 55 49 -29 -50 -11 -33 -19 -52 -10 -7 58 -9 -23 -43 -62
right_child=-2 19 15 -5 -6 8 7 57 47 51 11 29 13 -15 -16 32 17 53 42 20 21 22 23 -25 27 -27 -28 28 -30 -31 31 52 -34 37 35 -37 -38 38 -40 40 45 60 43 -45 -46 -47 -48 -49 50 -51 54 -53 -54 -55 -56 -57 -58 -59 -60 -61 61 -63
leaf_value=-0.00015452554671858046 -0.0013226118459760449 -0.00046178431052240816 -0.0006964492324875904 -0.00086445838525426363 0.00029482640773836649 -0.00035974941860120093 -0.00016937377062902707 -0.0021284892154587241 -9.983617724313858e-05 -0.00015111594974237121 -0.0014333704849260188 0.00010038271449399651 -0.0021772849783739112 -0.00028786687301869321 -0.0038473266605121483 7.1363572321506065e-06 0.0022020695879200504 0.00031020343043753582 -6.9863538208071878e-05 0.0010321901812999574 -0.00016898296814711351 -0.0004679637216386688 0.00039077506761395496 0.0018352429821749429 -4.5187157502607981e-05 -0.0001452154421188626 0.0003939940868618969 0.00024951974806368291 -0.00030349104499497625 -0.00073397133468203766 0.00017516129820586214 -0.00027524799704769213 0.0002865375972131399 -0.00098146751162440189 -0.0026332608473748579 -0.00021059082309778077 7.3100949166852542e-06 0.00023335948316537955 -0.00012819036431365173 0.00048889116860572907 -0.0020437228358725595 0.00075240213161686421 -0.00080066943467052652 0.0003212055143067913 -0.0012510872985823181 -0.00041317858730314068 -0.00067538889647039474 0.00091734212123364002 4.5704215964374051e-05 0.0012714854505411584 0.00028717778553999899 4.7592449737000565e-05 0.001011520156242585 0.0011889082345193126 -9.0661672611098997e-05 -4.2218927759043041e-06 0.0001197352706397993 -0.00024758766691141776 -0.00065025316715511272 0.00047810618090325197 0.00010914184617752032 -0.00030817703036640836
leaf_weight=5298 425 1827 805 966 5210 1420 4616 328 46822 12947 209 1042 363 447 224 69474 320 2454 4306 509 7997 336 965 460 24128 9970 5476 9060 2448 1290 28956 3202 5209 357 261 1120 240 966 49983 498 295 567 311 9189 667 5455 865 397 47072 422 13121 25223 216 523 2680 130583 22736 257 230 4909 10617 2382
leaf_count=5298 425 1827 805 966 5210 1420 4616 328 46822 12947 209 1042 363 447 224 69474 320 2454 4306 509 7997 336 965 460 24128 9970 5476 9060 2448 1290 28956 3202 5209 357 261 1120 240 966 49983 498 295 567 311 9189 667 5455 865 397 47072 422 13121 25223 216 523 2680 130583 22736 257 230 4909 10617 2382
internal_value=1.37946e-07 1.0888e-06 -1.62809e-05 -3.56815e-05 -3.35842e-05 -3.81284e-05 -8.19891e-05 -0.000131794 -2.37513e-06 -0.00012513 -0.00017388 -0.000724629 -0.000154773 -0.00113461 -0.00268216 6.39062e-05 0.000219387 0.000633212 0.000126006 7.2299e-05 8.08504e-05 7.65877e-05 9.51844e-05 0.000857059 8.47629e-05 4.49738e-05 0.000147441 6.71222e-05 0.000103348 -0.00036116 9.53079e-05 0.000136193 2.66241e-05 -0.000144713 -0.000367569 -0.000767423 -0.00130137 -0.000123339 -0.000161542 -0.00036788 -0.000449533 3.59771e-05 0.000173962 0.000284479 -0.00163982 -0.000520181 -0.00102337 -2.73431e-05 0.000117113 0.000295003 9.02848e-05 -1.98081e-05 -0.000193931 0.000464574 0.000223093 -2.94571e-05 9.1549e-05 -0.0011182 -0.00151918 0.0004175 6.2752e-05 3.26703e-05
internal_weight=591651 591226 475292 382701 381735 376525 169091 121449 207434 120634 82464 2765 79699 810 433 92591 17908 3297 14611 115934 114107 113598 105601 1425 104176 47642 29632 98931 74803 2332 37672 32374 74683 78889 6904 2288 1168 71985 58062 8079 7113 13923 13806 9500 928 6615 1160 177802 72355 9482 62873 38170 3418 2977 15801 177405 24156 815 558 5245 13566 12999
internal_count=591651 591226 475292 382701 381735 376525 169091 121449 207434 120634 82464 2765 79699 810 433 92591 17908 3297 14611 115934 114107 113598 105601 1425 104176 47642 29632 98931 74803 2332 37672 32374 74683 78889 6904 2288 1168 71985 58062 8079 7113 13923 13806 9500 928 6615 1160 177802 72355 9482 62873 38170 3418 2977 15801 177405 24156 815 558 5245 13566 12999
is_linear=0
shrinkage=0.05


Tree=22
num_leaves=63
num_cat=0
split_feature=27 0 21 25 22 21 22 22 0 28 17 0 21 24 0 28 18 20 22 17 25 18 17 17 25 21 25 23 22 25 18 25 17 20 25 26 21 19 25 28 17 28 28 21 21 22 18 0 18 19 25 25 0 0 17 20 22 18 23 25 20 21
split_gain=0.294606 0.43185 0.303367 0.521914 0.498821 0.494421 0.325909 0.324998 0.30165 0.309332 0.29973 0.505933 0.425305 0.264116 0.439332 0.576077 0.251399 0.25131 0.259845 0.285306 0.256083 0.254486 0.250044 0.265427 0.303688 0.277029 0.241861 0.222243 0.221071 0.217882 0.315265 0.216928 0.215052 0.211061 0.188855 0.202986 0.183825 0.212473 0.181795 0.177547 0.17546 0.175326 0.218751 0.171717 0.218065 0.15698 0.159486 0.181764 0.207525 0.158173 0.157313 0.156775 0.233057 0.149014 0.147622 0.192386 0.181285 0.174596 0.147517 0.146061 0.201614 0.166967
threshold=0.0024716981840934645 -113796.37321258422 0.12186424003935072 -6.4826138861471643 0.0093023296883388302 0.32852661404573985 0.071794871794871665 0.090680676107811733 -223880.72790040245 0.0038432578011165235 1.4040015769761485 162197.75941901698 -1.0000000180025095e-35 0.16082046973625455 -46669.665915511898 0.01340538972173364 -0.034285838678779781 0.28976435935198813 0.1992063492063493 -0.32450181159420294 23.790540966308889 -1.0000000180025095e-35 1.7476190476190483 0.1584261942461089 -1.2111876982434564 -0.72024197166384452 5.2004335649487397 -0.044444715407501334 1.0000000180025095e-35 35.738850101485575 0.50426590828297202 -13.404247990454149 1.0357537031658439 0.11401718582169713 -37.748502971672529 15.712851413657647 -0.28082870737509902 -1.0000000180025095e-35 -3.7406141334919272 0.0076329851699298958 0.55456349206349198 -1.0000000180025095e-35 0.0015289901845486858 -0.027902155887230513 -0.7875255733821469 0.54494808502301895 0.56498978549540357 -95245.052327172758 -1.0000000180025095e-35 0.28856472166331326 -36.767720528071344 -23.218272298716482 -24890.979060469774 -87393.553174685279 -1.3397435897435892 -1.0000000180025095e-35 -1.0031948881789134 -1.0000000180025095e-35 1.0000000180025095e-35 -11.937691535764335 -0.019790752121744439 -0.033771225817352361
decision_type=2 2 2 2 2 2 2 2 2 2 2 2 2 2 2 2 2 2 2 2 2 2 2 2 2 2 2 2 2 2 2 2 2 2 2 2 2 2 2 2 2 2 2 2 2 2 2 2 2 2 2 2 2 2 2 2 2 2 2 2 2 2
left_child=8 39 3 4 51 -4 -6 -7 9 22 13 12 16 14 15 17 -12 18 19 26 21 -19 23 24 -1 -26 36 -8 -25 -14 -31 -11 -29 45 35 -15 -10 -38 -9 -2 -23 -16 -43 44 58 46 47 48 -20 50 -50 -3 -53 -39 55 -45 -56 -57 -36 60 -21 -61
right_child=1 2 5 -5 6 7 27 38 10 31 11 -13 29 34 41 -17 -18 20 33 59 -22 40 -24 28 25 -27 -28 32 -30 30 -32 -33 -34 -35 43 -37 37 53 -40 -41 -42 42 -44 54 -46 -47 -48 -49 49 -51 -52 52 -54 -55 56 57 -58 -59 -60 61 -62 -63
leaf_value=-0.00077907683838864331 0.0004930693369635989 0.0001508852871169201 0.00064061599946579071 0.00011644875832355321 -0.0024529708261703492 8.8665164500038204e-05 0.00060784742987400695 -0.0019213790022452788 0.00014092757738065227 -0.0013286334513415421 0.00013166811771928846 0.00069484393555330583 -2.784042578997465e-05 0.00014482834706000154 0.00016184122916232597 -0.00077891620958061506 0.0015112541900966182 -0.00013202248134704507 -0.00012428950625899932 -0.00075480401176383359 0.00086978881811644127 -0.0021335385586358012 -0.00057013692840544633 0.0014407497835521792 -0.00049432434094845597 0.00090730138881272258 5.2972652458449553e-05 -0.00054781772046668612 0.00013600868877239073 0.0014470650137774646 0.0001068670672957437 -0.00024117585789231716 -0.0015920937913757247 0.00040139411984138211 0.00025596279036283669 0.00086787844775696528 0.00037715976495912936 -0.00074683598712812138 -0.00015999016903203193 -0.00069252296311221378 -0.00078131694003434171 -9.7645675575284399e-05 3.3470124498386674e-05 0.00072523258309052999 -0.00011156812601578585 -0.00014154462338779946 0.00083041400628200359 -0.00037343849392850533 -0.0026326500446083871 -8.2589795466703485e-05 -0.0011766482201346024 -0.00060939992865399414 0.00037521187228656841 -0.00033031894990881775 -0.00031579775127982398 -0.00010160621854729769 2.5110854906101259e-05 0.000442101529256685 0.0015884506454171201 0.00035389633933663543 0.00014108057703529921 -0.00013883300644997897
leaf_weight=1217 7858 4580 4948 26780 250 2432 352 360 1513 1099 570 3720 21379 4576 13935 3553 785 602 624 650 224 470 2213 545 626 807 4890 3287 803 625 1473 787 580 975 2060 1232 712 3968 247 329 490 57304 71507 1621 39136 4879 217 4970 218 273 1245 2040 852 4680 3968 3737 226431 2441 231 1922 18550 16303
leaf_count=1217 7858 4580 4948 26780 250 2432 352 360 1513 1099 570 3720 21379 4576 13935 3553 785 602 624 650 224 470 2213 545 626 807 4890 3287 803 625 1473 787 580 975 2060 1232 712 3968 247 329 490 57304 71507 1621 39136 4879 217 4970 218 273 1245 2040 852 4680 3968 3737 226431 2441 231 1922 18550 16303
internal_value=1.31049e-07 0.000110458 5.17443e-05 -6.12884e-06 -0.000281033 0.000332313 -0.000698897 -0.000169655 -1.11522e-05 -0.000314024 -6.51343e-06 0.000151052 6.95883e-05 -1.55091e-05 -5.74076e-05 -0.000158173 0.000930912 -0.000125917 -0.000110218 -6.06401e-05 -0.000711228 -0.000937955 -0.000143726 9.23042e-05 -0.000198261 0.000295007 -0.000239075 -0.000594958 0.000663519 1.98761e-05 0.000506116 -0.000874853 -0.000704446 -0.00030699 1.60027e-05 0.000298203 -0.00037042 -0.000453077 -0.00120464 0.000445426 -0.00144334 -6.63334e-06 -2.48592e-05 1.01412e-05 -8.38128e-05 -0.000362573 -0.000505464 -0.000545012 -0.000906334 -0.00118744 -0.00139361 -3.11082e-05 -0.000319328 -0.000521431 2.64816e-05 0.000240424 1.92396e-05 0.000113219 0.000390317 1.45148e-05 0.000110751 -8.687e-05
internal_weight=591651 54895 46708 38721 11941 7987 4469 3039 536756 8097 528659 28552 24832 500107 214674 71928 1355 68375 66589 53188 1786 1562 6211 3998 2650 1433 15763 4219 1348 23477 2098 1886 3867 13401 285433 5808 10873 9360 607 8187 960 142746 128811 279625 41427 12426 7547 7330 2360 1736 1463 7472 2892 8648 238198 7799 230399 6178 2291 37425 19200 18225
internal_count=591651 54895 46708 38721 11941 7987 4469 3039 536756 8097 528659 28552 24832 500107 214674 71928 1355 68375 66589 53188 1786 1562 6211 3998 2650 1433 15763 4219 1348 23477 2098 1886 3867 13401 285433 5808 10873 9360 607 8187 960 142746 128811 279625 41427 12426 7547 7330 2360 1736 1463 7472 2892 8648 238198 7799 230399 6178 2291 37425 19200 18225
is_linear=0
shrinkage=0.05


Tree=23
num_leaves=63
num_cat=0
split_feature=21 0 28 17 25 0 30 25 0 20 28 28 30 22 22 0 18 25 21 17 19 0 21 22 30 18 25 25 26 21 17 21 28 28 17 0 18 27 19 0 17 28 28 27 0 27 17 25 25 27 17 20 26 28 0 26 30 25 21 18 21 20
split_gain=0.269785 0.263908 0.356143 0.321622 0.259782 0.21591 0.213196 0.223948 0.466729 0.806896 0.511161 0.539765 0.295382 0.297098 0.264327 0.254124 0.408907 0.263343 0.349467 0.230228 0.202486 0.223739 0.215736 0.390397 0.206349 0.197032 0.194627 0.193518 0.290374 0.32507 0.187429 0.187175 0.192797 0.236065 0.18501 0.197804 0.250138 0.274456 0.19196 0.186083 0.18437 0.182062 0.179464 0.17581 0.174173 0.164439 0.164146 0.161686 0.183573 0.166261 0.159182 0.181675 0.164692 0.158467 0.155211 0.15445 0.151815 0.182088 0.151697 0.161879 0.162638 0.150542
threshold=1.5567567567567571 272707.36592873937 0.031355889897600041 1.4621978021978026 16.083405089301451 -74970.23434792606 2.7875553097345134 -2.7542385533313651 -27406.517500085207 0.38794304287262033 0.0018353132873710619 -1.0000000180025095e-35 -4.9837962962962949 -0.86131424787146715 -0.48074074074074086 -90328.09771513204 -0.03853822299454656 -19.892813626743045 -0.70541140719962592 -1.0000000180025095e-35 -0.68985960918231826 -17021.818406872542 -0.71119691119691109 1.5222950819672134 -28.573696145124714 -0.038900084567356934 35.007529767141634 -29.334908575035431 8.0812146526831121 -0.18465909090909091 -2.1033801302725599 0.25074475826624826 0.0020935962992024702 2.8969051995381442e-06 -0.12264861966884487 -87393.553174685279 1.6036706349206349 -0.0027377569980233801 0.1735084838533115 -223880.72790040245 -0.76019169329073477 0.014588741592703295 -1.0000000180025095e-35 0.0017189939896385747 -183581.07365315722 -0.00067192875054422 0.69530656538252866 -47.512062923979215 -22.754215032499022 0.0011018123296574896 -0.7912885662431941 0.38794304287262033 36.458965611958092 -0.062384157177401423 -161234.20406868827 24.148177781181623 -3.9719662058371732 -15.500390437888209 -0.033898425308554393 -0.034091398235167512 -0.7875255733821469 -0.13793103448275854
decision_type=2 2 2 2 2 2 2 2 2 2 2 2 2 2 2 2 2 2 2 2 2 2 2 2 2 2 2 2 2 2 2 2 2 2 2 2 2 2 2 2 2 2 2 2 2 2 2 2 2 2 2 2 2 2 2 2 2 2 2 2 2 2
left_child=1 2 4 30 6 -4 7 8 9 10 11 47 13 -11 53 16 25 18 -18 54 -6 22 -22 24 -24 44 -25 28 40 -30 -3 32 33 -32 39 36 37 -36 45 -13 -8 42 -23 -17 -12 -39 -45 -1 -49 -50 -26 52 -52 -9 -19 -46 -51 -58 59 -41 -61 -16
right_child=-2 3 5 -5 20 -7 27 14 -10 12 15 34 -14 -15 61 43 17 19 -20 -21 21 41 23 26 50 -27 -28 -29 29 -31 31 -33 -34 -35 35 -37 -38 38 -40 58 -42 -43 -44 46 55 -47 -48 48 49 56 51 -53 -54 -55 -56 -57 57 -59 -60 60 -62 -63
leaf_value=-0.0011558094210357486 -0.0013387705713381714 0.0014730876928613888 -0.0010267895032202883 0.00072672718294374298 -0.00045163821716342513 -0.00017848268988203051 -0.00063216488826485517 0.00093888005744679765 2.3102654660710374e-05 0.00021558819657877242 -0.001094215644270099 -0.0010993912547524237 0.00027300933449894092 -0.0016015641042261297 -0.00034869878696455736 -0.0001411145043019601 0.00027423864983785101 -0.0017888549637554135 -0.00112641570426422 -2.9119295634235889e-05 -0.00018959713619700632 0.0002054021547516184 -0.00046119415587009255 0.00053463972010480679 0.00038959232731055108 0.00031972870953324973 0.0020235447033023404 1.5481254421490206e-05 0.001893196504154698 0.00043320788108690609 0.00029872924775056867 0.00039365328375309621 0.00035565769013589017 -0.00027004306153259437 -0.001244989532346032 -2.1198592583458505e-05 -0.00025118208291676197 0.00012204910449760806 -0.00069530694045819735 0.00039002482605639987 0.00015537179068009739 0.00054753719196079206 -4.8780370535308176e-05 -0.00047919564628175735 -0.0003007267783250334 0.00047699693941517389 -0.0019800491218559509 -6.3463441950202534e-05 -0.0002233468331401745 -0.00053062183852305665 0.00013266720524582763 0.0005884391212020567 -0.0003459866118273189 0.00012238610689625074 -0.00056953496039551812 0.0010618756327933929 -0.002140959951257224 -0.00051147914335680463 -0.00019684749064620297 0.00045955755019677576 -0.00079224525150634485 -1.7124769438959061e-05
leaf_weight=548 376 247 1315 2400 1869 1746 790 607 66977 262 614 466 333 1590 3494 21973 508 334 3610 2097 4493 8134 1330 482 7079 1841 403 69972 452 2436 2484 3753 2774 6869 284 16496 2433 4960 448 2703 12537 1495 47477 1776 1558 9537 203 5634 4050 2782 39388 2092 1883 28301 1194 240 358 329 8723 413 698 169001
leaf_count=548 376 247 1315 2400 1869 1746 790 607 66977 262 614 466 333 1590 3494 21973 508 334 3610 2097 4493 8134 1330 482 7079 1841 403 69972 452 2436 2484 3753 2774 6869 284 16496 2433 4960 448 2703 12537 1495 47477 1776 1558 9537 203 5634 4050 2782 39388 2092 1883 28301 1194 240 358 329 8723 413 698 169001
internal_value=1.24496e-07 9.75918e-07 -5.03198e-06 0.000186705 -2.14187e-06 -0.000542914 -1.92263e-05 -3.58301e-05 -7.88336e-05 -0.000147801 -0.000126355 -3.80566e-05 -0.00109798 -0.00134449 -3.91788e-07 -0.000275849 -0.000463698 -0.000680048 -0.00095363 -0.000369259 6.45867e-05 7.30311e-05 0.000142973 0.000171349 0.000153549 -6.98119e-05 0.00121264 5.15479e-05 0.000207185 0.00066171 0.00010634 8.50814e-05 -1.04138e-05 -0.000118987 4.22006e-05 0.000103302 0.000219583 0.000294793 0.000324054 -0.000118309 0.000108688 3.03582e-06 -1.16021e-05 -0.000181768 -0.000367135 0.000355555 -0.000633149 -0.000314314 -0.000279255 -0.000440948 0.000169758 0.00013387 0.000110829 0.000139531 -0.000836062 -0.000118844 -0.000694993 -0.00136061 -8.1842e-05 0.000181187 -0.000326904 -2.3841e-05
internal_weight=591651 591275 572748 18527 569687 3061 453562 367375 165972 98995 96810 60862 2185 1852 201403 35948 11996 7743 4118 3625 116125 114256 57150 52657 51772 4253 885 86187 16215 2888 16127 15880 12127 9353 47161 34158 17662 15229 14945 13003 13327 57106 55611 23952 2412 14497 1979 13701 13153 7519 50442 43363 41271 28908 1528 1798 3469 687 12537 3814 1111 172495
internal_count=591651 591275 572748 18527 569687 3061 453562 367375 165972 98995 96810 60862 2185 1852 201403 35948 11996 7743 4118 3625 116125 114256 57150 52657 51772 4253 885 86187 16215 2888 16127 15880 12127 9353 47161 34158 17662 15229 14945 13003 13327 57106 55611 23952 2412 14497 1979 13701 13153 7519 50442 43363 41271 28908 1528 1798 3469 687 12537 3814 1111 172495
is_linear=0
shrinkage=0.05


Tree=24
num_leaves=63
num_cat=0
split_feature=27 0 17 21 25 21 25 0 23 22 22 21 17 0 21 0 23 21 21 23 25 0 22 29 24 0 22 22 0 20 22 29 29 17 17 21 21 20 0 26 25 22 25 21 21 26 25 29 26 17 22 25 20 27 29 24 27 25 17 25 0 21
split_gain=0.260173 0.384731 0.276403 0.353535 0.346328 0.32601 0.310713 0.254153 0.258207 0.24579 0.322216 0.241029 0.277913 0.340668 0.308207 0.634679 0.255785 0.23263 0.401177 0.258122 0.51965 0.282195 0.280559 0.243207 0.230833 0.428309 0.237487 0.268682 0.326659 0.266828 0.227391 0.22616 0.188719 0.174257 0.172587 0.171809 0.263991 0.210666 0.174763 0.287898 0.164338 0.161106 0.160748 0.166327 0.187303 0.163497 0.157657 0.1817 0.178329 0.226869 0.15724 0.168475 0.156444 0.155628 0.206074 0.303633 0.1483 0.147601 0.144254 0.246602 0.230287 0.229859
threshold=0.0024716981840934645 -106843.54440271387 1.0357537031658439 1.0000000180025095e-35 -16.005402941610711 0.32852661404573985 -6.7108149053111577 -254780.87980516537 -1.0000000180025095e-35 0.0093023296883388302 0.071794871794871665 1.456756756756757 0.72727272727272729 162197.75941901698 0.71917129262490109 -109073.83533186732 0.95300229057591634 -1.0000000180025095e-35 -0.072617412798681696 1.0000000180025095e-35 -26.410507009917026 -27406.517500085207 0.86926536731634196 -3.0644827586206893 0.16082046973625455 -31740.015530337103 0.19564877743926259 0.54494808502301895 -95245.052327172758 0.28976435935198813 0.12745098039215688 5.6466547192353653 4.7362032462949903 1.4621978021978026 1.2264285714285716 0.29458859280037403 0.32852661404573985 0.27123938030984535 41076.684983217354 -15.032962582909782 15.211302414240489 0.36730205278592387 -37.748502971672529 -0.027902155887230513 -0.7875255733821469 15.712851413657647 -30.599306725721942 -2.339230769230769 -6.8355307970456805 0.1584261942461089 -0.78624708624708617 -14.784261320650289 0.099524658348187814 0.0034875917470133127 -1.0517395182872438 -10.13879983256709 0.00046843505502844443 -14.784261320650289 -0.34641025641025663 4.6576327781808553 -87393.553174685279 -0.60989269758028575
decision_type=2 2 2 2 2 2 2 2 2 2 2 2 2 2 2 2 2 2 2 2 2 2 2 2 2 2 2 2 2 2 2 2 2 2 2 2 2 2 2 2 2 2 2 2 2 2 2 2 2 2 2 2 2 2 2 2 2 2 2 2 2 2
left_child=7 53 3 6 31 46 9 8 -1 -3 -11 12 16 14 17 -16 24 18 -14 22 23 56 -19 -21 25 26 29 28 52 58 -7 34 41 -15 -4 37 -37 50 39 -39 57 -12 45 44 -44 -26 -5 -48 -49 -50 -27 -52 -28 -2 -55 -56 -22 -31 59 60 61 -9
right_child=1 2 4 5 -6 30 -8 11 -10 10 32 -13 13 33 15 -17 -18 19 -20 20 21 -23 -24 -25 42 35 27 -29 -30 40 -32 -33 -34 -35 -36 36 -38 38 -40 -41 -42 -43 43 -45 -46 -47 47 48 49 -51 51 -53 -54 54 55 -57 -58 -59 -60 -61 -62 -63
leaf_value=0.00088542743413571863 6.0851536044180185e-05 -4.6185752455690894e-05 -0.0027979984966021447 -0.00069261099826342892 4.7925545088307693e-06 8.5123758912309045e-05 0.00010369082954927915 0.00024361464451953045 -0.00053266939677929675 -0.0022910500650927131 -0.0009007089996682521 -0.0011977507419172017 -1.5690983810004085e-05 0.00014341060521650927 0.0027232191842973836 0.00026280478725164582 0.0016116722652805039 0.00011287826777766691 0.00096388737612302972 -0.0030129762334742257 -0.00048746794299535769 0.00015158953787747557 -0.00015417240025871793 -0.00088638734440436037 0.00013088237400333893 0.00021738309724183454 -0.001077101687070409 -2.4110436079320499e-05 -0.00030267447284271828 -0.0001774942176171222 -0.0014063986485976128 6.2816915710213226e-05 0.00034439799630416241 0.00066615821113946445 -0.0011310940941317252 0.00091597349598965543 7.9294502036893452e-05 -0.0016816106955426077 0.00092290698918846142 0.00049014622286974307 0.00043808963398381218 -8.0981126445604193e-05 0.00035789969903143214 2.0893399288262652e-05 -0.00011532456524007405 0.00078640164946587826 0.0004651033807281508 0.0016076907179682705 0.0017622018910575814 -0.00014285247410725788 7.715004109777051e-05 -7.321361695682587e-05 0.00017739615015887711 0.00041689895289567758 0.0022675425637433788 0.00043880484651451289 -0.0019212710148585757 -0.0012796705029507194 -4.393077820245756e-05 3.6060110660137341e-05 -0.00015695459722137503 -0.00068813754826710762
leaf_weight=352 2404 6784 217 224 1645 2267 25175 763 3644 250 1720 425 2758 2867 272 7206 240 27662 1683 238 1835 2696 15261 309 4256 6504 2417 4849 7198 439 288 277 636 3591 546 1253 3808 202 1092 624 255 920 2212 220250 38220 1225 3513 839 240 448 24693 75859 277 5575 397 530 200 986 47092 7361 8686 4996
leaf_count=352 2404 6784 217 224 1645 2267 25175 763 3644 250 1720 425 2758 2867 272 7206 240 27662 1683 238 1835 2696 15261 309 4256 6504 2417 4849 7198 439 288 277 636 3591 546 1253 3808 202 1092 624 255 920 2212 220250 38220 1225 3513 839 240 448 24693 75859 277 5575 397 530 200 986 47092 7361 8686 4996
internal_value=1.18271e-07 0.000103797 4.55471e-05 7.60697e-05 -0.000446726 0.000380417 9.00789e-06 -1.04852e-05 -0.000407752 -0.000222189 -0.000560819 -7.50543e-06 -6.55517e-06 8.89982e-05 5.19294e-05 0.000352298 -2.02141e-05 9.26078e-06 0.000355539 -2.26435e-05 -0.000352606 -0.000183909 1.79301e-05 -0.00181167 -2.10555e-05 -6.17384e-05 -0.000146467 -0.000328999 -0.000478454 -0.000108344 -8.30009e-05 -0.00116091 -0.000428781 0.000434087 -0.00160517 1.65443e-06 0.000286439 -1.15716e-05 0.00050781 -4.09614e-05 -0.00073093 -0.000615046 9.41573e-06 3.78139e-06 -8.94349e-05 0.000277391 0.000605347 0.000663034 0.00111839 0.000521701 -2.08768e-05 -3.62881e-05 -0.000948113 0.00040459 0.000531681 0.00122199 -0.000628382 -0.000940123 -9.31626e-05 -0.000199483 -0.000319513 -0.000564691
internal_weight=591651 54895 45989 43304 2685 7819 35485 536756 3996 10310 3526 532760 532335 66578 60120 7478 465757 52642 4441 48201 5278 4731 42923 547 465517 199354 85319 14741 9892 70578 2555 1040 3276 6458 763 114035 5061 108974 1918 826 1680 2640 266163 260682 40432 5481 5264 5040 1527 688 107056 100552 2694 8906 6502 927 2035 1425 68898 21806 14445 5759
internal_count=591651 54895 45989 43304 2685 7819 35485 536756 3996 10310 3526 532760 532335 66578 60120 7478 465757 52642 4441 48201 5278 4731 42923 547 465517 199354 85319 14741 9892 70578 2555 1040 3276 6458 763 114035 5061 108974 1918 826 1680 2640 266163 260682 40432 5481 5264 5040 1527 688 107056 100552 2694 8906 6502 927 2035 1425 68898 21806 14445 5759
is_linear=0
shrinkage=0.05


Tree=25
num_leaves=63
num_cat=0
split_feature=27 18 25 17 30 26 31 25 18 18 24 25 24 17 18 31 25 24 28 22 22 31 22 22 31 31 25 25 27 22 18 23 26 26 25 24 28 24 26 25 26 31 18 17 22 23 25 25 30 22 25 19 25 17 22 30 30 30 26 25 17 31
split_gain=0.231992 0.270881 0.308175 0.456093 0.299915 0.389935 0.434506 0.327668 0.289581 0.277491 0.216111 0.214956 0.216532 0.163304 0.255753 0.249809 0.165688 0.158321 0.157515 0.156165 0.248406 0.153016 0.146337 0.1461 0.144962 0.139074 0.137679 0.130602 0.129253 0.126134 0.12312 0.121957 0.14036 0.151593 0.133481 0.116387 0.11472 0.111542 0.15165 0.108636 0.150118 0.139097 0.126605 0.19111 0.156976 0.136312 0.137203 0.132184 0.159489 0.140536 0.149206 0.121648 0.120689 0.118868 0.107508 0.10648 0.104314 0.115635 0.104196 0.104064 0.11256 0.0999497
threshold=0.0022514956453036027 -0.037698931051749263 -9.5019604147735937 0.04999999999999994 -4.570820668693008 8.9276417117689792 -3.3760245901639343 -18.76938324052124 -0.083967161656404637 -1.2512972572275758 0.36182924606430339 -22.754215032499022 12.887658063564411 1.1695402298850575 1.6036706349206349 -6.4867142387681325 40.153894660414075 -8.2925734148540418 0.031355889897600041 0.34178433889602056 0.33654548776032162 -2.0495827196858118 -0.64112861703223134 1.0982998630762213 -3.30422401518747 -2.979513524847976 -25.88992863106019 -26.154327021383271 0.004123026450299115 0.58918128654970781 1.9358522460241658 -0.059007970618113616 18.760617305652247 20.631400780499195 -2.0701948861219068 -16.945432604308923 0.00074938882517510926 -30.453407637144021 -15.860563046053644 -37.748502971672529 13.23742225069598 4.5426056338028173 -0.010389680483592399 -1.3977829768270944 -0.99069767031166112 0.94099202938188642 26.338902909225158 12.296660229171941 -30.276041666666664 0.87464285714285728 -16.005402941610711 -0.68985960918231826 -7.6312371096848812 1.8412827988338194 -1.4073908174692045 -9.773099415204678 -5.6858552631578938 3.1189895045154992 11.811145241085404 13.88155446387689 -1.7528238111384249 -3.2847011144883482
decision_type=2 2 2 2 2 2 2 2 2 2 2 2 2 2 2 2 2 2 2 2 2 2 2 2 2 2 2 2 2 2 2 2 2 2 2 2 2 2 2 2 2 2 2 2 2 2 2 2 2 2 2 2 2 2 2 2 2 2 2 2 2 2
left_child=10 8 3 11 5 6 -5 28 9 59 13 19 37 18 15 23 25 29 54 20 26 24 -4 -15 -6 -17 -3 -16 -8 56 39 -11 34 -34 -33 -30 -28 -13 -39 40 -12 -42 45 51 -45 46 -41 49 -49 -46 53 -44 -52 -51 -1 -35 -10 -58 -32 -2 -61 -36
right_child=1 2 22 4 21 -7 7 -9 17 31 30 12 -14 14 27 16 -18 -19 -20 -21 -22 -23 -24 -25 -26 -27 36 -29 35 -31 58 32 33 55 61 -37 -38 38 -40 42 41 -43 43 44 47 -47 -48 48 -50 50 52 -53 -54 -55 -56 -57 57 -59 -60 60 -62 -63
leaf_value=0.00019246680415590601 0.0018554271753809652 9.0712853254377196e-05 0.00033518264508350815 -4.5480712789259594e-05 -0.00015548883906811134 0.000681818403495105 -0.0012244214809333449 -0.00049172898828769265 0.00067043693323580933 -0.00094239596546229611 7.4452485204489039e-05 -0.0010873299516996394 -0.0010667923753510768 0.00036864166460328892 -0.0007934526537342713 -6.8452884341451523e-05 0.0010205796744872043 0.00028027275235842987 -0.00063336597559422031 -0.00073965640239460396 0.0016234971872434796 0.00040187489427889636 6.3725752357801632e-05 0.00120276878463323 -0.0012838384092702495 0.0002610445240204106 0.001088587901439339 -0.0001110287899648927 -0.0030998963192035364 -3.8381966081837809e-05 0.00013064829481595892 -0.00032000997427556285 0.0013929705665467445 -0.00081138747763092136 3.5807633446740798e-05 -0.0018598427120802856 -0.00011556825527617656 0.00086933125304285987 -0.00016345256272201828 -8.7216677393845484e-05 0.0004166228731281097 0.0016215998872481791 -0.00027594882832043306 -0.00031994963607091451 1.1949802981881864e-05 0.00089776990955417403 9.3915776165227709e-05 -0.00043642196769302151 0.00010847741000908673 -0.00044647480277566428 0.00057165942856297793 0.00040894303833159695 -0.00021971707574410237 -0.0017209373385689863 -6.1150998393951926e-05 0.00037904777170745605 0.0020588941253154402 0.0009372109289784178 0.0006283148885238394 -0.00025352817544632862 0.0012098495061852149 0.00080791859586488296
leaf_weight=4265 244 3348 6197 751 1293 364 451 593 1684 319 4622 223 660 1459 855 7620 475 2933 1188 355 353 914 24966 820 365 5524 725 3895 283 399 4824 2786 333 216 2934 571 272 474 1421 57479 1332 292 749 3337 149965 378 12779 1379 51275 572 540 4824 4468 269 206025 1441 343 696 1345 222 322 489
leaf_count=4265 244 3348 6197 751 1293 364 451 593 1684 319 4622 223 660 1459 855 7620 475 2933 1188 355 353 914 24966 820 365 5524 725 3895 283 399 4824 2786 333 216 2934 571 272 474 1421 57479 1332 292 749 3337 149965 378 12779 1379 51275 572 540 4824 4468 269 206025 1441 343 696 1345 222 322 489
internal_value=5.85664e-07 9.38442e-05 3.14498e-05 -0.000168911 -0.00051412 -0.000852647 -0.0010635 -0.00146631 0.000274918 9.98044e-05 -9.91074e-06 7.72895e-05 -0.000276012 -4.61464e-05 8.80683e-05 0.000184255 0.000103177 0.000544053 -5.92506e-05 0.000271525 0.000347934 -0.000117548 0.000117707 0.000668766 -0.000403889 7.00243e-05 0.000244303 -0.000233865 -0.00190916 0.000791864 1.80866e-05 1.67606e-05 5.40787e-05 0.000419501 -6.30401e-05 -0.00227077 0.000760072 -2.95929e-05 9.48796e-05 1.34521e-05 0.000219752 0.000633281 8.97822e-06 2.78753e-05 2.02706e-05 -4.91764e-05 -5.42711e-05 2.57166e-05 9.42066e-05 2.57189e-06 -0.000237872 0.000316895 -0.000134385 -0.000854121 -5.60072e-05 0.000223867 0.00091352 0.00130751 0.000239152 0.000997478 0.000612662 0.000146109
internal_weight=592495 59940 44579 13416 5585 3013 2649 1898 15361 9306 532555 7831 2778 232126 20648 15898 13619 6055 211478 5053 4698 2572 31163 2279 1658 13144 4345 4750 1305 3122 300429 8518 8199 1990 6209 854 997 2118 1895 294260 6246 1624 288014 217378 211805 70636 70258 208468 52654 155814 5849 5573 5008 841 210290 1657 2723 1039 6169 788 544 3423
internal_count=592495 59940 44579 13416 5585 3013 2649 1898 15361 9306 532555 7831 2778 232126 20648 15898 13619 6055 211478 5053 4698 2572 31163 2279 1658 13144 4345 4750 1305 3122 300429 8518 8199 1990 6209 854 997 2118 1895 294260 6246 1624 288014 217378 211805 70636 70258 208468 52654 155814 5849 5573 5008 841 210290 1657 2723 1039 6169 788 544 3423
is_linear=0
shrinkage=0.05


Tree=26
num_leaves=63
num_cat=0
split_feature=0 17 25 0 20 5 5 0 27 18 18 27 18 29 18 5 18 0 0 24 31 27 31 17 27 0 31 25 0 29 18 20 17 30 17 27 29 0 17 25 18 25 30 24 20 24 18 27 0 17 25 17 17 0 27 18 20 20 18 17 17 24
split_gain=0.217059 0.222288 0.214635 0.640386 0.776214 0.328752 0.291874 0.264511 0.283482 0.245281 0.329425 0.251428 0.375914 0.235507 0.227797 0.225047 0.211376 0.209531 0.202491 0.200733 0.19149 0.270212 0.258112 0.509937 0.370391 0.246743 0.228211 0.291519 0.189741 0.187309 0.177677 0.246728 0.179836 0.17661 0.171939 0.169387 0.199289 0.165548 0.157485 0.156347 0.154552 0.265901 0.187627 0.146708 0.144113 0.337155 0.143326 0.142083 0.140486 0.138497 0.154386 0.138227 0.13784 0.257166 0.137675 0.135418 0.146601 0.13377 0.132804 0.131456 0.130721 0.128798
threshold=272707.36592873937 1.4621978021978026 -1.6327748850214421 -19073.218557409313 0.38794304287262033 -2.1316282072803002e-14 -1.0000000180025095e-35 -24890.979060469774 0.0029850070185100668 -0.45797351755900967 -0.033771225817352361 0.0019663182537236808 -0.039735049617195865 -2.2229319208599465 -0.037698931051749263 -2.1316282072803002e-14 -1.0000000180025095e-35 -104647.9789007966 -223880.72790040245 -9.3274247686946037 -4.4867142387681325 -0.0023984716178821965 -2.1102430555555549 0.04999999999999994 0.0015061863551716151 -118596.4330562243 -5.5991452991452979 -29.62935917635448 -140400.01094500054 -4.2482194767441852 -0.010389680483592399 -0.29619047619047606 -0.31950026633092826 -2.1072796934865896 -2.2427777777777771 0.0071424090222314629 -5.5825892857142847 -144335.90589562187 0.63043478260869579 -10.675942895095405 -0.23566033884466228 -32.703002371989349 -5.7843300110741955 -26.049008242439527 0.36871227364185116 -14.394711351753367 -0.034091398235167512 -0.0029882113553202122 -286465.00452334509 0.54482963368959547 -19.892813626743045 -0.07930107526881712 -0.07930107526881712 -124043.42226957755 0.0024716981840934645 -0.042329227323628212 -0.16065292096219921 0.38794304287262033 -0.034091398235167512 0.18994452149791954 -0.43754772553725313 13.612329057294525
decision_type=2 2 2 2 2 2 2 2 2 2 2 2 2 2 2 2 2 2 2 2 2 2 2 2 2 2 2 2 2 2 2 2 2 2 2 2 2 2 2 2 2 2 2 2 2 2 2 2 2 2 2 2 2 2 2 2 2 2 2 2 2 2
left_child=2 34 3 4 5 -1 17 8 19 -8 11 14 40 16 18 -9 -6 -7 60 38 21 25 23 -22 61 -12 48 33 -16 35 31 -17 -32 -28 -2 -10 -37 -26 -4 44 41 42 -13 -36 -5 -46 -30 -45 -23 -18 -51 54 53 -24 -29 56 -33 -34 -3 -39 -11 -25
right_child=1 58 7 39 13 6 9 15 29 10 20 12 -14 -15 28 30 49 -19 -20 -21 22 26 52 24 37 -27 27 51 46 -31 32 55 57 -35 43 36 -38 59 -40 -41 -42 -43 -44 47 45 -47 -48 -49 -50 50 -52 -53 -54 -55 -56 -57 -58 -59 -60 -61 -62 -63
leaf_value=-0.00063931968228596509 0.001433254587846403 -0.00029958543986204674 -0.00014480357099202486 9.6835834509607349e-05 -2.6130624037587378e-05 0.00088550919501767869 -0.00049880397976001252 0.00041371276494051523 0.00011246741530167744 -0.001303465555097674 -0.0016229705826167136 0.00026582020385374248 0.0009340643514137583 -0.00019201028551485915 0.0014985486267821257 0.00064630525113617133 -0.0024885362888952454 0.00010063814790466481 -1.4729486679945192e-05 7.9766468252416952e-05 -0.0001081190643398994 -0.00072478450546280813 -0.0009178129532850639 -0.00041626752827433742 0.00036367332560668166 -0.00012446654246431988 0.00054097214002897878 -7.936727273697561e-05 0.00057084367014508571 0.00034658984410561089 0.00011409349453423215 -0.00073626348200737609 -2.9157390795001396e-05 0.0018681590166315578 0.0010121690761874028 -0.00015191054587521759 -0.0021015646869935256 -0.0018004068484555082 0.00017436130153387631 -1.8964209083090742e-05 -0.00030357295739865878 -0.00041724220887991701 0.0017796330796112311 0.0013160172339210239 -0.00072895814401341516 0.00097841935293299176 -0.00046665550165577184 3.9086800703619109e-05 -3.1815232768546895e-05 -0.0021905580796213278 -0.0009526463069222306 0.0003149061959088067 -4.7243120770096302e-06 -0.00012444656669081947 -0.0014899015195632876 -0.0002765644550979755 -5.5204958947078186e-05 0.00048101499889115565 0.0007682343152279913 -0.00091305629051022729 -0.00026669118713570797 0.00010596984146829779
leaf_weight=2713 239 339 19297 54938 297 1208 3681 2998 1405 486 483 426 1884 722 389 1035 280 2872 25581 100173 21496 765 1217 11040 218 637 645 1053 1141 13086 28875 814 127150 410 413 331 217 503 4833 39696 1596 564 394 221 378 1230 470 15263 16644 337 997 2938 22071 6356 207 11931 26964 1298 2064 2452 812 1322
leaf_count=2713 239 339 19297 54938 297 1208 3681 2998 1405 486 483 426 1884 722 389 1035 280 2872 25581 100173 21496 765 1217 11040 218 637 645 1053 1141 13086 28875 814 127150 410 413 331 217 503 4833 39696 1596 564 394 221 378 1230 470 15263 16644 337 997 2938 22071 6356 207 11931 26964 1298 2064 2452 812 1322
internal_value=5.56381e-07 0.000168945 -4.88264e-06 -4.17967e-05 -0.000111113 -9.44908e-05 -8.32896e-05 2.04436e-05 7.3388e-05 -9.65719e-05 -8.46507e-05 4.86759e-05 0.000381243 -0.000961333 -7.33725e-06 -1.62478e-05 -0.00125199 0.000333022 -4.56428e-05 4.85818e-05 -0.000134385 -1.25763e-05 -0.000177833 -0.000265852 -0.000484109 -0.000770696 2.48915e-05 0.000313741 0.00050747 0.000278421 -2.27559e-05 -0.000115812 1.34402e-06 0.00105675 0.000102132 -0.000178344 -0.000923945 -0.000966006 -8.0878e-05 5.70964e-05 3.17409e-05 0.000418418 0.000993189 8.21191e-05 0.000110492 0.000577058 0.000268159 5.73122e-05 -6.22662e-05 -0.00147757 -0.00126537 0.000127015 -6.78799e-05 -0.000251943 -0.000311098 -0.000135676 -7.51625e-05 -2.4002e-05 0.000617593 -0.0010641 -0.000654883 -0.000360419
internal_weight=592495 18539 573956 233549 137307 134674 131961 340407 139342 127881 124200 33743 4864 2633 28879 201065 1911 4080 26879 124303 90457 23782 66675 37031 15535 1120 22662 5253 2000 15039 198067 40744 157323 1055 16136 1953 548 3173 24130 96242 2980 1384 820 15897 56546 1608 1611 15484 17409 1614 1334 4198 29644 7573 1260 39709 27778 128448 2403 2955 1298 12362
internal_count=592495 18539 573956 233549 137307 134674 131961 340407 139342 127881 124200 33743 4864 2633 28879 201065 1911 4080 26879 124303 90457 23782 66675 37031 15535 1120 22662 5253 2000 15039 198067 40744 157323 1055 16136 1953 548 3173 24130 96242 2980 1384 820 15897 56546 1608 1611 15484 17409 1614 1334 4198 29644 7573 1260 39709 27778 128448 2403 2955 1298 12362
is_linear=0
shrinkage=0.05


Tree=27
num_leaves=63
num_cat=0
split_feature=21 0 28 28 17 25 20 0 28 0 31 31 17 21 22 21 27 25 27 23 23 17 25 29 27 29 0 27 17 21 28 23 21 0 17 20 27 0 17 25 24 21 21 27 17 25 28 25 20 22 0 26 31 25 31 21 18 18 21 31 29 0
split_gain=0.217238 0.214446 0.476849 0.592417 0.346482 0.336219 0.377295 0.571193 0.38273 0.468777 0.308832 0.292459 0.33588 0.330328 0.285062 0.251743 0.2798 0.23914 0.276648 0.232381 0.221991 0.218986 0.205414 0.202987 0.238454 0.201808 0.288337 0.293026 0.357365 0.198174 0.190597 0.165465 0.230201 0.164337 0.168045 0.161484 0.154784 0.186614 0.17838 0.150431 0.195759 0.136234 0.187896 0.135734 0.131508 0.150871 0.130609 0.127597 0.162768 0.132984 0.122348 0.164294 0.175119 0.127305 0.125003 0.116721 0.124891 0.210534 0.120116 0.130228 0.115542 0.112839
threshold=1.456756756756757 82865.766874706445 -1.0000000180025095e-35 0.0015289901845486858 1.8236391540649377 -2.0701948861219068 0.38794304287262033 -42299.571170825271 0.019888934438818676 -100742.96613191493 -4.4468045112781942 -2.8009868421052624 0.63043478260869579 0.095029239766081922 -0.86131424787146715 0.71917129262490109 -8.2969050694699955e-05 -19.534954246499169 0.0025868171961926658 1.0000000180025095e-35 -0.48559771237271582 1.9330128205128208 -10.919069890422533 -3.0644827586206893 -9.9349913840979749e-05 -3.7943734092837227 -47476.318996863622 0.0034875917470133127 2.5059259259259266 -0.7153902798232693 -0.036160480975935425 1.0000000180025095e-35 -0.24807692307692306 -97002.506771245346 0.66462167689161566 -1.0000000180025095e-35 0.0024716981840934645 -254780.87980516537 0.76388888888888895 21.610942894122886 0.36182924606430339 -0.27146113956363283 -0.27258158508158498 -0.00056884434078347164 0.54482963368959547 -19.892813626743045 0.010679308146499701 -29.702221684727864 0.24154589371980686 -0.23676436515291938 -30504.018108793101 -12.82322472061867 -4.2351613631234475 -32.703002371989349 -3.30422401518747 0.25074475826624826 -0.43501021450459648 -0.034091398235167512 0.16485568760611205 -8.7460317460317452 -5.0149842798849411 -36224.511979827468
decision_type=2 2 2 2 2 2 2 2 2 2 2 2 2 2 2 2 2 2 2 2 2 2 2 2 2 2 2 2 2 2 2 2 2 2 2 2 2 2 2 2 2 2 2 2 2 2 2 2 2 2 2 2 2 2 2 2 2 2 2 2 2 2
left_child=1 5 -3 4 47 6 8 14 10 -10 17 12 50 -14 -8 16 61 18 21 30 -7 43 60 -9 -25 -22 27 28 29 -27 -18 46 -33 -20 35 -35 37 -13 -39 40 -31 42 -24 -1 -16 -46 -28 -4 49 -49 51 53 -53 54 -12 56 -51 -58 59 -59 -5 -15
right_child=-2 2 3 22 -6 20 7 23 9 -11 11 36 13 15 44 -17 19 -19 33 -21 25 -23 41 24 -26 26 31 -29 -30 39 -32 32 -34 34 -36 -37 -38 38 -40 -41 -42 -43 -44 -45 45 -47 -48 48 -50 55 -52 52 -54 -55 -56 -57 57 58 -60 -61 -62 -63
leaf_value=1.1943692521310199e-06 -0.0011458071337428764 0.00042866627456857346 0.00019415826410413534 0.0010280111827324361 0.00054612676994188355 0.00060200672371973213 -3.0276303220523041e-05 0.00085214714513199392 -0.0011841754543886716 -0.00012200404513835657 0.00010644844213825111 -0.00077801207733897845 -0.00015801932708184429 -0.00088521990721055854 -0.0023641094577033072 0.00043569480029907065 -0.002351188326772316 -4.3850766461201793e-05 0.00098033808851393759 -0.0023607363713715034 -5.9803601508812136e-05 -0.00039034702747700416 1.7714494884674547e-05 0.00016767967820743138 -0.0015518940670303624 -0.00022953765590321445 -1.1896399008178387e-05 0.00044148250361724902 0.0012385470367038693 -0.00011589812687169556 -0.00068002423286891316 0.0013256675970421752 0.00017374159170457378 -0.00072441172627412591 -0.00078081898188928241 0.00061152450140267026 0.0002703257237885969 -4.7956026601290336e-05 0.00021024788685634527 0.00023785369540022861 0.00012835164577892105 0.00016889284192865729 -0.0011221587887657884 0.00025558976349216123 -0.0021363641681780578 -0.00091024164093811042 0.00015790052383995404 0.00010632565612277679 0.00053404541690217134 0.00044358874626549468 -1.6646798604889083e-05 -0.00087198841138798409 -0.00020586749041006487 9.7760140186830798e-05 -0.00065511447416219566 0.00010849223068870316 -0.00051597589669026263 -0.00058422472422491403 -0.00070295771298338776 -0.00011325915592820056 0.00036654317798061163 -0.00019957818677066022
leaf_weight=9141 413 8636 3053 726 2075 1645 513 640 1628 2870 937 822 5109 1180 280 405 212 27348 1425 447 63384 2079 1395 779 272 4737 159504 6734 674 11734 874 524 2517 255 310 2003 4599 62269 7494 15773 27264 18343 488 12297 322 1136 12191 4192 869 685 22178 1027 25117 7972 1268 2913 5544 1583 1019 20169 7282 1221
leaf_count=9141 413 8636 3053 726 2075 1645 513 640 1628 2870 937 822 5109 1180 280 405 212 27348 1425 447 63384 2079 1395 779 272 4737 159504 6734 674 11734 874 524 2517 255 310 2003 4599 62269 7494 15773 27264 18343 488 12297 322 1136 12191 4192 869 685 22178 1027 25117 7972 1268 2913 5544 1583 1019 20169 7282 1221
internal_value=5.28562e-07 1.32818e-06 7.80303e-05 3.49784e-05 -8.38525e-05 -1.04769e-05 -5.98096e-05 -0.000544278 -5.0378e-05 -0.000506445 -4.00168e-05 -7.8677e-05 -0.000153859 -0.000430477 -0.00106594 -0.000751286 -0.000873484 6.08522e-05 0.000164939 -0.0014012 2.27292e-05 9.96034e-05 0.000212177 0.000150137 -0.000277348 1.96053e-05 4.04338e-05 0.000128691 9.36918e-05 8.07249e-05 -0.00100626 6.63515e-06 0.000372232 0.000549734 0.000310788 0.000460655 -1.0732e-05 -2.90444e-05 -2.02195e-05 0.000107559 5.486e-05 0.000127316 -0.000277696 0.000147118 -0.00137163 -0.00118103 1.5983e-07 -0.000116511 -0.000142163 -0.000158439 -0.000109183 -0.000165687 -0.000232034 4.75591e-06 -0.000331493 -0.000193217 -0.000223523 -0.000239662 -0.000172389 -0.000147534 0.000426511 -0.000536545
internal_weight=592495 592082 78972 70336 42102 513110 206429 3942 202487 4498 197989 143131 67947 9448 2251 4339 3934 54858 27510 1533 306681 23517 28234 1691 1051 305036 241652 66916 60182 59508 1086 174736 3041 3993 2568 2258 75184 70585 69763 54771 38998 20226 1883 21438 1738 1458 171695 40027 36974 36105 58499 36321 26144 10177 2205 31913 29000 28315 22771 21752 8008 2401
internal_count=592495 592082 78972 70336 42102 513110 206429 3942 202487 4498 197989 143131 67947 9448 2251 4339 3934 54858 27510 1533 306681 23517 28234 1691 1051 305036 241652 66916 60182 59508 1086 174736 3041 3993 2568 2258 75184 70585 69763 54771 38998 20226 1883 21438 1738 1458 171695 40027 36974 36105 58499 36321 26144 10177 2205 31913 29000 28315 22771 21752 8008 2401
is_linear=0
shrinkage=0.05


Tree=28
num_leaves=63
num_cat=0
split_feature=29 28 0 17 0 21 21 21 23 25 22 24 21 23 22 18 21 27 21 0 26 19 18 27 21 0 18 0 19 18 29 27 22 22 28 17 0 22 24 26 17 22 0 26 25 18 0 28 22 22 17 27 21 25 18 17 0 18 0 22 22 21
split_gain=0.197357 0.229284 0.236604 0.198887 0.242299 0.22544 0.263677 0.194509 0.189549 0.184473 0.258564 0.211845 0.193995 0.169817 0.166756 0.161572 0.155805 0.270544 0.165695 0.655057 0.155624 0.150343 0.172077 0.175952 0.143148 0.143097 0.138161 0.136991 0.124279 0.111371 0.108647 0.159163 0.137722 0.145195 0.118896 0.111029 0.118553 0.199529 0.11605 0.110979 0.109611 0.108504 0.316265 0.164377 0.211821 0.177692 0.140871 0.627759 0.448941 0.355468 0.316407 0.243172 0.241851 0.248313 0.232024 0.153537 0.145568 0.129339 0.14031 0.171312 0.126184 0.121211
threshold=15.440569173244706 0.031355889897600041 -26143.254662734933 -1.3397435897435892 -286465.00452334509 -0.7875255733821469 -0.7073149236192714 1.5567567567567571 0.95300229057591634 23.790540966308889 1.2496698615548458 1.0000000180025095e-35 0.71917129262490109 1.0000000180025095e-35 -0.58889640020280543 0.81494292632307175 -0.70541140719962592 0.0065502231045553418 -0.66123550579768076 -56872.009960442498 -0.48461269624160147 -0.68985960918231826 -1.0000000180025095e-35 0.0088481272273299317 -0.49657657657657661 162197.75941901698 -0.33418864063892273 413655.95142942009 0.35972631214273343 -1.8546934865900375 -3.8135600231653837 0.0088481272273299317 -0.99069767031166112 -0.80435122256073732 0.010679308146499701 0.53529900332225921 -59464.093692132134 0.86926536731634196 17.234221072971277 1.0000000180025095e-35 0.58628632175761886 -0.84313602410394817 -56872.009960442498 -9.4657882444799082 2.243319605391346 -0.039004725104560205 -140400.01094500054 0.0044622598272827272 -0.097982216142270859 -0.03766491700950491 -0.5406593406593404 -0.0018597543363787533 0.13809523809523813 0.67183910913758649 -0.033771225817352361 0.12151821438789324 -211601.95722130587 0.58722109533468581 -183581.07365315722 0.267479674796748 -0.11736829614368881 0.21247442661785301
decision_type=2 2 2 2 2 2 2 2 2 2 2 2 2 2 2 2 2 2 2 2 2 2 2 2 2 2 2 2 2 2 2 2 2 2 2 2 2 2 2 2 2 2 2 2 2 2 2 2 2 2 2 2 2 2 2 2 2 2 2 2 2 2
left_child=1 3 14 21 -5 13 -7 8 9 12 30 -12 15 -6 -3 16 17 -8 19 20 -18 -1 23 25 -24 -23 -2 -17 41 -27 31 -11 -32 34 -34 38 37 40 39 -35 -37 42 43 -20 45 -45 47 48 50 -50 -43 -51 53 55 60 56 -53 58 -57 -60 -52 -48
right_child=26 2 -4 4 5 6 7 -9 -10 10 11 -13 -14 -15 -16 27 18 -19 28 -21 -22 22 24 -25 -26 29 -28 -29 -30 -31 32 -33 33 35 -36 36 -38 -39 -40 -41 -42 46 -44 44 -46 -47 61 -49 49 51 54 52 -54 -55 -56 57 -58 -59 59 -61 -62 -63
leaf_value=-0.0003145107128637247 -0.00038883256544303374 9.2775164151054368e-05 5.7686945996592655e-05 -0.00054783840536344836 0.00024989207900556586 -0.00029112321459337981 0.00015101604940099904 -0.0011671324126655235 0.0011408085379547342 -3.1290066692573664e-05 0.0015423082948021515 0.00030632281364879064 0.00023541192613151215 0.0012420749962966209 -0.0010726309707540988 0.00012780834784581135 -0.001059466300219391 0.0020334302753742253 0.00020604490107162992 0.00086458498070421559 -0.0026613988273745792 -2.9321332989908975e-05 9.6129117889205045e-05 0.0011214900261256845 0.00045606288711256215 0.001587669390037562 0.0001775065015290523 0.0010980489547674855 -0.00030662484276274666 0.00031784232090164947 -0.00027176536846288508 -0.0013029365354625044 0.0004058904178503767 -0.00021198459448306764 0.0016250609918818538 0.0014596600595473675 0.00013249732231135567 -0.00049167111335771986 0.00017015080564726691 6.1187695892800817e-05 0.00054376048472224608 0.00072668898537651537 5.1609770625206931e-05 -0.00031745368376126146 -5.3913674374446907e-05 -0.0013026672003488772 -3.4214746581409936e-05 -0.00069692948320797341 0.00090755979057323519 -0.00061523651328442908 0.00030659003410136749 -0.00032948701670261021 -0.00021158968417075074 -0.00012392848240876464 -0.00091378788662489947 0.0014101978205933662 0.00048688458008775321 -0.0002247529138679181 0.00017302141713139991 0.0013060356006635986 -0.00055380528415298618 5.5334307054949462e-05
leaf_weight=1797 1136 395 1395 2082 2126 8195 864 360 361 15634 514 1065 7554 541 1377 12192 617 245 583 486 201 13123 4769 370 6565 213 20696 375 3879 912 2329 250 1627 5666 228 386 6481 421 12316 10814 2125 675 5192 676 864 1417 369466 2134 2351 789 980 651 1915 1724 1520 1003 3387 255 821 562 754 42094
leaf_count=1797 1136 395 1395 2082 2126 8195 864 360 361 15634 514 1065 7554 541 1377 12192 617 245 583 486 201 13123 4769 370 6565 213 20696 375 3879 912 2329 250 1627 5666 228 386 6481 421 12316 10814 2125 675 5192 676 864 1417 369466 2134 2351 789 980 651 1915 1724 1520 1003 3387 255 821 562 754 42094
internal_value=5.02134e-07 -5.14217e-06 -0.000429395 -2.77457e-06 -9.48608e-06 -7.40142e-06 -9.68736e-06 -5.30932e-06 -4.51482e-06 -5.30075e-06 7.73324e-05 0.000708664 -1.59095e-05 0.000451156 -0.000812848 -2.00486e-05 -2.50294e-05 0.000566879 -2.65045e-05 -0.000589297 -0.0014531 0.000127771 0.000158396 4.50276e-05 0.000304614 1.70734e-05 0.000148038 0.00015676 -2.48505e-05 0.000558263 6.02267e-05 -5.13046e-05 0.000102016 0.000123744 0.00055574 0.000102772 0.000251848 0.000515664 5.40407e-05 -3.27319e-05 0.000684556 -2.23654e-05 -0.00019686 -0.000561281 -0.000712567 -0.000984462 -1.88308e-05 0.000112409 0.000211744 0.000349023 -0.000258476 0.000230798 0.000295493 0.000411054 -0.000462836 0.000549145 0.00035527 0.000845573 0.000959963 0.000633436 -6.7538e-05 -2.50557e-05
internal_weight=592495 570663 3167 567496 539747 537665 534998 526803 526443 526082 59856 1579 466226 2667 1772 458672 446105 1109 444996 1304 818 27749 25952 14618 11334 14248 21832 12567 443692 1125 58277 15884 42393 40064 1855 38209 9413 2932 28796 16480 2511 439813 8732 3540 2957 2093 431081 19521 17387 13458 3929 11107 10318 8403 3254 6679 4038 2641 2386 1383 1734 411560
internal_count=592495 570663 3167 567496 539747 537665 534998 526803 526443 526082 59856 1579 466226 2667 1772 458672 446105 1109 444996 1304 818 27749 25952 14618 11334 14248 21832 12567 443692 1125 58277 15884 42393 40064 1855 38209 9413 2932 28796 16480 2511 439813 8732 3540 2957 2093 431081 19521 17387 13458 3929 11107 10318 8403 3254 6679 4038 2641 2386 1383 1734 411560
is_linear=0
shrinkage=0.05


Tree=29
num_leaves=63
num_cat=0
split_feature=29 28 0 24 0 0 26 19 17 25 22 22 22 30 25 0 18 0 18 25 20 25 0 20 28 22 17 0 23 25 0 0 25 29 20 17 22 17 28 28 19 24 25 28 17 0 25 22 26 22 17 0 17 22 0 29 17 26 22 24 28 17
split_gain=0.178115 0.206929 0.213535 0.1838 0.203588 0.194138 0.173464 0.157246 0.17378 0.154407 0.150497 0.143146 0.134998 0.134956 0.155776 0.179131 0.12469 0.117115 0.13651 0.14035 0.119655 0.111415 0.331139 0.63932 0.427881 0.358909 0.288459 0.275641 0.27262 0.270104 0.258112 0.25071 0.251997 0.24198 0.229534 0.221532 0.236605 0.185802 0.185424 0.181444 0.18036 0.179152 0.186934 0.178053 0.180358 0.442906 0.208897 0.176765 0.170752 0.169135 0.164328 0.161891 0.153972 0.147683 0.180779 0.143814 0.143172 0.142094 0.141174 0.137591 0.136787 0.140142
threshold=15.440569173244706 0.031355889897600041 -26143.254662734933 14.331215950336597 413655.95142942009 -286465.00452334509 34.556407099849288 -0.64027368785726646 -1.2361111111111109 -28.776505456643218 -0.58889640020280543 1.9103170650730414 -0.99069767031166112 26.871654083733702 -21.07722989879375 -10851.647191409209 -0.33418864063892273 78014.362684180582 -1.0000000180025095e-35 19.258279568055386 -0.7287606196901546 0.48274189743631984 -20977.472410015176 0.38794304287262033 0.010163853628275476 0.24462481650980053 -0.32450181159420294 -20977.472410015176 1.0000000180025095e-35 -26.154327021383271 -84529.414841088932 -113796.37321258422 -36.767720528071344 -1.9943181818181814 0.36871227364185116 -0.36956521739130427 0.60622792937399694 -0.011857445680975019 0.0076329851699298958 -1.0000000180025095e-35 0.49062955897205707 -16.53612161497734 -11.586303523086183 -0.018413022291986148 0.58628632175761886 -104647.9789007966 -25.289445560738645 -0.82176470588235284 18.760617305652247 -0.27534127214638388 2.1453065134099618 -56872.009960442498 0.04999999999999994 0.1666666666666666 -59464.093692132134 -2.6946798493408664 0.93766727100060454 -9.4657882444799082 -0.30647773279352214 -40.483285732151053 -0.036160480975935425 0.04999999999999994
decision_type=2 2 2 2 2 2 2 2 2 2 2 2 2 2 2 2 2 2 2 2 2 2 2 2 2 2 2 2 2 2 2 2 2 2 2 2 2 2 2 2 2 2 2 2 2 2 2 2 2 2 2 2 2 2 2 2 2 2 2 2 2 2
left_child=1 3 10 5 6 -1 13 -7 17 -8 -3 12 -10 -5 15 -15 -2 18 19 20 -9 22 23 24 25 26 48 47 35 -30 -26 32 37 -25 50 -27 43 -28 39 -29 -38 42 -34 51 45 -45 56 -23 53 58 57 -37 -32 54 -14 -49 -46 -24 -33 -44 61 -51
right_child=16 2 -4 4 -6 7 9 8 11 -11 -12 -13 21 14 -16 -17 -18 -19 -20 -21 -22 27 34 33 30 28 31 38 29 -31 52 49 41 -35 -36 36 40 -39 -40 -41 -42 -43 59 44 46 -47 -48 55 -50 60 -52 -53 -54 -55 -56 -57 -58 -59 -60 -61 -62 -63
leaf_value=-0.00053005238292067546 -0.00036939093591081454 8.8136406612429258e-05 5.4802601694438802e-05 6.8455572118145035e-05 0.00041090887882244291 -0.00043802770952768195 0.00098598399717578417 0.0007465680231026014 -0.00028905349305482266 -0.0001884178873264951 -0.0010189994180960064 0.00028029642437861702 -0.00038636998245930912 -0.0017953105987816708 -2.4844405952879722e-05 -0.00011638754277246396 0.00016863117627090687 0.00050557637875151245 0.00022754750024415031 0.00023452012964201145 -0.0002334154307473454 0.00054756302734021 8.2465648144556882e-05 -0.0012186289886010283 -0.00089782448573193273 0.00046686521660644704 -0.0018251230400993437 0.00012654822960789903 -0.0022469877806194868 -0.00056055130581051694 1.4300136460542802e-05 -3.754766586513744e-05 0.00067018047376840161 0.00036499450116640362 0.00059647593535999428 -0.0016168790357556221 4.0468515529500619e-05 -0.00018309001216473115 0.00013415268512776356 -8.3516233785253693e-05 -0.0013173086505616546 0.00013363741269900099 -0.0012054856433607319 -0.0012655003514584001 0.00072025601115452767 -0.00027828916242110844 -0.00029645535362333075 -3.6818704407722919e-05 0.00052229497980180585 -6.8819956152943503e-05 0.00084185233762804003 -7.9831048894788651e-05 -0.00057152997113578353 0.00067025935511636544 -6.2156893610329687e-05 0.00010118703427038496 -0.00061896403148589566 -4.7802182756043318e-05 0.00097104516123946787 0.00020616079687008353 -1.8197560665926946e-05 -0.0011776325782375003
leaf_weight=1837 1136 395 1395 100537 3850 2186 288 329 4698 9928 1377 3939 9361 334 1169 303 20696 1883 9222 3023 5850 1902 36635 1704 2334 1224 207 11403 286 1398 2481 623 4188 281 1724 506 7350 1027 13323 104345 253 7762 204 1363 1096 6826 2516 26763 824 629 595 259 2047 460 7952 64070 244 48842 783 1122 40687 521
leaf_count=1837 1136 395 1395 100537 3850 2186 288 329 4698 9928 1377 3939 9361 334 1169 303 20696 1883 9222 3023 5850 1902 36635 1704 2334 1224 207 11403 286 1398 2481 623 4188 281 1724 506 7350 1027 13323 104345 253 7762 204 1363 1096 6826 2516 26763 824 629 595 259 2047 460 7952 64070 244 48842 783 1122 40687 521
internal_value=4.77027e-07 -4.88507e-06 -0.000407925 -2.63584e-06 5.33784e-05 -1.70911e-05 4.11493e-05 -1.49935e-05 -1.2925e-05 -0.00015531 -0.000772206 -1.97252e-05 -2.25202e-05 6.07601e-05 -0.000367631 -0.000996702 0.000140636 0.000129982 9.15946e-05 -4.46539e-05 -0.000181236 -1.95254e-05 -4.69602e-05 -0.00010537 -8.88042e-05 -6.25118e-05 -1.00737e-05 4.75633e-06 -0.000234187 -0.000846965 -0.000470703 4.50759e-05 0.000224919 -0.000994449 2.52358e-05 -0.000186495 -0.000225672 -0.000458536 -4.24894e-05 -6.28216e-05 -4.71334e-06 0.000288446 0.000506367 -0.000356815 -0.000309837 -0.000442603 -2.78808e-05 7.05143e-05 -0.000181341 -1.52696e-05 1.3794e-05 -0.00109649 -0.00025054 -0.000213963 -0.000237456 6.05251e-05 0.000476398 8.02994e-06 0.000524137 -1.10156e-05 -3.33972e-05 -0.00057116
internal_weight=592495 570663 3167 567496 116409 451087 112559 449250 447064 10216 1772 426757 422818 102343 1806 637 21832 20307 18424 9202 6179 418120 196314 108518 106533 99671 76350 221806 23321 1684 6862 57753 14510 1985 87796 21637 20413 1234 129071 115748 7603 13276 5514 12810 12045 8189 3856 92735 18597 43243 86072 765 4528 17773 17313 90833 1340 85477 1406 1326 41837 1150
internal_count=592495 570663 3167 567496 116409 451087 112559 449250 447064 10216 1772 426757 422818 102343 1806 637 21832 20307 18424 9202 6179 418120 196314 108518 106533 99671 76350 221806 23321 1684 6862 57753 14510 1985 87796 21637 20413 1234 129071 115748 7603 13276 5514 12810 12045 8189 3856 92735 18597 43243 86072 765 4528 17773 17313 90833 1340 85477 1406 1326 41837 1150
is_linear=0
shrinkage=0.05


Tree=30
num_leaves=63
num_cat=0
split_feature=23 21 0 17 28 28 28 25 0 20 28 0 28 28 27 18 20 22 25 22 0 25 25 22 21 26 17 30 0 27 21 20 21 23 30 18 24 24 28 18 0 23 17 27 27 30 21 21 26 22 25 22 17 0 21 0 21 27 27 23 30 27
split_gain=0.184747 0.179839 0.178876 0.342623 0.308283 0.351008 0.258683 0.200291 0.320394 0.610061 0.382379 0.38831 0.290748 0.268176 0.2445 0.207169 0.250932 0.212068 0.228578 0.201814 0.205821 0.197666 0.193572 0.231461 0.186768 0.183223 0.217943 0.184696 0.182268 0.176102 0.161932 0.159948 0.157405 0.165638 0.152027 0.150775 0.177251 0.207927 0.143503 0.137672 0.214098 0.162006 0.195789 0.169627 0.135696 0.13519 0.127289 0.138644 0.123215 0.123111 0.122417 0.121503 0.167337 0.123605 0.113955 0.12783 0.111134 0.110809 0.108184 0.265869 0.116618 0.137367
threshold=0.94099202938188642 1.5567567567567571 116406.25104720758 1.8236391540649377 -0.00067015332462001765 0.0012250974768424946 0.02773464190623395 -2.0701948861219068 -19719.345265807537 0.38794304287262033 0.0043883826605189856 -91880.040548076766 -1.0000000180025095e-35 0.00058246386431934024 0.0028390513429362202 -0.0077855138169257336 -0.71023564064801181 -0.48074074074074086 35.007529767141634 -0.86131424787146715 -58513.998181402931 -26.910851063912041 41.63762722081632 1.5222950819672134 0.27714967474363 8.2795226651729354 -0.56870057512580874 -2.0817239755063586 -74970.23434792606 0.0052491016987891324 -0.27146113956363283 -0.1333333333333335 -0.7875255733821469 1.0000000180025095e-35 -22.385840428886784 -0.83503401360544205 -29.694460429229437 10.840177145530758 1.4309456162518845e-05 1.6036706349206349 -144335.90589562187 -0.071294810058854977 -0.11835959405922679 -0.0016139749104674163 0.0015061863551716151 -28.573696145124714 -0.033771225817352361 -0.035788824589697364 -4.4531035304665307 -0.38881512681988811 -7.3897331359878278 0.24462481650980053 -0.13073463268365801 -104647.9789007966 0.50628205128205128 -98795.684750938541 -0.27258158508158498 -0.001961876257503685 -0.00014590990540721885 1.0000000180025095e-35 -5.9719662058371723 0.0071424090222314629
decision_type=2 2 2 2 2 2 2 2 2 2 2 2 2 2 2 2 2 2 2 2 2 2 2 2 2 2 2 2 2 2 2 2 2 2 2 2 2 2 2 2 2 2 2 2 2 2 2 2 2 2 2 2 2 2 2 2 2 2 2 2 2 2
left_child=1 2 6 4 -4 38 7 8 9 10 12 29 -1 14 31 16 -9 18 -17 -11 -21 24 32 34 25 51 27 -27 49 -12 56 -14 33 -19 -24 36 -18 -38 -6 40 41 -33 -43 -44 -13 -40 47 -10 -23 -8 -32 52 -15 -53 -34 -56 -7 -36 -48 60 61 -60
right_child=-2 -3 3 -5 5 30 28 15 46 19 11 44 13 21 -16 17 35 22 -20 20 -22 48 23 -25 -26 26 -28 -29 -30 -31 50 39 54 -35 57 -37 37 -39 45 -41 -42 42 43 -45 -46 -47 58 -49 -50 -51 -52 53 -54 -55 55 -57 -58 -59 59 -61 -62 -63
leaf_value=-0.00021622505698662279 0.00090085319303961778 -0.0010974002152277945 0.00041238377368967895 0.00056586635573530563 0.00012341178005210212 -4.7578102100705329e-05 6.7095392652675274e-05 0.00064753904727049701 -5.0132954647590763e-05 -2.7674477613701772e-05 -0.00065438126561426257 -9.2879252174113706e-05 -0.00036082440519457092 -0.00029709007961945021 0.00060580883009581912 0.00018422765101567179 0.0015490382168774353 0.0001826794681577265 -0.00029414938600136971 -0.0014316707214170948 -0.00037388470000157987 -5.6766455738169382e-05 -0.00038880632734613848 0.0018522580322137439 0.00060750138577993446 0.00062496885396728658 -1.319950668192847e-05 0.002308902204818932 -0.0001310615854171117 0.00064906978406651273 0.00040655854295400376 0.0014142886716273981 2.9066762329012941e-06 0.0011929138598698215 0.0015118694900415793 -8.3446428208614102e-05 -7.1109281580644502e-05 0.00079085845260588612 -0.00096914466003377147 -0.00022523048169902516 5.7827077721831345e-05 -0.00034032979284283728 -0.00043238273418554659 0.00053012508045311932 -0.00055678816842852092 -0.00014222551550090924 2.3805799671370764e-05 -0.00056110302737489507 -0.00025420287439118324 -0.00098977741738000172 0.00012715348642488582 -0.00099575143341968687 0.00017115708674458573 -0.00016043307598211066 0.0013820654421052747 0.00018783676668792442 -0.00093363905405725661 0.00031763361232090058 0.00010278953664478669 -0.0012074934388932677 0.000316206822976232 -0.00086675441857467944
leaf_weight=18362 568 374 5346 3470 5547 1534 342 1252 9662 591 5915 16219 2087 2937 2208 34989 241 1588 2689 1367 693 16625 769 238 1469 823 1321 203 2713 271 5994 355 194619 545 205 69166 2736 940 506 3195 28090 960 507 4712 1746 21309 49954 1539 15061 1418 11331 644 5446 1418 235 4821 460 3700 7919 345 9249 383
leaf_count=18362 568 374 5346 3470 5547 1534 342 1252 9662 591 5915 16219 2087 2937 2208 34989 241 1588 2689 1367 693 16625 769 238 1469 823 1321 203 2713 271 5994 355 194619 545 205 69166 2736 940 506 3195 28090 960 507 4712 1746 21309 49954 1539 15061 1418 11331 644 5446 1418 235 4821 460 3700 7919 345 9249 383
internal_value=-4.61883e-07 -1.3276e-06 -6.33957e-07 8.48133e-05 5.27289e-05 1.15405e-05 -9.48965e-06 -6.3001e-06 -4.39283e-05 -9.12458e-05 -7.60004e-05 -0.000255614 -3.524e-05 2.49806e-06 9.36369e-05 1.87602e-05 -5.4332e-05 4.09916e-05 0.000150087 -0.000842155 -0.00107582 -8.10378e-05 2.11073e-05 0.000331234 7.35467e-05 1.22287e-05 0.000411427 0.000958145 -0.000388135 -0.000597279 0.00017471 6.52984e-05 1.35588e-05 0.000440803 0.000253784 -6.63559e-05 0.000235428 0.000149307 -0.000103666 8.88135e-05 0.000117793 0.000375587 0.000315911 0.000436622 -0.000137966 -0.000161406 3.58162e-05 -0.000120339 -0.000150612 -0.000784408 0.00022382 -7.74715e-05 7.1058e-06 -0.000421318 8.99482e-06 0.000243344 -0.000251985 0.000380327 6.15951e-05 0.000167078 0.000194098 5.80611e-05
internal_weight=591921 591353 590979 55497 52027 46681 535482 531009 212276 133225 130574 24151 106423 88061 42114 318733 74335 244398 37678 2651 2060 45947 206720 4912 14261 12792 2347 1026 4473 6186 19319 39906 201808 2133 4674 73083 3917 3676 27362 37819 34624 6534 6179 5219 17965 21815 79051 11201 31686 1760 17325 10445 8383 2062 199675 5056 1994 3905 67850 17896 17551 8302
internal_count=591921 591353 590979 55497 52027 46681 535482 531009 212276 133225 130574 24151 106423 88061 42114 318733 74335 244398 37678 2651 2060 45947 206720 4912 14261 12792 2347 1026 4473 6186 19319 39906 201808 2133 4674 73083 3917 3676 27362 37819 34624 6534 6179 5219 17965 21815 79051 11201 31686 1760 17325 10445 8383 2062 199675 5056 1994 3905 67850 17896 17551 8302
is_linear=0
shrinkage=0.05


Tree=31
num_leaves=63
num_cat=0
split_feature=19 17 0 21 28 0 22 21 0 21 29 24 0 26 25 17 25 22 20 24 21 22 31 21 22 28 26 20 17 24 21 0 27 22 24 0 26 25 0 28 27 28 28 29 21 21 17 17 21 21 0 17 21 21 27 27 21 28 0 21 25 17
split_gain=0.173719 0.195626 0.217555 0.18746 0.185437 0.196485 0.185079 0.249824 0.380184 0.239103 0.158388 0.171358 0.164962 0.160782 0.161656 0.147177 0.142721 0.168753 0.137301 0.256536 0.136391 0.135666 0.189925 0.108982 0.102705 0.102522 0.100172 0.100757 0.100339 0.0996807 0.0972458 0.171213 0.094454 0.0925782 0.089621 0.0886966 0.114086 0.112245 0.0882535 0.6469 0.319547 0.232006 0.271318 0.206332 0.167497 0.165652 0.161828 0.176538 0.152321 0.354021 0.216568 0.449511 0.241816 0.492514 0.228724 0.21713 0.143656 0.132602 0.128499 0.126222 0.45726 0.411876
threshold=-0.68985960918231826 -1.3397435897435892 -286465.00452334509 -0.7875255733821469 0.039959091643213991 -76080.104404013269 -0.99069767031166112 0.71917129262490109 -109073.83533186732 1.456756756756757 15.440569173244706 15.391998719508434 413655.95142942009 34.556407099849288 -28.776505456643218 0.04999999999999994 37.122794747832081 -0.48074074074074086 -1.0000000180025095e-35 -14.089005584110131 -0.7153902798232693 1.9103170650730414 -6.2454461169284459 -1.0000000180025095e-35 1.5222950819672134 0.0022928493683087923 6.9142467983874463 0.38794304287262033 0.59973297730307051 -38.042911002743061 0.095029239766081922 -21630.231818059347 -0.0021797047699194105 -0.34698996655518394 29.904332869504664 75830.723932465713 6.2618673541724243 -40.640325462160945 -133391.05228712675 0.0073154900749138919 0.0071424090222314629 0.0012250974768424946 1.4309456162518845e-05 -1.0517395182872438 0.2754971720488964 0.27788923555828454 0.1584261942461089 0.22503553660270084 0.21247442661785301 0.27641208216778296 -33668.494127590158 0.63043478260869579 0.29458859280037403 0.31076705120420972 -0.00051561389731917182 0.00065684506237338443 0.29268507638072855 -0.0055718951941925764 5743.9679257788021 0.095029239766081922 -15.500390437888209 1.0357537031658439
decision_type=2 2 2 2 2 2 2 2 2 2 2 2 2 2 2 2 2 2 2 2 2 2 2 2 2 2 2 2 2 2 2 2 2 2 2 2 2 2 2 2 2 2 2 2 2 2 2 2 2 2 2 2 2 2 2 2 2 2 2 2 2 2
left_child=-1 18 25 15 6 -6 -5 10 -9 -10 11 20 13 16 -15 -4 17 -13 19 -2 -8 38 -23 -24 29 -3 33 -28 -29 -12 35 -32 -18 -19 -34 37 -37 -20 39 40 41 42 -22 -42 -44 -46 -43 -48 59 58 51 55 56 -54 -53 -51 57 -52 -50 -40 61 -61
right_child=1 2 3 4 5 -7 7 8 9 -11 24 12 -14 14 -16 -17 32 26 30 -21 21 22 23 -25 -26 -27 27 28 -30 -31 31 -33 34 -35 -36 36 -38 -39 48 -41 43 46 44 -45 45 -47 47 -49 49 50 52 54 53 -55 -56 -57 -58 -59 -60 60 -62 -63
leaf_value=-0.00035926019296488536 -0.00037178635103202456 -0.00029119096370255128 0.00022692533622284159 -0.00022173143451858991 -0.0012566867439300971 -7.365307177617846e-05 -0.00032143478783968314 0.0016972729055935447 0.00023414848521717321 -0.00098264060802239124 0.00094310178408704812 0.00027882454935638823 0.00040588285072222074 0.0010454350444293473 -0.00020695008561513652 0.001138247216466017 0.001362372178903338 -0.00068569884113910227 -0.00090095019010707339 0.00059647852707675128 -7.172387815239709e-05 0.0012253165389072007 0.0005100041274855256 -0.00016918530707125167 0.0010243383637047741 -0.0010538938820674269 -2.2922713367970488e-05 0.0011239917064456157 -0.00023771200538731871 0.00010349336802329345 0.00091912117435366449 -0.00020393008580498522 0.00015846836560984065 0.00014052572854360038 0.00065842963428818088 0.00058543709978572977 -3.5625829410545322e-05 3.3738758370850006e-05 -3.3399863012462014e-05 -0.00077363875719940235 0.00065529574352704036 -0.00044073690736457064 0.00044305441465652311 0.0024336769981820865 -0.00043575263711200294 0.00068703277162874708 0.00076880925291886257 -0.00013735829622574198 0.00014467549204387722 -0.00018326108665232176 0.00071089236570323004 -0.00039888976448210125 0.00092631470108110118 4.5941805432945043e-05 -0.0013508730211092704 0.00058244732057370792 -0.00054248071098442023 -0.00011311031913157721 0.00049460311264739741 -0.00041676483454790731 -4.7951513537268554e-06 -0.0018598707962877541
leaf_weight=3354 862 1636 2387 9538 606 834 3798 432 9327 422 360 6899 3178 266 8224 544 204 346 327 3314 5779 484 1081 1302 318 603 50989 377 211 19599 876 554 4167 16858 1142 1670 1327 18103 346453 2087 798 2793 8688 205 1143 461 725 2078 5430 3229 545 1546 1987 7924 1066 1298 1825 4688 5076 1971 6947 660
leaf_count=3354 862 1636 2387 9538 606 834 3798 432 9327 422 360 6899 3178 266 8224 544 204 346 327 3314 5779 484 1081 1302 318 603 50989 377 211 19599 876 554 4167 16858 1142 1670 1327 18103 346453 2087 798 2793 8688 205 1143 461 725 2078 5430 3229 545 1546 1987 7924 1066 1298 1825 4688 5076 1971 6947 660
internal_value=-4.38789e-07 1.60599e-06 -4.71879e-06 -2.74966e-06 -4.85069e-06 -0.000571513 -3.38023e-06 4.38411e-07 0.000245796 0.000181478 -4.22894e-06 -9.62653e-06 5.18661e-05 3.93212e-05 -0.000167712 0.000396069 6.09697e-05 4.30777e-05 0.000132985 0.000396612 -2.31558e-05 -2.04474e-05 0.000322319 0.000138915 0.000132841 -0.0004966 1.94314e-05 -1.54181e-05 0.000635353 0.000118637 8.48204e-05 0.000484037 0.000306582 0.000123909 0.000266013 5.81774e-05 0.000310445 1.71547e-05 -2.2813e-05 6.87339e-05 0.000146283 0.000105894 0.000202441 0.00101877 0.000356385 -0.000113057 -0.000171376 9.70232e-05 -2.86148e-05 7.1518e-05 -3.40414e-05 -0.000265086 6.31609e-05 0.000222443 -0.00078741 3.6286e-05 -0.000160506 -2.72931e-05 0.000313744 -3.83499e-05 -0.000217401 -0.000778775
internal_weight=591921 588567 561534 559295 556364 1440 554924 545386 10181 9749 535205 514928 92861 89683 8490 2931 81193 75680 27033 4176 422067 418269 2867 2383 20277 2239 68781 51577 588 19959 22857 1430 5513 17204 5309 21427 2997 18430 415402 24757 22670 21667 16071 1003 10292 1604 5596 2803 390645 34614 24108 7139 16969 9911 2612 4527 7058 5233 10506 356031 9578 2631
internal_count=591921 588567 561534 559295 556364 1440 554924 545386 10181 9749 535205 514928 92861 89683 8490 2931 81193 75680 27033 4176 422067 418269 2867 2383 20277 2239 68781 51577 588 19959 22857 1430 5513 17204 5309 21427 2997 18430 415402 24757 22670 21667 16071 1003 10292 1604 5596 2803 390645 34614 24108 7139 16969 9911 2612 4527 7058 5233 10506 356031 9578 2631
is_linear=0
shrinkage=0.05


Tree=32
num_leaves=63
num_cat=0
split_feature=23 19 25 29 25 27 20 27 18 22 20 25 28 22 18 25 29 22 22 21 21 28 21 20 21 24 25 25 29 18 24 24 20 24 22 28 20 25 28 25 21 21 30 25 22 22 21 24 29 22 18 27 23 21 27 25 20 22 18 18 25 20
split_gain=0.16733 0.156025 0.162188 0.174375 0.209207 0.190567 0.175391 0.166227 0.162127 0.26322 0.198031 0.169891 0.167714 0.182596 0.157547 0.147182 0.152496 0.132886 0.169937 0.162383 0.143456 0.126559 0.125051 0.285682 0.214129 0.158487 0.129844 0.11942 0.15683 0.112691 0.140079 0.177868 0.126354 0.111429 0.110896 0.222671 0.217052 0.177723 0.118911 0.137132 0.116644 0.108321 0.103947 0.100578 0.119552 0.20034 0.116574 0.108202 0.0954086 0.095123 0.0935704 0.0918294 0.0911746 0.0910375 0.104275 0.201703 0.0894592 0.0889698 0.236823 0.100899 0.0861593 0.0855204
threshold=0.94099202938188642 -0.68985960918231826 16.083405089301451 -0.97346565315315281 -47.512062923979215 0.001877913975569579 0.27123938030984535 0.00022586818284849912 -1.0000000180025095e-35 1.5222950819672134 0.38794304287262033 35.007529767141634 0.014588741592703295 -0.81293995859213242 -0.59166666666666656 -9.8005930183720995 -2.5462233169129718 0.19564877743926259 0.1666666666666666 -1.0000000180025095e-35 0.29458859280037403 0.039959091643213991 0.75530145530145543 -0.17460317460317462 0.049390243902439075 27.803250925133629 48.323288100541724 -40.640325462160945 -0.71503759398496214 -1.2141563146997929 -26.049008242439527 10.840177145530758 0.27123938030984535 17.234221072971277 -0.48074074074074086 -0.062384157177401423 -0.58411016949152539 -11.224015930983377 0.0010354592423682163 -22.754215032499022 0.71917129262490109 -0.27146113956363283 26.871654083733702 -26.154327021383271 0.60622792937399694 0.44842429200264899 0.25074475826624826 -2.0062830558972489 -14.38247863247863 -0.15108548168249664 -0.03853822299454656 -0.0027918359804230308 -0.39923085820032378 -0.70541140719962592 0.0088481272273299317 -33.746895073326499 -0.61205695712737962 -0.75500175500175493 -1.0000000180025095e-35 0.54202648244099039 -18.132490537054867 0.41588983050847456
decision_type=2 2 2 2 2 2 2 2 2 2 2 2 2 2 2 2 2 2 2 2 2 2 2 2 2 2 2 2 2 2 2 2 2 2 2 2 2 2 2 2 2 2 2 2 2 2 2 2 2 2 2 2 2 2 2 2 2 2 2 2 2 2
left_child=1 -1 3 4 5 -3 21 57 29 10 12 -11 17 -14 -5 16 60 18 22 -19 -21 34 23 56 25 51 -27 28 -16 30 -4 -32 33 -31 35 -6 -36 -37 39 43 52 42 -30 44 45 46 53 50 -45 -34 -48 -25 -40 -38 -55 -56 -10 58 -8 -59 -9 -12
right_child=-2 2 8 14 6 -7 7 15 9 11 61 -13 13 -15 27 -17 -18 19 -20 20 -22 -23 -24 24 -26 26 -28 -29 41 32 31 -33 49 -35 36 37 38 -39 40 -41 -42 -43 -44 48 -46 -47 47 -49 -50 -51 -52 -53 -54 54 55 -57 -58 59 -60 -61 -62 -63
leaf_value=-0.00034129718318231844 0.00085735988165954726 -0.00025064916943204037 0.0013123080870433273 -0.00033717538320099518 0.0009539775305051492 -0.0012369760686655033 -0.00016126446765383378 -3.0371637431544703e-05 0.00012775075687239453 0.00038027634777650169 0.0010641441870279681 0.0016682684136165981 0.0014203902459838562 0.00028334403100416239 0.0015669383742409856 -0.00025570011815411489 -0.0019269197725902999 0.00070914465966021543 -0.00031851339940608034 9.5639303521190098e-05 0.00089596485196314518 -0.00069315618986596681 -0.00023872365350921756 0.00075045011626810457 0.00032205735719975745 0.00021467226572421448 0.0013099994186177356 3.1140072336418278e-05 0.0011599794695283834 -0.00014497464401502891 -0.00020668038307231846 0.00088177805313281342 -0.00010773206343381052 3.6740257229929357e-05 -0.00061706288920796619 -0.00021361107824891627 0.00064543248608592198 9.1566059738217178e-05 -0.00059439445533369961 -2.0429117584717181e-05 0.00044355780914408151 0.00011898461315965834 0.00018703295099617819 0.0010496022708045801 0.00037590037820650699 -0.0015288004890463818 0.00086511267535826347 -0.00013990917159987482 0.00022413337660787702 0.00048820918809662272 0.00021146784086321067 -3.031453189392149e-05 -6.8122765919034287e-05 -4.4516109032331827e-05 -0.0016787502739095109 0.00038312391948588465 0.00076648957282415386 5.3990697774976271e-05 -0.0020176897201789161 -0.00052551500277910924 -0.0013573432352859526 0.000258065269081686
leaf_weight=3354 568 2955 311 2776 685 587 797 293 779 679 709 411 422 2162 213 984 365 1460 3298 9249 596 701 3523 380 6102 4470 288 123225 527 21569 1122 564 1056 13856 1572 5651 457 30624 829 142091 1108 6915 573 370 2398 212 922 1035 6491 1830 1348 42103 113496 12354 276 208 1850 4215 219 914 210 614
leaf_count=3354 568 2955 311 2776 685 587 797 293 779 679 709 411 422 2162 213 984 365 1460 3298 9249 596 701 3523 380 6102 4470 288 123225 527 21569 1122 564 1056 13856 1572 5651 457 30624 829 142091 1108 6915 573 370 2398 212 922 1035 6491 1830 1348 42103 113496 12354 276 208 1850 4215 219 914 210 614
internal_value=-4.1685e-07 -1.24075e-06 6.98961e-07 -1.25566e-05 -3.18818e-05 -0.000414109 -2.77895e-05 -0.000259101 5.27204e-05 9.43125e-05 8.35303e-05 0.000865932 7.3066e-05 0.000469038 3.55829e-05 -0.000674339 -0.00114892 5.92574e-05 3.08464e-05 0.000217065 0.00014409 -2.20595e-05 5.02126e-05 6.83989e-05 4.33215e-05 7.31786e-06 0.000280972 4.34547e-05 0.000227882 -2.88943e-05 0.000337284 0.00015743 -4.79817e-05 -7.38994e-05 -2.05991e-05 6.08895e-05 -3.11607e-05 4.40249e-05 -2.7913e-05 -1.08845e-06 -6.69908e-05 0.000192297 0.000653163 0.000104321 4.56302e-05 -1.47834e-06 1.80272e-05 0.000283778 0.000268649 0.000270152 0.000476957 -2.33308e-05 -7.19389e-05 -4.80357e-05 -7.27214e-05 -0.000792656 0.000577225 -0.000133955 -0.000561419 -4.92786e-05 -0.000584376 0.000690046
internal_weight=591921 591353 587999 468596 334367 3542 330825 7997 119403 79095 78005 1090 76682 2584 134229 1852 868 74098 62793 11305 9845 322828 59495 55972 53343 47241 4758 131453 8228 40308 1997 1686 38311 35425 322127 36960 285167 36275 283595 168162 115433 8015 1100 26071 19210 16812 16600 3305 6861 2886 2270 42483 114325 13295 12838 484 2629 6145 1016 5129 503 1323
internal_count=591921 591353 587999 468596 334367 3542 330825 7997 119403 79095 78005 1090 76682 2584 134229 1852 868 74098 62793 11305 9845 322828 59495 55972 53343 47241 4758 131453 8228 40308 1997 1686 38311 35425 322127 36960 285167 36275 283595 168162 115433 8015 1100 26071 19210 16812 16600 3305 6861 2886 2270 42483 114325 13295 12838 484 2629 6145 1016 5129 503 1323
is_linear=0
shrinkage=0.05


Tree=33
num_leaves=63
num_cat=0
split_feature=23 0 28 28 28 0 28 27 0 17 23 0 17 22 17 17 22 28 20 29 30 31 27 29 22 20 20 17 30 17 23 27 0 17 20 22 17 22 22 17 17 31 17 23 22 31 29 22 22 17 17 22 26 20 22 22 26 0 17 26 30 28
split_gain=0.151015 0.151626 0.207327 0.246882 0.201968 0.156101 0.148658 0.143778 0.285175 0.180274 0.262557 0.173339 0.173459 0.163328 0.161832 0.220607 0.12411 0.146996 0.120408 0.116598 0.11382 0.117316 0.18203 0.15502 0.106201 0.106111 0.122423 0.107778 0.163392 0.140695 0.127498 0.429275 0.117023 0.105715 0.168801 0.136549 0.105419 0.149971 0.104122 0.212398 0.103363 0.136573 0.108903 0.102987 0.135812 0.095188 0.124388 0.0928128 0.282385 0.168663 0.132585 0.14113 0.12283 0.0912375 0.218808 0.153526 0.133288 0.166221 0.306168 0.124227 0.116377 0.108293
threshold=0.94099202938188642 272707.36592873937 0.0044622598272827272 1.4309456162518845e-05 0.02773464190623395 -74970.23434792606 0.0011480624853993998 0.0023613147133893491 -113796.37321258422 1.0357537031658439 1.0000000180025095e-35 -254780.87980516537 -0.96424629683415619 -0.80516821602478961 1.4621978021978026 0.48137931034482789 -0.59491634491634493 -0.062384157177401423 0.27123938030984535 3.4002012072434611 -8.5621755402631887 -3.589396628216504 0.0056339568866002826 -1.6111204038806604 -0.38881512681988811 -0.92717086834733875 -0.78665246716364912 0.72727272727272729 30.773401386748848 0.86839080459770124 1.0000000180025095e-35 0.00076609762738008103 -39482.186901246321 -0.36236763078868334 0.18918918918918923 0.33654548776032162 0.92308925172793732 0.88433667781493897 0.24462481650980053 0.58628632175761886 -0.13160919540229885 -4.8749457229700388 -0.81293995859213242 1.0000000180025095e-35 0.51851851851851849 0.78108974358974381 -3.336666666666666 0.0093023296883388302 0.31464646464646479 0.18571428571428564 0.55555555555555558 0.30040650406504071 7.3702011356239874 0.14680134680134674 -0.15108548168249664 0.69352226720647792 -6.8355307970456805 32593.986878086576 0.54482963368959547 -16.696708525573335 -21.990740740740737 0.004796994704140997
decision_type=2 2 2 2 2 2 2 2 2 2 2 2 2 2 2 2 2 2 2 2 2 2 2 2 2 2 2 2 2 2 2 2 2 2 2 2 2 2 2 2 2 2 2 2 2 2 2 2 2 2 2 2 2 2 2 2 2 2 2 2 2 2
left_child=1 4 3 -3 7 24 -5 11 20 16 18 12 -1 -14 15 -15 17 -10 -11 40 -9 22 -22 -24 -6 -13 -27 43 29 -29 36 32 -32 35 38 -23 37 -31 -35 -40 42 -42 -18 53 -45 47 -47 -43 49 52 51 -51 -49 55 60 -28 57 58 -56 -60 -55 -57
right_child=-2 2 -4 6 5 -7 -8 8 9 10 -12 25 13 14 -16 -17 19 -19 -20 -21 21 33 23 -25 -26 26 27 28 -30 30 31 -33 -34 34 -36 -37 -38 -39 39 -41 41 45 -44 44 -46 46 -48 48 -50 50 -52 -53 -54 54 56 61 -58 -59 59 -61 -62 -63
leaf_value=0.00063275061021657092 0.00081449188344162354 0.00037653008774183824 0.00057647019230629983 -0.00018856770352457345 8.6008609021157406e-05 -0.0001084847743675481 0.00018995275233556983 -1.9469613086136179e-05 0.0007942749485560541 -7.4658017506290772e-05 -0.0018399552010203693 0.00069046313430885429 -0.0015836827984168262 -0.00022625894661799746 -0.00064529903355470524 0.0014840543209499195 0.00033983407958378489 0.00014681183402280739 -0.0011225677015456819 0.00029635994240377692 0.0003479905241445483 0.00042613322445671865 0.000940907860343632 0.0025883957612749878 -0.00089560043052489588 -0.00028727964896025471 -1.7733198217797771e-05 0.00018618369199184241 0.00035911470221378214 4.9337365052299735e-05 -0.00052520534725698309 -0.0024075680974436197 4.1822909405585247e-05 0.00020644678000382848 0.0010727762097855456 0.0015850086157636557 4.6064388516919609e-05 -0.00056783851377207228 -0.0012635120899154432 0.00032134017043669398 0.00031648687698831264 6.3580453102409052e-05 -0.00020235523350225953 0.00014573801462024582 0.0013412438902892644 -0.00030058346776204746 0.00071035521118651334 -0.0014384892550451005 7.8789015552191243e-05 3.6998619350277648e-05 -0.0012760332987856696 -0.0012623947808178321 -0.00036535109712974569 -0.0012137172565318429 0.00019968486050073839 -0.0002599329795602099 0.00034023802508099813 0.00041974826028694256 -0.0017128798384319676 -0.00054437482537290428 -0.00012333932159434496 0.0001065947351550323
leaf_weight=407 568 4782 2371 7205 342 2914 4053 1730 997 2207 272 542 295 1046 1909 230 1028 7261 313 3239 930 1433 493 201 1418 3936 407682 11868 4113 2219 1374 222 2694 2021 431 309 37213 1769 414 432 3775 9213 9347 5171 249 449 944 684 4777 1713 285 238 437 258 1532 10716 7532 1415 328 742 4751 2482
leaf_count=407 568 4782 2371 7205 342 2914 4053 1730 997 2207 272 542 295 1046 1909 230 1028 7261 313 3239 930 1433 493 201 1418 3936 407682 11868 4113 2219 1374 222 2694 2021 431 309 37213 1769 414 432 3775 9213 9347 5171 249 449 944 684 4777 1713 285 238 437 258 1532 10716 7532 1415 328 742 4751 2482
internal_value=-3.96007e-07 -1.17871e-06 0.000140059 7.55496e-05 -5.71727e-06 -0.000333049 -5.22963e-05 -3.02497e-06 7.33652e-05 2.55898e-05 -0.000364112 -1.13052e-05 -0.000343933 -0.00045816 -0.000353912 8.20264e-05 5.01026e-05 0.000224981 -0.000204815 1.01307e-05 0.00034189 0.0004357 0.000805275 0.00141806 -0.000704856 -8.76411e-06 -9.50974e-06 -7.34191e-06 5.4698e-05 3.28694e-05 -7.12831e-06 -0.000266536 -0.000149695 0.000316614 0.000150188 0.000631697 1.98822e-05 -0.00022443 1.14942e-05 -0.000454226 -1.80571e-05 4.21127e-05 -0.000148633 -1.59535e-05 0.000200661 -1.31575e-05 0.000384503 -4.50905e-05 -0.000168177 -0.000519609 -0.000268668 -0.000121513 -0.00102015 -1.86374e-05 9.64886e-05 -2.31666e-05 0.00021619 -1.64027e-05 -0.000253587 -0.000902571 -0.000179502 -0.000191004
internal_weight=591921 591353 18411 16040 572942 4674 11258 568268 55573 47179 2792 512695 3887 3480 3185 1276 44387 8258 2520 36129 8394 6664 1624 694 1760 508808 508266 504330 61472 57359 45491 4290 4068 5040 3298 1742 41201 3988 2867 846 32890 22515 10375 442858 5420 18740 1393 17347 8134 3357 2236 1951 1121 437438 16558 420880 11549 4017 2602 1070 5009 13198
internal_count=591921 591353 18411 16040 572942 4674 11258 568268 55573 47179 2792 512695 3887 3480 3185 1276 44387 8258 2520 36129 8394 6664 1624 694 1760 508808 508266 504330 61472 57359 45491 4290 4068 5040 3298 1742 41201 3988 2867 846 32890 22515 10375 442858 5420 18740 1393 17347 8134 3357 2236 1951 1121 437438 16558 420880 11549 4017 2602 1070 5009 13198
is_linear=0
shrinkage=0.05


Tree=34
num_leaves=63
num_cat=0
split_feature=21 23 24 21 17 21 18 18 21 29 25 23 25 23 21 27 21 21 24 22 21 28 17 27 20 27 29 25 27 26 29 22 27 26 25 21 21 22 20 21 18 25 22 28 29 21 21 25 21 22 28 25 21 26 18 27 27 27 27 20 22 23
split_gain=0.140009 0.137423 0.134678 0.146057 0.149297 0.157195 0.144579 0.143952 0.141363 0.13418 0.157237 0.213254 0.663373 0.261653 0.210137 0.247245 0.194897 0.261097 0.188162 0.152858 0.145541 0.140988 0.144196 0.138262 0.137288 0.258535 0.154385 0.13866 0.136761 0.212123 0.166735 0.142497 0.154198 0.129839 0.166248 0.130374 0.155625 0.144584 0.132547 0.134355 0.1283 0.132549 0.126365 0.124788 0.124447 0.124227 0.120656 0.111174 0.223967 0.191212 0.182099 0.143945 0.140294 0.136816 0.120534 0.119945 0.113143 0.111524 0.107549 0.105782 0.119046 0.111132
threshold=1.5567567567567571 0.95300229057591634 14.331215950336597 0.71917129262490109 1.8236391540649377 0.8501602564102565 1.9358522460241658 0.96590860176483262 0.82290928419560605 5.1103174603174608 -2.5080599523253801 1.0000000180025095e-35 -26.410507009917026 0.60076914179967622 0.50628205128205128 0.00012978509518945519 0.29458859280037403 0.31076705120420972 9.8061126146822684 -0.80435122256073732 0.29268507638072855 0.013992109160460347 -0.96424629683415619 0.0001776000826596981 0.24154589371980686 0.0011018123296574896 0.43973767410065806 -19.131301102649054 0.0024716981840934645 -9.187174591143739 8.5571111385222665 -0.097982216142270859 0.010150742593978961 10.416059813608934 -37.748502971672529 -0.034091398235167512 -0.7875255733821469 0.61535124048436096 -0.029492753623188591 1.3148881789137383 -0.26261343012704169 13.346451163451396 -0.44256120527306958 0.018674365426517864 -2.5462233169129718 -0.66123550579768076 -1.0000000180025095e-35 -22.754215032499022 0.27641208216778296 -0.91004543484194123 0.0019079137732307949 -26.154327021383271 -0.16784037558685447 9.7003444854651075 -0.26731148221138884 0.0016454748818203124 -0.0026362622507669327 -0.00014590990540721885 0.0033085736287668996 -1.0000000180025095e-35 -0.81293995859213242 -0.38072663834951453
decision_type=2 2 2 2 2 2 2 2 2 2 2 2 2 2 2 2 2 2 2 2 2 2 2 2 2 2 2 2 2 2 2 2 2 2 2 2 2 2 2 2 2 2 2 2 2 2 2 2 2 2 2 2 2 2 2 2 2 2 2 2 2 2
left_child=1 2 3 9 8 -6 33 -7 -5 10 11 14 13 23 24 -16 19 -18 -14 21 58 59 -23 -13 43 26 -26 -27 -11 30 -30 -31 -33 -4 44 36 -36 38 39 -37 41 -40 46 47 -35 -45 -42 48 49 -1 51 53 -53 56 -52 -54 -51 -50 -21 -12 61 -61
right_child=-2 -3 6 4 5 7 -8 -9 -10 28 16 12 18 -15 15 -17 17 -19 -20 20 -22 22 -24 -25 25 27 -28 -29 29 31 -32 32 -34 34 35 37 -38 -39 40 -41 42 -43 -44 45 -46 -47 -48 -49 57 50 54 52 55 -55 -56 -57 -58 -59 -60 60 -62 -63
leaf_value=-0.00089865963055066529 -0.00096748451092828298 0.00098508225689334403 0.00011717925860107882 0.00029645024252317241 0.0018025431561362324 0.00011855889688225171 0.00042439952701424653 0.001460019694059156 -0.00011515375278501122 3.8079135633652543e-05 0.00047798045610856474 -0.0015796294476519352 -7.3351227472038475e-05 -0.00035315295367786554 -0.00034130281479795321 -0.0023743073648390053 0.00079033517794192864 8.2306688434195631e-05 -0.0013926620700759587 -2.4431647397900829e-05 -0.00051406502882109142 0.00035779339704241253 0.0016464420035780748 -0.0032409024280717689 -0.0002708903776354839 -0.0020040030166764947 0.0006244593501097531 -0.00054974933464057673 0.0015493768169885054 0.00072120587191289837 0.00043905283345723617 2.7384053970688572e-05 -0.0012489520543594529 0.0016890001115971245 0.00061029095509657083 0.00059989763233573548 -0.00018279357727578625 -0.00020167445346648463 -0.00059778817478262634 -0.00017684146210858554 0.00090862828168730844 2.3711781184913822e-05 1.6929699755537826e-05 -0.0012318565752064937 0.0003476493999054898 -0.00023440457440710135 0.00017557421696545719 -6.6073014418085394e-05 6.1591157311005165e-05 -0.00089551893185683832 0.0002657038536099058 -0.00053771372616571132 0.00022016549947784862 0.00038899617873031729 -0.00017867795914838346 0.00075136818169369815 -8.3432110472026882e-06 0.00057019570491872713 0.00012538573283324647 0.00093828134250996647 0.00046020210308843817 -2.5239528538272265e-05
leaf_weight=594 374 354 36547 4336 246 914 2484 256 4020 47790 1630 249 4387 222 568 203 1745 5130 288 206164 1475 943 282 252 4188 306 544 353 501 507 1040 1044 306 200 649 2010 13187 6444 1599 770 605 1851 44719 344 1277 3372 7776 95675 1821 365 1702 519 6097 2214 14751 1287 23321 2641 12718 307 1581 11877
leaf_count=594 374 354 36547 4336 246 914 2484 256 4020 47790 1630 249 4387 222 568 203 1745 5130 288 206164 1475 943 282 252 4188 306 544 353 501 507 1040 1044 306 200 649 2010 13187 6444 1599 770 605 1851 44719 344 1277 3372 7776 95675 1821 365 1702 519 6097 2214 14751 1287 23321 2641 12718 307 1581 11877
internal_value=-3.76207e-07 2.35238e-07 -3.54477e-07 -1.24052e-05 0.000178883 0.000653639 4.69057e-05 0.000412075 9.84311e-05 -1.64573e-05 -2.59843e-05 -6.34781e-05 -0.000372603 -0.00178207 -5.3105e-05 -0.000876582 -4.20264e-07 0.000262017 -0.000154626 -8.0339e-06 -1.90623e-05 0.000138187 0.000654446 -0.00241524 -4.91392e-05 -0.000297175 -0.000167959 -0.00122502 5.98718e-05 0.000366367 0.000800034 6.49488e-06 -0.000261919 3.89344e-05 3.66836e-06 -6.08331e-06 -0.000145593 2.32634e-05 4.76946e-05 0.000384758 3.11245e-05 -0.00026434 5.03214e-05 -4.04958e-05 0.000529281 -0.000326741 0.000228491 -3.34509e-05 2.29765e-05 -6.82727e-06 3.71373e-06 7.01147e-05 0.000256901 1.31197e-05 -0.000132708 0.000312752 -2.20145e-05 0.000362628 -1.57266e-05 9.71075e-05 5.2006e-05 -9.61713e-07
internal_weight=591921 591547 591193 471075 9772 1416 120118 1170 8356 461303 410115 166263 5398 723 160865 771 243852 6875 4675 236977 220357 16620 1225 501 160094 5391 4732 659 51188 3398 1541 1857 1350 117634 81087 79610 13836 65774 59330 2780 56550 3450 53100 154703 1477 3716 8381 150987 55312 50850 50256 33803 7903 25900 16453 7384 23686 4462 218882 15395 13765 12184
internal_count=591921 591547 591193 471075 9772 1416 120118 1170 8356 461303 410115 166263 5398 723 160865 771 243852 6875 4675 236977 220357 16620 1225 501 160094 5391 4732 659 51188 3398 1541 1857 1350 117634 81087 79610 13836 65774 59330 2780 56550 3450 53100 154703 1477 3716 8381 150987 55312 50850 50256 33803 7903 25900 16453 7384 23686 4462 218882 15395 13765 12184
is_linear=0
shrinkage=0.05


Tree=35
num_leaves=63
num_cat=0
split_feature=19 17 0 22 22 17 17 18 27 0 18 23 29 22 25 20 20 18 22 20 18 22 17 22 27 22 24 17 20 0 24 0 20 5 5 19 20 18 18 25 17 22 18 26 27 22 0 27 24 0 27 0 27 31 0 22 22 18 25 25 27 18
split_gain=0.134317 0.169756 0.212969 0.174377 0.172745 0.173667 0.305338 0.160304 0.163811 0.15669 0.155398 0.13399 0.133412 0.117577 0.119715 0.155683 0.151107 0.142768 0.195267 0.142552 0.143134 0.140702 0.180705 0.133648 0.184206 0.160209 0.137263 0.125192 0.122733 0.121673 0.116722 0.116158 0.483252 0.328024 0.325037 0.27538 0.270833 0.254556 0.343332 0.396106 0.299262 0.490213 0.395856 0.253932 0.253366 0.241385 0.230934 0.438536 0.207957 0.201173 0.254183 0.196022 0.34587 0.174844 0.17149 0.167597 0.197072 0.13808 0.148055 0.182249 0.158145 0.148678
threshold=-0.68985960918231826 -1.152394775036284 -254780.87980516537 3.1976328674089873 -0.80516821602478961 1.2264285714285716 0.48137931034482789 -0.034091398235167512 0.0088481272273299317 -200601.81292842954 -0.037698931051749263 0.95300229057591634 15.440569173244706 2.6993521421107634 16.083405089301451 0.38794304287262033 0.41588983050847456 -1.0000000180025095e-35 1.5222950819672134 -0.58411016949152539 0.88746729461015184 -0.99069767031166112 -0.43754772553725313 0.1992063492063493 -0.0027918359804230308 0.1666666666666666 18.277018341866881 0.86839080459770124 0.86576576576576569 -67977.262764684318 27.44760077613843 -50458.028663535355 0.28366174055829246 -2.1316282072803002e-14 -1.0000000180025095e-35 0.4867851446798816 0.36871227364185116 -0.45797351755900967 -0.033771225817352361 -2.7542385533313651 -0.07930107526881712 0.1992063492063493 0.56498978549540357 12.741427050377405 0.0013164292174330332 0.55743879472693048 -97002.506771245346 0.0079098620669464971 -1.3943853692294892 -97002.506771245346 0.0036859442232801717 -98795.684750938541 -0.0019416139613302847 -8.2813439740920636 2694.8894234453915 0.031676413255360643 0.1666666666666666 -0.03658778424114225 -26.910851063912041 -43.312640709636717 0.00080181119742316835 -0.44132334581772775
decision_type=2 2 2 2 2 2 2 2 2 2 2 2 2 2 2 2 2 2 2 2 2 2 2 2 2 2 2 2 2 2 2 2 2 2 2 2 2 2 2 2 2 2 2 2 2 2 2 2 2 2 2 2 2 2 2 2 2 2 2 2 2 2
left_child=-1 7 4 11 -3 6 -6 8 10 -9 -2 12 13 14 19 17 -17 -16 21 -4 28 -19 -23 24 26 30 -24 -25 31 -20 -26 32 33 -21 -35 37 -33 -36 57 40 43 51 45 46 54 49 47 48 -40 -43 -51 52 -42 -34 -38 -53 -57 58 59 -39 -61 -60
right_child=1 2 3 -5 5 -7 -8 9 -10 -11 -12 -13 -14 -15 15 16 -18 18 29 20 -22 22 23 27 25 -27 -28 -29 -30 -31 -32 36 53 34 35 -37 44 38 39 -41 41 42 -44 -45 -46 -47 -48 -49 -50 50 -52 55 -54 -55 -56 56 -58 -59 61 60 -62 -63
leaf_value=-0.0003203670162907158 3.5327937857851454e-06 -0.0015042592216230732 -0.00038588540083040688 0.0010696948251836273 -0.00015772172000620829 -0.00057149355224142713 0.0018137425373697226 0.0010182613964601435 0.0010120786050931494 0.00019889028285453877 -0.0011682604877903044 0.00095581861604751887 0.00012046485132957677 -0.00077580083780413411 -6.3581010163907761e-05 0.0010127660840568507 0.00019968979609668507 -0.00027516657123784937 0.0013935281273512201 -0.00066760743837446929 0.00017294928044014118 0.00030164558583660071 0.00036615160701899681 0.00030833700798451745 -6.792486830340052e-06 -0.00035389586587457556 0.0018828541693358643 -3.965402804890754e-05 -0.00058287812748580327 0.00023168517623329161 0.00026553860286637353 -8.8417418042343588e-06 -0.0017274410554128285 0.00037820466703035737 -0.00058806710449017449 -0.0013315934887688694 5.5857096483768014e-05 -0.00045785167872730348 -0.00094566934698872031 4.8088636729407167e-05 -0.00079852132892412628 -0.0011916044756151889 0.00066119534984466241 -0.000909622245878651 -0.0012692688863374267 -0.00016101898850530083 -0.00011524740283239208 0.00095469520413764492 -0.00017747361831657149 -0.00039732867811360012 -0.0018695348468162759 -1.5081755057004152e-05 0.00031110486169079921 -0.00050268145096583612 0.00079925298870031462 -0.00092569388902285436 3.7033613892833306e-05 0.00045122798038948922 0.0010751230308016875 0.00014150930703439544 0.00059500806001067173 -2.408800331729089e-05
leaf_weight=3263 16079 307 2643 379 1457 2129 227 608 396 14463 288 364 20787 499 29945 722 2740 3055 439 2066 9637 7597 534 7922 41653 3074 207 3836 973 463 4345 286069 316 4636 2111 417 1209 841 2990 31651 770 1487 814 1916 207 3441 7355 431 1249 3758 318 12240 7983 3743 2165 1185 964 2704 313 5016 3117 17923
leaf_count=3263 16079 307 2643 379 1457 2129 227 608 396 14463 288 364 20787 499 29945 722 2740 3055 439 2066 9637 7597 534 7922 41653 3074 207 3836 973 463 4345 286069 316 4636 2111 417 1209 841 2990 31651 770 1487 814 1916 207 3441 7355 431 1249 3758 318 12240 7983 3743 2165 1185 964 2704 313 5016 3117 17923
internal_value=-4.56827e-07 1.31492e-06 -5.09935e-06 -2.43207e-06 -0.000363252 -0.000271385 0.000108028 0.000113614 7.22591e-06 0.000231946 -1.70865e-05 -3.16706e-06 -3.79889e-06 -8.65713e-06 -7.93648e-06 3.94548e-05 0.000369257 2.83772e-05 6.60344e-05 -1.98253e-05 -1.75327e-05 5.69035e-05 7.15703e-05 4.31822e-05 7.3924e-06 -4.42285e-06 0.000789846 0.000194806 -2.19842e-05 0.00079715 1.89321e-05 -2.06576e-05 -6.16359e-05 -4.31372e-05 -3.19796e-05 -4.91121e-05 -3.43233e-06 -4.42757e-05 -3.36923e-05 -8.85881e-05 -0.000180824 -9.86833e-05 -0.000394728 -0.000375025 0.0004287 -0.000490188 -0.000289845 -0.000564827 -0.000719324 -0.000693796 -0.000512187 2.69139e-05 0.000213491 -0.000598031 0.000532873 -8.65833e-05 -0.000493833 0.00011046 7.65962e-05 0.000242857 0.000315314 -5.22131e-06
internal_weight=592436 589173 557339 553219 4120 3813 1684 31834 16763 15071 16367 552840 552476 531689 531190 106532 3462 103070 73125 424658 422015 72223 69168 61571 49813 49072 741 11758 412378 902 45998 411405 121755 117696 115630 110994 289650 110577 108466 78552 46901 32960 9818 13941 3581 9004 12025 4670 4239 5563 4076 23142 8753 4059 3374 14389 2149 29914 27210 8974 8133 18236
internal_count=592436 589173 557339 553219 4120 3813 1684 31834 16763 15071 16367 552840 552476 531689 531190 106532 3462 103070 73125 424658 422015 72223 69168 61571 49813 49072 741 11758 412378 902 45998 411405 121755 117696 115630 110994 289650 110577 108466 78552 46901 32960 9818 13941 3581 9004 12025 4670 4239 5563 4076 23142 8753 4059 3374 14389 2149 29914 27210 8974 8133 18236
is_linear=0
shrinkage=0.05


Tree=36
num_leaves=63
num_cat=0
split_feature=28 0 20 20 25 20 0 28 28 20 0 17 18 17 28 0 0 22 27 28 19 28 22 17 25 20 20 19 29 26 27 20 18 0 27 18 18 0 20 27 18 17 28 24 25 17 28 0 25 25 30 22 29 18 18 18 18 29 27 25 26 27
split_gain=0.126379 0.23682 0.115709 0.145311 0.121707 0.248346 0.166936 0.411494 0.462275 0.247402 0.308955 0.225561 0.155861 0.226945 0.154166 0.362381 0.27329 0.229234 0.241481 0.328172 0.226671 0.237948 0.202286 0.178925 0.167396 0.147213 0.14244 0.140754 0.140366 0.139271 0.133603 0.133423 0.133321 0.140475 0.126305 0.124702 0.1937 0.12063 0.122675 0.119061 0.11729 0.11679 0.119798 0.112889 0.11138 0.1107 0.1092 0.106669 0.102574 0.112327 0.102351 0.100486 0.100267 0.0976126 0.120624 0.195879 0.105251 0.0968913 0.0961937 0.12447 0.0923976 0.0971043
threshold=0.02773464190623395 -17021.818406872542 -0.85319865319865318 -0.78665246716364912 16.717347502989966 -0.58411016949152539 52014.473836749989 -1.0000000180025095e-35 0.0015289901845486858 0.24154589371980686 -58513.998181402931 1.8236391540649377 -1.0000000180025095e-35 0.55555555555555558 0.0011480624853993998 -52738.385276212488 -109073.83533186732 -0.93541666666666656 0.0034875917470133127 1.4309456162518845e-05 0.49062955897205707 0.0097392404815219869 2.4150629603231173 1.9330128205128208 -14.784261320650289 0.38794304287262033 0.38794304287262033 1.0000000180025095e-35 -3.8135600231653837 7.6224956319943482 -0.00031103840621495639 0.41588983050847456 -1.0000000180025095e-35 -191635.46588171468 -0.00056884434078347164 -0.43501021450459648 -0.41277890466531436 -11480.372776831455 -0.17460317460317462 0.0060635255195328787 -0.010389680483592399 2.5059259259259266 0.0018168852690248389 11.970823516639735 -12.537370369277765 -1.5202996254681642 0.009987461650250648 251603.32837349855 -26.154327021383271 -25.637746980322337 97.367255298633054 -0.11566332218506113 10.821764705882355 -0.038641060420986799 -0.037698931051749263 -0.034091398235167512 -0.041219530049044696 -6.4874921826141323 0.00055693350709544746 -19.131301102649054 39.050190128629445 0.00080181119742316835
decision_type=2 2 2 2 2 2 2 2 2 2 2 2 2 2 2 2 2 2 2 2 2 2 2 2 2 2 2 2 2 2 2 2 2 2 2 2 2 2 2 2 2 2 2 2 2 2 2 2 2 2 2 2 2 2 2 2 2 2 2 2 2 2
left_child=2 45 -1 -4 6 -6 9 -8 11 14 12 27 -11 -14 16 20 17 29 19 48 21 22 39 40 32 46 28 35 -7 -5 -25 -28 33 -23 -21 -9 -37 41 -39 57 -17 60 -43 -40 -32 -2 -10 -3 -19 -50 -18 -42 -34 56 -55 -56 -38 -16 -12 -60 61 -30
right_child=1 47 3 4 5 26 7 8 25 10 58 -13 13 -15 15 23 50 18 -20 34 -22 24 -24 30 -26 -27 31 -29 37 -31 44 -33 52 -35 -36 36 53 38 43 -41 51 42 -44 -45 -46 -47 -48 -49 49 -51 -52 -53 -54 54 55 -57 -58 -59 59 -61 -62 -63
leaf_value=0.00045460233967215252 0.00036765604161583871 -1.7474636589502487e-06 -0.00030300426032391287 -0.00066244836857811892 0.00062219057326093959 -7.3751155591388209e-05 0.00037057234895619451 0.00035504489486011748 9.8900269057689558e-05 -0.00022758912180577312 8.6873684276705563e-05 0.0004661291414003976 -0.001586167636599675 -0.00054039788568544444 -0.00040003722932659017 -9.7748197367543519e-05 -1.6479554855026836e-05 -0.0004070424509793412 0.00060705008994787297 6.8539613079532496e-05 -0.0017012470026613559 -0.001195217108338634 0.0013254157695890413 -0.00024229791577734736 -0.00017701970821893428 0.00072074978669957139 0.00096212778308928993 0.00024608505763649887 7.1931710836986332e-05 0.00032224910298041048 -0.0020938746100865042 0.00019571604966931767 -0.00098377171776587759 5.3803786685169515e-05 0.00034629733684771023 -0.0014010802368494824 -0.00019692321062325099 0.00063842198268544074 -9.8199934370737289e-05 0.00035220998114911164 0.00010854352204574087 -4.8003588497522287e-06 0.0014434251302535249 7.4158503628529712e-05 -0.00055573617426566769 -0.00065866123053625724 0.00034874309306974889 0.0010074366998491771 0.00058649538413788537 -8.0481045606032477e-05 0.00038407217846721714 -7.2527974329912118e-06 0.00016484846822689949 0.00034637603107487072 -0.00070489526759152747 -9.6525624868801859e-05 -0.00067635083511005038 -0.00011585907111284278 -0.0014929712299786404 -7.3530864001559055e-05 -0.0002407539471366867 0.0002379827984567839
leaf_weight=1407 293 1969 3914 1344 1862 25059 9155 1293 27130 1887 4249 1789 711 1919 3288 22483 181111 2192 2940 6129 241 296 242 1500 3338 1126 722 2666 27297 490 202 2660 2195 940 12320 304 4411 733 19591 1266 27855 250 333 18444 282 2544 5214 302 697 6692 1609 57222 208 1436 1380 32089 1546 34180 232 462 1799 12996
leaf_count=1407 293 1969 3914 1344 1862 25059 9155 1293 27130 1887 4249 1789 711 1919 3288 22483 181111 2192 2940 6129 241 296 242 1500 3338 1126 722 2666 27297 490 202 2660 2195 940 12320 304 4411 733 19591 1266 27855 250 333 18444 282 2544 5214 302 697 6692 1609 57222 208 1436 1380 32089 1546 34180 232 462 1799 12996
internal_value=-4.33986e-07 -0.000248063 1.71965e-06 6.32119e-07 2.67407e-06 4.95789e-05 -8.47171e-06 5.29573e-05 1.67838e-05 -2.29187e-05 -0.000275419 -8.44934e-05 -0.00057433 -0.000823114 -1.64848e-05 -5.43879e-05 1.0904e-05 0.000143785 0.00017595 0.000130733 -0.000171839 -0.000163818 -0.00011568 -4.8596e-06 -0.000432735 0.000158741 3.98759e-05 -0.000106323 2.97315e-05 -0.000399361 -0.000475367 0.000359332 -0.000667298 -0.000245314 0.000254023 -0.000128451 -0.000143637 6.15719e-05 -2.27229e-06 -0.000124683 3.81915e-06 0.000119571 0.000822402 -1.46196e-05 -0.00119769 -0.000552665 0.000139176 0.000132455 -0.000106672 -1.75656e-05 -1.29524e-05 3.066e-05 -0.000884349 -0.000134282 -0.000102357 -0.00012161 -0.000321347 -0.000140797 -2.26872e-06 -0.000548041 0.000109836 0.000125489
internal_weight=592436 5108 587328 585921 582007 111746 470261 89539 80384 380722 9460 46914 4517 2630 371262 155738 215524 32804 30970 28030 46194 45953 38976 109544 6977 33470 109884 45125 106502 1834 1984 3382 3639 1236 18449 42459 41166 81443 38768 38734 107560 42675 583 38035 484 2837 32344 2271 9581 7389 182720 85077 2403 40862 34905 33469 5957 37468 4943 694 42092 40293
internal_count=592436 5108 587328 585921 582007 111746 470261 89539 80384 380722 9460 46914 4517 2630 371262 155738 215524 32804 30970 28030 46194 45953 38976 109544 6977 33470 109884 45125 106502 1834 1984 3382 3639 1236 18449 42459 41166 81443 38768 38734 107560 42675 583 38035 484 2837 32344 2271 9581 7389 182720 85077 2403 40862 34905 33469 5957 37468 4943 694 42092 40293
is_linear=0
shrinkage=0.05


Tree=37
num_leaves=63
num_cat=0
split_feature=23 28 0 0 20 20 17 0 25 22 23 25 0 30 27 27 17 17 0 27 29 27 22 22 0 20 25 0 20 22 28 30 28 0 20 22 22 25 17 17 22 22 17 17 28 0 17 0 23 17 0 17 0 0 22 22 22 22 17 25 28 25
split_gain=0.119798 0.114817 0.215624 0.108779 0.104044 0.137782 0.110044 0.177552 0.177736 0.166081 0.198006 0.436851 0.245664 0.228243 0.173742 0.148676 0.145483 0.143812 0.133197 0.135583 0.181229 0.130731 0.134339 0.124729 0.123598 0.123357 0.189647 0.127101 0.121344 0.120724 0.175276 0.114879 0.113472 0.231049 0.118076 0.164632 0.141574 0.117366 0.106205 0.111315 0.106161 0.104802 0.102931 0.100645 0.100452 0.0962684 0.0948493 0.287141 0.146662 0.135541 0.175728 0.120598 0.28478 0.104904 0.0931028 0.092817 0.0918535 0.172828 0.090751 0.151561 0.157545 0.0906708
threshold=0.95300229057591634 0.02773464190623395 -17021.818406872542 -286465.00452334509 -0.85319865319865318 -0.80572694881376539 0.72727272727272729 162197.75941901698 35.738850101485575 -1.0000000180025095e-35 1.0000000180025095e-35 -26.410507009917026 -27406.517500085207 -5.1543878656554698 0.0010141615527513605 0.0017189939896385747 0.86839080459770124 0.92308925172793732 -109073.83533186732 0.0056339568866002826 -1.0517395182872438 0.0036859442232801717 0.071794871794871665 0.40224719101123602 -30504.018108793101 0.27123938030984535 -15.110698288771461 -113796.37321258422 0.85780215952629746 -0.64112861703223134 -0.062384157177401423 30.773401386748848 -0.011602313894529127 5743.9679257788021 0.14680134680134674 -0.15108548168249664 0.69352226720647792 28.162862479391887 2.3390716882096196 1.7476190476190483 0.19564877743926259 0.19564877743926259 0.46328626444159188 -1.5202996254681642 0.0047315521529143695 251603.32837349855 0.39003720545680054 -191635.46588171468 1.0000000180025095e-35 0.63043478260869579 47936.493051376798 0.30870870870870865 -152453.70125788671 -95245.052327172758 0.34178433889602056 0.86410256410256425 0.33654548776032162 0.33789974847287108 1.935416666666667 34.435850027543928 0.00030659092539439119 -21.452640196373057
decision_type=2 2 2 2 2 2 2 2 2 2 2 2 2 2 2 2 2 2 2 2 2 2 2 2 2 2 2 2 2 2 2 2 2 2 2 2 2 2 2 2 2 2 2 2 2 2 2 2 2 2 2 2 2 2 2 2 2 2 2 2 2 2
left_child=1 3 43 58 -5 -6 15 8 9 24 16 13 14 -12 -13 32 23 55 19 40 56 22 -10 41 -8 31 -27 -28 -29 30 -20 -19 33 -7 36 -36 46 -37 39 -24 -17 -11 -35 -3 -38 -4 48 -48 51 -49 53 -34 61 -51 -52 -18 -21 -58 59 60 -1 -53
right_child=-2 2 45 4 5 6 7 -9 21 10 11 12 -14 -15 -16 18 17 25 29 20 -22 -23 38 -25 -26 26 27 28 -30 -31 -32 -33 34 42 35 37 44 -39 -40 -41 -42 -43 -44 -45 -46 -47 47 49 -50 50 54 52 -54 -55 -56 -57 57 -59 -60 -61 -62 -63
leaf_value=0.00093945067818199221 0.00090638559357023116 0.00034927323687002749 -1.6600902394033362e-06 0.00043187222243247313 -0.00067541885995725396 -2.3710342717862456e-05 0.00061172509907086612 0.00031324617998026289 6.4636306134609113e-05 0.00018818662660783413 -0.0022820430217531883 -0.00036281241876193892 0.00020698326075261643 -0.00059234128354855283 -0.0018876550413428719 0.0002118249637428744 -7.6368807034169931e-05 1.0813272075241536e-05 0.00089040384668565183 0.00018795077148992567 0.0014826829509521999 0.0015196491535688337 0.00062191443624212413 6.436634743730622e-05 -7.7761558398460598e-05 -0.00087549345312812245 -0.0010277174109727405 0.00033424137738532447 -0.00063547292583334856 4.7700281630808e-06 0.00013379615755534542 0.00036104528615333643 -1.8954346463997176e-05 0.00036033699424618912 -0.00013768220413570403 0.00018161644439168367 -0.00025927466200384821 0.00098360079702783767 0.0015678209429289731 -0.0005634979631965164 -0.00032153116969249027 0.00071813708936995489 0.0010819161951930113 -0.00062942177091200168 9.7992433494044635e-05 0.00095706485753064825 0.0011670442703378774 -0.00015089598844468202 0.00038764628362932663 -0.00098233070527756943 9.9989201326528549e-05 -0.0015046840377601789 0.00022062092434194555 -3.1353571416378938e-05 0.00067290220904632611 -0.00057105705197898983 0.0020863786635824991 0.00027083985874285009 -0.00065086102988092713 -0.0010427654882752884 -0.00043834642872082582 -0.0003283973840533125
leaf_weight=457 364 293 1969 1407 751 6305 1934 6317 3157 2185 369 1915 2707 436 207 5000 1976 31248 850 1816 425 216 1388 7646 979 962 278 1449 415 47053 7696 2531 349489 2699 4656 10964 10160 476 246 231 1147 1628 605 2539 2440 302 451 33620 2288 301 1400 294 9840 7933 1437 1823 203 370 1170 273 380 370
leaf_count=457 364 293 1969 1407 751 6305 1934 6317 3157 2185 369 1915 2707 436 207 5000 1976 31248 850 1816 425 216 1388 7646 979 962 278 1449 415 47053 7696 2531 349489 2699 4656 10964 10160 476 246 231 1147 1628 605 2539 2440 302 451 33620 2288 301 1400 294 9840 7933 1437 1823 203 370 1170 273 380 370
internal_value=-4.12286e-07 -9.69777e-07 -0.000237115 1.08323e-06 2.42735e-06 1.39144e-06 2.26399e-06 6.00207e-05 3.57568e-05 1.16377e-05 -6.93518e-06 -0.000288527 -0.000108765 -0.00136688 -0.00051156 -5.91281e-06 2.34917e-05 -2.08342e-05 6.50018e-05 0.000243894 0.000531345 0.000315203 0.000263399 0.000180859 0.000380003 9.33663e-06 -0.000292312 -3.03973e-05 0.000118345 3.61694e-05 0.00020905 3.70555e-05 -1.61842e-05 0.000153774 -1.99289e-05 0.000112971 -2.50219e-05 0.000214986 0.000599857 0.000452779 0.000112303 0.000414454 0.000492466 -0.000528166 -0.00019009 0.000125832 -1.9917e-05 -8.82604e-05 -1.1401e-05 -0.000100928 5.08117e-05 -1.39372e-05 0.000152992 -6.61172e-05 0.000390182 -0.000313751 0.000362103 0.000914041 -0.000343607 -1.97456e-05 0.000313927 -0.000849223
internal_weight=592436 592072 5103 586969 584689 583282 582531 72243 65926 60688 57775 5634 4829 805 2122 510288 52141 40682 64560 8961 2814 5238 5022 11459 2913 36883 3104 2142 1864 55599 8546 33779 445728 9609 436119 16096 420023 11440 1865 1619 6147 3813 3304 2832 12600 2271 407423 45142 362281 44691 11071 359993 10504 8234 2837 3799 2389 573 2280 1110 837 664
internal_count=592436 592072 5103 586969 584689 583282 582531 72243 65926 60688 57775 5634 4829 805 2122 510288 52141 40682 64560 8961 2814 5238 5022 11459 2913 36883 3104 2142 1864 55599 8546 33779 445728 9609 436119 16096 420023 11440 1865 1619 6147 3813 3304 2832 12600 2271 407423 45142 362281 44691 11071 359993 10504 8234 2837 3799 2389 573 2280 1110 837 664
is_linear=0
shrinkage=0.05


end of trees

feature_importances:
fema__disasters_10yr_count=298
zhvi_t=278
fema__disasters_10yr_severe_storm=255
nri__wildfire_risk=244
fema__disasters_10yr_other=226
derived__derived__drawdown=196
fema__disasters_10yr_fire=177
derived__derived__vol_24m=153
fema__disasters_10yr_hurricane=135
fema__disasters_10yr_tornado=89
afdc__afdc__dcfc_ports=61
nri__composite_risk=57
afdc__afdc__station_count=55
nri__flood_risk_combined=50
afdc__afdc__l2_ports=43
fema__disasters_10yr_flood=34
fred__case_shiller_us=5

parameters:
[boosting: gbdt]
[objective: regression]
[metric: rmse]
[tree_learner: serial]
[device_type: cpu]
[data_sample_strategy: bagging]
[data: ]
[valid: ]
[num_iterations: 1500]
[learning_rate: 0.05]
[num_leaves: 63]
[num_threads: 0]
[seed: 0]
[deterministic: 0]
[force_col_wise: 0]
[force_row_wise: 0]
[histogram_pool_size: -1]
[max_depth: -1]
[min_data_in_leaf: 200]
[min_sum_hessian_in_leaf: 0.001]
[bagging_fraction: 0.8]
[pos_bagging_fraction: 1]
[neg_bagging_fraction: 1]
[bagging_freq: 5]
[bagging_seed: 3]
[bagging_by_query: 0]
[feature_fraction: 0.8]
[feature_fraction_bynode: 1]
[feature_fraction_seed: 2]
[extra_trees: 0]
[extra_seed: 6]
[early_stopping_round: 0]
[early_stopping_min_delta: 0]
[first_metric_only: 0]
[max_delta_step: 0]
[lambda_l1: 0]
[lambda_l2: 0]
[linear_lambda: 0]
[min_gain_to_split: 0]
[drop_rate: 0.1]
[max_drop: 50]
[skip_drop: 0.5]
[xgboost_dart_mode: 0]
[uniform_drop: 0]
[drop_seed: 4]
[top_rate: 0.2]
[other_rate: 0.1]
[min_data_per_group: 100]
[max_cat_threshold: 32]
[cat_l2: 10]
[cat_smooth: 10]
[max_cat_to_onehot: 4]
[top_k: 20]
[monotone_constraints: ]
[monotone_constraints_method: basic]
[monotone_penalty: 0]
[feature_contri: ]
[forcedsplits_filename: ]
[refit_decay_rate: 0.9]
[cegb_tradeoff: 1]
[cegb_penalty_split: 0]
[cegb_penalty_feature_lazy: ]
[cegb_penalty_feature_coupled: ]
[path_smooth: 0]
[interaction_constraints: ]
[verbosity: -1]
[saved_feature_importance_type: 0]
[use_quantized_grad: 0]
[num_grad_quant_bins: 4]
[quant_train_renew_leaf: 0]
[stochastic_rounding: 1]
[linear_tree: 0]
[max_bin: 255]
[max_bin_by_feature: ]
[min_data_in_bin: 3]
[bin_construct_sample_cnt: 200000]
[data_random_seed: 1]
[is_enable_sparse: 1]
[enable_bundle: 1]
[use_missing: 1]
[zero_as_missing: 0]
[feature_pre_filter: 1]
[pre_partition: 0]
[two_round: 0]
[header: 0]
[label_column: ]
[weight_column: ]
[group_column: ]
[ignore_column: ]
[categorical_feature: ]
[forcedbins_filename: ]
[precise_float_parser: 0]
[parser_config_file: ]
[objective_seed: 5]
[num_class: 1]
[is_unbalance: 0]
[scale_pos_weight: 1]
[sigmoid: 1]
[boost_from_average: 1]
[reg_sqrt: 0]
[alpha: 0.9]
[fair_c: 1]
[poisson_max_delta_step: 0.7]
[tweedie_variance_power: 1.5]
[lambdarank_truncation_level: 30]
[lambdarank_norm: 1]
[label_gain: ]
[lambdarank_position_bias_regularization: 0]
[eval_at: ]
[multi_error_top_k: 1]
[auc_mu_weights: ]
[num_machines: 1]
[local_listen_port: 12400]
[time_out: 120]
[machine_list_filename: ]
[machines: ]
[gpu_platform_id: -1]
[gpu_device_id: -1]
[gpu_use_dp: 0]
[num_gpu: 1]

end of parameters

pandas_categorical:[]
