tree
version=v4
num_class=1
num_tree_per_iteration=1
label_index=0
max_feature_idx=62
objective=regression
feature_names=zhvi_t zori_t rent_yield_t fred__mortgage_30y fred__real_rate_10y fred__m2_sa fred__treasury_10y fred__case_shiller_us fred__lumber fred__unemployment_us fred__mortgage_30y_d1m fred__mortgage_30y_d3m fred__mortgage_30y_d12m fred__real_rate_10y_d1m fred__real_rate_10y_d3m fred__real_rate_10y_d12m fred__treasury_10y_d1m fred__treasury_10y_d3m fred__treasury_10y_d12m rdc__median_dom rdc__median_listing_price rdc__active_listing_count rdc__new_listing_count rdc__price_reduced_count rdc__pending_listing_count rdc__median_listing_price_per_sqft acs__total_pop acs__median_household_income acs__median_home_value acs__median_gross_rent acs__owner_occupied_units acs__occupied_units_total acs__pop_25_29 acs__pop_30_34 acs__pop_35_39 acs__pop_40_44 acs__bachelors_or_higher_pct acs__owner_occupied_pct acs__age_28_38_share fema__disasters_10yr_count fema__disasters_10yr_fire fema__disasters_10yr_flood fema__disasters_10yr_hurricane fema__disasters_10yr_other fema__disasters_10yr_severe_storm fema__disasters_10yr_tornado nri__flood_risk_combined nri__wildfire_risk nri__composite_risk derived__yield_gross derived__vol_24m derived__drawdown afdc__station_count afdc__l2_ports afdc__dcfc_ports wiki__wiki_pageviews cms__hospital_count cms__mean_star_rating cms__pct_with_4plus_stars mit__dem_vote_share mit__rep_vote_share mit__margin elec__elec_residential_cents_per_kwh
feature_infos=[27957.811686564222:5457263.973225926] [517.49561559666631:20261.074491806135] [0.0064569311591119432:0.27983169598072183] [3.4199999999999999:4.3200000000000003] [-0.029999999999999999:0.72999999999999998] [11717.6:13843.5] [1.46:2.4500000000000002] [168.036:195.91300000000001] [191.80000000000001:224.59999999999999] [4.2000000000000002:5.7000000000000002] [-0.21999999999999975:0.56000000000000005] [-0.33000000000000007:0.90000000000000036] [-0.71000000000000041:0.54000000000000004] [-0.45999999999999996:0.32000000000000001] [-0.56999999999999995:0.5] [-0.65000000000000002:0.51000000000000001] [-0.48999999999999999:0.53000000000000003] [-0.67000000000000015:0.85000000000000009] [-0.98999999999999999:0.83999999999999986] [3:279] [32625:6495000] [1:2346] [0:350] [0:628] [0:362] [26:2664] [4049:112317] [12385:174153] [48400:2000001] [484:2736] [423:24499] [2006:43607] [247.92599999999999:16614.884999999998] [111.636:12995.32] [175.36399999999998:9996.2130000000016] [97.340000000000003:9865.8079999999991] [6.0999999999999996:92] [4.2879789660905541:90.763293310463126] [0.037999999999999999:0.37600000000000006] [0:25] [0:23] [0:4] [0:8] [0:4] [0:15] [0:1] [6.3727889303615521:99.025686598675748] [0:98.665889280989759] [1.4030557702933231:98.497299498825967] [0.0064569311591119432:0.27983169598072183] [0.00056636293840968627:0.026903951456442577] [-0.55141658700661866:0] [1:246] [0:572] [0:155] [28:311301] [1:88] [1:5] [0:1] [0.18106361829025844:0.90863821529999866] [0.040874744593083774:0.78031809145129227] [-0.59925447316103375:0.86776347070691495] [7.8700000000000001:23.120000000000001]
tree_sizes=5561 5917 5964 5960 5963 5955 5979 5954 5973 5975 5971 5986 5994 5999 6023 6026 6024 6014 6032 6001 6021 6040 6023 6045 6052 6049 6047 6055 6044 6062 6055 6054 6041 6103 6055 6072 6089 6100 6084 6073 6097 6085 6117 6106

Tree=0
num_leaves=63
num_cat=0
split_feature=28 2 2 28 2 40 36 36 2 28 0 39 44 49 51 39 27 27 47 27 0 25 56 2 31 56 25 56 2 25 2 36 2 27 58 48 56 28 62 38 25 29 2 27 20 1 46 39 37 49 47 36 58 31 2 48 36 30 39 49 1 58
split_gain=26.5878 8.5738 4.2014 1.62269 1.29456 1.23229 0.932525 0.833728 0.452793 0.403258 0.346866 0.328684 0.306979 0.302093 0.247845 0.218716 0.205578 0.201765 0.195526 0.192401 0.172113 0.138092 0.161625 0.131822 0.126393 0.123358 0.146195 0.122565 0.11231 0.11071 0.104136 0.102117 0.104148 0.0868759 0.0861659 0.0820439 0.0810832 0.0797462 0.0664533 0.0658539 0.0586095 0.0578065 0.0543245 0.0521434 0.0516064 0.0515006 0.0454835 0.043048 0.0414319 0.0412089 0.0352366 0.0348099 0.0344649 0.0338722 0.0334616 0.0327459 0.0317153 0.0305944 0.0300115 0.0282351 0.0252689 0.024041
threshold=154000.00000000003 0.1089919286577152 0.045804269430545393 107650.00000000001 0.14266063077991656 11.500000000000002 53.350000000000001 40.95000000000001 0.084254390943660176 84950.000000000015 130055.90113993232 8.5000000000000018 1.0000000180025095e-35 0.029109894672670601 -0.021494052349365519 2.5000000000000004 48444.000000000007 38371.000000000007 26.808244105040664 46838.000000000007 210806.58634417356 783.50000000000011 40.000000000000007 0.063472667427930604 18703.000000000004 19.000000000000004 450.50000000000006 40.000000000000007 0.053700039594753439 256.50000000000006 0.054433123029383308 15.65 0.070462168014505153 67066.500000000015 0.43650793650793657 43.829519909766795 24.500000000000004 282350.00000000006 17.715000000000003 0.17050000000000007 146.50000000000003 1219.5000000000002 0.056964819644764936 102277.50000000001 449912.50000000006 1170.5351850768586 59.323627736645584 6.5000000000000009 32.445387967177048 0.02175992166096823 49.568991766946887 25.350000000000005 0.70294117647058829 15335.500000000002 0.037447103581209083 56.990378808396997 34.050000000000004 11000.500000000002 6.5000000000000009 0.074927695093444491 1422.436727106952 0.43650793650793657
decision_type=2 2 2 2 2 2 2 2 2 2 2 2 2 2 2 2 2 2 2 2 2 2 2 2 2 2 2 2 2 2 2 2 2 2 2 2 2 2 2 2 2 2 2 2 2 2 2 2 2 2 2 2 2 2 2 2 2 2 2 2 2 2
left_child=1 3 5 10 9 6 12 15 11 -3 17 20 29 21 -7 28 -10 -1 34 42 31 22 24 39 49 26 38 43 56 33 36 -5 35 53 -9 -33 37 55 54 41 -34 52 -17 44 -15 -32 -25 -18 -16 -8 -42 -30 61 -2 -14 -20 -4 -48 -47 -12 -36 -21
right_child=2 4 7 8 -6 14 13 18 16 -11 59 -13 25 27 48 19 47 -19 30 23 -22 -23 -24 46 -26 -27 -28 -29 51 -31 45 32 40 -35 60 -37 -38 -39 -40 -41 50 -43 -44 -45 -46 58 57 -49 -50 -51 -52 -53 -54 -55 -56 -57 -58 -59 -60 -61 -62 -63
leaf_value=0.12885590261318902 0.12284801619695383 0.13077775660144322 0.12303929181708821 0.12527639182207115 0.13392715823743764 0.12352341898754057 0.11886705276161857 0.12324223239430658 0.12639032135620701 0.12803531740194704 0.125298013450968 0.12261442582507368 0.12044486494735572 0.12080725376767627 0.12230190294055418 0.12291583650807075 0.125260216749849 0.12676688426815727 0.12152472549827575 0.12230876917750572 0.12324201585524068 0.11804615659724253 0.11822442520987 0.12335087067777574 0.12077590446351004 0.11974239334013612 0.11962071448997788 0.11914430780797024 0.1242187042589839 0.12082870650301546 0.12255535848463425 0.12453345865717851 0.1242100128902013 0.12122660509375793 0.12237023782267499 0.12351602506891586 0.12199925601998247 0.12034334366619995 0.12174442941467843 0.12285866881046674 0.125403881223424 0.12143202777448428 0.12399790537639298 0.11987924501083269 0.12015831339869663 0.12195056015798481 0.12288610879626283 0.12426426405821189 0.12144936183138241 0.11968952799599392 0.12462916366333651 0.1234731503029881 0.12267471786788361 0.12203805027505894 0.12111878620673809 0.1207809311232014 0.12227591184124265 0.12209275113146853 0.12128032214381053 0.12610443924520953 0.12161792694938192 0.12166397259101341
leaf_weight=205 212 250 354 314 211 291 243 220 332 289 208 335 320 642 222 230 207 265 452 263 346 219 224 295 217 331 208 252 202 271 208 314 461 249 251 537 233 342 272 218 256 411 234 472 586 380 305 228 398 408 344 696 232 330 434 220 221 202 298 227 201 321
leaf_count=205 212 250 354 314 211 291 243 220 332 289 208 335 320 642 222 230 207 265 452 263 346 219 224 295 217 331 208 252 202 271 208 314 461 249 251 537 233 342 272 218 256 411 234 472 586 380 305 228 398 408 344 696 232 330 434 220 221 202 298 227 201 321
internal_value=0.122652 0.125652 0.121493 0.12484 0.130607 0.120608 0.120344 0.122354 0.124373 0.129307 0.126736 0.124088 0.121045 0.119779 0.12232 0.122801 0.125453 0.127678 0.121687 0.122535 0.124279 0.119192 0.119422 0.122343 0.119731 0.1206 0.120829 0.120173 0.123291 0.121701 0.121453 0.124441 0.124303 0.122 0.122431 0.123891 0.121158 0.120965 0.121074 0.122058 0.124634 0.121916 0.123462 0.120326 0.120498 0.121867 0.122857 0.124738 0.121755 0.119383 0.12496 0.123641 0.122159 0.122355 0.120833 0.121281 0.122746 0.12257 0.121656 0.125719 0.122036 0.121954
internal_weight=19119 5329 13790 4579 750 6801 5890 6989 3674 539 905 2907 2627 3263 911 4184 767 470 2805 2711 2572 1311 1092 2247 868 1565 1234 1952 1473 1062 2133 2226 1912 791 672 851 1247 1014 1026 1445 1061 1227 464 1700 1228 886 802 435 620 651 600 898 816 542 754 672 575 507 678 435 452 584
internal_count=19119 5329 13790 4579 750 6801 5890 6989 3674 539 905 2907 2627 3263 911 4184 767 470 2805 2711 2572 1311 1092 2247 868 1565 1234 1952 1473 1062 2133 2226 1912 791 672 851 1247 1014 1026 1445 1061 1227 464 1700 1228 886 802 435 620 651 600 898 816 542 754 672 575 507 678 435 452 584
is_linear=0
shrinkage=1


Tree=1
num_leaves=63
num_cat=0
split_feature=28 2 2 28 2 40 49 28 2 28 0 39 0 37 37 42 25 62 48 0 39 39 47 0 11 28 62 0 62 48 2 2 5 47 56 29 41 39 42 29 40 28 5 56 5 28 26 30 48 25 30 37 28 35 20 2 29 57 2 49 48 56
split_gain=23.9955 7.73785 3.79177 1.46447 1.16834 1.11214 0.751689 0.681755 0.408646 0.36394 0.313047 0.296637 0.251061 0.253835 0.238635 0.290489 0.2134 0.192575 0.189569 0.155332 0.153209 0.150282 0.137914 0.13762 0.121214 0.107687 0.0973711 0.11315 0.0823895 0.0784673 0.0782186 0.0698498 0.0685965 0.0677296 0.0671144 0.0667326 0.0667149 0.0661503 0.0657615 0.0648821 0.0580391 0.0692166 0.0514076 0.0480464 0.0445994 0.0436431 0.0430138 0.0376765 0.0372834 0.0370809 0.0359148 0.0340573 0.0328152 0.0324091 0.0306922 0.0302917 0.027814 0.0275744 0.0275523 0.0254968 0.0237238 0.0236351
threshold=154000.00000000003 0.1089919286577152 0.045804269430545393 107650.00000000001 0.14266063077991656 11.500000000000002 0.029109894672670601 192450.00000000003 0.084254390943660176 84950.000000000015 130055.90113993232 8.5000000000000018 316957.4174390728 20.309362172831573 30.478821538857026 1.0000000180025095e-35 939.50000000000011 15.685 32.672571905408439 210806.58634417356 7.5000000000000009 5.5000000000000009 26.441027773562048 780990.92882851209 -0.085000000000000173 265650.00000000006 16.275000000000002 402923.7254665526 11.525 53.474662914614214 0.056964819644764936 0.090317500942438789 12271.100000000002 58.351813314040911 40.000000000000007 1092.5000000000002 1.0000000180025095e-35 2.5000000000000004 1.5000000000000002 862.50000000000011 1.5000000000000002 222350.00000000003 12632.85 17.500000000000004 12702.500000000002 137050.00000000003 39145.500000000007 5963.5000000000009 45.851386405758838 229.50000000000003 16100.500000000002 67.035889584982868 170150.00000000003 2650.8225000000007 349237.50000000006 0.054653802313757251 1312.5000000000002 3.535714285714286 0.038624756415626897 0.075283334427997839 49.868494348317597 51.500000000000007
decision_type=2 2 2 2 2 2 2 2 2 2 2 2 2 2 2 2 2 2 2 2 2 2 2 2 2 2 2 2 2 2 2 2 2 2 2 2 2 2 2 2 2 2 2 2 2 2 2 2 2 2 2 2 2 2 2 2 2 2 2 2 2 2
left_child=1 3 5 10 9 6 16 21 11 -3 18 19 37 -14 -9 40 17 23 -1 29 31 30 -17 -2 36 50 27 38 52 33 43 -10 -19 44 35 -29 -7 -8 53 -31 41 -16 51 -4 -5 54 -42 -26 -44 -28 55 -32 -23 -15 -41 -24 -34 -30 -37 -12 -27 -43
right_child=2 4 7 8 -6 24 12 14 20 -11 59 -13 13 26 15 22 -18 32 -20 -21 -22 28 25 -25 47 60 49 34 57 39 42 -33 56 -35 -36 58 -38 -39 -40 45 46 61 48 -45 -46 -47 -48 -49 -50 -51 -52 -53 -54 -55 -56 -57 -58 -59 -60 -61 -62 -63
leaf_value=0.0059102140559718526 -0.0027303338630236514 0.0077033056393265732 -0.00039643702099302234 0.0026380490681692736 0.01069523738410271 -0.00021392864576174521 -0.00053602589023626879 0.0007784342918848706 0.0026286209818481665 0.0050979885345995169 0.0025065328342097591 -5.1858400132805941e-05 -0.00027688809789833618 -0.00096559784938757992 -4.0748657329758933e-05 -0.00041189190018444663 -0.0043610918438902364 -0.001510121319463592 0.0038830042073733349 0.00054435214023598722 0.0015378734207007331 -0.00022135800948160688 -0.0013030520746299488 -0.0040159732853062456 0.00074658911750053196 -0.0017144199311943317 -0.0011952105741244697 -0.0016499708909976881 0.00076473704145396529 0.00080740974497128391 0.0015123931722029319 0.00378149632086379 -0.0021093481626755016 0.0012752982671265594 -0.0031758135553559053 -0.0026778986375349256 -0.0014178195802742267 -0.0015505483506346291 -0.0023138450557095816 0.0015460640205519002 0.00058073841510190675 -0.0011228436787665784 0.00084416027088500274 0.00052259334041000738 0.0019062252294462908 0.0011897657365557653 -0.00038169492695708614 -0.00017687343040360297 0.00015679771472009479 -0.0019299233196089398 -0.0017097331183076195 0.00074619666550505631 -0.00092898319379366089 -0.0017944175185934212 0.0024102248029909956 -0.00073139577541023008 -0.0028692513295273123 -5.9421480538908435e-05 -0.0021454108526469695 0.0032722901292816481 -0.0023772762502274275 -0.00048742969314576095
leaf_weight=203 434 250 303 330 211 204 399 246 324 289 213 335 200 231 455 445 266 226 267 346 222 345 413 400 210 399 322 278 201 344 260 221 203 272 293 789 264 269 324 205 266 351 361 268 564 305 206 233 435 368 207 328 312 241 206 528 296 205 351 222 204 251
leaf_count=203 434 250 303 330 211 204 399 246 324 289 213 335 200 231 455 445 266 226 267 346 222 345 413 400 210 399 322 278 201 344 260 221 203 272 293 789 264 269 324 205 266 351 361 268 564 305 206 233 435 368 207 328 312 241 206 528 296 205 351 222 204 251
internal_value=-1.60689e-05 0.00283338 -0.00111721 0.0020623 0.00754112 -0.00195769 -0.00220915 -0.000299334 0.00161851 0.00630639 0.00386395 0.00134764 -0.00183068 -0.00200493 -0.000729847 -0.000829455 -0.00305216 -0.00282882 0.00475859 0.00152993 0.0026451 0.000267123 -0.00119789 -0.00334695 -0.000331914 -0.00139764 -0.00211303 -0.0022578 -0.000211365 0.00168312 0.000527293 0.00309612 -0.0022328 0.00196616 -0.00248691 -0.00234456 -0.000893047 -0.000944569 -0.00176532 0.00137177 -0.000300298 -0.000506153 0.000730436 3.49117e-05 0.00217636 0.00164292 0.000160693 0.000260885 0.000468529 -0.00158706 -0.00111346 0.00108499 -0.000557399 -0.00138879 0.0019792 -0.000982293 -0.00256011 0.000348598 -0.00251395 0.00289733 -0.00193867 -0.000857912
internal_weight=19119 5329 13790 4579 750 6801 5890 6989 3674 539 905 2907 4065 3397 3971 3725 1825 1559 470 2572 767 3018 2196 834 911 1751 3197 2507 1063 2226 1955 545 725 1166 1711 1418 468 668 796 1060 1529 1057 1384 571 894 716 472 443 796 690 1148 588 657 472 411 941 499 406 1140 435 603 602
internal_count=19119 5329 13790 4579 750 6801 5890 6989 3674 539 905 2907 4065 3397 3971 3725 1825 1559 470 2572 767 3018 2196 834 911 1751 3197 2507 1063 2226 1955 545 725 1166 1711 1418 468 668 796 1060 1529 1057 1384 571 894 716 472 443 796 690 1148 588 657 472 411 941 499 406 1140 435 603 602
is_linear=0
shrinkage=0.05


Tree=2
num_leaves=63
num_cat=0
split_feature=2 2 36 27 2 2 40 2 36 2 2 32 27 55 51 36 51 5 2 27 42 48 36 42 2 56 37 31 36 48 2 21 50 42 2 44 56 44 1 2 48 5 30 52 20 30 27 27 34 27 27 42 56 42 56 36 48 2 62 48 27 1
split_gain=19.5002 5.95119 5.30932 1.3669 1.05335 1.01313 0.899547 0.85257 0.646548 0.404667 0.332343 0.236758 0.218592 0.207456 0.1962 0.194104 0.185798 0.168988 0.160177 0.154415 0.14511 0.143804 0.132589 0.130728 0.120554 0.100362 0.0934299 0.0914438 0.0891981 0.0807815 0.0779867 0.0779065 0.0671018 0.0644241 0.0642438 0.0601158 0.0577074 0.0547975 0.05399 0.0521518 0.0475486 0.0466603 0.045965 0.0456156 0.0451102 0.0407044 0.0404123 0.0403294 0.0402404 0.0394177 0.0369858 0.0364839 0.0363571 0.034835 0.0334215 0.0315275 0.0283844 0.0279494 0.023078 0.0233309 0.0216608 0.0207631
threshold=0.072698857166033123 0.1089919286577152 40.95000000000001 48444.000000000007 0.045608663661240174 0.14266063077991656 10.500000000000002 0.050112069257077875 20.650000000000002 0.027913817733669705 0.085528999647310935 2804.2815000000005 56548.500000000007 20236.000000000004 -0.021494052349365519 34.050000000000004 -0.00022255338968701907 12561.200000000003 0.018950582833041591 56350.500000000007 1.0000000180025095e-35 31.826768746777883 20.850000000000005 1.5000000000000002 0.037447103581209083 40.000000000000007 37.406754890724386 13483.500000000002 56.550000000000004 54.862635379955968 0.086862190052331797 260.50000000000006 0.0051605368249642543 2.5000000000000004 0.054433123029383308 2.5000000000000004 24.500000000000004 1.0000000180025095e-35 870.98561859108224 0.059237567076844973 55.255968824948361 12702.500000000002 7467.0000000000009 22.500000000000004 239061.50000000003 7748.0000000000009 61201.500000000007 65494.500000000007 2193.0580000000004 47290.500000000007 95966.500000000015 2.5000000000000004 15.500000000000002 2.5000000000000004 19.000000000000004 33.550000000000004 55.455943950407196 0.057484398998324991 16.275000000000002 27.541589714282971 75236.500000000015 1450.7814890787195
decision_type=2 2 2 2 2 2 2 2 2 2 2 2 2 2 2 2 2 2 2 2 2 2 2 2 2 2 2 2 2 2 2 2 2 2 2 2 2 2 2 2 2 2 2 2 2 2 2 2 2 2 2 2 2 2 2 2 2 2 2 2 2 2
left_child=2 3 7 10 6 11 9 13 23 17 32 -3 29 24 -8 30 25 26 -19 27 55 -12 -15 38 -1 43 -4 -6 37 33 41 34 48 45 36 -31 50 47 -9 -22 58 -5 -26 -11 -23 -10 61 -18 -2 -35 -21 -17 -39 -36 -20 -14 -43 -57 59 -30 -41 -24
right_child=1 5 4 15 19 -7 14 8 12 16 21 -13 20 22 -16 51 28 18 54 31 39 44 46 -25 42 -27 -28 -29 40 35 -32 -33 -34 49 53 -37 -38 52 -40 60 -42 56 -44 -45 -46 -47 -48 -49 -50 -51 -52 -53 -54 -55 -56 57 -58 -59 -60 -61 -62 -63
leaf_value=-0.0018735776470197184 0.0017413844650800798 0.0071531111440724798 -0.0014727329395297375 0.0016676588085743683 -0.0006951527776030336 0.0099390032115898828 0.00075704109513686948 0.0028354866493138053 0.0017161159808608984 -0.0019215361088627449 0.0051382184925369261 0.0050444911300144704 0.00060211993499016117 0.00090312540135775536 -0.0010398842690464952 0.00066422529615511601 -0.00060300057266605457 -0.0044345763889598148 -0.0027948897689197955 -0.001182468147404501 -0.00093470492038043903 0.0030322985423521867 -0.00039422834738467245 0.0007987681373999516 -0.00017219621507683769 -0.003631305071077757 -0.0029805691144876899 0.00069456163275354618 -0.0023980077733623591 0.00056764191830341564 0.0020934117807933392 -0.0018041118780864494 0.0033224298279189192 0.00095545372091221696 -0.00029151383648340178 -0.00043778819601918102 -0.00054359356242154422 -0.0015620457506291296 0.0018479128491216649 -5.5159853857255219e-06 -0.0025917209071614792 0.0012959816367050312 -0.0010972931133045483 -0.0028794928257971503 0.003990897736684592 0.00094026548184946487 -0.0008589456927560311 -0.001559623673557236 0.002572649962309262 -9.6065096688634359e-06 -0.0018768779320317433 -0.00027913913867643554 -0.0023030081212176497 -0.00098666710895921393 -0.0035419977431666093 -0.00040130891976878047 0.00057962779606997273 0.00035171275334026653 -0.0014726533678671924 -0.0018233943553088541 -0.00063443162975636378 0.00018919827245502465
leaf_weight=386 213 225 203 340 282 217 234 232 269 265 202 326 564 217 433 207 209 288 473 674 397 225 550 214 225 231 208 204 317 487 343 330 216 203 403 214 264 494 343 434 411 266 333 234 270 455 389 233 460 221 268 203 249 326 219 200 288 321 202 399 200 211
leaf_count=386 213 225 203 340 282 217 234 232 269 265 202 326 564 217 433 207 209 288 473 674 397 225 550 214 225 231 208 204 317 487 343 330 216 203 403 214 264 494 343 434 411 266 333 234 270 455 389 233 460 221 268 203 249 326 219 200 288 321 202 399 200 211
internal_value=-1.52654e-05 0.00308872 -0.000836739 0.00214885 -0.00171439 0.00704521 -0.0021263 0.000163641 0.000546597 -0.00237335 0.00319654 0.00590554 0.000286487 -0.000624145 -0.000409479 0.00113997 -0.00206743 -0.00308682 -0.00344371 -0.000920512 -6.05503e-05 0.00401396 -0.000230473 0.00185374 -0.00119422 -0.00276964 -0.00223582 -0.000111816 -0.00186352 0.000683637 0.00145247 -0.00109403 0.00255566 0.00094189 -0.000972935 0.000260706 -0.00119693 -0.00154812 0.00224638 -0.000485313 -0.00214475 0.00120656 -0.00072427 -0.00237076 0.00355517 0.00122853 -0.000444378 -0.00110728 0.00230956 0.000452439 -0.00138003 0.000197145 -0.00181036 -0.000602378 -0.00303133 0.000343072 0.000923581 6.26449e-05 -0.00194464 -0.0020778 -0.000203912 -0.000232464
internal_weight=19119 4001 15118 3233 8053 768 5302 7065 4754 4635 1586 551 3965 2311 667 1647 3244 1391 980 2751 2116 697 1367 789 944 730 411 486 2514 1849 1237 2265 889 1148 1935 701 1206 1185 575 1031 1329 894 558 499 495 724 1150 442 673 424 942 410 743 729 692 1085 554 521 918 716 634 761
internal_count=19119 4001 15118 3233 8053 768 5302 7065 4754 4635 1586 551 3965 2311 667 1647 3244 1391 980 2751 2116 697 1367 789 944 730 411 486 2514 1849 1237 2265 889 1148 1935 701 1206 1185 575 1031 1329 894 558 499 495 724 1150 442 673 424 942 410 743 729 692 1085 554 521 918 716 634 761
is_linear=0
shrinkage=0.05


Tree=3
num_leaves=63
num_cat=0
split_feature=49 36 49 27 36 49 49 40 49 49 39 1 27 49 27 36 51 25 49 39 44 56 36 56 50 33 39 29 27 48 49 27 49 31 1 55 44 49 51 47 44 39 5 36 49 35 56 27 47 29 49 49 48 48 5 33 37 58 36 39 48 55
split_gain=16.4348 5.41226 4.9393 1.07846 1.05613 0.929444 0.896012 0.810027 0.627416 0.377429 0.323184 0.25773 0.243064 0.239816 0.166623 0.165456 0.164157 0.15803 0.148887 0.146563 0.14121 0.140174 0.134288 0.129339 0.093664 0.0912909 0.0878313 0.0875283 0.0869035 0.0843124 0.0785145 0.078497 0.0761233 0.0733435 0.0693278 0.0669996 0.0633461 0.0618888 0.0615312 0.0598615 0.0582721 0.048782 0.0435762 0.0418296 0.0409602 0.040286 0.0389105 0.0368297 0.035748 0.0334124 0.033038 0.0326523 0.0307836 0.0285029 0.0279863 0.0274692 0.0240836 0.0225301 0.0220412 0.0206474 0.0199087 0.0278167
threshold=0.073695689430032379 40.95000000000001 0.10881974548132356 48444.000000000007 19.850000000000005 0.045722936391447859 0.14231472743632587 10.500000000000002 0.050670111708909095 0.028827963028989979 5.5000000000000009 1251.9244721027128 56548.500000000007 0.086044546830289198 56221.500000000007 34.050000000000004 -0.021494052349365519 1017.5000000000001 0.028827963028989979 2.5000000000000004 1.0000000180025095e-35 40.000000000000007 15.15 40.000000000000007 0.0045009332033597964 4468.5335000000014 7.5000000000000009 1219.5000000000002 101046.50000000001 53.474662914614214 0.084171948374792402 48855.500000000007 0.054380698155481612 13562.500000000002 886.11754036631658 14494.500000000002 1.5000000000000002 0.02175992166096823 -0.00011818813013220185 62.782694941170277 2.5000000000000004 6.5000000000000009 12882.200000000003 21.650000000000002 0.063173489487159951 1863.9465000000002 24.500000000000004 40170.500000000007 12.919608975525408 1033.5000000000002 0.039314815880469124 0.042304377505800649 58.860002576206071 45.994934370839623 12772.600000000002 3343.3560000000002 54.423405206423887 0.44722222222222224 66.850000000000009 3.5000000000000004 35.238866493419955 18827.000000000004
decision_type=2 2 2 2 2 2 2 2 2 2 2 2 2 2 2 2 2 2 2 2 2 2 2 2 2 2 2 2 2 2 2 2 2 2 2 2 2 2 2 2 2 2 2 2 2 2 2 2 2 2 2 2 2 2 2 2 2 2 2 2 2 2
left_child=1 4 3 13 11 7 10 9 18 17 -4 22 29 39 33 26 -9 23 -6 52 28 35 34 25 -15 37 30 36 49 31 54 42 38 -7 -1 58 48 -3 -16 43 56 -34 -10 -2 60 -37 53 -24 -20 -11 -47 -50 -14 -40 -5 -46 -31 -29 -22 -33 -21 -62
right_child=2 5 6 15 8 14 -8 16 12 20 -12 -13 19 24 32 -17 -18 -19 27 44 21 -23 47 -25 -26 -27 -28 57 -30 40 -32 59 41 -35 -36 45 -38 -39 46 -41 -42 -43 -44 -45 55 50 -48 -49 51 -51 -52 -53 -54 -55 -56 -57 -58 -59 -60 -61 61 -63
leaf_value=0.0033871176064256396 0.0032690240329579464 -0.0033813969121352671 0.0065138167172308029 0.0017760488480230534 -0.0017976059277002192 -0.00061281315142541846 0.0093848561816899621 0.00072843714177401534 0.0018161997556184772 -0.00057190433849364927 0.0039845717089568699 0.00010063832647042213 0.00079171162744806536 0.0033065821047234957 -0.0020179638381814585 0.000159172294067447 -0.00095377187035766979 -0.0041466885055574084 0.00038369767199590349 -0.00088037536691619152 -0.0021604237489060139 -0.0031190091760040263 0.0019459355143696705 -0.003775863796187866 0.0045750970684997894 -0.0017795558631301799 0.00072196976150824561 -0.0008164001269992849 -0.0022666525130280025 0.00027488360456715211 0.0023614390327578835 0.00087243805463644512 -0.00040132350952587839 0.00057851212392603273 0.0020787250133918263 -0.0013503515435737969 -0.00097794041929271454 -0.0024293021093952246 -0.0010802185827804879 0.0018045298908027294 -0.00026251487444274379 -0.001164322600232665 0.0010117666659549402 0.0024082804878691297 0.0003563658874625379 -0.0022840083382297156 -0.00063082768493643269 0.0010624681802437409 -0.00084452177310777191 -0.0013491925564680122 -0.0015682838211125247 -8.6176650829154698e-05 0.00018590537840995977 -0.001600081484357361 0.0010237849705984532 -0.00040259733303756344 0.00091649201769455207 -0.0014772221758117803 -0.0027458622394423149 0.00023406975614761904 -0.00074027495540471191 -5.767825314469869e-05
leaf_weight=204 237 269 329 207 275 311 212 225 301 217 205 205 447 377 250 343 408 220 258 282 509 317 232 229 237 333 326 327 202 259 285 247 509 221 201 426 277 467 627 230 258 356 382 349 283 373 273 240 200 381 284 489 395 455 307 206 336 213 235 260 276 325
leaf_count=204 237 269 329 207 275 311 212 225 301 217 205 205 447 377 250 343 408 220 258 282 509 317 232 229 237 333 326 327 202 259 285 247 509 221 201 426 277 467 627 230 258 356 382 349 283 373 273 240 200 381 284 489 395 455 307 206 336 213 235 260 276 325
internal_value=-1.45022e-05 -0.000725869 0.00300646 0.00207249 0.000253704 -0.00161846 0.00663468 -0.00202966 5.7104e-06 -0.00226711 0.00554285 0.00169674 0.00035115 0.00304977 -0.000920569 0.00112051 -0.00035583 -0.00290752 -0.000715494 -1.17809e-05 -0.0019369 -0.00214843 0.00206983 -0.00269749 0.00379622 -0.00246648 0.00141361 -0.000546798 -0.00137001 0.000744458 0.00169581 0.0010164 -0.00109345 -0.000117921 0.00273777 -0.00198003 -0.00031286 -0.00277728 -0.00129722 0.0024881 0.000365073 -0.000715344 0.00136628 0.0027564 -0.000330474 -0.00172907 -0.00116424 0.00149671 -0.000118322 -0.00106713 -0.00197462 -0.000306306 0.000507515 -0.00129883 0.00132674 3.66391e-05 0.000637204 -0.00107706 -0.00234534 0.00054507 -0.000533779 -0.00037115
internal_weight=19119 15475 3644 2898 7378 8097 746 5095 6296 4462 534 1082 4257 1430 3002 1468 633 1518 2039 2214 2944 2144 877 1298 614 1069 1125 1764 800 2043 799 1190 2470 532 405 1827 1224 736 1605 816 853 865 683 586 1372 1083 1355 472 947 598 657 689 842 1082 514 489 595 540 744 507 883 601
internal_count=19119 15475 3644 2898 7378 8097 746 5095 6296 4462 534 1082 4257 1430 3002 1468 633 1518 2039 2214 2944 2144 877 1298 614 1069 1125 1764 800 2043 799 1190 2470 532 405 1827 1224 736 1605 816 853 865 683 586 1372 1083 1355 472 947 598 657 689 842 1082 514 489 595 540 744 507 883 601
is_linear=0
shrinkage=0.05


Tree=4
num_leaves=63
num_cat=0
split_feature=28 2 2 28 2 55 36 36 51 28 2 49 39 28 53 28 5 27 5 39 37 36 36 2 51 49 56 47 42 30 5 27 62 28 2 27 44 58 27 44 62 38 58 32 27 28 38 2 2 54 39 56 55 56 5 39 39 54 32 46 47 2
split_gain=17.8298 5.36071 3.13013 1.01076 0.868551 0.861259 0.655625 0.473935 0.328915 0.310582 0.301934 0.213888 0.20785 0.201581 0.160764 0.158435 0.152529 0.146827 0.12992 0.120692 0.153427 0.114054 0.0992073 0.13206 0.0952134 0.0940409 0.092861 0.088006 0.0941196 0.0709969 0.0696875 0.0631027 0.0607829 0.0602122 0.0573778 0.0565356 0.0560883 0.0519465 0.050764 0.0535055 0.0487254 0.044928 0.0413759 0.0388614 0.0382883 0.0378619 0.037153 0.0367403 0.0358285 0.0345351 0.0331098 0.0307757 0.0290631 0.0281475 0.0279296 0.0266779 0.0263561 0.0250898 0.0229347 0.0225368 0.019645 0.0194572
threshold=149250.00000000003 0.1089919286577152 0.045804269430545393 103150.00000000001 0.14266063077991656 34735.000000000007 40.95000000000001 44.95000000000001 -0.021494052349365519 84950.000000000015 0.084826541140012438 0.028827963028989979 8.5000000000000018 168050.00000000003 17.500000000000004 182450.00000000003 12271.100000000002 48444.000000000007 12199.550000000001 2.5000000000000004 39.054966370542488 41.250000000000007 15.65 0.065995803347119644 -0.0089721223246857478 0.026414793891815367 40.000000000000007 26.808244105040664 1.0000000180025095e-35 7010.0000000000009 12882.200000000003 43844.500000000007 14.375000000000002 265650.00000000006 0.059237567076844973 55117.500000000007 1.0000000180025095e-35 0.58571428571428574 102277.50000000001 1.0000000180025095e-35 14.325000000000001 0.14050000000000007 0.38840579710144935 4804.2840000000006 76006.000000000015 312050.00000000006 0.21650000000000005 0.070462168014505153 0.053076234987713362 5.5000000000000009 6.5000000000000009 10.500000000000002 21409.000000000004 16.500000000000004 12882.200000000003 6.5000000000000009 5.5000000000000009 1.0000000180025095e-35 3402.7225000000003 76.525368096736642 58.351813314040911 0.054433123029383308
decision_type=2 2 2 2 2 2 2 2 2 2 2 2 2 2 2 2 2 2 2 2 2 2 2 2 2 2 2 2 2 2 2 2 2 2 2 2 2 2 2 2 2 2 2 2 2 2 2 2 2 2 2 2 2 2 2 2 2 2 2 2 2 2
left_child=1 3 5 14 9 7 13 18 -7 -3 12 16 22 35 29 55 -9 -12 -2 48 -21 -10 -5 41 -18 -20 38 54 52 -1 31 -25 45 50 51 47 -27 46 39 -13 -38 -24 -37 57 59 -23 -26 -4 -15 -19 61 -22 -29 -53 -17 -8 -44 -41 -50 -36 -32 -30
right_child=2 4 6 10 -6 8 15 11 21 -11 17 26 -14 19 -16 27 24 49 25 20 34 32 23 30 37 36 -28 28 33 -31 60 -33 -34 -35 44 42 40 -39 -40 43 -42 -43 56 -45 -46 -47 -48 -49 58 -51 -52 53 -54 -55 -56 -57 -58 -59 -60 -61 -62 -63
leaf_value=0.0037645639115501022 -0.00031563777042795718 0.0067218295712023982 0.00071050913480413791 0.0022132805197244442 0.0092195391745452226 0.00076492250484669138 0.00048075154624836037 -0.0018828149042628983 -0.00041228751000896112 0.0043111801207493926 0.0031806666550618363 -0.0011635614612814274 -1.3088415335588276e-05 4.347909605877993e-05 0.004714768378348169 4.5760149954256364e-05 -0.0041166703084983478 0.0022282741412478074 -0.0024241112504215481 0.00076382773708987602 -0.00043512512325944054 -0.0011590566357374068 0.00028494235485931706 0.0026906475129694044 -0.002844182501839447 -0.00074759176375631365 -0.0028111975469410164 -0.00094673474163769187 -0.0011032682916326546 0.0024956057849302507 0.001434154882086894 0.0016279987183216845 -0.00074149237047714317 -0.0017890105378452919 0.00028240849099467216 0.00087354882717171191 -0.002120901649110182 -0.0022956051125627829 -0.0023437290925151758 -0.0024778348708694633 -0.0011013460968630777 0.0011281002830017875 0.00040570148275691854 -0.0014016011296480429 -0.00074358814417865187 -0.0018183656808276499 -0.0036979808050784328 0.0014659047405935423 0.00039519071432064958 0.0013251303988463228 -0.0014635902207867921 -0.0013564180873544167 -0.00028410078076207556 -0.00059279673560543381 -0.00069905379449723801 -0.00031004171492447536 -0.000288643833213611 -0.0018923790609528751 0.0010442760167455661 -0.00037013612325008491 0.0008875996256991793 -0.00043821278740427535
leaf_weight=210 301 250 493 356 211 287 220 308 480 287 347 301 273 451 236 230 205 220 216 297 459 380 314 202 324 329 335 335 240 232 473 453 329 490 380 260 229 241 494 275 240 318 321 275 202 510 210 239 365 204 324 263 327 223 278 207 238 547 217 203 252 203
leaf_count=210 301 250 493 356 211 287 220 308 480 287 347 301 273 451 236 230 205 220 216 297 459 380 314 202 324 329 335 335 240 232 473 453 329 490 380 260 229 241 494 275 240 318 321 275 202 510 210 239 365 204 324 263 327 223 278 207 238 547 217 203 252 203
internal_value=-1.3777e-05 0.00260958 -0.000902496 0.00189781 0.00650146 -0.00167717 -0.000195166 -0.00203758 -0.000800667 0.00543346 0.00154743 -0.00234052 0.00129329 0.000173482 0.0036611 -0.000790765 -0.00285338 0.00241795 -0.00122782 -6.18833e-05 -0.000286051 -0.00106513 0.0014439 0.00130777 -0.00315842 -0.00149859 -0.0020439 -0.000947025 -0.00110194 0.0030985 0.0015819 0.00195572 -0.0013222 -0.00135605 -0.00046629 0.000637839 -0.00124808 -0.00290494 -0.00190804 -0.00175408 -0.00159917 0.00070919 0.000352449 -0.00191611 -0.000150353 -0.00153686 -0.00317995 0.000957148 0.000377988 0.00179374 -0.00107946 -0.000728734 -0.000619422 -0.00100603 -0.000361835 9.73928e-05 0.000110077 -0.00208824 0.000637204 5.51931e-05 0.00124418 -0.000798514
internal_weight=19119 4838 14281 4090 748 6816 7465 4830 1986 537 3412 3515 2641 4611 678 2854 1288 771 1315 3060 2027 1699 2368 2012 980 1014 2227 2427 1919 442 1380 655 1219 1257 1730 1551 798 775 1892 1398 469 632 819 1097 785 890 534 732 1033 424 767 945 662 486 508 427 559 822 582 583 725 443
internal_count=19119 4838 14281 4090 748 6816 7465 4830 1986 537 3412 3515 2641 4611 678 2854 1288 771 1315 3060 2027 1699 2368 2012 980 1014 2227 2427 1919 442 1380 655 1219 1257 1730 1551 798 775 1892 1398 469 632 819 1097 785 890 534 732 1033 424 767 945 662 486 508 427 559 822 582 583 725 443
is_linear=0
shrinkage=0.05


Tree=5
num_leaves=63
num_cat=0
split_feature=28 0 2 28 40 28 36 27 49 36 39 0 28 8 2 39 47 53 29 37 48 50 36 47 28 2 44 21 20 28 2 36 50 50 28 28 40 62 39 36 57 62 36 39 6 42 39 39 20 27 46 55 57 32 48 32 52 49 42 2 48 36
split_gain=15.973 5.49654 2.35261 1.47004 0.923788 0.759755 0.538165 0.535972 0.445142 0.332895 0.23824 0.199298 0.139465 0.136893 0.135898 0.134028 0.132187 0.127658 0.126113 0.123726 0.103026 0.101044 0.0929516 0.0908817 0.0889979 0.0878567 0.0835279 0.0727998 0.06841 0.0649132 0.0639836 0.0623254 0.0589456 0.0585218 0.0610308 0.053294 0.0520729 0.0600573 0.0503529 0.047952 0.0466866 0.0465943 0.0445194 0.0427266 0.0402945 0.0393253 0.0350199 0.0408528 0.0342259 0.0340755 0.0330496 0.0307249 0.0297797 0.0278368 0.0270665 0.0258112 0.0237227 0.0236581 0.0218551 0.0218341 0.0227208 0.0204725
threshold=156950.00000000003 108340.47281518827 0.044658470762194417 89600.000000000015 12.500000000000002 121250.00000000001 40.95000000000001 31509.000000000004 0.026414793891815367 53.350000000000001 8.5000000000000018 145705.05006310955 183450.00000000003 207.05000000000004 0.063238086639126681 2.5000000000000004 5.6701514484832112 83.500000000000014 834.50000000000011 20.309362172831573 60.477866637730706 0.0084995033137456478 15.15 58.351813314040911 202050.00000000003 0.056397732264546793 1.0000000180025095e-35 252.50000000000003 349237.50000000006 343000.00000000006 0.093871690430569948 28.750000000000004 0.012961239508682752 0.0043425450981647495 267650.00000000006 109300.00000000001 1.0000000180025095e-35 11.395000000000001 8.5000000000000018 64.850000000000009 3.1882352941176477 14.625000000000002 22.350000000000005 6.5000000000000009 2.3200000000000007 2.5000000000000004 4.5000000000000009 11.500000000000002 300014.50000000006 68840.000000000015 67.503425680161413 20921.500000000004 3.1596638655462188 3445.7040000000006 55.255968824948361 3305.0245000000009 8.5000000000000018 0.079267180683574495 2.5000000000000004 0.055518947960875288 35.238866493419955 53.750000000000007
decision_type=2 2 2 2 2 2 2 2 2 2 2 2 2 2 2 2 2 2 2 2 2 2 2 2 2 2 2 2 2 2 2 2 2 2 2 2 2 2 2 2 2 2 2 2 2 2 2 2 2 2 2 2 2 2 2 2 2 2 2 2 2 2
left_child=1 3 4 7 8 11 15 -1 17 19 14 30 48 32 42 25 -17 21 -5 -10 40 49 -13 28 36 52 29 33 58 -21 35 -30 -6 34 38 -3 45 -38 59 -22 -11 51 -7 -26 -15 -18 -42 -48 -8 -2 55 -28 -4 -27 -44 -25 -54 -24 -16 60 -14 -36
right_child=2 5 6 18 13 10 12 -9 9 20 -12 22 27 44 23 16 24 -19 -20 26 39 -23 57 50 43 53 41 -29 31 -31 -32 -33 -34 -35 61 -37 37 -39 -40 -41 46 -43 54 -45 -46 -47 47 -49 -50 -51 -52 -53 56 -55 -56 -57 -58 -59 -60 -61 -62 -63
leaf_value=0.0094589655684238234 -0.0022710873567712169 0.0030773125959096359 0.00048448129291944693 0.0029725662456189213 -8.6496613393372723e-05 0.0012195421461791095 -0.00040505430369413902 0.0061173971666506049 1.140227767376645e-05 -0.002392549555245922 -0.00011301439713995712 0.002665504550535127 -0.00031756930604755185 -0.001204794339224178 0.0015908718837408743 0.00083891729156918406 0.00046691355645849984 -0.0035663791424709324 0.0046002607326954608 -0.00049816334656243352 -0.0021893815232337951 -0.0013964907937759619 0.0012659091427585363 0.0015237223371270233 -0.00097938608270374734 0.00061492583959191921 -0.0020605565725365679 -0.001566367855865122 0.0025228336867938062 -0.0014921965166169015 0.0036699753720313313 0.0014824348904147308 0.0010559111821171778 -0.00020461397690052678 -0.0010759818974240287 0.0020722870176207858 -0.00075580237589790208 0.00021719839992742477 -0.0014385394871971905 -0.0032247978870161356 -0.001360837293881533 -0.00098574486084602076 0.00076392585455876396 -0.00016696779385418238 -0.00028892546830592945 -0.00020692014281491582 -0.0021478077376587013 -0.0014355417634881937 0.00050549886514878687 -0.0029062017363191833 0.00062158193994300273 -0.0014240168553739429 -0.00045747190196675382 0.001278648376097394 -7.4300587142037243e-06 0.0008145774482945854 0.00025172038900467416 0.0019340369201157816 0.00096223229545662503 -0.00025957072214685635 -0.00095128748779277231 -0.001616339451490938
leaf_weight=216 363 334 297 265 247 205 211 270 206 345 379 249 208 255 328 300 524 305 216 443 215 201 365 358 515 405 415 403 349 261 232 245 208 315 414 218 425 253 204 233 418 252 204 236 227 369 612 300 202 505 304 349 274 259 257 200 207 208 239 352 442 304
leaf_count=216 363 334 297 265 247 205 211 270 206 345 379 249 208 255 328 300 524 305 216 443 215 201 365 358 515 405 415 403 349 261 232 245 208 315 414 218 425 253 204 233 418 252 204 236 227 369 612 300 202 505 304 349 274 259 257 200 207 208 239 352 442 304
internal_value=-2.19944e-06 0.00223173 -0.000937106 0.0056631 -0.00163598 0.00152182 -0.000312746 0.00760254 -0.00188646 -0.00162257 0.0010606 0.0024029 -0.000814152 -0.000186279 0.00122601 6.41722e-05 -0.000148768 -0.0026641 0.00370351 -0.00114658 -0.00205439 -0.00240667 0.00185894 0.00142996 -0.000276375 0.000451362 -0.00128527 -0.000947721 0.00171873 -0.00086669 0.00297323 0.00209371 0.000435747 -0.00083637 -0.000939802 0.0026804 -6.23524e-05 -0.000392721 -0.000722516 -0.00272789 -0.00187426 -0.00157532 0.000606513 -0.000724086 -0.000773462 0.000188476 -0.00173981 -0.00191351 4.0301e-05 -0.0026406 0.00104103 -0.00176978 9.08095e-05 0.000873818 0.000333907 0.00126955 -0.000152269 0.00150844 0.00132589 -0.000576739 -0.000748498 -0.00130477
internal_weight=19120 5641 13479 967 6360 4674 7119 486 5423 4049 3068 1606 3055 937 2689 4064 2622 1374 481 1926 2123 1069 822 2023 2322 1442 1720 2642 1161 704 784 594 455 2239 1924 552 1571 678 1206 448 1675 1016 666 751 482 893 1330 912 413 868 862 764 778 664 461 558 481 573 567 1002 650 718
internal_count=19120 5641 13479 967 6360 4674 7119 486 5423 4049 3068 1606 3055 937 2689 4064 2622 1374 481 1926 2123 1069 822 2023 2322 1442 1720 2642 1161 704 784 594 455 2239 1924 552 1571 678 1206 448 1675 1016 666 751 482 893 1330 912 413 868 862 764 778 664 461 558 481 573 567 1002 650 718
is_linear=0
shrinkage=0.05


Tree=6
num_leaves=63
num_cat=0
split_feature=28 0 2 28 40 28 36 27 49 36 39 0 51 56 2 28 39 37 53 29 37 2 50 36 2 51 44 47 50 56 36 28 2 48 28 28 36 62 33 7 27 47 7 28 21 56 28 20 23 56 48 40 32 51 52 49 48 48 46 37 36 39
split_gain=14.4156 4.96062 2.12323 1.32671 0.833719 0.685679 0.485694 0.483715 0.40174 0.300437 0.215011 0.179867 0.145697 0.133674 0.126419 0.125867 0.12096 0.122467 0.115211 0.113817 0.111663 0.0963696 0.0911925 0.0838888 0.0792933 0.0759945 0.075384 0.0737046 0.072659 0.0675735 0.0639167 0.0585842 0.0577452 0.0571872 0.0480978 0.0457019 0.0447785 0.0438477 0.0428131 0.0413433 0.0408312 0.040475 0.0379921 0.0362585 0.0339879 0.0339849 0.0330882 0.0308888 0.0291523 0.0266425 0.0264799 0.0259126 0.0254187 0.0243602 0.0228435 0.0213696 0.0213647 0.0297965 0.0204212 0.0179568 0.0165525 0.0164164
threshold=156950.00000000003 108340.47281518827 0.044658470762194417 89600.000000000015 12.500000000000002 121250.00000000001 40.95000000000001 31509.000000000004 0.026414793891815367 53.350000000000001 8.5000000000000018 145705.05006310955 -0.036988168009808579 40.000000000000007 0.071095697613685685 183450.00000000003 2.5000000000000004 39.054966370542488 83.500000000000014 834.50000000000011 20.309362172831573 0.059693462116999295 0.0084995033137456478 15.15 0.056111494469446126 -4.9902737161156001e-05 1.0000000180025095e-35 72.61538645075079 0.0043425450981647495 15.500000000000002 17.650000000000002 343000.00000000006 0.093871690430569948 51.406969497549518 109300.00000000001 283500.00000000006 29.350000000000005 11.760000000000002 4204.8735000000006 179.73400000000001 83364.500000000015 1.0116921104623542 177.88350000000003 267650.00000000006 186.50000000000003 17.500000000000004 703400.00000000012 300014.50000000006 47.000000000000007 12.500000000000002 56.127459327380869 1.0000000180025095e-35 3445.7040000000006 -0.0080223678191719255 8.5000000000000018 0.077897751300040854 59.838167097547959 13.57822370831685 77.382262014750111 62.634961001432067 53.150000000000013 6.5000000000000009
decision_type=2 2 2 2 2 2 2 2 2 2 2 2 2 2 2 2 2 2 2 2 2 2 2 2 2 2 2 2 2 2 2 2 2 2 2 2 2 2 2 2 2 2 2 2 2 2 2 2 2 2 2 2 2 2 2 2 2 2 2 2 2 2
left_child=1 3 4 7 8 11 16 -1 18 20 14 32 -6 35 30 47 24 -18 22 -5 -10 44 45 -13 51 37 31 36 40 61 -7 -22 34 39 -3 -11 42 -17 53 -32 43 -37 -16 50 49 46 -2 -8 -23 59 -27 54 -26 -14 -4 -25 57 -43 -31 -19 -42 -28
right_child=2 5 6 19 12 10 15 -9 9 13 -12 23 38 -15 27 25 17 21 -20 -21 26 48 -24 55 52 28 29 -29 -30 58 33 -33 -34 -35 -36 41 -38 -39 -40 -41 60 56 -44 -45 -46 -47 -48 -49 -50 -51 -52 -53 -54 -55 -56 -57 -58 -59 -60 -61 -62 -63
leaf_value=0.0089860173692512847 -0.0019556107218581804 0.0029234469649659033 -0.00043847873350677074 0.0028239379094074533 0.0010123398842335862 0.0016225733658827197 -0.00038480158303936027 0.0058115272884498598 1.0832163028574992e-05 -0.0011161569737847018 -0.00010736367841678 0.0025322293208156488 -0.00030947644556639643 -0.0029039725006163525 0.0023880985592556903 -0.0019245329034316729 0.00071661176080803747 0.00018328091170975079 -0.0033880601772946907 0.0043702477048672911 -0.00047325517675529216 0.00030414503724018746 -0.0013266662613761529 0.0011901821983922433 0.00058154170608124174 -0.00030540354852191202 -0.0013380419150073907 0.00090006639260349446 9.2836717740957058e-05 -0.0022869268734939398 0.0015934265035975493 -0.0014175866786265655 0.0034864765981308605 0.00033134934827664623 0.001968672672648959 -0.0012994608300586051 0.0012836449858114167 -0.00093885152422928529 0.00011605088991675777 0.00068812939354081994 -0.00097262343296379344 -0.0024323424961158013 0.0016113309021933344 -0.0011413633672888795 -0.0010416608776769062 -0.0029060920741106108 -0.0027654867823432971 0.00048022391446958941 -0.00020931355709117016 -0.00072733890242261635 -0.00087167171307026285 0.00045787596215874542 0.0012135242569694619 -0.0010049189032346653 0.00025636229356062974 0.0018169627994768793 -0.0024494383871697979 -0.0017775972510340303 -0.0016183768765366605 -0.00045586894025008223 -0.0014480933470123552 -0.00077855208005487284
leaf_weight=216 333 334 276 265 202 208 211 270 206 223 379 249 204 314 301 254 359 202 305 216 443 572 201 351 410 538 349 369 216 225 209 261 232 593 218 252 361 203 202 318 472 215 330 325 313 332 203 202 535 400 335 289 260 329 207 222 213 906 232 241 299 210
leaf_count=216 333 334 276 265 202 208 211 270 206 223 379 249 204 314 301 254 359 202 305 216 443 572 201 351 410 538 349 369 216 225 209 261 232 593 218 252 361 203 202 318 472 215 330 325 313 332 203 202 535 400 335 289 260 329 207 222 213 906 232 241 299 210
internal_value=-2.08947e-06 0.00212015 -0.000890251 0.00537995 -0.00155418 0.00144573 -0.000297109 0.00722241 -0.00179214 -0.00154144 0.00100757 0.00228276 -0.000176965 -0.00195167 0.00116471 -0.000773444 6.09636e-05 -0.000141329 -0.0025309 0.00351833 -0.00108926 -0.000277432 -0.00228634 0.00176599 0.000428794 -0.000900335 -0.00122101 0.00150336 -0.000777696 -0.00149655 0.000817648 -0.000823355 0.00282457 0.000668162 0.00254638 -0.00178638 0.00172777 -0.00148669 -0.000503822 0.00104716 -0.000873194 -0.00188061 0.00198187 -0.000690534 -0.000596728 -0.00250857 -0.00226234 3.82859e-05 5.59966e-05 -0.000431527 -0.0005227 8.33847e-05 0.000826789 -0.000738746 -0.00014069 0.00143302 -0.0019904 -0.00190317 -0.00194753 -0.000164428 -0.00115701 -0.00112786
internal_weight=19120 5641 13479 967 6360 4674 7119 486 5423 4049 3068 1606 937 2123 2689 3055 4064 2622 1374 481 1926 2263 1069 822 1442 2642 1720 1361 2185 1016 1328 704 784 1120 552 1809 992 457 735 527 1969 1586 631 1198 1156 868 536 413 1107 843 873 772 670 533 483 573 1334 1121 457 443 771 559
internal_count=19120 5641 13479 967 6360 4674 7119 486 5423 4049 3068 1606 937 2123 2689 3055 4064 2622 1374 481 1926 2263 1069 822 1442 2642 1720 1361 2185 1016 1328 704 784 1120 552 1809 992 457 735 527 1969 1586 631 1198 1156 868 536 413 1107 843 873 772 670 533 483 573 1334 1121 457 443 771 559
is_linear=0
shrinkage=0.05


Tree=7
num_leaves=63
num_cat=0
split_feature=28 2 2 28 56 50 28 36 49 36 48 57 48 56 8 5 28 5 49 44 2 28 44 2 47 36 27 56 1 21 57 56 50 28 48 48 0 46 28 46 47 48 36 0 6 28 27 24 20 21 48 5 5 0 56 46 54 48 47 26 27 56
split_gain=13.0101 4.4918 1.91622 1.1802 0.752431 0.716902 0.507328 0.438339 0.362571 0.271145 0.129109 0.127247 0.123027 0.120641 0.115886 0.113997 0.113595 0.108475 0.109869 0.105856 0.112489 0.104819 0.102202 0.0946883 0.0897891 0.0810053 0.0765677 0.0757649 0.0678756 0.0620889 0.0573158 0.0519579 0.0493645 0.0515844 0.0479705 0.0475978 0.0418129 0.0467564 0.0412459 0.0378285 0.0682296 0.0372501 0.0363442 0.0363253 0.0353752 0.033366 0.0292342 0.0279781 0.0278772 0.0276266 0.0268388 0.0255631 0.0229171 0.0222597 0.0218902 0.0192019 0.0184043 0.018396 0.0181161 0.0178873 0.0176024 0.0163575
threshold=156950.00000000003 0.095317718929172235 0.044658470762194417 97450.000000000015 72.500000000000014 0.0067663634773825259 121250.00000000001 40.95000000000001 0.026414793891815367 53.350000000000001 58.323993777507049 3.6811594202898554 58.560197257274204 40.000000000000007 207.05000000000004 12632.85 183450.00000000003 12561.200000000003 0.018306746645141213 1.0000000180025095e-35 0.063041194972271314 103150.00000000001 1.0000000180025095e-35 0.056111494469446126 5.6701514484832112 25.550000000000004 55491.000000000007 15.500000000000002 2098.7779350686956 252.50000000000003 3.2613636363636371 6.5000000000000009 0.0043425450981647495 286650.00000000006 28.624759500780609 60.840912395053245 213156.78791603478 37.670115015121432 283500.00000000006 19.276618588595248 0.21485288836657487 34.919019498317489 15.15 234906.58966812628 2.3200000000000007 143400.00000000003 84471.500000000015 49.500000000000007 300014.50000000006 111.50000000000001 59.838167097547959 12702.500000000002 12772.600000000002 276565.23308262805 17.500000000000004 61.342743905469909 4.5000000000000009 50.575275081800307 0.017631714029284574 39834.000000000007 62673.500000000007 51.500000000000007
decision_type=2 2 2 2 2 2 2 2 2 2 2 2 2 2 2 2 2 2 2 2 2 2 2 2 2 2 2 2 2 2 2 2 2 2 2 2 2 2 2 2 2 2 2 2 2 2 2 2 2 2 2 2 2 2 2 2 2 2 2 2 2 2
left_child=1 6 4 5 8 -3 10 19 17 22 21 -5 15 38 28 31 48 -2 -19 23 24 -1 26 53 -21 54 47 51 -6 32 -22 -8 33 46 -26 43 37 -17 -11 -40 -41 -39 -12 -36 -16 -33 -18 -10 -9 -32 -42 -24 -23 61 -14 -35 -27 -25 -20 -37 -45 -4
right_child=2 3 7 11 14 -7 12 16 9 13 42 -13 25 -15 44 36 29 18 58 20 30 52 27 57 34 56 -28 -29 -30 -31 49 45 -34 55 35 59 -38 41 39 40 50 -43 -44 60 -46 -47 -48 -49 -50 -51 -52 -53 -54 -55 -56 -57 -58 -59 -60 -61 -62 -63
leaf_value=0.0030767862912677883 -0.0016986732566119129 0.0045572149446055582 0.00061679253970839084 0.0036867090149982165 -0.0001998201777709967 0.0079150176102485825 0.00098852908828848756 -0.00036556150781503002 -0.00059995961914459676 -0.0010603491236344023 0.0019919084241118981 0.0020517992736166567 0.00059386210649762757 -0.0027587738803709835 -0.0011125174961874591 0.00036876064155769525 -0.00055631591685942556 -0.003543208333646396 -0.0027629049023380503 0.00056256485528615873 0.00076667065244085579 0.0024037389971974421 -0.00053377876945258048 0.0014119924653992839 -0.0010532709148321259 0.00031007628384105537 -0.001165013522641219 -0.001820395838430626 0.0010216349262045699 -0.0014266451593623792 0.00031809730571694675 0.0022767644606136082 -0.00017225719427057943 -0.0016138662182397713 0.00040580725759250321 -0.00098793299180649258 0.000223874159438034 0.0017531915543043206 -0.0023856047801034674 -0.0008606090145825599 -0.001723524793123943 0.00098391487036311688 0.0011447568350759221 -7.0095616310390403e-05 -0.00025437449858065428 0.001469893335423229 -0.0010431729281059903 0.0001956056806681668 0.00045621272078963078 -0.00033294467011551381 -0.00234537230948852 -0.0012008474579080688 0.0017492758186218879 -0.00018832128252767254 0.0012000693671823266 -0.00096497307484955889 -0.00030783416801183231 0.0007388543970484855 -0.0022020439264480163 -0.0003935494255727773 -0.00065623388499316056 2.3206069680603675e-05
leaf_weight=371 390 313 261 280 230 323 200 211 202 223 200 207 291 314 255 221 1025 270 200 236 408 215 208 202 299 271 335 473 225 403 346 303 315 244 243 283 201 215 226 211 936 587 345 283 227 222 441 244 202 308 213 464 354 319 305 214 217 204 514 229 234 209
leaf_count=371 390 313 261 280 230 323 200 211 202 223 200 207 291 314 255 221 1025 270 200 236 408 215 208 202 299 271 335 473 225 403 346 303 315 244 243 283 201 215 226 211 936 587 345 283 227 222 441 244 202 308 213 464 354 319 305 214 217 204 514 229 234 209
internal_value=-1.98499e-06 0.00201414 -0.000845738 0.00484413 -0.00147647 0.00626251 0.00131071 -0.000282253 -0.00170253 -0.00146437 0.00206792 0.00299179 0.000939972 -0.00185409 -0.000168117 0.00117746 -0.000734772 -0.00240435 -0.00268404 5.79154e-05 -0.000106775 0.00242291 -0.00103479 0.000453311 -0.000346793 0.000512976 -0.000593782 -0.0013356 0.000404196 -0.000855318 0.000301616 0.00167432 -0.000752484 -0.00084748 -0.000483399 -0.000349444 0.000883161 0.0010127 -0.00169706 -0.00178658 -0.00168704 0.00119014 0.00145564 -9.84008e-05 -0.000708371 0.00193557 -0.000702772 -0.000164718 3.63717e-05 1.14904e-05 -0.0018388 -0.000994374 0.00199657 0.000134041 0.000904086 -0.00131067 3.53087e-05 0.00107377 -0.00235915 -0.000722086 -0.000335388 0.000352836
internal_weight=19120 5641 13479 1123 6360 636 4518 7119 5423 4049 1485 487 3033 2123 937 1949 3055 1374 984 4064 2869 940 1926 1195 1807 1084 781 1145 455 2642 1062 725 2239 1924 1571 1272 1224 1023 1809 1586 1360 802 545 760 482 525 1466 446 413 654 1149 672 569 789 596 458 488 406 714 512 517 470
internal_count=19120 5641 13479 1123 6360 636 4518 7119 5423 4049 1485 487 3033 2123 937 1949 3055 1374 984 4064 2869 940 1926 1195 1807 1084 781 1145 455 2642 1062 725 2239 1924 1571 1272 1224 1023 1809 1586 1360 802 545 760 482 525 1466 446 413 654 1149 672 569 789 596 458 488 406 714 512 517 470
is_linear=0
shrinkage=0.05


Tree=8
num_leaves=63
num_cat=0
split_feature=0 0 0 0 40 49 0 51 36 36 2 49 36 51 39 44 51 2 36 46 29 52 27 51 27 5 39 37 5 55 39 46 27 2 36 39 36 58 36 2 0 27 2 48 5 46 57 36 2 48 55 49 5 48 55 39 58 43 0 27 42 46
split_gain=11.3247 3.71207 2.36553 0.67959 0.595448 0.669802 0.48589 0.306217 0.273434 0.247729 0.217438 0.203669 0.172433 0.154018 0.15169 0.141961 0.127359 0.117726 0.114002 0.105012 0.100131 0.0974149 0.0965231 0.0900538 0.0845513 0.0773252 0.0745358 0.072625 0.0607808 0.055598 0.0536825 0.0499925 0.0452296 0.0515656 0.0446841 0.0445915 0.0542781 0.0441391 0.0425753 0.0423228 0.0405031 0.038922 0.0382998 0.0361105 0.0344526 0.03438 0.0317436 0.0315221 0.0256953 0.0247359 0.0234122 0.0233215 0.023211 0.0199069 0.0196172 0.0190232 0.0180657 0.0148131 0.0147974 0.014516 0.0140934 0.0135292
threshold=184226.44570872458 91332.715132352896 281971.67280204006 136599.08733224132 10.500000000000002 0.038420137432736971 66589.001174212652 -2.1634712089213522e-05 40.550000000000004 35.050000000000004 0.092482694969328288 0.020371491933212315 15.15 -0.021958188308665302 3.5000000000000004 1.0000000180025095e-35 -0.00017309146744481915 0.072355197154345643 21.850000000000005 66.06212347792723 1030.5000000000002 7.5000000000000009 38015.000000000007 -0.0030058159741828123 48444.000000000007 12772.600000000002 8.5000000000000018 41.130480906145927 12453.200000000003 47517.000000000007 7.5000000000000009 35.430823165435733 49982.000000000007 0.063238086639126681 77.450000000000017 6.5000000000000009 51.95000000000001 0.45227272727272733 55.850000000000001 0.056964819644764936 739521.67035770474 52306.500000000007 0.056964819644764936 50.860974102290022 12772.600000000002 86.540547034463103 3.6811594202898554 23.550000000000004 0.050750781517480893 58.860002576206071 43815.000000000007 0.063661104416147654 13165.750000000002 52.167820295139656 23698.000000000004 4.5000000000000009 0.48529411764705888 1.0000000180025095e-35 636343.70327355072 71344.000000000015 1.0000000180025095e-35 73.495751651122475
decision_type=2 2 2 2 2 2 2 2 2 2 2 2 2 2 2 2 2 2 2 2 2 2 2 2 2 2 2 2 2 2 2 2 2 2 2 2 2 2 2 2 2 2 2 2 2 2 2 2 2 2 2 2 2 2 2 2 2 2 2 2 2 2
left_child=1 6 8 10 5 11 -1 -5 14 27 22 25 54 -6 18 20 57 28 51 32 -13 -12 -3 -17 56 -4 31 -7 -14 49 -26 -10 -16 -34 35 40 -37 -24 46 -21 -25 -41 -33 52 -22 59 50 -30 -31 -20 61 -2 -40 -49 -9 -29 -19 -11 -38 -15 -48 -18
right_child=2 3 4 7 13 9 -8 12 26 16 21 15 17 45 19 23 38 24 29 39 44 -23 37 34 30 -27 -28 55 47 48 -32 42 33 -35 -36 36 58 -39 43 41 -42 -43 -44 -45 -46 -47 60 53 -50 -51 -52 -53 -54 -55 -56 -57 -58 -59 -60 -61 -62 -63
leaf_value=0.0077358773135593238 0.00098969205347112154 0.0028967305609039614 -0.0019187740689988791 -0.00056538370842538935 0.00081391041887074423 0.00045647211396904078 0.0047568593111680093 0.002633875612556397 0.00034511579466991343 -0.0020167390564512018 0.002771737393083883 -0.00037846343713212357 0.0013226572345858487 -0.00047597050202264853 0.00090275811198674532 -0.002588988590622272 -0.00070945693626150259 0.0022473305973722798 0.00087760170111132524 -0.0009721666597175627 -0.0009621761629554945 0.004125962054060228 0.0020955224966733347 -0.0017103932631317186 0.0014876222741035516 -0.0031182081155428612 -0.0011700889688223601 -0.00026532159520720118 0.00093186943909456344 -0.00032903563879895003 0.00066714329388713558 -0.00079137481458228874 -0.00025829497830616877 0.00053716145991258271 -0.0024316377767051259 -0.00081718618339080918 -0.002026768055278808 0.0011105247379871715 -0.00058460914446150497 0.00035106874509486353 -0.0025132748922333126 -0.00045256615525818039 -0.00012617078356396124 -0.0016738285603888261 -0.0017080543607748537 -8.0251466835946659e-07 -0.00084090805695658281 0.00055129896627477144 0.00030996673328318385 0.00027565981030646915 -0.00043130548080735312 0.001734867523553554 -0.0013119640202770219 -0.00014571093342618995 0.0019370359114429733 -0.00082759284295897534 0.0016278733443746817 -0.001504108523402144 -0.0014285746434631119 -0.0010390421827676185 -0.0013703857103329949 -0.0011414195496844976
leaf_weight=213 211 200 211 231 335 301 383 201 243 315 322 283 296 241 273 382 495 284 638 228 221 226 217 732 499 370 306 380 224 214 332 443 388 429 210 281 200 239 202 226 200 452 423 325 517 236 210 200 594 233 507 209 240 210 203 249 201 255 214 218 313 286
leaf_count=213 211 200 211 231 335 301 383 201 243 315 322 283 296 241 273 382 495 284 638 228 221 226 217 732 499 370 306 380 224 214 332 443 388 429 210 281 200 239 202 226 200 452 423 325 517 236 210 200 594 233 507 209 240 210 203 249 201 255 214 218 313 286
internal_value=-1.88574e-06 0.00213528 -0.000694738 0.00159747 -0.00119747 -0.00134492 0.00582151 0.00118056 0.000119951 -0.000899238 0.00259506 -0.00182057 0.00133275 -6.67471e-05 0.000326999 -0.00166599 -0.00111105 0.00116169 0.000623753 1.49321e-05 -0.00117807 0.00333023 0.00198093 -0.00189049 0.001466 -0.00268261 -0.000479246 -0.000182252 0.000731081 0.000439455 0.00115983 -0.000288626 0.000345575 0.000159393 -0.00174524 -0.00165664 -0.00135352 0.00157926 -0.000961512 -0.000382861 -0.00188269 -0.000184688 -0.000466454 -0.00127374 -0.0014847 -0.000491237 -0.000829277 0.000454888 0.000140726 0.000716577 -0.000695884 0.00136051 -0.000979553 0.000194294 0.00228373 -0.000487906 0.00199061 -0.0017874 -0.00171756 -0.000743399 -0.00115778 -0.00086764
internal_weight=19120 4681 14439 4085 8929 7899 596 2881 5510 4078 1204 3821 2650 1030 4095 3240 3148 2246 2099 1996 1021 548 656 2219 1316 581 1415 930 930 1679 831 1109 1090 817 1837 1627 695 456 2578 906 932 678 866 767 738 695 1811 634 808 871 1288 420 442 410 404 629 485 570 414 459 523 781
internal_count=19120 4681 14439 4085 8929 7899 596 2881 5510 4078 1204 3821 2650 1030 4095 3240 3148 2246 2099 1996 1021 548 656 2219 1316 581 1415 930 930 1679 831 1109 1090 817 1837 1627 695 456 2578 906 932 678 866 767 738 695 1811 634 808 871 1288 420 442 410 404 629 485 570 414 459 523 781
is_linear=0
shrinkage=0.05


Tree=9
num_leaves=63
num_cat=0
split_feature=0 0 0 0 40 36 31 36 49 36 27 2 36 39 49 8 2 53 36 46 27 5 56 47 39 58 55 56 48 50 47 55 58 29 2 37 29 36 46 27 2 33 2 32 53 6 27 2 2 52 2 2 49 49 42 48 46 58 48 24 46 32
split_gain=10.2206 3.35014 2.13489 0.61333 0.537392 0.604703 0.48551 0.247302 0.228499 0.210037 0.206029 0.166979 0.154359 0.138352 0.138003 0.121138 0.107083 0.101362 0.0987239 0.0933646 0.0865712 0.0743624 0.0722649 0.0783451 0.0706577 0.0642667 0.0623216 0.0626423 0.0586536 0.0575289 0.0548596 0.0545916 0.0533851 0.0498255 0.049178 0.0458181 0.0453248 0.0452671 0.0402527 0.0399046 0.0462816 0.0398706 0.0396343 0.0389148 0.038599 0.0353153 0.0337706 0.0325937 0.0309743 0.0300723 0.0291991 0.0212899 0.0210477 0.0209812 0.0195443 0.0192616 0.0186204 0.0262655 0.0178552 0.0178173 0.0144985 0.0128822
threshold=184226.44570872458 91332.715132352896 281971.67280204006 136599.08733224132 10.500000000000002 55.650000000000013 12900.500000000002 39.350000000000001 0.026414793891815367 16.450000000000003 35757.500000000007 0.070462168014505153 35.050000000000004 3.5000000000000004 0.027943950631760209 207.05000000000004 0.08946616163061509 86.500000000000014 21.850000000000005 66.06212347792723 48444.000000000007 12352.450000000003 40.000000000000007 4.3710007468164438 8.5000000000000018 0.45227272727272733 43815.000000000007 40.000000000000007 56.612297212551759 0.0036314612499165886 5.6701514484832112 47517.000000000007 0.56832298136645976 935.50000000000011 0.056685315515982916 34.301416718704054 1212.5000000000002 33.550000000000004 56.230180785104388 49982.000000000007 0.063238086639126681 4542.5055000000011 0.056964819644764936 4236.1595000000007 20.500000000000004 2.3200000000000007 51599.500000000007 0.047143721584789071 0.0450553908795455 32.500000000000007 0.080711561433279663 0.050750781517480893 0.063661104416147654 0.077046437296054662 1.5000000000000002 58.860002576206071 58.284154202829924 0.44722222222222224 58.122976165199759 55.500000000000007 60.616783286173877 3621.3530000000005
decision_type=2 2 2 2 2 2 2 2 2 2 2 2 2 2 2 2 2 2 2 2 2 2 2 2 2 2 2 2 2 2 2 2 2 2 2 2 2 2 2 2 2 2 2 2 2 2 2 2 2 2 2 2 2 2 2 2 2 2 2 2 2 2
left_child=1 6 7 10 5 8 -1 13 44 28 -3 29 30 18 21 17 25 -6 52 39 53 -7 23 -16 34 -12 27 35 -5 37 -10 55 43 -18 60 -14 54 -11 -36 -15 -41 50 -21 -23 -4 -17 -44 56 -32 58 -22 -33 -2 -13 -25 61 -37 -58 -38 -28 -9 -20
right_child=2 3 4 9 15 14 -8 24 12 11 16 20 26 19 22 45 33 -19 31 42 41 32 -24 36 -26 -27 59 -29 -30 -31 48 51 -34 -35 38 47 49 -39 -40 40 -42 -43 46 -45 -46 -47 -48 -49 -50 -51 -52 -53 -54 -55 -56 -57 57 -59 -60 -61 -62 -63
leaf_value=0.0067772348390715805 0.00094020744741941757 0.003637127322470444 -0.0014729721463271955 0.0025626435769715425 -9.5562260690469419e-05 -0.0015016905612269295 0.0038970257346915417 -0.00036752013785900923 0.00020028446559250976 0.0004094613546265071 0.0021497078739879986 0.0013923208150350729 -0.00033170088659062458 0.00085762020465890172 -0.00082620064560801553 -0.0010029319186327741 0.0021500721294067634 0.0013275714860950618 0.00069519979456477484 -0.00093008512734403049 0.00079420524325541926 -0.003129484573172873 -0.0023301256694442901 -0.00095935916466519946 -0.0010995799738564155 0.0009546439231291065 -0.00025819275462492713 -0.0019026123696550775 0.001522570177864621 0.0009726530689371176 -0.00096717627665723459 -0.00030906423210013816 -0.0018534015694422893 0.0031846236081338971 0.0005818928769841501 -0.0010271756780076387 -0.001509770628066861 -0.00050687316636155607 -0.00026233718767951848 -0.00025833808790190038 0.00051083677786248197 0.00036923647380797522 0.00037953808751262845 -0.0023049197287851281 -0.0024053791059563115 -0.00016728179568383008 -0.00039845344432693224 -0.00085949314884560849 -0.00031349041435173715 -0.0022749042456920369 0.0014282948271478392 0.00028644100151001419 0.001648124144802485 0.0020190299263903944 -0.0015309506915613062 0.00030488619568430874 -0.0011045742345361087 -0.0018006576319795492 -0.0020249873554872714 -0.00076433454436723388 -0.00085882861575810234 0.0011802453448550162
leaf_weight=338 211 286 208 253 314 252 258 376 375 370 224 242 208 273 390 271 251 208 412 226 346 307 273 280 311 226 244 232 292 258 271 202 237 217 234 336 585 212 356 363 424 228 200 268 238 237 461 674 547 260 382 584 209 298 321 213 239 313 236 605 250 205
leaf_count=338 211 286 208 253 314 252 258 376 375 370 224 242 208 273 390 271 251 208 412 226 346 307 273 280 311 226 244 232 292 258 271 202 237 217 234 336 585 212 356 363 424 228 200 268 238 237 461 674 547 260 382 584 209 298 321 213 239 313 236 605 250 205
internal_value=-1.79146e-06 0.00202852 -0.000660001 0.00151759 -0.0011376 -0.00127767 0.00553043 0.000113953 -0.000896478 0.00112153 0.00246531 0.000915321 -0.000778024 0.00032136 -0.00177974 -6.34097e-05 0.00210023 0.00047151 0.000609531 2.00153e-05 0.00123209 -0.00225202 -0.00156545 -0.0014647 -0.000427042 0.00154952 -0.00097785 -0.00113008 0.00200539 0.000351176 -0.000300484 0.000432032 -0.00248488 0.00262977 -0.000255036 -0.00102883 -0.00161275 7.56763e-05 7.2493e-05 0.000336744 0.000156059 0.000946223 -0.000358488 -0.00274517 -0.00197053 -0.000613072 -0.000163055 -0.00112166 -0.000530054 -0.00180628 0.00112693 0.000133398 0.00129248 0.00173817 -0.00126465 0.000714835 -0.00132064 -0.00149927 -0.00165787 -0.000618871 -0.00056373 0.000856358
internal_weight=19120 4681 14439 4085 8929 7899 596 5510 4490 2881 1204 2336 4044 3983 3409 1030 918 522 2036 1947 1496 1064 2345 2072 1527 450 2851 2002 545 840 1193 1616 812 468 1216 1770 1682 582 590 1060 787 956 887 575 446 508 661 1562 818 1081 728 786 420 540 601 830 888 552 821 849 626 617
internal_count=19120 4681 14439 4085 8929 7899 596 5510 4490 2881 1204 2336 4044 3983 3409 1030 918 522 2036 1947 1496 1064 2345 2072 1527 450 2851 2002 545 840 1193 1616 812 468 1216 1770 1682 582 590 1060 787 956 887 575 446 508 661 1562 818 1081 728 786 420 540 601 830 888 552 821 849 626 617
is_linear=0
shrinkage=0.05


Tree=10
num_leaves=63
num_cat=0
split_feature=28 2 2 2 55 28 28 36 39 28 39 25 39 36 44 20 0 39 2 30 21 2 39 30 44 53 5 5 48 2 28 47 5 47 42 5 2 5 55 28 36 1 48 49 48 48 48 33 0 21 48 32 57 54 49 47 2 62 36 36 5 2
split_gain=9.79978 2.89281 1.78474 0.950329 0.54399 0.328042 0.308198 0.298098 0.282776 0.183042 0.17613 0.167381 0.148078 0.146171 0.132765 0.124983 0.11144 0.106705 0.108775 0.101714 0.0937703 0.083163 0.0828656 0.0771958 0.0823079 0.0758105 0.074017 0.066956 0.0658922 0.0616166 0.0611263 0.0591843 0.0661367 0.0575896 0.0880415 0.0560595 0.052778 0.043335 0.0412761 0.0407828 0.0389195 0.0358852 0.03355 0.0326137 0.0314073 0.0304486 0.0302264 0.0336525 0.030748 0.0288989 0.0283507 0.0243127 0.0229724 0.0228202 0.0215405 0.0200829 0.0191916 0.0186244 0.0173809 0.0168273 0.016509 0.0146299
threshold=149250.00000000003 0.097285359883803948 0.046351784795938517 0.14266063077991656 34735.000000000007 109850.00000000001 176350.00000000003 44.95000000000001 6.5000000000000009 95550.000000000015 8.5000000000000018 830.50000000000011 20.000000000000004 38.250000000000007 1.0000000180025095e-35 456598.00000000006 214252.66794391067 12.500000000000002 0.029094655522230908 3690.0000000000005 82.500000000000014 0.088504165443777885 8.5000000000000018 4744.0000000000009 1.0000000180025095e-35 34.500000000000007 13355.250000000002 12772.600000000002 29.347594785293133 0.053901929190902732 230900.00000000003 42.788967428652356 13165.750000000002 26.808244105040664 1.0000000180025095e-35 12352.450000000003 0.075323918574157475 12772.600000000002 11385.500000000002 265650.00000000006 35.050000000000004 881.56158686995786 33.199723151190149 0.063397188661426046 58.122976165199759 61.837648944680822 50.860974102290022 4010.1980000000008 425935.63114449364 172.50000000000003 44.053895366497031 3765.3285000000001 3.2034482758620695 10.500000000000002 0.029635451603240558 72.61538645075079 0.055106326483697836 11.665000000000001 32.45000000000001 53.350000000000001 12702.500000000002 0.059693462116999295
decision_type=2 2 2 2 2 2 2 2 2 2 2 2 2 2 2 2 2 2 2 2 2 2 2 2 2 2 2 2 2 2 2 2 2 2 2 2 2 2 2 2 2 2 2 2 2 2 2 2 2 2 2 2 2 2 2 2 2 2 2 2 2 2
left_child=1 5 4 8 7 20 22 15 9 -3 16 14 30 23 35 19 21 18 42 -2 -1 29 27 -8 56 -14 -27 44 -26 -7 -6 32 52 37 57 -9 -22 -15 -37 45 -21 -33 -16 58 51 -36 48 -48 -20 61 -45 -4 -31 -50 -17 60 -25 -35 -29 -32 -43 -30
right_child=2 3 6 -5 12 10 13 11 -10 -11 -12 -13 25 33 17 54 -18 -19 46 40 36 -23 -24 24 28 26 -28 43 49 31 59 41 -34 34 39 38 -38 -39 -40 -41 -42 55 -44 50 -46 -47 47 -49 53 -51 -52 -53 -54 -55 -56 -57 -58 -59 -60 -61 -62 -63
leaf_value=0.0012281098377813857 0.00045661162271401208 0.00489668841383152 0.00072949307484393997 0.0070765796561253593 -0.00034783507941202042 0.00034303979623315055 0.00087986750877085216 -0.00052801318626148088 0.0022229343973903417 0.0030782303715995466 -1.6553471109063672e-05 -0.0029176212019573359 -0.00069453696828948672 0.00040377410266564853 -0.0020757461086871173 -0.001901836099791559 6.7729649483777972e-05 -0.00079742383925207605 -0.0010863701564570267 -0.00041077473707123465 0.0018567109495183237 0.0022424431947292759 -0.00040383997626549663 0.00013150229787266328 -0.0010068533632362139 0.00092324580167995988 -0.00030765102478797759 0.00018267244690891801 -0.00015284254722309714 0.0023470070420150112 -0.00087127776604460866 0.00046624432435669096 0.0010569509106910552 -0.00054147662882898643 -0.00049491029230428201 -0.00097391859375280684 0.0028238152320328586 -0.00049943466121060611 -0.0018006264196220236 -0.0013468648888948864 -0.001175558148571633 0.0017126796409996127 -0.0027626229214298605 0.00083630010136029667 0.00035661847832038927 -0.0011038898523061968 -0.0016874177569946266 -0.0024955346978142719 -0.0015388823643336024 -0.0005370682155760334 0.0001909001109435313 0.001390943544150861 0.0016179368493030779 -0.0021644002953729599 -0.0012374154098576083 0.00088838208918609954 0.00072905265537151649 -5.2806977672834694e-05 -0.00035863074153004145 -0.0012944398534086741 0.0011702184865870727 0.00036569065976719786
leaf_weight=202 203 318 396 226 399 201 205 273 309 245 356 283 251 214 326 209 211 224 270 310 222 200 347 390 312 273 221 308 344 235 462 217 311 405 461 299 387 350 305 475 359 207 391 263 331 370 326 213 531 328 482 214 200 201 293 385 205 376 286 478 435 225
leaf_count=202 203 318 396 226 399 201 205 273 309 245 356 283 251 214 326 209 211 224 270 310 222 200 347 390 312 273 221 308 344 235 462 217 311 405 461 299 387 350 305 475 359 207 391 263 331 370 326 213 531 328 482 214 200 201 293 385 205 376 286 478 435 225
internal_value=-1.07078e-05 0.00192871 -0.000666797 0.00418716 -0.00123098 0.00127077 -0.000117096 -0.00151308 0.0034383 0.00410535 0.00102652 -0.00174983 -0.000551983 -0.000361241 -0.00165144 -0.000885531 0.00116923 -0.0018383 -0.00194156 -0.000523708 0.00216163 0.00126644 0.00031599 -3.95617e-05 -0.000144042 1.30556e-05 0.000372581 0.000425543 -0.000380971 0.00117735 -0.000866362 0.00126162 0.00161373 -0.000605018 -0.000726165 -0.00112262 0.00247127 -0.000156728 -0.00139138 -0.0009773 -0.000821174 0.00105046 -0.00245032 0.000198398 0.000748759 -0.000766056 -0.00170484 -0.00200677 -0.00154243 -0.000163273 0.000418739 0.000961543 0.0020118 -0.00171064 -0.00151404 0.0011739 0.000337381 -0.000306214 -7.7955e-05 -0.00108646 0.00134512 5.22013e-05
internal_weight=19254 4867 14387 1098 7100 3769 7287 5016 872 563 2958 3642 2084 4660 3359 1374 2602 2482 2258 872 811 2391 2627 2009 1804 745 494 2280 1209 2191 1339 1990 746 2651 2087 877 609 564 604 1306 669 1244 717 1339 941 831 1541 539 1002 897 745 610 435 732 502 1027 595 781 594 940 642 569
internal_count=19254 4867 14387 1098 7100 3769 7287 5016 872 563 2958 3642 2084 4660 3359 1374 2602 2482 2258 872 811 2391 2627 2009 1804 745 494 2280 1209 2191 1339 1990 746 2651 2087 877 609 564 604 1306 669 1244 717 1339 941 831 1541 539 1002 897 745 610 435 732 502 1027 595 781 594 940 642 569
is_linear=0
shrinkage=0.05


Tree=11
num_leaves=63
num_cat=0
split_feature=28 28 2 50 55 2 28 36 51 39 0 25 36 20 0 30 62 0 32 52 37 39 50 32 42 36 39 30 36 29 48 0 51 28 48 36 48 5 47 47 55 55 0 55 39 57 48 40 2 36 50 2 62 48 48 36 41 49 36 0 48 28
split_gain=8.8443 2.62336 1.61073 0.968755 0.490951 0.364454 0.279426 0.269033 0.220985 0.177505 0.15844 0.151061 0.146416 0.112797 0.110096 0.0917971 0.0917138 0.14463 0.0848287 0.0816132 0.0808802 0.100454 0.0754425 0.0718434 0.0709695 0.0681343 0.066078 0.0602707 0.0593222 0.0560434 0.0502247 0.0473133 0.0422056 0.0409687 0.0392497 0.0355514 0.0352876 0.0384396 0.0439053 0.0333407 0.032849 0.0312884 0.0311575 0.04344 0.0301605 0.0280751 0.026808 0.0258097 0.0248699 0.0248081 0.0243128 0.023027 0.0222934 0.0218549 0.0210444 0.0199748 0.0198787 0.0194403 0.0185925 0.0180544 0.0175738 0.0170632
threshold=149250.00000000003 97450.000000000015 0.046351784795938517 0.0064595149470884194 34735.000000000007 0.090317500942438789 168050.00000000003 44.95000000000001 -0.022425318070016072 8.5000000000000018 117340.68494055771 830.50000000000011 40.050000000000004 456598.00000000006 198398.46737445923 3690.0000000000005 16.275000000000002 801599.96570588078 4804.2840000000006 7.5000000000000009 44.057427484865492 3.5000000000000004 0.0055167375514190526 4930.286000000001 1.0000000180025095e-35 41.250000000000007 2.5000000000000004 5701.0000000000009 31.250000000000004 862.50000000000011 76.220612352709296 873887.40717133053 -0.00020062473000498346 262350.00000000006 61.837648944680822 32.45000000000001 61.229606438960211 13022.300000000001 43.0585255195682 61.539538156186602 47517.000000000007 17057.500000000004 292958.34131404822 30367.000000000004 4.5000000000000009 3.1882352941176477 23.581547875059936 1.0000000180025095e-35 0.055518947960875288 25.750000000000004 0.0039440444693553392 0.069762640275984514 11.395000000000001 62.210942170920127 42.594839046812446 49.95000000000001 1.5000000000000002 0.029635451603240558 52.150000000000013 402923.7254665526 50.148029238470059 440850.00000000006
decision_type=2 2 2 2 2 2 2 2 2 2 2 2 2 2 2 2 2 2 2 2 2 2 2 2 2 2 2 2 2 2 2 2 2 2 2 2 2 2 2 2 2 2 2 2 2 2 2 2 2 2 2 2 2 2 2 2 2 2 2 2 2 2
left_child=1 3 4 10 7 9 30 13 -6 14 -1 16 20 15 22 -2 17 26 31 29 -8 42 28 24 50 -10 -9 -5 36 -7 44 -18 41 34 48 -17 37 38 -3 53 46 -28 43 -22 54 -19 -23 -46 -26 -16 55 -38 -48 -27 -4 -14 59 -15 -35 -34 -39 -61
right_child=2 5 6 27 8 19 12 11 25 -11 -12 -13 23 57 49 35 18 45 -20 -21 21 40 -24 -25 33 39 32 -29 -30 -31 -32 -33 56 58 -36 -37 51 60 -40 -41 -42 -43 -44 -45 47 -47 52 -49 -50 -51 -52 -53 -54 -55 -56 -57 -58 -59 -60 61 -62 -63
leaf_value=0.0035513498373593135 0.00043378105671534992 0.0021774050725360977 0.0010742787479744841 0.0066778980679810043 0.00074606009064550911 0.001297800918581115 0.00061473869643082662 -0.00080148002126183857 -0.00024367352291655866 -6.9997826169216983e-05 0.0018274862635577018 -0.0027717401475732813 -0.00021154128703062159 -0.0018067442749570676 0.00077252407637523851 -0.00032152283421831528 -0.00096657341784253887 -0.0029236278602956479 -0.00051660040740593774 0.0030676179256804324 0.00055995171145104764 -0.0011127426100635599 0.0020059226420502995 0.0002751675112326126 -0.00067909727967083871 -0.0009784230415168045 -0.0016072995316481883 0.0054503931961371564 0.0005607363856669973 0.002356191457350271 -0.00026411273259520997 -0.00195211430804597 -0.0012630050396095112 -0.00097697951782802026 -0.0010509649691090486 -0.0010698118440808596 0.00055032547448816875 0.0013394219750803489 0.0013479041999927229 -0.0013857800356172358 -1.758261721846566e-05 -0.002390772870009251 -0.00036940114085507142 -0.00010500122215683474 0.00059549218711411238 -0.002150378993568802 -0.00079293598032827801 -1.7205152847176876e-05 -1.4051931136432531e-07 1.4885100907122251e-05 0.00018251500702708921 0.0012528595760637759 -0.00024264701467048428 -0.00049591273246195854 0.00055369182123739898 -0.00074756281267977418 -0.0011094493429488913 -0.001175544634725622 -0.0015865459829801695 -0.0019075855056292078 0.00078917983640359134 -0.0013888507748652046
leaf_weight=317 203 276 306 200 294 213 404 265 509 329 230 283 419 209 235 259 211 219 346 221 606 203 318 236 313 587 236 200 327 303 221 288 290 334 373 410 221 434 378 303 320 277 217 413 353 253 310 335 237 200 206 247 453 391 531 297 267 293 200 467 218 240
leaf_count=317 203 276 306 200 294 213 404 265 509 329 230 283 419 209 235 259 211 219 346 221 606 203 318 236 313 587 236 200 327 303 221 288 290 334 373 410 221 434 378 303 320 277 217 413 353 253 310 335 237 200 206 247 453 391 531 297 267 293 200 467 218 240
internal_value=-1.01724e-05 0.00183228 -0.000633458 0.00419404 -0.00116943 0.00126172 -0.000111241 -0.00143743 -0.000524384 0.00102973 0.00282651 -0.00166234 -0.000285044 -0.000841255 0.0011565 -0.000497523 -0.00156887 -0.00172034 -0.00111822 0.00226364 -4.20652e-05 -0.000147279 0.0012882 -0.00055692 -0.000639464 -0.000733049 -0.00153801 0.00606415 0.00117956 0.0019193 0.00044033 -0.00153538 -0.00164785 -0.000856706 -0.000655039 -0.000780116 0.00129363 0.00142712 0.00169797 -0.0009275 -0.000456643 -0.00203034 0.0001746 0.000290447 0.000542416 -0.00250915 -0.000602087 0.000297158 -0.000386529 0.000424184 -0.000296165 0.000921107 -0.000466224 -0.000785518 0.000744014 -0.000433885 -0.00149261 -0.00143833 -0.00120528 -0.00159522 0.00115545 -0.00173149
internal_weight=19254 4867 14387 947 7100 3920 7287 5016 2084 3183 547 3642 5541 1374 2854 872 3359 2514 845 737 2926 2522 2419 2615 2379 1790 2042 400 2101 516 1746 499 1777 1457 923 669 1774 1306 654 1281 1286 513 1236 1019 1525 472 966 688 550 435 922 468 763 978 837 716 1264 502 534 997 652 707
internal_count=19254 4867 14387 947 7100 3920 7287 5016 2084 3183 547 3642 5541 1374 2854 872 3359 2514 845 737 2926 2522 2419 2615 2379 1790 2042 400 2101 516 1746 499 1777 1457 923 669 1774 1306 654 1281 1286 513 1236 1019 1525 472 966 688 550 435 922 468 763 978 837 716 1264 502 534 997 652 707
is_linear=0
shrinkage=0.05


Tree=12
num_leaves=63
num_cat=0
split_feature=28 28 2 2 40 2 30 36 36 39 25 56 51 27 32 25 37 0 0 2 28 37 39 0 5 50 2 1 28 1 47 46 2 30 48 30 28 51 46 2 27 37 55 62 62 50 27 36 25 36 53 53 2 26 5 46 39 31 30 48 36 50
split_gain=7.98295 2.63994 1.21716 0.939934 0.449499 0.339803 0.300583 0.26438 0.239198 0.158535 0.130793 0.124216 0.122711 0.101102 0.09965 0.0992125 0.108534 0.0977533 0.0948053 0.0815462 0.0769949 0.0687674 0.101049 0.0652361 0.0594598 0.0592405 0.0542989 0.0475522 0.0469831 0.0463776 0.0515722 0.0455566 0.0646912 0.0442854 0.0433231 0.0415629 0.0386527 0.037385 0.0361938 0.0342339 0.0276742 0.0276246 0.0275791 0.0344946 0.0271558 0.0254781 0.0249393 0.0243685 0.0232461 0.0228583 0.0228122 0.0229809 0.0223927 0.0221049 0.0212777 0.0184053 0.0183891 0.0179714 0.0173802 0.0154578 0.0121754 0.0120162
threshold=156950.00000000003 98550.000000000015 0.044418284669450456 0.13531345226974792 10.500000000000002 0.085528999647310935 5609.5000000000009 41.250000000000007 53.350000000000001 8.5000000000000018 856.00000000000011 40.000000000000007 -0.010522251793427582 48855.500000000007 4930.286000000001 359.50000000000006 22.706528894461432 208156.09493506761 873887.40717133053 0.054653802313757251 115400.00000000001 44.277170900686038 3.5000000000000004 117340.68494055771 12453.200000000003 0.0036803905688475489 0.058004486703406778 1009.9094653859421 222350.00000000003 918.80988983002646 36.633398897508712 41.360455987792157 0.095317718929172235 8886.5000000000018 39.181649585791838 6000.5000000000009 133350.00000000003 -0.0010500903842043938 66.780675618432994 0.026346741370602389 84813.500000000015 72.416291356368049 43815.000000000007 11.605000000000002 11.195000000000002 0.0016733139239973394 74875.500000000015 24.650000000000002 159.50000000000003 33.850000000000001 41.500000000000007 12.500000000000002 0.032691355369052523 52765.000000000007 12882.200000000003 51.948445802953565 2.5000000000000004 13079.500000000002 7282.5000000000009 44.864495379513919 47.850000000000001 0.01401097497142452
decision_type=2 2 2 2 2 2 2 2 2 2 2 2 2 2 2 2 2 2 2 2 2 2 2 2 2 2 2 2 2 2 2 2 2 2 2 2 2 2 2 2 2 2 2 2 2 2 2 2 2 2 2 2 2 2 2 2 2 2 2 2 2 2
left_child=1 3 4 6 8 9 -1 21 15 17 11 14 35 31 18 16 -2 20 46 33 48 54 26 -8 -16 40 49 -18 38 34 -31 -7 -33 50 -22 -6 -36 -13 44 -17 55 -15 43 -29 -24 -32 52 -19 -3 -23 51 -9 -10 -28 -4 -21 -35 -20 -45 -53 -58 -14
right_child=2 5 7 -5 12 13 23 19 10 -11 -12 37 61 41 24 39 27 47 57 25 29 22 28 -25 -26 -27 53 42 -30 30 45 32 -34 56 36 -37 -38 -39 -40 -41 -42 -43 -44 58 -46 -47 -48 -49 -50 -51 -52 59 -54 -55 -56 -57 60 -59 -60 -61 -62 -63
leaf_value=0.0043562418675665232 0.00024514257341179798 0.0012649086583301325 0.0009379450452265787 0.0065015654365612775 0.0010197320324268418 0.0015969326570862412 0.0027677223234293452 -0.00079425755769823984 -0.0013372321912655766 -0.00015159248210148754 -0.002744533776473785 -0.0026448717221862427 -0.00092661570555497099 0.00084197599463624187 -7.6784350928599211e-05 -0.0020312662956519134 -0.00043302312936866659 0.00070490165095529831 -0.0023578407992745805 0.00014300875625225157 0.0011799691648269753 0.00019120691298726004 -0.0002960958128504693 0.0016234378162450506 -0.001224194926749256 0.00040739675268648147 0.00036008683815165579 -0.0016830692524906167 -0.00078209252455557787 0.001801442656158708 0.00059615276844720416 0.0019715592609709557 0.0031639934691197395 -0.00061281385865954465 0.00077398873366047089 1.8738922803232478e-05 -0.00011713151640600425 -0.0017558031929393811 -0.00044733789093146057 -0.0011992857268707182 -0.00083267420395938393 0.0016500459819767594 -0.00066300661608381022 -0.00065759534136467282 0.00029804505298333423 0.0011110805056049004 -0.0014828408130136243 5.0410062072184544e-08 0.0019657809464762167 -0.00028256470759145978 -0.00095121874591681506 0.00015463407718328457 -0.00067581255122515962 0.00094204280457914054 0.00031001424460378921 -0.00043658566176968318 -0.00089302024730415958 -0.0017684359456844895 -0.0012027403612877188 -0.00044145222194072806 -0.00130155230553045 -0.00041288059686159619
leaf_weight=268 226 223 212 254 203 207 298 220 295 374 239 274 237 222 202 226 375 213 306 201 223 588 326 214 256 264 519 274 404 220 332 262 201 219 249 212 238 208 656 273 304 202 303 224 469 869 925 289 252 449 235 201 226 238 371 430 310 224 421 237 443 219
leaf_count=268 226 223 212 254 203 207 298 220 295 374 239 274 237 222 202 226 375 213 306 201 223 588 326 214 256 264 519 274 404 220 332 262 201 219 249 212 238 208 656 273 304 202 303 224 469 869 925 289 252 449 235 201 226 238 371 430 310 224 421 237 443 219
internal_value=-9.66381e-06 0.00157808 -0.000662496 0.00385983 -0.00116878 0.00106249 0.00299958 -0.000221994 -0.00133657 0.000820983 -0.00162004 -0.00152787 -0.00011372 0.00183117 -0.00138265 -0.000951404 -0.000780411 0.000938017 -0.00153668 -0.000575722 0.00106109 3.41082e-05 -4.64549e-05 0.00228945 -0.000718132 -0.000254018 0.000221098 -0.000925542 -0.000305209 0.000932777 0.00109766 0.00221355 0.00248923 -0.000782545 0.000602787 0.000508381 0.000338493 -0.00226121 -0.000172431 -0.00157609 -0.00044077 0.00122695 -0.00107668 -0.00121308 5.44099e-05 0.000968736 -0.001327 0.000299121 0.00163674 -1.39266e-05 -0.000528349 -0.000377324 -0.00105032 0.000543053 0.000538353 -0.00025196 -0.00101608 -0.00210873 -0.00101342 -0.000167906 -0.00113337 -0.000679888
internal_weight=19254 5610 13644 1034 6348 4576 780 7296 5477 3482 3155 2916 871 1094 2434 2322 1823 3108 1976 3064 2606 4232 3649 512 458 1199 1794 1597 1855 2131 1421 670 463 1865 710 415 487 482 1451 499 935 424 1222 919 795 1201 1446 502 475 1037 893 658 521 757 583 631 972 530 645 438 753 456
internal_count=19254 5610 13644 1034 6348 4576 780 7296 5477 3482 3155 2916 871 1094 2434 2322 1823 3108 1976 3064 2606 4232 3649 512 458 1199 1794 1597 1855 2131 1421 670 463 1865 710 415 487 482 1451 499 935 424 1222 919 795 1201 1446 502 475 1037 893 658 521 757 583 631 972 530 645 438 753 456
is_linear=0
shrinkage=0.05


Tree=13
num_leaves=63
num_cat=0
split_feature=28 2 2 0 55 28 28 2 27 50 36 39 7 48 44 29 28 21 37 2 29 2 42 47 42 17 55 36 2 62 40 55 38 57 48 50 56 47 56 7 36 0 29 27 26 58 40 46 44 48 39 27 0 7 48 35 47 2 36 36 44 28
split_gain=7.21114 2.16213 1.32093 0.752213 0.41121 0.25035 0.247407 0.229071 0.204755 0.199078 0.160266 0.139291 0.101992 0.0937074 0.0866767 0.0833892 0.0816789 0.0777752 0.0740767 0.0718926 0.0713923 0.0654505 0.0612103 0.0545864 0.0902123 0.0513173 0.0506571 0.0493575 0.0487224 0.0427794 0.0419272 0.0380114 0.0371596 0.0369494 0.0360705 0.0348476 0.0346674 0.0339753 0.0340972 0.0387384 0.0326441 0.0324907 0.032958 0.0295565 0.0362888 0.0289594 0.0384704 0.0260348 0.0253367 0.0249039 0.0244833 0.0240113 0.0227998 0.0203934 0.0197443 0.0196091 0.0188978 0.0187721 0.0176826 0.0170805 0.015983 0.0153534
threshold=149250.00000000003 0.097285359883803948 0.04871558649137249 66589.001174212652 20921.500000000004 95550.000000000015 116250.00000000001 0.027913817733669705 72894.500000000015 0.0092667502471718965 47.050000000000004 8.5000000000000018 177.88350000000003 54.862635379955968 1.0000000180025095e-35 1043.5000000000002 168050.00000000003 82.500000000000014 53.415396395137869 0.071410906919649783 858.50000000000011 0.018950582833041591 1.0000000180025095e-35 30.35351147873531 2.5000000000000004 0.10500000000000011 40912.000000000007 17.850000000000005 0.061827428551719368 15.005000000000003 1.5000000000000002 21409.000000000004 0.14050000000000007 3.535714285714286 38.289364476731443 0.0043425450981647495 19.000000000000004 72.61538645075079 5.5000000000000009 183.25850000000003 29.750000000000004 280097.01777404506 998.50000000000011 42217.500000000007 31537.000000000004 0.33908045977011497 1.0000000180025095e-35 64.777011221990605 1.0000000180025095e-35 66.520537048407959 6.5000000000000009 88190.500000000015 561840.88888618106 188.33350000000004 53.474662914614214 2515.7200000000007 63.140391997885295 0.037447103581209083 60.750000000000007 47.45000000000001 1.0000000180025095e-35 109300.00000000001
decision_type=2 2 2 2 2 2 2 2 2 2 2 2 2 2 2 2 2 2 2 2 2 2 2 2 2 2 2 2 2 2 2 2 2 2 2 2 2 2 2 2 2 2 2 2 2 2 2 2 2 2 2 2 2 2 2 2 2 2 2 2 2 2
left_child=1 6 4 -3 7 -5 17 21 16 10 40 19 -11 14 15 -9 43 -1 -19 27 -7 -2 55 33 41 -14 31 -8 50 52 57 51 -29 35 -26 -18 53 38 -21 -40 -6 42 -25 -4 -45 -46 54 -30 -42 60 -24 -12 -16 -23 -47 -10 58 -15 -28 -31 -44 -20
right_child=2 3 8 5 9 20 11 13 22 12 26 -13 25 30 29 -17 23 18 61 37 -22 36 28 24 34 -27 56 32 47 59 -32 -33 -34 -35 -36 -37 -38 -39 39 -41 48 -43 49 44 45 46 -48 -49 -50 -51 -52 -53 -54 -55 -56 -57 -58 -59 -60 -61 -62 -63
leaf_value=0.00097556135064415261 -0.0024794600826587429 0.0061493393104857484 0.00095048311101186215 0.003860385609901513 0.0001487147480098052 0.0014627613089172745 0.001230651743059305 0.0004174471544145348 0.00026994733863289146 0.00093364885434052023 -0.00085997323779584832 -0.00020175054046781536 -0.00057014542009614243 -0.0020904682234377317 -0.0011296753189133546 -0.00084166646578572957 0.00025775734799191123 0.0024577461309349424 0.0017985676452852769 0.00090379278625033572 0.0027013674166289896 -0.0012756329726237323 -0.00065672107947556358 -0.00029225476367476707 -0.0011628251023196048 0.0003733471241021642 -0.00050325354048045732 9.0968280478340261e-05 0.0001646860362040577 -0.00039041821732028846 -0.0010448258886778382 -0.0017944362050892105 0.00079671881589315509 -0.00019996063075282145 -0.00036518447780962282 0.0010188510585020876 -0.0021830877790227532 0.00074762192265023005 0.0018684460792929394 0.0010631773567526624 -0.00028390491988151311 -0.00038462667824069137 0.00089576088092885742 -0.00019874459745551577 0.0008971618793827172 0.00088293426220572777 -0.00025867961618506781 -0.00058358935849607931 -0.00078349428544114688 -8.6917656150191995e-05 -0.0012143422786507355 -0.0015381034092239465 -0.0016477877297645948 -0.0018756883466133523 0.00025505801095820983 -0.0002698518225498526 -0.0012624358923957598 -0.0015243794906190777 -0.0010463007410599237 -0.0010319792917974518 0.00034019902978866076 0.0012758762444197167
leaf_weight=304 370 230 249 396 222 208 252 204 242 224 321 303 491 259 574 370 490 360 283 294 264 404 445 243 225 204 370 398 203 209 299 368 351 266 383 217 250 316 385 244 536 293 211 240 300 235 209 272 482 209 353 220 337 218 268 552 220 337 252 206 335 279
leaf_count=304 370 230 249 396 222 208 252 204 242 224 321 303 491 259 574 370 490 360 283 294 264 404 445 243 225 204 370 398 203 209 299 368 351 266 383 217 250 316 385 244 536 293 211 240 300 235 209 272 482 209 353 220 337 218 268 552 220 337 252 206 335 279
internal_value=-9.18062e-06 0.00165448 -0.000571985 0.00360699 -0.00100327 0.00293333 0.00108567 -0.00135724 -3.9774e-05 -0.00063781 -0.000835572 0.000804396 5.83107e-06 -0.00110616 -0.000907463 -0.000394177 0.000154058 0.00166911 0.00189778 0.000940495 0.00215554 -0.00192224 -0.00044985 -2.16091e-06 -0.000158193 -0.000293207 -0.00114357 0.000625353 -0.000664736 -0.00112966 -0.00152799 -0.00140241 0.000421701 0.000302366 -0.000660364 0.00049136 -0.00168581 0.0011951 0.0013483 0.00155607 -0.000400647 7.83059e-05 0.000214217 0.000452965 0.000354018 0.000485108 0.00031149 -0.0002638 -0.000520449 0.000377227 -0.000903388 -0.00113574 -0.00132134 -0.00148594 0.0005484 -0.000105329 -0.000864142 -0.00177038 -0.000723266 -0.00070888 0.000554894 0.00153908
internal_weight=19254 4867 14387 1098 7947 868 3769 4037 6440 3910 2991 2543 919 2795 1900 574 4373 1226 922 2240 472 1242 2067 2872 1899 695 1751 1001 1273 1326 895 909 749 973 608 707 872 1239 923 629 1240 1291 998 1501 1252 1012 712 475 1018 755 798 541 911 622 503 794 842 596 622 415 546 562
internal_count=19254 4867 14387 1098 7947 868 3769 4037 6440 3910 2991 2543 919 2795 1900 574 4373 1226 922 2240 472 1242 2067 2872 1899 695 1751 1001 1273 1326 895 909 749 973 608 707 872 1239 923 629 1240 1291 998 1501 1252 1012 712 475 1018 755 798 541 911 622 503 794 842 596 622 415 546 562
is_linear=0
shrinkage=0.05


Tree=14
num_leaves=63
num_cat=0
split_feature=28 2 2 2 40 2 39 28 28 44 39 29 28 37 51 42 51 39 21 7 7 2 33 37 47 2 62 51 30 30 40 0 46 38 0 58 27 26 0 28 37 38 32 26 52 35 44 38 46 32 2 32 2 23 27 48 48 33 46 48 48 41
split_gain=6.50806 1.95132 1.1936 0.69821 0.34048 0.242333 0.225166 0.223285 0.218714 0.168254 0.12571 0.117824 0.114959 0.109358 0.104985 0.103753 0.0858941 0.0781454 0.0701922 0.0700366 0.0688783 0.0838338 0.0765418 0.0668542 0.0654122 0.0648831 0.058893 0.0537024 0.051555 0.0390257 0.0370934 0.0405778 0.0365514 0.0368203 0.0338194 0.033342 0.0311225 0.0326719 0.0273148 0.0272523 0.0248182 0.0237518 0.0234547 0.0217304 0.0217205 0.0210012 0.0202097 0.0253004 0.0341752 0.019561 0.0191443 0.0183402 0.0181723 0.0180871 0.0168627 0.0162965 0.0162755 0.0161533 0.0152896 0.0145811 0.0144939 0.01418
threshold=149250.00000000003 0.097285359883803948 0.045974685283424056 0.14266063077991656 10.500000000000002 0.028217856105960722 6.5000000000000009 116250.00000000001 192450.00000000003 1.0000000180025095e-35 8.5000000000000018 1101.5000000000002 95550.000000000015 30.478821538857026 -0.010522251793427582 1.0000000180025095e-35 -0.00020062473000498346 8.5000000000000018 82.500000000000014 178.44200000000004 176.11150000000001 0.018950582833041591 4340.3945000000012 53.415396395137869 26.441027773562048 0.071410906919649783 15.705000000000002 -0.00011818813013220185 5476.5000000000009 5963.5000000000009 1.5000000000000002 321701.45484920318 53.385146422205118 0.13950000000000004 245688.23979490885 0.56832298136645976 48606.500000000007 42356.000000000007 402923.7254665526 262350.00000000006 55.606159979361308 0.17150000000000007 3319.6800000000003 32953.000000000007 7.5000000000000009 2599.6740000000004 1.0000000180025095e-35 0.14750000000000005 46.787228679831792 2840.5999999999999 0.055292577837563008 4209.9465000000009 0.072355197154345643 41.000000000000007 84471.500000000015 42.594839046812446 40.990385357047174 1713.8935000000004 66.399383532746825 39.274290763484622 56.724971521297739 1.0000000180025095e-35
decision_type=2 2 2 2 2 2 2 2 2 2 2 2 2 2 2 2 2 2 2 2 2 2 2 2 2 2 2 2 2 2 2 2 2 2 2 2 2 2 2 2 2 2 2 2 2 2 2 2 2 2 2 2 2 2 2 2 2 2 2 2 2 2
left_child=1 7 4 6 5 20 12 18 17 11 25 28 -3 -10 29 30 41 19 -1 40 22 -22 -2 -20 51 32 38 -26 -7 -6 31 56 42 -34 50 -13 37 -27 59 54 -4 -11 -9 -32 -36 -30 -23 -48 -49 -38 -21 -17 58 -28 -29 -52 -15 -40 -42 -18 -37 -19
right_child=2 3 8 -5 14 9 -8 10 13 16 -12 35 -14 15 -16 24 26 61 23 34 21 46 -24 -25 27 36 53 39 45 -31 43 -33 33 -35 44 60 49 -39 57 -41 52 -43 -44 -45 -46 -47 47 48 -50 -51 55 -53 -54 -55 -56 -57 -58 -59 -60 -61 -62 -63
leaf_value=0.00092678328293411486 -0.0017409230484816702 0.0040071182225138221 0.00099957040998445087 0.0059032991591869838 0.00098061594201135456 0.00061240390679367408 0.0017002345219472631 0.0013275283261883978 0.00064063399060706766 -0.0013502915359259761 -0.00019166301254420494 -0.00051000884624171218 0.002566002489124634 0.00028815233857883642 -0.00061812774288900194 -0.00040183660908768001 -0.00063275916678876747 -0.00076447639626030651 0.0023348588331363216 -0.00020385227841216867 -0.0024914681144277999 -0.0012156003072587808 -0.00038716775477037186 0.0014621279592254438 -0.0014046304683697881 0.0011065730179527437 -0.00081583469217734082 -0.00038125326172359941 2.7940749295748488e-05 1.6620075446685219e-05 0.00065327408521226045 -0.00080351745800179286 -4.8833304924565684e-05 0.00074542518046783108 -0.00065956731820802342 -0.00091899983244166929 0.0011875564402303539 0.0018767456638596998 -0.00093177355751235854 -0.00097743487449170291 0.00050345994767865717 -0.0019396617739660888 0.00057755079509678705 -4.9053979944060189e-05 4.6517006416836797e-05 -0.00064669819346187176 -0.0013470894123294285 -0.0015525077082722979 -0.0024307358751028052 0.00064066770449354763 0.00052292315458261234 0.0002442333910075118 0.00086884347401068216 -0.00014753902465671157 -0.00083758256002485583 0.00014756225538054273 -0.00022342954196535327 -0.0014263551353006154 -3.9794910019103093e-06 -0.0011008086918929049 -0.0014340960809961435 -0.0001741331741982871
leaf_weight=304 215 318 275 226 200 212 309 208 257 320 303 325 245 209 460 238 281 200 360 242 344 269 203 562 291 360 201 705 218 221 205 266 299 285 212 307 310 223 210 462 422 367 209 238 224 245 276 241 205 346 450 204 201 204 284 809 607 772 229 408 246 207
leaf_count=304 215 318 275 226 200 212 309 208 257 320 303 325 245 209 460 238 281 200 360 242 344 269 203 562 291 360 201 705 218 221 205 266 299 285 212 307 310 223 210 462 422 367 209 238 224 245 276 241 205 346 450 204 201 204 284 809 607 772 229 408 246 207
internal_value=-8.72159e-06 0.00157176 -0.000543385 0.00342664 -0.00101449 -0.00114783 0.00278476 0.00103139 -0.000103127 -0.000946473 0.000764176 -0.000530067 0.00337999 -0.000356792 -9.5962e-05 -0.000425905 -0.00118052 0.000186713 0.00158565 0.000273179 -0.00164359 -0.00181896 -0.00108348 0.00180289 -0.000646883 0.00089347 -0.00102015 -0.000784718 -3.33635e-05 0.000474575 -0.000109434 -0.000267221 0.000594085 0.000338776 9.08377e-05 -0.000911929 0.00113535 0.00140117 -0.00115126 -0.000660394 0.000586573 -0.00166514 0.00095164 0.000275951 -0.000296808 -0.00032905 -0.00158552 -0.00172334 -0.00195618 0.000899106 0.000203438 -0.00010365 0.00045327 -0.000479212 -0.000512292 0.000281726 -9.23994e-05 -0.00132059 0.00032496 -0.000909921 -0.00114814 -0.000464228
internal_weight=19254 4867 14387 1098 6950 6069 872 3769 7437 4316 2543 1553 563 3966 881 3709 2763 3471 1226 3064 1753 1335 418 922 2184 2240 2076 1742 675 421 1525 1082 1001 584 1937 878 1239 583 1671 1451 1127 687 417 443 436 463 991 722 446 656 1501 442 852 405 989 1259 816 982 651 689 553 407
internal_count=19254 4867 14387 1098 6950 6069 872 3769 7437 4316 2543 1553 563 3966 881 3709 2763 3471 1226 3064 1753 1335 418 922 2184 2240 2076 1742 675 421 1525 1082 1001 584 1937 878 1239 583 1671 1451 1127 687 417 443 436 463 991 722 446 656 1501 442 852 405 989 1259 816 982 651 689 553 407
is_linear=0
shrinkage=0.05


Tree=15
num_leaves=63
num_cat=0
split_feature=28 2 2 2 27 55 28 27 2 50 36 29 51 42 53 27 36 36 50 0 44 27 5 58 56 2 28 2 43 51 55 29 62 28 47 5 50 50 32 44 46 62 55 44 55 28 21 58 58 2 40 2 21 0 32 30 2 27 0 44 44 36
split_gain=5.87184 1.86904 1.14444 0.577583 0.332313 0.307006 0.192407 0.192406 0.164435 0.159239 0.123676 0.104051 0.101784 0.100037 0.094063 0.0920385 0.0902631 0.0832792 0.0728628 0.0693926 0.0625506 0.0603427 0.0602021 0.0601272 0.0522057 0.0508146 0.0469852 0.0465905 0.0444301 0.0414092 0.0412124 0.0406948 0.0389405 0.0386676 0.0381628 0.0321498 0.0311387 0.0296034 0.0291595 0.0281845 0.0274808 0.0270748 0.0369255 0.0266415 0.0360506 0.0330229 0.0247812 0.0241054 0.0353691 0.0261957 0.0197747 0.0314233 0.0187002 0.0182587 0.017991 0.0165168 0.0156479 0.0143369 0.0143338 0.0138124 0.013559 0.0130961
threshold=147050.00000000003 0.097285359883803948 0.048544779248431071 0.14266063077991656 31509.000000000004 20921.500000000004 107650.00000000001 56770.500000000007 0.027165754610777887 0.0092667502471718965 47.050000000000004 828.50000000000011 -0.03522612452104406 2.5000000000000004 83.500000000000014 43163.000000000007 49.95000000000001 33.350000000000001 0.0054407004563616261 272839.18573758373 1.0000000180025095e-35 51768.000000000007 12772.600000000002 0.73214285714285732 21.500000000000004 0.069379512001049762 300350.00000000006 0.064782547286791545 1.0000000180025095e-35 -0.0052018655533993532 11605.000000000002 958.50000000000011 14.625000000000002 192450.00000000003 33.134024474765873 13221.800000000001 0.015315486298997911 0.0022215811319664888 5150.9340000000011 1.0000000180025095e-35 70.064020807427184 14.765000000000002 58586.000000000007 1.0000000180025095e-35 18269.500000000004 182450.00000000003 111.50000000000001 0.2678571428571429 0.33908045977011497 0.070768784398337517 1.0000000180025095e-35 0.074598149193171967 96.500000000000014 324369.57334554777 3573.6160000000004 6433.0000000000009 0.056397732264546793 58688.500000000007 515210.22374586621 2.5000000000000004 1.5000000000000002 66.850000000000009
decision_type=2 2 2 2 2 2 2 2 2 2 2 2 2 2 2 2 2 2 2 2 2 2 2 2 2 2 2 2 2 2 2 2 2 2 2 2 2 2 2 2 2 2 2 2 2 2 2 2 2 2 2 2 2 2 2 2 2 2 2 2 2 2
left_child=1 6 5 4 -3 8 18 25 14 10 39 -6 -11 19 30 -13 20 22 52 31 23 -14 47 -10 53 28 55 34 33 -18 35 -9 -22 38 -15 -2 -23 60 59 -7 50 42 58 56 -45 -46 61 -8 -49 -50 51 -24 -1 -21 -27 -12 -33 -41 -28 -4 -36 -31
right_child=2 3 7 -5 11 9 17 13 16 12 26 15 21 27 -16 -17 29 -19 -20 24 32 36 40 -25 -26 54 41 -29 -30 46 -32 43 -34 -35 37 -37 -38 -39 -40 57 -42 -43 -44 44 45 -47 -48 48 49 -51 -52 -53 -54 -55 -56 -57 -58 -59 -60 -61 -62 -63
leaf_value=0.0010445668255731982 -0.00083471338031284356 0.0045838941897576061 0.0002889310271966453 0.0057209561636309492 0.0014205038308041291 -0.00013433936076853872 0.00079103179756496989 -0.00048842918916798062 0.0004218357089431162 0.00098585510607517783 -0.00038661566173742 0.0034610786425193479 0.00044342789510214923 -0.00012454118601986345 -0.0025939846638951222 0.001992922849002723 -0.0018697192441166034 7.3347710541820898e-05 0.0025227380007226412 -0.00043290231361690088 -0.0012448652499922773 -0.00090050248237802356 0.00065118292937441785 -0.00073040653001257285 0.00020286950026262635 0.00056325132130610614 -0.0013667225574914483 -0.00014696683530050436 0.00082877618797053674 -0.00086518099838400579 -0.0019158703876031868 0.00017438106281090614 -0.00047393959924674542 -0.00030586528651755062 -0.00096861132075737343 -0.001612539114784365 -0.00011211668500270118 -0.0013573617983438991 0.00082133402809351813 -0.00042112373483520795 0.00037411564196509274 -0.00072904164482033888 -0.00098837450897487286 -0.00047514043782693154 0.00047352061927340535 -0.00011329919624317915 -0.001464347316852915 0.0018901436300541908 0.00071065737533250028 0.0013926824106470495 0.00056571017526795193 0.0013436385138903871 0.00166159881980428 -0.00098985279933318931 0.0011860733061439532 -0.00091075759514399755 0.0007214164905464895 -0.00093345571149900915 -0.0019005534108692511 -0.0001643310230373557 -0.0004645540263054319 -0.0012427312335512644
leaf_weight=206 275 201 584 211 236 606 272 226 203 200 264 214 202 205 245 213 232 331 208 542 458 304 312 256 294 262 250 522 277 603 339 212 255 366 239 257 213 237 208 345 434 217 393 227 564 417 431 212 224 379 391 345 304 202 208 349 341 226 253 236 302 371
leaf_count=206 275 201 584 211 236 606 272 226 203 200 264 214 202 205 245 213 232 331 208 542 458 304 312 256 294 262 250 522 277 603 339 212 255 366 239 257 213 237 208 345 434 217 393 227 564 417 431 212 224 379 391 345 304 202 208 349 341 226 253 236 302 371
internal_value=8.96424e-06 0.00154515 -0.000491057 0.00337571 0.00280297 -0.00090443 0.00100124 -1.10081e-05 -0.00121503 -0.000585459 -0.000767046 0.00226305 -1.185e-05 -0.000195613 -0.00172847 0.00272872 -0.00101104 0.000819809 0.00173403 -2.9881e-05 -0.00067607 -0.000289376 0.000915986 -0.000220809 -0.000361214 0.000379585 -0.00103654 -0.000528728 0.000250398 -0.00125086 -0.00148502 0.000143206 -0.000969149 0.000135469 -0.000731454 -0.00121047 -0.000575694 -0.000891373 0.000292598 -0.000371842 0.000708693 -0.00123015 -0.00135151 0.000224267 9.26846e-05 0.000224077 -0.00114868 0.00119861 0.00133463 0.00113933 0.000847249 0.0010148 0.00141237 -0.000584117 0.000838883 -0.000685026 0.000511703 -0.000623903 -0.00163523 0.00015848 -0.000687234 -0.00100899
internal_weight=19111 4693 14418 1075 864 7747 3618 6671 3925 3822 2903 663 919 4530 1116 427 2809 2900 718 3025 1172 719 2569 459 1038 2141 1726 1505 1671 1637 871 1987 713 1394 983 532 517 778 1028 1177 1482 1113 896 1761 1208 981 1405 1087 815 603 1048 657 510 744 470 613 553 571 503 820 541 974
internal_count=19111 4693 14418 1075 864 7747 3618 6671 3925 3822 2903 663 919 4530 1116 427 2809 2900 718 3025 1172 719 2569 459 1038 2141 1726 1505 1671 1637 871 1987 713 1394 983 532 517 778 1028 1177 1482 1113 896 1761 1208 981 1405 1087 815 603 1048 657 510 744 470 613 553 571 503 820 541 974
is_linear=0
shrinkage=0.05


Tree=16
num_leaves=63
num_cat=0
split_feature=28 28 28 50 55 33 28 51 25 39 39 37 56 46 28 30 32 20 50 28 34 5 38 28 50 5 56 46 5 28 51 21 55 44 55 62 40 27 53 31 32 60 55 26 26 33 43 52 46 58 26 28 62 57 57 56 53 56 55 31 54 62
split_gain=5.30234 1.78902 0.890482 0.685749 0.258264 0.251173 0.204426 0.186286 0.135767 0.128475 0.118873 0.116609 0.113859 0.0985276 0.0838159 0.0818054 0.0681455 0.0828977 0.066652 0.064206 0.0625916 0.0580286 0.057947 0.0536063 0.0534649 0.0431464 0.0431033 0.0419945 0.0409539 0.0402793 0.0383704 0.0417443 0.0377115 0.033128 0.0327866 0.0417879 0.0305029 0.0291859 0.0266079 0.0256191 0.0207583 0.0181499 0.0158401 0.0148697 0.0138819 0.0130934 0.0126449 0.0123037 0.0122716 0.0117545 0.0114243 0.0114079 0.0109768 0.0108547 0.0106896 0.0095803 0.00919805 0.0086003 0.00819795 0.00779975 0.00834719 0.00693906
threshold=150650.00000000003 97450.000000000015 222350.00000000003 0.0064595149470884194 20921.500000000004 2207.0720000000006 116250.00000000001 -0.045820590825099643 805.50000000000011 8.5000000000000018 8.5000000000000018 30.478821538857026 40.000000000000007 26.787345413831307 267650.00000000006 7010.0000000000009 3805.1620000000007 367447.50000000006 0.0054407004563616261 168050.00000000003 2464.4480000000008 12772.600000000002 0.20050000000000004 566750.00000000012 0.014652777611843497 12702.500000000002 7.5000000000000009 51.948445802953565 12453.200000000003 170850.00000000003 -1.0000000180025095e-35 110.50000000000001 28499.000000000004 1.0000000180025095e-35 39535.000000000007 12.005000000000001 1.5000000000000002 84087.500000000015 20.500000000000004 19136.500000000004 4511.2835000000005 0.37858715500950546 22029.500000000004 22482.500000000004 43650.000000000007 1762.0125 1.0000000180025095e-35 7.5000000000000009 67.903516769664449 0.45227272727272733 30307.500000000004 533400.00000000012 11.345000000000001 3.5857142857142863 3.2613636363636371 14.500000000000002 12.500000000000002 26.500000000000004 23217.000000000004 16173.500000000002 1.5000000000000002 11.175000000000002
decision_type=2 2 2 2 2 2 2 2 2 2 2 2 2 2 2 2 2 2 2 2 2 2 2 2 2 2 2 2 2 2 2 2 2 2 2 2 2 2 2 2 2 2 2 2 2 2 2 2 2 2 2 2 2 2 2 2 2 2 2 2 2 2
left_child=1 3 9 15 8 -5 18 -6 12 13 21 20 16 -2 39 -1 23 22 25 28 -9 26 27 33 34 -3 -8 -18 56 -11 -21 36 44 37 35 42 47 -4 52 45 51 -23 -16 -40 -28 -13 -19 59 -43 -27 -30 -37 -35 58 -33 -47 -15 -36 -49 60 -32 -56
right_child=2 6 4 5 7 -7 10 11 -10 29 -12 14 -14 19 24 -17 17 46 -20 30 -22 41 -24 -25 -26 49 32 -29 50 -31 31 54 -34 38 57 40 -38 -39 43 -41 -42 48 -44 -45 -46 55 -48 53 -50 -51 -52 -53 -54 -55 61 -57 -58 -59 -60 -61 -62 -63
leaf_value=0.0027090587897137517 0.0010125976597957656 0.001823759504353731 -0.00033574911931310772 0.0060091172051007242 0.00094648739217696059 0.0035891134436716772 0.00063771892631088629 -0.00058326790952683411 -0.0020160061384234432 -0.00016642607792218906 -0.00012584405266966931 7.243396763470205e-05 -0.0018278379258022477 0.00052209232416133356 -0.0012217145311166212 0.0014774079751187384 -0.00038734872543948055 -0.0012301603579712801 0.0021381948725271403 -0.00074183872293091954 0.00054429946776421976 0.0010032461512150639 -0.00093081535812608454 -0.0016218819335183491 -9.7352173513308809e-05 0.001226765232624628 0.0013564152328960101 0.00049231556879060512 -0.00012712724342287568 -0.00096735373770941179 -0.00023732788515571968 -9.2007840312803257e-05 0.0008216289986105156 -0.0011259031810936903 -0.00082870519849288283 -0.00083702750496520437 0.00054042116535337511 -0.001104994506785989 -0.0010398424361186766 -0.00080946887923622672 -0.00044256038792945705 0.00066810393609977774 -0.0017783733900267507 -0.0015210454585839117 0.0019009518621179709 -0.00049201211718277456 -0.00081371134545422594 0.00025265435388471596 0.00033519578842297094 0.00078788009694006592 0.00025750973401597447 -0.0013018490661521687 -0.00070165652503694572 0.00045445117934236423 -0.00057613656000056294 -9.0680350631802963e-05 0.00098371465311124923 -0.00051339913238085248 -0.00019252496577693836 -0.00035978092061263509 0.00018129064750491792 -0.00023841948796193024
leaf_weight=294 285 255 319 218 205 211 316 202 348 266 370 262 367 233 334 249 321 389 297 203 315 274 251 382 207 389 266 235 267 383 219 454 235 256 566 330 349 201 270 237 214 801 207 396 209 411 343 201 423 251 697 220 377 226 314 233 201 350 213 238 261 295
leaf_count=294 285 255 319 218 205 211 316 202 348 266 370 262 367 233 334 249 321 389 297 203 315 274 251 382 207 389 266 235 267 383 219 454 235 256 566 330 349 201 270 237 214 801 207 396 209 411 343 201 423 251 697 220 377 226 314 233 201 350 213 238 261 295
internal_value=8.51603e-06 0.00139673 -0.000491135 0.00332472 -0.000801082 0.00481886 0.000938092 -0.000524329 -0.00106777 1.99693e-05 0.000711117 -0.000598086 -0.000987423 0.000111835 -0.000699695 0.00214427 -0.000904954 -0.000649717 0.00148915 5.31029e-05 0.000103741 0.00083381 -0.000300222 -0.00108342 -0.000865897 0.00127377 0.0011235 -1.55482e-05 0.000332558 -0.000639084 -7.83056e-05 -2.96785e-05 0.0013397 -0.000970344 -0.000937527 -0.00109847 0.000123493 -0.000633092 -0.00110535 -0.000346642 -0.000860385 0.0006354 -0.00143471 -0.00132596 0.00159601 -0.000225572 -0.00103502 1.63445e-05 0.000553055 0.00105464 0.000150976 -0.00102296 -0.000873232 0.000175753 -0.000275646 -0.00034681 0.000735885 -0.000708228 2.36128e-05 -0.000125746 -9.70406e-06 -0.000412546
internal_weight=19111 5058 14053 972 8748 429 4086 4293 4455 5305 2894 4088 4107 4656 3571 543 3740 1539 1192 4371 517 2524 807 2201 2428 895 1026 556 1398 649 2973 2770 710 1819 2221 1305 1707 520 1299 1143 764 1498 541 666 475 906 732 1358 1224 640 964 550 633 640 1063 644 434 916 414 718 480 609
internal_count=19111 5058 14053 972 8748 429 4086 4293 4455 5305 2894 4088 4107 4656 3571 543 3740 1539 1192 4371 517 2524 807 2201 2428 895 1026 556 1398 649 2973 2770 710 1819 2221 1305 1707 520 1299 1143 764 1498 541 666 475 906 732 1358 1224 640 964 550 633 640 1063 644 434 916 414 718 480 609
is_linear=0
shrinkage=0.05


Tree=17
num_leaves=63
num_cat=0
split_feature=0 2 0 49 0 40 49 51 48 37 51 51 51 27 49 32 56 2 27 37 56 48 41 2 57 29 26 7 42 56 29 27 44 7 47 37 2 58 48 2 48 32 55 27 53 48 50 48 38 57 34 2 35 44 29 48 47 58 48 50 38 0
split_gain=4.6171 1.57494 0.957738 0.384806 0.261742 0.225563 0.300885 0.147581 0.14227 0.124396 0.115901 0.101424 0.0889641 0.0834237 0.0803089 0.100168 0.087744 0.0741291 0.0968964 0.0658842 0.0480903 0.0568004 0.0552549 0.0476666 0.0577052 0.0462578 0.0455847 0.0617161 0.0408433 0.039239 0.0387016 0.0359977 0.0352577 0.0325733 0.0312644 0.0272209 0.0255748 0.0276982 0.0236964 0.0224661 0.0222153 0.0216072 0.0207901 0.0192901 0.0190091 0.0170959 0.0162906 0.0159139 0.0154179 0.0150233 0.0148389 0.0135349 0.0126444 0.0189036 0.0273101 0.0180778 0.024414 0.0124642 0.0121025 0.0106762 0.0105702 0.0103056
threshold=185566.9119589797 0.1089919286577152 278337.77969039121 0.14231472743632587 125759.41231832175 10.500000000000002 0.036832510348274734 -0.00066487065551623637 33.784132263772015 46.663218819300276 -2.1634712089213522e-05 -0.021079022127876764 -0.00011818813013220185 68577.000000000015 0.019654224961847364 4164.3900000000003 55.000000000000007 0.072698857166033123 48444.000000000007 30.478821538857026 24.500000000000004 51.072063167818349 1.0000000180025095e-35 0.057741310203749431 3.2613636363636371 901.50000000000011 54014.000000000007 181.33100000000005 3.5000000000000004 17.500000000000004 1046.5000000000002 88190.500000000015 1.0000000180025095e-35 178.44200000000004 53.044533648954065 32.445387967177048 0.056111494469446126 0.43650793650793657 44.316138125936455 0.067758374677939229 48.632806355041431 3573.6160000000004 22558.500000000004 93737.500000000015 11.500000000000002 49.580397645938042 0.002958817783501733 51.867475744928697 0.17050000000000007 2.8928571428571432 2883.9700000000007 0.071723935331569774 1923.49 1.0000000180025095e-35 1136.5000000000002 24.132911837744398 21.633370379661148 0.58571428571428574 55.733052237129023 0.0025413295713147847 0.13950000000000004 211912.85516506116
decision_type=2 2 2 2 2 2 2 2 2 2 2 2 2 2 2 2 2 2 2 2 2 2 2 2 2 2 2 2 2 2 2 2 2 2 2 2 2 2 2 2 2 2 2 2 2 2 2 2 2 2 2 2 2 2 2 2 2 2 2 2 2 2
left_child=1 4 10 9 8 6 14 -6 -1 -3 -2 -7 48 23 15 -4 25 20 33 -14 21 42 -22 32 29 -16 43 -28 51 61 44 36 47 -19 -32 -13 37 49 59 -31 -10 50 -9 52 -26 -35 -34 -12 60 -21 -20 -15 55 -54 -55 -27 -57 -45 -36 -39 -8 -25
right_child=2 3 5 -5 7 11 12 17 40 -11 13 35 19 28 16 -17 -18 18 41 31 22 -23 -24 24 30 26 27 -29 -30 39 34 -33 46 45 58 -37 -38 38 -40 -41 -42 -43 -44 57 -46 -47 -48 -49 -50 -51 -52 -53 53 54 -56 56 -58 -59 -60 -61 -62 -63
leaf_value=0.0027531676878841623 -0.00085280311604768878 0.0037096191296945393 -0.0024901562896349778 0.0052995646042405696 -0.00041514090640582956 0.00072612800174558863 -0.0012060378787425055 0.0010887697403807271 0.0015965450278435007 0.002156096217559272 0.00060281355967205577 3.9838135431216135e-05 0.0001739824069671678 -0.00010418889844621277 -0.00034741585550978113 -0.0010647368441372297 -0.0020549176123815047 0.0019062764938403776 0.00073691641218510875 -0.00060433172350729146 0.001600131601098574 -8.717773966774682e-05 0.00044624648968028154 0.00063569772368878312 0.00021600832523894372 -0.00054479993824376241 1.6987438039661091e-05 -0.0011048440414229905 -0.0006422217922685419 0.00075007317883294322 -0.00055613279099120784 -0.00081026352107650657 -0.00043147936053627425 0.0014867309558253214 0.00045441088898098717 -0.00062949220340955195 -2.2089368735977219e-06 -0.00068215903598264471 -0.00096418061943069817 0.0014673113746629955 0.0008984980917884968 0.00046466890560037979 0.00043340436602246719 -0.0016972448968848462 0.00083164403986027641 0.00088714108087741591 8.7642033980170944e-05 0.0001325879278811044 -0.0014597819022098644 -0.00020532206982397784 0.0012485558411572128 0.00034108882792636345 -0.00090678014295940846 -0.0018296323536920968 -0.0011137189209114075 -0.0015099623257650392 -0.00076947954981733359 -0.0012124398110614214 -5.4417428593604845e-05 -0.00030373985026320351 -0.000715560128986251 0.00014787847977624794
leaf_weight=262 306 211 247 206 242 304 204 218 265 331 257 242 350 911 237 246 219 295 357 338 207 384 208 232 238 211 205 305 346 239 204 940 371 291 221 408 285 390 439 201 200 401 272 251 265 201 255 600 213 781 235 210 316 217 345 204 245 281 248 357 238 203
leaf_count=262 306 211 247 206 242 304 204 218 265 331 257 242 350 911 237 246 219 295 357 338 207 384 208 232 238 211 205 305 346 239 204 940 371 291 221 408 285 390 439 201 200 401 272 251 265 201 255 600 213 781 235 210 316 217 345 204 245 281 248 357 238 203
internal_value=8.09023e-06 0.00135263 -0.000441123 0.00346004 0.000962255 -0.000754751 -0.000840761 0.000773625 0.00182134 0.00276088 9.18153e-05 -2.77244e-05 -0.00057134 0.000149614 -0.00118699 -0.00177889 -0.00109087 0.000867363 0.00107648 -0.00048035 0.000578594 0.000368148 0.0010218 0.000281188 0.000437334 -0.00101592 -0.00107733 -0.000653912 -0.000167346 0.000744798 0.000208566 -0.000545227 6.52365e-05 0.00149086 -3.94083e-05 -0.000380295 -0.000449036 -0.000504283 -0.000672641 0.00107772 0.00129631 0.000748058 0.000724975 -0.00118165 0.000540349 0.00124178 -0.000220016 0.000273601 -0.00111033 -0.000325845 0.000940017 -2.07738e-05 -0.00109188 -0.00121618 -0.00139015 -0.000926527 -0.00110591 -0.00144117 0.00018535 -0.000501308 -0.000941934 0.000408049
internal_weight=19111 4786 14325 748 4038 9018 8064 3311 727 542 5307 954 4535 5001 3529 493 3036 3069 1780 3880 1289 874 415 3534 2051 2817 2580 510 1467 875 1176 3530 1483 787 673 650 2590 2305 1186 440 465 993 490 2070 503 492 626 857 655 1119 592 1121 1538 878 562 660 449 532 469 747 442 435
internal_count=19111 4786 14325 748 4038 9018 8064 3311 727 542 5307 954 4535 5001 3529 493 3036 3069 1780 3880 1289 874 415 3534 2051 2817 2580 510 1467 875 1176 3530 1483 787 673 650 2590 2305 1186 440 465 993 490 2070 503 492 626 857 655 1119 592 1121 1538 878 562 660 449 532 469 747 442 435
is_linear=0
shrinkage=0.05


Tree=18
num_leaves=63
num_cat=0
split_feature=28 2 2 32 2 28 55 48 2 50 39 36 50 51 2 5 53 36 39 57 27 27 48 44 39 2 28 5 44 56 44 62 51 53 2 44 46 44 2 2 56 46 21 62 55 42 48 56 57 42 27 30 20 27 42 0 56 35 54 36 36 26
split_gain=4.33597 1.19169 1.15748 0.292786 0.286859 0.252601 0.235206 0.142472 0.134077 0.119908 0.106506 0.0985811 0.0978763 0.0939342 0.0936806 0.0843863 0.0794347 0.0739201 0.0709487 0.0595064 0.0591684 0.0561754 0.0543102 0.0515485 0.0513491 0.0417512 0.03975 0.0389384 0.0385027 0.0360933 0.0353696 0.0339909 0.033244 0.0321249 0.0301739 0.0269014 0.0263189 0.0262531 0.0245237 0.0228615 0.0227686 0.0222313 0.0220684 0.0216561 0.0304666 0.0196222 0.0192946 0.0159219 0.0154554 0.0153516 0.0139176 0.0136179 0.0133351 0.0174378 0.0127103 0.0124445 0.0118493 0.0109726 0.0191523 0.0105787 0.00996991 0.00994893
threshold=132350.00000000003 0.048933643897401131 0.12447122538778732 2829.9575000000009 0.093871690430569948 168050.00000000003 20921.500000000004 37.434190831627411 0.027165754610777887 0.0092667502471718965 7.5000000000000009 47.050000000000004 0.0042275178957872023 -0.00011818813013220185 0.07623709115213069 12632.85 83.500000000000014 49.95000000000001 8.5000000000000018 3.1596638655462188 84471.500000000015 41413.500000000007 51.072063167818349 1.0000000180025095e-35 4.5000000000000009 0.053901929190902732 300350.00000000006 12827.250000000002 1.0000000180025095e-35 14.500000000000002 1.0000000180025095e-35 14.625000000000002 -0.0052018655533993532 30.500000000000004 0.056397732264546793 2.5000000000000004 54.546050759446011 1.0000000180025095e-35 0.064228156715371562 0.056111494469446126 15.500000000000002 82.484328585455572 110.50000000000001 14.765000000000002 58586.000000000007 1.0000000180025095e-35 45.851386405758838 11.500000000000002 3.1596638655462188 3.5000000000000004 48855.500000000007 6433.0000000000009 289910.50000000006 64019.000000000007 1.0000000180025095e-35 477581.41179155075 9.5000000000000018 2461.4485000000009 4.5000000000000009 65.65000000000002 40.050000000000004 46490.000000000007
decision_type=2 2 2 2 2 2 2 2 2 2 2 2 2 2 2 2 2 2 2 2 2 2 2 2 2 2 2 2 2 2 2 2 2 2 2 2 2 2 2 2 2 2 2 2 2 2 2 2 2 2 2 2 2 2 2 2 2 2 2 2 2 2
left_child=2 6 4 -4 10 18 8 -6 16 11 14 37 13 -7 25 -11 30 23 22 -14 28 -16 27 24 -10 -1 51 29 34 50 -2 -25 -19 -17 -15 -9 -32 60 -24 -30 57 -35 59 44 55 48 -39 -23 -27 56 -3 -13 -41 -54 -29 -28 -22 -40 -59 -34 -8 -20
right_child=1 5 3 -5 7 12 9 35 17 15 -12 26 19 20 21 33 -18 32 61 -21 49 47 38 31 -26 45 43 54 39 -31 36 -33 42 41 -36 -37 -38 46 40 52 -42 -43 -44 -45 -46 -47 -48 -49 -50 -51 -52 -53 53 -55 -56 -57 -58 58 -60 -61 -62 -63
leaf_value=0.00016972822797913802 -0.00083501368502356382 0.0010787315276511347 0.0053156131734811447 0.002720696468547341 0.0029377268606204342 -0.00099673645084680782 3.6799688031227692e-05 0.0019251371703330135 0.00026633659841011225 0.00087729269309832342 0.00011345072908807196 -0.00031155981315474069 0.00092043753180647253 -1.0634540151074237e-05 0.0021014103748757734 -0.00079096505089783122 -0.0023016231533612734 -0.0016319158138646585 -0.00041673431934004143 -2.8634768338470901e-05 -0.00068817166563382715 0.0010276866714152174 -4.2469686379369163e-05 -0.0010750960623419359 -0.00077955118791578576 0.0015124413413942937 -0.0011417358928103593 0.00079232902484901795 -0.00038881582621508478 0.0015519725778075453 -0.0012199793492299476 -0.00036968896567742714 -0.00070376123138677423 -0.00031668753227453728 0.00060582149999006041 0.0011474661656009613 -0.0019027309587738496 -0.00018703353020611217 3.2507315700058827e-05 -0.0002669067488014672 0.00085349482230801541 0.00035859577931530241 -0.0012838786351860787 -0.00062471287698914952 -0.00085156739814711718 0.00070190355311809671 -0.00076770443839677691 0.001578335833730751 0.00092106196047309248 -0.0009391320633246492 0.00052408593193038918 -0.00077603176498943123 0.00030141310482549626 -0.0001505610106017505 0.00036514570860474664 -0.0016471086069400741 -0.00017820733932488893 0.00077167504750832452 0.00011040658193801683 -0.0010337389957312875 -0.00037532353207923972 7.654182939843475e-05
leaf_weight=205 293 202 222 213 312 365 449 227 284 212 300 273 316 510 278 203 245 234 208 346 216 353 378 487 200 204 207 257 770 216 333 263 525 305 325 218 245 228 260 445 241 203 437 217 393 377 384 209 241 206 257 374 418 436 540 296 241 220 218 452 218 201
leaf_count=205 293 202 222 213 312 365 449 227 284 212 300 273 316 510 278 203 245 234 208 346 216 353 378 487 200 204 207 257 770 216 333 263 525 305 325 218 245 228 260 445 241 203 437 217 393 377 384 209 241 206 257 374 418 436 540 296 241 220 218 452 218 201
internal_value=7.68571e-06 -0.000340098 0.00163861 0.004045 0.00128062 9.94609e-05 -0.000770379 0.00211853 -0.00104094 -0.000497354 0.000987909 -0.000648945 -0.000138063 -0.000232759 0.00112842 1.76099e-06 -0.00150625 -0.000860763 0.000440669 0.000424397 -0.000154584 0.00152004 0.000530855 -0.000568129 -0.000165848 0.000808107 -0.000891707 0.000739557 -5.72821e-05 0.00101899 -0.00128253 -0.000827733 -0.00107988 -0.000259298 0.000229303 0.00154417 -0.00150938 -0.000314886 0.000297591 -0.000172941 0.000434485 -4.68401e-05 -0.000988529 -0.00107288 -0.00118142 0.000967313 -0.000551376 0.00123247 0.00119217 -0.000580776 0.000768178 -0.000580049 -4.49788e-05 7.06629e-05 0.000502895 -0.00143913 -0.000419241 0.000289812 0.000442551 -0.000856422 -9.78973e-05 -0.000174317
internal_weight=19111 15752 3359 435 2924 7792 7960 757 3998 3962 2167 3039 4594 3932 1867 923 1116 2882 3198 662 3567 840 2789 1234 484 1027 1760 1472 2904 675 871 750 1648 711 835 445 578 1279 1317 2069 939 508 1414 1113 896 822 612 562 445 663 459 647 1299 854 797 503 457 698 438 977 667 409
internal_count=19111 15752 3359 435 2924 7792 7960 757 3998 3962 2167 3039 4594 3932 1867 923 1116 2882 3198 662 3567 840 2789 1234 484 1027 1760 1472 2904 675 871 750 1648 711 835 445 578 1279 1317 2069 939 508 1414 1113 896 822 612 562 445 663 459 647 1299 854 797 503 457 698 438 977 667 409
is_linear=0
shrinkage=0.05


Tree=19
num_leaves=63
num_cat=0
split_feature=28 0 2 32 2 36 50 37 55 28 46 39 2 2 48 30 51 37 5 56 5 50 2 51 36 36 2 47 2 1 21 0 5 44 0 27 1 30 48 32 42 33 31 51 53 33 0 0 27 37 2 2 27 42 27 54 28 56 39 39 36 0
split_gain=3.91321 1.07981 1.04462 0.264239 0.25889 0.209184 0.24402 0.17846 0.156875 0.15158 0.10282 0.0961217 0.0958245 0.0845467 0.064381 0.060726 0.0571239 0.0562011 0.0556504 0.0460313 0.0451346 0.0424114 0.050593 0.0409217 0.0409029 0.0394901 0.0376805 0.0369832 0.0326028 0.0324578 0.031366 0.0304577 0.0261423 0.0249651 0.0243613 0.0235265 0.0253602 0.023357 0.0233236 0.0197611 0.017709 0.0165191 0.0165082 0.0159635 0.015941 0.0241544 0.0155746 0.0152514 0.01435 0.013657 0.0136516 0.0128019 0.0126102 0.0127941 0.0119422 0.011397 0.0103401 0.0095869 0.00899258 0.0087671 0.0086006 0.00854699
threshold=132350.00000000003 278337.77969039121 0.12447122538778732 2829.9575000000009 0.093871690430569948 44.95000000000001 0.015315486298997911 46.229922858007335 37788.000000000007 168050.00000000003 27.364798231564418 7.5000000000000009 0.027913817733669705 0.07623709115213069 51.406969497549518 4679.5000000000009 -8.6762389026773232e-05 52.010377036535623 12632.85 14.500000000000002 12271.100000000002 0.0092667502471718965 0.018950582833041591 -0.013007160974996932 34.45000000000001 19.650000000000002 0.053901929190902732 16.522509152490208 0.037094086585973608 881.56158686995786 181.50000000000003 482308.08363029797 12561.200000000003 1.0000000180025095e-35 219854.34152476108 72500.500000000015 936.43375988432706 6335.0000000000009 48.421898501372588 3273.8600000000006 1.0000000180025095e-35 4506.4570000000012 18796.000000000004 -0.00020062473000498346 13.500000000000002 2825.6800000000007 467518.15918106894 174994.68481118823 64443.500000000007 49.234364117643601 0.039227803263036203 0.049123298991919237 49682.500000000007 2.5000000000000004 49433.500000000007 10.500000000000002 269900.00000000006 7.5000000000000009 4.5000000000000009 5.5000000000000009 58.95000000000001 163940.00983003105
decision_type=2 2 2 2 2 2 2 2 2 2 2 2 2 2 2 2 2 2 2 2 2 2 2 2 2 2 2 2 2 2 2 2 2 2 2 2 2 2 2 2 2 2 2 2 2 2 2 2 2 2 2 2 2 2 2 2 2 2 2 2 2 2
left_child=2 9 4 -4 11 15 8 -6 12 14 -11 13 21 26 25 18 -12 -15 -3 -9 37 22 -7 -22 31 -2 -1 -10 -20 -16 35 49 -27 -26 41 36 -18 -14 50 -19 61 47 -40 -24 45 -34 57 -31 -49 -17 55 56 -38 -54 -46 -25 -35 -29 -51 -37 -39 -28
right_child=1 5 3 -5 7 6 -8 19 27 10 16 -13 20 17 29 24 30 39 28 -21 23 -23 43 38 33 32 40 46 -30 34 -32 -33 44 51 -36 59 52 60 42 -41 -42 -43 -44 -45 54 -47 -48 48 -50 58 -52 -53 53 -55 -56 -57 -58 -59 -60 -61 -62 -63
leaf_value=0.00016124181823503998 0.0011904628534367906 0.00073620341121992188 0.0050498324974182045 0.0025846616693219267 0.0032723517041289953 -0.0021500334579012182 0.00043126591183040888 0.0019249228765331695 0.00013746000272434021 0.00099344036195145161 -0.00075148846963708955 0.00010777818673189661 -0.00014996465156143115 0.0021061226093322684 -0.00036253219711726803 0.00027702345522632478 -0.00031388987532358497 0.00098884945819909366 -0.00064044648043404555 0.00099637771056657466 -0.0017150143920910037 -0.00083372215035276232 -0.001741404803675216 -0.00085973155252404624 -0.00032338544227968671 0.00083486322097721735 0.0013406376308377466 -0.00073948272983110405 0.0001162938010041396 0.00076588624676740687 -0.00038476897673123367 -0.00067866997679716314 0.00050244450944342039 -0.001218179892093758 -0.00011911405308637769 -0.00011165433825548855 0.00053153021485628446 -0.00056381542506488884 -0.0010560461829890297 0.0015925497874359638 0.00066680837392521226 -2.5668386712706744e-05 -0.0015821344329600745 -0.0012158055733266109 0.00082458947405971588 -0.000251084632753457 -0.00085993225419040461 0.00049783211203170339 9.6425726696268837e-06 -1.9699241108394066e-05 -0.00065977717547162937 -0.00054400336751382042 0.00021696174508404513 -0.00021505222466316278 0.00032677170961153393 -0.0012810854482434124 -0.00078516635733945285 -0.00034670514204159582 -0.00045301917820553359 -0.00050902992629616904 -0.00097420329692663441 0.00090179649435184566
leaf_weight=205 258 206 222 213 205 295 346 326 214 210 350 300 212 232 235 213 286 404 257 226 207 220 204 531 400 433 234 215 319 290 635 274 221 205 317 395 242 249 547 204 377 211 205 495 226 205 344 443 228 284 548 335 877 213 258 230 421 560 207 214 262 211
leaf_count=205 258 206 222 213 205 295 346 326 214 210 350 300 212 232 235 213 286 404 257 226 207 220 204 531 400 433 234 215 319 290 635 274 221 205 317 395 242 249 547 204 377 211 205 495 226 205 344 443 228 284 548 335 877 213 258 230 421 560 207 214 262 211
internal_value=7.30143e-06 -0.000323093 0.00155668 0.00384275 0.00121659 -0.000681428 -0.000856939 0.0020126 -0.000937422 0.000155166 -7.8444e-05 0.000938514 -0.00108725 0.001072 0.000395592 -0.00035054 -0.000148524 0.00144404 3.08963e-05 0.00154476 -0.000935189 -0.0014619 -0.00160094 -0.00104485 -0.000478066 0.000623902 0.000767702 -0.000464774 -0.000221349 0.00018357 -7.47858e-05 -0.00023141 0.000515062 -0.00065531 0.000269758 1.36018e-05 0.000113305 -0.000591181 -0.000977545 0.00119141 0.000918948 0.00037494 -0.00119946 -0.0013692 0.000362893 0.000139831 -0.000579947 0.000462898 0.00033195 -5.73346e-05 -0.000850057 -0.000793468 0.00020503 0.000132541 0.000559224 -0.000987079 -0.000926968 -0.000455669 -0.000202382 -0.00025129 -0.00077423 0.00113256
internal_weight=19111 15752 3359 435 2924 9005 5884 757 5538 6747 3422 2167 4205 1867 3325 3121 3212 840 782 552 2991 1214 994 2268 2339 1601 1027 1333 576 1724 2862 978 1343 1361 1489 2227 1618 723 2061 608 822 1172 752 699 910 426 1119 961 671 704 1309 961 1332 1090 484 761 626 775 491 609 511 445
internal_count=19111 15752 3359 435 2924 9005 5884 757 5538 6747 3422 2167 4205 1867 3325 3121 3212 840 782 552 2991 1214 994 2268 2339 1601 1027 1333 576 1724 2862 978 1343 1361 1489 2227 1618 723 2061 608 822 1172 752 699 910 426 1119 961 671 704 1309 961 1332 1090 484 761 626 775 491 609 511 445
is_linear=0
shrinkage=0.05


Tree=20
num_leaves=63
num_cat=0
split_feature=0 49 36 50 27 50 0 36 0 49 39 49 36 48 39 39 39 56 42 51 49 37 46 39 49 46 37 36 52 24 48 56 62 46 49 29 27 51 49 31 36 37 62 47 49 46 27 56 49 53 29 46 56 24 35 35 37 0 40 27 49 21
split_gain=3.42554 1.14145 0.746583 0.394355 0.197182 0.180827 0.209319 0.174786 0.161199 0.119955 0.115801 0.102418 0.0725224 0.0717048 0.061293 0.0566533 0.0535684 0.0478724 0.0468818 0.0462536 0.0437744 0.0496895 0.0431412 0.0431132 0.0425787 0.040638 0.0357095 0.035064 0.0310121 0.0308777 0.0236041 0.0251241 0.0235472 0.0216807 0.0207759 0.0207746 0.019893 0.0198513 0.0211546 0.0198428 0.0192652 0.0186725 0.0183651 0.0172357 0.0204847 0.0152929 0.0152823 0.0145348 0.0143707 0.013955 0.0165703 0.0144063 0.0131797 0.0120865 0.0115563 0.0111326 0.0110401 0.0107833 0.0107036 0.0102019 0.00897066 0.00869725
threshold=183034.06879876953 0.13500230726662729 41.250000000000007 0.0055801861863337757 32381.000000000004 0.016072960655765061 391606.26495056675 15.15 237576.93895927488 0.070713101675873094 11.500000000000002 0.020371491933212315 45.45000000000001 58.323993777507049 9.5000000000000018 8.5000000000000018 2.5000000000000004 40.000000000000007 3.5000000000000004 -0.01139997284179056 0.037521270185416823 43.462672508892148 59.323627736645584 3.5000000000000004 0.090136470405655186 61.342743905469909 30.911235882029395 33.250000000000007 32.500000000000007 63.500000000000007 57.970244090314004 17.500000000000004 12.115 67.903516769664449 0.064686837922318274 1360.5000000000002 51993.000000000007 -1.0000000180025095e-35 0.055416229622969569 13310.500000000002 66.850000000000009 68.510443504225734 13.910000000000002 30.35351147873531 0.024234972492512993 50.04828175458772 89172.500000000015 22.500000000000004 0.047905325534751998 13.500000000000002 1271.5000000000002 75.937036278843166 6.5000000000000009 25.500000000000004 2831.4275000000002 2599.6740000000004 47.601715438950556 296368.52556670184 1.5000000000000002 84813.500000000015 0.076134115055548082 163.50000000000003
decision_type=2 2 2 2 2 2 2 2 2 2 2 2 2 2 2 2 2 2 2 2 2 2 2 2 2 2 2 2 2 2 2 2 2 2 2 2 2 2 2 2 2 2 2 2 2 2 2 2 2 2 2 2 2 2 2 2 2 2 2 2 2 2
left_child=1 3 8 7 -5 6 15 13 16 27 11 25 -13 -1 18 29 30 28 24 -12 26 42 34 57 32 -8 -10 33 43 37 31 -2 41 -9 -18 -21 -24 -4 52 -6 -19 60 -22 44 -14 -40 -37 -17 -31 51 -51 -25 -39 -46 -55 56 -54 -23 -28 -50 -11 -38
right_child=2 -3 5 4 39 -7 10 9 20 14 19 12 17 -15 -16 47 22 40 -20 35 21 23 36 49 -26 -27 58 -29 -30 48 -32 -33 -34 -35 -36 46 61 38 45 -41 -42 -43 -44 -45 53 -47 -48 -49 59 50 -52 -53 55 54 -56 -57 -58 -59 -60 -61 -62 -63
leaf_value=0.0021788889431779506 0.00051313562856514434 0.0042280074612227915 -0.00073024254683731694 0.0031923256609379018 0.0018059614046554392 0.00050576786565142279 -0.0013568205455230782 0.0005741381913188674 -0.00015505046066280383 0.0009093831429199782 0.00019353285873512506 -0.00031308191337910737 -0.0012279484282939242 0.00092780984698765691 -7.6613570089117132e-06 -0.00071941516249493227 0.00015682086584667843 -0.0012136197475622647 0.00037719342693401533 -0.0010863770919341737 -1.3690026286120564e-05 9.8986982371911835e-05 0.00021140624083087591 -0.00041068358122156123 0.0015033702393848921 -0.0023147169261751059 -0.0011028147665859056 -0.00034021381401790193 -0.0013648187976306339 -0.00089674153776873172 0.00032003798047046888 0.0011686347863054834 0.00042208077377613846 -3.1613480401129166e-05 0.00069663757366763125 -0.00019627007203899154 -0.00012520274966873352 -0.0005620761729833297 0.00040811320627586042 0.0012340329435053489 -0.0018765402818919853 0.00066774144841449479 0.00052207410154373607 -0.0011290005312655374 -0.0010306541210957222 -0.00017070398408004003 -0.00076838674131566708 -0.0012567020381383722 -0.00026882509135298783 -6.808754710749421e-05 -0.0005690955932669599 -0.00095994333748978481 -0.00035037643133364329 -0.00072800498128232263 -0.00029444819944910708 -0.00042409058500711264 9.7912193242836386e-05 -0.00027495529281880833 -0.00060484495042041207 -0.00072044952626643512 0.0013111981948635276 -0.00052052433459477199
leaf_weight=268 352 291 205 233 270 296 225 372 347 225 200 329 217 200 202 312 359 201 335 209 296 800 363 294 362 218 201 281 467 310 498 250 225 245 354 230 433 378 201 346 241 291 348 569 200 264 237 211 288 383 290 201 224 485 225 379 355 254 233 221 363 205
leaf_count=268 352 291 205 233 270 296 225 372 347 225 200 329 217 200 202 312 359 201 335 209 296 800 363 294 362 218 201 281 467 310 498 250 225 245 354 230 433 378 201 346 241 291 348 569 200 264 237 211 288 383 290 201 224 485 225 379 355 254 233 221 363 205
internal_value=-2.9965e-06 0.00119924 -0.000380548 0.000990286 0.00195335 -0.000706671 -0.000753886 0.000747589 1.80573e-05 0.000602938 -0.000986686 -0.00111957 -0.00101257 0.00164424 0.000818217 -0.000458156 0.000302377 -0.00110092 0.000910848 -0.000474425 -0.000201322 -0.000110895 0.000127613 -0.000222977 0.00103279 -0.0018282 -0.000533159 0.000122755 -0.00100402 -0.000369659 0.000574692 0.000785353 0.000878494 0.000333605 0.000424836 -0.000672045 -8.40957e-05 -0.000264036 -0.000210969 0.00148472 -0.00157508 0.000995323 0.000275822 -0.000904676 -0.000791419 7.94944e-05 -0.000486616 -0.000936179 -0.000628365 -0.000432196 -0.000283975 -0.000633716 -0.000312066 -0.000687323 -0.00059061 -0.000213419 -7.5519e-05 8.87186e-06 -0.000835472 -0.000464914 0.00115744 -0.000252226
internal_weight=18867 4509 14358 4218 849 7897 7601 3369 6461 2901 4253 3377 2934 468 2003 3348 2814 2605 1801 876 3647 2866 1714 2222 1466 443 781 898 2163 2825 1100 602 1104 617 713 676 1001 2006 1801 616 442 879 644 1696 1127 465 467 523 819 1168 673 495 1336 910 710 958 579 1054 434 509 588 638
internal_count=18867 4509 14358 4218 849 7897 7601 3369 6461 2901 4253 3377 2934 468 2003 3348 2814 2605 1801 876 3647 2866 1714 2222 1466 443 781 898 2163 2825 1100 602 1104 617 713 676 1001 2006 1801 616 442 879 644 1696 1127 465 467 523 819 1168 673 495 1336 910 710 958 579 1054 434 509 588 638
is_linear=0
shrinkage=0.05


Tree=21
num_leaves=63
num_cat=0
split_feature=2 27 2 36 27 27 55 2 29 27 51 36 2 51 56 39 29 32 27 36 47 24 2 50 47 58 29 37 42 32 2 39 55 42 58 62 57 50 2 30 34 62 58 58 39 47 53 27 53 37 19 58 36 62 2 62 38 37 21 57 56 35
split_gain=3.12176 0.920768 0.902542 0.405419 0.341887 0.270023 0.173823 0.107067 0.0900773 0.0895065 0.0888267 0.0900606 0.0767861 0.0719534 0.0671519 0.0656978 0.0613889 0.0574659 0.0495346 0.0461785 0.0449572 0.0539489 0.0447407 0.0440532 0.0429583 0.0395617 0.037053 0.0344541 0.0308704 0.0286247 0.027512 0.0274089 0.0258016 0.0257189 0.0294046 0.0249673 0.0247394 0.0232889 0.0218343 0.0207415 0.0205886 0.0187475 0.0185912 0.0211157 0.0161811 0.0160204 0.0159813 0.0156439 0.0152013 0.0141818 0.0137756 0.0126132 0.0156464 0.0119483 0.0113881 0.0103435 0.0093319 0.00931417 0.00896675 0.00886461 0.00798167 0.00786808
threshold=0.077491391310626281 38015.000000000007 0.049487297060647813 19.350000000000005 29642.500000000004 56350.500000000007 21259.000000000004 0.021748734020547403 883.50000000000011 48606.500000000007 -0.043697688891402457 47.050000000000004 0.11980803287820289 -0.00017309146744481915 40.000000000000007 3.5000000000000004 842.50000000000011 4164.3900000000003 72894.500000000015 22.150000000000002 0.1073957213099699 52.500000000000007 0.095317718929172235 0.015315486298997911 0.78787920603799677 0.44722222222222224 874.50000000000011 62.323542973782274 1.0000000180025095e-35 3708.4610000000007 0.040928426897885235 3.5000000000000004 31012.500000000004 1.0000000180025095e-35 0.33908045977011497 11.315000000000003 3.6811594202898554 0.00388577836938394 0.038305308074121046 7606.0000000000009 2786.5725000000007 11.385000000000003 0.61250000000000016 0.48529411764705888 6.5000000000000009 60.740447481720643 7.5000000000000009 58384.500000000007 15.500000000000002 66.913788430956359 63.500000000000007 0.61250000000000016 40.95000000000001 11.145000000000001 0.038926367467851192 11.215000000000002 0.16350000000000006 73.135322725392484 155.50000000000003 3.1882352941176477 17.500000000000004 2948.6105000000007
decision_type=2 2 2 2 2 2 2 2 2 2 2 2 2 2 2 2 2 2 2 2 2 2 2 2 2 2 2 2 2 2 2 2 2 2 2 2 2 2 2 2 2 2 2 2 2 2 2 2 2 2 2 2 2 2 2 2 2 2 2 2 2 2
left_child=2 3 6 4 -2 15 7 17 -9 16 -8 24 -6 61 20 19 -3 -1 31 32 21 -10 28 33 -12 26 -17 -11 -18 42 -26 46 -4 34 -13 -27 54 -28 53 -21 -41 -20 43 -29 -37 -36 -15 48 -32 -33 55 52 -43 -22 -35 -40 57 -48 -51 -55 -49 -7
right_child=1 9 5 -5 12 13 10 8 14 27 11 23 -14 18 -16 25 22 -19 41 39 38 -23 -24 -25 30 35 37 29 -30 -31 47 49 -34 36 45 44 -38 -39 50 40 -42 51 -44 -45 -46 -47 56 60 -50 58 -52 -53 -54 59 -56 -57 -58 -59 -60 -61 -62 -63
leaf_value=-0.0020814785542435841 0.0051809142590430917 0.00056721810882466594 0.0012496810918752159 0.0013607503734554237 0.0020419295777953398 -0.00058244049027035159 0.00060188890563259872 0.000167258141371924 -0.00092866427911821817 1.214562125106137e-05 0.00040962338919194236 -0.0011136897477969103 0.0033828223328586609 0.00057976828015835825 -0.00151573918641341 -0.00011595789886110642 0.0016288626280835036 -0.00102308490172085 -0.00048391840468080082 0.00079304232411267169 -0.0013364826885317515 3.0822238859454043e-05 0.0020930096094116607 -1.4059333329176429e-05 -0.00059350512381652347 -0.00031185827538029244 0.00045742134176018695 0.00096400963688050552 0.00083759793115469018 0.00017892290991713869 -0.00024025686733279694 -0.00030635717249957522 0.0005710390427481509 -0.00090266227664322247 -0.00030109179074347566 -1.6478895193725094e-05 -0.0012555301234019045 0.001091421509676219 -0.00090686409274104191 -1.5448908948434086e-05 0.00054329984399450841 5.332330744081285e-05 0.0012288371547889551 0.00029106862759149143 0.00048880436575805765 -0.00081906032856290999 -0.00012294329849214561 -0.00057496372330506434 0.00033726721033621739 0.00026781929817156451 -0.0010424682266634393 0.00019632307059140846 -0.00045207093879436858 -0.001192844869733229 -0.00045251949733738755 -0.00050492096309419257 0.00039977899495051645 0.00029608335288346512 -0.0001707095622259658 -0.00086073108519388233 -0.00016302887305536502 -0.001022710218174325
leaf_weight=257 201 263 395 352 224 206 203 234 258 228 248 202 204 261 338 202 232 256 769 311 221 339 201 221 521 365 462 272 263 204 213 517 217 392 572 360 379 211 214 293 377 253 223 204 283 202 379 206 245 262 230 207 388 259 219 635 230 204 210 896 274 200
leaf_count=257 201 263 395 352 224 206 203 234 258 228 248 202 204 261 338 202 232 256 769 311 221 339 201 221 521 365 462 272 263 204 213 517 217 392 572 360 379 211 214 293 377 253 223 204 283 202 379 206 245 262 230 207 388 259 219 635 230 204 210 896 274 200
internal_value=-2.84667e-06 0.00145581 -0.000286433 0.00271951 0.00347989 0.00010795 -0.000648628 -0.000877245 -0.000781544 0.000862654 -0.000417779 -0.000470936 0.00268105 -0.000167627 -0.000847036 0.000431887 0.001218 -0.00155331 -9.79348e-05 0.000668219 -0.000772979 -0.00038383 0.00146391 -0.000683374 -0.000198762 0.000231952 0.000477937 0.000561352 0.00120845 0.000700022 -0.000302175 6.44727e-05 0.00100905 -0.000758612 -0.000576475 1.84236e-05 -0.000938173 0.000656194 -0.000867611 0.00045559 0.000298952 -0.000305137 0.000852102 0.000675606 0.000205909 -0.000436272 0.000239361 -0.000140359 6.86807e-05 -0.000125447 -0.000699223 -0.000143012 -0.000252594 -0.000999654 -0.000741318 -0.000606235 0.00013008 2.36801e-05 7.27111e-05 -0.000935205 -0.000339818 -0.000799322
internal_weight=18867 3071 15796 981 629 7562 8234 4137 3624 2090 4097 3894 428 4086 3390 3476 959 513 3680 1593 3052 597 696 2187 1707 1883 875 1131 495 903 1459 2063 612 1966 976 1008 990 673 2455 981 670 1617 699 476 643 774 1074 938 458 989 1079 848 641 1376 611 849 813 583 472 1155 480 406
internal_count=18867 3071 15796 981 629 7562 8234 4137 3624 2090 4097 3894 428 4086 3390 3476 959 513 3680 1593 3052 597 696 2187 1707 1883 875 1131 495 903 1459 2063 612 1966 976 1008 990 673 2455 981 670 1617 699 476 643 774 1074 938 458 989 1079 848 641 1376 611 849 813 583 472 1155 480 406
is_linear=0
shrinkage=0.05


Tree=22
num_leaves=63
num_cat=0
split_feature=2 0 27 36 27 36 50 36 39 5 39 2 48 21 2 37 46 29 2 39 39 0 36 55 0 55 44 44 36 29 27 43 5 56 48 33 34 48 5 2 49 30 36 8 5 54 33 20 56 48 58 54 35 31 44 56 39 53 54 5 24 56
split_gain=2.81739 0.87908 0.830993 0.365891 0.308553 0.157515 0.153143 0.183425 0.0923508 0.0847091 0.0827483 0.0815366 0.0752746 0.0752254 0.0723922 0.0730695 0.0707258 0.0681521 0.0653745 0.0526545 0.0452752 0.0560309 0.0440276 0.0458883 0.0413122 0.0394221 0.0338853 0.0412244 0.0302983 0.0294837 0.0264249 0.0254274 0.0252589 0.0235743 0.0230686 0.0230842 0.0207936 0.0206494 0.0177742 0.0173021 0.0169844 0.0166784 0.0148279 0.0147095 0.0143126 0.0132318 0.0131899 0.0122439 0.0118507 0.0118327 0.0116478 0.0113861 0.0111699 0.0123277 0.011072 0.00998645 0.00988915 0.00876498 0.00753479 0.0072467 0.00722913 0.0071611
threshold=0.077491391310626281 280097.01777404506 38015.000000000007 19.350000000000005 29642.500000000004 23.550000000000004 0.015315486298997911 55.650000000000013 8.5000000000000018 13492.650000000003 7.5000000000000009 0.08946616163061509 44.053895366497031 118.50000000000001 0.024919437995118695 22.706528894461432 26.787345413831307 1116.5000000000002 0.059693462116999295 3.5000000000000004 12.500000000000002 801599.96570588078 34.45000000000001 42270.500000000007 215438.47726003549 30367.000000000004 1.0000000180025095e-35 1.5000000000000002 70.050000000000011 1894.5000000000002 47741.500000000007 1.0000000180025095e-35 12561.200000000003 22.500000000000004 77.517881129890071 1762.0125 1920.0835000000004 58.323993777507049 12199.550000000001 0.064502460924674793 0.035316765109827265 7539.5000000000009 30.150000000000002 204.10000000000002 12271.100000000002 12.500000000000002 4048.8235000000004 219982.50000000003 15.500000000000002 55.255968824948361 0.44722222222222224 2.5000000000000004 4027.3955000000005 17273.500000000004 1.5000000000000002 14.500000000000002 7.5000000000000009 9.5000000000000018 4.5000000000000009 12827.250000000002 55.500000000000007 51.500000000000007
decision_type=2 2 2 2 2 2 2 2 2 2 2 2 2 2 2 2 2 2 2 2 2 2 2 2 2 2 2 2 2 2 2 2 2 2 2 2 2 2 2 2 2 2 2 2 2 2 2 2 2 2 2 2 2 2 2 2 2 2 2 2 2 2
left_child=1 5 3 4 -2 19 7 14 16 -8 11 30 -6 20 -3 17 -7 -16 26 25 21 38 31 34 36 43 42 -28 -15 56 -4 50 -26 -12 35 -24 -20 59 41 -21 -37 -9 61 -1 -42 60 -10 -13 54 -40 -17 -44 53 57 -46 58 -23 -38 -32 -29 -25 -18
right_child=2 6 10 -5 12 8 9 13 46 -11 33 47 -14 28 15 22 18 -19 24 39 -22 29 23 45 32 -27 27 37 -30 -31 55 -33 -34 -35 -36 40 52 -39 49 -41 44 -43 51 -45 48 -47 -48 -49 -50 -51 -52 -53 -54 -55 -56 -57 -58 -59 -60 -61 -62 -63
leaf_value=0.0013159230716386372 0.0049218685582247731 -0.0011101878834727094 0.0010820182207410577 0.0012927128610768209 0.0032100840864450644 0.00098051461824355426 0.00099807828373249747 -9.2036509963826143e-05 -0.00074685335420777673 -0.00038473702845780226 0.0005454071343706017 0.0012163945030329386 0.0018839046278754665 -0.0010717851530064825 0.00087184421420467774 -0.00016921987081894985 0.00051381074012832924 -0.00038079729981605067 0.00080136652911708844 -0.00012341367746134788 -0.00025959951311983536 -0.0017136262513123988 -0.00014341729985707755 0.00010800677802905615 0.00037598886482604992 0.0004332379504049449 -0.000741469274856567 0.00030385885583664098 -0.0016359256549643914 -0.00077916943293022132 0.00063776944882122807 0.00016074525392570407 -0.00017786039103310613 -0.00013158620004638001 -0.0010372389434881739 -0.0010001191029741648 0.00012398014253779574 -0.00047610376782958081 -0.00070094858022521928 0.00042344076479669258 -0.00026930628676459951 -0.00069715743153433518 -0.00032956207252427157 0.00080195885728479976 -0.00070313624500655968 -0.00054811981979248695 -0.00028371741855355342 0.0017154092073313016 -0.00089654880786176972 -0.0010836387019662653 -0.00057585752895457896 0.00013983459552676831 0.00061987268110690052 -4.6570987044392329e-05 -0.00025105333495031244 0.00083976311737748912 -0.0012422142068211003 0.00053026622201464413 0.00022248374481695582 -8.2662461370873217e-05 -0.00025081637959536036 9.5364208454095257e-05
leaf_weight=319 201 384 377 352 214 217 222 202 357 221 345 202 214 626 209 383 203 226 281 215 364 222 234 204 296 380 396 204 384 229 208 358 676 205 376 321 223 258 725 442 269 261 264 247 375 283 270 314 386 280 326 253 237 270 212 209 223 328 230 299 450 206
leaf_count=319 201 384 377 352 214 217 222 202 357 221 345 202 214 626 209 383 203 226 281 215 364 222 234 204 296 380 396 204 384 229 208 358 676 205 376 321 223 258 725 442 269 261 264 247 375 283 270 314 386 280 326 253 237 270 212 209 223 328 230 299 450 206
internal_value=-2.70434e-06 -0.000272111 0.00138302 0.00258353 0.0033059 0.000154649 -0.000598126 -0.000645297 2.19228e-05 0.000308231 0.000819521 0.00100754 0.00254699 -0.000921972 -0.000450583 -0.000395664 9.93412e-05 0.000221047 5.5824e-05 0.000588347 -0.000775147 -0.000862757 -0.000459889 -0.000554972 0.000238924 0.00082716 -0.000147318 -0.000327732 -0.00128627 -0.00124016 0.000749276 -0.00018275 -9.19848e-06 0.000293073 -0.000681091 -0.000606571 0.00041904 -0.000112436 -0.00068948 0.000244485 -0.000675911 -0.000433152 7.81019e-05 0.00109163 -0.000592118 -0.000262489 -0.000547417 0.00152006 -0.000681364 -0.000807569 -0.000356193 -9.98573e-05 0.000317496 0.000230208 -0.000539863 0.000555391 -0.00147739 0.000365835 0.000419697 7.40977e-05 -0.00013889 0.000303053
internal_weight=18867 15796 3071 981 629 6841 8955 8512 5238 443 2090 1540 428 3516 4996 4612 4611 435 4394 1603 2506 2142 4177 3110 2311 946 2083 1157 1010 674 1024 1067 972 550 2173 1797 1339 761 1468 657 1563 463 926 566 1242 937 627 516 973 1005 709 517 1058 821 587 647 445 551 438 503 654 409
internal_count=18867 15796 3071 981 629 6841 8955 8512 5238 443 2090 1540 428 3516 4996 4612 4611 435 4394 1603 2506 2142 4177 3110 2311 946 2083 1157 1010 674 1024 1067 972 550 2173 1797 1339 761 1468 657 1563 463 926 566 1242 937 627 516 973 1005 709 517 1058 821 587 647 445 551 438 503 654 409
is_linear=0
shrinkage=0.05


Tree=23
num_leaves=63
num_cat=0
split_feature=28 28 50 36 28 50 0 0 27 56 51 46 51 48 49 37 5 24 51 57 58 42 48 27 36 49 35 46 0 21 53 49 32 50 48 5 27 36 48 1 27 26 36 30 42 1 62 49 27 58 0 62 42 57 37 36 57 34 35 46 44 28
split_gain=2.65323 1.07447 0.396108 0.375531 0.180051 0.169989 0.111478 0.106387 0.0943216 0.0765782 0.0709658 0.0671968 0.0642237 0.0623092 0.0560324 0.0742152 0.0507043 0.0494279 0.0477891 0.0448318 0.0376062 0.0362415 0.0352739 0.029179 0.0272974 0.0262413 0.0245926 0.0257547 0.0240951 0.0240559 0.023537 0.0227924 0.0214338 0.0341756 0.0214474 0.0198991 0.0189585 0.0170497 0.0204313 0.0159939 0.015901 0.0136901 0.0135279 0.0122736 0.0118864 0.0118471 0.0115875 0.011384 0.0113731 0.012642 0.0164293 0.0108936 0.0103798 0.0103201 0.00903689 0.00899262 0.00866595 0.0106908 0.00827836 0.00773667 0.00727531 0.0115298
threshold=156950.00000000003 89600.000000000015 0.0064595149470884194 47.250000000000007 116250.00000000001 0.016072960655765061 402923.7254665526 276565.23308262805 33886.000000000007 72.500000000000014 -0.0091253193251736291 28.088057618568175 -2.1634712089213522e-05 58.323993777507049 0.027219450723583886 30.911235882029395 12561.200000000003 55.500000000000007 -8.6762389026773232e-05 3.1882352941176477 0.43650793650793657 3.5000000000000004 51.406969497549518 69931.000000000015 25.550000000000004 0.037521270185416823 3054.1015000000002 41.360455987792157 818697.17704245087 192.50000000000003 18.500000000000004 0.069670004964780513 6395.3445000000011 0.0054407004563616261 64.882373284720117 12561.200000000003 71344.000000000015 34.45000000000001 80.489066537157143 986.90226607137561 49142.500000000007 40135.500000000007 28.750000000000004 6505.0000000000009 2.5000000000000004 2019.3517193052037 11.370000000000003 0.06796562225479276 54403.000000000007 0.30535714285714294 222227.51571212179 11.525 2.5000000000000004 3.2613636363636371 35.607423377921947 34.050000000000004 3.4642857142857149 2896.9595000000004 3394.6465000000003 69.011344810531355 1.0000000180025095e-35 265650.00000000006
decision_type=2 2 2 2 2 2 2 2 2 2 2 2 2 2 2 2 2 2 2 2 2 2 2 2 2 2 2 2 2 2 2 2 2 2 2 2 2 2 2 2 2 2 2 2 2 2 2 2 2 2 2 2 2 2 2 2 2 2 2 2 2 2
left_child=1 2 -1 7 8 6 21 11 -3 10 -8 -2 -6 16 45 17 42 -16 -13 28 -21 23 26 30 56 -17 27 -10 43 36 -5 52 33 34 54 -24 39 53 60 55 41 -33 -14 -12 46 -9 -25 -26 -41 -50 -51 -23 -18 -27 -22 -20 57 -15 -31 -38 61 -39
right_child=3 4 -4 5 12 -7 9 14 22 -11 19 18 13 24 15 25 31 -19 29 20 32 51 35 44 47 37 -28 -29 -30 58 -32 40 -34 -35 -36 -37 59 38 -40 48 -42 -43 -44 -45 -46 -47 -48 -49 49 50 -52 -53 -54 -55 -56 -57 -58 -59 -60 -61 -62 -63
leaf_value=0.0015645995225142919 0.00088009846614926822 0.0020904670717860683 0.0039536701513971121 -0.00039670997943464924 -0.00036771911803854348 0.00050137780053272107 -0.001615478976719971 -0.00061776852084873988 0.001035194067031772 -0.00018878393080333118 -0.00071291536638671117 -0.00063783879220745843 0.0012287397592348928 0.00033759621962243283 -0.00025587855829513134 -0.00070820025427697835 0.00043180220621993643 0.00063845339012957652 0.00016359659254929016 -0.00020665498797152254 -0.0010260446325594233 -0.0011186483687780774 0.001014305039991155 -0.00062239296241938533 -0.00029410378765023777 1.3407457667816163e-05 0.00081334855122573821 0.0018164110782675413 -0.0015931523935744608 -0.00040975936300455241 0.00020360540227149271 0.00061040716151774404 -0.00044478046335365859 -0.0015299892104492614 -0.0012827256083506251 0.00038404068957675756 1.261369145028471e-05 0.00010720970101587219 -0.00086895501120296469 0.00049233902087068827 0.00045822869282875474 0.0011910918508292168 0.00075942792271962393 -0.0012216529578744444 -0.00085654375009356287 -0.0011508568441963799 -0.00024763148211704968 0.00018647866477613021 0.00049519982562917276 0.00034977382828212805 -0.00012526239638711506 -0.00060746258624176999 -1.4470164500746174e-05 -0.00036185303354725702 -0.00067777313586529471 -0.0002875026462041725 0.00015775086739982467 0.00080443899113213338 -5.3923127972760771e-05 -0.00036018524512762377 -0.00042590365624859501 -0.00040877145609246273
leaf_weight=348 227 215 346 315 221 290 390 212 211 335 202 277 398 282 286 494 346 336 218 254 234 212 212 399 250 513 268 211 280 309 339 203 271 204 225 306 373 203 207 435 406 203 250 287 202 205 427 243 247 323 417 205 209 285 913 224 210 217 347 222 736 232
leaf_count=348 227 215 346 315 221 290 390 212 211 335 202 277 398 282 286 494 346 336 218 254 234 212 212 399 250 513 268 211 280 309 339 203 271 204 225 306 373 203 207 435 406 203 250 287 202 205 427 243 247 323 417 205 209 285 913 224 210 217 347 222 736 232
internal_value=-2.56912e-06 0.000915311 0.00275569 -0.000385594 0.000652561 -0.000679473 -0.000739614 -0.000145614 0.00112556 -0.000908663 -0.000982638 4.72522e-05 0.000456787 0.000513429 -0.0003338 -0.000264633 0.000683385 0.000227233 -8.4837e-06 -0.000896643 -0.000777086 -0.000450081 0.000953821 -0.000346633 0.00022852 -0.000379218 0.00118792 0.0014258 -0.00122328 4.74814e-05 -8.55373e-05 0.000510698 -0.000855532 -0.000926163 -0.000836381 0.000641987 0.000119248 -0.000304531 -0.000411038 0.000197687 0.000679489 0.00090075 0.00104768 -0.0010115 -0.000512739 -0.000879838 -0.00042866 -5.72244e-05 0.000279342 0.000185468 8.20845e-05 -0.000867346 0.000263746 -0.000120614 -0.000748824 -6.50148e-05 0.000427212 0.000540612 -0.000221535 -0.000126481 -0.000330091 -0.00016798
internal_weight=18867 5555 694 13312 4861 5984 5694 7328 1423 3595 3260 3619 3438 3217 3709 3292 2015 622 3392 2870 2101 2099 1208 1682 1202 2670 690 422 769 3115 654 1367 1847 1576 1372 518 2459 2176 1378 1864 812 406 648 489 1028 417 826 493 1422 987 740 417 555 798 1147 442 709 499 656 595 1171 435
internal_count=18867 5555 694 13312 4861 5984 5694 7328 1423 3595 3260 3619 3438 3217 3709 3292 2015 622 3392 2870 2101 2099 1208 1682 1202 2670 690 422 769 3115 654 1367 1847 1576 1372 518 2459 2176 1378 1864 812 406 648 489 1028 417 826 493 1422 987 740 417 555 798 1147 442 709 499 656 595 1171 435
is_linear=0
shrinkage=0.05


Tree=24
num_leaves=63
num_cat=0
split_feature=2 0 27 36 27 40 2 51 36 39 36 51 39 2 48 2 37 44 56 27 25 51 46 46 30 46 2 54 56 20 56 27 2 56 5 48 2 50 36 25 5 33 21 39 48 49 0 44 44 50 29 48 25 36 37 53 46 56 2 55 48 56
split_gain=2.32286 0.71021 0.68733 0.308648 0.264693 0.135075 0.14828 0.130809 0.112496 0.0719031 0.0715933 0.0711817 0.0702642 0.0684657 0.0649094 0.0619059 0.0601565 0.0532348 0.0695255 0.0450836 0.0413792 0.0399797 0.0364132 0.0317089 0.0312789 0.0308324 0.0291412 0.0271488 0.0259545 0.0255889 0.0234172 0.0221896 0.0217353 0.0213665 0.0196874 0.0186547 0.017368 0.0159953 0.0154227 0.0137964 0.0136613 0.0132099 0.0131849 0.0128294 0.0154665 0.0145257 0.012549 0.0123371 0.0171685 0.016574 0.0122876 0.0119701 0.0116332 0.0116205 0.0279294 0.0126583 0.00884821 0.00872117 0.00846057 0.00806749 0.00775727 0.00765465
threshold=0.077491391310626281 280097.01777404506 38015.000000000007 19.350000000000005 29642.500000000004 10.500000000000002 0.029606820293719284 -2.1634712089213522e-05 20.650000000000002 8.5000000000000018 47.050000000000004 -0.0052018655533993532 7.5000000000000009 0.08946616163061509 44.053895366497031 0.063238086639126681 22.706528894461432 1.0000000180025095e-35 19.000000000000004 49682.500000000007 413.50000000000006 -0.00048466285492204658 85.040561588139866 28.088057618568175 6433.0000000000009 41.547803549865783 0.046546196932844883 3.5000000000000004 14.500000000000002 975750.00000000012 51.500000000000007 47741.500000000007 0.037447103581209083 22.500000000000004 12352.450000000003 80.489066537157143 0.056111494469446126 0.0041329328014304079 44.95000000000001 229.50000000000003 12045.100000000002 3895.9155000000005 163.50000000000003 2.5000000000000004 49.868494348317597 0.043739048706018295 213156.78791603478 1.0000000180025095e-35 1.5000000000000002 0.0030548837238553745 922.50000000000011 54.601703252185914 141.50000000000003 35.050000000000004 41.130480906145927 10.500000000000002 60.126413816981035 14.500000000000002 0.059432864488030361 13943.000000000002 22.096379422798606 9.5000000000000018
decision_type=2 2 2 2 2 2 2 2 2 2 2 2 2 2 2 2 2 2 2 2 2 2 2 2 2 2 2 2 2 2 2 2 2 2 2 2 2 2 2 2 2 2 2 2 2 2 2 2 2 2 2 2 2 2 2 2 2 2 2 2 2 2
left_child=1 7 3 4 -2 6 17 58 25 15 16 22 13 31 -6 23 -8 20 29 37 27 42 -7 -10 26 -9 39 -3 -27 38 -30 -4 -18 -14 36 53 -25 -17 -19 -23 -21 -11 60 -26 56 -46 61 49 -49 52 -15 -50 -36 54 -34 -55 -45 -33 -1 -57 -12 -42
right_child=2 5 12 -5 14 11 10 8 9 41 21 -13 33 50 -16 19 32 18 -20 40 -22 24 -24 34 43 28 -28 -29 30 -31 -32 57 35 -35 47 -37 -38 -39 -40 -41 46 -43 -44 44 45 -47 -48 48 51 -51 -52 -53 -54 55 -56 59 -58 -59 -60 -61 -62 -63
leaf_value=-0.00089877431602914401 0.004507795916418476 0.00010232477899093731 0.00098483419930481329 0.0011620683250426242 0.0029239288157789979 8.6190417729918025e-05 0.00048762474747555463 0.0011668198906384633 0.00056243165015064237 -0.00072985227687927538 -0.0010593223367024163 -0.00044039628786778572 0.00049843870209335126 0.0010998180711421683 0.0016924359632705483 0.00055234063356019087 -0.00070658708504839427 -0.00048232334378913187 -0.0017450674338919192 0.00058519912539010813 -0.0011115128294263473 -0.00026452644957977413 0.0009526346912200551 -1.3881980282330156e-05 -0.00044864653964142169 0.00011087363027711222 0.00020865597276832124 -0.00071349134274141003 0.0010423991284650668 -0.0014356315079096865 0.00039674765331095094 0.0003754447987484393 0.00040137176382822786 -0.000146074631915459 -4.8842633744043352e-05 -0.00076034343626088237 0.00051533741728585142 0.0010913468703989512 -0.00096062570485251446 -0.00069475608203667047 0.00043935976337144413 -0.00022191287072941717 -0.0013333824315400261 -0.00050689444352193687 -0.0012319052308898877 -0.00071081710690695799 -4.6056698226184275e-05 -0.00054208531906796387 6.1946317313078529e-05 -0.0002964085991768497 0.0015940863072662305 -0.00031055905357812042 0.00043118186310545396 -0.00062920750423850762 -0.00028010346680207635 -0.0004595992857452984 -0.00089690289384105118 0.00076799866996199212 -0.0004733316467650184 -0.00013388504635933543 -0.00062901527475470132 9.1892634774537398e-05
leaf_weight=215 201 207 377 352 214 308 226 238 239 241 207 442 345 217 214 432 391 248 368 208 255 391 200 384 430 263 201 201 275 205 287 438 202 205 241 200 260 202 526 356 367 273 202 526 265 270 491 307 475 248 299 395 265 308 588 300 201 209 256 519 212 279
leaf_count=215 201 207 377 352 214 308 226 238 239 241 207 442 345 217 214 432 391 248 368 208 255 391 200 384 430 263 201 201 275 205 287 438 202 205 241 200 260 202 526 356 367 273 202 526 265 270 491 307 475 248 299 395 265 308 588 300 201 209 256 519 212 279
internal_value=-2.44066e-06 -0.000247063 0.0012558 0.00234762 0.00301108 -0.000540096 -0.000606993 0.000136523 0.000195975 0.000101936 -0.000482389 2.35983e-05 0.000743324 0.000916579 0.00230818 0.000162205 -0.000293682 -0.000978637 -0.00115916 0.00037648 -0.000611865 -0.000640599 0.00042731 1.15119e-05 -0.00055569 0.000665465 -0.000325763 -0.000299585 0.000520832 -0.000938927 0.00071268 0.000679921 -0.000364087 0.000258211 -3.9622e-05 -0.000300829 0.000199778 0.000724074 -0.000807371 -0.000469562 0.000212632 -0.000460071 -0.00100157 -0.000684514 -0.000764881 -0.000968926 0.000144476 -0.000119463 -0.000220617 3.84387e-05 0.00138623 -0.00010718 0.000202554 -0.000252888 -0.000105853 -0.000355956 -0.000614723 0.000502251 -0.000667536 -0.000253194 -0.000841601 0.000289293
internal_weight=18867 15796 3071 981 629 8955 8005 6841 6370 5307 5995 950 2090 1540 428 4793 2734 2010 1347 1979 663 3261 508 2814 2640 1063 948 408 825 979 562 1024 2508 550 2575 2117 644 634 774 747 1345 514 621 1692 1262 535 1137 1931 1177 754 516 870 506 1917 790 1127 727 647 471 819 419 646
internal_count=18867 15796 3071 981 629 8955 8005 6841 6370 5307 5995 950 2090 1540 428 4793 2734 2010 1347 1979 663 3261 508 2814 2640 1063 948 408 825 979 562 1024 2508 550 2575 2117 644 634 774 747 1345 514 621 1692 1262 535 1137 1931 1177 754 516 870 506 1917 790 1127 727 647 471 819 419 646
is_linear=0
shrinkage=0.05


Tree=25
num_leaves=63
num_cat=0
split_feature=28 28 2 50 55 2 28 49 28 36 47 0 50 29 48 36 47 58 51 55 5 40 51 29 36 47 2 58 38 62 0 33 48 26 62 57 5 32 55 55 31 26 0 28 37 37 62 12 57 57 40 28 57 34 31 20 0 48 5 32 50 32
split_gain=2.16953 0.775871 0.428277 0.333948 0.147309 0.142229 0.115253 0.083165 0.0818772 0.0690454 0.0645796 0.0568861 0.0532152 0.0557099 0.0421254 0.0522325 0.0394321 0.0387657 0.038695 0.0371119 0.036562 0.0361315 0.0357649 0.029599 0.0292343 0.025059 0.0246268 0.0239034 0.0215213 0.0295154 0.0316535 0.027135 0.0214726 0.0207254 0.0183892 0.0174888 0.0170856 0.0170619 0.0170394 0.0165313 0.018783 0.0162204 0.014351 0.0135088 0.0127689 0.0119875 0.0112034 0.0116898 0.0110536 0.0171564 0.0106531 0.0106492 0.0100214 0.00945894 0.00906169 0.00896949 0.00894935 0.00892257 0.00822678 0.00770621 0.00756225 0.00755891
threshold=147050.00000000003 89600.000000000015 0.046546196932844883 0.0075877314470810765 21259.000000000004 0.085528999647310935 978850.00000000012 0.018956535452915469 183450.00000000003 38.250000000000007 5.6701514484832112 98438.441099896037 0.0047039869394337949 877.50000000000011 51.406969497549518 28.550000000000004 32.448876260021393 0.41428571428571431 -8.6762389026773232e-05 11470.000000000002 12561.200000000003 1.0000000180025095e-35 -0.0028220737445054929 1237.5000000000002 34.250000000000007 6.076894822579308 0.037729863716804916 0.43650793650793657 0.10950000000000003 14.460000000000003 450121.81919094227 4391.1585000000005 46.977442454819546 36599.000000000007 11.710000000000003 3.1882352941176477 12632.85 3678.1800000000007 37788.000000000007 17826.000000000004 22334.500000000004 53847.000000000007 873887.40717133053 157750.00000000003 49.779852974248286 45.223686655396882 14.765000000000002 0.22499999999999989 3.5857142857142863 3.2034482758620695 1.0000000180025095e-35 269900.00000000006 3.3030303030303036 2949.8480000000004 13194.000000000002 197462.50000000003 225918.28654536602 65.41638314143016 12772.600000000002 3805.1620000000007 0.0025100976651626977 2821.6845000000008
decision_type=2 2 2 2 2 2 2 2 2 2 2 2 2 2 2 2 2 2 2 2 2 2 2 2 2 2 2 2 2 2 2 2 2 2 2 2 2 2 2 2 2 2 2 2 2 2 2 2 2 2 2 2 2 2 2 2 2 2 2 2 2 2
left_child=1 3 4 11 7 14 9 -2 20 25 17 -1 32 -14 16 36 -3 -10 34 23 37 33 -21 44 48 -6 46 -23 -11 30 45 61 55 60 -12 -18 53 57 -32 -26 50 42 -25 -35 -9 -30 -24 -48 49 -20 51 -41 -38 -16 -28 -7 -29 -4 -37 -45 -22 -31
right_child=2 5 8 -5 6 12 -8 19 10 28 18 -13 13 -15 15 -17 35 -19 24 22 21 27 26 41 39 -27 54 56 29 31 38 -33 -34 43 -36 58 52 -39 -40 40 -42 -43 -44 59 -46 -47 47 -49 -50 -51 -52 -53 -54 -55 -56 -57 -58 -59 -60 -61 -62 -63
leaf_value=0.0021827522043328818 -0.0015364670246566202 0.0011654198050705924 0.00038730695311106942 0.0038995730137909193 0.00044311613041948241 0.00088171165726536038 0.00081457678953565757 -8.8989520770136701e-05 0.00090039613651198317 -0.00093533393209882336 -0.00091262365754134526 0.0010368909510869064 0.00092540879391113438 0.0020300051778576744 0.00048390341365933459 -0.00021846843143688796 0.00023453099404610025 -6.9623152750934698e-05 0.00016849847595202703 -0.001355985471086946 0.00017697222711176777 0.00023483459042664386 -0.0010904199417595352 -0.00067038058918876423 -0.00048756684131627477 -0.00018534220236422858 -0.00030480921976904391 -0.00023671787574517709 -0.00074322309073134583 -0.00023732149830442612 -0.0011168202127104768 0.00027545331746076687 0.00059390641805605608 0.00063304185038982983 -0.00029120302447946096 0.00093418238425221282 0.00045167571431658734 0.00068698398176367335 -0.00059183311011939369 -0.00013768053840255685 -0.00064020300923962523 -0.00035318475423431919 -0.0011583157186523436 6.0385015456237871e-05 -0.00057771127480378938 -0.00030304225876305298 -0.00049019969041348135 -0.0010163198616023042 0.00038233725031724524 -0.00036158192668212468 0.00010596120345018989 -0.0005298135995502254 5.1187597060678882e-05 0.00095293125496160756 -0.00069116220798447409 0.0013540749367784884 -0.00063931307323514871 -8.4645408971663603e-06 0.00054057942956302351 0.00040401718280040297 -0.0002028670587229316 -0.00065045899318287375
leaf_weight=226 345 315 418 260 226 202 203 384 205 308 292 208 206 256 226 380 343 207 397 314 214 201 512 430 654 532 264 343 205 245 345 201 384 265 201 211 422 351 280 1009 208 229 232 373 205 630 220 203 210 248 356 209 248 205 357 200 231 216 358 290 338 202
leaf_count=226 345 315 418 260 226 202 203 384 205 308 292 208 206 256 226 380 343 207 397 314 214 201 512 430 654 532 264 343 205 245 345 201 384 265 201 211 422 351 280 1009 208 229 232 373 205 630 220 203 210 248 356 209 248 205 357 200 231 216 358 290 338 202
internal_value=6.61689e-07 0.000940505 -0.00030057 0.00248251 -0.000579136 0.000669991 -0.000340434 -0.000797294 -3.56407e-05 -0.000414305 -0.000181434 0.00163358 0.00111162 0.00153748 0.000466465 0.000286966 0.000683122 0.000413032 -0.000246159 -0.00072117 0.00015317 4.21614e-05 -0.000869222 -0.000534105 -0.000184274 2.03456e-06 -0.000770994 -0.000234418 -0.000544928 -0.000487886 -0.00061253 -0.000207053 0.000861299 0.000186992 -0.000659266 0.00051654 0.000461412 0.000407307 -0.000881626 -0.000272561 -0.000193654 -0.000715906 -0.000841379 0.000331298 -0.000259088 -0.000411111 -0.000933104 -0.000742688 6.7266e-05 -3.53154e-05 -0.000134643 -0.000204968 0.000303435 0.000706991 -0.000526916 0.00111672 -0.000398738 0.00025247 0.000686538 0.000210692 -5.56105e-05 -0.000424019
internal_weight=19158 4650 14508 694 7072 3956 3377 3695 7436 3174 4196 434 1248 462 2708 1481 1227 412 3784 3350 3240 2255 1870 1480 3291 758 1556 775 2416 2108 1460 648 786 1480 493 912 1101 985 625 2436 1782 891 662 928 589 835 935 423 855 645 1574 1218 670 431 621 402 574 634 569 663 552 447
internal_count=19158 4650 14508 694 7072 3956 3377 3695 7436 3174 4196 434 1248 462 2708 1481 1227 412 3784 3350 3240 2255 1870 1480 3291 758 1556 775 2416 2108 1460 648 786 1480 493 912 1101 985 625 2436 1782 891 662 928 589 835 935 423 855 645 1574 1218 670 431 621 402 574 634 569 663 552 447
is_linear=0
shrinkage=0.05


Tree=26
num_leaves=63
num_cat=0
split_feature=28 28 2 50 55 2 28 49 28 27 30 52 56 47 42 29 27 47 0 48 46 58 47 5 20 47 5 40 46 36 1 55 1 55 36 41 56 53 57 12 48 28 27 53 60 57 57 42 36 48 29 36 46 48 2 40 27 27 0 2 55 27
split_gain=1.958 0.700224 0.38652 0.301388 0.132947 0.129554 0.104016 0.0750564 0.0738942 0.0678458 0.063608 0.0630706 0.0600771 0.0582831 0.0636075 0.0575841 0.0734206 0.0504503 0.0443774 0.0525792 0.0354007 0.0349861 0.030331 0.0364572 0.0297934 0.0348571 0.0290231 0.0279236 0.0245758 0.0222062 0.0214724 0.021189 0.0210603 0.0193507 0.0185644 0.0174407 0.0173707 0.0185348 0.0170776 0.0165553 0.0162556 0.0158354 0.0152979 0.0125229 0.0121535 0.0192041 0.0142801 0.0118793 0.0115279 0.0112533 0.016032 0.0127921 0.0110775 0.010541 0.0103393 0.0100545 0.00974862 0.00918508 0.00892144 0.00816047 0.00815949 0.0073354
threshold=147050.00000000003 89600.000000000015 0.046546196932844883 0.0075877314470810765 21259.000000000004 0.088504165443777885 978850.00000000012 0.018956535452915469 183450.00000000003 61049.000000000007 6843.5000000000009 7.5000000000000009 40.000000000000007 5.6701514484832112 1.0000000180025095e-35 842.50000000000011 48444.000000000007 1.0116921104623542 214252.66794391067 62.310283978695622 28.088057618568175 0.41428571428571431 40.533357554705482 12702.500000000002 444387.50000000006 0.1073957213099699 12561.200000000003 1.0000000180025095e-35 32.67550815578003 41.250000000000007 1190.5544366225481 39535.000000000007 965.60075544137374 19280.000000000004 25.750000000000004 1.5000000000000002 24.500000000000004 35.500000000000007 2.8928571428571432 -0.070000000000000048 66.005777153860919 161550.00000000003 54403.000000000007 43.500000000000007 0.34010495157352322 3.9187500000000006 3.7007672634271107 1.0000000180025095e-35 32.95000000000001 30.23989167230835 1183.5000000000002 47.050000000000004 58.284154202829924 73.040229892517814 0.040928426897885235 1.5000000000000002 52740.000000000007 88518.000000000015 691267.73486058984 0.070113826116261865 11801.000000000002 49682.500000000007
decision_type=2 2 2 2 2 2 2 2 2 2 2 2 2 2 2 2 2 2 2 2 2 2 2 2 2 2 2 2 2 2 2 2 2 2 2 2 2 2 2 2 2 2 2 2 2 2 2 2 2 2 2 2 2 2 2 2 2 2 2 2 2 2
left_child=1 3 4 10 7 18 9 -2 20 17 -1 15 24 21 28 -7 -17 -6 19 22 -4 -10 23 -3 25 -9 42 32 -15 54 -27 39 -28 -25 59 49 37 -30 -24 47 48 -34 -22 53 -26 46 58 -11 -29 -16 -51 -52 61 -33 -19 -38 -31 -32 -46 -21 -47 -40
right_child=2 5 8 -5 6 11 -8 12 13 31 -12 -13 -14 14 35 16 -18 29 -20 34 26 -23 38 33 44 30 27 40 36 56 57 43 41 -35 -36 -37 55 -39 52 -41 -42 -43 -44 -45 45 60 -48 -49 -50 50 51 -53 -54 -55 -56 -57 -58 -59 -60 -61 -62 -63
leaf_value=0.0021916715949546637 -0.0014596436756972621 0.0013386014456731763 0.00078309817670800584 0.0037045943632368177 0.00050514861406054316 0.00012991458715625405 0.00077384796295429153 4.8558337259300028e-05 0.00085537632976011963 -0.00039501219985940472 0.00097918721404991393 0.0016557147536725558 -0.0012943839834915305 0.0004979184603687946 -0.00054891191104575947 0.0018521414876108138 0.00054132461573671437 -0.00025633312176342196 -0.00024264868469051488 0.00013185632738913107 0.00060117650948388805 -6.6141996297159019e-05 0.00015078512431635453 0.00034477008819067123 -0.00052895606224621905 -0.00010554184498243957 -0.00033802636219364352 0.00014064149736099408 -8.1796178633237299e-05 -0.00075983347849678626 -0.00056285849232572376 -0.00037933947774258927 0.00045055196425674443 0.00096443092392239048 -0.0001976444270772133 -0.00084108096869183824 -5.9373083755818404e-05 -0.00060943727410565701 0.00088408439936043929 -0.00099443597938130208 -0.00058169666511976627 7.1611919690926012e-05 0.00018007519764518272 -8.8894971025889327e-05 -0.00065259941454122168 -0.0003424193996548505 -0.0013433720047103335 -0.00081526709535716883 -0.00034444117916847679 -6.9843968819721064e-05 -0.00028667729644745387 -0.00071297194960905693 0.00037231623283766498 -0.00081211532406788274 0.0001965955678727361 0.00036454345365227779 -0.00028344126010313342 -0.0009098073958470189 -0.0010518294436332217 0.00051145442121316206 -0.00077405463441577245 0.00051499480154447376
leaf_weight=205 345 297 204 260 269 201 203 290 205 381 229 363 361 214 588 201 228 273 203 265 343 207 270 264 439 201 202 266 665 228 565 469 443 241 230 216 295 222 342 374 244 730 581 241 274 205 206 301 227 520 536 262 325 201 234 266 203 288 286 304 235 222
leaf_count=205 345 297 204 260 269 201 203 290 205 381 229 363 361 214 588 201 228 273 203 265 343 207 270 264 439 201 202 266 665 228 565 469 443 241 230 216 295 222 342 374 244 730 581 241 274 205 206 301 227 520 536 262 325 201 234 266 203 288 286 304 235 222
internal_value=6.28604e-07 0.00089348 -0.000285542 0.00235839 -0.000550179 0.000636491 -0.000323412 -0.000757429 -3.38587e-05 -0.00039359 0.0015519 0.00113076 -0.000685112 -0.000172362 -0.000233851 0.000828278 0.00115548 -9.84848e-05 0.000470847 0.000523325 0.000145512 0.00039238 0.000662627 0.000899017 -0.000611526 -0.000436884 0.00010267 4.15909e-07 -2.21509e-06 -0.000271595 -0.000570449 -0.000574674 0.00013352 0.000640489 0.000181434 -0.000415273 -7.61299e-05 -0.000213855 0.000499051 -0.000727097 -0.000247912 0.000214724 0.000336393 -0.00039799 -0.000754213 -0.00083621 -0.000987428 -0.000580491 -8.2713e-05 -0.000367018 -0.00028587 -0.000426639 0.000604824 -0.000509172 -4.72891e-05 0.000141628 -0.000535454 -0.00068 -0.000856492 0.000334664 -0.000572952 0.000738804
internal_weight=19158 4650 14508 694 7072 3956 3377 3695 7436 3174 434 993 3350 4196 3784 630 429 1207 2963 2760 3240 412 1961 802 2989 1344 3036 2112 1662 938 1054 1967 1375 505 799 2122 1448 887 1159 1056 737 1173 924 911 1645 1206 766 682 493 1906 1318 798 889 670 507 561 431 853 560 569 440 564
internal_count=19158 4650 14508 694 7072 3956 3377 3695 7436 3174 434 993 3350 4196 3784 630 429 1207 2963 2760 3240 412 1961 802 2989 1344 3036 2112 1662 938 1054 1967 1375 505 799 2122 1448 887 1159 1056 737 1173 924 911 1645 1206 766 682 493 1906 1318 798 889 670 507 561 431 853 560 569 440 564
is_linear=0
shrinkage=0.05


Tree=27
num_leaves=63
num_cat=0
split_feature=28 2 2 33 48 55 28 51 25 51 56 28 47 28 37 47 50 58 29 28 42 1 34 57 5 37 42 42 57 5 50 50 5 54 29 46 25 0 47 0 2 55 2 48 0 51 56 0 2 35 0 34 39 26 56 2 50 39 48 5 57 39
split_gain=1.7671 0.636378 0.34902 0.226182 0.137643 0.117546 0.110275 0.0931034 0.0723251 0.0631575 0.0614475 0.0581464 0.0549493 0.0494016 0.0459358 0.0418833 0.0410183 0.04065 0.0345377 0.0373815 0.0330274 0.0327041 0.0310963 0.0307036 0.0306551 0.0311347 0.0295698 0.0287883 0.0302073 0.0274062 0.0261748 0.0241187 0.0237163 0.0227348 0.0198074 0.0191542 0.0183096 0.0209409 0.0177072 0.016568 0.0140166 0.0135076 0.0134752 0.0120133 0.0118238 0.0199906 0.0116428 0.0113855 0.011379 0.0138485 0.0101378 0.00984946 0.00982361 0.00961793 0.0093209 0.0128928 0.0105337 0.00904769 0.0089543 0.00839819 0.0076679 0.00764989
threshold=147050.00000000003 0.1089919286577152 0.048364654635944686 2101.672 51.406969497549518 21259.000000000004 93100.000000000015 -0.045820590825099643 805.50000000000011 -1.0000000180025095e-35 40.000000000000007 84950.000000000015 30.864732651796668 168050.00000000003 44.057427484865492 0.1073957213099699 0.0042275178957872023 0.41428571428571431 935.50000000000011 133350.00000000003 1.0000000180025095e-35 1152.139337386049 4514.3350000000019 3.1882352941176477 13772.600000000002 22.296455499245756 3.5000000000000004 1.0000000180025095e-35 2.8928571428571432 13022.300000000001 0.0031068559249835021 0.0051605368249642543 12702.500000000002 10.500000000000002 1183.5000000000002 31.534787462536979 143.50000000000003 218751.83470537551 61.539538156186602 179318.90034935848 0.063971948589872027 59817.000000000007 0.063472667427930604 43.596140466143581 532475.78192231397 -0.0041176854304175161 7.5000000000000009 444116.29321373435 0.054864453178645807 2847.1390000000006 780990.92882851209 2883.9700000000007 7.5000000000000009 39480.500000000007 24.500000000000004 0.064502460924674793 0.0024789632964249925 3.5000000000000004 66.682400416774286 12772.600000000002 2.9750000000000005 1.5000000000000002
decision_type=2 2 2 2 2 2 2 2 2 2 2 2 2 2 2 2 2 2 2 2 2 2 2 2 2 2 2 2 2 2 2 2 2 2 2 2 2 2 2 2 2 2 2 2 2 2 2 2 2 2 2 2 2 2 2 2 2 2 2 2 2 2
left_child=1 4 5 -3 6 8 -1 -7 10 16 15 -5 29 36 17 22 42 -15 19 53 35 -17 -2 30 25 -9 39 28 -27 -8 -14 50 -25 43 48 -16 37 41 44 -20 60 -11 -4 -29 61 -46 -38 -35 -22 -50 58 -48 -52 -6 55 59 -56 -34 -23 -37 -36 -30
right_child=2 3 9 11 18 7 12 24 -10 13 -12 -13 23 14 20 21 -18 -19 26 -21 34 31 -24 32 -26 27 -28 33 38 -31 -32 -33 57 47 40 54 46 -39 -40 -41 -42 -43 -44 -45 45 -47 51 -49 49 -51 52 -53 -54 -55 56 -57 -58 -59 -60 -61 -62 -63
leaf_value=0.0019658051455889846 9.3989822205118453e-05 0.0034032401702388179 -0.00087858730676702943 0.002133388171591092 -1.9234041217587921e-06 0.00074762950469050519 0.0016646189061399017 0.00014408204241464582 -0.001362513356839535 5.9472124271879058e-05 -0.0012222467541648319 0.00098352166858603593 -3.2773475182016659e-05 0.00094819650727760458 0.00045569936739621951 -0.00016255926970234073 0.00015977704628430142 2.8813275345571745e-05 0.00087395617781844406 -0.00053374711979217715 -0.00032932266483211579 -0.00054737513741875477 -0.00067453326335635208 0.0010876461656996979 0.0002112770435152464 -0.00078361377072059537 8.8716286478353053e-05 -0.00028545616288029629 -0.00014862101363124198 0.00086157173843794317 0.00070617012904516691 -0.0012106257545297207 0.00084083817753852783 -0.00066091640378761532 -0.00021654218298401771 -8.0602215683640569e-05 9.5765077263162572e-05 -0.00034737534432268861 -0.00056412969972743346 0.00039132221633857411 -6.2533280120042619e-05 0.00053881865833357813 -0.00036121948918174364 -0.00070876777965646353 4.8548610306170303e-05 -0.00059181331227521768 0.00031811048926776105 -0.0011733741173007471 -0.00024584496513607523 0.00023207759654736028 -0.0010824316078793283 0.00068366118743075919 -0.00063177440468118753 0.00039538664660659608 0.00039919705945937737 0.00020686710423789288 -4.020377629162781e-05 0.00042080301670857244 -0.00089972412044088857 -0.00043992725671020453 -0.00056917009024450135 0.00017797460664074579
leaf_weight=212 385 261 326 215 246 201 211 246 363 404 382 225 274 202 251 321 201 297 410 203 301 1446 200 375 221 301 322 399 505 214 213 211 201 210 202 400 224 205 332 314 254 231 205 289 200 312 356 224 250 385 236 382 248 400 234 230 327 354 206 274 651 278
leaf_count=212 385 261 326 215 246 201 211 246 363 404 382 225 274 202 251 321 201 297 410 203 301 1446 200 375 221 301 322 399 505 214 213 211 201 210 202 400 224 205 332 314 254 231 205 289 200 312 356 224 250 385 236 382 248 400 234 230 327 354 206 274 651 278
internal_value=5.97175e-07 0.000848806 -0.000271265 0.00223711 0.000602363 -0.000501353 0.000885899 -0.000298984 -0.000689549 -9.87479e-06 -0.000622345 0.00154539 0.00076161 4.31163e-05 -4.97545e-05 -0.000551898 -0.000448571 0.000400988 0.000295037 5.81046e-05 -0.00010959 -0.000635909 -0.000168753 0.00061205 -0.000358798 -0.000397023 0.000487346 -0.000440666 -0.000323481 0.00126026 0.00029042 -0.000700649 0.000780473 -0.000642031 -0.00024542 5.21238e-05 0.000262563 9.20023e-05 -0.000238355 0.000664637 -0.000388577 0.000233849 -0.00067885 -0.000463272 -0.000154836 -0.000341672 0.000411494 -0.000925411 -7.61084e-05 4.39191e-05 -0.000650272 0.000507325 -0.000851516 0.000244089 -1.70212e-05 -0.000116373 0.000143076 0.000572924 -0.000591312 -0.000226678 -0.000485664 -3.2665e-05
internal_weight=19158 4650 14508 701 3949 7716 2054 3718 3998 6792 3635 440 1842 6060 4258 3253 732 499 1895 849 3759 2668 585 1417 3517 3296 1046 3050 1928 425 487 2347 930 1122 2043 1716 1802 840 1627 724 1107 635 531 688 1295 512 962 434 936 635 2136 738 484 646 1465 904 561 555 1652 674 853 783
internal_count=19158 4650 14508 701 3949 7716 2054 3718 3998 6792 3635 440 1842 6060 4258 3253 732 499 1895 849 3759 2668 585 1417 3517 3296 1046 3050 1928 425 487 2347 930 1122 2043 1716 1802 840 1627 724 1107 635 531 688 1295 512 962 434 936 635 2136 738 484 646 1465 904 561 555 1652 674 853 783
is_linear=0
shrinkage=0.05


Tree=28
num_leaves=63
num_cat=0
split_feature=28 27 0 28 50 5 49 51 57 39 36 0 29 36 39 39 46 28 29 0 1 0 47 47 62 42 39 56 29 37 28 28 48 25 56 56 29 0 48 49 46 0 32 46 5 35 30 58 58 46 49 5 39 55 52 31 30 5 47 1 55 26
split_gain=1.60007 0.484631 0.442817 0.189485 0.102753 0.173562 0.135013 0.0955771 0.0734383 0.0730796 0.0671857 0.0648033 0.0613838 0.0604297 0.052445 0.0490044 0.0454023 0.0445591 0.035813 0.0488129 0.0353575 0.0306123 0.0291089 0.0282462 0.0278435 0.0251742 0.0247182 0.0287232 0.022169 0.0205434 0.0249699 0.0189494 0.0207825 0.0207075 0.0196191 0.0193217 0.0179259 0.0176818 0.0169198 0.0147899 0.0145115 0.0217343 0.0141199 0.0137876 0.0141452 0.012738 0.0118631 0.0117764 0.0101715 0.0104682 0.0100322 0.00979385 0.00930509 0.0117578 0.00907466 0.00832308 0.0122581 0.00705512 0.00679548 0.0066711 0.00609612 0.00834004
threshold=131350.00000000003 26912.500000000004 276565.23308262805 89600.000000000015 0.010968019919307246 13355.250000000002 0.023900099563716439 -1.0000000180025095e-35 1.9166666666666667 3.5000000000000004 62.750000000000007 180553.43837302993 1677.5000000000002 20.850000000000005 5.5000000000000009 6.5000000000000009 25.982705055599286 162300.00000000003 886.50000000000011 144016.67525470123 886.11754036631658 223455.80817793045 63.38950450296408 21.320777799110843 11.385000000000003 3.5000000000000004 11.500000000000002 40.000000000000007 824.50000000000011 22.706528894461432 259600.00000000003 226750.00000000003 75.208795889554651 155.50000000000003 40.000000000000007 17.500000000000004 1203.5000000000002 402923.7254665526 84.077131149845229 0.019654224961847364 47.773481634215109 140375.96971385184 3573.6160000000004 63.278468327009953 12702.500000000002 3190.145500000001 6761.0000000000009 0.44722222222222224 0.61250000000000016 59.819413860600349 0.0683075524770657 12950.800000000001 10.500000000000002 43815.000000000007 22.500000000000004 13194.000000000002 8807.5000000000018 13721.400000000003 19.979545831496136 977.93720291168358 11754.000000000002 30052.500000000004
decision_type=2 2 2 2 2 2 2 2 2 2 2 2 2 2 2 2 2 2 2 2 2 2 2 2 2 2 2 2 2 2 2 2 2 2 2 2 2 2 2 2 2 2 2 2 2 2 2 2 2 2 2 2 2 2 2 2 2 2 2 2 2 2
left_child=1 -1 7 9 6 12 15 50 -8 -3 24 14 -6 22 23 39 -15 20 -16 -20 -18 43 -9 -5 25 37 27 36 -25 -26 55 32 33 57 35 48 51 46 -7 -4 -30 -42 -17 44 -22 -45 -10 -38 49 -35 -2 -12 53 60 -49 -31 -57 59 -54 -19 -32 -62
right_child=2 3 4 11 5 38 8 13 10 -11 26 -13 -14 16 18 42 17 31 19 -21 21 -23 -24 28 29 -27 -28 -29 40 30 52 -33 -34 34 -36 -37 47 -39 -40 -41 41 -43 -44 45 -46 -47 -48 54 -50 -51 -52 -53 58 -55 -56 56 -58 -59 -60 -61 61 -63
leaf_value=0.0033830884244266468 -0.0006799975555011801 0.0022109049258945911 -0.0016843972178990432 0.0015082045402773541 0.000189053790021136 -0.00088320692801335463 0.00032397083891156741 0.00088810984893176027 -4.4376803704653871e-05 0.0010350617085413403 -0.00018679045620522073 7.5584455576510883e-05 0.0013383231995200856 0.00077330927172878261 -5.0182103586522842e-06 -0.00096005804424862101 -0.00030520426990154106 -0.00043226107138651993 0.0012875261939626903 0.00026310436673504251 0.00078346495084931497 -0.00016324705994370459 0.00018710358556883202 0.00048126948069693754 0.0001929998768452705 -0.00097470385605501024 -0.00023760494098366638 -0.0013211521548251364 0.00071807956135984527 5.5546781079134795e-05 -0.00038577281422451484 -0.00049046717624532993 -0.00038862393078848654 0.00016767439964367181 -0.00026614879169241959 0.00058576343751799546 -0.0011590342225607073 -0.00077121784196339499 -0.00029462622346033908 -0.0011432248670384777 0.0015131567712011848 0.00088699597418350385 -0.00040459553003364073 0.00039974376204699597 0.0003804466124374612 -6.0920104122711212e-05 -0.0004425564232599131 -0.00056874410539449536 0.00041286999578374036 -0.00023250551339777366 -0.00026133703169210499 -0.00067855941024212306 -2.1250911796342284e-05 -0.00020732105270117654 -0.00096688487619834673 -0.00055106200031877967 -7.2437666045124664e-05 0.00014570622788686715 -0.00038106026116445444 -0.00011007887690356675 -0.00031304970155161295 -0.00067312886168371608
leaf_weight=202 346 307 223 203 238 253 321 392 250 232 201 386 227 244 279 217 248 205 206 267 363 268 238 280 211 272 224 225 314 437 545 219 321 499 230 301 215 317 236 291 233 342 242 439 544 228 743 359 237 243 244 204 239 379 238 200 404 202 291 743 205 746
leaf_count=202 346 307 223 203 238 253 321 392 250 232 201 386 227 244 279 217 248 205 206 267 363 268 238 280 211 272 224 225 314 437 545 219 321 499 230 301 215 317 236 291 233 342 242 439 544 228 743 359 237 243 244 204 239 379 238 200 404 202 291 743 205 746
internal_value=5.67316e-07 0.00101133 -0.000206008 0.000854199 -0.000432622 5.85021e-05 -0.000489767 0.000101099 -0.000415314 0.00170479 -0.000449682 0.000671542 0.000750095 0.00015929 0.000779847 -0.0010427 0.000106468 7.57106e-05 0.000444254 0.000709258 0.000255272 0.000330732 0.000623285 0.000963787 -0.000361731 -0.000536984 -0.000726257 -0.000802164 0.000869248 -0.000285917 -0.000315241 -4.15652e-05 -8.58648e-06 3.72752e-05 0.000159021 0.000235418 -0.000706213 -0.000446099 -0.000599148 -0.00137801 0.000991446 0.00114073 -0.0006672 0.00041484 0.000541743 0.000242275 -0.00034231 -0.000841737 0.000127703 3.66182e-05 -0.000506857 -0.000434496 -0.000403791 -0.00045608 -0.000727467 -0.000110666 -0.000230923 -0.000122582 -0.000218807 -0.000179749 -0.000519101 -0.000595509
internal_weight=19158 3251 15907 3049 9153 954 8199 6754 7226 539 6905 2510 465 6164 2124 973 5534 5290 752 473 2090 1842 630 1372 5239 1582 1666 1442 1169 3657 3446 3200 2981 2660 1510 1280 1217 1310 489 514 889 575 459 1574 907 667 993 812 979 742 590 405 2405 1875 597 1041 604 1150 530 948 1496 951
internal_count=19158 3251 15907 3049 9153 954 8199 6754 7226 539 6905 2510 465 6164 2124 973 5534 5290 752 473 2090 1842 630 1372 5239 1582 1666 1442 1169 3657 3446 3200 2981 2660 1510 1280 1217 1310 489 514 889 575 459 1574 907 667 993 812 979 742 590 405 2405 1875 597 1041 604 1150 530 948 1496 951
is_linear=0
shrinkage=0.05


Tree=29
num_leaves=63
num_cat=0
split_feature=2 0 0 32 50 55 1 51 49 51 39 56 37 37 56 31 42 2 2 37 5 49 62 12 5 47 56 54 44 57 42 51 49 55 0 54 54 30 44 55 47 48 29 24 26 56 1 0 24 37 58 0 35 26 44 5 55 48 50 55 58 29
split_gain=1.45815 0.465173 0.366746 0.139427 0.133143 0.100596 0.105654 0.0821925 0.0750004 0.069994 0.0693777 0.0669808 0.0727684 0.0521558 0.0516553 0.0463456 0.0480381 0.0448534 0.0442916 0.0417248 0.036216 0.0301878 0.0275253 0.0292262 0.026578 0.0262552 0.0250253 0.0239701 0.0235213 0.0220458 0.0215558 0.0227521 0.0214097 0.0204305 0.0183377 0.0172459 0.0154188 0.0150435 0.0149498 0.0149213 0.0142298 0.0140053 0.0136853 0.01357 0.0131943 0.0127288 0.0116439 0.011271 0.0108335 0.0104246 0.01021 0.00987334 0.0126145 0.00983729 0.00940524 0.00853944 0.00786744 0.00701934 0.00675251 0.00539776 0.00549071 0.00492766
threshold=0.074598149193171967 82416.286596816746 276565.23308262805 2447.6980000000008 0.0047039869394337949 20921.500000000004 2347.1685391351089 -1.0000000180025095e-35 0.018956535452915469 -0.0089721223246857478 8.5000000000000018 7.5000000000000009 51.042058950079642 22.706528894461432 40.000000000000007 8627.5000000000018 3.5000000000000004 0.057741310203749431 0.022479956100049912 63.492722980308621 12950.800000000001 0.055220179213445693 11.315000000000003 0.22499999999999989 13772.600000000002 0.1073957213099699 16.500000000000004 11.500000000000002 1.0000000180025095e-35 3.2613636363636371 1.5000000000000002 -4.9902737161156001e-05 0.030413940278432718 34735.000000000007 604229.96430211433 8.5000000000000018 11.500000000000002 8677.5000000000018 1.5000000000000002 52902.000000000007 78.819450587157135 57.194543114165143 1766.0000000000002 59.500000000000007 52569.500000000007 12.500000000000002 961.75416119266208 397056.63358878478 76.500000000000014 35.00666052330763 0.33908045977011497 378321.79485366173 2504.6325000000002 37145.500000000007 2.5000000000000004 13275.300000000001 68253.000000000015 59.838167097547959 0.0015747448437955715 8807.5000000000018 0.45227272727272733 1121.5000000000002
decision_type=2 2 2 2 2 2 2 2 2 2 2 2 2 2 2 2 2 2 2 2 2 2 2 2 2 2 2 2 2 2 2 2 2 2 2 2 2 2 2 2 2 2 2 2 2 2 2 2 2 2 2 2 2 2 2 2 2 2 2 2 2 2
left_child=2 3 7 -2 15 8 13 -1 -4 -8 17 -6 -13 -7 21 -3 26 28 -15 20 35 22 47 25 30 32 27 39 33 -22 40 -32 -24 46 59 50 37 -33 -30 53 48 -40 -27 44 58 -31 -9 -10 51 -36 -19 56 -53 -17 -12 -35 -20 -45 -21 -25 -61 -18
right_child=1 4 5 -5 11 6 9 10 14 -11 54 12 -14 18 -16 16 61 19 24 43 29 -23 23 34 -26 42 -28 -29 38 45 31 36 -34 55 49 -37 -38 -39 41 -41 -42 -43 -44 57 -46 -47 -48 -49 -50 -51 -52 52 -54 -55 -56 -57 -58 -59 -60 60 -62 -63
leaf_value=-0.00059516043676662131 0.0034067410638819631 -0.00015386812744206207 -0.0012814237518772565 0.0015909069380912182 0.00045248401897364146 0.00032489893069697257 0.0011799364322428686 0.00061183470413661675 -0.00058446516616605579 -7.3263962192868356e-05 -0.00021092520353735553 0.0020425531751620146 0.00096004614147671271 -0.0010629434375468091 -0.0010603573498508868 0.00035637328105726286 0.00029217030802243234 0.0011901548618180433 0.0001365389808961984 -0.00011869683220457675 0.00054485910641247418 -1.3998855895843859e-05 -0.00033400878155225656 -0.00022395040455938382 0.0002210533245129116 -0.00032508494950474767 0.0010793390084020513 0.00023423157548700291 -0.00052984523207118012 0.00026018860262469674 -0.0010042969640359411 -5.5831303496384574e-05 0.00037262302450621524 -0.0001847079379058843 -0.0010011016447826514 0.0004484081769491736 -0.00068279287746733457 -0.0005734904200069954 0.00011237631174706659 0.0010012092907152905 -0.00056849444026682669 -0.00039263120380748548 -0.00075337831498937385 9.4510295266325782e-05 0.00054859311272962826 -0.00023545668549280614 0.00015471264356399904 -0.00097038532007145517 -0.0005448920138052118 -0.00060535177029323985 0.0007010036491944809 -0.00053317065838295614 -0.00010826485253954439 0.00076126014567351767 -0.00064907367112608094 0.00018189827599233857 -0.00019110139061169783 -0.00023171180037960711 0.00022060313484095968 -0.0003100085634120507 -0.00063807413701928283 -1.4614507656836052e-05
leaf_weight=420 201 240 345 223 203 287 201 253 385 250 234 309 312 220 398 262 359 208 362 202 400 342 200 220 205 904 366 318 249 311 213 338 231 424 314 308 374 240 383 340 325 214 235 351 249 222 310 372 207 354 219 306 407 351 257 254 371 311 535 202 346 206
leaf_count=420 201 240 345 223 203 287 201 253 385 250 234 309 312 220 398 262 359 208 362 202 400 342 200 220 205 904 366 318 249 311 213 338 231 424 314 308 374 240 383 340 325 214 235 351 249 222 310 372 207 354 219 306 407 351 257 254 371 311 535 202 346 206
internal_value=5.38949e-07 0.000893637 -0.000212516 0.00245172 0.000691364 -0.000414717 -0.000238844 8.06335e-05 -0.000570927 0.000485258 0.00012879 0.00124094 0.00149868 -0.000323557 -0.000516492 0.00050592 0.000577832 0.000180503 -0.000375717 0.000294792 0.000471087 -0.000463762 -0.000504638 -0.000436777 -0.000330559 -0.000287673 0.000715032 0.000610125 -1.08927e-06 0.000264299 -0.000366537 -0.000537157 4.47196e-05 0.000137503 -0.000599795 0.000733581 -0.00043264 -0.000270776 -0.000204391 0.000735554 -0.000266046 -6.86482e-05 -0.000413451 0.000116357 0.00023392 5.37472e-05 0.000360133 -0.000774112 -0.000206581 -0.000791378 0.000939279 -0.00015815 -0.000290623 0.000588209 -0.000440262 -4.73658e-05 -2.92926e-05 -5.87451e-05 0.000127606 -0.000433157 -0.000517145 0.000180316
internal_weight=19158 3690 15468 424 3266 9154 4306 6314 4848 451 5894 824 621 3855 4503 2442 2202 5403 3568 3316 1668 4105 3763 3006 3348 1570 1637 1271 2087 933 3143 1165 431 1241 1436 735 952 578 846 953 1978 597 1139 1648 986 533 563 757 1653 668 427 1446 713 613 491 678 733 662 737 768 548 565
internal_count=19158 3690 15468 424 3266 9154 4306 6314 4848 451 5894 824 621 3855 4503 2442 2202 5403 3568 3316 1668 4105 3763 3006 3348 1570 1637 1271 2087 933 3143 1165 431 1241 1436 735 952 578 846 953 1978 597 1139 1648 986 533 563 757 1653 668 427 1446 713 613 491 678 733 662 737 768 548 565
is_linear=0
shrinkage=0.05


Tree=30
num_leaves=63
num_cat=0
split_feature=0 27 36 36 50 36 50 0 29 57 39 53 51 56 47 0 32 47 5 46 38 46 39 1 30 33 62 32 48 42 27 42 57 56 36 37 30 60 52 55 57 44 55 40 39 56 30 62 50 36 29 52 54 48 5 62 36 27 1 32 8 39
split_gain=1.26236 0.409345 0.334882 0.173862 0.0978424 0.0868361 0.0795987 0.077508 0.0764724 0.0673107 0.053842 0.0541902 0.0504519 0.0436034 0.0410532 0.0404195 0.0401013 0.0339295 0.0293433 0.0455605 0.0336116 0.0291532 0.0401782 0.0284821 0.0279356 0.0390978 0.0426909 0.0256843 0.0256091 0.0237828 0.0222325 0.0213585 0.0201688 0.0283307 0.0186148 0.0178815 0.0170289 0.0155558 0.014941 0.0151509 0.0144132 0.0124468 0.0215696 0.0121409 0.0120452 0.0117736 0.0125122 0.0114362 0.0110008 0.0107678 0.0103227 0.0102559 0.0126834 0.00896312 0.00956239 0.00859258 0.00842236 0.00803823 0.00793039 0.00757913 0.0075191 0.00734747
threshold=174004.78314121792 26912.500000000004 41.250000000000007 15.15 0.016072960655765061 55.650000000000013 0.0047937678960112027 247042.27167275472 824.50000000000011 3.3030303030303036 12.500000000000002 44.500000000000007 -1.0000000180025095e-35 40.000000000000007 45.780943801321662 1261393.5514122585 4704.6760000000013 26.441027773562048 12453.200000000003 54.381776283234878 0.20350000000000004 59.323627736645584 3.5000000000000004 899.95852044678531 4972.5000000000009 5168.4750000000013 14.625000000000002 5245.2030000000013 51.867475744928697 1.0000000180025095e-35 43844.500000000007 3.5000000000000004 3.2613636363636371 8.5000000000000018 34.45000000000001 45.917727585546984 9338.0000000000018 0.44501311630720436 2.5000000000000004 49140.000000000007 3.1882352941176477 1.0000000180025095e-35 53919.500000000007 1.0000000180025095e-35 6.5000000000000009 5.5000000000000009 8838.5000000000018 11.965000000000002 0.0024316271466637771 26.350000000000005 1124.5000000000002 8.5000000000000018 9.5000000000000018 28.624759500780609 12882.200000000003 11.265000000000002 46.95000000000001 69931.000000000015 1285.1515156474532 3013.5365000000006 207.05000000000004 2.5000000000000004
decision_type=2 2 2 2 2 2 2 2 2 2 2 2 2 2 2 2 2 2 2 2 2 2 2 2 2 2 2 2 2 2 2 2 2 2 2 2 2 2 2 2 2 2 2 2 2 2 2 2 2 2 2 2 2 2 2 2 2 2 2 2 2 2
left_child=1 -1 7 9 5 18 12 21 -8 17 13 -12 -5 15 -10 27 -17 -3 19 -4 36 41 37 28 25 26 -9 29 -14 50 -26 45 34 -34 -32 -15 43 49 -24 60 -31 42 -2 51 55 -25 -47 56 58 -23 -7 -20 -53 -43 59 -42 -21 -45 -38 -55 -40 -36
right_child=2 3 4 6 -6 10 8 24 14 -11 11 -13 23 35 -16 16 -18 -19 20 47 -22 22 38 31 30 -27 -28 -29 -30 40 32 -33 33 -35 61 -37 48 -39 39 -41 44 53 -44 57 -46 46 -48 -49 -50 -51 -52 52 -54 54 -56 -57 -58 -59 -60 -61 -62 -63
leaf_value=0.0028964714274117625 0.00086213210012220712 0.0015240541837299119 0.00039719372086065882 -0.00040694777141743547 0.00046336429869216379 -0.00014626528089236771 0.00015271136217713568 -1.2541498006198238e-05 0.0015904334417724004 0.0020328847129378836 -0.00065527314238426199 0.00046100428281134329 0.00038848270106047502 -0.0014340292089305498 0.0007006132080155463 -0.0015192066451013293 -0.00058450309864594091 0.000711460847370664 -0.0002927208400882996 -0.00024918190714473624 -0.00085671892151627368 0.00066042213698470746 0.00025430726791390873 0.0004346999079258978 -0.0006356162635786592 -0.00039592505749217588 0.00091866799231542099 -0.00010783850008010631 -0.0002900333165069407 -0.0010470510192520566 0.00010811082626645595 0.00022336079367638747 5.2586497780715072e-06 -0.00058094002770374691 -5.8817147374232869e-05 -0.00081758887423478423 -0.00050603851859451899 -3.5738838772924782e-05 -0.00049833062975195648 0.00013146505680148774 -0.00069595274830332415 -2.4733266387927662e-05 0.00018224180320027894 -0.00066315267667505396 -0.00086808046549476147 0.00054017309214699535 0.00098133229096476651 -5.8001151921988704e-05 -0.00068950103394686661 0.00026955525572702754 -0.0005288545843756073 0.00018906505319116133 -0.00028620646367266065 0.00031797258266361378 0.00020280892294386721 -0.0003370280715252695 -0.00069831229688998523 -0.00022075275114794834 -0.00017741412301200573 0.00073716346107955495 -0.00016081573646872999 -0.00041731272353363186
leaf_weight=221 278 212 352 200 301 296 220 281 344 244 221 214 378 249 208 230 229 326 468 216 322 302 211 345 266 227 219 300 220 281 865 362 345 512 257 223 395 235 343 235 332 206 201 200 381 278 381 291 363 423 436 391 219 230 570 335 202 211 343 203 318 322
leaf_count=221 278 212 352 200 301 296 220 281 344 244 221 214 378 249 208 230 229 326 468 216 322 302 211 345 266 227 219 300 220 281 865 362 345 512 257 223 395 235 343 235 332 206 201 200 381 278 381 291 363 423 436 391 219 230 570 335 202 211 343 203 318 322
internal_value=8.95823e-06 0.000805825 -0.000199604 0.000681556 -0.000420984 -0.000455554 0.000505098 5.16751e-05 0.000940976 0.00134407 -0.000628917 -0.000106116 0.0003496 -0.000697999 0.00125514 -0.000623552 -0.00105287 0.00103166 -0.000292926 -6.7812e-05 -0.000374948 0.000206963 8.10629e-05 0.000426641 -0.000125345 0.000148266 0.000395328 -0.000540088 0.000138861 -0.000603006 -0.000202834 0.000552624 -0.000152804 -0.000344956 -3.87637e-05 -0.00114279 -0.000315052 0.000317782 -0.000124222 -0.000213362 -0.00072906 0.00036113 0.000576834 -0.000204807 -0.000643797 0.000671342 0.000795229 -0.000298675 -0.000464148 0.000432372 -0.000374146 -0.000116649 1.84348e-05 0.000275669 0.000337367 -0.000515683 -0.000466226 -0.000436033 -0.000353304 0.000514499 -0.000335956 -0.000258188
internal_weight=18989 3939 15050 3718 8001 7700 2936 7049 772 782 3727 435 2164 3292 552 2820 459 538 3973 1061 2912 3755 2067 1964 3294 727 500 2361 598 2061 2567 1366 2301 857 1444 472 2590 960 1107 896 1329 1688 479 1489 1048 1004 659 709 1101 725 732 1078 610 1209 1003 667 418 411 738 433 661 579
internal_count=18989 3939 15050 3718 8001 7700 2936 7049 772 782 3727 435 2164 3292 552 2820 459 538 3973 1061 2912 3755 2067 1964 3294 727 500 2361 598 2061 2567 1366 2301 857 1444 472 2590 960 1107 896 1329 1688 479 1489 1048 1004 659 709 1101 725 732 1078 610 1209 1003 667 418 411 738 433 661 579
is_linear=0
shrinkage=0.05


Tree=31
num_leaves=63
num_cat=0
split_feature=2 27 2 36 27 36 50 27 2 29 39 27 39 36 7 62 42 39 52 47 50 42 56 55 48 40 54 29 2 7 46 7 48 56 32 57 29 62 49 26 57 62 32 42 58 32 54 2 26 54 1 0 33 35 48 32 33 52 55 56 57 29
split_gain=1.18244 0.394838 0.356398 0.181902 0.19166 0.0953647 0.0846645 0.0769926 0.0672046 0.0603793 0.0492194 0.0410333 0.0336989 0.0318442 0.0321101 0.04835 0.0284419 0.0274635 0.0270625 0.0302665 0.0266703 0.0261747 0.0270611 0.0251749 0.0236002 0.0228514 0.0221198 0.0220076 0.0205561 0.0203963 0.0199467 0.0233923 0.0213121 0.0188547 0.021467 0.01829 0.0172648 0.0172495 0.0170824 0.0166703 0.0184137 0.0178669 0.0152007 0.0138634 0.0136469 0.0121153 0.0118417 0.0116277 0.0121482 0.0115301 0.0116722 0.0112735 0.0103229 0.0100131 0.0135899 0.00955721 0.00954593 0.00951388 0.00947893 0.00931684 0.00834092 0.00816712
threshold=0.077082483817001154 38015.000000000007 0.054062613358624993 19.850000000000005 29642.500000000004 41.250000000000007 0.016072960655765061 56770.500000000007 0.023882636822320401 862.50000000000011 9.5000000000000018 48444.000000000007 8.5000000000000018 80.550000000000011 176.87950000000004 17.150000000000002 2.5000000000000004 6.5000000000000009 12.500000000000002 22.81990431201849 0.0044265810466427996 3.5000000000000004 24.500000000000004 49140.000000000007 45.613415036450455 1.5000000000000002 21.500000000000004 842.50000000000011 0.09133712917661882 187.03250000000003 76.775561268375895 173.35400000000001 66.520537048407959 19.000000000000004 5067.6360000000013 3.7386363636363638 1072.5000000000002 11.315000000000003 0.070037749686999842 53260.000000000007 3.7386363636363638 12.645000000000001 3573.6160000000004 1.0000000180025095e-35 0.30535714285714294 2670.4540000000002 1.0000000180025095e-35 0.058509685356956165 51655.500000000007 5.5000000000000009 1173.548103635997 319285.42727238114 2644.7340000000004 3069.3110000000001 42.886535057220378 3689.0210000000006 3093.4825000000005 12.500000000000002 18400.500000000004 51.500000000000007 3.5857142857142863 1427.5000000000002
decision_type=2 2 2 2 2 2 2 2 2 2 2 2 2 2 2 2 2 2 2 2 2 2 2 2 2 2 2 2 2 2 2 2 2 2 2 2 2 2 2 2 2 2 2 2 2 2 2 2 2 2 2 2 2 2 2 2 2 2 2 2 2 2
left_child=2 3 5 4 -2 18 8 12 17 -6 11 27 20 14 15 16 61 29 30 36 25 22 26 24 33 38 47 -3 56 -7 31 -1 -32 34 43 49 -20 52 53 40 41 -33 -19 -16 -22 -45 -41 -9 58 50 -13 -21 -26 -4 -55 -39 -29 -47 -49 -25 -23 -10
right_child=1 10 7 -5 9 6 -8 21 13 -11 -12 35 -14 -15 23 -17 -18 42 19 51 44 60 -24 59 37 -27 -28 28 -30 -31 32 39 -34 -35 -36 -37 -38 55 -40 46 -42 -43 -44 45 -46 57 -48 48 -50 -51 -52 -53 -54 54 -56 -57 -58 -59 -60 -61 -62 -63
leaf_value=0.00033170059648152047 0.0033875671699422532 0.00041133944522726634 7.1217592208802773e-06 0.0007044817903699203 0.001037148822008724 -0.00087048992283548881 0.00036772679534044224 -0.00017982367643175822 -8.6456641025441211e-05 0.0021744255470195844 -0.00016324102966336796 0.00088266855928082486 -0.00026821204155082039 -0.0010332876121859607 -0.00011779068434012101 0.00050376645175726127 -0.0007920511657674422 -0.00087059749722159362 0.00073609358707278671 8.6915693803740171e-05 0.00098913893357698381 -8.9970153158194278e-05 0.00041507020255441884 -0.00034677481081522632 -0.00068858396160757481 0.00073048323551616211 -0.00042338804768311008 0.00051721262589735366 0.0013102445001665947 -0.0015002905908853127 -0.00077622236359227263 -0.0001162868660761898 -0.00020770189395542685 -0.00081085030390059686 0.00012689624704389073 4.9127532571630233e-06 0.00010336633891307026 -0.00043997818516683612 0.00044065162673640775 -0.00071872984364918446 -0.00046986145271020918 0.00045189783667250167 -0.00028789217984079551 -0.00026549302049401875 0.0004893917652755512 -0.00043875888504616399 -0.00022643238350816345 -0.00028815180327364942 0.00036262644824343039 0.0002708768948753595 0.00037331049921340311 -0.00039309103121083284 -0.0011117612492051578 0.00061099604161843411 6.9679617009846652e-05 -0.00083836215726566148 0.0009980141301354046 -0.00086797892120975316 0.00010702063320657137 7.5255559757718737e-06 -0.00047261862038563897 -0.00044732637280109008
leaf_weight=240 219 227 774 308 238 329 296 462 602 229 240 257 225 209 267 212 248 230 207 231 208 225 390 842 274 253 317 209 279 211 285 430 391 254 207 248 225 552 611 210 214 204 218 275 398 234 292 200 351 327 200 260 304 201 274 207 204 288 629 238 388 212
leaf_count=240 219 227 774 308 238 329 296 462 602 229 240 257 225 209 267 212 248 230 207 231 208 225 390 842 274 253 317 209 279 211 285 430 391 254 207 248 225 552 611 210 214 204 218 275 398 234 292 200 351 327 200 260 304 201 274 207 204 288 629 238 388 212
internal_value=8.51031e-06 0.000887407 -0.000168615 0.00171393 0.00216715 -0.000352027 -0.000459028 0.000138769 -0.000497188 0.00159483 0.000512437 0.000595555 0.000319849 -0.000428113 -0.000403864 -0.000185644 -0.000323266 -0.000876468 -0.000126918 0.000101303 0.000368512 -4.1211e-05 3.47179e-05 -0.00047439 -0.00055201 0.00028465 -4.10031e-05 0.000838547 0.000978686 -0.00111658 -0.000219879 -0.000123151 -0.000447389 -0.000417572 -0.000338978 0.00037917 0.000406548 -0.000705353 0.000224007 -0.000204013 -6.88285e-05 6.6536e-05 -0.000587049 -0.000429613 0.000660922 -0.000534075 -0.000432374 3.28191e-05 0.000116074 0.000497557 0.000659755 -0.000167263 -0.000911155 0.000118026 0.000298742 -0.000548628 0.000754703 -0.00067557 1.16835e-05 -0.000268698 -0.000332169 -0.000180442
internal_weight=18989 3185 15804 994 686 9898 6709 5906 6413 467 2191 1951 2944 5425 5216 1274 1062 988 3189 923 2719 2962 2349 3942 2862 2113 1959 919 692 540 2266 1590 676 1525 1271 1032 432 1337 1860 1350 848 634 448 1064 606 797 502 1642 1180 784 457 491 578 1249 475 759 413 522 829 1080 613 814
internal_count=18989 3185 15804 994 686 9898 6709 5906 6413 467 2191 1951 2944 5425 5216 1274 1062 988 3189 923 2719 2962 2349 3942 2862 2113 1959 919 692 540 2266 1590 676 1525 1271 1032 432 1337 1860 1350 848 634 448 1064 606 797 502 1642 1180 784 457 491 578 1249 475 759 413 522 829 1080 613 814
is_linear=0
shrinkage=0.05


Tree=32
num_leaves=63
num_cat=0
split_feature=28 2 27 2 55 28 51 0 2 27 47 39 39 24 42 35 48 39 55 0 56 44 55 47 35 27 48 46 29 42 28 48 39 56 58 5 27 62 33 62 40 55 33 48 4 2 2 27 35 56 5 62 47 28 44 29 58 29 38 55 46 33
split_gain=1.10265 0.409779 0.347111 0.1101 0.0862879 0.0845763 0.0673214 0.0620515 0.0609963 0.0556761 0.0531141 0.0466907 0.0445095 0.0344597 0.033299 0.0317608 0.030985 0.0301915 0.0326978 0.029998 0.0291065 0.0272065 0.0297661 0.0248503 0.0246262 0.0265641 0.0229659 0.0206707 0.0272384 0.0201151 0.01997 0.019852 0.0188075 0.0177329 0.0171972 0.0168318 0.0161036 0.0158511 0.0150692 0.0141395 0.0136668 0.0130422 0.0127742 0.0119237 0.011604 0.0111058 0.010431 0.0240308 0.0101695 0.00958155 0.0109095 0.00916669 0.00887648 0.00872015 0.0102637 0.00785154 0.00738484 0.0102535 0.0068651 0.00677601 0.00648264 0.00631235
threshold=116250.00000000001 0.055292577837563008 27817.500000000004 0.12948224926333932 20921.500000000004 978850.00000000012 -0.00011818813013220185 215438.47726003549 0.038305308074121046 58384.500000000007 0.21485288836657487 9.5000000000000018 7.5000000000000009 56.500000000000007 3.5000000000000004 3258.1000000000008 49.702073403551601 2.5000000000000004 42270.500000000007 144016.67525470123 6.5000000000000009 1.0000000180025095e-35 8807.5000000000018 10.764166378995435 3181.0380000000009 47741.500000000007 73.952062604917941 51.393405333969348 845.50000000000011 2.5000000000000004 265650.00000000006 36.818510158275721 6.5000000000000009 19.000000000000004 0.30535714285714294 12089.500000000002 72894.500000000015 11.265000000000002 2323.8720000000008 11.175000000000002 2.5000000000000004 21467.500000000004 4228.7760000000007 71.325588268058297 0.49500000000000005 0.071095697613685685 0.044658470762194417 43844.500000000007 3341.6015000000007 24.500000000000004 13221.800000000001 12.115 62.782694941170277 622150.00000000012 1.5000000000000002 974.50000000000011 0.33908045977011497 1108.5000000000002 0.15650000000000006 99033.500000000015 58.152223063190057 2949.1890000000008
decision_type=2 2 2 2 2 2 2 2 2 2 2 2 2 2 2 2 2 2 2 2 2 2 2 2 2 2 2 2 2 2 2 2 2 2 2 2 2 2 2 2 2 2 2 2 2 2 2 2 2 2 2 2 2 2 2 2 2 2 2 2 2 2
left_child=2 4 -1 12 8 9 31 11 13 10 -6 14 19 21 20 -15 23 49 38 27 45 22 -2 -10 32 -26 35 28 -4 46 -25 -3 51 53 -18 -9 55 -33 -19 -16 41 -40 -27 -36 -20 -8 47 -12 -21 -11 59 52 -22 54 -23 -37 -57 -58 -38 -51 -48 -32
right_child=1 6 3 -5 5 -7 7 26 16 17 29 -13 -14 15 39 -17 34 18 44 48 24 33 -24 30 25 42 -28 -29 -30 -31 61 37 -34 -35 43 36 58 -39 40 -41 -42 -43 -44 -45 -46 -47 60 -49 -50 50 -52 -53 -54 -55 -56 56 57 -59 -60 -61 -62 -63
leaf_value=0.0029402889926552437 0.00020267005105606154 -0.00072737521759201162 0.00045236222252946013 0.0019090499607062172 0.0007342872394615306 0.00080757341488539927 6.942054041166592e-05 0.00045909022492196527 0.00025360422878731634 -0.0003186915764347199 -0.00060087751626794602 -0.00028005342171667492 9.6818811824441364e-05 -0.0012665408300783164 -0.0002324567384615269 -0.00051087262681944086 -0.00012495587746478976 -0.00091076885855900834 -0.00033416737057943418 0.00035750094077957335 0.00057918363718501237 -0.00071536898093079761 -0.00050148323623964476 6.8918635017853967e-05 0.0012654755681423568 0.00083667688283185272 -0.00032060786914612713 0.001319821834441658 0.0011458799145789033 -0.0004578395447413327 -0.00061796461285266568 -0.000431944600525196 0.0008731879805397839 -0.0010545927269142304 -0.00049011734248849892 -0.00012718757183225872 -2.2601637683985775e-05 0.00019444448945834476 -0.00045312827867394266 0.00027065412679250781 -0.00028811727229209946 -0.00090064714968320916 0.00032149811775466727 -0.00094338603391793871 6.7770141429980815e-05 0.00040592735603404344 -7.2504723244738847e-05 3.6257606082121606e-05 0.00080857368049485918 4.3762092716275974e-05 0.00027784076076137529 9.3828713469852192e-05 0.00019092966705339914 -0.00083602152052186145 -0.00035097521920532333 0.00038421702296200866 0.00038139037005485211 -5.173826449730207e-05 -0.00040099574528634047 -0.00033286492886912722 0.00026165145776377269 -0.00028264585711042402
leaf_weight=225 210 202 265 222 213 205 432 278 332 453 208 266 242 364 240 225 235 315 596 325 437 337 526 310 231 280 392 331 304 324 250 203 212 255 515 226 248 201 356 334 404 300 211 202 257 567 236 513 203 227 210 252 222 269 453 348 207 402 232 252 377 320
leaf_count=225 210 202 265 222 213 205 432 278 332 453 208 266 242 364 240 225 235 315 596 325 437 337 526 310 231 280 392 331 304 324 250 203 212 255 515 226 248 201 356 334 404 300 211 202 257 567 236 513 203 227 210 252 222 269 453 348 207 402 232 252 377 320
internal_value=8.0848e-06 -0.000126879 0.00108371 0.000862924 -0.000324962 -0.000188717 0.000179653 0.000230243 -0.000479447 -0.000227686 -8.97259e-06 0.00035802 0.000723858 -0.000640799 0.000407677 -0.000977873 -0.000282678 -0.000349114 -0.00045626 0.000830121 0.000477789 -0.000543952 -0.00030057 -0.000114997 0.000595491 0.000823311 2.84718e-05 0.00100565 0.000822888 -0.000104458 -0.00025406 -0.000322659 0.000449021 -0.000680276 -0.000496154 9.89712e-05 3.87709e-05 -0.000120301 -0.000607127 6.02942e-05 -0.000516894 -0.000657786 0.000615286 -0.000617816 -0.000213068 0.000260411 -1.86289e-05 -0.000147548 0.000530925 -0.000140078 -2.26436e-05 0.000350312 0.000448391 -0.000590143 -0.000506419 0.00013788 0.000200477 9.54828e-05 -0.000205492 -0.00015438 0.000133004 -0.000429715
internal_weight=18989 16872 2117 1892 10249 5446 6623 6017 4803 5241 1871 3684 1670 2639 3418 589 2164 3370 2228 1428 2844 2050 736 1212 1845 722 2333 900 569 1658 880 606 1123 1314 952 1941 1663 404 1375 574 1060 656 491 717 853 999 1334 721 528 1142 689 911 659 1059 790 1183 957 609 480 479 613 570
internal_count=18989 16872 2117 1892 10249 5446 6623 6017 4803 5241 1871 3684 1670 2639 3418 589 2164 3370 2228 1428 2844 2050 736 1212 1845 722 2333 900 569 1658 880 606 1123 1314 952 1941 1663 404 1375 574 1060 656 491 717 853 999 1334 721 528 1142 689 911 659 1059 790 1183 957 609 480 479 613 570
is_linear=0
shrinkage=0.05


Tree=33
num_leaves=63
num_cat=0
split_feature=28 2 2 30 36 50 51 25 36 29 28 50 44 62 2 8 30 33 44 5 5 31 28 50 51 39 59 39 30 53 50 2 1 44 36 57 40 37 28 1 41 46 2 50 52 52 54 1 54 25 32 40 34 37 1 43 2 62 46 33 39 57
split_gain=0.995146 0.369825 0.281239 0.12537 0.0864516 0.0729714 0.0607576 0.0571688 0.0478005 0.0410547 0.0426863 0.0335886 0.0324256 0.0425768 0.0462043 0.0321894 0.0305288 0.0390539 0.0379794 0.0292546 0.0291471 0.0264596 0.0237106 0.0237372 0.0226544 0.0213079 0.0212636 0.0187288 0.0171527 0.0260735 0.0170269 0.0157694 0.0154287 0.0147459 0.0146933 0.0146515 0.0140076 0.0138381 0.0129389 0.0128041 0.012368 0.0120158 0.0117295 0.0115431 0.0112959 0.0110841 0.0146809 0.0108262 0.00914567 0.00908027 0.00893287 0.00865331 0.00821221 0.00773172 0.00745899 0.00742562 0.00724556 0.00669689 0.00668686 0.00627786 0.0062698 0.00605876
threshold=116250.00000000001 0.055292577837563008 0.12948224926333932 4679.5000000000009 41.550000000000004 0.016072960655765061 -0.00011818813013220185 982.50000000000011 32.250000000000007 824.50000000000011 93100.000000000015 0.0040717569583957969 1.0000000180025095e-35 14.765000000000002 0.029606820293719284 208.90000000000003 4972.5000000000009 5168.4750000000013 1.0000000180025095e-35 12772.600000000002 12827.250000000002 12964.000000000002 258000.00000000003 0.0020915076879853716 -0.00020062473000498346 10.500000000000002 0.70961525578975826 8.5000000000000018 10164.000000000002 83.500000000000014 0.0044265810466427996 0.081653582100678121 1205.3005165344073 1.5000000000000002 22.150000000000002 3.2613636363636371 1.0000000180025095e-35 65.955655579554445 269900.00000000006 991.01426273394156 1.0000000180025095e-35 62.603829049699733 0.084826541140012438 0.0020915076879853716 2.5000000000000004 8.5000000000000018 1.5000000000000002 1104.0809347349016 1.0000000180025095e-35 105.50000000000001 3824.5925000000002 1.0000000180025095e-35 3208.9500000000003 60.882119801156179 1790.2864662417394 1.0000000180025095e-35 0.077491391310626281 11.515000000000002 58.284154202829924 3056.7915000000007 2.5000000000000004 3.3030303030303036
decision_type=2 2 2 2 2 2 2 2 2 2 2 2 2 2 2 2 2 2 2 2 2 2 2 2 2 2 2 2 2 2 2 2 2 2 2 2 2 2 2 2 2 2 2 2 2 2 2 2 2 2 2 2 2 2 2 2 2 2 2 2 2 2
left_child=2 4 3 -1 16 7 30 12 20 49 -11 27 28 14 40 26 17 21 22 42 33 -2 23 -18 55 41 50 32 29 45 -3 35 39 34 -8 59 38 -34 -26 -10 54 -20 -12 -38 -37 -6 -47 53 -43 -5 -15 -46 -29 -35 -14 -16 -49 -39 -41 -22 -30 -21
right_child=1 6 -4 9 5 -7 8 -9 11 10 19 -13 13 15 24 -17 18 -19 25 61 31 -23 -24 -25 36 -27 -28 52 60 -31 -32 -33 37 47 -36 44 43 57 -40 58 -42 48 -44 -45 51 46 -48 56 -50 -51 -52 -53 -54 -55 -56 -57 -58 -59 -60 -61 -62 -63
leaf_value=0.0017459053213379706 0.00012127010968470131 -0.00049462921670417046 0.0023539976420298807 0.00040095544616719112 -0.00020747244392883398 0.00035484507359380668 0.0010303305834958741 -0.0012122118313848834 -0.00014517545682724971 0.0013905618613018237 0.00065201565831041902 0.00051722055916493222 -0.00055920263796547295 8.1770364873865563e-07 -0.00091535924959541782 -0.00060744860035450788 0.00060313711965136467 -0.00036361934536656318 -0.00025965715450944565 0.00049282172393369755 0.0001478079904278015 0.00085715966017406095 -0.00040327410967138885 2.396314064699922e-06 -0.00015194945455868523 1.6699897407885743e-06 -0.00036050404786333801 -0.0005429464718945383 -0.00029229623140062403 -0.00062358388878529475 6.6901122453838141e-05 0.00051655288886449545 -0.00040571829466205334 0.00075959941017049145 0.00051902005582031335 0.00031004960156948342 -0.00038277868635619103 -9.5076904340006508e-05 -0.00043466161605756166 0.00045044130938838372 -0.0011757383570654514 -0.00085323027097092957 0.0011736564452317314 -0.00083306760520996661 3.9329975722759996e-05 0.00047027594673371587 -6.6430817694893986e-05 -1.5589511254486001e-05 -0.00046361345100798935 -7.4316021120466756e-05 0.00046302353139981279 -0.00035151246910812979 -0.00010025791513974335 0.00033287548575863541 -0.0009567460175711524 -0.00057114733605089895 0.00040377565124001156 0.00021265478902088178 0.0001416565761702045 0.00044014762445492386 -0.00066251563519871364 0.00012527560527402938
leaf_weight=282 292 403 337 202 406 297 216 235 201 213 231 349 238 219 307 318 205 225 422 238 336 210 272 831 642 311 251 200 221 212 203 354 244 219 402 216 275 439 1095 378 280 233 202 295 366 206 334 207 426 200 200 231 220 206 234 320 205 296 327 405 237 212
leaf_count=282 292 403 337 202 406 297 216 235 201 213 231 349 238 219 307 318 205 225 422 238 336 210 272 831 642 311 251 200 221 212 203 354 244 219 402 216 275 439 1095 378 280 233 202 295 366 206 334 207 426 200 200 231 220 206 234 320 205 296 327 405 237 212
internal_value=7.68056e-06 -0.000120535 0.00102953 0.000778769 -0.000308714 -0.000411638 0.00017067 -0.000446526 0.000218731 0.000596705 0.000755232 6.00919e-05 -0.000417919 -0.000484671 -0.000562801 -0.00019319 -0.000103827 0.000183769 -0.000181264 0.000601975 0.000343925 0.000429112 1.21895e-05 0.000121269 -0.000473179 -0.000363044 3.42876e-06 -9.12191e-06 -0.00022485 -0.000122405 -0.000306526 0.000215382 5.81539e-05 0.000512487 0.000697731 0.000146776 -0.000400748 -7.94568e-05 -0.00033017 0.000206852 -0.000912467 -0.000467972 0.000895368 -0.000615823 2.04311e-07 -1.00897e-05 0.000138313 0.000375713 -0.000601369 0.000164502 0.000221441 -0.000111901 -0.000311062 0.000552764 -0.00075629 -0.000739685 0.000193075 2.88531e-05 0.000307218 0.000307589 -0.000483873 0.000319667
internal_weight=18989 16872 2117 1780 10249 6822 6623 6525 6017 1498 1096 2654 6290 4674 3686 988 3427 727 2700 883 3363 502 1308 1036 2934 1392 670 2305 1616 1158 606 1908 1885 1455 618 1554 2307 979 1737 906 752 1081 433 570 813 946 540 837 659 402 419 597 420 425 472 627 412 735 705 741 458 450
internal_count=18989 16872 2117 1780 10249 6822 6623 6525 6017 1498 1096 2654 6290 4674 3686 988 3427 727 2700 883 3363 502 1308 1036 2934 1392 670 2305 1616 1158 606 1908 1885 1455 618 1554 2307 979 1737 906 752 1081 433 570 813 946 540 837 659 402 419 597 420 425 472 627 412 735 705 741 458 450
is_linear=0
shrinkage=0.05


Tree=34
num_leaves=63
num_cat=0
split_feature=28 2 2 48 36 50 2 36 30 29 0 48 48 36 44 30 33 44 50 57 39 58 55 31 48 48 56 44 36 5 28 50 5 58 56 39 26 47 28 48 30 26 5 60 29 46 29 2 57 46 2 56 56 58 58 58 2 2 18 39 52 8
split_gain=0.898119 0.333767 0.259119 0.121584 0.0780226 0.0658567 0.0539016 0.0515248 0.043437 0.037598 0.0318236 0.0306391 0.0377387 0.0294583 0.0290665 0.0275522 0.0352461 0.0342764 0.0275506 0.0297937 0.025172 0.0246563 0.0346224 0.0238798 0.0236165 0.0310424 0.0249958 0.0235915 0.0225701 0.021416 0.0213988 0.0214228 0.0194897 0.0225319 0.0207842 0.0192303 0.0190236 0.0177938 0.0173389 0.0171156 0.0163296 0.0162777 0.0160182 0.0149408 0.0133064 0.0125642 0.010918 0.0108623 0.0108505 0.0108442 0.00920487 0.00917267 0.0106769 0.00962369 0.00923335 0.00819014 0.00804156 0.00701577 0.00686855 0.00680444 0.00613638 0.00500494
threshold=116250.00000000001 0.055292577837563008 0.14266063077991656 26.303320876059637 41.550000000000004 0.016072960655765061 0.023882636822320401 32.250000000000007 4679.5000000000009 824.50000000000011 136599.08733224132 24.460590905995037 60.102917202520381 19.350000000000005 1.0000000180025095e-35 4972.5000000000009 5168.4750000000013 1.0000000180025095e-35 0.0040388528911189181 3.4642857142857149 6.5000000000000009 0.61250000000000016 45292.500000000007 12964.000000000002 38.478470595752647 29.347594785293133 24.500000000000004 1.5000000000000002 76.65000000000002 12142.950000000003 258000.00000000003 0.0020915076879853716 12453.200000000003 0.46256684491978611 3.5000000000000004 10.500000000000002 48405.500000000007 14.997203517828925 153350.00000000003 49.062774367006931 9338.0000000000018 36064.500000000007 12561.200000000003 0.41541978009176911 850.50000000000011 54.381776283234878 1113.5000000000002 0.063472667427930604 3.2613636363636371 62.603829049699733 0.082157883549979979 15.500000000000002 8.5000000000000018 0.46256684491978611 0.41428571428571431 0.44722222222222224 0.06628310262649488 0.049487297060647813 0.315 2.5000000000000004 6.5000000000000009 204.85000000000005
decision_type=2 2 2 2 2 2 2 2 2 2 2 2 2 2 2 2 2 2 2 2 2 2 2 2 2 2 2 2 2 2 2 2 2 2 2 2 2 2 2 2 2 2 2 2 2 2 2 2 2 2 2 2 2 2 2 2 2 2 2 2 2 2
left_child=2 4 3 -1 15 6 20 11 -5 -10 -11 -3 13 -13 24 16 23 30 21 -20 39 22 38 -2 25 -8 41 56 32 59 31 -17 33 37 -34 49 -12 -16 -9 -6 -35 -26 -23 51 -31 -40 -24 -47 -22 -19 61 52 -36 58 -54 -29 -14 -51 -53 -15 -44 -46
right_child=1 7 -4 8 5 -7 14 18 9 10 36 12 27 29 28 17 -18 35 19 -21 48 42 46 -25 26 -27 -28 55 -30 44 -32 -33 34 40 43 -37 -38 -39 45 -41 -42 -43 60 -45 50 47 -48 -49 -50 57 -52 53 54 -55 -56 -57 -58 -59 -60 -61 -62 -63
leaf_value=0.0016384331311174961 0.0001152066028935971 -0.00015467516866432915 0.0026362573971744256 0.0012172917414363094 -0.0012114079074946917 0.00033710281656647149 -0.00024741438288665744 -0.00071236268489760501 8.2193190350232095e-05 0.001010219053043479 0.00016571275056260788 0.0008746237592546246 0.00017194679275371529 0.00048294319620245186 0.00036516225313683868 0.0005729802638269598 -0.00034543838005144306 -0.00024667429967344562 0.00071370334306978546 -9.3726801000824225e-05 -0.0002347003635354292 0.00054084734360052651 0.00046690482401213243 0.00081430167985326127 -0.00015282115186346346 0.00058194367300151999 1.6285293419665932e-05 0.00014205168947794801 -0.00084234959329016292 -9.3855253501249142e-05 -0.00038311040135501095 2.2764990090964985e-06 -6.2494499475365475e-05 -0.0007645467938321934 -0.0005171439750678938 1.5864925736917401e-06 0.00077450453440689869 -0.00022152520807791054 7.031386567760269e-06 -0.0006290825671720231 -0.00015203353916723772 -0.00071295800397472601 -0.0001417666170741808 -0.00080116800985255443 0.00039241265128422595 -0.00056211358790708504 -7.209314836834755e-06 -0.0001607279690222703 -0.00073021166463129415 -0.000722730772878675 0.00062713400852033407 -0.00032471848994469434 -3.5742368480729996e-05 -0.00081662615911823355 -0.00041387002649991705 -0.0002215502396245698 0.00061976250735417348 -0.00039554161229552555 -0.0006535966395948519 0.00088606729405000812 0.00019814966874286594 0.00016777268863076044
leaf_weight=348 292 351 212 244 339 297 248 207 394 388 314 352 200 204 215 205 225 422 263 202 218 222 215 210 200 207 360 244 307 201 272 831 292 227 634 311 217 324 406 201 209 369 255 371 489 311 279 368 224 354 234 360 317 290 329 424 201 305 284 215 277 503
leaf_count=348 292 351 212 244 339 297 248 207 394 388 314 352 200 204 215 205 225 422 263 202 218 222 215 210 200 207 360 244 307 201 272 831 292 227 634 311 217 324 406 201 209 369 255 371 489 311 279 368 224 354 234 360 317 290 329 424 201 305 284 215 277 503
internal_value=7.29653e-06 -0.000114508 0.00097805 0.000793514 -0.000293278 -0.000391056 -0.0004242 0.000162137 0.000604669 0.000490823 0.000666013 0.000289234 0.000336927 0.00045544 -0.000363713 -9.86353e-05 0.000174581 -0.000172201 9.11143e-06 0.000362949 -0.000765626 -5.56659e-05 -0.000156885 0.000407657 -0.000165231 0.000129898 -0.000309777 9.32506e-05 -0.000429762 0.000375509 1.158e-05 0.000115205 -0.000396879 -0.000203684 -0.000462352 -0.000344892 0.000414503 1.24967e-05 -0.00029301 -0.000994653 -0.000470934 -0.000516073 0.000184092 -0.000507519 0.000283226 -0.000213005 0.000199136 -0.000344573 -0.000485819 -0.000444573 0.000345048 -0.000458313 -0.000371377 -0.000577454 -0.000228318 -8.87376e-05 0.000396413 -0.0005713 -0.000469752 0.000689797 3.52199e-05 0.000278508
internal_weight=18989 16872 2117 1905 10249 6822 6525 6623 1557 1313 919 3618 3267 2198 5543 3427 727 2700 3005 465 982 2540 1786 502 1384 455 929 1069 4159 1846 1308 1036 3852 975 2877 1392 531 539 1292 540 436 569 754 2585 1427 1085 494 679 442 1081 1226 2214 1280 934 646 668 401 659 644 419 532 992
internal_count=18989 16872 2117 1905 10249 6822 6525 6623 1557 1313 919 3618 3267 2198 5543 3427 727 2700 3005 465 982 2540 1786 502 1384 455 929 1069 4159 1846 1308 1036 3852 975 2877 1392 531 539 1292 540 436 569 754 2585 1427 1085 494 679 442 1081 1226 2214 1280 934 646 668 401 659 644 419 532 992
is_linear=0
shrinkage=0.05


Tree=35
num_leaves=63
num_cat=0
split_feature=28 2 2 50 50 5 30 2 36 39 2 50 51 36 5 46 40 0 47 51 48 32 27 39 5 57 1 2 42 0 36 58 35 5 58 43 44 48 40 56 2 28 2 56 58 48 47 37 5 28 50 57 5 28 37 48 29 42 30 27 57 38
split_gain=0.818241 0.284804 0.219821 0.0941348 0.0763206 0.116143 0.0746959 0.0635067 0.061109 0.0411851 0.0378744 0.0348044 0.0340672 0.03114 0.0262096 0.0261018 0.024483 0.0295774 0.0241402 0.0235831 0.0303503 0.0232553 0.0232071 0.0220931 0.0214508 0.0200536 0.0192251 0.0182817 0.0178169 0.0175812 0.0174417 0.0173987 0.0169683 0.0159926 0.0151611 0.0151253 0.0137291 0.0110228 0.0107459 0.0107183 0.0106089 0.0133265 0.010425 0.0103474 0.0171991 0.0110928 0.00933224 0.00931544 0.00907268 0.00840154 0.00826887 0.00809622 0.00776121 0.0077792 0.00881839 0.00773029 0.00684079 0.00670308 0.0064334 0.00616967 0.0061074 0.00604831
threshold=132350.00000000003 0.13531345226974792 0.043610164621575333 0.0055801861863337757 0.011239744454495177 13275.300000000001 5743.5000000000009 0.020333974380672682 34.250000000000007 7.5000000000000009 0.084826541140012438 0.0064595149470884194 -0.00025874152365179531 66.15000000000002 12199.550000000001 54.381776283234878 4.5000000000000009 250193.98731812616 14.337972620481919 -0.00051594899279644435 60.102917202520381 4164.3900000000003 46359.000000000007 5.5000000000000009 12950.800000000001 3.2034482758620695 965.60075544137374 0.056397732264546793 3.5000000000000004 907660.90639477491 17.250000000000004 0.33908045977011497 2197.6755000000003 12632.85 0.44722222222222224 1.0000000180025095e-35 1.0000000180025095e-35 79.35135480297177 1.5000000000000002 8.5000000000000018 0.037447103581209083 327900.00000000006 0.065143471296492991 17.500000000000004 0.61250000000000016 39.274290763484622 21.633370379661148 40.659157154608963 12352.450000000003 172250.00000000003 0.002859194416984573 3.6811594202898554 13670.400000000003 269900.00000000006 69.50153786566959 34.919019498317489 874.50000000000011 2.5000000000000004 9789.5000000000018 48606.500000000007 3.2613636363636371 0.14350000000000004
decision_type=2 2 2 2 2 2 2 2 2 2 2 2 2 2 2 2 2 2 2 2 2 2 2 2 2 2 2 2 2 2 2 2 2 2 2 2 2 2 2 2 2 2 2 2 2 2 2 2 2 2 2 2 2 2 2 2 2 2 2 2 2 2
left_child=1 3 4 9 7 -6 -5 21 18 10 27 12 -10 14 15 -9 17 22 23 -20 24 -2 -14 -4 43 -8 -24 -1 48 -7 -12 -15 36 -29 42 50 -16 38 46 55 41 -34 61 44 45 -21 -19 -38 -28 -50 -33 -42 53 -48 -55 -26 -32 -35 -11 -43 -41 -22
right_child=2 -3 8 6 5 29 25 13 11 58 30 -13 16 31 32 -17 -18 37 19 20 34 -23 26 -25 39 -27 28 33 -30 -31 56 35 40 57 -36 -37 47 -39 -40 60 51 59 -44 -45 -46 -47 52 -49 49 -51 -52 -53 -54 54 -56 -57 -58 -59 -60 -61 -62 -63
leaf_value=-9.3111649397623007e-05 -0.0012966874477363536 0.0022372168954253187 0.00015186352181630086 0.0017293220500737916 0.00068480100676761909 -0.0001216192614523892 0.00031978405471240815 0.00038006456134642843 -0.000521738254893915 -0.00022507715687085448 0.0011683342393200848 0.00052316972180042334 0.00059394258253574054 -0.00092582351746642137 4.8239342301400166e-05 -0.00028060528300658726 -0.00059990206297161656 3.6312077501033329e-05 -0.00038797191231978155 -0.00011719276943271296 -0.00021789043265566443 -0.00060725098834634795 -0.00037918913436573874 0.00081951371961042649 0.00048131032505176614 0.00097144996328626899 0.00046008103401666843 0.00077913742242955895 -0.00023700163640278708 -0.00073235159848913088 0.00041000378667521736 -0.00049071888667344865 -0.00085006511738419535 0.00042287719147116303 -0.00026833243252265271 -0.000300990686335448 -0.00063506178236240329 -0.00050902846104551439 0.00019462748816443732 0.00011688148722441838 -0.00014724752785862279 -0.00025538179985643738 0.00037493021901925015 0.00061019707035926078 0.00062430938229069192 0.00033453123299496241 -0.00018632131443959397 -0.0002224893499453414 0.0003098466744524788 -5.2117911128966554e-05 -0.00093839443259537191 -0.00050748112804849114 2.1666693988734947e-05 -0.00066404410924049385 -0.0002591679059084775 8.0990002901719916e-05 0.00079203190682320215 0.00010850615178531378 0.00016552969802256852 -0.00054245216909015032 -0.00017379340508360164 0.00010276579123030536
leaf_weight=203 282 279 270 266 391 204 211 234 543 217 222 201 201 342 317 414 234 397 243 252 258 216 249 229 222 268 263 244 291 279 201 200 303 484 556 443 202 233 208 336 346 248 209 350 254 295 898 424 293 354 213 284 255 227 330 264 281 261 205 763 391 342
leaf_count=203 282 279 270 266 391 204 211 234 543 217 222 201 201 342 317 414 234 397 243 252 258 216 249 229 222 268 263 244 291 279 201 200 303 484 556 443 202 233 208 336 346 248 209 350 254 295 898 424 293 354 213 284 255 227 330 264 281 261 205 763 391 342
internal_value=-2.75473e-06 0.000707852 -0.00015351 0.000568546 -0.00038831 4.41885e-05 0.00105748 -0.000460572 -4.93462e-06 0.000411404 0.000510835 -0.000121876 -0.000147932 -0.000404061 -0.0003294 -4.20301e-05 -0.000102144 -7.4405e-05 0.000130472 8.92924e-05 0.000120393 -0.000997655 9.04504e-05 0.00045826 0.000228785 0.00068439 2.06559e-05 0.000339094 0.000103555 -0.000474403 0.000801622 -0.000624368 -0.000393902 0.000427808 -6.73277e-05 -0.000503926 -0.000219858 -0.000181225 -0.000148232 8.20702e-05 -0.000478327 -0.000559205 7.08165e-05 0.000383404 0.000284306 0.000126424 -0.000182078 -0.00035562 0.000212458 0.000111801 -0.000721602 -0.000309639 -0.000232781 -0.000277375 -0.000424171 0.000263852 0.000632721 0.000312742 -3.53274e-05 -0.000472033 -3.94512e-05 -3.51164e-05
internal_weight=19095 3342 15753 3063 6105 874 745 5231 9648 2318 1896 5177 4976 4733 3535 648 4433 4199 4471 3972 3729 498 1651 499 2364 479 1450 1192 1201 483 704 1198 2887 989 1365 856 943 2548 2315 1213 1944 1314 809 1151 801 547 2107 626 910 647 413 630 1710 1455 557 486 482 745 422 1011 727 600
internal_count=19095 3342 15753 3063 6105 874 745 5231 9648 2318 1896 5177 4976 4733 3535 648 4433 4199 4471 3972 3729 498 1651 499 2364 479 1450 1192 1201 483 704 1198 2887 989 1365 856 943 2548 2315 1213 1944 1314 809 1151 801 547 2107 626 910 647 413 630 1710 1455 557 486 482 745 422 1011 727 600
is_linear=0
shrinkage=0.05


Tree=36
num_leaves=63
num_cat=0
split_feature=2 2 27 29 27 2 28 27 36 5 1 44 48 28 30 55 5 35 2 42 55 40 36 50 48 46 55 25 28 27 49 31 51 40 49 47 0 29 30 33 22 47 46 48 28 42 38 36 25 42 47 0 30 50 37 35 34 53 27 40 35 50
split_gain=0.745535 0.332075 0.149001 0.095031 0.092291 0.07675 0.0813475 0.0743544 0.0559214 0.0412225 0.0576232 0.0380471 0.0358715 0.0298224 0.0275732 0.0268618 0.0255765 0.0251022 0.0239681 0.023523 0.0207235 0.0202143 0.0197264 0.0189994 0.0185283 0.0180133 0.018513 0.0179277 0.0178128 0.0155607 0.0155405 0.0150904 0.0139935 0.0138308 0.0137813 0.0127233 0.0124805 0.0153738 0.012103 0.0111758 0.0103945 0.0101264 0.00987669 0.00973198 0.00957352 0.00887886 0.00805411 0.00857672 0.0078078 0.00771906 0.0110198 0.00730856 0.00729963 0.00696963 0.00686457 0.00680137 0.00655948 0.00617734 0.0070047 0.00537175 0.00507777 0.00503004
threshold=0.092482694969328288 0.053901929190902732 31760.000000000004 845.50000000000011 49682.500000000007 0.021748734020547403 891950.00000000012 38015.000000000007 54.050000000000004 13545.300000000001 2476.3005654958861 1.0000000180025095e-35 30.23989167230835 167050.00000000003 4972.5000000000009 6912.0000000000009 12453.200000000003 3525.5110000000004 0.069762640275984514 2.5000000000000004 9591.5000000000018 8.5000000000000018 77.450000000000017 0.0039137981633477594 28.79125588354016 31.534787462536979 18618.500000000004 222.50000000000003 684000.00000000012 47140.000000000007 0.033022696821905013 13194.000000000002 -0.0089721223246857478 1.0000000180025095e-35 0.043739048706018295 31.948033266119591 218751.83470537551 945.50000000000011 9109.0000000000018 4484.1600000000008 57.000000000000007 3.9264438622240525 61.49457580550736 61.837648944680822 223950.00000000003 1.0000000180025095e-35 0.15250000000000005 26.750000000000004 112.50000000000001 3.5000000000000004 49.675614236517411 665369.50111335458 11000.500000000002 0.0028753568755721863 68.336754606841907 2106.7925000000005 2344.2115000000008 11.500000000000002 49982.000000000007 1.0000000180025095e-35 3540.5950000000007 0.0025413295713147847
decision_type=2 2 2 2 2 2 2 2 2 2 2 2 2 2 2 2 2 2 2 2 2 2 2 2 2 2 2 2 2 2 2 2 2 2 2 2 2 2 2 2 2 2 2 2 2 2 2 2 2 2 2 2 2 2 2 2 2 2 2 2 2 2
left_child=1 5 -2 -4 12 9 8 -5 11 10 -1 20 23 36 16 -14 -13 31 40 25 -7 -19 28 -3 -21 -15 -27 38 32 -9 -18 54 -10 56 -33 -20 37 -6 57 49 -17 -34 -32 52 -36 51 47 -42 -37 50 -39 -43 -26 60 -16 -52 -28 -22 -59 -57 -47 -40
right_child=2 4 3 7 13 6 -8 29 22 -11 -12 14 15 19 17 18 30 21 35 24 27 -23 -24 -25 43 26 33 -29 -30 -31 42 34 41 -35 44 48 -38 39 61 -41 46 45 -44 -45 -46 53 -48 -49 -50 -51 55 -53 -54 -55 -56 59 -58 58 -60 -61 -62 -63
leaf_value=-0.00092397847815905087 0.0020196948349867328 0.00048169054325866592 0.00010552127326876982 0.0019652500954460681 -8.2191279485057059e-05 0.00046878568676309983 0.00075782692112797171 0.0011307026900027356 -0.0007621216321604834 -0.0012842047154268041 3.4286912402118715e-07 0.0004737916150219516 -0.00025506324046341435 0.00046245799144256899 -0.00016412303533851997 -4.5431277261888544e-05 -0.00052505182158719954 -0.00026813696405180647 0.00080812184869334365 -0.00067948821276082947 -6.4983376177212763e-05 0.0002790572732328003 -0.00078375700582013815 0.0011057171541694589 0.00020630107744112208 -0.00034922492992934444 -0.00027423049186478678 -0.00044235417169387597 6.8185302174386762e-05 0.0005408701152132344 -0.00023712660339120142 -0.0008060021580332757 -0.00014458350032645124 0.00036690407729567386 -0.00066200851827435308 0.00018299245286413463 -0.00015454125318020001 0.00066808255701705896 -1.8559883772435635e-05 1.7041436346344512e-05 0.00035337067945003816 -0.0002081576911369434 0.00025373628514439633 -0.00036370511606881106 -0.00021518846591136429 -0.00034464728372683696 0.00054011239586006091 -7.1607234038168044e-05 0.0005144259523275676 7.9528778419367852e-05 7.4830069646565276e-05 -0.0005457490827632227 -0.0001964667182188833 -0.00070621441397867462 -0.00051878727008972895 0.00027042043623398329 4.2737805371958354e-05 0.0004146286572834822 8.2617708831011897e-05 0.00059495677594451958 -0.00061050369557238016 -0.00029235684814381355
leaf_weight=385 355 265 313 201 387 213 201 205 267 237 300 202 200 208 404 346 209 877 273 223 316 209 347 226 208 356 216 254 202 246 208 442 382 283 221 253 281 273 334 348 284 591 202 346 262 525 220 204 597 238 236 220 245 339 206 327 668 248 442 209 273 337
leaf_count=385 355 265 313 201 387 213 201 205 267 237 300 202 200 208 404 346 209 877 273 223 316 209 347 226 208 356 216 254 202 246 208 442 382 283 221 253 281 273 334 348 284 591 202 346 262 525 220 204 597 238 236 220 245 339 206 327 668 248 442 209 273 337
internal_value=-2.61699e-06 -8.77555e-05 0.00114385 0.000821649 0.000153318 -0.000281495 -0.000236667 0.00116543 -0.000259559 -0.000715819 -0.000519166 -0.000164601 0.00037985 2.47167e-05 -0.000267589 0.000299482 -1.47351e-05 -0.000346793 0.000350428 -8.62969e-05 7.3709e-07 -0.00016283 -0.000428165 0.000768921 -0.000276508 2.60058e-05 -3.36015e-05 -5.08913e-05 -0.000384081 0.000808976 -0.000174157 -0.000476946 -0.00041926 6.26812e-05 -0.000604255 0.000511155 0.000157653 0.000201125 8.40008e-06 0.00026835 0.000179179 -0.00037997 4.71316e-06 -0.000164037 -0.000419634 -0.000426129 0.000288947 0.000175716 0.000415776 0.000336514 0.000395043 -0.000299736 -1.15314e-05 -0.000516283 -0.000283895 0.000298489 -3.47115e-05 0.000118102 0.000201949 0.000396965 -0.000435598 -0.00015607
internal_weight=19095 17775 1320 965 7920 9855 8933 652 8732 922 685 5586 2868 5052 3442 2377 821 2621 2177 2753 2144 1086 3146 491 1022 1731 1523 1931 2799 451 619 1535 2597 1167 925 1123 2299 2018 1677 1631 1054 2330 410 799 483 1948 708 488 850 1283 1045 811 453 1137 610 772 884 1006 690 536 798 671
internal_count=19095 17775 1320 965 7920 9855 8933 652 8732 922 685 5586 2868 5052 3442 2377 821 2621 2177 2753 2144 1086 3146 491 1022 1731 1523 1931 2799 451 619 1535 2597 1167 925 1123 2299 2018 1677 1631 1054 2330 410 799 483 1948 708 488 850 1283 1045 811 453 1137 610 772 884 1006 690 536 798 671
is_linear=0
shrinkage=0.05


Tree=37
num_leaves=63
num_cat=0
split_feature=2 2 28 36 2 28 36 36 39 5 28 39 47 39 51 33 5 37 39 51 55 5 48 34 32 47 55 43 2 5 41 36 62 55 59 52 37 32 2 0 55 46 49 42 38 57 62 55 37 43 36 52 40 2 49 5 2 53 34 34 31 33
split_gain=0.672845 0.299698 0.129987 0.0733803 0.0692669 0.0734161 0.050469 0.0428088 0.0422153 0.0372033 0.0487977 0.0312349 0.0336416 0.0292028 0.0249025 0.0241992 0.0235713 0.0339526 0.0292389 0.0273312 0.0234543 0.0331021 0.0238343 0.0280334 0.0203326 0.0201106 0.018621 0.0165891 0.0239387 0.014537 0.0228041 0.0142124 0.0112211 0.0111966 0.0107222 0.0120021 0.0105534 0.0103886 0.0103647 0.0103227 0.0100453 0.0103694 0.00958761 0.00891665 0.00939688 0.00869041 0.00844986 0.00913339 0.00818835 0.00737697 0.00796021 0.00698133 0.00679633 0.00633627 0.00624754 0.00617392 0.00617074 0.00526437 0.00501511 0.00497297 0.00443363 0.00427276
threshold=0.092482694969328288 0.053901929190902732 83050.000000000015 29.350000000000005 0.021748734020547403 891950.00000000012 54.050000000000004 16.450000000000003 6.5000000000000009 13545.300000000001 891950.00000000012 3.5000000000000004 58.351813314040911 12.500000000000002 -0.0089721223246857478 2825.6800000000007 12271.100000000002 31.565250907823458 2.5000000000000004 -0.010522251793427582 45292.500000000007 12045.100000000002 33.199723151190149 3304.5715000000005 3850.8780000000002 48.981847656174445 40912.000000000007 1.0000000180025095e-35 0.069379512001049762 13275.300000000001 1.0000000180025095e-35 21.650000000000002 11.535000000000002 27752.500000000004 0.56557652111296386 2.5000000000000004 69.892912458594125 2682.6920000000005 0.070113826116261865 801599.96570588078 10823.000000000002 58.284154202829924 0.033266107962714127 1.5000000000000002 0.16150000000000006 3.2613636363636371 11.165000000000001 20371.500000000004 62.634961001432067 1.0000000180025095e-35 65.65000000000002 6.5000000000000009 1.0000000180025095e-35 0.039227803263036203 0.065036105888088738 13492.650000000003 0.039227803263036203 7.5000000000000009 2807.1850000000004 3400.9255000000007 13744.500000000002 3221.9940000000006
decision_type=2 2 2 2 2 2 2 2 2 2 2 2 2 2 2 2 2 2 2 2 2 2 2 2 2 2 2 2 2 2 2 2 2 2 2 2 2 2 2 2 2 2 2 2 2 2 2 2 2 2 2 2 2 2 2 2 2 2 2 2 2 2
left_child=1 4 -2 11 9 6 16 -4 -9 10 15 12 31 14 -8 -1 17 -6 29 -20 21 24 23 -23 51 -22 32 28 -13 33 -31 38 52 -18 35 -24 -14 -28 -3 49 -30 57 55 -44 -45 -43 60 61 53 50 59 -5 -21 -19 -27 -34 -51 -42 -41 -16 -37 -48
right_child=2 3 7 20 5 -7 13 8 -10 -11 -12 27 36 -15 39 -17 18 48 19 26 25 22 34 -25 -26 54 37 -29 40 30 -32 -33 42 -35 -36 46 -38 -39 -40 58 41 45 43 44 -46 -47 47 -49 -50 56 -52 -53 -54 -55 -56 -57 -58 -59 -60 -61 -62 -63
leaf_value=-0.0012264767938031584 0.0018984546355107373 0.00059314394331954571 0.001314525167344982 0.00026066300375600593 0.00063997702556698463 0.00071993557235213877 -0.00089544274441176377 0.00092872074992315402 0.00014223965255996373 -0.0012199944805186011 3.8075241047649028e-05 -0.00014285162122745841 0.00032473288432920166 2.1060728989457366e-05 -0.00028502866454240705 -0.00046655451151929648 8.4106950420960721e-05 -0.00016513169666340516 0.00017243649377005882 -0.00046328388003249169 0.00059684598172461852 -0.00017408543040353555 1.3999584997248816e-05 0.00052858868022869702 0.00066232116804216374 -2.0399286127511775e-05 8.7434272077842776e-05 0.00059907175161862287 -6.4052086363859047e-05 -0.00020527479634488088 0.00042463718042763605 0.00044653883100746012 -0.00037634091419398643 -0.0003097815160374121 0.00010243692845226127 -0.00065489013282219095 -0.00013027811772383456 -0.00029410214934975438 0.0010221824787830221 -0.00078861067394239497 0.00030271152234582832 0.0003708879086987602 -0.00039770513210096996 -0.0002927420362209508 0.00013587065443679031 -3.3765812512386981e-05 -0.00024235281083226465 -0.00044372492158355084 -0.00026316590795827236 -0.00036904583458875875 -0.00062610435847510913 -0.00014321230281273307 -0.00081369501201606915 0.00019277010974187985 0.00026493215864440187 -0.00073744670456471798 -9.2301574359525756e-05 0.00062562859193685991 -0.00045341334278186144 -0.00056942586844964513 -0.00037800163818382549 6.5614505049334614e-05
leaf_weight=200 359 299 272 214 201 201 295 378 311 237 265 567 301 354 643 220 294 208 290 362 250 325 296 252 207 520 334 207 213 240 358 606 290 467 211 209 221 383 266 232 237 253 547 298 224 279 213 278 361 451 390 214 224 305 304 200 364 270 215 202 469 239
leaf_count=200 359 299 272 214 201 201 295 378 311 237 265 567 301 354 643 220 294 208 290 362 250 325 296 252 207 520 334 207 213 240 358 606 290 467 211 209 221 383 266 232 237 253 547 298 224 279 213 278 361 451 390 214 224 305 304 200 364 270 215 202 469 239
internal_value=-2.48615e-06 -8.33678e-05 0.00108666 0.000145652 -0.00026742 -0.000224834 -0.000246581 0.000783396 0.00057372 -0.000680028 -0.000493208 0.000307408 0.000465922 -0.000406757 -0.000461 -0.000828422 -0.000156371 5.40279e-05 -0.000206511 -0.000290096 2.45494e-06 -6.67829e-05 -0.000148902 0.000132802 0.000255488 0.000204044 -0.000336964 0.000174948 0.000126683 -1.26463e-05 0.00017183 0.000614734 -0.0004107 -0.000157609 -0.000233781 -0.000275414 0.000132094 -0.000116371 0.000795134 -0.000409674 0.000248749 0.000312874 -0.000340587 -0.000256639 -0.000108816 0.000158673 -0.000336257 -0.000218212 -8.0727e-05 -0.000362203 -0.000439254 5.87254e-05 -0.000597229 4.76559e-05 8.48686e-05 -0.000523731 -0.000245445 0.000474679 -0.000627386 -0.000353015 -0.000463355 -7.95117e-05
internal_weight=19095 17775 1320 7920 9855 8933 8732 961 689 922 685 3719 1693 3146 2792 420 5586 1075 4511 3152 4201 3127 2492 577 635 1074 2862 2026 1819 1359 598 1171 2145 761 1915 1704 522 717 565 2497 1252 1039 1559 1069 522 532 1408 730 874 2050 1235 428 586 513 824 490 815 507 447 845 678 452
internal_count=19095 17775 1320 7920 9855 8933 8732 961 689 922 685 3719 1693 3146 2792 420 5586 1075 4511 3152 4201 3127 2492 577 635 1074 2862 2026 1819 1359 598 1171 2145 761 1915 1704 522 717 565 2497 1252 1039 1559 1069 522 532 1408 730 874 2050 1235 428 586 513 824 490 815 507 447 845 678 452
is_linear=0
shrinkage=0.05


Tree=38
num_leaves=63
num_cat=0
split_feature=28 2 2 48 51 36 39 2 36 5 62 53 55 60 0 47 28 56 51 48 40 47 51 48 56 0 5 62 56 5 60 62 58 31 29 40 56 62 41 56 58 48 51 58 56 58 56 2 1 56 44 1 5 50 1 30 55 42 35 35 1 30
split_gain=0.609312 0.219645 0.164146 0.0780319 0.0626961 0.0452283 0.0432408 0.049252 0.0355483 0.0365534 0.0375775 0.0321687 0.0289893 0.0277627 0.0329557 0.0277176 0.0307899 0.0206245 0.0204935 0.020104 0.019785 0.0192536 0.0206855 0.0240636 0.0202921 0.0172848 0.0170663 0.0157981 0.0251541 0.0148862 0.0141936 0.0136463 0.0126484 0.0125088 0.0112113 0.0110472 0.0105707 0.0103024 0.00958929 0.00904801 0.0148542 0.0100701 0.00904643 0.00878232 0.0173353 0.0120861 0.00873605 0.0080531 0.00779659 0.00775603 0.00774542 0.00748546 0.00666771 0.00647967 0.0062317 0.00604827 0.00968872 0.00646592 0.00595297 0.00592561 0.0053198 0.00520614
threshold=132350.00000000003 0.13531345226974792 0.043610164621575333 18.99343273133579 -0.04781695538079072 34.250000000000007 5.5000000000000009 0.056397732264546793 80.550000000000011 12199.550000000001 17.545000000000005 105.50000000000001 34735.000000000007 0.16341413033680599 1308543.8540232333 21.932101190762236 95550.000000000015 40.000000000000007 -0.00025874152365179531 40.324834854891733 4.5000000000000009 14.337972620481919 -0.00051594899279644435 60.102917202520381 19.000000000000004 250193.98731812616 12950.800000000001 11.345000000000001 11.500000000000002 13670.400000000003 0.42528733994235352 12.975000000000003 0.44722222222222224 18557.000000000004 1065.5000000000002 1.5000000000000002 12.500000000000002 11.205000000000002 1.0000000180025095e-35 17.500000000000004 0.61250000000000016 39.274290763484622 -0.0037656745599807247 0.43650793650793657 13.500000000000002 0.58571428571428574 8.5000000000000018 0.065143471296492991 1196.3637532907471 7.5000000000000009 1.5000000000000002 1075.4972514937519 13221.800000000001 0.0018507514961990598 1550.5739140182793 11231.000000000002 16158.500000000002 2.5000000000000004 3271.6640000000007 1751.6180000000004 1243.1454749052484 11295.000000000002
decision_type=2 2 2 2 2 2 2 2 2 2 2 2 2 2 2 2 2 2 2 2 2 2 2 2 2 2 2 2 2 2 2 2 2 2 2 2 2 2 2 2 2 2 2 2 2 2 2 2 2 2 2 2 2 2 2 2 2 2 2 2 2 2
left_child=1 3 4 -1 -2 21 7 -5 9 10 38 18 13 -11 17 -9 -17 34 -7 -10 25 24 -23 26 -4 31 39 35 -29 42 49 33 47 48 36 -8 -15 50 -6 40 41 -24 -14 44 -36 -45 53 -25 -20 -18 -27 -35 58 -28 -47 56 -39 -57 -51 -44 -58 -34
right_child=2 -3 5 6 8 11 27 15 19 12 -12 -13 29 14 -16 16 30 -19 20 -21 -22 22 23 32 -26 37 46 28 -30 -31 -32 -33 61 51 43 -37 -38 55 -40 -41 -42 -43 59 45 -46 54 -48 -49 -50 52 -52 -53 -54 -55 -56 57 60 -59 -60 -61 -62 -63
leaf_value=0.0014357675653112437 0.00047264144784972236 0.0019539175796311884 0.00073374433587138988 -0.00013295060774636 -0.00038836871250975871 -0.000411286385614759 0.0001523745574040347 0.001100869854004254 -0.00047163799519790034 7.7734993996765361e-05 0.00043273182089905154 0.00049409513804400988 9.0540691573437481e-06 6.6371996397846981e-05 -0.0010339241423343831 0.0010141814380057483 0.00029200763124226229 -0.00083799455219363619 0.00031232983776308901 -0.0011463957303191744 -0.00053716752912606823 -0.00037133388370885127 -0.00013229977391188548 -2.9301593898708237e-05 9.576077869135691e-05 -0.0004467438287546994 0.0004352930814295839 -3.2719965679132365e-05 0.00073515658180936462 8.8283031240925518e-05 8.7330327921351957e-05 -0.00030119333710531204 -0.00037211247662295342 -0.00032836330643191356 -0.0005036693996662351 -0.00032397517532128939 -0.0004244361359431943 -0.00024810537891801197 -5.8886519524996286e-07 0.00055128272024739997 0.00056251636576242056 0.00029809682141896732 -0.00015256130848561819 -0.00080271210571802778 2.6828490971361732e-05 -0.00067808790039300079 -3.928252526649788e-05 0.00033109189940251096 1.053397125150684e-05 0.00056060386575073218 -0.00012934900078494073 9.2107355341630121e-05 0.00038077038011173918 6.8507454850071087e-05 -0.00035061260029452284 -7.4960918377394939e-05 -7.9393834354141553e-05 -0.00042523332878335917 0.00092542554655399099 -0.00043972475219198357 0.00017215675330335147 -6.0395921570792179e-05
leaf_weight=203 231 279 242 229 453 575 284 282 228 207 281 215 200 215 283 294 250 323 663 214 238 243 252 600 257 422 220 207 220 327 228 227 331 204 466 213 224 337 246 350 254 295 246 340 230 201 727 209 316 246 353 220 202 266 524 314 359 227 205 666 507 225
leaf_count=203 231 279 242 229 453 575 284 282 228 207 281 215 200 215 283 294 250 323 663 214 238 243 252 600 257 422 220 207 220 327 228 227 331 204 466 213 224 337 246 350 254 295 246 340 230 201 727 209 316 246 353 220 202 266 524 314 359 227 205 666 507 225
internal_value=-2.36184e-06 0.000610847 -0.000132454 0.000488511 -0.000335353 -4.06505e-06 0.000421275 0.000555588 -0.000367128 -0.000332041 -5.559e-05 -0.00010467 -0.000392896 -0.00048107 -0.000522293 0.000647958 0.000558329 -0.000464905 -0.000130614 -0.000798331 -9.38268e-05 0.000112426 7.56498e-05 0.000104777 0.000405164 -6.83953e-05 0.000201293 0.000139858 0.000362907 -0.000208275 0.000439832 5.84724e-05 -6.23744e-05 0.000116665 -0.000410128 -5.17753e-05 -0.000184063 -0.000150489 -0.000251897 0.000339207 0.00024654 9.98154e-05 -0.000295482 -0.000466484 -0.000328361 -0.00055675 7.04279e-05 6.38038e-05 0.000214917 0.000528835 -0.000302176 -0.000110195 0.000619504 0.000234542 -0.000441402 -8.30826e-05 -2.06404e-05 -0.000221933 0.000726432 -0.000362266 6.78765e-05 -0.000245968
internal_weight=19095 3342 15753 3063 6105 9648 2860 1936 5874 5432 980 5177 4452 3013 2806 1707 1425 2523 4962 442 4387 4471 3972 3729 499 4149 2364 924 427 1439 1131 1630 1365 1403 2200 497 439 2519 699 1151 801 547 1112 1761 696 1065 1213 809 979 903 775 424 653 486 725 1744 1203 541 451 912 866 556
internal_count=19095 3342 15753 3063 6105 9648 2860 1936 5874 5432 980 5177 4452 3013 2806 1707 1425 2523 4962 442 4387 4471 3972 3729 499 4149 2364 924 427 1439 1131 1630 1365 1403 2200 497 439 2519 699 1151 801 547 1112 1761 696 1065 1213 809 979 903 775 424 653 486 725 1744 1203 541 451 912 866 556
is_linear=0
shrinkage=0.05


Tree=39
num_leaves=63
num_cat=0
split_feature=28 27 36 27 35 55 28 28 49 37 36 47 39 56 38 30 5 43 54 55 0 1 39 27 41 47 38 27 44 5 38 33 54 54 39 33 49 35 49 30 60 46 12 47 28 54 47 55 35 56 5 34 44 46 31 32 33 29 27 47 22 36
split_gain=0.551235 0.215755 0.192391 0.0612941 0.0578201 0.0553406 0.0751865 0.0446099 0.0392576 0.0299522 0.0297249 0.0288896 0.0286237 0.027183 0.0244605 0.0216069 0.0206918 0.0194707 0.0216684 0.0281814 0.0184066 0.0177633 0.0172987 0.0167162 0.0162799 0.01529 0.0177955 0.0146006 0.0173513 0.0156818 0.0145736 0.0136531 0.0135962 0.0122621 0.0110274 0.00961285 0.00946393 0.00898782 0.00896838 0.00882759 0.0101212 0.010562 0.0100495 0.0125663 0.0095289 0.00862784 0.00836677 0.00946286 0.00824043 0.0140412 0.010115 0.00807429 0.00897595 0.00781462 0.00766015 0.00652157 0.00678555 0.00645295 0.0054626 0.00480355 0.00480161 0.00425159
threshold=116250.00000000001 27817.500000000004 37.350000000000001 34251.500000000007 2579.2855000000004 20921.500000000004 978850.00000000012 162300.00000000003 0.018956535452915469 36.265526840783771 47.45000000000001 15.87950262034437 7.5000000000000009 40.000000000000007 0.10850000000000003 5963.5000000000009 13088.85 1.0000000180025095e-35 1.0000000180025095e-35 18400.500000000004 218751.83470537551 923.81431122694937 4.5000000000000009 47290.500000000007 1.0000000180025095e-35 69.2678824445765 0.15550000000000005 105305.00000000001 2.5000000000000004 12632.85 0.19050000000000003 4010.1980000000008 20.500000000000004 7.5000000000000009 6.5000000000000009 1905.6290000000001 0.075731829699976078 1967.3095000000003 0.037804715872834509 2765.5000000000005 0.53952113813208813 17.403371848632322 0.22499999999999989 4.3710007468164438 294500.00000000006 4.5000000000000009 20.612211421701424 45292.500000000007 2831.4275000000002 7.5000000000000009 12772.600000000002 2323.5690000000009 1.0000000180025095e-35 63.650231030130051 13148.000000000002 2299.5760000000005 3290.2205000000004 1101.5000000000002 42217.500000000007 51.259843948021008 65.000000000000014 54.750000000000007
decision_type=2 2 2 2 2 2 2 2 2 2 2 2 2 2 2 2 2 2 2 2 2 2 2 2 2 2 2 2 2 2 2 2 2 2 2 2 2 2 2 2 2 2 2 2 2 2 2 2 2 2 2 2 2 2 2 2 2 2 2 2 2 2
left_child=1 -1 7 4 -3 8 10 9 -4 -2 31 -11 15 23 -12 -5 36 18 19 -9 21 45 51 -10 -19 34 -27 28 29 30 -16 32 35 -33 48 -7 -17 -30 -15 -25 41 -41 43 -43 59 58 -24 -48 -23 -50 -51 -20 57 -21 61 -31 -57 -53 -13 -45 -37 -44
right_child=2 3 5 12 -6 6 -8 17 13 11 14 20 -14 38 27 16 -18 24 22 53 -22 25 46 39 -26 26 -28 -29 37 55 -32 33 -34 -35 -36 60 -38 -39 -40 40 -42 42 54 44 -46 -47 47 -49 49 50 -52 52 -54 -55 -56 56 -58 -59 -60 -61 -62 -63
leaf_value=0.0022950804551046754 -0.00031569429035786719 0.0016825349545627239 -0.00087941513597695705 0.00085103698195143065 0.00055446258157505746 0.00022074265846795909 0.00074633711255946058 -0.00065372112599176033 0.00011310197217452739 0.0008259036263096862 -0.00068013764830000844 0.00034625564242863526 -0.00010521273449451169 -0.0009393165229144067 -8.2755972535414454e-05 0.00032558005409623206 0.00011459328079439502 0.00046691477113271099 -0.00010485635323763539 9.0686387369949274e-05 -0.00012359464674511277 0.00034123523099126475 0.00012040906313843937 -0.00059316112501619502 -1.8898969305054279e-05 0.0003257508494958269 -0.00019426386687458629 -0.00060389636845328549 -0.000227112510863673 -6.8593496044822228e-05 0.00043183360441685615 0.00048340169861526677 -0.00044152314943176891 -2.623108076420522e-05 0.00018233495555123228 -0.00018605852046566374 0.00076054021430991279 -0.00064285902516429726 -0.00047766397079277399 -0.00058653364053423533 -0.00062609632496977898 0.00017545394310203115 -1.7919692559145421e-05 4.8466070243898365e-05 -0.00033460896510529914 -0.00022262817370938138 -0.00035124779101007109 3.0051582778353205e-05 0.0002859895234926957 0.0010381709235618905 0.00054486405788338747 0.00055237691622488116 4.8709538603648447e-05 -0.0002648291336804672 -0.00044389060289618454 -0.00052291174131979649 -0.00018436434139926797 0.00018493908746775132 -1.7455317135008346e-05 -0.00025694778052710908 8.0000677193576707e-05 -0.00032727465843577743
leaf_weight=205 248 219 356 361 236 287 232 329 241 207 338 204 211 215 392 201 384 331 310 320 354 487 213 268 360 448 260 230 259 404 212 219 243 256 375 623 331 261 206 244 215 238 206 355 759 225 529 235 214 202 214 209 558 299 787 257 349 279 209 202 233 241
leaf_count=205 248 219 356 361 236 287 232 329 241 207 338 204 211 215 392 201 384 331 310 320 354 487 213 268 360 448 260 230 259 404 212 219 243 256 375 623 331 261 206 244 215 238 206 355 759 225 529 235 214 202 214 209 558 299 787 257 349 279 209 202 233 241
internal_value=-2.24375e-06 0.000752341 -9.78859e-05 0.000589571 0.00109742 -0.00025014 -0.000131728 8.85204e-05 -0.000375397 0.000214783 -0.000176372 0.000253488 0.00043428 -0.00033244 -0.000282282 0.000523421 0.000394306 -2.74106e-05 -7.8214e-05 -0.000279787 0.000216367 0.000258772 3.69413e-06 -0.000289736 0.000213814 0.000326136 0.000134785 -0.000225397 -0.000184603 -0.000103677 9.78616e-05 -2.26015e-05 -0.000101884 0.000208736 0.000416937 -2.96773e-05 0.000596204 -0.000435785 -0.000713425 -0.000317356 -0.000294592 -0.000271085 -0.000243477 -0.000158886 -0.000219351 2.64838e-05 -0.000156705 -0.000233963 0.000495698 0.0006151 0.000784402 0.000119262 0.000185683 -8.10408e-05 -0.000350005 -0.000224201 -0.00032794 0.000342305 0.000162199 -6.22944e-05 -0.000113638 -0.000184708
internal_weight=19095 2148 16947 1943 455 9328 4795 7619 4533 3647 4563 3399 1488 4177 2702 1277 916 3972 3281 948 3192 2838 2333 3756 691 2200 708 2364 2134 1614 604 1861 1386 475 1492 1143 532 520 421 3515 3247 3032 2788 1554 1316 638 977 764 1117 630 416 1356 1046 619 1234 1010 606 488 413 557 856 447
internal_count=19095 2148 16947 1943 455 9328 4795 7619 4533 3647 4563 3399 1488 4177 2702 1277 916 3972 3281 948 3192 2838 2333 3756 691 2200 708 2364 2134 1614 604 1861 1386 475 1492 1143 532 520 421 3515 3247 3032 2788 1554 1316 638 977 764 1117 630 416 1356 1046 619 1234 1010 606 488 413 557 856 447
is_linear=0
shrinkage=0.05


Tree=40
num_leaves=63
num_cat=0
split_feature=28 27 49 39 28 39 46 29 50 28 1 50 51 0 51 46 1 47 57 31 49 39 29 51 39 0 36 28 37 40 46 58 57 0 36 5 55 46 50 49 55 46 39 55 5 40 0 29 27 40 50 27 38 47 46 5 55 40 5 57 28 62
split_gain=0.498242 0.176802 0.141699 0.0535098 0.0558679 0.044434 0.0579312 0.0419695 0.0577998 0.0419585 0.0392048 0.0559355 0.0300806 0.0286722 0.0277917 0.0260555 0.0237975 0.035785 0.0202307 0.0212683 0.0201147 0.0183928 0.0181042 0.0154922 0.0200199 0.0149635 0.0147787 0.0147234 0.0144141 0.0134519 0.0134158 0.0127206 0.0119637 0.0117125 0.0103566 0.0128262 0.0104374 0.0102266 0.0150385 0.0098779 0.00970637 0.00890744 0.00881627 0.0105449 0.0093496 0.0087415 0.00829267 0.00784988 0.0134198 0.00841696 0.00702627 0.00606684 0.00685459 0.00564878 0.00546637 0.00546306 0.00490345 0.00485865 0.00475152 0.00850737 0.00469785 0.00454786
threshold=131350.00000000003 26912.500000000004 0.044032177396903974 3.5000000000000004 93100.000000000015 11.500000000000002 87.823835436388222 834.50000000000011 0.0046154790142976625 183450.00000000003 2749.7786235328736 0.0094788048380494965 -2.1634712089213522e-05 225918.28654536602 -0.00017309146744481915 81.194226760614143 928.25633279529472 29.256194789977663 2.0833333333333335 10289.000000000002 0.084753315068205312 2.5000000000000004 1134.5000000000002 -0.0037656745599807247 14.500000000000002 314491.22876129282 32.250000000000007 379100.00000000006 41.546288477141395 1.5000000000000002 61.733468297532077 0.33908045977011497 3.3030303030303036 142190.5056810817 62.750000000000007 12089.500000000002 43815.000000000007 67.235717888632806 0.0015899399243939493 0.02175992166096823 20671.000000000004 60.616783286173877 10.500000000000002 19587.000000000004 13088.85 9.5000000000000018 196229.06086339938 1025.5000000000002 53288.500000000007 1.5000000000000002 0.0048838718665604802 65494.500000000007 0.14650000000000005 63.656655056745727 55.6924517377442 12702.500000000002 17057.500000000004 1.0000000180025095e-35 13721.400000000003 2.4500000000000006 172250.00000000003 12.985000000000001
decision_type=2 2 2 2 2 2 2 2 2 2 2 2 2 2 2 2 2 2 2 2 2 2 2 2 2 2 2 2 2 2 2 2 2 2 2 2 2 2 2 2 2 2 2 2 2 2 2 2 2 2 2 2 2 2 2 2 2 2 2 2 2 2
left_child=1 -1 5 4 -3 10 15 -5 33 12 11 14 -4 16 50 23 26 -18 -11 29 31 25 27 -7 45 40 -14 28 -16 30 -20 -6 -15 -9 35 41 42 47 -39 -24 -21 -23 43 55 -45 -25 -40 48 -19 -49 56 52 -30 -32 -35 -37 -2 61 59 -41 -34 -57
right_child=2 3 9 7 20 6 -8 8 -10 18 -12 -13 13 32 22 -17 17 37 19 21 -22 34 39 24 -26 -27 -28 -29 51 -31 53 -33 60 54 -36 36 -38 38 46 58 -42 -43 -44 44 -46 -47 -48 49 -50 -51 -52 -53 -54 -55 -56 57 -58 -59 -60 -61 -62 -63
leaf_value=0.0019460782525920512 -0.00042318980838474513 0.0012230013914029869 -0.00041059422011171392 -0.0002022085032631885 0.00058421820262361099 0.00019909407125654269 0.00063591506487648388 0.00047264547157663565 0.001052348504442189 0.00038705101745516255 -0.00087812687757875317 0.00045238102527612545 0.00013125354489282559 8.2339372675340294e-05 -0.00048934674954188493 -0.00073721034469781442 0.00076030214606601478 0.00037133000269515292 -0.00028736732245090242 0.00040432287332374528 0.00080540186923884743 0.00026856983310968055 -0.00074943618671511833 0.00019983416027613869 -0.00057498020128953018 -0.0003031923656718869 -0.00037781598690641237 0.00020802722727505794 -0.00019379297728795242 0.00041206118058501788 0.0003466956075129983 0.00018526338819502015 -0.00037194420605021099 0.0002557652845978264 -0.00056295699808807896 -3.3582148944491951e-05 -5.2967351145480284e-05 -0.00029811448951738999 0.00038300090756337828 -0.00016595823866900086 1.056252161889812e-05 -0.00018296530321127683 -2.9562943492226308e-05 -0.00078098885558243979 -0.00036502222658002991 -0.00023674010786664795 -6.4399120158519348e-06 0.00028456479388290484 -8.5978516613078172e-05 0.00063737643107960717 -0.00090031691587980208 -0.00034590472290765682 0.0001797010116945082 -5.1725012330113525e-06 -5.4436074483852454e-05 -0.00013417544563518058 -0.00070555665789553317 -0.00052557595724045728 -0.00016149420024198641 -0.00048100649530639005 -6.8511721558457551e-05 -0.00040955731477494814
leaf_weight=214 308 349 268 386 360 286 239 275 262 203 382 207 341 503 408 200 327 314 286 211 376 215 209 214 272 295 245 205 265 240 202 449 335 246 224 215 500 219 279 268 606 222 243 220 350 247 268 765 328 217 208 202 229 262 336 368 307 208 209 1069 206 253
leaf_count=214 308 349 268 386 360 286 239 275 262 203 382 207 341 503 408 200 327 314 286 211 376 215 209 214 272 295 245 205 265 240 202 449 335 246 224 215 500 219 279 268 606 222 243 220 350 247 268 765 328 217 208 202 229 262 336 368 307 208 209 1069 206 253
internal_value=-6.72944e-06 0.00055699 -0.000122265 0.000459174 0.000666989 -0.000315602 -7.58727e-05 0.000247354 0.000402431 -6.82332e-06 -0.00039369 -0.000348489 0.000103514 0.00013521 -0.000391139 -0.000215427 0.000207404 0.000269732 -0.000102485 -0.000121894 0.000503235 -0.000171788 -0.000321848 -0.000113017 -0.000234795 2.04251e-06 -8.15827e-05 -0.000181119 -0.000253378 8.62474e-05 -1.8013e-05 0.000362796 -9.31973e-05 0.00020374 -0.000235837 -0.000209611 -0.000255739 0.000202612 5.2016e-05 -0.000426813 0.000112256 3.91859e-05 -0.000310336 -0.000352608 -0.000525571 -3.40787e-05 0.000192196 0.000273645 0.00013769 0.000362528 -0.000649106 -0.000115052 -2.06551e-05 0.000148011 7.668e-05 -0.000258175 -0.000564144 -0.000316423 -0.000383199 -0.000417855 -0.000256404 -0.000246368
internal_weight=19125 3253 15872 3039 1534 5934 1458 1505 1119 9938 4476 4094 4615 4347 3887 1219 3303 2717 5323 5120 1185 4130 3064 1019 733 1112 586 1309 1104 990 750 809 1044 857 3018 2794 2357 2390 766 1755 817 437 1857 1614 570 461 547 1624 642 982 823 696 494 464 582 1044 615 829 1546 1337 541 621
internal_count=19125 3253 15872 3039 1534 5934 1458 1505 1119 9938 4476 4094 4615 4347 3887 1219 3303 2717 5323 5120 1185 4130 3064 1019 733 1112 586 1309 1104 990 750 809 1044 857 3018 2794 2357 2390 766 1755 817 437 1857 1614 570 461 547 1624 642 982 823 696 494 464 582 1044 615 829 1546 1337 541 621
is_linear=0
shrinkage=0.05


Tree=41
num_leaves=63
num_cat=0
split_feature=2 27 2 32 2 26 39 28 36 28 39 30 5 48 36 42 48 32 37 62 5 56 57 50 48 52 30 58 62 58 52 37 28 0 29 58 25 1 39 56 1 56 1 56 55 49 39 62 48 42 30 12 35 31 52 57 5 36 48 50 26 48
split_gain=0.491887 0.163326 0.139583 0.106902 0.046397 0.0454556 0.0419915 0.041101 0.0393548 0.0393417 0.0301478 0.0262858 0.0335252 0.0249829 0.0210557 0.025613 0.0232202 0.0236213 0.0193888 0.0183835 0.0183062 0.0258913 0.0264413 0.0174169 0.0168695 0.0168256 0.0195395 0.0155515 0.0144262 0.0143545 0.0140981 0.012522 0.0109185 0.0152498 0.0104096 0.00977817 0.012384 0.00968746 0.0135049 0.00964392 0.0096178 0.0100612 0.00958754 0.0134798 0.00934817 0.00880995 0.00870605 0.00933764 0.00833828 0.00832502 0.00821656 0.00798419 0.00765816 0.00738493 0.00737197 0.00678397 0.00671428 0.00609722 0.00603891 0.00571984 0.00473071 0.00426914
threshold=0.077491391310626281 38015.000000000007 0.054653802313757251 2289.0455000000006 0.021014031156896752 35103.500000000007 9.5000000000000018 891950.00000000012 47.050000000000004 93100.000000000015 8.5000000000000018 4972.5000000000009 12453.200000000003 24.132911837744398 77.450000000000017 1.0000000180025095e-35 49.868494348317597 5579.6145000000006 39.378046581316973 11.485000000000001 12772.600000000002 14.500000000000002 3.3030303030303036 0.0030760898928272715 49.062774367006931 11.500000000000002 5571.5000000000009 0.48529411764705888 10.985000000000001 0.38840579710144935 4.5000000000000009 43.077667576189533 653700.00000000012 648516.32145696215 1108.5000000000002 0.32916666666666672 120.50000000000001 790.22807841735823 3.5000000000000004 17.500000000000004 1338.9138196118072 9.5000000000000018 1180.3465195935225 6.5000000000000009 37192.500000000007 0.06893960458918684 8.5000000000000018 11.395000000000001 58.860002576206071 1.5000000000000002 8838.5000000000018 0.34000000000000036 2144.4885000000004 16971.500000000004 12.500000000000002 3.1882352941176477 13221.800000000001 34.45000000000001 64.602595009400133 0.0025244325751103765 47943.500000000007 42.886535057220378
decision_type=2 2 2 2 2 2 2 2 2 2 2 2 2 2 2 2 2 2 2 2 2 2 2 2 2 2 2 2 2 2 2 2 2 2 2 2 2 2 2 2 2 2 2 2 2 2 2 2 2 2 2 2 2 2 2 2 2 2 2 2 2 2
left_child=2 3 4 -2 5 -1 13 8 11 -5 20 12 -6 -3 15 28 17 18 -17 56 21 22 23 -4 35 26 -13 50 -10 31 -14 -22 33 58 57 -15 -37 -28 59 -33 41 48 43 -24 53 -43 47 -18 -31 55 -26 -32 -20 -40 -54 -23 -12 -27 61 -39 -36 -30
right_child=1 6 10 9 7 -7 -8 -9 14 -11 19 25 30 24 -16 16 46 -19 52 -21 29 49 42 -25 27 34 37 -29 32 40 51 39 -34 -35 60 36 -38 38 44 -41 -42 45 -44 -45 -46 -47 -48 -49 -50 -51 -52 -53 54 -55 -56 -57 -58 -59 -60 -61 -62 -63
leaf_value=-0.00098541433668400749 0.0019257985348717624 -0.00013057916820525861 -0.00043012833220304925 0.0011462111186550407 0.00066097773835592619 -0.0002234383602663369 -0.00029286653309216961 0.00045778187226193855 0.00024954778783364145 0.00041296351180975541 -0.00057459812434182932 -0.00071445299280187486 -0.000352827065571997 0.00037976506051448633 -0.00067615983818378102 -0.00078463112733245127 -0.00065740981596886731 0.00012905371312846208 -6.8142290960940494e-05 0.00015897826339815121 0.00053236655214643149 0.00051147778703562405 0.00012361316766559455 0.00015376642598829025 0.0002799450193144889 0.000374522454666137 -0.00053707165471990521 5.8933958109447845e-05 -0.00013962330596216401 0.00023744375232749145 0.00030449882455258262 -1.3738967816497513e-05 6.4851753896587742e-05 -0.00055134411641093032 -0.00025417492409444807 0.00046651137539344373 0.00092530292770489394 0.00013815241361837564 -0.0005521868818414077 0.00030530086628386733 -0.00026911549087916902 -0.00025104370669717761 5.2256597436782408e-05 0.00064620937303506553 1.0343119504826224e-05 0.00012686259622065235 -0.00086581161563919855 -0.00024121234381584654 -0.00013394334572593733 0.00073295614260332682 0.00073092186679120765 -0.00010947993220464572 -0.00022447071826654951 -0.00025270091691448668 -0.00054354472008774548 0.00013861768335784904 -0.00019576556564147941 -4.5474101899258107e-06 4.5818943054307755e-05 -0.00012504976529984009 -1.256628785420548e-05 -0.00038604361082822451
leaf_weight=387 277 200 292 359 222 396 249 232 203 373 264 207 242 312 379 235 373 285 299 206 204 308 220 227 202 204 201 377 456 560 257 646 321 336 388 261 337 329 320 374 383 464 282 281 211 231 238 211 207 218 202 213 401 577 330 202 210 221 259 554 424 286
leaf_count=387 277 200 292 359 222 396 249 232 203 373 264 207 242 312 379 235 373 285 299 206 204 308 220 227 202 204 201 377 456 560 257 646 321 336 388 261 337 329 320 374 383 464 282 281 211 231 238 211 207 218 202 213 401 577 330 202 210 221 259 554 424 286
internal_value=-6.39297e-06 0.000564757 -0.000118971 0.00108917 -0.000230232 -0.000600047 0.000317499 -0.000199473 -0.00021608 0.000772575 7.73474e-05 -0.000112091 0.000124507 0.000397869 -0.000319121 -0.000287154 -0.000396095 -0.000282171 -0.000374818 -0.000235375 0.000119052 0.000235539 0.000102015 -0.000174745 0.00046037 -0.000172867 -0.000250102 0.000289902 -0.0001483 4.20013e-05 -4.27629e-05 0.000174763 -0.000197011 -0.000259881 -2.30803e-05 0.000606674 0.000725061 -0.000206251 -0.000172853 0.000103242 -4.60748e-05 1.23551e-05 0.000285461 0.000416726 -0.000289103 -0.000125437 -0.000610916 -0.000507037 0.000137213 0.000474341 0.000505433 0.000116887 -0.000281318 -0.000359541 -0.000368512 0.000363796 -0.000406761 0.000177406 -0.000162048 -2.69824e-05 -0.000128015 -0.000234605
internal_weight=19125 3149 15976 1009 10197 783 2140 9414 9182 732 5779 4570 934 1891 4612 4233 2372 1550 1265 680 5099 2030 1302 519 1691 3636 2399 781 1861 3069 712 1224 1658 1337 1237 910 598 2192 1991 1020 1845 1462 783 501 1108 695 822 584 767 728 404 470 1030 897 731 510 474 425 1001 883 812 742
internal_count=19125 3149 15976 1009 10197 783 2140 9414 9182 732 5779 4570 934 1891 4612 4233 2372 1550 1265 680 5099 2030 1302 519 1691 3636 2399 781 1861 3069 712 1224 1658 1337 1237 910 598 2192 1991 1020 1845 1462 783 501 1108 695 822 584 767 728 404 470 1030 897 731 510 474 425 1001 883 812 742
is_linear=0
shrinkage=0.05


Tree=42
num_leaves=63
num_cat=0
split_feature=2 2 2 27 52 2 44 55 62 26 47 32 30 44 27 7 46 46 62 1 40 32 20 40 51 55 0 1 41 29 54 55 7 38 28 58 37 7 1 38 43 44 58 30 35 37 0 44 40 56 47 46 40 26 37 2 60 38 55 35 47 46
split_gain=0.443928 0.150105 0.125973 0.0598985 0.0456362 0.0425282 0.040089 0.0648252 0.0509361 0.0368052 0.0604006 0.0577357 0.0308905 0.0291304 0.0277045 0.0272362 0.0369484 0.0268893 0.0250041 0.0236803 0.0233186 0.0223659 0.0207534 0.0184607 0.017478 0.0166303 0.0145914 0.0132091 0.0131078 0.0130829 0.0117536 0.0118795 0.0113618 0.0110058 0.0102401 0.0099593 0.00957709 0.00953606 0.00899109 0.00904119 0.00898834 0.0128584 0.00886049 0.00880051 0.0131992 0.00889082 0.00820334 0.00761232 0.00831406 0.00667315 0.00620574 0.00627803 0.00602572 0.00553102 0.00548658 0.00495895 0.00469639 0.00464159 0.00386182 0.00365687 0.00348045 0.00304618
threshold=0.077491391310626281 0.14266063077991656 0.054653802313757251 38015.000000000007 9.5000000000000018 0.024584983572434417 1.0000000180025095e-35 7507.0000000000009 14.625000000000002 40135.500000000007 0.1073957213099699 7157.6785000000009 5112.5000000000009 5.5000000000000009 45364.500000000007 187.62900000000002 87.092777644555625 27.364798231564418 11.385000000000003 2347.1685391351089 1.5000000000000002 3904.4330000000004 472237.50000000006 1.0000000180025095e-35 -0.00011818813013220185 15705.500000000002 397056.63358878478 2040.7202891969002 1.0000000180025095e-35 922.50000000000011 4.5000000000000009 20671.000000000004 170.02700000000002 0.14750000000000005 186050.00000000003 0.45227272727272733 67.803591902784163 171.15850000000003 932.28294339352476 0.16150000000000006 1.0000000180025095e-35 1.5000000000000002 0.46256684491978611 9662.0000000000018 3238.9550000000004 35.850381722613413 256201.55736460598 1.5000000000000002 1.0000000180025095e-35 21.500000000000004 58.351813314040911 74.777578009934203 1.0000000180025095e-35 32714.000000000004 67.803591902784163 0.059913037834595992 0.47605984015562813 0.13250000000000006 15392.500000000002 3863.7270000000008 30.35351147873531 49.374797997044105
decision_type=2 2 2 2 2 2 2 2 2 2 2 2 2 2 2 2 2 2 2 2 2 2 2 2 2 2 2 2 2 2 2 2 2 2 2 2 2 2 2 2 2 2 2 2 2 2 2 2 2 2 2 2 2 2 2 2 2 2 2 2 2 2
left_child=2 3 5 4 12 9 7 -7 24 10 -1 -11 -2 14 29 16 21 -4 23 42 32 -10 43 36 40 -23 37 -17 30 -5 31 -16 -20 -22 50 -25 38 -26 -19 -40 53 -42 -12 44 45 -9 -36 57 -49 -45 51 61 60 -8 -32 -37 -47 -39 -57 -51 -28 -34
right_child=1 -3 17 13 -6 6 8 22 15 11 19 -13 -14 -15 28 27 -18 18 20 -21 33 25 -24 35 26 -27 52 -29 -30 -31 54 -33 34 -35 46 55 -38 47 39 -41 41 -43 -44 49 -46 56 -48 48 -50 59 -52 -53 -54 -55 -56 58 -58 -59 -60 -61 -62 -63
leaf_value=-0.0012841346859259473 7.9434826575863011e-05 0.0017410792227957211 0.00047774269390193544 0.00045554511902332794 0.0013969351705153726 0.00078600441128228869 -0.00049878024437845832 -0.00030745339105047148 -0.00033119503148526958 0.00036797381332036452 -0.00038900446045613012 -0.00074045987942144187 0.00085037783694216795 -0.00020314419519946374 0.00024195941654610791 -5.9200333626428068e-05 0.00072235588116725911 -0.0001180344247431211 0.00043409704711465055 3.121695035626084e-06 0.00066010306871372632 -0.00011492428440641706 -0.00036782058748396841 -1.6557026432706922e-05 9.3273023323606745e-05 0.00048446058901114545 -0.00030276251435714004 -0.00056330285625306477 -9.2851216128928687e-05 0.00097411892292674984 0.00029661683843490514 0.00066090918713112038 0.00027115578784065765 0.00020424859382822593 -0.0002876683569435332 -0.00053863463775979275 -0.00011331914476423705 -0.00058268804203744995 0.00010127611736797623 0.00049440329664672295 -8.7686259888586685e-05 -0.00064173396018185082 -0.00079904870542929344 -0.00038175152412804896 0.00041093683279879855 0.00010754880871453893 4.9664741076355322e-05 -8.6686847803019062e-05 -0.00038113785153505724 -0.00016762483557700072 6.8510760429821623e-06 0.00044744998108999775 -0.00063176624175564715 -0.00084096589209838469 -4.5126707257662458e-05 -0.00013518304712713917 -0.00015817916429357507 -0.00029194702475135854 -0.00040982945560832489 0.00010451146063849755 -0.00050135767393921728 3.7178243884868195e-05
leaf_weight=264 207 239 384 269 233 227 215 213 325 277 262 204 349 254 333 273 218 218 204 241 279 214 550 385 235 252 696 248 229 222 240 344 230 252 342 206 536 203 372 241 206 213 265 236 215 758 381 843 335 315 658 212 269 262 230 308 213 424 219 203 323 352
leaf_count=264 207 239 384 269 233 227 215 213 325 277 262 204 349 254 333 273 218 218 204 241 279 214 550 385 235 252 696 248 229 222 240 344 230 252 342 206 536 203 372 241 206 213 265 236 215 758 381 843 335 315 658 212 269 262 230 308 213 424 219 203 323 352
internal_value=-6.07332e-06 0.000536519 -0.000113023 0.000437587 0.000809519 -0.00021872 -0.000176099 -2.55509e-05 -0.000252759 -0.000463352 -0.000631712 -0.000102131 0.000563354 0.000299231 0.000367578 -5.57865e-06 0.000146011 7.348e-05 4.47058e-05 -0.000407441 0.000144177 -1.28295e-05 -9.37059e-05 -7.17774e-05 -0.000342292 0.000209207 -0.000289518 -0.000299157 0.000252523 0.000690012 0.000321477 0.000454838 7.73079e-05 0.000443765 4.38435e-05 -0.000222471 5.1467e-05 -0.000206329 0.000157755 0.000255833 -0.000538307 -0.000369338 -0.000595194 -2.36812e-05 5.05316e-05 -1.49136e-05 -0.000109904 -0.000245335 -0.000170423 -0.000161378 0.000120399 0.000214499 -0.000421278 -0.000686731 0.000129381 -0.000330625 4.92583e-05 -0.000386078 -0.000249315 -6.09768e-05 -0.000365713 0.000129644
internal_weight=19125 3149 15976 2910 789 10197 8684 2930 5754 1513 1032 481 556 2121 1867 1530 1009 5779 5395 768 2910 791 2703 2485 4224 466 3328 521 1376 491 1147 677 2379 531 2175 1118 1367 2040 831 613 896 419 527 2153 1399 1184 723 1805 1178 754 1452 794 1288 477 470 733 971 627 527 518 1019 582
internal_count=19125 3149 15976 2910 789 10197 8684 2930 5754 1513 1032 481 556 2121 1867 1530 1009 5779 5395 768 2910 791 2703 2485 4224 466 3328 521 1376 491 1147 677 2379 531 2175 1118 1367 2040 831 613 896 419 527 2153 1399 1184 723 1805 1178 754 1452 794 1288 477 470 733 971 627 527 518 1019 582
is_linear=0
shrinkage=0.05


Tree=43
num_leaves=63
num_cat=0
split_feature=2 28 50 2 51 54 35 50 7 25 55 62 40 39 46 35 54 39 36 32 38 47 39 39 55 51 50 47 46 7 20 7 2 30 57 42 36 42 35 54 47 44 47 56 47 23 35 55 44 7 32 47 56 41 57 2 56 56 50 54 53 55
split_gain=0.401173 0.181272 0.139058 0.0645012 0.0471819 0.0445531 0.0383109 0.0557745 0.0359236 0.0356046 0.0333106 0.0315102 0.030031 0.027267 0.0261381 0.021632 0.021813 0.0246954 0.0263476 0.0208119 0.0205778 0.0212129 0.0201508 0.0196323 0.0192958 0.018385 0.0176964 0.0172571 0.0164862 0.0161861 0.0155015 0.0153178 0.0150292 0.0147834 0.0140198 0.0138568 0.0138596 0.0123339 0.0148144 0.0128827 0.011755 0.0112576 0.0112246 0.0102563 0.00993112 0.00849449 0.00834782 0.00810697 0.00846153 0.00760584 0.00678392 0.00658268 0.00614133 0.00612763 0.00591301 0.00804494 0.00590399 0.0114588 0.00588478 0.00558448 0.00512619 0.0042161
threshold=0.065702865793689641 100050.00000000001 0.0075877314470810765 0.043610164621575333 -1.0000000180025095e-35 5.5000000000000009 3733.2970000000005 0.010404761329016269 170.57000000000002 982.50000000000011 1193.0000000000002 11.385000000000003 1.5000000000000002 9.5000000000000018 58.868455735910977 2734.5580000000004 19.500000000000004 11.500000000000002 55.350000000000001 8140.7510000000002 0.18550000000000005 15.658900750200063 6.5000000000000009 3.5000000000000004 18269.500000000004 -0.0023708587440131597 0.0048838718665604802 0.0027419877227476291 51.948445802953565 194.23800000000003 372162.50000000006 189.14300000000003 0.061009677646008724 5914.0000000000009 3.4642857142857149 2.5000000000000004 52.750000000000007 3.5000000000000004 1707.3160000000003 20.500000000000004 22.81990431201849 1.0000000180025095e-35 48.510472912476253 5.5000000000000009 10.15623025782946 67.000000000000014 2472.0225000000005 107730.00000000001 1.5000000000000002 190.03050000000002 2973.8115000000003 44.957894897069515 5.5000000000000009 1.0000000180025095e-35 3.2034482758620695 0.074982883647921023 17.500000000000004 12.500000000000002 0.0034715636960486111 5.5000000000000009 41.500000000000007 22029.500000000004
decision_type=2 2 2 2 2 2 2 2 2 2 2 2 2 2 2 2 2 2 2 2 2 2 2 2 2 2 2 2 2 2 2 2 2 2 2 2 2 2 2 2 2 2 2 2 2 2 2 2 2 2 2 2 2 2 2 2 2 2 2 2 2 2
left_child=3 2 5 6 14 23 9 19 42 15 -5 22 27 20 -3 16 17 18 34 30 21 -10 24 -2 45 -19 50 -13 40 32 -8 33 47 -14 59 36 -30 38 -23 43 -17 -35 -6 -40 -27 -12 -45 48 56 -24 60 -34 -50 -18 -48 -56 57 -29 61 -1 -20 -26
right_child=1 4 -4 10 8 -7 7 -9 13 -11 11 12 31 -15 -16 28 53 25 26 -21 -22 37 49 -25 58 44 -28 29 35 -31 -32 -33 51 41 -36 -37 -38 -39 39 -41 -42 -43 -44 46 -46 -47 54 -49 52 -51 -52 -53 -54 -55 55 -57 -58 -59 -60 -61 -62 -63
leaf_value=-6.6327080912033831e-05 0.00062399221748278891 -0.00070108799247265948 0.0018371592392154197 0.00057228189369791765 0.0009530329803555123 0.0012060591540907425 0.00016980959105803199 0.00059649518478141733 0.00071490403045019926 -0.00094034413450263881 -0.00022135639822009023 0.00037737795721767223 0.00070737208000749743 -0.00030336461575387007 8.0803863469322551e-05 4.638677946024983e-05 -0.00073573577865161796 0.00047916191899257868 -0.00057198379250269604 -0.00053591987028313759 -0.00023823656970616689 -4.1747856766846019e-05 -0.00053955815276747205 2.1134531706103681e-05 0.00011234866108030214 0.00013966391296371962 -0.00077725165037729723 -0.00026965126618462814 -0.00068865318080820782 0.00023342498588420704 -0.00027869354235977872 -0.00012360079224735989 0.00031736981020687649 0.00039859604312657629 0.00027652581061734328 -0.0009579051426809312 -0.00022013289989647293 3.0946564420700924e-05 0.00022397980489572355 -4.5846744114446623e-05 -0.00047619881097092116 -1.4729706349934944e-05 0.00046161910966610001 0.00026610981455680877 -0.00033274721777038272 -0.00060874308471897546 0.00074131062648356665 1.9776847378949471e-05 -0.00031851076620478125 -0.00017694478962793894 -0.00018332402423634788 -4.2662453893770265e-05 -2.1591174950576924e-05 -0.00037828966569982499 0.00024304480225016808 0.00061805229097931921 -0.00018054557844603993 -0.00071518166519439583 0.00019526558669379437 -0.00038540131071740391 -0.00024730308732432603 -0.00012403109423685902
leaf_weight=385 281 202 306 206 204 201 377 274 255 236 414 206 201 241 227 203 233 202 310 326 206 298 509 260 245 223 265 427 380 335 394 235 218 378 234 214 270 572 723 202 229 292 270 380 222 215 270 384 250 202 484 304 574 247 249 336 427 218 261 213 200 820
leaf_count=385 281 202 306 206 204 201 377 274 255 236 414 206 201 241 227 203 233 202 310 326 206 298 509 260 245 223 265 427 380 335 394 235 218 378 234 214 270 572 723 202 229 292 270 380 222 215 270 384 250 202 484 304 574 247 249 336 427 218 261 213 200 820
internal_value=-5.76966e-06 0.000346421 0.000940291 -0.000154669 0.000212144 0.000570424 -0.000274452 -4.16172e-05 0.000263092 -0.000341655 -5.45195e-05 -7.26672e-05 8.78578e-06 0.000211015 -0.00028736 -0.000310355 -0.000240893 -0.000186388 -0.000269917 -0.000201 0.000246525 0.000276924 -0.000208595 0.000334264 -0.000125697 8.3564e-05 -0.000414199 -6.59336e-05 -0.000482831 -9.50449e-05 -5.93866e-05 0.000234633 -0.000134316 0.000331286 -5.15858e-05 -0.00060893 -0.000494037 0.000240065 0.000288729 0.000334322 -0.000230632 0.00021846 0.000673114 0.000373543 -9.60109e-05 -0.00035377 0.000461101 -0.000189724 -0.000232154 -0.000436537 -0.000317409 0.000107696 -0.000111676 -0.0005518 0.000547763 0.000458434 -0.000324761 -0.000420234 -1.75081e-05 -0.000179977 -0.000444658 -6.96527e-05
internal_weight=19125 5683 1048 13442 4635 742 6121 1371 4206 4750 7321 7115 4449 3732 429 4514 3218 2738 2091 1097 3491 3285 2666 541 1955 647 1259 3343 1296 3137 771 1106 2802 871 832 864 650 3030 2458 2160 432 670 474 1958 445 629 1235 2280 1896 711 994 522 824 480 855 585 1072 645 1326 598 510 1065
internal_count=19125 5683 1048 13442 4635 742 6121 1371 4206 4750 7321 7115 4449 3732 429 4514 3218 2738 2091 1097 3491 3285 2666 541 1955 647 1259 3343 1296 3137 771 1106 2802 871 832 864 650 3030 2458 2160 432 670 474 1958 445 629 1235 2280 1896 711 994 522 824 480 855 585 1072 645 1326 598 510 1065
is_linear=0
shrinkage=0.05


end of trees

feature_importances:
rent_yield_t=232
acs__bachelors_or_higher_pct=160
acs__median_home_value=153
nri__composite_risk=133
acs__median_household_income=125
fema__disasters_10yr_count=124
zhvi_t=113
cms__hospital_count=109
fred__m2_sa=100
wiki__wiki_pageviews=92
derived__vol_24m=83
nri__wildfire_risk=82
nri__flood_risk_combined=77
derived__yield_gross=76
derived__drawdown=72
acs__owner_occupied_pct=65
acs__median_gross_rent=64
fema__disasters_10yr_severe_storm=64
elec__elec_residential_cents_per_kwh=61
fema__disasters_10yr_hurricane=56
cms__pct_with_4plus_stars=56
acs__owner_occupied_units=53
cms__mean_star_rating=53
acs__pop_25_29=50
fema__disasters_10yr_fire=48
zori_t=43
acs__pop_40_44=35
acs__pop_30_34=31
afdc__dcfc_ports=30
afdc__l2_ports=29
acs__total_pop=26
rdc__median_listing_price_per_sqft=25
acs__age_28_38_share=25
afdc__station_count=24
acs__occupied_units_total=23
fred__case_shiller_us=19
rdc__active_listing_count=19
rdc__median_listing_price=17
acs__pop_35_39=15
fema__disasters_10yr_flood=11
rdc__pending_listing_count=10
fema__disasters_10yr_other=10
mit__rep_vote_share=8
fred__lumber=7
fred__mortgage_30y_d12m=5
fred__treasury_10y=3
rdc__price_reduced_count=3
rdc__new_listing_count=2
mit__dem_vote_share=2
fred__real_rate_10y=1
fred__mortgage_30y_d3m=1
fred__treasury_10y_d3m=1
fred__treasury_10y_d12m=1
rdc__median_dom=1

parameters:
[boosting: gbdt]
[objective: regression]
[metric: rmse]
[tree_learner: serial]
[device_type: cpu]
[data_sample_strategy: bagging]
[data: ]
[valid: ]
[num_iterations: 1500]
[learning_rate: 0.05]
[num_leaves: 63]
[num_threads: 0]
[seed: 0]
[deterministic: 0]
[force_col_wise: 0]
[force_row_wise: 0]
[histogram_pool_size: -1]
[max_depth: -1]
[min_data_in_leaf: 200]
[min_sum_hessian_in_leaf: 0.001]
[bagging_fraction: 0.5]
[pos_bagging_fraction: 1]
[neg_bagging_fraction: 1]
[bagging_freq: 5]
[bagging_seed: 3]
[bagging_by_query: 0]
[feature_fraction: 0.8]
[feature_fraction_bynode: 1]
[feature_fraction_seed: 2]
[extra_trees: 0]
[extra_seed: 6]
[early_stopping_round: 0]
[early_stopping_min_delta: 0]
[first_metric_only: 0]
[max_delta_step: 0]
[lambda_l1: 0]
[lambda_l2: 0]
[linear_lambda: 0]
[min_gain_to_split: 0]
[drop_rate: 0.1]
[max_drop: 50]
[skip_drop: 0.5]
[xgboost_dart_mode: 0]
[uniform_drop: 0]
[drop_seed: 4]
[top_rate: 0.2]
[other_rate: 0.1]
[min_data_per_group: 100]
[max_cat_threshold: 32]
[cat_l2: 10]
[cat_smooth: 10]
[max_cat_to_onehot: 4]
[top_k: 20]
[monotone_constraints: ]
[monotone_constraints_method: basic]
[monotone_penalty: 0]
[feature_contri: ]
[forcedsplits_filename: ]
[refit_decay_rate: 0.9]
[cegb_tradeoff: 1]
[cegb_penalty_split: 0]
[cegb_penalty_feature_lazy: ]
[cegb_penalty_feature_coupled: ]
[path_smooth: 0]
[interaction_constraints: ]
[verbosity: -1]
[saved_feature_importance_type: 0]
[use_quantized_grad: 0]
[num_grad_quant_bins: 4]
[quant_train_renew_leaf: 0]
[stochastic_rounding: 1]
[linear_tree: 0]
[max_bin: 255]
[max_bin_by_feature: ]
[min_data_in_bin: 3]
[bin_construct_sample_cnt: 200000]
[data_random_seed: 1]
[is_enable_sparse: 1]
[enable_bundle: 1]
[use_missing: 1]
[zero_as_missing: 0]
[feature_pre_filter: 1]
[pre_partition: 0]
[two_round: 0]
[header: 0]
[label_column: ]
[weight_column: ]
[group_column: ]
[ignore_column: ]
[categorical_feature: ]
[forcedbins_filename: ]
[precise_float_parser: 0]
[parser_config_file: ]
[objective_seed: 5]
[num_class: 1]
[is_unbalance: 0]
[scale_pos_weight: 1]
[sigmoid: 1]
[boost_from_average: 1]
[reg_sqrt: 0]
[alpha: 0.9]
[fair_c: 1]
[poisson_max_delta_step: 0.7]
[tweedie_variance_power: 1.5]
[lambdarank_truncation_level: 30]
[lambdarank_norm: 1]
[label_gain: ]
[lambdarank_position_bias_regularization: 0]
[eval_at: ]
[multi_error_top_k: 1]
[auc_mu_weights: ]
[num_machines: 1]
[local_listen_port: 12400]
[time_out: 120]
[machine_list_filename: ]
[machines: ]
[gpu_platform_id: -1]
[gpu_device_id: -1]
[gpu_use_dp: 0]
[num_gpu: 1]

end of parameters

pandas_categorical:[]
