tree
version=v4
num_class=1
num_tree_per_iteration=1
label_index=0
max_feature_idx=40
objective=regression
feature_names=zhvi_t fred__mortgage_30y fred__real_rate_10y fred__m2_sa fred__treasury_10y fred__case_shiller_us fred__lumber fred__unemployment_us fred__mortgage_30y_d1m fred__mortgage_30y_d3m fred__mortgage_30y_d12m fred__real_rate_10y_d1m fred__real_rate_10y_d3m fred__real_rate_10y_d12m fred__treasury_10y_d1m fred__treasury_10y_d3m fred__treasury_10y_d12m acs__total_pop acs__median_household_income acs__median_home_value acs__median_gross_rent acs__owner_occupied_units acs__occupied_units_total acs__pop_25_29 acs__pop_30_34 acs__pop_35_39 acs__pop_40_44 acs__pop_65_plus acs__bachelors_or_higher_pct acs__owner_occupied_pct acs__age_28_38_share fema__disasters_10yr_count fema__disasters_10yr_fire fema__disasters_10yr_flood fema__disasters_10yr_hurricane fema__disasters_10yr_other fema__disasters_10yr_severe_storm fema__disasters_10yr_tornado nri__flood_risk_combined nri__wildfire_risk nri__composite_risk
feature_infos=[10459.360869325472:5366965.7987701502] [3.3199999999999998:8.6199999999999992] [-0.79000000000000004:3.1400000000000001] [4639.3000000000002:13843.5] [1.46:6.6799999999999997] [99.843000000000004:195.91300000000001] [143.69999999999999:224.59999999999999] [3.7999999999999998:10] [-0.87000000000000011:0.70000000000000018] [-1.3600000000000003:1.0100000000000007] [-1.4500000000000002:1.5099999999999998] [-0.63000000000000012:0.89000000000000012] [-1.4100000000000001:1.4900000000000002] [-1.7300000000000002:1.4700000000000002] [-1.0799999999999996:0.95000000000000018] [-1.6000000000000001:1.0800000000000001] [-1.79:2.0199999999999996] [0:115104] [10169:250001] [14000:2000001] [192:3501] [0:24823] [0:43456] [0:37] [0:56.100000000000001] [0:24.399999999999999] [0:44.600000000000001] [10.9:84.299999999999997] [0:100] [0:100] [0:0.68414634146341469] [0:32] [0:27] [0:6] [0:10] [0:7] [0:17] [0:2] [1.2419537970261416:99.998396886072044] [0:100] [1.0357580298003399:99.995243361516401]
tree_sizes=6057 6278 6262 6273 6269 6295 6283 6307 6298 6303 6308 6300 6292 6316 6270 6336 6308 6329 6336 6301 6325 6327 6322 6352 6338 6332 6379 6337 6341 6334 6369 6350 6383 6328 6410 6325 6290 6318 6373 6367 6367 6358 6348 6406 6370 6379 6361 6342 6388 6349 6340 6336 6342 6397 6351 6363 6376 6338 6357 6380 6402 6396 6327 6368 6392 6383 6301 6404 6400 6337 6313 6336 6384 6385 6383 6356 6383 6368 6314 6354 6426 6300 6386 6413 6371

Tree=0
num_leaves=63
num_cat=0
split_feature=2 5 7 34 5 7 34 7 0 0 18 39 39 5 39 18 0 3 40 0 36 7 18 34 28 39 16 3 34 39 0 18 39 3 0 40 39 0 39 5 3 36 34 39 36 18 0 36 18 0 34 39 36 0 34 39 36 39 36 36 3 36
split_gain=2551.85 476.168 188.691 74.0561 73.5726 53.6792 42.6631 34.3629 32.2821 20.7426 20.1526 17.5019 14.7296 13.0073 12.3616 11.9919 20.1796 10.1012 9.86149 9.849 8.1631 7.9148 6.90711 6.61773 6.55862 6.50409 6.08425 5.58251 6.0614 5.54934 7.05172 5.50195 5.82564 5.25521 5.19812 5.00714 4.71477 4.70867 4.5957 4.24975 4.05549 3.74646 3.67426 3.96387 3.63793 3.56512 3.42572 3.19544 3.16553 3.40365 3.12174 3.09738 3.07325 4.24262 3.03091 3.00817 2.92451 2.77414 2.75939 2.64162 2.62442 2.49882
threshold=1.0900000000000003 155.94500000000002 4.9500000000000011 1.0000000180025095e-35 140.16300000000004 4.8500000000000005 4.5000000000000009 8.9000000000000021 90006.309752000685 205719.46855074697 63551.000000000007 43.097942437332144 21.939606477639373 148.53300000000004 21.939606477639373 38609.000000000007 142620.05344522887 6527.6000000000013 63.410402927863394 233311.11213516156 3.5000000000000004 4.6500000000000012 58198.000000000007 1.5000000000000002 29.750000000000004 85.851013543373014 -0.019999999999999792 7767.5500000000002 3.5000000000000004 39.951102652477168 199144.29579203791 36326.500000000007 86.351803166888047 8836.1000000000022 208522.58761885058 74.189245718843068 21.939606477639373 69397.955036653439 56.628438516856093 146.49550000000002 12772.600000000002 1.0000000180025095e-35 1.5000000000000002 27.956173823152792 3.5000000000000004 95655.500000000015 95996.790430202309 1.5000000000000002 64612.500000000007 154136.87753350326 1.0000000180025095e-35 37.312155874571374 2.5000000000000004 575443.16250055691 1.5000000000000002 27.383151781941901 2.5000000000000004 11.644965679929916 3.5000000000000004 3.5000000000000004 13221.800000000001 2.5000000000000004
decision_type=2 2 2 2 2 2 2 2 2 2 2 2 2 2 2 2 2 2 2 2 2 2 2 2 2 2 2 2 2 2 2 2 2 2 2 2 2 2 2 2 2 2 2 2 2 2 2 2 2 2 2 2 2 2 2 2 2 2 2 2 2 2
left_child=2 4 10 14 26 6 9 8 36 11 15 42 22 39 24 37 40 34 56 25 33 -18 -10 41 -4 44 50 28 29 54 -31 -16 48 -9 -7 -8 -5 -1 -12 -6 46 -20 43 61 51 -21 -17 -34 49 -33 57 -14 53 -43 -19 -35 -11 -2 -27 -38 -40 -3
right_child=1 5 3 7 13 17 35 20 12 18 38 -13 19 -15 31 16 21 27 23 45 -22 -23 -24 -25 -26 58 -28 -29 -30 30 -32 32 47 55 -36 -37 59 -39 60 -41 -42 52 -44 -45 -46 -47 -48 -49 -50 -51 -52 -53 -54 -55 -56 -57 -58 -59 -60 -61 -62 -63
leaf_value=0.040953532784642969 0.037825176456332897 0.029414584612549168 0.039167226895483971 0.039187537787121959 0.035065338906157179 0.033925037843606294 0.028456208660205026 0.035716103829225777 0.037891460083717653 0.031592445128445779 0.037398860203465709 0.03310120907648828 0.037479198445814502 0.033996329029415073 0.039175633695324924 0.037462326723202329 0.039223339156633397 0.031848187294071587 0.031642172606228411 0.036385281540026293 0.035309103716737754 0.038306039082811494 0.03642581366410845 0.032500367639555758 0.036999314371433875 0.037833889441404076 0.035836885102723814 0.033225717987222833 0.031562613456880308 0.033513215841660039 0.032407176423885582 0.037340438514898912 0.038663544833288252 0.037320303134472765 0.032996406369589171 0.030416282087190508 0.038199475208504911 0.039355791784260102 0.037641386151512017 0.034577593776243795 0.038601653020524311 0.028981940806426455 0.032350982483764369 0.031752812027273418 0.036350933603292293 0.035610816431689125 0.038157877096574255 0.037410393058437776 0.036878682027119788 0.037876489107554263 0.037970618460407432 0.036771903781377555 0.031730880185071211 0.030822119555824992 0.033055977682900556 0.036355597145292989 0.032394333898757149 0.036426934447119363 0.036750691288264956 0.037307655821656842 0.038526421877440938 0.031270415706248986
leaf_weight=6043 3947 4215 23598 9097 80832 32696 9257 30725 38686 47382 39314 52918 17925 70812 6139 31366 97126 22707 3701 81909 33397 31028 10147 3760 4094 21405 36728 39964 14015 29244 28412 58911 19290 9994 27953 5028 26770 19464 13647 99799 24322 9119 8605 9611 45804 18153 40638 6909 16915 59542 4420 113416 1956 4771 6735 42211 14960 35034 8106 12037 21688 3184
leaf_count=6043 3947 4215 23598 9097 80832 32696 9257 30725 38686 47382 39314 52918 17925 70812 6139 31366 97126 22707 3701 81909 33397 31028 10147 3760 4094 21405 36728 39964 14015 29244 28412 58911 19290 9994 27953 5028 26770 19464 13647 99799 24322 9119 8605 9611 45804 18153 40638 6909 16915 59542 4420 113416 1956 4771 6735 42211 14960 35034 8106 12037 21688 3184
internal_value=0.035913 0.0336063 0.037492 0.0370382 0.0349911 0.0323986 0.0317669 0.0367262 0.0369445 0.031995 0.0384917 0.0325819 0.0367804 0.0345707 0.037868 0.038707 0.0385902 0.0329574 0.0314568 0.036652 0.0359691 0.0390012 0.0375869 0.0305794 0.0388467 0.0368491 0.0363105 0.0327254 0.0325277 0.032683 0.0329682 0.0377064 0.0376506 0.0362349 0.033497 0.0291461 0.038163 0.0397343 0.0377708 0.0347959 0.0380434 0.0302098 0.031509 0.0310831 0.0367346 0.0362448 0.0378549 0.0383331 0.0375185 0.0376099 0.0367113 0.0368684 0.0298753 0.029614 0.0321245 0.0365403 0.0317849 0.0365685 0.0375364 0.0379229 0.0381846 0.0302132
internal_weight=1.75158e+06 711765 1.03982e+06 715180 331572 380193 178467 519782 403455 164182 324636 78533 355551 251443 195398 249987 224480 201726 85649 306718 116327 128154 48833 23307 27692 206656 80129 141077 101113 87098 57656 167706 161567 82930 60649 14285 47904 25507 74649 180631 96326 19547 25615 17010 177145 100062 72004 26199 135368 118453 43401 131341 15846 13890 29442 52205 62342 38981 29511 38807 35335 7399
internal_count=1751581 711765 1039816 715180 331572 380193 178467 519782 403455 164182 324636 78533 355551 251443 195398 249987 224480 201726 85649 306718 116327 128154 48833 23307 27692 206656 80129 141077 101113 87098 57656 167706 161567 82930 60649 14285 47904 25507 74649 180631 96326 19547 25615 17010 177145 100062 72004 26199 135368 118453 43401 131341 15846 13890 29442 52205 62342 38981 29511 38807 35335 7399
is_linear=0
shrinkage=1


Tree=1
num_leaves=63
num_cat=0
split_feature=2 5 7 32 5 32 7 3 18 31 5 31 18 7 5 39 0 0 29 32 0 32 32 0 18 32 29 35 35 39 39 35 31 0 0 1 32 32 0 31 31 35 0 3 19 5 0 0 40 3 3 35 32 35 3 3 39 0 3 1 38 31
split_gain=2303.04 429.78 170.294 78.0651 71.4781 59.3774 41.4764 28.378 24.6218 24.2413 22.4749 19.0397 18.3858 16.3881 15.5508 14.5091 13.8105 12.7457 19.5426 11.1969 10.5465 9.21249 8.84272 8.45574 7.80517 7.38046 6.05548 5.98806 5.98604 5.96511 5.2406 4.90379 4.8916 6.15514 4.86977 4.78816 4.63335 4.5971 5.22786 5.12275 4.59415 5.40739 6.59584 4.21706 4.20648 4.20243 4.10063 4.05144 3.92053 3.84815 3.84792 3.76117 4.32206 5.73817 3.72344 3.61237 3.50413 3.40525 3.35578 3.20809 3.13734 3.0985
threshold=1.0900000000000003 158.27000000000001 4.9500000000000011 1.0000000180025095e-35 140.16300000000004 1.5000000000000002 8.7500000000000018 6652.3000000000002 41519.000000000007 3.5000000000000004 172.49600000000001 3.5000000000000004 57961.000000000007 9.2000000000000011 148.53300000000004 43.450059592741972 200451.26106431909 155106.92683394777 63.739186169979547 1.0000000180025095e-35 183889.70323386937 12.500000000000002 2.5000000000000004 90006.309752000685 57961.000000000007 1.0000000180025095e-35 63.218098866824484 1.0000000180025095e-35 1.0000000180025095e-35 9.0669939299137337 27.956173823152792 1.0000000180025095e-35 5.5000000000000009 530784.53092997277 319475.88159145846 3.8150000000000004 1.0000000180025095e-35 13.500000000000002 119113.85617720067 10.500000000000002 4.5000000000000009 1.0000000180025095e-35 108982.66453029613 12772.600000000002 376550.00000000006 147.54450000000003 75933.858739744828 274661.31666341174 30.298622859806333 7637.0000000000009 5983.7500000000009 2.5000000000000004 2.5000000000000004 1.0000000180025095e-35 7718.8500000000013 9003.3000000000011 92.754276332311875 108982.66453029613 12271.100000000002 6.535000000000001 62.108222030497011 6.5000000000000009
decision_type=2 2 2 2 2 2 2 2 2 2 2 2 2 2 2 2 2 2 2 2 2 2 2 2 2 2 2 2 2 2 2 2 2 2 2 2 2 2 2 2 2 2 2 2 2 2 2 2 2 2 2 2 2 2 2 2 2 2 2 2 2 2
left_child=2 4 12 6 25 7 8 27 26 22 54 30 17 24 21 40 -17 18 46 43 -12 45 28 -13 37 31 -4 -3 -5 -25 -10 -2 -22 51 58 -19 44 38 39 48 41 -9 -43 57 -14 -6 -1 -39 -11 61 -27 52 53 -34 -7 -8 -32 -20 -31 -30 -37 -18
right_child=1 5 3 9 14 10 55 15 11 13 20 23 36 -15 -16 16 49 35 19 -21 32 -23 -24 29 -26 50 -28 -29 59 34 56 -33 33 -35 -36 60 -38 47 -40 -41 -42 42 -44 -45 -46 -47 -48 -49 -50 -51 -52 -53 -54 -55 -56 -57 -58 -59 -60 -61 -62 -63
leaf_value=0.0047909037935782257 0.00039394992546376551 -0.001775952948681706 0.0027043237836847684 0.0018200898326531838 -0.0009034358815435715 -0.0041171657944426635 -0.00050825607005674991 -0.0037674274847707789 0.0021137489509031526 0.00013254111380398066 -0.0039780387457393372 0.0015604294010945364 0.0018853997210425085 0.00019819875165756498 -0.0018772079352791201 -0.002622384931408928 -0.0035446094524206003 0.0022227416008033249 0.0013636061865534696 0.0033930959008012444 -0.003960013684990756 0.00079069546121646661 0.0055003202583544285 0.0013838104231351186 0.0010008161918255733 0.0017112653342663175 0.0013868640286279683 -0.0026795975612585528 0.0026172842004441041 0.00050331537995413581 0.0011409242389919022 -0.00060734437346754606 -0.002449042391445902 -0.0049527057233809792 -5.441803637527326e-06 0.0027776290746618758 0.0026374836513155422 0.0040861725499953946 0.0016417256047704613 0.0016021930448645253 -0.003595241695777364 -0.0073389476432218622 -0.0045706569956407055 0.002468657512484717 0.00098210882472654008 -0.0013962046682329506 0.0032809246180596227 0.0023193079189075981 0.0032003821472085902 -0.0028736768297715314 0.00050836379816665881 -0.0020131510013954774 -0.0072787538498130929 -0.006345838956144479 -0.002773708771044877 0.00011899454572166812 0.002394418193703922 0.0020603886601665532 0.0013725699205165808 0.0037703386849876684 0.0034228698882937825 -0.0043787722216070846
leaf_weight=6489 34303 34829 23067 9757 93972 11172 45779 18768 17370 1112 8548 20895 60141 16350 86357 78148 36227 13549 37337 14137 2771 6473 3518 18079 20479 12165 14025 38707 10453 158032 134240 19001 1116 7639 48105 26820 15591 4757 54154 10341 51990 2575 13090 23158 16404 80186 14641 10204 16404 14234 14660 434 12594 6155 9580 46036 5817 33061 11942 14264 63308 16071
leaf_count=6489 34303 34829 23067 9757 93972 11172 45779 18768 17370 1112 8548 20895 60141 16350 86357 78148 36227 13549 37337 14137 2771 6473 3518 18079 20479 12165 14025 38707 10453 158032 134240 19001 1116 7639 48105 26820 15591 4757 54154 10341 51990 2575 13090 23158 16404 80186 14641 10204 16404 14234 14660 434 12594 6155 9580 46036 5817 33061 11942 14264 63308 16071
internal_value=-1.68616e-07 -0.00219154 0.00149985 0.00106874 -0.000932256 -0.00339028 0.000775021 -0.0031071 0.000971995 0.0019978 -0.00482785 0.000861548 0.00244958 0.00168131 -0.00132532 -0.00337932 -0.00307313 0.00268645 0.00235434 0.00208155 -0.00553138 -0.00106148 0.00311243 0.000596346 0.00188777 0.000377437 0.00220617 -0.0022516 0.00286875 0.000511045 0.00129458 3.70237e-05 -0.00596376 -0.0061625 0.000438691 0.00309912 0.00185184 0.00207508 0.00192804 0.00248464 -0.00389192 -0.00433987 -0.00502571 0.00188337 0.00169182 -0.00113032 0.00374464 0.0028811 0.00300562 -0.00360256 0.00105387 -0.00661777 -0.00671837 -0.00574773 -0.00349697 -0.000193753 0.00119299 0.00169084 0.000564387 0.0032827 0.00323086 -0.00380094
internal_weight=1.75158e+06 711765 1.03982e+06 715180 347117 364648 543387 304639 451572 171793 60009 414480 324636 133801 266988 231103 144680 232500 128823 107693 39257 180631 37992 257053 117451 80129 37092 73536 34474 236158 157427 53304 30709 27938 218079 103677 92136 96972 82011 27857 86423 34433 15665 93556 76545 174158 21130 14961 17516 66532 26825 20299 19865 7271 20752 91815 140057 70398 169974 24717 90128 52298
internal_count=1751581 711765 1039816 715180 347117 364648 543387 304639 451572 171793 60009 414480 324636 133801 266988 231103 144680 232500 128823 107693 39257 180631 37992 257053 117451 80129 37092 73536 34474 236158 157427 53304 30709 27938 218079 103677 92136 96972 82011 27857 86423 34433 15665 93556 76545 174158 21130 14961 17516 66532 26825 20299 19865 7271 20752 91815 140057 70398 169974 24717 90128 52298
is_linear=0
shrinkage=0.05


Tree=2
num_leaves=63
num_cat=0
split_feature=2 5 7 32 5 32 7 7 5 18 31 31 18 7 32 5 0 29 33 36 39 0 3 32 36 0 39 32 31 39 31 0 28 0 39 31 3 39 3 31 0 32 36 36 31 3 32 0 36 3 0 3 3 40 31 9 0 39 36 0 32 0
split_gain=2078.5 388.214 153.69 70.4538 59.9105 52.6811 37.4324 28.4826 24.0822 22.2222 21.8778 17.2012 16.5932 14.7903 11.9689 11.9128 11.1268 18.3228 11.0938 11.6274 9.5696 11.0195 9.48333 7.98056 7.61745 8.85471 7.5714 6.62639 6.22371 5.57069 5.55739 5.53908 5.11793 5.07621 4.74447 4.73079 4.59816 4.5568 4.54166 4.23854 5.09247 5.09881 7.85034 5.17045 4.37164 3.8647 3.79289 3.6903 3.6655 3.57019 3.44194 3.31722 3.26062 3.24342 3.23744 3.19718 3.16703 3.16203 3.12144 3.10822 3.09298 3.08268
threshold=1.0900000000000003 155.94500000000002 4.9500000000000011 1.0000000180025095e-35 138.727 1.5000000000000002 8.7500000000000018 4.8500000000000005 172.49600000000001 41719.500000000007 3.5000000000000004 3.5000000000000004 57961.000000000007 9.2000000000000011 1.0000000180025095e-35 147.54450000000003 155106.92683394777 63.514826292256025 1.0000000180025095e-35 3.5000000000000004 43.450059592741972 204385.99217400947 6559.9000000000005 2.5000000000000004 7.5000000000000009 113193.39056799489 21.939606477639373 1.0000000180025095e-35 18.500000000000004 43.966045737443913 15.500000000000002 236764.02463618838 34.850000000000001 300855.65207859472 27.956173823152792 1.5000000000000002 13275.300000000001 39.951102652477168 7734.5500000000002 5.5000000000000009 575443.16250055691 2.5000000000000004 1.0000000180025095e-35 1.0000000180025095e-35 9.5000000000000018 12772.600000000002 12.500000000000002 74346.569629911261 1.5000000000000002 5617.1500000000005 450518.45484227542 8881.1500000000015 9071.4500000000025 76.42772519330002 3.5000000000000004 -0.38499999999999973 196634.48910750871 92.754276332311875 3.5000000000000004 98941.013381852608 1.0000000180025095e-35 87702.298432998898
decision_type=2 2 2 2 2 2 2 2 2 2 2 2 2 2 2 2 2 2 2 2 2 2 2 2 2 2 2 2 2 2 2 2 2 2 2 2 2 2 2 2 2 2 2 2 2 2 2 2 2 2 2 2 2 2 2 2 2 2 2 2 2 2
left_child=2 4 12 6 27 7 9 20 38 29 23 34 14 24 16 46 17 47 19 39 -3 48 -9 49 25 52 32 -2 55 -4 -27 61 -13 -32 -11 53 -14 -24 -7 -10 41 43 -43 -41 -45 59 -6 -1 -22 -5 -44 -8 -12 -18 -53 -17 -39 -36 -15 -19 -38 -28
right_child=1 5 3 10 15 8 51 22 18 11 13 26 36 58 -16 28 35 45 -20 -21 21 -23 37 -25 -26 30 31 -29 -30 -31 33 -33 -34 -35 57 -37 60 56 -40 40 -42 42 50 44 -46 -47 -48 -49 -50 -51 -52 54 -54 -55 -56 -57 -58 -59 -60 -61 -62 -63
leaf_value=0.0046315243389842683 9.733920026587311e-05 -0.0039386854966731175 0.0026470395199261181 0.0031696950608655406 -0.00082533805151676016 -0.0038129983751153335 -0.00058881573276430314 -0.0019656235455532056 -0.0039009914782054803 0.0020098477871303491 0.0012320281521917499 0.0015549903195435366 0.001360061149417096 0.00049616084173934266 0.0033504044141334528 -0.0018709617165230674 0.0030076975792859791 0.0012167661590372473 -0.0018761677844004163 -0.0018910357005977492 -0.003125106874591028 -0.0037073006118223083 -0.0032107299022135494 0.0052253041559030301 0.00032982963726788485 0.0014399164185977067 0.0013064348105923445 0.0011082395121419654 0.00023969965432252131 0.0014316645906301054 0.0033817005310332426 0.00010637240086674017 0.00017619242910436105 0.0018189440900454085 0.0010830454181919983 0.0023495779508067656 0.0018994031296234932 -0.0022213138113991722 -0.0023928297879738424 -0.0062019521351799238 -0.0045679850048321721 -0.0035059908776419561 -0.0076122402740755645 -0.0029199613117441535 -0.0067275176737199589 0.0023481646310959756 0.0010219577978573531 0.0030574757698777202 -0.0022574418187404871 0.002142697106274316 -0.0058356568791763192 0.00091004440446852393 0.0030486012993168744 0.0044685624061106717 -0.00011792250116353197 -0.0013705980915713484 -0.0028768574858353234 0.0022754955268605406 -0.0013619814667811844 0.0018895924940684251 0.0029397684303831442 0.00055543538246442673
leaf_weight=5663 48362 55430 20286 19557 101355 13530 32631 60153 3042 17319 2844 28211 40460 13641 39066 46220 47082 29635 2288 2145 20504 41863 35700 3518 8265 64177 15287 24384 5167 17615 7799 75483 8839 15571 134000 31856 43113 40010 9641 6153 6192 1676 10044 2964 1011 23399 2857 10873 29955 14917 3742 9040 18795 4133 50144 103227 34150 5800 2709 40793 8563 128732
leaf_count=5663 48362 55430 20286 19557 101355 13530 32631 60153 3042 17319 2844 28211 40460 13641 39066 46220 47082 29635 2288 2145 20504 41863 35700 3518 8265 64177 15287 24384 5167 17615 7799 75483 8839 15571 134000 31856 43113 40010 9641 6153 6192 1676 10044 2964 1011 23399 2857 10873 29955 14917 3742 9040 18795 4133 50144 103227 34150 5800 2709 40793 8563 128732
internal_value=-1.60186e-07 -0.00208196 0.00142486 0.00101531 -0.000831559 -0.00317246 0.00073627 -0.00291158 -0.00450034 0.000923395 0.00189791 0.000817226 0.0023271 0.00159725 0.00255213 -0.00118787 0.00239091 0.0020619 -0.00525481 -0.00546391 -0.00341937 -0.00310758 -0.00247029 0.00295681 0.00179338 0.00190417 0.000564908 0.000436187 -0.00146636 0.00208218 0.00168031 0.000453313 0.00122605 0.00234046 0.00122922 0.002828 0.00175925 -0.00274661 -0.00322209 -0.00568398 -0.00585464 -0.00616598 -0.00673719 -0.00529393 -0.00388837 0.00179144 -0.000774694 0.00359653 -0.00261002 0.00272531 -0.00713001 -0.000184065 0.00280985 0.00312559 3.90933e-05 -0.00152535 -0.00252319 0.00113252 0.000188289 0.00160648 0.0020718 0.000635151
internal_weight=1.75158e+06 711765 1.03982e+06 715180 331572 380193 543387 317765 62428 451572 171793 413671 324636 133801 232500 258826 193434 110363 39257 36969 147752 92322 170013 37992 117451 109186 256552 72746 154614 37901 87547 219502 37050 23370 157119 83071 92136 109860 23171 34824 31782 25590 15462 10128 3975 93827 104212 16536 50459 34474 13786 91815 21639 51215 59184 149447 74160 139800 16350 70428 51676 144019
internal_count=1751581 711765 1039816 715180 331572 380193 543387 317765 62428 451572 171793 413671 324636 133801 232500 258826 193434 110363 39257 36969 147752 92322 170013 37992 117451 109186 256552 72746 154614 37901 87547 219502 37050 23370 157119 83071 92136 109860 23171 34824 31782 25590 15462 10128 3975 93827 104212 16536 50459 34474 13786 91815 21639 51215 59184 149447 74160 139800 16350 70428 51676 144019
is_linear=0
shrinkage=0.05


Tree=3
num_leaves=63
num_cat=0
split_feature=2 5 1 3 5 32 32 18 0 3 18 5 32 31 3 5 39 0 33 32 0 6 28 0 0 39 29 39 32 0 32 39 40 35 35 39 0 18 35 40 18 39 32 35 0 6 31 0 37 3 3 3 31 40 3 35 31 32 0 35 0 35
split_gain=1875.84 350.587 76.0823 104.681 58.3251 48.3779 47.7081 29.7933 27.2266 23.278 19.6751 18.5971 15.8461 13.2199 12.9316 12.6541 11.8903 10.8462 9.97966 7.88681 7.2188 6.97354 7.38152 6.93714 6.7535 6.73124 6.47563 6.13171 6.04128 5.98402 5.8836 5.76118 5.43459 5.74607 5.36965 5.28938 5.22146 4.589 4.42566 4.13855 4.07436 4.05988 3.85924 4.31003 3.82484 3.80162 3.74262 4.56261 4.51468 3.64891 3.45546 3.39845 3.36998 3.19189 3.18242 3.17899 3.15242 5.0976 3.10285 3.06279 2.93575 2.82459
threshold=1.0900000000000003 158.27000000000001 6.6300000000000008 12632.85 140.16300000000004 1.5000000000000002 1.0000000180025095e-35 48941.500000000007 150542.95089770158 6652.3000000000002 48941.500000000007 174.07000000000002 1.0000000180025095e-35 3.5000000000000004 9541.2500000000018 148.53300000000004 39.951102652477168 212668.42257851645 1.0000000180025095e-35 2.5000000000000004 42915.223655926136 164.00000000000003 28.550000000000004 102656.0117998835 135787.14631137656 22.754069472270796 63.218098866824484 39.673036203722013 1.0000000180025095e-35 65845.11501993546 1.5000000000000002 80.841173623830414 51.481956287913427 1.0000000180025095e-35 1.0000000180025095e-35 5.0019251923815231 476294.43406367424 91831.000000000015 1.0000000180025095e-35 20.083239779060747 97291.500000000015 13.412695086962193 1.0000000180025095e-35 1.0000000180025095e-35 69397.955036653439 152.95000000000002 5.5000000000000009 575443.16250055691 1.0000000180025095e-35 7718.8500000000013 7560.7500000000009 6025.6500000000005 3.5000000000000004 90.476229839711877 8454.2500000000018 3.5000000000000004 1.0000000180025095e-35 1.0000000180025095e-35 259158.62660751175 2.5000000000000004 98941.013381852608 3.5000000000000004
decision_type=2 2 2 2 2 2 2 2 2 2 2 2 2 2 2 2 2 2 2 2 2 2 2 2 2 2 2 2 2 2 2 2 2 2 2 2 2 2 2 2 2 2 2 2 2 2 2 2 2 2 2 2 2 2 2 2 2 2 2 2 2 2
left_child=2 4 3 6 28 9 7 26 12 34 29 49 41 20 -15 19 36 55 24 45 -9 -8 27 -16 -13 56 44 -23 38 -5 52 37 39 58 -3 -25 61 -12 -2 -27 -37 -4 -41 -44 -1 -6 -26 48 59 -7 -19 -30 -14 60 -21 -18 -10 -58 -34 -48 -43 -11
right_child=1 5 8 10 15 11 21 13 25 16 31 18 30 14 23 -17 17 50 -20 54 -22 22 -24 35 46 32 -28 -29 51 -31 -32 -33 33 -35 -36 40 -38 -39 -40 42 -42 53 43 -45 -46 -47 47 -49 -50 -51 -52 -53 -54 -55 -56 -57 57 -59 -60 -61 -62 -63
leaf_value=0.0031036943057894534 0.00037366223280938665 -0.0015796961458793219 0.0030507142223226008 0.004341197715673201 -0.0014288135630582204 -0.0037759813823723385 0.00044897183728775155 0.0040566282938017117 0.0052816428797215383 -0.0038480934021680856 0.0018343884816420738 -0.0030977559552261692 0.0029064082051469772 -0.00033809459599748367 0.0011703914459820985 -0.0016934057012419927 -0.0025174758238242691 -0.0034937108836533785 -0.0017809743990883796 -0.0011107551428802939 0.00085566389460673775 0.0023863195900029294 0.00083256675068616316 0.0013489673091080998 -0.0037447212359569613 0.003279302288608794 0.001108263038689836 0.0016163670604721796 0.0014679203155421681 0.0027329797718344865 0.0053126376788363641 0.0025686122211645078 0.0023780080657791387 0.0037985629585199133 -0.0024354081293146645 0.00035399031569002478 -0.0026975731423592247 0.0010280690873080414 -0.00057756603022936378 0.001445854755811643 -0.00047305416351122587 0.00093890075328410382 0.00052561216457896174 0.0037774078566957248 0.001812663270537818 -0.00090733060200824797 -0.0061818850881631936 -0.0044153473033526321 -0.0017720697316196664 -0.002503885591331724 -0.0026448736003489787 0.00033759549013507477 0.00023806079784407315 0.0038765416426056968 0.00034330743800912902 -0.0012145442026398031 0.0021271807482110047 0.004403178327966187 0.0033257411697508025 -0.0017718549745222392 0.0015390283996934661 -0.0023428811607363589
leaf_weight=7571 34303 34829 3506 6461 51393 13697 11877 1789 3025 57916 87226 3253 13281 66665 29199 86357 85113 50031 2184 5024 113927 37940 20415 12481 2793 5910 31338 81199 14642 55218 2459 21385 30830 14383 38707 188903 14027 22121 19001 17992 16166 36163 1358 4082 23682 109222 21650 5832 619 9580 15768 12183 1299 1198 14992 4954 4261 5821 11997 401 46688 3294
leaf_count=7571 34303 34829 3506 6461 51393 13697 11877 1789 3025 57916 87226 3253 13281 66665 29199 86357 85113 50031 2184 5024 113927 37940 20415 12481 2793 5910 31338 81199 14642 55218 2459 21385 30830 14383 38707 188903 14027 22121 19001 17992 16166 36163 1358 4082 23682 109222 21650 5832 619 9580 15768 12183 1299 1198 14992 4954 4261 5821 11997 401 46688 3294
internal_value=-1.52176e-07 -0.00197786 0.00135361 0.00114215 -0.000840503 -0.00306055 0.000836046 0.000597068 0.00221866 -0.00280494 0.00216535 -0.00435815 0.00165517 0.00044843 0.000279803 -0.00119557 -0.00305149 -0.00280231 -0.00505884 -0.00095756 0.000905152 0.00161205 0.00171103 0.000446742 -0.00526605 0.00281005 0.00161615 0.00186156 0.000342568 0.00290144 0.00305024 0.00181806 0.00265014 0.00293389 -0.00203012 0.000349616 -0.00356769 0.00167127 3.45828e-05 0.00209691 0.000288793 0.00138367 0.00179869 0.00296565 0.00212541 -0.00107419 -0.00549144 -0.0056626 -0.00598347 -0.00325243 -0.0032903 0.000954565 0.00266867 0.00131413 -2.16611e-05 -0.00244581 0.00386601 0.00344126 0.00264349 -0.00610169 0.00127708 -0.00376709
internal_weight=1.75158e+06 711765 1.03982e+06 835563 347117 364648 643152 491721 204253 304639 192411 60009 104594 429130 313414 266988 231103 155866 36732 180631 115716 151431 139554 246749 34548 99659 62591 119139 80129 61679 17039 130732 86552 57210 73536 217550 75237 109347 53304 29342 205069 87555 23432 5440 31253 160615 31295 28502 22670 23277 65799 26825 14580 84049 20016 90067 13107 10082 42827 22051 82851 61210
internal_count=1751581 711765 1039816 835563 347117 364648 643152 491721 204253 304639 192411 60009 104594 429130 313414 266988 231103 155866 36732 180631 115716 151431 139554 246749 34548 99659 62591 119139 80129 61679 17039 130732 86552 57210 73536 217550 75237 109347 53304 29342 205069 87555 23432 5440 31253 160615 31295 28502 22670 23277 65799 26825 14580 84049 20016 90067 13107 10082 42827 22051 82851 61210
is_linear=0
shrinkage=0.05


Tree=4
num_leaves=63
num_cat=0
split_feature=3 5 5 3 3 32 32 34 32 0 0 5 18 34 39 5 3 0 33 34 36 5 39 32 28 36 34 0 3 35 7 32 32 32 38 39 35 38 18 32 28 34 38 0 39 0 35 0 32 34 39 22 39 3 32 35 0 36 34 0 34 3
split_gain=691.061 1152.53 193.925 135.965 78.5351 44.7007 34.6738 30.704 24.6903 23.1738 21.9315 19.8037 17.7682 14.8121 13.8863 13.0782 12.7408 10.6008 9.49957 10.5706 10.5395 11.6604 9.45425 9.00929 7.45276 7.09591 7.41386 9.08544 6.92971 6.91009 6.71994 6.70535 6.2658 6.12636 6.0582 5.93348 5.90487 5.82537 5.43244 5.00183 4.91906 4.87365 4.7923 4.78957 4.78908 4.70706 4.38991 4.32311 5.88463 9.13006 4.25593 4.15218 4.14972 4.13622 3.9118 4.28313 5.8394 4.27318 3.35836 3.30222 3.21576 3.17098
threshold=9003.3000000000011 143.10200000000003 163.46950000000001 5732.6000000000013 12632.85 1.5000000000000002 1.0000000180025095e-35 4.5000000000000009 1.0000000180025095e-35 75933.858739744828 154136.87753350326 148.53300000000004 44613.500000000007 1.0000000180025095e-35 46.765684802667096 133.21300000000002 5450.7000000000007 191899.49120198158 1.0000000180025095e-35 1.0000000180025095e-35 3.5000000000000004 176.07400000000004 21.939606477639373 2.5000000000000004 27.750000000000004 7.5000000000000009 1.5000000000000002 111529.23726048466 6742.4000000000005 1.5000000000000002 4.8500000000000005 1.0000000180025095e-35 1.5000000000000002 1.0000000180025095e-35 62.108222030497011 80.841173623830414 1.0000000180025095e-35 60.938897487673707 57961.000000000007 1.0000000180025095e-35 47.45000000000001 1.0000000180025095e-35 81.195862075745069 119113.85617720067 47.317637844907111 51150.335100818651 1.0000000180025095e-35 612939.4323817488 2.5000000000000004 3.5000000000000004 13.412695086962193 6536.5000000000009 11.644965679929916 6762.0000000000009 1.0000000180025095e-35 1.0000000180025095e-35 109823.50028000973 2.5000000000000004 1.5000000000000002 29672.543611481178 8.5000000000000018 7099.2000000000016
decision_type=2 2 2 2 2 2 2 2 2 2 2 2 2 2 2 2 2 2 2 2 2 2 2 2 2 2 2 2 2 2 2 2 2 2 2 2 2 2 2 2 2 2 2 2 2 2 2 2 2 2 2 2 2 2 2 2 2 2 2 2 2 2
left_child=1 3 11 8 6 7 9 14 10 51 37 23 45 38 28 31 34 53 19 -7 21 -21 -15 -3 25 26 27 -8 -4 30 46 41 42 -31 44 40 -24 50 -11 -17 -14 -5 52 60 -12 -6 -9 48 49 -23 -1 59 -10 -16 55 -30 -57 -58 -38 -2 -28 -35
right_child=4 2 5 15 12 18 24 29 32 13 16 -13 35 22 17 39 -18 -19 -20 20 -22 47 36 -25 -26 -27 43 -29 54 33 -32 -33 -34 61 -36 -37 58 -39 -40 -41 -42 -43 -44 -45 -46 -47 -48 -49 -50 -51 -52 -53 -54 -55 -56 56 57 -59 -60 -61 -62 -63
leaf_value=0.0027252151437005406 0.0032852691713386901 -0.001060298758043633 -0.0024054881979226218 0.0001673317812973998 0.0046851646245047226 -0.0014457175512841618 0.0046854396336239636 -0.0041428434783011107 0.0038144577927656416 0.0017772093457535032 0.0026803106504056421 -0.0017407825999737571 0.0018246486233250894 0.0011403673206961513 -0.0013296804686884186 -0.00039947815804772658 0.0012906096457747721 -0.0027561605166066322 -0.0016222783019677366 -0.003853798770705678 -0.0017388782632129609 -0.0029385791001366266 0.00052872176748312654 6.465514887888048e-05 0.00080880185645621459 0.00029171848445065418 0.0023861186937491857 0.0022089923622508169 -0.0031260762521531159 -0.0017475609841784139 -0.0040992281618108415 0.0015198008212114426 0.0041580776308490662 -0.0073708599028719929 0.0029527551022029475 0.0024926905253832492 0.00042216183647544739 0.0015138168881276147 0.00075451502568849179 0.00031491637173674137 0.001082115240621938 0.0018807770488945578 0.0037090600950871961 0.0011024318867282337 0.00096233908764593455 0.0027730782279570287 -0.0068857650110299221 -0.0042158152820369558 -0.0065396220474638464 -0.0060938637830147795 0.0005616833162181298 0.0032180812667406814 0.0021740587021997692 -0.0021377685292342029 -0.0027482597787409943 -0.0055046633600099159 -0.0041313092529098065 -0.0025591786442949018 -0.00012030364114352529 0.0015029009981824156 -0.00012695831929293442 -0.002981333898506462
leaf_weight=2448 2932 154188 29636 33695 3485 2616 4117 1939 4531 29897 8281 132872 92525 41090 23167 75104 22228 65914 2958 16611 2804 3675 161889 20120 21145 6759 15481 36887 29495 3213 7324 19343 9423 953 49168 24897 44096 69070 22955 36365 29389 4733 9428 26599 7952 42115 5889 5093 12686 6095 31805 5506 25853 50037 22331 5212 13375 6386 80832 22858 1387 724
leaf_count=2448 2932 154188 29636 33695 3485 2616 4117 1939 4531 29897 8281 132872 92525 41090 23167 75104 22228 65914 2958 16611 2804 3675 161889 20120 21145 6759 15481 36887 29495 3213 7324 19343 9423 953 49168 24897 44096 69070 22955 36365 29389 4733 9428 26599 7952 42115 5889 5093 12686 6095 31805 5506 25853 50037 22331 5212 13375 6386 80832 22858 1387 724
internal_value=-1.44563e-07 -0.00082677 -0.00217704 0.00123548 0.00119307 -0.00304227 0.000876065 -0.00277866 0.00200032 0.000663748 0.00174291 -0.00128096 0.00205708 0.000556248 -0.00262508 0.000150006 0.00232477 -0.00229619 -0.00437486 -0.00453908 -0.00471138 -0.00490013 0.000431047 -0.000930448 0.00165458 0.00185062 0.00197535 0.00245764 -0.00305495 -0.0046604 -0.00518783 0.000760545 0.00299868 -0.00302614 0.00267625 0.0017893 0.000329428 0.00124943 0.00133303 -0.000166418 0.00164565 0.000378369 0.00272426 0.00152039 0.00183873 0.00291921 -0.00620634 -0.00553102 -0.00582931 -0.004907 0.000716307 0.00197164 0.00241868 -0.00188203 -0.00330557 -0.00353406 -0.00401592 -0.00362326 7.11711e-05 0.00170553 0.00217948 -0.0054758
internal_weight=1.75158e+06 1.03474e+06 625313 409427 716841 318133 524430 265595 240187 412055 190952 307180 192411 380759 245553 169240 87629 139118 52538 49580 46964 44160 327907 174308 112375 91230 84471 41004 106435 20042 15152 57771 49235 4890 65401 146811 286817 103323 52852 111469 121914 38428 39812 43467 16233 45600 7828 27549 22456 9770 34253 31296 30384 73204 76799 54468 24973 19761 124928 25790 16868 1677
internal_count=1751581 1034740 625313 409427 716841 318133 524430 265595 240187 412055 190952 307180 192411 380759 245553 169240 87629 139118 52538 49580 46964 44160 327907 174308 112375 91230 84471 41004 106435 20042 15152 57771 49235 4890 65401 146811 286817 103323 52852 111469 121914 38428 39812 43467 16233 45600 7828 27549 22456 9770 34253 31296 30384 73204 76799 54468 24973 19761 124928 25790 16868 1677
is_linear=0
shrinkage=0.05


Tree=5
num_leaves=63
num_cat=0
split_feature=2 5 7 32 5 32 34 7 28 7 34 7 5 5 32 31 0 39 33 36 34 29 0 7 5 39 32 32 36 0 34 35 34 32 0 0 31 5 39 32 35 28 29 35 0 37 0 32 34 35 34 35 0 35 33 5 5 35 0 40 34 4
split_gain=1530.06 286.225 116.686 51.9816 50.7593 40.415 27.8574 24.8883 19.2816 16.2703 14.0427 13.2801 12.3496 11.4709 10.905 10.7709 10.5242 10.0181 8.24186 9.0727 8.87874 8.19872 9.97524 9.23901 7.91453 7.79241 6.96943 6.83093 6.60484 6.91136 6.5576 6.02249 5.68958 8.15331 5.41777 5.37255 5.34407 5.33395 5.28498 5.04485 4.97081 4.8776 5.94362 4.81624 4.72859 4.51662 5.67871 4.68449 8.48834 4.4344 4.2265 4.04388 3.96093 3.60748 5.00331 3.43472 3.39828 3.34493 4.1836 3.19873 3.19372 5.08503
threshold=1.0900000000000003 160.18800000000002 5.0500000000000007 1.0000000180025095e-35 141.57900000000004 1.5000000000000002 4.5000000000000009 8.7500000000000018 34.250000000000007 9.2000000000000011 1.5000000000000002 4.7500000000000009 174.39150000000004 148.53300000000004 1.0000000180025095e-35 3.5000000000000004 47346.623621168306 20.286256718565067 1.0000000180025095e-35 3.5000000000000004 1.0000000180025095e-35 60.351216563613868 144395.46480742042 4.6500000000000012 174.95500000000001 39.951102652477168 2.5000000000000004 12.500000000000002 7.5000000000000009 114852.77503361242 1.5000000000000002 1.5000000000000002 1.0000000180025095e-35 1.0000000180025095e-35 221714.5290785722 77365.897152801961 4.5000000000000009 181.71200000000002 45.067642227021203 1.0000000180025095e-35 1.0000000180025095e-35 44.150000000000013 64.027339448761225 1.0000000180025095e-35 233311.11213516156 1.0000000180025095e-35 485962.46538555197 2.5000000000000004 3.5000000000000004 1.5000000000000002 8.5000000000000018 1.0000000180025095e-35 218579.11404867686 1.0000000180025095e-35 1.0000000180025095e-35 134.37250000000003 178.12850000000003 1.0000000180025095e-35 110671.22989529466 30.298622859806333 1.5000000000000002 3.6200000000000006
decision_type=2 2 2 2 2 2 2 2 2 2 2 2 2 2 2 2 2 2 2 2 2 2 2 2 2 2 2 2 2 2 2 2 2 2 2 2 2 2 2 2 2 2 2 2 2 2 2 2 2 2 2 2 2 2 2 2 2 2 2 2 2 2
left_child=2 4 8 7 32 6 11 10 14 15 16 25 -7 27 21 26 -4 -12 19 20 -14 35 56 -24 -8 36 43 -6 29 50 52 40 33 49 -27 -1 57 -10 -13 -33 -26 42 -18 -5 -40 46 47 48 -22 -2 59 -16 -31 54 -19 -35 -23 -3 -59 -17 61 -61
right_child=1 5 3 9 13 12 24 -9 37 -11 17 38 18 -15 51 28 41 53 -20 -21 45 22 23 -25 31 34 -28 -29 -30 30 -32 39 -34 55 -36 -37 -38 -39 44 -41 -42 -43 -44 -45 -46 -47 -48 -49 -50 -51 -52 -53 -54 -55 -56 -57 -58 58 -60 60 -62 -63
leaf_value=0.0039853500576036991 -0.00011652450074634306 -0.0033309182375739106 0.0027686241840855692 0.001282167499235811 -0.00095082067251197125 -0.0030976308737539421 -0.003200769915024214 -0.00017232590808952789 0.00067143965814013377 0.00012748537588267974 0.0013016095792116168 -0.0024643214285216585 -0.0015420243971529834 -0.0015574389066669479 0.0024395137447567523 0.00019340727631490337 0.0018977626430290375 0.00065683255197567869 -0.0016065242060646419 -0.0014680484355693432 -0.0028479334061178104 0.0013122575405489203 0.0024709800051202651 0.0015282542628967104 -0.0037038746686976799 -0.0022030827597623336 0.0046638630691932361 0.000699574771694244 0.00011767191515500793 0.0024984678042435891 0.00091975806892143324 -0.0017875575708290953 0.0014479667332460752 0.0012356357602240529 -0.0030072098066387071 0.0023812188749734627 -0.0028658067810090546 0.0015331153435177236 -0.0015690074157081171 -0.0059406263067097618 -0.0063987907029586961 0.00011314221467649477 0.00090834697118178655 0.0026781359528133203 -0.0023758651890641849 -0.0020648702097180861 -0.0042791561946691316 -0.0065212381782712757 -0.0060856956337959553 -0.0016558590859154646 -0.00016982953177843181 0.0033655921761904638 0.0014971817039591542 -3.8777293958769502e-05 -0.00050244171960003641 0.00013384320605613328 0.0019658132724719645 -0.0070030846576083494 -0.0041784379343519033 0.0045145220453001247 0.0023844604135866872 0.00019790951474569379
leaf_weight=6893 44226 9315 7941 8434 166491 22185 9740 91664 27794 16703 25019 55617 1748 101876 32700 1268 16398 58010 2154 1926 3094 71095 82306 37983 2259 53124 3476 6515 7681 14784 35669 2096 8859 16941 34582 21501 24953 50759 55388 1123 7055 17433 204126 23106 27015 1099 8822 10558 5855 5232 1452 18433 29757 69815 11086 12144 27616 1599 7275 4384 13560 808
leaf_count=6893 44226 9315 7941 8434 166491 22185 9740 91664 27794 16703 25019 55617 1748 101876 32700 1268 16398 58010 2154 1926 3094 71095 82306 37983 2259 53124 3476 6515 7681 14784 35669 2096 8859 16941 34582 21501 24953 50759 55388 1123 7055 17433 204126 23106 27015 1099 8822 10558 5855 5232 1452 18433 29757 69815 11086 12144 27616 1599 7275 4384 13560 808
internal_value=7.42108e-07 -0.00178694 0.00122308 0.000823468 -0.000802801 -0.00280977 -0.00257063 0.00057247 0.00192524 0.00160489 0.000739055 -0.00242986 -0.00402185 -0.00113653 0.00210864 0.00177581 0.000978027 0.000380592 -0.00460341 -0.00479842 -0.00500417 0.00197125 0.00186761 0.0021733 -0.00426993 -0.00279076 0.00253902 -0.000888671 0.00153144 0.00163824 0.00142496 -0.00510082 0.000246779 0.000111295 -0.00252015 0.00277064 -0.00334092 0.00122823 -0.00208771 -0.00323642 -0.00574517 0.000918272 0.000981919 0.00230484 -0.00183353 -0.00520982 -0.00533182 -0.00580789 -0.00496628 -0.000279366 0.00243496 0.00277336 0.00182953 0.00021471 0.000470835 0.000775599 0.0014951 -0.00399272 -0.00468741 0.00262388 0.00278823 0.00384275
internal_weight=1.75052e+06 710866 1.03965e+06 662574 362284 348582 291141 501492 377080 161082 409828 268868 57441 274882 298527 144379 245898 163930 35256 33102 31176 247394 219000 120289 22273 130848 35016 173006 109363 101682 80210 12533 87402 78543 87706 28394 43142 78553 138020 3219 9314 237957 220524 31540 82403 29428 28329 19507 8949 49458 21472 51133 44541 138911 69096 29085 98711 18189 8874 20020 18752 5192
internal_count=1750520 710866 1039654 662574 362284 348582 291141 501492 377080 161082 409828 268868 57441 274882 298527 144379 245898 163930 35256 33102 31176 247394 219000 120289 22273 130848 35016 173006 109363 101682 80210 12533 87402 78543 87706 28394 43142 78553 138020 3219 9314 237957 220524 31540 82403 29428 28329 19507 8949 49458 21472 51133 44541 138911 69096 29085 98711 18189 8874 20020 18752 5192
is_linear=0
shrinkage=0.05


Tree=6
num_leaves=63
num_cat=0
split_feature=2 5 34 5 3 32 32 34 32 0 3 3 18 5 3 3 0 3 5 5 34 33 36 3 0 36 18 1 36 0 35 36 32 34 32 35 31 0 32 34 38 31 35 32 18 3 32 34 34 34 0 38 0 35 36 34 35 32 34 32 0 5
split_gain=1380.88 258.766 99.4578 39.807 38.0834 35.6169 27.9469 25.6248 19.1071 18.1597 17.7758 15.9322 15.6433 11.8122 13.8014 8.49393 16.1763 8.43387 8.42895 8.11748 7.27578 7.68288 8.38395 6.98368 6.71442 6.80092 6.46049 6.1463 5.94022 5.88594 5.7533 5.25501 5.152 5.09234 4.78426 4.75653 4.68705 4.58124 6.62015 7.44184 4.56779 5.24577 4.53047 6.52579 4.47097 4.46253 4.33886 6.89663 4.26064 4.16195 4.03484 3.9193 3.87473 3.37186 3.89899 3.36132 3.27841 4.89998 3.40232 3.27537 3.26578 3.19314
threshold=1.0900000000000003 155.94500000000002 1.0000000180025095e-35 138.727 12702.500000000002 1.5000000000000002 2.5000000000000004 4.5000000000000009 1.0000000180025095e-35 91074.866902879323 6674.2500000000009 7500.7000000000007 36326.500000000007 126.20350000000002 9437.6000000000022 5195.0500000000011 143535.91459307386 12702.500000000002 174.07000000000002 147.54450000000003 1.0000000180025095e-35 1.0000000180025095e-35 3.5000000000000004 9437.6000000000022 371429.33555197233 1.5000000000000002 87652.500000000015 6.6300000000000008 7.5000000000000009 95047.939531454831 1.5000000000000002 2.5000000000000004 1.5000000000000002 1.5000000000000002 1.0000000180025095e-35 1.0000000180025095e-35 18.500000000000004 518806.55865985056 2.5000000000000004 3.5000000000000004 83.020973194750155 1.0000000180025095e-35 1.0000000180025095e-35 1.0000000180025095e-35 47891.500000000007 12882.200000000003 1.0000000180025095e-35 1.0000000180025095e-35 5.5000000000000009 4.5000000000000009 97973.561530960054 81.195862075745069 199144.29579203791 1.5000000000000002 1.5000000000000002 7.5000000000000009 1.0000000180025095e-35 1.0000000180025095e-35 1.5000000000000002 1.0000000180025095e-35 72682.876690625286 178.07250000000002
decision_type=2 2 2 2 2 2 2 2 2 2 2 2 2 2 2 2 2 2 2 2 2 2 2 2 2 2 2 2 2 2 2 2 2 2 2 2 2 2 2 2 2 2 2 2 2 2 2 2 2 2 2 2 2 2 2 2 2 2 2 2 2 2
left_child=2 3 8 46 6 7 9 10 12 23 56 20 60 -11 49 16 -14 40 -9 59 -7 22 37 -4 25 -6 44 45 29 33 35 42 51 -8 -32 -20 -21 38 39 -22 -17 -42 52 50 -16 -10 47 -2 -46 -15 -44 -29 -12 54 -40 -50 -3 58 -58 -5 -1 -56
right_child=1 5 4 19 24 11 28 18 27 13 31 -13 15 14 26 17 -18 -19 30 36 21 -23 -24 -25 -26 -27 -28 32 -30 -31 34 -33 -34 -35 -36 -37 -38 -39 53 -41 41 -43 43 -45 48 -47 -48 -49 55 -51 -52 -53 -54 -55 61 -57 57 -59 -60 -61 -62 -63
leaf_value=0.0040964535020340939 -0.00016773678998165933 -0.0013026233655278321 0.00027124297402690578 -0.00083798088168011249 0.0014052161903263119 -0.0019917200189248879 0.0052965130859775871 -0.002864532973734138 0.0018034062049275381 0.0021494349157850693 -0.0020469655879722763 -0.00240356645457491 0.0012387589677062181 -0.00045328665308184057 0.001055930532179351 0.00099105872705453069 0.0024879891483084574 0.0018340734973764689 -0.0034653578687329671 -0.0012479068516604878 -0.0025133320954256978 -0.001526615366881731 -0.0013963847499872009 0.0015662417581205892 0.00088159051198996802 0.00232260543306953 -0.00029065548392941457 0.0023210233793921503 2.6321671046044138e-05 0.0016169194853799544 -0.0016653520088935848 -0.0021473369227085763 0.0042075167577788151 0.002020300898969853 -0.0055623417299924885 -0.0060080787483555824 0.0002796821694636488 -0.0037472795103740183 -0.0024185805190113543 -0.0050624273281950592 0.0032627048481774488 0.0013292195169352936 -0.0050879619943540047 -0.0024468792664553624 0.00038045264149278037 0.0027801101984530683 0.00090258617392069093 0.0015027904351743021 0.0013837998492943525 0.00059297562498444303 -0.0032477057154243448 0.0036501760075059405 -0.0028070842828539434 -0.0074654347983896226 -0.0046857578841371017 9.7811772976871139e-05 -0.0026765482636812855 -0.001297046352781641 -0.0010781653913521708 -0.00025506368462540328 0.0025408582241640775 -0.0063711917289064517
leaf_weight=6079 41048 40735 13386 66041 40832 3497 2102 9996 43590 8906 38342 17530 51441 64597 34134 121424 52221 54610 2430 149447 4363 2251 2023 46841 22446 39986 26970 24363 5295 48718 2256 73722 6132 2722 1210 7565 5196 9382 1001 8329 4790 13108 3269 33532 236641 15983 24316 7273 19565 11145 33528 7181 29793 2378 4806 6864 19589 17296 4011 37944 7582 6767
leaf_count=6079 41048 40735 13386 66041 40832 3497 2102 9996 43590 8906 38342 17530 51441 64597 34134 121424 52221 54610 2430 149447 4363 2251 2023 46841 22446 39986 26970 24363 5295 48718 2256 73722 6132 2722 1210 7565 5196 9382 1001 8329 4790 13108 3269 33532 236641 15983 24316 7273 19565 11145 33528 7181 29793 2378 4806 6864 19589 17296 4011 37944 7582 6767
internal_value=7.05003e-07 -0.0016976 0.00116192 -0.000676407 0.000768484 -0.00258875 0.000596703 -0.00237409 0.0017698 0.000467853 -0.00224713 -0.00368148 0.00157865 0.000348442 0.000308335 0.00150271 0.00186807 0.00130741 -0.00396441 -0.000966879 -0.00418156 -0.00436698 -0.00453072 0.00127842 0.00164663 0.00185911 0.000450315 0.00238156 0.00162389 0.00178188 -0.00478118 -0.00248835 0.0028814 0.00344787 -0.00302581 -0.00538989 -0.00119658 -0.00470197 -0.00502597 -0.00418615 0.00110098 0.00184667 -0.00266991 -0.00295142 0.000517554 0.00206545 0.000357832 8.37014e-05 0.000447699 -0.000299335 -0.00341119 0.00262361 -0.00237934 -0.00573886 -0.00541233 0.00104981 -0.00162011 -0.00193635 -0.00240489 -0.000625275 0.00323308 -0.00567127
internal_weight=1.75052e+06 710866 1.03965e+06 331265 631150 379601 527886 317274 408504 469049 293817 62327 311255 408822 399916 297594 103662 193932 23457 258628 44797 41300 39049 60227 103264 80818 324174 97249 58837 53542 13461 212186 37676 4824 3466 9995 154643 37026 27644 12692 139322 17898 138464 70329 297204 59573 72637 48321 263070 75742 36797 31544 68135 14952 12574 26429 81631 40896 23600 103985 13661 11573
internal_count=1750520 710866 1039654 331265 631150 379601 527886 317274 408504 469049 293817 62327 311255 408822 399916 297594 103662 193932 23457 258628 44797 41300 39049 60227 103264 80818 324174 97249 58837 53542 13461 212186 37676 4824 3466 9995 154643 37026 27644 12692 139322 17898 138464 70329 297204 59573 72637 48321 263070 75742 36797 31544 68135 14952 12574 26429 81631 40896 23600 103985 13661 11573
is_linear=0
shrinkage=0.05


Tree=7
num_leaves=63
num_cat=0
split_feature=3 5 5 3 3 32 32 34 38 5 19 39 39 28 3 1 32 29 31 39 32 33 34 36 5 29 28 32 3 36 34 40 3 31 39 19 5 37 3 28 32 38 31 36 37 40 34 39 32 34 31 36 31 37 40 39 34 6 34 34 3 36
split_gain=507.492 850.928 150.144 95.6081 58.1377 33.0743 25.9983 23.0596 19.6373 15.0959 13.5333 13.1061 11.1909 11.1014 10.9846 9.93588 9.40058 8.48228 8.24583 8.57116 7.61095 7.45639 8.28858 7.86904 8.45634 6.89716 6.43089 5.73834 5.5705 5.56825 5.74589 5.47577 5.46403 4.57047 4.49341 4.36108 4.17992 3.90992 3.78889 3.72 3.70135 3.66306 3.43417 4.96167 3.31305 3.27229 3.25345 3.24084 3.19553 3.12463 3.06963 3.61317 3.59718 3.03055 2.9535 2.81393 2.79199 2.74079 2.72902 2.62088 2.73203 2.58488
threshold=9003.3000000000011 142.95550000000003 163.46950000000001 5684.7000000000016 12632.85 1.5000000000000002 1.0000000180025095e-35 4.5000000000000009 81.786529830357338 149.98200000000003 142350.00000000003 15.72860463013874 46.765684802667096 33.95000000000001 5983.7500000000009 7.4400000000000004 1.0000000180025095e-35 60.351216563613868 3.5000000000000004 21.939606477639373 2.5000000000000004 1.0000000180025095e-35 1.0000000180025095e-35 3.5000000000000004 176.07400000000004 63.739186169979547 25.750000000000004 1.0000000180025095e-35 6742.4000000000005 7.5000000000000009 1.5000000000000002 74.189245718843068 6742.4000000000005 4.5000000000000009 21.939606477639373 103350.00000000001 176.56900000000002 1.0000000180025095e-35 8352.8500000000004 34.850000000000001 1.0000000180025095e-35 41.336055781116251 1.0000000180025095e-35 1.0000000180025095e-35 1.0000000180025095e-35 12.90971787465975 5.5000000000000009 86.351803166888047 1.5000000000000002 1.0000000180025095e-35 1.5000000000000002 1.0000000180025095e-35 2.5000000000000004 1.0000000180025095e-35 64.018863709990157 40.920409317738155 6.5000000000000009 151.15000000000003 1.5000000000000002 1.0000000180025095e-35 11761.400000000003 1.5000000000000002
decision_type=2 2 2 2 2 2 2 2 2 2 2 2 2 2 2 2 2 2 2 2 2 2 2 2 2 2 2 2 2 2 2 2 2 2 2 2 2 2 2 2 2 2 2 2 2 2 2 2 2 2 2 2 2 2 2 2 2 2 2 2 2 2
left_child=1 3 9 8 6 7 10 12 11 20 17 54 28 25 27 16 45 -2 41 39 46 22 -7 24 -24 35 29 49 -4 30 -8 36 -14 34 -30 -6 -9 -26 -22 -20 -16 -12 -17 44 -44 -13 57 -27 55 -5 -18 52 -52 -35 -1 -15 -33 -3 -19 60 -21 -61
right_child=4 2 5 14 13 21 26 31 -10 -11 18 15 32 48 40 42 50 58 19 59 38 -23 23 -25 37 47 -28 -29 33 -31 -32 56 -34 53 -36 -37 -38 -39 -40 -41 -42 -43 43 -45 -46 -47 -48 -49 -50 -51 51 -53 -54 -55 -56 -57 -58 -59 -60 61 -62 -63
leaf_value=0.0026126740730240713 0.0021555383599250752 -0.0013917667203913377 -0.0020606246662036626 0.0002335321869003189 0.0032930591650839505 -0.00116439212281188 0.002157354389157574 -0.0035799742688800394 0.0029547574134236912 -0.0015272605238066074 0.0015481016091598403 0.0022316355183969127 -0.0014537614688658769 0.00068258584993830516 -0.0003088990594622104 0.0015545809961589269 0.00037986430821883982 0.0010783409350620091 0.0011825941033611095 0.0025992351133768453 -0.0018639874380918346 -0.0013572749241156177 -0.0033369511462860409 -0.001498128996660283 -0.0048867770226812702 0.0016481105215985033 0.00067396930768082522 0.0014466004284123882 -0.0042831265260498365 0.00023062659896648966 0.0013243718002578586 -0.0037023968322942181 -0.0021549384319681435 -0.0024149516387847879 -0.0029641059250683183 0.0021980441796430271 -0.0053797009920270207 -0.0017754965656279942 0.00026609826618260491 5.5962952325103146e-05 0.00031149514388225638 0.00071469875406105713 0.0031125543843798929 0.0018004797772885738 -0.00085204675269148148 0.00082756569327066976 -0.00019259017344150242 0.002446636290754001 0.0021701337136693865 0.0016953432680408679 0.0021736394545085712 0.0012682230055668911 0.0039245607992000357 -0.0041634790081943509 0.0042719928879008289 0.0013920672956039659 -0.0016526210197414595 -0.00088170475894576721 0.00018217864373881862 -0.00015670205387653747 0.00057318637249086926 0.00024904361563963937
leaf_weight=11323 17707 33124 29601 34276 14183 2600 40081 5612 29516 117062 17536 4377 38398 22678 74556 39470 2587 38233 35417 2012 2325 3031 16572 2807 26366 70210 22774 19290 8674 6720 42820 4126 100516 39943 25259 25335 7589 1050 20450 9238 35484 53137 13718 26081 548 79901 14035 15514 8253 4092 11054 7075 3993 2642 3514 36420 2781 128542 10922 51373 9617 166380
leaf_count=11323 17707 33124 29601 34276 14183 2600 40081 5612 29516 117062 17536 4377 38398 22678 74556 39470 2587 38233 35417 2012 2325 3031 16572 2807 26366 70210 22774 19290 8674 6720 42820 4126 100516 39943 25259 25335 7589 1050 20450 9238 35484 53137 13718 26081 548 79901 14035 15514 8253 4092 11054 7075 3993 2642 3514 36420 2781 128542 10922 51373 9617 166380
internal_value=6.69752e-07 -0.000708051 -0.0018494 0.00109459 0.00102332 -0.00261693 0.000750269 -0.00239003 0.00174947 -0.00107694 0.000566217 0.00157477 -0.00225646 0.00176617 0.000184079 0.00146233 0.00115192 0.00121722 0.000439944 0.000315755 -0.000811343 -0.00376446 -0.00391217 -0.00406484 -0.00422863 0.00204455 0.00142424 0.00074312 -0.00264306 0.00161489 0.0017271 -0.00401777 -0.00196112 -0.00286838 -0.00330128 0.00259104 -0.0046146 -0.00476762 4.86471e-05 0.000949522 -0.000108844 0.00092149 0.00188617 0.00221056 0.00296026 0.000900486 -0.000922818 0.00179262 0.00124852 0.000389436 0.00200953 0.00220011 0.00263828 -0.00252343 0.00300567 0.00111981 -0.00287709 -0.000986212 0.000879218 0.000192376 0.000923725 0.000153319
internal_weight=1.75052e+06 1.03396e+06 633105 400855 716560 317567 523967 265141 233157 315538 411572 203641 245033 192593 167698 188804 108987 66862 344710 274037 198476 52426 49395 46795 43988 125242 112395 57658 106119 89621 82901 20108 138914 76518 33933 39518 13201 27416 22775 44655 110040 70673 79817 40347 14266 84278 175701 85724 67351 38368 24709 22122 15047 42585 14837 59098 6907 161666 49155 229382 11629 217753
internal_count=1750520 1033960 633105 400855 716560 317567 523967 265141 233157 315538 411572 203641 245033 192593 167698 188804 108987 66862 344710 274037 198476 52426 49395 46795 43988 125242 112395 57658 106119 89621 82901 20108 138914 76518 33933 39518 13201 27416 22775 44655 110040 70673 79817 40347 14266 84278 175701 85724 67351 38368 24709 22122 15047 42585 14837 59098 6907 161666 49155 229382 11629 217753
is_linear=0
shrinkage=0.05


Tree=8
num_leaves=63
num_cat=0
split_feature=2 5 7 32 5 32 7 34 18 7 18 7 34 5 31 5 32 33 36 34 18 0 5 19 32 32 18 36 7 34 0 1 34 32 35 35 35 0 32 34 6 0 32 35 20 36 35 33 35 0 0 0 36 35 32 0 5 40 0 38 31 0
split_gain=1125.71 211.347 87.9981 39.0186 37.2343 29.8265 21.2431 20.5719 13.6601 12.5706 10.7711 10.3747 10.1767 9.26296 9.00328 8.39693 7.69976 6.23175 6.96516 6.84453 6.12725 9.90951 5.90094 5.81984 5.64765 5.53216 5.47151 5.02595 4.99891 4.98937 5.33222 4.79689 4.62874 6.05392 4.35051 4.2896 4.00492 3.96236 5.64262 6.92629 3.8866 3.77486 3.76736 3.71522 3.3507 3.23512 3.20451 3.1297 3.50509 3.0723 3.0546 3.00761 2.90716 3.27468 5.03222 3.53772 2.87075 3.03937 2.86374 2.83712 2.83305 2.78239
threshold=1.0900000000000003 160.18800000000002 4.9500000000000011 1.0000000180025095e-35 141.57900000000004 1.5000000000000002 8.4000000000000021 4.5000000000000009 38270.500000000007 9.2000000000000011 68699.500000000015 4.7500000000000009 1.5000000000000002 174.07000000000002 3.5000000000000004 148.53300000000004 1.0000000180025095e-35 1.0000000180025095e-35 3.5000000000000004 1.0000000180025095e-35 39880.500000000007 139119.52580216588 176.56900000000002 254950.00000000003 2.5000000000000004 2.5000000000000004 57961.000000000007 7.5000000000000009 4.6500000000000012 1.5000000000000002 169458.26361008131 5.9200000000000008 1.0000000180025095e-35 1.0000000180025095e-35 1.5000000000000002 1.0000000180025095e-35 1.5000000000000002 495900.35155016131 2.5000000000000004 3.5000000000000004 193.90000000000003 102656.0117998835 1.0000000180025095e-35 1.0000000180025095e-35 668.50000000000011 2.5000000000000004 1.0000000180025095e-35 1.5000000000000002 1.0000000180025095e-35 90006.309752000685 37542.47462077051 85288.720568674806 2.5000000000000004 1.0000000180025095e-35 1.0000000180025095e-35 203030.91028149432 116.79800000000002 81.64634100710002 97973.561530960054 57.634256153452675 5.5000000000000009 238528.97120783225
decision_type=2 2 2 2 2 2 2 2 2 2 2 2 2 2 2 2 2 2 2 2 2 2 2 2 2 2 2 2 2 2 2 2 2 2 2 2 2 2 2 2 2 2 2 2 2 2 2 2 2 2 2 2 2 2 2 2 2 2 2 2 2 2
left_child=2 4 10 6 32 7 8 11 44 14 16 52 23 -7 24 25 20 18 19 -15 -1 -22 -9 50 35 -6 27 29 59 30 31 51 33 36 43 -5 -2 38 39 60 -13 -31 -36 -24 -4 -8 -18 48 49 -14 -10 -16 53 55 58 -3 57 -52 -55 -23 -21 -42
right_child=1 5 3 9 15 13 45 22 12 -11 -12 40 47 17 26 -17 46 -19 -20 37 21 28 34 -25 -26 -27 -28 -29 -30 41 -32 -33 -34 -35 42 -37 -38 -39 -40 -41 61 -43 -44 -45 -46 -47 -48 -49 -50 -51 56 -53 -54 54 -56 -57 -58 -59 -60 -61 -62 -63
leaf_value=0.0025498847028407852 -9.2211638440383556e-05 -0.001864115756277222 0.0010435126294254455 0.001119289329701393 -0.00086207993384451525 -0.0026099079005447502 0.00017806968172654055 -0.002817820740234454 0.0025252795035328539 9.1988124850138516e-05 0.0011373541506114998 -0.0020436281479362934 0.0017664327381789605 -0.0012926232212796531 0.005003016929363782 -0.001333025081639632 0.002160983948467476 -0.0013824208462558541 -0.0012516590519109829 -0.0042901300985014783 0.0012289053534110016 0.0016477694408054953 -0.0031864553408784951 -0.00011119722026084569 0.0041170131611040911 2.8781542011569769e-05 0.00057592542414248982 0.00021367758950509411 0.001376418289184682 0.0019649550618101108 0.0015819378732440091 0.00027234627879219302 0.0012952979330570511 0.00066208691741492939 -0.0014991694792308647 0.0023628017496054648 -0.001555103653714713 -0.0035556566837753275 -0.0055885397181542305 -0.004938767919694627 -0.0012702999989827506 0.00094491576238656203 -0.0052250835944591852 -0.0056054288911661903 0.0022038413388217547 -0.00037688813556253123 0.0030504277993762836 -0.00028768762568397269 0.00013970633972667005 0.0005402182082889529 0.0012088610695539874 0.002787445679218081 -0.0020558202531951657 -0.0052138599818390809 -0.0023178674685995901 -0.0027812654733713063 0.00080044265532104055 0.003176746904464298 -0.0031969974803881724 0.0022999770620563955 -0.0013294026674596675 -0.0019356865630153085
leaf_weight=21499 44226 25006 9825 9665 153345 20791 51093 10670 2772 16703 61783 70201 5553 1815 1793 101876 29329 2251 2023 1177 79278 22228 2098 15968 3512 19661 20423 7290 28530 12379 29500 1694 8859 29085 1941 24554 5232 8772 11312 6723 43093 33931 1043 6521 16965 54033 15467 19708 71628 63778 18493 10513 41075 1912 22568 18143 210836 2195 22144 66736 2577 24726
leaf_count=21499 44226 25006 9825 9665 153345 20791 51093 10670 2772 16703 61783 70201 5553 1815 1793 101876 29329 2251 2023 1177 79278 22228 2098 15968 3512 19661 20423 7290 28530 12379 29500 1694 8859 29085 1941 24554 5232 8772 11312 6723 43093 33931 1043 6521 16965 54033 15467 19708 71628 63778 18493 10513 41075 1912 22568 18143 210836 2195 22144 66736 2577 24726
internal_value=6.36266e-07 -0.00153275 0.00104909 0.000738984 -0.000687073 -0.00241166 0.00053107 -0.00220622 0.000684353 0.00139534 0.00173145 -0.00208525 0.000613035 -0.00345292 0.00153556 -0.000972901 0.00187098 -0.00393115 -0.00409793 -0.00427578 0.00174843 0.00166087 -0.0036665 0.000812402 0.00220755 -0.000760839 0.00131982 0.00147628 0.00195233 0.00157877 0.0019633 0.00276687 0.000211865 8.96623e-05 -0.00444694 0.00201158 -0.000246966 -0.00445295 -0.00481418 -0.00397811 -0.00178284 0.00121758 -0.00280149 -0.00501661 0.0017783 -0.000107169 0.00246809 0.00030249 0.000385005 0.000638431 0.000875348 0.00311026 -0.00240424 -0.00256366 -0.00285417 -0.00224975 0.000855594 0.00141765 -0.0033573 0.00213702 -0.00225769 -0.00151289
internal_weight=1.75052e+06 710866 1.03965e+06 714804 362284 348582 542847 291141 437721 171957 324850 268868 410931 57441 155254 274882 263067 36650 34399 32376 218271 196772 22273 250264 37731 173006 117523 97100 117494 89810 43500 14000 87402 78543 11603 34219 49458 30561 21789 10477 138020 46310 2984 8619 26790 105126 44796 160667 140959 69331 234296 12306 130848 89773 46624 43149 231524 20688 24056 88964 3754 67819
internal_count=1750520 710866 1039654 714804 362284 348582 542847 291141 437721 171957 324850 268868 410931 57441 155254 274882 263067 36650 34399 32376 218271 196772 22273 250264 37731 173006 117523 97100 117494 89810 43500 14000 87402 78543 11603 34219 49458 30561 21789 10477 138020 46310 2984 8619 26790 105126 44796 160667 140959 69331 234296 12306 130848 89773 46624 43149 231524 20688 24056 88964 3754 67819
is_linear=0
shrinkage=0.05


Tree=9
num_leaves=63
num_cat=0
split_feature=2 5 7 5 32 32 34 7 18 5 7 39 34 39 0 5 3 32 0 34 0 18 33 31 3 3 18 40 32 18 0 0 31 39 5 3 0 39 35 32 35 0 32 34 5 39 35 35 33 37 32 34 35 31 39 0 35 20 31 34 10 40
split_gain=1015.95 190.742 79.7406 36.0202 35.1213 27.0346 18.7241 16.9476 14.9959 11.2043 11.1169 11.0229 11.3185 10.2447 8.47237 7.43092 7.06161 6.88294 6.25076 5.89049 5.88929 10.0984 5.86108 5.44267 5.2282 5.02491 4.89771 4.74349 4.73726 4.54028 4.47388 5.06756 4.32129 4.09002 3.87339 3.83021 3.78313 3.62985 3.60586 3.44286 3.39404 3.21503 3.15716 4.88719 3.12171 2.93733 2.89959 2.88678 4.30423 2.75163 2.75024 4.15657 2.7355 2.556 2.54787 2.5181 2.4746 2.46679 2.37158 2.36883 2.3325 2.31233
threshold=1.0900000000000003 161.95250000000001 5.0500000000000007 137.33500000000001 1.0000000180025095e-35 1.5000000000000002 4.5000000000000009 8.9000000000000021 57961.000000000007 148.53300000000004 9.2000000000000011 21.939606477639373 1.5000000000000002 45.067642227021203 221714.5290785722 124.30650000000001 7500.7000000000007 1.0000000180025095e-35 205719.46855074697 1.0000000180025095e-35 181646.80488837484 41519.000000000007 1.0000000180025095e-35 1.5000000000000002 13275.300000000001 6742.4000000000005 59478.500000000007 73.803282836140212 12.500000000000002 48941.500000000007 162596.63319667138 485962.46538555197 4.5000000000000009 51.091210377692256 174.07000000000002 6742.4000000000005 111529.23726048466 20.997010605866638 1.0000000180025095e-35 2.5000000000000004 1.0000000180025095e-35 51150.335100818651 1.0000000180025095e-35 1.0000000180025095e-35 146.49550000000002 82.42408994171241 1.0000000180025095e-35 1.0000000180025095e-35 1.0000000180025095e-35 1.0000000180025095e-35 2.5000000000000004 3.5000000000000004 1.5000000000000002 9.5000000000000018 27.383151781941901 87702.298432998898 1.5000000000000002 745.50000000000011 3.5000000000000004 6.5000000000000009 -0.96500000000000019 76.42772519330002
decision_type=2 2 2 2 2 2 2 2 2 2 2 2 2 2 2 2 2 2 2 2 2 2 2 2 2 2 2 2 2 2 2 2 2 2 2 2 2 2 2 2 2 2 2 2 2 2 2 2 2 2 2 2 2 2 2 2 2 2 2 2 2 2
left_child=2 3 8 42 7 6 13 11 17 28 15 18 29 25 35 39 19 20 53 -7 21 41 30 61 -10 -3 33 34 44 -13 -21 50 37 -17 -8 -15 -23 -27 60 40 -6 -1 43 56 -5 58 -26 48 55 -34 51 -32 -52 -4 -38 -14 -2 -43 -31 -29 -19 -22
right_child=1 5 4 9 10 16 27 -9 24 -11 -12 12 47 14 -16 26 -18 38 -20 22 23 36 -24 -25 46 32 -28 59 -30 45 31 -33 49 -35 -36 -37 54 -39 -40 -41 -42 57 -44 -45 -46 -47 -48 -49 -50 -51 52 -53 -54 -55 -56 -57 -58 -59 -60 -61 -62 -63
leaf_value=0.0036738099090359647 5.2615816527868259e-05 -0.0018504715342488919 0.0020292480865691694 -0.00051748545733495087 0.00084939413163463088 -0.0011281092089621308 -0.0030047535042617519 -0.00018320680138572242 0.00079113630877641688 -0.0012960403519838111 8.7388718582056798e-05 0.0012816947388134942 0.0015216846176921922 -0.00097611574570214332 -0.0022300200485162419 0.0017993422693380367 -0.0023105277843047541 0.00022148948189592793 0.00074199655117347576 -0.0026416280440248329 0.002307730845539186 0.00096319373954534433 -0.0013132998180931587 0.001496920679330616 0.001750749211733288 -0.0039543181879571031 0.00050262204417238091 -0.0032827272735862154 0.00064755599862828354 0.00070960467668808791 -0.0023025700834465551 -0.0032632008620974776 -0.0021778234152044136 0.0011596197987207367 -0.0047408093794924951 -0.0016680701631613044 0.0026808882623564111 -0.0027384727342520936 0.0029108225679044418 0.0040329619454508312 0.0023831027776704109 0.0017244656514903253 0.00087121701814423793 0.0013961605342639703 -0.00092428647723854108 0.0011408968413264468 0.0009722681176341472 -8.6503314955654895e-05 -0.00053037569276532203 -0.0038941618557430525 -0.0047363310631608722 -0.0046382549225847678 -0.0066513593553518841 0.00066653013454671917 0.0014541793487810545 0.00043013747336102961 -0.001275339110043796 0.0027799228433045865 0.00032881166957662931 -0.0014609313495954459 0.0021113158187185863 0.0036076331812685326
leaf_weight=4021 32891 30258 21914 92990 4595 2189 5079 85049 62482 117473 16703 30353 5875 28530 57378 42063 12741 1737 28372 5646 35764 49069 2251 25651 33187 8269 16954 4330 6515 97293 2713 10445 39232 61539 8745 66882 4503 23827 17271 2448 16780 13990 21879 6520 95686 24005 18702 70342 11193 2483 10280 6394 2278 4082 70557 52485 3927 9161 70529 3035 27202 3783
leaf_count=4021 32891 30258 21914 92990 4595 2189 5079 85049 62482 117473 16703 30353 5875 28530 57378 42063 12741 1737 28372 5646 35764 49069 2251 25651 33187 8269 16954 4330 6515 97293 2713 10445 39232 61539 8745 66882 4503 23827 17271 2448 16780 13990 21879 6520 95686 24005 18702 70342 11193 2483 10280 6394 2278 4082 70557 52485 3927 9161 70529 3035 27202 3783
internal_value=6.04451e-07 -0.00145611 0.000996635 -0.000687271 0.000666292 -0.00232861 -0.00212835 0.000459978 0.00157709 -0.00091022 0.00130861 0.000591334 0.000491653 -0.0020105 -0.0017499 0.00144989 -0.00334216 0.00178513 0.00125518 -0.00365365 0.00166689 0.00149571 -0.00379184 0.00206416 0.00109921 -0.00239311 0.00129043 -0.00355692 -0.00067802 0.000713479 -0.00393961 -0.00416784 -0.00261556 0.00141935 -0.00410297 -0.00146116 0.00130459 -0.00305172 0.00233909 0.00225682 0.0020534 0.00236878 0.000381598 0.000134415 -0.000723792 0.00062357 0.00147017 0.00013935 0.000367765 -0.00227998 -0.00460398 -0.00394245 -0.00508371 0.00181527 0.00152777 0.000540022 -8.90236e-05 0.00214212 0.000549572 -0.00253199 0.00199788 0.00243208
internal_weight=1.75052e+06 710866 1.03965e+06 377881 662574 332985 278048 501492 377080 312664 161082 416443 362075 256859 152790 144379 54937 262709 54368 42196 216499 151301 40007 65198 114371 104069 120556 21189 195191 222180 37756 32110 73811 103602 13824 95412 124129 32096 46210 23823 21375 27172 65217 43338 188676 191827 51889 139895 69553 41715 21665 9107 12558 25996 75060 58360 36818 23151 167822 7365 28939 39547
internal_count=1750520 710866 1039654 377881 662574 332985 278048 501492 377080 312664 161082 416443 362075 256859 152790 144379 54937 262709 54368 42196 216499 151301 40007 65198 114371 104069 120556 21189 195191 222180 37756 32110 73811 103602 13824 95412 124129 32096 46210 23823 21375 27172 65217 43338 188676 191827 51889 139895 69553 41715 21665 9107 12558 25996 75060 58360 36818 23151 167822 7365 28939 39547
is_linear=0
shrinkage=0.05


Tree=10
num_leaves=63
num_cat=0
split_feature=1 5 5 5 5 34 18 38 5 18 39 7 39 18 31 39 5 38 5 34 34 35 31 35 31 29 36 36 31 35 34 34 34 6 38 5 5 6 35 35 35 34 5 39 34 36 36 31 31 35 36 19 34 39 40 28 39 36 35 39 39 40
split_gain=355.252 641.498 103.239 67.6053 48.6681 20.611 17.3366 16.5103 12.9138 11.561 11.0059 10.3783 10.2333 9.92994 9.67353 8.59664 7.98945 7.83746 7.06629 6.27055 6.24547 7.65388 5.42922 5.31998 4.76771 4.34665 4.22865 4.07521 5.57811 4.03558 3.96427 5.32832 3.68759 3.51374 3.36744 3.26666 3.24041 3.22284 3.18632 3.09924 4.10084 3.22259 3.09627 3.03687 2.92722 3.25934 2.90198 3.31364 2.80218 3.26781 2.75413 3.87834 2.55331 2.49867 2.44934 2.41433 2.34662 2.34468 2.31518 2.31041 2.30541 2.2821
threshold=4.5250000000000012 143.10200000000003 166.64000000000001 124.30650000000001 178.12850000000003 4.5000000000000009 43873.000000000007 81.786529830357338 151.42200000000003 48941.500000000007 15.72860463013874 9.3500000000000032 39.951102652477168 79933.000000000015 16.500000000000004 27.383151781941901 131.30950000000004 60.938897487673707 174.07000000000002 1.0000000180025095e-35 1.5000000000000002 2.5000000000000004 1.0000000180025095e-35 1.0000000180025095e-35 18.500000000000004 62.264861416671984 1.0000000180025095e-35 2.5000000000000004 10.500000000000002 1.0000000180025095e-35 5.5000000000000009 1.5000000000000002 7.5000000000000009 191.20000000000002 81.195862075745069 186.23450000000003 168.47250000000003 151.15000000000003 1.0000000180025095e-35 1.5000000000000002 1.0000000180025095e-35 6.5000000000000009 109.49550000000001 15.72860463013874 1.0000000180025095e-35 1.5000000000000002 5.5000000000000009 3.5000000000000004 15.500000000000002 1.0000000180025095e-35 3.5000000000000004 181350.00000000003 5.5000000000000009 83.215562287844861 64.018863709990157 22.450000000000003 76.424080694114892 1.5000000000000002 3.5000000000000004 53.948929681976672 4.2515355234765471 20.858477418102186
decision_type=2 2 2 2 2 2 2 2 2 2 2 2 2 2 2 2 2 2 2 2 2 2 2 2 2 2 2 2 2 2 2 2 2 2 2 2 2 2 2 2 2 2 2 2 2 2 2 2 2 2 2 2 2 2 2 2 2 2 2 2 2 2
left_child=4 3 8 7 6 12 25 10 24 44 54 13 20 15 27 50 34 22 57 36 21 46 -12 59 37 55 42 28 33 35 31 48 -32 -14 43 -11 -17 -3 53 40 -20 -41 -25 -5 -6 -46 47 -4 -21 -50 51 -8 -39 -33 -2 -1 -44 -7 -52 -19 -18 -24
right_child=1 2 5 16 9 18 11 -9 -10 29 17 -13 14 -15 -16 19 60 23 39 30 -22 -23 61 26 -26 -27 -28 -29 -30 -31 32 38 -34 -35 -36 -37 -38 52 -40 41 -42 -43 56 -45 45 -47 -48 -49 49 -51 58 -53 -54 -55 -56 -57 -58 -59 -60 -61 -62 -63
leaf_value=0.0020475747012155443 0.0023342747922010581 -0.0011497651936727262 -0.0026557451316333827 0.0016318942201004911 0.0024759361551358692 -0.0016266338630544646 0.0016164358992400052 0.0026518204830222637 -0.0013968165853755713 0.0011217651483887883 0.00012769924853575857 -0.00033904689764657753 -0.0022165111510517388 -0.00011055456442581236 -0.0044327558079401575 0.0019498241089397326 0.00092823620259246866 0.0014277524650317779 -0.002769454110290899 0.00054524538139268206 -0.0019114493183705343 -0.0020154856246901577 0.0017748639997541605 0.0032114341147914715 0.00049742558113731353 0.00091575249714049211 0.0011348162861006899 -0.0015071132432103182 -0.0039600156290311916 0.00089072414012512197 0.0013236733339839013 0.00024790712080713433 0.000115169046774213 -0.0016703685828387436 0.0014712987165246424 0.0017491447306921413 0.00088389687078789688 -0.00073814524585198629 -0.00010707966119024185 -0.004298233036647627 -0.0050206605014136915 -0.0016998393829994966 0.0014681708610205168 0.00037006870376621488 0.001277993338221501 0.0022563927393460738 -0.0015480824313873673 -0.0035860141620414018 -2.9920029669529079e-05 0.0019071300749826947 0.00033541336774540223 0.00058435819926205758 4.6879337960638285e-05 0.0010411740952822532 0.003888547751829557 0.0011091636144416606 0.003389469353999996 -0.0033145910859190223 0.002224425203787999 0.00075943828382346156 -5.0653468585053989e-05 0.0009219907305126157
leaf_weight=24063 10833 48021 14027 5401 27535 4353 36781 27963 125110 37431 20184 34231 69210 48430 3821 8951 6334 77855 2500 119301 24263 19433 10150 8885 7405 25602 7511 49749 3681 46951 22745 50426 8737 51266 11589 46553 35045 130236 59269 2602 10601 2204 7071 40707 16499 17584 2526 30144 2992 7996 12677 12096 11253 12360 3309 9584 2050 3901 1860 15508 119352 34515
leaf_count=24063 10833 48021 14027 5401 27535 4353 36781 27963 125110 37431 20184 34231 69210 48430 3821 8951 6334 77855 2500 119301 24263 19433 10150 8885 7405 25602 7511 49749 3681 46951 22745 50426 8737 51266 11589 46553 35045 130236 59269 2602 10601 2204 7071 40707 16499 17584 2526 30144 2992 7996 12677 12096 11253 12360 3309 9584 2050 3901 1860 15508 119352 34515
internal_value=-1.48554e-07 -0.000599212 -0.00161821 0.000935463 0.00084642 -0.00229516 0.000600346 0.00151458 -0.000999583 0.00152776 0.00135387 0.00049953 -0.00216445 0.000564819 -0.00194416 0.000648421 0.000222283 0.00125041 -0.00363476 0.000545338 -0.00259759 -0.00284933 0.00080826 0.00149161 -0.000747201 0.00140671 0.0021314 -0.00188948 -0.00204269 0.00126198 0.000459242 0.000393239 0.000988285 -0.00198411 0.000709381 0.00146953 0.00110076 -0.000795834 0.000155859 -0.00419267 -0.00459107 -0.00310663 0.00254712 0.000517876 0.00209252 0.00178277 -0.00319634 -0.0032906 0.000615618 0.00137968 0.00118132 0.00136102 -0.00067571 0.000404069 0.00269795 0.00178028 0.00189999 -0.0024244 0.000577111 0.00131674 -1.3219e-06 0.0011158
internal_weight=1.75122e+06 1.02552e+06 616306 409217 725699 294281 533146 225834 322025 192553 197871 473897 268120 439666 177727 391236 183383 183729 26161 327822 90393 66130 64849 118880 196915 59249 25517 173906 124157 130935 283826 252344 31482 120476 57697 83984 43996 189510 122055 17907 13101 4806 18006 46108 61618 34083 46697 44171 130289 10988 63414 48877 141489 62786 14142 33647 9121 8254 14537 93363 125686 44665
internal_count=1751222 1025523 616306 409217 725699 294281 533146 225834 322025 192553 197871 473897 268120 439666 177727 391236 183383 183729 26161 327822 90393 66130 64849 118880 196915 59249 25517 173906 124157 130935 283826 252344 31482 120476 57697 83984 43996 189510 122055 17907 13101 4806 18006 46108 61618 34083 46697 44171 130289 10988 63414 48877 141489 62786 14142 33647 9121 8254 14537 93363 125686 44665
is_linear=0
shrinkage=0.05


Tree=11
num_leaves=63
num_cat=0
split_feature=2 5 7 32 5 32 7 34 3 3 0 31 34 32 19 39 3 0 18 0 5 39 0 5 7 32 36 34 33 0 32 31 7 0 32 34 35 18 36 34 32 39 35 36 35 35 31 0 3 32 34 36 39 34 36 3 37 36 1 32 0 5
split_gain=826.794 155.953 65.6467 30.5194 24.5281 22.3354 15.9363 15.3206 12.5103 10.9221 10.7851 9.39993 8.99207 8.75204 8.56178 8.10137 7.06795 5.88135 5.83243 7.6729 5.60113 5.49828 5.20022 4.92186 4.90251 4.75222 4.7087 5.25845 5.94495 4.50974 4.35423 4.29762 4.01938 4.00973 4.10104 4.76633 3.80765 3.64929 3.58567 7.36241 3.49058 3.38372 3.36689 3.81745 3.29517 3.19914 3.13001 3.00761 3.00033 2.85981 4.42381 2.79549 2.75419 3.04294 2.73084 2.69801 2.68407 2.6791 2.61705 2.58297 2.47925 2.39529
threshold=1.0900000000000003 155.94500000000002 4.9500000000000011 1.0000000180025095e-35 137.33500000000001 1.5000000000000002 8.5500000000000025 4.5000000000000009 6627.0000000000009 7637.0000000000009 59382.135729072514 3.5000000000000004 1.0000000180025095e-35 1.0000000180025095e-35 271050.00000000006 44.490135280568389 8881.1500000000015 169458.26361008131 41519.000000000007 126490.621959128 147.54450000000003 5.0019251923815231 134931.90408740507 174.07000000000002 4.5500000000000007 2.5000000000000004 3.5000000000000004 1.0000000180025095e-35 1.0000000180025095e-35 236764.02463618838 13.500000000000002 4.5000000000000009 6.0500000000000007 612939.4323817488 2.5000000000000004 3.5000000000000004 1.5000000000000002 49598.500000000007 7.5000000000000009 1.5000000000000002 1.0000000180025095e-35 20.997010605866638 1.5000000000000002 1.5000000000000002 1.0000000180025095e-35 1.0000000180025095e-35 18.500000000000004 415809.68575214793 9831.8500000000004 1.0000000180025095e-35 1.0000000180025095e-35 2.5000000000000004 30.535707025562523 1.5000000000000002 1.5000000000000002 5450.7000000000007 1.0000000180025095e-35 2.5000000000000004 3.8150000000000004 1.0000000180025095e-35 297975.62773399201 180.15950000000001
decision_type=2 2 2 2 2 2 2 2 2 2 2 2 2 2 2 2 2 2 2 2 2 2 2 2 2 2 2 2 2 2 2 2 2 2 2 2 2 2 2 2 2 2 2 2 2 2 2 2 2 2 2 2 2 2 2 2 2 2 2 2 2 2
left_child=2 4 13 6 49 7 10 8 -3 26 48 25 32 14 18 31 51 -17 -1 -20 59 -14 38 -9 -21 44 27 -7 33 52 -24 41 37 34 35 -29 45 -12 39 -18 -38 -10 43 -36 -5 -25 -22 -45 -4 50 -2 -13 -23 -54 -41 -39 -33 -8 -15 -6 -32 -37
right_child=1 5 3 11 20 9 57 23 15 -11 12 16 21 58 -16 17 22 -19 19 24 46 29 30 36 -26 -27 -28 28 -30 -31 60 56 -34 -35 42 61 40 55 -40 54 -42 -43 -44 47 -46 -47 -48 -49 -50 -51 -52 -53 53 -55 -56 -57 -58 -59 -60 -61 -62 -63
leaf_value=0.0022122836423762822 -0.00010081457250028455 -0.0011485098527800059 0.00054768962279368031 0.00094706143053069087 -0.00064479748050774244 -0.0015326017950124499 0.00013772440133056978 -0.0022273721736531557 -0.0034490895078887161 -0.0016630110852591637 0.001466179512878237 0.00063887939457510335 0.0012826785566763086 0.0014425346336498024 0.00066306216502274727 -0.0012971546517521904 0.0032790741806629563 -0.0019602185718097125 0.0009349317213140757 0.0017914417582019912 -0.00097060165684508459 0.0010021996725665214 0.00074751469501583992 -0.0026155424573445136 0.0011653952267417346 0.0036637791960401306 -0.0010148247818658688 -0.0019122818383009695 -0.00110934628699594 2.4620133482518131e-05 0.002710699882296639 -0.0018881649097825558 0.0024313487907330253 -0.002536923382323579 -0.0013152764086213644 -0.003130992330529909 -0.0011153604059154212 0.0012363907135345908 0.00042876115663832264 0.0011002158222896449 -0.0044489612895537598 -0.0023993728997076468 -0.0059709413220599711 -0.0048821774380028594 0.0020320702207456717 -0.0047026022236791379 0.00028503866203276112 -0.0034463958542656132 0.002070045815631417 0.00081218848674227619 0.0013113885573833677 -0.00054643516042055201 0.00058077707306808954 0.00015726362357761621 0.0023001921957634202 0.00058833445473266421 -0.003421810421263786 -0.00038483929751216144 0.0022568311578244431 -0.00014369257767012569 0.0013044184409090982 -0.0047465187888971923
leaf_weight=24536 36783 69107 4136 9739 71079 3687 47904 10013 10511 14419 18595 12439 15632 12916 36865 58585 7151 77928 62731 100318 149113 20571 61515 2432 45434 3485 2280 4620 2445 88817 4198 46819 3991 6718 1159 4951 2272 19674 4979 16549 1200 28473 2755 8890 24860 7494 5134 6185 14882 21994 6530 8289 94106 77212 6645 87441 3038 50262 41799 40294 12367 4276
leaf_count=24536 36783 69107 4136 9739 71079 3687 47904 10013 10511 14419 18595 12439 15632 12916 36865 58585 7151 77928 62731 100318 149113 20571 61515 2432 45434 3485 2280 4620 2445 88817 4198 46819 3991 6718 1159 4951 2272 19674 4979 16549 1200 28473 2755 8890 24860 7494 5134 6185 14882 21994 6530 8289 94106 77212 6645 87441 3038 50262 41799 40294 12367 4276
internal_value=-1.41124e-07 -0.00131395 0.000898248 0.000630677 -0.000520263 -0.00200467 0.000446803 -0.00183491 -0.00173703 -0.00286967 0.000573992 0.00121067 0.000521988 0.00148799 0.00137109 -0.00191751 0.00101384 -0.00167566 0.00148311 0.00139729 -0.000733708 0.00037002 0.00116901 -0.00306599 0.00159629 0.00190392 -0.0032324 -0.00334307 -0.003502 0.000319196 0.000941273 -0.00228913 0.000869202 -0.0036499 -0.00387761 -0.00322325 -0.00369273 0.000819608 0.0016724 0.00187645 -0.00226753 -0.0026824 -0.00435478 -0.00408051 0.00172666 -0.00419125 -0.000928809 -0.0042931 0.00173897 0.00034787 0.000112093 0.000164879 0.000455542 0.000389902 0.001444 0.000707364 -0.00198162 -0.000129834 0.00206461 -0.000463501 0.00166081 -0.00387966
internal_weight=1.75122e+06 711184 1.04004e+06 715439 330927 380257 543223 317872 294461 62385 445057 172216 426039 324599 269884 225354 134132 136513 233019 208483 265620 296338 113404 23411 145752 38084 47966 45686 41999 280706 78080 88841 129701 39554 32836 13847 13398 125710 35324 30345 3472 38984 18989 16234 34599 9926 154247 15075 19018 65307 43313 20728 191889 171318 23194 107115 49857 98166 54715 111373 16565 9227
internal_count=1751222 711184 1040038 715439 330927 380257 543223 317872 294461 62385 445057 172216 426039 324599 269884 225354 134132 136513 233019 208483 265620 296338 113404 23411 145752 38084 47966 45686 41999 280706 78080 88841 129701 39554 32836 13847 13398 125710 35324 30345 3472 38984 18989 16234 34599 9926 154247 15075 19018 65307 43313 20728 191889 171318 23194 107115 49857 98166 54715 111373 16565 9227
is_linear=0
shrinkage=0.05


Tree=12
num_leaves=63
num_cat=0
split_feature=2 5 7 32 5 32 34 7 28 3 0 7 39 18 39 39 34 18 5 5 3 39 32 0 3 35 36 34 32 3 0 0 40 34 3 36 34 31 0 31 0 32 34 0 36 39 0 3 34 0 0 32 35 31 34 36 31 32 34 36 39 27
split_gain=746.181 141.107 59.4919 27.3769 26.7547 20.584 13.501 12.6744 11.6135 8.63764 8.60955 8.29145 7.56486 6.67946 6.36628 6.01368 6.68888 5.95496 5.73662 5.44939 5.42346 5.19625 4.77939 4.90018 5.12926 4.81881 4.61051 4.42809 4.2666 4.13233 4.07365 3.81917 3.77648 3.71001 3.26624 3.22924 3.11398 4.49396 3.62499 3.6709 3.0871 3.07782 6.50141 5.98155 3.00805 2.72873 2.72298 2.70232 2.65564 2.86158 2.78259 3.3283 2.55117 2.53331 2.88172 2.53001 2.47746 2.42898 3.16251 2.41789 2.39859 2.39049
threshold=1.0900000000000003 161.95250000000001 5.0500000000000007 1.0000000180025095e-35 145.02150000000003 1.5000000000000002 4.5000000000000009 8.5500000000000025 34.45000000000001 6742.4000000000005 56825.986672744104 9.0500000000000025 31.979810375248803 73920.500000000015 39.951102652477168 29.688492603196273 1.5000000000000002 57961.000000000007 174.39150000000004 149.98200000000003 6059.5500000000011 31.247193846257975 1.0000000180025095e-35 147935.36412144205 4952.9500000000016 1.0000000180025095e-35 3.5000000000000004 1.0000000180025095e-35 2.5000000000000004 12561.200000000003 253430.94683847649 476294.43406367424 56.29592203288427 3.5000000000000004 13022.300000000001 7.5000000000000009 1.5000000000000002 7.5000000000000009 107221.49811295223 3.5000000000000004 337086.50150764076 2.5000000000000004 4.5000000000000009 458806.26406347973 3.5000000000000004 87.162757852052266 243823.68353378095 8352.8500000000004 1.5000000000000002 102656.0117998835 211268.45020126042 1.5000000000000002 1.0000000180025095e-35 7.5000000000000009 3.5000000000000004 1.5000000000000002 5.5000000000000009 1.0000000180025095e-35 1.0000000180025095e-35 2.5000000000000004 64.96872726727095 37.550000000000004
decision_type=2 2 2 2 2 2 2 2 2 2 2 2 2 2 2 2 2 2 2 2 2 2 2 2 2 2 2 2 2 2 2 2 2 2 2 2 2 2 2 2 2 2 2 2 2 2 2 2 2 2 2 2 2 2 2 2 2 2 2 2 2 2
left_child=2 4 8 7 20 6 9 10 12 46 -4 17 33 15 31 -12 45 21 -7 28 57 40 23 29 25 -25 27 -20 -6 -14 55 36 -8 -1 -10 48 37 38 39 -11 -5 42 53 -43 -13 61 -3 -30 50 -50 51 -23 -26 54 56 -16 -29 58 -2 -9 -36 -17
right_child=1 5 3 11 19 18 32 59 34 14 13 44 22 -15 30 16 -18 -19 26 -21 -22 35 -24 24 52 -27 -28 41 47 -31 -32 -33 -34 -35 60 -37 -38 -39 -40 -41 -42 43 -44 -45 -46 -47 -48 -49 49 -51 -52 -53 -54 -55 -56 -57 -58 -59 -60 -61 -62 -63
leaf_value=0.0022979678518878542 -3.3432288643227506e-06 -0.0010433651478280804 0.001649929479328774 0.0022801804991344483 -0.00077245880818944176 -0.0021987960793792439 -0.0039355349189522928 0.00013083818113406726 0.00041041809709477364 -0.0020027065641527227 0.00099092932707076412 0.00048083781172542642 0.00081379500049068092 -0.0001152809685547724 -0.0018662622791818979 0.0010873812978448641 0.00011673455719600706 0.00043442883816960316 -0.00099661329966078938 -0.0011454179182710173 -0.0002541129839456954 0.0013372413646867329 0.0018920660993903091 0.0017223057981379409 0.0014747964966970633 0.0031535593178071615 -0.00089784042633984484 -0.0034857027921262312 -0.0017842130852967686 0.0014831874692568412 -0.0021338552910382925 -0.0015113534022788803 -0.0025403154698355745 0.0011401024935314393 0.00086365693156614885 -8.869846863516295e-06 -0.0018867707789363966 -0.0015966725784364224 -0.0027467811022806616 -0.0048016356236136176 0.0012247326715539829 -0.0047913710067092642 -0.0046824240224777221 -0.0029778350624401202 -0.0011772550996129102 0.0012582132254988904 -0.0016760751473405427 0.00021549559376274173 0.0017540595075571271 0.00068644464503049649 0.0010646855935336113 0.002410644677896802 0.00083124168376250889 -0.00078656230353136159 -0.0041572598832905951 -0.001302223117887729 -0.0011241241048342478 0.0009336212756334639 0.001354950731770858 -0.00036559733073866416 0.0016808054783947664 0.00049520303254114463
leaf_weight=37684 28491 47800 15914 22157 145928 19699 7542 47904 30747 1557 60348 19448 66738 44194 31538 19280 101775 18110 1809 101781 60210 15682 39820 30531 51064 7284 1945 1771 1872 35224 37863 11506 13588 8474 35091 5131 13720 6552 21929 4731 10080 9916 3864 8397 3183 15471 26395 17324 8285 25890 19946 13386 22049 2261 2312 53790 2978 17071 5044 50262 12069 146817
leaf_count=37684 28491 47800 15914 22157 145928 19699 7542 47904 30747 1557 60348 19448 66738 44194 31538 19280 101775 18110 1809 101781 60210 15682 39820 30531 51064 7284 1945 1771 1872 35224 37863 11506 13588 8474 35091 5131 13720 6552 21929 4731 10080 9916 3864 8397 3183 15471 26395 17324 8285 25890 19946 13386 22049 2261 2312 53790 2978 17071 5044 50262 12069 146817
internal_value=-1.34069e-07 -0.00124825 0.000853335 0.000568317 -0.000586505 -0.00199783 -0.00182333 0.000386223 0.00135507 -0.00172359 0.000510101 0.001135 0.0014968 0.000463337 -0.00190793 0.000537739 0.000441216 0.00127982 -0.00288221 -0.000857653 6.65682e-05 0.00140682 0.00138929 0.00129525 0.00152524 0.001998 -0.00326409 -0.00340227 -0.000680278 0.00104504 -0.00170223 -0.0023303 -0.00303832 0.0020854 0.000811369 0.0012085 -0.00252463 -0.00277633 -0.00305025 -0.00410858 0.00195016 -0.00354042 -0.00295796 -0.00395982 0.000247631 0.000623099 -0.00126845 2.04834e-05 0.00128359 0.000945265 0.00151948 0.00183155 0.00128072 -0.00224317 -0.00270959 -0.0015107 -0.00200481 0.000448108 0.000200958 -0.000123342 0.00107278 0.000563941
internal_weight=1.75122e+06 711184 1.04004e+06 663263 377721 333463 278511 501965 376775 257381 403799 161298 298868 387885 183186 343691 283343 138667 54952 266905 110816 120557 252710 212890 110928 37815 35253 33308 165124 101962 123191 59995 21130 46158 77907 88320 48489 34769 28217 6288 32237 31499 13186 18313 22631 181568 74195 19196 83189 34175 49014 29068 73113 9322 7061 85328 4749 50606 33535 98166 47160 166097
internal_count=1751222 711184 1040038 663263 377721 333463 278511 501965 376775 257381 403799 161298 298868 387885 183186 343691 283343 138667 54952 266905 110816 120557 252710 212890 110928 37815 35253 33308 165124 101962 123191 59995 21130 46158 77907 88320 48489 34769 28217 6288 32237 31499 13186 18313 22631 181568 74195 19196 83189 34175 49014 29068 73113 9322 7061 85328 4749 50606 33535 98166 47160 166097
is_linear=0
shrinkage=0.05


Tree=13
num_leaves=63
num_cat=0
split_feature=2 7 7 3 32 32 7 34 18 3 31 32 19 28 39 0 32 3 39 34 39 0 0 18 34 33 36 3 32 3 3 35 32 0 37 32 0 31 35 0 36 35 2 35 39 31 36 0 34 0 34 34 34 34 32 36 36 32 20 7 31 34
split_gain=673.429 123.33 53.7967 29.8809 24.8654 18.6633 12.9686 12.6405 9.32104 8.65344 8.00484 7.37906 7.33882 6.88747 6.76695 6.29254 5.90124 5.89354 5.8668 5.8417 5.73235 4.74897 4.5888 4.87254 4.54452 5.03327 5.34246 4.52481 4.21663 3.91113 3.70129 3.61343 3.55278 3.49675 3.48867 3.48181 3.24391 3.19724 3.80433 4.59774 3.6541 3.07075 3.05976 2.91718 2.83107 2.76259 2.71276 3.40298 3.41088 2.61001 2.53967 2.52506 2.49276 2.47945 2.47013 2.42327 2.42171 2.41725 2.39968 2.38121 2.35213 3.35641
threshold=1.0900000000000003 5.1500000000000012 4.9500000000000011 6139.8500000000013 1.0000000180025095e-35 1.5000000000000002 8.4000000000000021 4.5000000000000009 35730.500000000007 8460.4500000000025 3.5000000000000004 1.0000000180025095e-35 237350.00000000003 45.050000000000004 46.765684802667096 157894.4483570997 1.5000000000000002 8942.4000000000015 36.201311980187064 1.5000000000000002 20.286256718565067 93054.872804561193 195345.43013318136 47891.500000000007 1.0000000180025095e-35 1.0000000180025095e-35 3.5000000000000004 6059.5500000000011 2.5000000000000004 6335.0000000000009 4952.9500000000016 1.5000000000000002 1.0000000180025095e-35 664582.16473218438 1.0000000180025095e-35 13.500000000000002 97973.561530960054 4.5000000000000009 1.0000000180025095e-35 107221.49811295223 1.0000000180025095e-35 1.0000000180025095e-35 2.1500000000000008 1.0000000180025095e-35 87.162757852052266 10.500000000000002 7.5000000000000009 200451.26106431909 1.5000000000000002 297975.62773399201 1.5000000000000002 3.5000000000000004 1.0000000180025095e-35 1.0000000180025095e-35 1.5000000000000002 2.5000000000000004 2.5000000000000004 5.5000000000000009 716.50000000000011 9.2000000000000011 9.5000000000000018 6.5000000000000009
decision_type=2 2 2 2 2 2 2 2 2 2 2 2 2 2 2 2 2 2 2 2 2 2 2 2 2 2 2 2 2 2 2 2 2 2 2 2 2 2 2 2 2 2 2 2 2 2 2 2 2 2 2 2 2 2 2 2 2 2 2 2 2 2
left_child=2 5 11 27 6 7 8 14 58 29 28 12 20 18 37 -16 -11 56 60 44 -1 45 23 -22 -7 26 33 -3 43 54 -24 41 -33 34 42 46 -25 38 -2 40 -40 -9 -26 -6 -20 50 47 48 -23 -37 -19 -13 -29 -41 -5 59 -12 -58 -4 -8 61 -10
right_child=1 3 4 9 10 24 55 31 13 16 17 51 -14 -15 15 -17 -18 21 19 -21 22 35 30 36 25 -27 -28 52 -30 -31 -32 32 -34 -35 -36 49 -38 -39 39 53 -42 -43 -44 -45 -46 -47 -48 -49 -50 -51 -52 -53 -54 -55 -56 -57 57 -59 -60 -61 -62 -63
leaf_value=0.0022894875720891363 -0.0019464557876225554 0.00042570287921074004 0.0010477424189219882 -0.00052174353825351313 0.00083121301294008609 -0.00077928302982078047 0.00036334205211818087 -0.0021964468422542771 0.00097022586589236249 -0.00070883684355310455 0.00058864290230218827 0.0019916587916525758 0.00066469431339865031 -0.00014514866976126788 -0.0010233345934035738 -0.0017602711502283264 0.00020880659894273823 0.0042437829502982114 0.00053431572244743417 0.00012822771338539992 0.0017054045222224187 0.0018701251244234319 0.0021653730181968689 0.00052776216432239833 -0.0031074903377905994 -0.00094229195140926576 -0.00093536074161441277 -0.00039131131184806656 0.0033894329515507596 -0.0011764727312996125 0.0013502648351095394 -0.00082908058194102949 -0.0038580481808147223 -0.002131999413105335 -0.0010366853545904458 0.002580427993557584 0.0011411806460816978 -0.0017640651143475022 -0.0014679068313567993 -0.00091621909984164549 -0.0055806699281263309 -0.0039839390885651861 -0.0040921734508921294 0.0018520949392645824 0.0012020507894479329 0.0011313165368999323 -0.00029764129278576793 0.00049947344520934254 0.00088141722864075477 0.001198811313082668 0.0020660850456580239 0.0008934352546476885 0.00055529119955870514 -0.0027807915042928678 -0.001703827336861057 -0.00033040229911554249 -0.00097272730552627274 0.00089044105375682371 0.0021333394508821352 -0.00039568706692680512 0.00038134068135127085 0.0030564088654793905
leaf_weight=15317 25194 50606 10672 39828 9739 2333 36773 3187 67162 88443 13840 48853 46361 40898 47231 74910 21848 1708 169506 103199 30303 12438 22466 28289 14992 2672 2484 43372 3485 175048 36643 2817 1475 5268 1357 4756 90505 49452 698 2046 2387 9763 16652 24860 17514 6271 5278 33445 29206 12153 6194 5862 8283 13867 4971 53902 6460 2383 9733 14371 17508 1985
leaf_count=15317 25194 50606 10672 39828 9739 2333 36773 3187 67162 88443 13840 48853 46361 40898 47231 74910 21848 1708 169506 103199 30303 12438 22466 28289 14992 2672 2484 43372 3485 175048 36643 2817 1475 5268 1357 4756 90505 49452 698 2046 2387 9763 16652 24860 17514 6271 5278 33445 29206 12153 6194 5862 8283 13867 4971 53902 6460 2383 9733 14371 17508 1985
internal_value=-1.27366e-07 -0.00118584 0.000810669 -0.000657143 0.000568448 -0.00200585 0.000402479 -0.00182457 0.000522095 -0.000888473 0.00109197 0.00134454 0.0012372 0.00047113 -0.00172047 -0.0014753 -0.000527057 0.000910327 0.000538008 0.000430211 0.00135594 0.00105985 0.00128727 0.00113947 -0.00292906 -0.00304455 -0.00318239 8.96788e-05 0.00173171 -0.00106978 0.00166007 -0.00312733 -0.00187002 -0.00332824 -0.0035192 0.000935266 0.000995104 -0.00204025 -0.0023493 -0.00288354 -0.00465013 -0.00354404 -0.00362566 0.00156473 0.000596848 0.00191492 0.000798054 0.000875071 0.00117672 0.00158742 0.00253679 0.001874 -0.000239521 -0.00254106 -0.00065291 -9.64776e-05 0.000175679 -0.000470643 0.00156556 0.000150062 0.000899034 0.00103011
internal_weight=1.75122e+06 711184 1.04004e+06 432399 715439 278785 543223 233027 438177 330138 172216 324599 269884 417772 215785 122141 110291 134132 376874 290219 223523 111449 208206 149097 45758 43425 40753 102261 38084 219847 59109 17242 4292 38269 33001 97276 118794 93644 44192 18998 3085 12950 31644 34599 187020 14173 80367 75089 41644 16909 7902 54715 51655 15913 44799 105046 22683 8843 20405 51144 86655 69147
internal_count=1751222 711184 1040038 432399 715439 278785 543223 233027 438177 330138 172216 324599 269884 417772 215785 122141 110291 134132 376874 290219 223523 111449 208206 149097 45758 43425 40753 102261 38084 219847 59109 17242 4292 38269 33001 97276 118794 93644 44192 18998 3085 12950 31644 34599 187020 14173 80367 75089 41644 16909 7902 54715 51655 15913 44799 105046 22683 8843 20405 51144 86655 69147
is_linear=0
shrinkage=0.05


Tree=14
num_leaves=63
num_cat=0
split_feature=3 5 5 3 3 0 0 0 38 39 39 18 31 35 5 31 0 3 5 39 31 35 39 35 35 39 0 39 7 39 39 18 38 3 39 39 0 31 31 35 40 39 39 18 6 31 31 38 38 35 31 0 20 31 35 0 35 0 39 40 31 38
split_gain=251.187 413.64 77.203 47.0799 29.807 16.7843 14.8611 12.1002 11.483 9.53267 9.44413 8.54428 7.80359 8.3035 7.42468 7.21307 6.70989 6.04687 5.78349 4.77384 4.16477 3.96487 3.91374 3.78492 3.75861 3.58219 3.42303 3.31668 3.25517 3.18895 3.15476 3.09394 3.077 2.96466 2.88868 2.76171 2.72854 2.55632 2.47806 3.98198 2.58444 2.35434 2.34074 2.30216 2.18526 2.12966 2.1217 2.00712 1.99485 1.97012 1.89493 1.89068 1.87962 1.80678 1.7449 1.7854 1.86765 1.73541 1.73349 1.72389 1.71782 1.68153
threshold=9071.4500000000025 142.39600000000004 163.46950000000001 5650.3000000000011 12632.85 87702.298432998898 118290.60043268373 189570.58930947402 81.195862075745069 53.714205897332796 32.305467313510604 50607.000000000007 6.5000000000000009 2.5000000000000004 149.98200000000003 15.500000000000002 238528.97120783225 5983.7500000000009 177.82750000000001 29.688492603196273 18.500000000000004 2.5000000000000004 85.851013543373014 1.0000000180025095e-35 1.0000000180025095e-35 13.412695086962193 54058.380157097679 60.500022294741619 4.8500000000000005 66.295399052495284 17.840208894762803 102820.00000000001 75.842286874479498 6810.3000000000002 89.253269743441052 16.416382182196504 191899.49120198158 3.5000000000000004 7.5000000000000009 1.0000000180025095e-35 33.629728031919775 16.416382182196504 4.2515355234765471 90419.000000000015 151.15000000000003 1.0000000180025095e-35 9.5000000000000018 60.6267441185405 35.984659078632639 1.0000000180025095e-35 1.0000000180025095e-35 476294.43406367424 719.50000000000011 2.5000000000000004 1.0000000180025095e-35 352585.88488320232 2.5000000000000004 284450.11542195262 4.2515355234765471 47.937287743823127 2.5000000000000004 54.815425477955493
decision_type=2 2 2 2 2 2 2 2 2 2 2 2 2 2 2 2 2 2 2 2 2 2 2 2 2 2 2 2 2 2 2 2 2 2 2 2 2 2 2 2 2 2 2 2 2 2 2 2 2 2 2 2 2 2 2 2 2 2 2 2 2 2
left_child=1 3 14 6 5 30 34 10 9 25 38 26 28 18 20 16 19 32 51 46 44 24 37 61 33 50 -6 43 -9 -25 -2 42 35 -12 41 -5 -27 -21 39 -4 -41 -1 -18 -13 -3 -10 -7 -43 -32 -20 59 -14 -28 -47 -17 56 -56 -54 -19 -8 -52 -11
right_child=4 2 7 17 11 15 8 12 45 23 21 27 13 -15 -16 54 31 58 49 22 -22 -23 -24 29 -26 36 52 -29 -30 -31 48 -33 -34 -35 -36 -37 -38 -39 -40 40 -42 47 -44 -45 -46 53 -48 -49 -50 -51 60 -53 57 -55 55 -57 -58 -59 -60 -61 -62 -63
leaf_value=0.0017782299571343597 0.0022670600939736323 -0.00093316828090732958 -0.0018843167371973956 0.0013481488102701756 0.0031287407885631315 0.0013191325003462666 0.0011538797943694383 -0.0020706966611112889 0.0034851083166635485 -0.00024534821128167499 -0.00068043162599070437 0.00094608174898409858 -0.0025276747277742199 -0.0017347509814769559 -0.0010551344342331886 0.00035354773363380839 0.00084674356683812815 0.00078470191565954868 -0.0027475764752126468 0.00062501999341160221 0.00053982920653472782 -0.000242470980397144 0.00090668289749766876 0.00049086076468881506 -0.001760004657172844 0.0012377689658636265 0.0012683102958151715 0.0013104524126538878 -0.0015102076980200354 0.0022136569044597337 0.0017672235939843598 -0.00055957474063551675 0.0010955280078439819 -0.0013857971714825981 0.0020156738740698234 0.00018029247049894254 0.0018031735877263061 0.00024867509024419283 -0.0014530417021046385 -0.0042254653947621642 -0.0026234511096564182 0.00012081200388931635 0.00010384207857873617 0.00027494374533084564 -0.00051970974369596682 0.0020054210066204566 0.000393581079211334 0.00071169559887055518 0.0010117551961108585 -0.0036346834514649272 0.0018737758878066481 -0.0014577711060777439 0.0019644145557597748 0.0031874402889349807 0.0021017914183013397 0.00094191430222012942 0.00061872111435816489 0.001013978408728353 -0.00012124235210552321 0.0047151515460737235 0.0040502116009713098 0.00063094429991918967
leaf_weight=4012 7981 40033 10081 5765 4003 24216 439 60249 5136 9746 23104 54952 16038 23943 117358 5603 11725 5562 9379 63620 8304 8491 38187 5152 38217 45674 23663 53481 45444 5612 11502 16237 17698 41934 3801 41525 40047 155182 6216 4258 6159 20667 110808 16649 158437 12158 8319 47182 36364 18812 6762 5561 34218 4404 9448 14077 2738 5587 104260 1504 1047 12491
leaf_count=4012 7981 40033 10081 5765 4003 24216 439 60249 5136 9746 23104 54952 16038 23943 117358 5603 11725 5562 9379 63620 8304 8491 38187 5152 38217 45674 23663 53481 45444 5612 11502 16237 17698 41934 3801 41525 40047 155182 6216 4258 6159 20667 110808 16649 158437 12158 8319 47182 36364 18812 6762 5561 34218 4404 9448 14077 2738 5587 104260 1504 1047 12491
internal_value=-1.20997e-07 -0.000493765 -0.00128048 0.000766912 0.000726288 0.000528186 0.00124378 -0.00183413 0.00153168 0.001352 -0.00148297 0.00125716 -0.00210512 -0.00249991 -0.000737491 0.000428843 0.000374846 0.000150856 -0.00286786 0.000511859 -0.000557208 -0.00128106 0.000439619 0.000619433 -0.00136647 0.00160522 0.00171066 0.00101254 -0.00182971 0.00138907 0.00134674 8.89874e-05 0.000533135 -0.00113522 0.000672357 0.000322663 0.00150191 0.000358103 -0.00232754 -0.00259272 -0.00327828 0.000601304 0.000174929 0.000790026 -0.000603108 0.00259558 0.00108247 0.000531711 0.00119329 -0.00333955 0.00251325 -0.00225221 0.00162122 0.00231973 0.00115459 0.00132548 0.00176857 0.00183101 -7.53603e-05 0.00391052 0.00216558 0.000246884
internal_weight=1.75122e+06 1.04266e+06 642018 400644 708560 516007 225834 317886 150172 128474 138460 192553 179426 73733 324132 460160 428294 174810 49790 289524 206774 111746 256989 33001 103255 95473 67471 125082 105693 10764 55847 138770 64988 65038 75662 47290 85721 218802 26714 20498 10417 71861 122533 71601 198470 21698 32535 67849 47866 28191 9752 21599 63468 16562 31866 26263 12186 39805 109822 1943 7809 22237
internal_count=1751222 1042662 642018 400644 708560 516007 225834 317886 150172 128474 138460 192553 179426 73733 324132 460160 428294 174810 49790 289524 206774 111746 256989 33001 103255 95473 67471 125082 105693 10764 55847 138770 64988 65038 75662 47290 85721 218802 26714 20498 10417 71861 122533 71601 198470 21698 32535 67849 47866 28191 9752 21599 63468 16562 31866 26263 12186 39805 109822 1943 7809 22237
is_linear=0
shrinkage=0.05


Tree=15
num_leaves=63
num_cat=0
split_feature=3 5 7 3 3 32 38 32 34 5 18 18 3 35 31 3 36 32 32 28 34 33 36 17 38 35 36 35 3 32 34 28 34 32 38 34 37 5 35 36 35 38 36 32 3 3 34 36 31 20 19 35 32 35 34 34 36 36 35 3 36 34
split_gain=227.311 374.171 67.8457 45.5136 26.8079 15.849 13.0414 12.3841 10.7354 9.56726 8.87313 7.97164 6.56091 6.32745 5.34258 5.20433 4.93136 4.39215 4.27455 4.01875 3.88922 4.35796 4.3481 3.85105 3.68237 3.54746 3.49316 3.43852 3.37148 5.59634 3.30662 3.10456 3.06772 3.01005 2.88601 2.67064 2.63943 2.80434 2.62256 2.59838 2.55646 2.47562 2.46329 2.38102 2.34157 2.20028 2.17295 2.21372 2.08122 2.07596 2.88332 2.06894 3.4416 1.99898 3.40888 5.81198 4.22397 3.3893 2.54618 2.3662 1.98178 1.96283
threshold=9071.4500000000025 142.95550000000003 5.1500000000000012 5617.1500000000005 12632.85 1.5000000000000002 81.195862075745069 1.0000000180025095e-35 4.5000000000000009 151.42200000000003 48728.000000000007 44613.500000000007 5983.7500000000009 1.0000000180025095e-35 3.5000000000000004 6810.3000000000002 1.0000000180025095e-35 1.0000000180025095e-35 12.500000000000002 28.550000000000004 1.0000000180025095e-35 1.0000000180025095e-35 3.5000000000000004 11655.500000000002 60.938897487673707 1.0000000180025095e-35 7.5000000000000009 1.5000000000000002 4952.9500000000016 1.0000000180025095e-35 1.5000000000000002 48.850000000000001 3.5000000000000004 1.0000000180025095e-35 41.336055781116251 5.5000000000000009 1.0000000180025095e-35 178.07250000000002 2.5000000000000004 1.0000000180025095e-35 1.0000000180025095e-35 21.045769823364086 2.5000000000000004 1.0000000180025095e-35 7099.2000000000016 13275.300000000001 1.0000000180025095e-35 1.5000000000000002 2.5000000000000004 719.50000000000011 126750.00000000001 1.0000000180025095e-35 1.0000000180025095e-35 1.0000000180025095e-35 6.5000000000000009 7.5000000000000009 1.5000000000000002 2.5000000000000004 4.5000000000000009 10185.850000000002 1.5000000000000002 1.0000000180025095e-35
decision_type=2 2 2 2 2 2 2 2 2 2 2 2 2 2 2 2 2 2 2 2 2 2 2 2 2 2 2 2 2 2 2 2 2 2 2 2 2 2 2 2 2 2 2 2 2 2 2 2 2 2 2 2 2 2 2 2 2 2 2 2 2 2
left_child=1 3 5 6 7 8 13 10 15 18 23 46 17 24 34 -3 28 61 35 26 -7 22 36 -2 39 32 30 40 -15 -30 -9 53 45 -29 -12 -4 37 -22 -32 48 -10 -41 51 -14 -35 -13 -6 -48 -1 -25 -51 -17 -53 54 56 -56 -16 -58 59 -55 -26 -5
right_child=4 2 9 12 11 20 -8 19 27 -11 14 25 43 16 31 42 -18 -19 -20 -21 21 -23 -24 49 60 -27 -28 33 29 -31 38 -33 -34 44 -36 -37 -38 -39 -40 41 -42 -43 -44 -45 -46 -47 47 -49 -50 50 -52 52 -54 58 55 -57 57 -59 -60 -61 -62 -63
leaf_value=0.00013512455873828107 0.0004859891422310886 -0.0012108177786284771 -0.0006633203398261477 0.00014184768668877069 0.0021633960020686605 -0.0006530787525899002 0.0022097043061871644 0.0015261894249191817 -0.0020262007017691863 -0.0010939511516349118 0.001189659257531898 0.0010370306030777971 -0.00023620878371328471 0.0026986495720094528 -0.00036339436892720959 -0.0016369239088483718 0.00081236268106893721 0.0010739214030029802 0.00056783540496873025 0.00033970187137926863 -0.0025687173518244605 -0.00081320824412035853 -0.00084336521280077711 0.00071431666045525374 0.0011092146320475934 0.0006741398404152833 1.4706311805260781e-05 -0.00066326616753568414 0.00065757499625193703 0.0021866407841408474 0.00096585646512866406 -0.00036923631771996909 0.0005977747434861429 -0.0050963363102117477 0.00047073841763097847 -3.5225825320314663e-05 -0.00087451132048318222 -0.0034587651158398342 -0.0013090439327600924 0.0025162231925908367 -0.0036576144084541728 0.00075555903423709346 -0.0014372262168166018 0.00024531769797141303 -0.0010595690878605674 0.0015675054352928158 0.00098009714702780907 0.0019109165813929081 0.003005195279725161 0.0021621706375525461 0.0010422566124201936 -0.0025087969745946712 -0.0016638690352682884 -0.0002071472799044669 0.0024004191352362068 -0.00018978744757069138 0.0010870215846068775 0.00029435910335021912 0.0012182023056136221 0.00022971539367440744 -6.54760261054094e-05 0.0012398880710163683
leaf_weight=26613 27350 73665 187832 43501 19957 2282 27902 40721 3186 140069 18659 35881 81478 9112 19452 45965 16046 23922 8048 20469 14612 2669 2421 10932 89784 50179 6668 2816 9976 14954 41290 24093 17710 878 55428 18600 1372 22443 1307 2251 9750 17659 48064 37482 608 42941 12200 13407 647 10516 12674 25252 23056 52188 5191 3716 16904 66689 4860 76330 3740 4490
leaf_count=26613 27350 73665 187832 43501 19957 2282 27902 40721 3186 140069 18659 35881 81478 9112 19452 45965 16046 23922 8048 20469 14612 2669 2421 10932 89784 50179 6668 2816 9976 14954 41290 24093 17710 878 55428 18600 1372 22443 1307 2251 9750 17659 48064 37482 608 42941 12200 13407 647 10516 12674 25252 23056 52188 5191 3716 16904 66689 4860 76330 3740 4490
internal_value=-9.48475e-07 -0.000470206 -0.00123156 0.000707614 0.000690722 -0.00181478 0.00120005 0.00050277 -0.0016478 -0.00077255 0.000374776 0.00119457 0.000143431 0.00105238 0.000275771 -0.00155197 0.00153498 0.000520462 -0.000562654 0.000972058 -0.00266516 -0.00277067 -0.00289857 0.000928027 0.000880576 0.00101515 0.0011159 -0.00284858 0.0018756 0.00157477 0.00120403 0.000172369 0.00119242 -0.00162403 0.0006518 -0.000606728 -0.00302805 -0.00310779 0.000896056 0.000520391 -0.00325581 0.000954618 -0.00172853 -8.44891e-05 -0.00344468 0.00132603 0.00177227 0.00146744 0.000203244 0.00128234 0.00155011 -0.00187705 -0.00210554 0.000225558 0.000381343 0.00131979 0.000300226 0.00045465 9.47985e-05 5.23162e-05 0.00106224 0.000244579
internal_weight=1.75086e+06 1.04314e+06 633588 409557 707712 279039 218684 515437 233240 354549 404982 192275 190873 190782 343510 216002 50088 71913 214480 110455 45799 43517 40848 61472 140694 146711 89986 17238 34042 24930 83318 269423 96532 4302 74087 206432 38427 37055 42597 47170 12936 19910 142337 118960 1486 78822 45564 25607 27260 34122 23190 94273 48308 245330 111952 8907 103045 83593 133378 128518 93524 47991
internal_count=1750857 1043145 633588 409557 707712 279039 218684 515437 233240 354549 404982 192275 190873 190782 343510 216002 50088 71913 214480 110455 45799 43517 40848 61472 140694 146711 89986 17238 34042 24930 83318 269423 96532 4302 74087 206432 38427 37055 42597 47170 12936 19910 142337 118960 1486 78822 45564 25607 27260 34122 23190 94273 48308 245330 111952 8907 103045 83593 133378 128518 93524 47991
is_linear=0
shrinkage=0.05


Tree=16
num_leaves=63
num_cat=0
split_feature=2 5 5 5 5 32 32 0 18 38 18 2 39 36 16 5 0 39 0 6 0 39 0 35 17 32 39 35 0 39 39 36 33 32 39 0 36 35 0 0 13 32 0 0 0 0 39 28 32 36 35 36 0 32 32 35 39 36 40 35 39 5
split_gain=497.474 94.4282 22.8429 29.9905 16.7909 15.9455 14.4642 12.6074 10.0816 9.40493 7.20236 7.01472 6.15457 5.23725 5.01476 4.90575 4.34953 3.98953 3.79776 3.68106 3.88628 3.65676 3.90037 3.6449 3.61554 3.60978 3.41577 3.33692 3.21158 3.01346 2.96554 2.94389 3.13211 2.86063 3.49233 2.76045 2.74381 2.72673 3.35979 2.65066 2.58001 2.54044 2.43299 2.41133 2.39114 2.31705 2.3072 2.2619 2.21386 4.15305 4.55986 3.64166 3.44207 2.05682 2.05248 2.51943 1.96968 1.94153 1.88915 1.86975 2.32002 1.79556
threshold=1.0900000000000003 160.18800000000002 119.14950000000002 178.12850000000003 137.33500000000001 1.0000000180025095e-35 1.5000000000000002 111529.23726048466 51842.500000000007 81.195862075745069 50607.000000000007 2.1300000000000003 53.714205897332796 3.5000000000000004 -0.68999999999999961 147.54450000000003 142620.05344522887 5.0019251923815231 29672.543611481178 169.25000000000003 366551.03150284867 34.367940295275694 215647.57918397183 1.0000000180025095e-35 11329.000000000002 1.5000000000000002 30.13874813186472 1.0000000180025095e-35 65845.11501993546 80.841173623830414 26.864311873941002 3.5000000000000004 1.0000000180025095e-35 2.5000000000000004 28.447967971925856 191899.49120198158 2.5000000000000004 2.5000000000000004 188382.70601118493 310021.32779971336 -0.49999999999999983 14.500000000000002 725982.77787470294 485962.46538555197 333438.14147490804 67602.238338278505 82.797109458127537 62.850000000000001 2.5000000000000004 1.0000000180025095e-35 1.5000000000000002 1.5000000000000002 422019.21171835641 1.0000000180025095e-35 1.0000000180025095e-35 1.5000000000000002 22.754069472270796 1.5000000000000002 29.964738132948892 1.0000000180025095e-35 53.473977679829446 141.85450000000003
decision_type=2 2 2 2 2 2 2 2 2 2 2 2 2 2 2 2 2 2 2 2 2 2 2 2 2 2 2 2 2 2 2 2 2 2 2 2 2 2 2 2 2 2 2 2 2 2 2 2 2 2 2 2 2 2 2 2 2 2 2 2 2 2
left_child=2 4 7 5 54 8 11 25 24 12 28 27 26 16 -8 53 33 -10 -19 36 -21 43 57 -14 -4 -1 -9 40 -5 47 39 32 42 58 -35 59 61 56 -39 -18 -3 -17 48 -13 -42 -26 -25 -12 -16 -50 51 -51 -53 -6 55 -2 -29 -23 -7 -28 -61 -20
right_child=1 6 3 10 15 13 14 9 17 -11 29 21 23 -15 31 41 30 18 19 20 -22 22 -24 46 45 -27 35 37 -30 -31 -32 -33 -34 34 -36 -37 -38 38 -40 -41 44 -43 -44 -45 -46 -47 -48 -49 49 50 -52 52 -54 -55 -56 -57 -58 -59 -60 60 -62 -63
leaf_value=0.00052022173585180046 0.00020386687011025875 -0.0013524300588141473 0.00043897289047811527 0.0026107268249573887 -0.00051345245131614219 -6.5489945690740733e-05 -0.0015244576160572539 0.0021953514020619847 0.00091231692216190796 0.0025538065123024032 0.00088002767722691584 -0.0023798234562239849 0.00021668452806729248 -7.875499504955321e-05 -0.0024395353411736636 -0.00080449852704505024 0.0018071095330702788 0.0020911977212661604 0.00026841927181004842 0.00032137335493358335 -0.00020949443443014378 -0.0016531176230403103 -0.0019370766082250327 0.0010667363920394575 0.002072919147648664 0.0034803889303852593 0.00096192496163495153 -0.0022923365385403519 0.0014388718309809234 0.0014686682977281755 0.00059949066240842612 -0.00072179557286090857 -0.00086421182270037195 0.0035737190135055109 0.0015722080354223025 0.0017166897139260049 -0.00034759029421155209 3.3545217757840891e-05 -0.0013260117037914899 0.00079337720816822534 -0.00059711575821470104 0.00025260004588002955 -0.0016493837519822672 -0.0013481063746774401 -0.0016652632107167027 0.00098995233209073089 0.0031292998243442876 0.00010963396279691782 -0.0012752100186840028 0.00081761563619632278 -0.0056554198018234567 -0.0040498589062701066 -0.0025771961905651313 -6.6407302600162473e-05 0.00066574884568024271 -0.001028345446522279 -0.0015145741779128028 -0.0010620318015657924 0.0012158872582943921 0.00085941113188197455 0.0027623842245712376 -0.00037009499855290834
leaf_weight=56519 38864 29226 33032 6467 70942 3224 14457 14621 18496 17124 94026 27713 17727 13412 13784 179855 11120 2534 51997 245982 40094 23596 42497 6924 5754 1049 36677 9878 60955 20225 71274 1989 2219 2640 12492 31321 53933 5725 22032 15349 37665 5869 4138 7118 6086 34873 1686 10602 2352 540 2177 8439 7489 40372 21910 4644 46275 33783 26680 2971 3475 13968
leaf_count=56519 38864 29226 33032 6467 70942 3224 14457 14621 18496 17124 94026 27713 17727 13412 13784 179855 11120 2534 51997 245982 40094 23596 42497 6924 5754 1049 36677 9878 60955 20225 71274 1989 2219 2640 12492 31321 53933 5725 22032 15349 37665 5869 4138 7118 6086 34873 1686 10602 2352 540 2177 8439 7489 40372 21910 4644 46275 33783 26680 2971 3475 13968
internal_value=-9.01051e-07 -0.00101939 0.000696534 0.00058562 -0.000454077 0.000424851 -0.0016062 0.00119198 0.000287253 0.00146035 0.00113484 -0.00146319 0.0012981 0.000865913 -0.00233035 -0.000613783 0.000954651 0.000194066 0.000161545 0.000149501 0.000246971 -0.00172785 -0.00157401 0.000626618 0.000827466 0.000574162 0.00149666 -0.00123595 0.00155127 0.000909963 0.000767326 -0.00260051 -0.00269134 0.00136121 0.0019214 0.00135943 -8.30629e-05 -0.001451 -0.0010456 0.00121926 -0.000988685 -0.000771094 -0.00279552 -0.00216898 -0.000745701 0.00114333 0.00147063 0.000801963 -0.00293188 -0.00325508 -0.00350484 -0.00322054 -0.00335744 -0.000351316 0.000271088 7.23418e-05 -0.00165139 -0.0013051 0.00107774 0.00109995 0.00188529 0.000133215
internal_weight=1.75086e+06 711634 1.03922e+06 849129 362456 656854 349178 190094 500663 132526 192275 291594 115402 156191 57584 297038 142779 427004 408508 405974 286076 134707 99876 26337 73659 57568 89065 156887 67422 124853 97743 43127 41138 45036 15132 74444 119898 83910 27757 26469 72977 185724 38919 34831 43751 40627 8610 104628 34781 20997 18645 16468 15928 111314 65418 43508 56153 57379 29904 43123 6446 65965
internal_count=1750857 711634 1039223 849129 362456 656854 349178 190094 500663 132526 192275 291594 115402 156191 57584 297038 142779 427004 408508 405974 286076 134707 99876 26337 73659 57568 89065 156887 67422 124853 97743 43127 41138 45036 15132 74444 119898 83910 27757 26469 72977 185724 38919 34831 43751 40627 8610 104628 34781 20997 18645 16468 15928 111314 65418 43508 56153 57379 29904 43123 6446 65965
is_linear=0
shrinkage=0.05


Tree=17
num_leaves=63
num_cat=0
split_feature=2 7 34 3 7 34 0 18 31 0 39 0 7 7 3 18 7 31 0 38 34 34 31 31 0 3 38 3 3 1 34 33 3 34 34 0 39 39 39 18 31 19 34 3 39 34 34 31 7 39 39 37 39 34 38 0 31 31 1 34 39 39
split_gain=448.97 83.1277 38.871 19.6006 15.7809 12.0704 12.0597 8.96312 8.05711 7.15629 8.50436 6.67246 6.38255 5.9928 5.82332 4.3154 4.0597 3.6634 3.56124 3.54624 3.34425 3.31271 4.84941 3.73795 3.8312 3.31059 3.21846 4.67561 3.2143 2.99573 2.96048 2.86794 2.83569 2.5899 2.68131 2.56667 3.00493 2.45232 2.40322 2.73196 2.38534 2.31548 2.22915 2.14932 2.28772 2.13609 2.28629 2.10372 2.03458 2.0276 2.07711 2.02468 2.00927 2.00883 1.88069 1.86721 1.83952 1.83256 1.79621 1.74482 1.73187 1.70252
threshold=1.0900000000000003 5.1500000000000012 1.0000000180025095e-35 6139.8500000000013 4.6500000000000012 4.5000000000000009 91074.866902879323 35730.500000000007 15.500000000000002 209930.70167018831 43.097942437332144 100831.10917818431 4.7500000000000009 8.9000000000000021 8460.4500000000025 97291.500000000015 4.8500000000000005 11.500000000000002 458806.26406347973 86.898899828020035 1.0000000180025095e-35 1.5000000000000002 7.5000000000000009 3.5000000000000004 104509.67689563522 6059.5500000000011 86.898899828020035 5732.6000000000013 9144.9500000000025 5.9200000000000008 4.5000000000000009 1.0000000180025095e-35 6366.0000000000009 1.0000000180025095e-35 2.5000000000000004 169458.26361008131 29.688492603196273 43.966045737443913 33.17543772501211 58198.000000000007 20.500000000000004 321400.00000000006 1.0000000180025095e-35 12561.200000000003 5.9916134466728304 1.0000000180025095e-35 5.5000000000000009 4.5000000000000009 6.0500000000000007 11.644965679929916 89.253269743441052 1.0000000180025095e-35 14.205776654450036 1.5000000000000002 67.213611657823847 54058.380157097679 14.500000000000002 16.500000000000004 6.8950000000000005 5.5000000000000009 83.215562287844861 85.851013543373014
decision_type=2 2 2 2 2 2 2 2 2 2 2 2 2 2 2 2 2 2 2 2 2 2 2 2 2 2 2 2 2 2 2 2 2 2 2 2 2 2 2 2 2 2 2 2 2 2 2 2 2 2 2 2 2 2 2 2 2 2 2 2 2 2
left_child=2 5 7 20 41 9 28 55 13 10 21 29 19 15 32 31 -7 42 -19 51 25 22 23 -2 47 52 38 -28 -6 -9 -15 35 33 -5 -35 36 -8 -30 39 -14 45 59 -11 44 -37 -16 -47 -25 60 -31 -51 -13 -3 -33 -54 -1 -55 -12 -21 -4 -40 -38
right_child=1 3 4 14 6 16 8 11 -10 17 57 12 26 30 40 -17 -18 18 -20 58 -22 -23 -24 24 -26 -27 27 -29 37 49 -32 53 -34 34 -36 43 61 -39 48 -41 -42 -43 -44 -45 -46 46 -48 -49 -50 50 -52 -53 54 56 -56 -57 -58 -59 -60 -61 -62 -63
leaf_value=0.0030497709584149518 -0.0016567124419968407 0.0011786458763829873 0.001387344933694413 -0.00078210740926138323 0.00017518880947501662 -0.0032488385590442961 0.0012919989081613395 0.0013248250349061749 0.0010108980875783934 -0.00072804069209236823 -0.00097272984159720716 0.001297671792414344 0.0013805298708502083 -0.00028492850906865696 0.00079196583830127654 -0.00034727288645485421 -0.0019428185403455496 -0.0035931746148846603 -0.0019290278264128707 0.0014926012665681535 0.00080511022066385432 -0.0012156412767442175 -0.00079448227902293193 -0.0050237371790935979 -0.0023247111028109825 -0.00035344543641242294 0.0021851671570176957 0.00074957049473305354 0.0014226044966687841 0.0017811685090840801 0.00048696818976039615 0.00034194380258780193 -0.00097100705556183949 0.0003977009772991005 -0.0010302968411811967 0.00087672992855317784 0.00040200362286888685 0.00076860457021325941 0.00057663504297650401 0.00013312480126470786 0.00075850426574422536 0.00055942289144169353 -0.0017597797077221974 0.00069641473278641316 0.0001207747703108392 -0.00059696609752896655 0.00013387530167004329 -0.0030772839130329631 0.0013942261814204359 0.00025253907270314909 0.0016247179331366072 -0.00031377842998226287 -0.00014126332824267491 -0.00027925523146281984 0.00055610028923001203 0.0018568937034517071 0.001055423628338328 -0.0049204172192425545 0.002814454177365323 -0.00031268047208952678 0.0010723004557392699 0.00092890820147625928
leaf_weight=4521 8394 5231 47361 36391 11041 14221 12984 10185 32448 5498 84737 125424 29164 78440 3245 25163 10231 5288 8200 4596 13438 13336 5173 2667 8550 43433 11159 11534 29679 2511 14759 32634 167492 11299 4636 10937 93491 27723 99007 5167 4096 12051 109554 24442 117836 90892 12129 2895 10386 50564 2917 1980 24223 37223 16090 11956 2774 295 5830 1559 21439 18338
leaf_count=4521 8394 5231 47361 36391 11041 14221 12984 10185 32448 5498 84737 125424 29164 78440 3245 25163 10231 5288 8200 4596 13438 13336 5173 2667 8550 43433 11159 11534 29679 2511 14759 32634 167492 11299 4636 10937 93491 27723 99007 5167 4096 12051 109554 24442 117836 90892 12129 2895 10386 50564 2917 1980 24223 37223 16090 11956 2774 295 5830 1559 21439 18338
internal_value=-8.55999e-07 -0.00096842 0.000661708 -0.000534403 0.00041569 -0.00164128 0.000333897 0.0010418 0.000248925 -0.00153936 -0.00127166 0.000993767 0.00108677 0.00019621 -0.000721847 0.000285212 -0.00270238 -0.00180187 -0.00258146 0.00134518 6.99039e-05 -0.00186301 -0.00217492 -0.00249221 -0.00298918 -4.11327e-05 0.000897176 0.00145551 0.000956471 0.000536056 -0.000162691 0.000330599 -0.000870631 -0.000549335 -1.77492e-05 0.000403684 0.000572003 0.00110675 0.000820462 0.00119279 -0.000425499 0.00118024 -0.00171048 0.000266568 0.00018498 -0.000471136 -0.000510922 -0.00401062 0.000722762 0.000392578 0.000327381 0.00127263 0.000256704 5.08326e-05 0.000137073 0.0021842 -0.000186688 -0.000986425 0.00223175 0.00133317 0.000664862 0.000488407
internal_weight=1.75086e+06 711634 1.03922e+06 432595 630883 279039 569912 408340 501469 254587 126047 391863 325686 469021 330180 375822 24452 128540 13488 137830 102415 41015 27679 22506 14112 88977 187856 22693 68443 66177 93199 350659 219818 52326 15935 278028 124813 57402 165163 34331 110362 60971 115052 153215 128773 106266 103021 5562 130832 55992 53481 127404 45544 72631 40313 16477 39997 85032 10426 48920 120446 111829
internal_count=1750857 711634 1039223 432595 630883 279039 569912 408340 501469 254587 126047 391863 325686 469021 330180 375822 24452 128540 13488 137830 102415 41015 27679 22506 14112 88977 187856 22693 68443 66177 93199 350659 219818 52326 15935 278028 124813 57402 165163 34331 110362 60971 115052 153215 128773 106266 103021 5562 130832 55992 53481 127404 45544 72631 40313 16477 39997 85032 10426 48920 120446 111829
is_linear=0
shrinkage=0.05


Tree=18
num_leaves=63
num_cat=0
split_feature=2 5 34 5 7 32 32 32 34 7 18 3 28 7 5 29 34 3 7 34 35 36 35 36 32 37 36 2 36 34 34 36 3 32 3 32 2 35 32 40 32 34 32 32 35 34 36 36 3 28 18 32 34 28 38 34 36 35 34 38 34 3
split_gain=405.196 77.4435 35.0811 14.5668 14.2422 12.5857 11.82 8.7313 8.47186 7.9869 7.97442 5.87604 5.5385 5.12251 4.99148 4.7293 3.70355 3.65839 3.61164 3.51447 3.45516 3.29894 3.26288 3.17806 3.08299 2.77224 2.70315 2.67371 2.64587 2.60993 3.74178 2.46444 2.45355 2.3128 2.31056 3.29274 2.30567 2.30135 3.83549 2.98741 2.22641 4.50735 4.47253 2.28238 2.22404 2.16294 2.18954 2.10052 2.09992 2.05067 2.04561 2.0251 2.09091 2.01686 1.97804 1.84953 1.81833 1.80327 2.16164 1.79795 1.79553 1.77769
threshold=1.0900000000000003 161.95250000000001 1.0000000180025095e-35 135.63150000000002 4.6500000000000012 1.5000000000000002 2.5000000000000004 1.0000000180025095e-35 4.5000000000000009 8.9000000000000021 34996.500000000007 6674.2500000000009 45.050000000000004 5.0500000000000007 147.93950000000004 65.62166706468885 1.0000000180025095e-35 7420.5500000000011 6.0500000000000007 4.5000000000000009 1.0000000180025095e-35 1.5000000000000002 1.5000000000000002 7.5000000000000009 1.0000000180025095e-35 1.0000000180025095e-35 2.5000000000000004 2.1500000000000008 3.5000000000000004 5.5000000000000009 7.5000000000000009 1.0000000180025095e-35 7099.2000000000016 1.0000000180025095e-35 5515.2000000000016 1.5000000000000002 -0.039999999999999994 1.0000000180025095e-35 1.0000000180025095e-35 43.282806637698009 2.5000000000000004 4.5000000000000009 3.5000000000000004 4.5000000000000009 1.0000000180025095e-35 1.5000000000000002 3.5000000000000004 3.5000000000000004 12950.800000000001 53.250000000000007 79933.000000000015 5.5000000000000009 1.0000000180025095e-35 16.150000000000002 88.067506953055059 8.5000000000000018 1.5000000000000002 4.5000000000000009 1.5000000000000002 83.020973194750155 3.5000000000000004 11095.450000000003
decision_type=2 2 2 2 2 2 2 2 2 2 2 2 2 2 2 2 2 2 2 2 2 2 2 2 2 2 2 2 2 2 2 2 2 2 2 2 2 2 2 2 2 2 2 2 2 2 2 2 2 2 2 2 2 2 2 2 2 2 2 2 2 2
left_child=2 3 7 51 21 8 9 10 11 12 -1 45 15 25 33 53 -7 28 59 56 29 60 27 31 -24 49 37 -10 40 -17 61 -8 -26 -5 35 44 -33 39 -39 -13 41 -18 -42 -44 -9 46 -3 -35 -36 54 -23 52 -2 -6 -12 -21 -11 58 -22 -15 -4 -31
right_child=1 5 4 14 6 16 23 34 22 19 13 26 -14 18 -16 20 17 -19 -20 55 57 50 24 -25 32 -27 -28 -29 -30 30 -32 36 -34 47 48 -37 -38 38 -40 -41 42 -43 43 -45 -46 -47 -48 -49 -50 -51 -52 -53 -54 -55 -56 -57 -58 -59 -60 -61 -62 -63
leaf_value=0.0021285085736998778 0.00012876411096167663 -0.0011663479611083889 0.0010045361208342104 -0.00049720352185621567 0.0012717721435272515 -0.00037896439005795666 -0.0001275090268876062 0.00084372673286306509 -0.0021235160750097295 6.5349066381632369e-05 0.0009874803970093373 -0.001654376206977112 -0.00018639410952361223 0.00039579004135491849 -0.00074097629590795858 0.00039636466968360253 -0.0015448541106485372 -0.0016381911788471055 0.0018899444024068947 0.00075434567282076375 0.00036585655277494047 0.0018147078805829863 -0.00031150860151540416 -0.00019952325822375364 -0.0045035475372657069 -0.00053323088950811559 -0.0011355487997959845 -0.0034427732366994058 -0.00060768333255111287 0.0015441553432452122 -0.000100810122689019 0.0016830224074575375 -0.00075548790704734381 3.3866383038255408e-05 0.0010545827915681208 0.0028583724530433135 0.00095773507399980371 -0.0020989955994521583 -0.0013348007436977422 -0.00096563078183220454 -0.0041141968894854494 -0.0034932945141035402 0.00030673887916253745 -0.0026322611779751866 0.0017956254590662222 -0.00040530423986613823 -3.6963665996533548e-05 -0.00093315673332580989 0.0017345158487305943 0.00019232173130962071 0.00084193945949325745 0.0016593050853798434 0.0011248685169478743 0.00061570332436410079 0.0017565544271891044 -0.00080000898363572219 -0.00043473016101670402 0.0011724886238744826 -6.4873766587887976e-05 0.001016532466594411 0.00016639381012713717 8.7220842927698909e-05
leaf_weight=11925 49550 37746 25870 90927 18108 2754 3863 8633 9550 26092 170769 31693 44875 90885 175746 160011 9588 16278 4717 13389 46583 19074 3351 5228 1012 3032 66393 6424 1686 14826 6116 15865 768 46814 46856 5435 35425 34474 31351 31286 6012 4299 694 13720 21217 19788 4842 6381 14988 7709 7541 2612 5895 33177 8791 2233 59927 4020 77736 13383 8486 2438
leaf_count=11925 49550 37746 25870 90927 18108 2754 3863 8633 9550 26092 170769 31693 44875 90885 175746 160011 9588 16278 4717 13389 46583 19074 3351 5228 1012 3032 66393 6424 1686 14826 6116 15865 768 46814 46856 5435 35425 34474 31351 31286 6012 4299 694 13720 21217 19788 4842 6381 14988 7709 7541 2612 5895 33177 8791 2233 59927 4020 77736 13383 8486 2438
internal_value=-8.13198e-07 -0.000919999 0.000628622 -0.000429864 0.000394906 -0.00147508 0.000317202 0.000989712 -0.00133862 0.000238816 0.000860547 -0.00125971 0.000337634 0.000810025 -0.000562113 0.000402413 -0.00216607 -0.00226021 0.000536684 -0.000157746 0.000329213 0.00112122 -0.00230171 0.000978673 -0.00120477 0.000966568 -0.00139471 -0.00265406 -0.00254148 0.000468466 0.000961922 0.00109035 -0.00288641 -0.000344002 0.00140357 0.00172643 0.00118208 -0.0015283 -0.00173503 -0.00131223 -0.00263649 -0.00214803 -0.00296858 -0.00249076 0.00152032 -0.000837247 -0.00103794 -8.21328e-05 0.00121937 0.00099085 0.00153909 0.000298766 0.000234672 0.000847352 0.00102513 0.000532167 -0.000283042 0.000130226 9.65232e-05 0.000475464 0.000797513 0.00133841
internal_weight=1.75086e+06 711634 1.03922e+06 377925 630883 333709 569912 408340 278678 509531 311211 257573 407890 299286 319868 363015 55031 52277 108985 101641 311730 60971 21105 60381 5131 190301 195197 15974 35999 183391 23380 55153 1780 144122 97129 35285 51290 128804 65825 62979 34313 13887 20426 14414 29850 62376 42588 53195 61844 187269 26615 58057 55445 51285 179560 15622 86019 128339 124319 104268 34356 17264
internal_count=1750857 711634 1039223 377925 630883 333709 569912 408340 278678 509531 311211 257573 407890 299286 319868 363015 55031 52277 108985 101641 311730 60971 21105 60381 5131 190301 195197 15974 35999 183391 23380 55153 1780 144122 97129 35285 51290 128804 65825 62979 34313 13887 20426 14414 29850 62376 42588 53195 61844 187269 26615 58057 55445 51285 179560 15622 86019 128339 124319 104268 34356 17264
is_linear=0
shrinkage=0.05


Tree=19
num_leaves=63
num_cat=0
split_feature=2 5 34 7 7 5 0 34 18 31 0 3 39 7 35 0 39 36 18 40 0 36 0 10 36 5 3 35 35 0 31 34 39 35 0 0 3 39 34 31 39 36 40 39 40 39 0 3 18 35 35 31 35 3 0 36 20 35 36 34 34 39
split_gain=365.689 70.1664 31.6607 12.8536 11.5814 11.0398 10.6622 10.2501 7.45842 6.69684 6.10501 6.14985 5.83946 4.85152 4.78491 4.19154 5.22974 4.11169 3.60693 3.54058 3.45618 3.10447 3.90881 2.99644 2.97729 2.90983 2.8733 2.78703 4.06204 2.89711 2.67768 2.38517 2.36584 2.47705 2.36303 2.33889 2.92022 2.32053 2.29304 2.53872 2.17112 2.24362 2.12454 2.31151 2.13447 2.03972 2.03662 1.9902 1.95045 1.90308 1.8383 1.8206 1.80342 1.7316 1.68165 1.67906 1.65423 1.63924 1.62378 1.62046 1.61644 1.94458
threshold=1.0900000000000003 155.94500000000002 1.0000000180025095e-35 4.6500000000000012 4.7500000000000009 135.63150000000002 92077.569078625282 4.5000000000000009 36004.500000000007 15.500000000000002 111529.23726048466 5496.1000000000013 30.13874813186472 8.9000000000000021 1.0000000180025095e-35 215647.57918397183 32.305467313510604 3.5000000000000004 91831.000000000015 48.21810653892878 251466.73715195127 8.5000000000000018 279387.37777810689 0.25999999999999984 1.5000000000000002 147.54450000000003 8663.7000000000025 1.0000000180025095e-35 2.5000000000000004 172428.30585035557 11.500000000000002 4.5000000000000009 29.688492603196273 1.0000000180025095e-35 207108.62264950093 208522.58761885058 6742.4000000000005 43.966045737443913 1.5000000000000002 7.5000000000000009 89.253269743441052 1.0000000180025095e-35 83.513297744008341 53.714205897332796 20.858477418102186 8.4058709867534755 458806.26406347973 10259.250000000002 68375.000000000015 1.0000000180025095e-35 1.5000000000000002 18.500000000000004 1.0000000180025095e-35 9071.4500000000025 54058.380157097679 1.5000000000000002 774.50000000000011 3.5000000000000004 2.5000000000000004 3.5000000000000004 1.0000000180025095e-35 10.31828845929989
decision_type=2 2 2 2 2 2 2 2 2 2 2 2 2 2 2 2 2 2 2 2 2 2 2 2 2 2 2 2 2 2 2 2 2 2 2 2 2 2 2 2 2 2 2 2 2 2 2 2 2 2 2 2 2 2 2 2 2 2 2 2 2 2
left_child=2 5 8 24 7 60 17 15 54 13 26 12 -12 18 20 16 38 37 32 -16 42 22 -11 48 59 -7 40 35 -29 -30 -17 -15 34 -34 -8 36 -6 53 39 -3 45 -42 43 44 -14 -10 -32 -19 -13 -26 52 -27 -9 -5 -1 -39 -28 -18 -37 -4 61 -2
right_child=1 4 3 6 27 25 9 50 10 21 11 23 14 31 19 30 57 47 -20 -21 -22 -23 -24 -25 49 51 56 28 29 -31 46 -33 33 -35 -36 58 -38 55 -40 -41 41 -43 -44 -45 -46 -47 -48 -49 -50 -51 -52 -53 -54 -55 -56 -57 -58 -59 -60 -61 -62 -63
leaf_value=0.0027822727866986833 0.0011505922619207667 -0.0029504564563545888 0.00095430931725673713 0.00043644533079724473 -0.00036369489369663641 -0.00028905118401651765 0.00097573281359511282 -0.0019274864625741272 0.0018824716506450905 0.0020223195242285944 0.00212460500655944 0.00080144556594406811 0.0024810040927378783 -0.00026218941029408031 0.00098380901641318286 -0.0016842115273930905 -0.0011359132505989855 -0.00018319442533925822 -0.00025793456159269111 0.0021410192460462325 0.0016322777212620884 -0.00012227841929614522 0.00072520296377748391 0.0011818117665139797 0.0017639411884772867 -0.0006501226864286748 0.00079909333900340766 -0.0014472400876248872 0.00022339738818049476 -0.0010069992047490176 -0.0035885435210837261 0.00043311816225009468 0.00034792190258934593 3.7969728306403652e-05 0.0003335993917679826 -0.0013516604061806126 -0.001071944521141493 0.00036691571764706557 -0.0012229080255306355 -0.00097431906201084564 0.0027941588854304214 0.00034289798807428325 0.0022882233115281481 0.00017545260971160546 0.00081596207777599782 0.00027731985565417863 -0.0020247423200964901 0.00079366020844962428 0.00034128742985724698 0.00086983707542969367 -0.0019998480200447244 0.00030094844977596137 -0.0036388905844544212 0.0016120199773200106 0.0016625380462903208 0.0012097155953415821 0.0019326757223263249 6.3335690697488849e-06 -0.00053233206871531973 0.00015807411947611866 0.0010686250900849958 9.759109335142477e-05
leaf_weight=4582 4832 7994 25870 3640 31284 118675 23459 1903 2041 8597 17416 111845 2017 77993 10760 69032 60821 10830 31746 17137 14174 5899 17903 43416 17631 149588 10319 80517 5873 25808 3309 14651 182496 99660 36805 31357 27215 12517 4832 2040 1861 1873 2210 15105 42094 65312 5615 10055 28999 8984 3648 5207 8055 22466 12502 11195 4677 3312 7492 8486 5895 47330
leaf_count=4582 4832 7994 25870 3640 31284 118675 23459 1903 2041 8597 17416 111845 2017 77993 10760 69032 60821 10830 31746 17137 14174 5899 17903 43416 17631 149588 10319 80517 5873 25808 3309 14651 182496 99660 36805 31357 27215 12517 4832 2040 1861 1873 2210 15105 42094 65312 5615 10055 28999 8984 3648 5207 8055 22466 12502 11195 4677 3312 7492 8486 5895 47330
internal_value=-7.72539e-07 -0.000873999 0.000597191 0.000375161 -0.00133767 -0.000342381 0.000301342 -0.00164359 0.000940227 0.000219953 0.000895574 0.00100047 0.00127755 0.000171707 0.00113502 -0.00152946 -0.00127279 0.000876003 0.000251915 0.00169468 0.000928497 0.000915086 0.00114601 0.000818649 0.00106516 -0.000475323 0.000523699 -0.00108867 -0.00125853 -0.000778909 -0.00178957 -0.000152231 0.000299183 0.000238444 0.000583563 -0.00089291 -0.000693188 0.00112288 -0.00211776 -0.00254869 0.000391023 0.00156459 0.0007661 0.000709293 0.000892097 0.000325961 -0.0026046 0.000287108 0.000706702 0.00146213 -0.00296007 -0.000618131 -0.00331184 0.00144811 0.00196286 0.000764822 0.00115264 -0.00107692 -0.00119365 0.000757638 0.000283828 0.000195135
internal_weight=1.75086e+06 711634 1.03922e+06 630883 380107 331527 569912 170561 408340 499209 391256 305173 120913 466810 103497 156955 78999 70703 374166 27897 75600 32399 26500 184260 60971 273470 86083 209546 112198 31681 77956 92644 342420 282156 60264 97348 58499 49818 14866 10034 71087 3734 61426 59216 44111 67353 8924 20885 140844 26615 13606 154795 9958 26106 17084 23712 14996 64133 38849 34356 58057 52162
internal_count=1750857 711634 1039223 630883 380107 331527 569912 170561 408340 499209 391256 305173 120913 466810 103497 156955 78999 70703 374166 27897 75600 32399 26500 184260 60971 273470 86083 209546 112198 31681 77956 92644 342420 282156 60264 97348 58499 49818 14866 10034 71087 3734 61426 59216 44111 67353 8924 20885 140844 26615 13606 154795 9958 26106 17084 23712 14996 64133 38849 34356 58057 52162
is_linear=0
shrinkage=0.05


Tree=20
num_leaves=63
num_cat=0
split_feature=3 5 5 1 3 0 32 0 34 32 5 38 32 18 32 34 35 32 3 3 3 38 40 33 34 36 3 0 37 36 34 0 32 35 32 36 20 34 35 18 0 0 0 19 32 34 35 32 34 34 0 38 3 38 38 33 36 35 19 32 3 35
split_gain=137.45 225.172 43.4202 26.2924 17.342 11.9257 10.6098 9.86348 7.34616 6.86532 6.59424 6.55163 5.27056 5.16314 4.63594 4.39889 3.84707 3.7803 3.26226 3.20134 3.20107 3.04732 3.54233 2.87786 2.9839 3.19589 2.85979 2.85162 2.71858 2.47348 2.65686 3.13738 2.4289 2.92458 2.19293 2.19101 2.8193 2.18478 2.36317 2.13702 2.02669 1.96549 1.88288 1.87936 1.87495 3.10382 1.87018 1.85737 2.44975 1.97561 1.88225 1.80117 1.77367 1.97262 1.69102 1.66372 1.66336 1.66186 1.63853 1.62044 2.82286 2.98875
threshold=9071.4500000000025 142.39600000000004 169.91300000000004 6.3350000000000009 12702.500000000002 88875.963452935728 1.5000000000000002 129842.10628610128 4.5000000000000009 1.0000000180025095e-35 151.42200000000003 83.020973194750155 1.5000000000000002 50607.000000000007 1.0000000180025095e-35 1.0000000180025095e-35 1.0000000180025095e-35 2.5000000000000004 6832.7500000000009 8304.1500000000015 11761.400000000003 47.974299233544642 22.667530885717021 1.0000000180025095e-35 1.0000000180025095e-35 3.5000000000000004 5935.4000000000005 575443.16250055691 1.0000000180025095e-35 7.5000000000000009 1.5000000000000002 167427.92229372734 1.0000000180025095e-35 1.5000000000000002 1.0000000180025095e-35 3.5000000000000004 680.50000000000011 5.5000000000000009 1.0000000180025095e-35 102820.00000000001 65845.11501993546 467850.06288736773 249528.37884682408 194750.00000000003 2.5000000000000004 3.5000000000000004 2.5000000000000004 2.5000000000000004 1.5000000000000002 7.5000000000000009 51150.335100818651 59.116556512048241 10496.100000000002 29.886339268634462 57.634256153452675 1.0000000180025095e-35 2.5000000000000004 1.0000000180025095e-35 198550.00000000003 1.5000000000000002 7691.2500000000009 1.0000000180025095e-35
decision_type=2 2 2 2 2 2 2 2 2 2 2 2 2 2 2 2 2 2 2 2 2 2 2 2 2 2 2 2 2 2 2 2 2 2 2 2 2 2 2 2 2 2 2 2 2 2 2 2 2 2 2 2 2 2 2 2 2 2 2 2 2 2
left_child=1 3 10 14 5 35 8 12 18 15 17 21 51 40 16 20 -1 37 42 -19 -7 22 -9 24 -8 27 -16 28 44 30 31 -11 33 57 41 36 -2 -3 -39 54 -6 -15 -4 -22 45 -26 58 49 -49 50 -38 -5 -37 -54 -17 -23 -20 -10 -32 60 61 -12
right_child=4 2 6 7 13 9 23 11 32 29 59 -13 -14 34 26 39 -18 19 56 -21 43 55 -24 -25 25 -27 -28 -29 -30 -31 46 -33 -34 -35 -36 52 47 38 -40 -41 -42 -43 -44 -45 -46 -47 -48 48 -50 -51 -52 -53 53 -55 -56 -57 -58 -59 -60 -61 -62 -63
leaf_value=0.00017074964863905085 0.00040860143322405643 -0.00055095119098232624 -0.00076067935552582948 0.00011381477704159421 0.0021841481946943838 0.001846277683541724 -0.0004345438773144944 0.0013402542042943628 -0.0013556313000722309 0.0017288571819288159 -0.00021706394080924963 0.00211833443078263 0.0030130740772652746 0.00075617490453212897 0.00094592339607839208 0.00029891099425377403 -0.00040026658938462512 -0.0014583827488250988 -0.001493297266382039 0.00034442473648277003 0.00070270667074992283 0.0012531297859646026 0.00016946353911128468 -0.00052736493072671629 -0.0010926888637944998 -0.00056334324384690068 0.00022010103245894872 -0.0015891539705661776 -0.00049611603027134154 -0.00037274386423600831 0.00061610417870762717 0.00077296054771385566 -0.0029636378199059312 -0.00035745394445755918 0.0012329028658269604 5.4330342510373433e-05 0.0021709925397553858 -0.0013246314076520308 0.00033836725816695587 -0.00046864766741668571 0.001227483345673756 0.00012200253799945646 -0.0012898705126269685 2.4986644883037159e-05 -0.0031487540022210807 -0.0028703005617116088 -0.001207352546470402 0.0042890972267340564 0.0013882005433711775 -0.00083860103988413627 0.0012077870267378878 0.00061405841283002462 0.0026683348787355388 0.00074362219480081078 5.8384800334890078e-05 -0.00015641139211501373 -0.0011151368142286921 -0.0030648479938501353 -0.00040269525821993676 -0.0012220616373611244 -0.0010200878653040314 -0.00088689772893215638
leaf_weight=75709 7765 181961 47039 25704 6122 4867 2127 10401 2418 10864 33037 17220 2077 84224 21572 128902 48324 2765 86901 22507 34521 83951 17053 2554 3581 2330 36590 7279 1339 5355 37338 40900 7729 2641 20472 8094 6549 2555 13034 14042 57850 14291 26155 14537 16199 7814 1651 1299 1655 997 22489 59991 1586 8287 168722 2147 43702 3453 4413 24963 63785 33580
leaf_count=75709 7765 181961 47039 25704 6122 4867 2127 10401 2418 10864 33037 17220 2077 84224 21572 128902 48324 2765 86901 22507 34521 83951 17053 2554 3581 2330 36590 7279 1339 5355 37338 40900 7729 2641 20472 8094 6549 2555 13034 14042 57850 14291 26155 14537 16199 7814 1651 1299 1655 997 22489 59991 1586 8287 168722 2147 43702 3453 4413 24963 63785 33580
internal_value=-9.98871e-08 -0.000365279 -0.000946183 0.000564554 0.000537607 0.000391479 -0.00143924 0.000934342 -0.00129856 0.000306882 -0.000602961 0.00120953 0.000524332 0.000956787 0.00012099 0.000206262 -5.17217e-05 -0.000428621 -0.001217 0.00014718 0.000623221 0.00107172 0.00061302 -0.00215542 -0.00225766 -0.00235827 0.000489305 -0.00247376 -0.00269631 0.000672835 0.000731669 0.00097358 -0.00232195 -0.00173929 0.000762029 0.00106299 0.00126578 -0.000502282 6.58057e-05 0.000134119 0.00131903 0.000664179 -0.000949779 0.000501883 -0.00280308 -0.00231167 0.000443152 0.00146754 0.00266385 0.00134988 0.00142502 0.000464012 0.000603001 0.00105281 0.000162558 0.00121798 -0.00136676 -0.0023609 0.000508419 -0.000852996 -0.000782346 -0.000554711
internal_weight=1.74998e+06 1.04219e+06 641448 400739 707792 524833 263261 218544 220038 466112 378187 130772 87772 182959 182195 365591 124033 222822 203797 25272 53925 113552 27454 43223 40669 38542 58162 36212 28933 100521 95166 51764 16241 8512 118987 58721 40754 197550 15589 311666 63972 98515 73194 49058 27594 11395 43402 32989 2954 30035 29038 85695 17967 9873 297624 86098 130603 5871 41751 155365 130402 66617
internal_count=1749979 1042187 641448 400739 707792 524833 263261 218544 220038 466112 378187 130772 87772 182959 182195 365591 124033 222822 203797 25272 53925 113552 27454 43223 40669 38542 58162 36212 28933 100521 95166 51764 16241 8512 118987 58721 40754 197550 15589 311666 63972 98515 73194 49058 27594 11395 43402 32989 2954 30035 29038 85695 17967 9873 297624 86098 130603 5871 41751 155365 130402 66617
is_linear=0
shrinkage=0.05


Tree=21
num_leaves=63
num_cat=0
split_feature=3 3 7 3 38 0 32 39 3 0 34 32 32 3 18 39 3 38 0 36 34 39 34 32 3 39 34 34 35 32 36 40 28 32 35 0 40 35 32 36 34 0 34 36 32 35 34 0 35 39 3 32 40 36 35 34 34 34 40 28 3 0
split_gain=124.071 198.554 55.8386 15.3459 11.0661 10.4835 9.75657 7.2522 6.76129 6.6581 6.58164 6.47272 6.38959 5.86926 5.00429 4.64221 4.30678 4.49963 3.93727 3.89277 3.8641 4.11278 3.58057 3.04552 2.93488 2.84728 2.55041 2.5392 2.521 2.96196 2.51637 2.36295 2.33568 2.27975 2.81809 3.49416 3.65809 2.25263 2.34614 2.20708 2.20705 5.48094 4.74406 2.2518 2.20624 2.7199 2.17916 2.25043 2.16331 3.92823 2.72423 2.50972 2.05519 2.38371 3.13565 2.03511 2.22902 2.17105 2.02608 1.96236 1.94617 1.93721
threshold=9144.9500000000025 6059.5500000000011 5.1500000000000012 12632.85 60.938897487673707 81406.816109048887 1.5000000000000002 15.056511221488929 8470.6000000000022 114852.77503361242 4.5000000000000009 1.0000000180025095e-35 2.5000000000000004 6335.0000000000009 44613.500000000007 49.762627038799089 5574.6500000000005 83.020973194750155 163524.55925728145 2.5000000000000004 1.0000000180025095e-35 5.0019251923815231 1.0000000180025095e-35 1.5000000000000002 11761.400000000003 81.616372278732584 2.5000000000000004 1.0000000180025095e-35 2.5000000000000004 1.0000000180025095e-35 3.5000000000000004 37.81463353583208 30.350000000000005 1.0000000180025095e-35 1.0000000180025095e-35 107221.49811295223 38.363339234197021 1.5000000000000002 1.0000000180025095e-35 7.5000000000000009 2.5000000000000004 450518.45484227542 3.5000000000000004 1.0000000180025095e-35 1.0000000180025095e-35 1.0000000180025095e-35 1.5000000000000002 151440.12910089732 1.0000000180025095e-35 42.199703488273208 4952.9500000000016 1.0000000180025095e-35 21.896060389513959 1.0000000180025095e-35 1.0000000180025095e-35 5.5000000000000009 8.5000000000000018 1.0000000180025095e-35 64.018863709990157 53.250000000000007 7099.2000000000016 160666.45400457375
decision_type=2 2 2 2 2 2 2 2 2 2 2 2 2 2 2 2 2 2 2 2 2 2 2 2 2 2 2 2 2 2 2 2 2 2 2 2 2 2 2 2 2 2 2 2 2 2 2 2 2 2 2 2 2 2 2 2 2 2 2 2 2 2
left_child=1 4 6 5 7 -2 10 58 13 23 15 20 19 22 -5 33 17 48 -17 55 24 -22 28 -6 -7 59 -24 -8 31 -30 40 -4 39 34 -3 36 -36 -12 -39 46 41 -29 -42 -44 52 -46 47 -13 49 -11 -50 -52 53 -9 61 57 -57 -10 -1 -16 -40 -55
right_child=3 2 8 14 9 11 27 44 12 16 37 32 -14 -15 25 18 -18 -19 -20 -21 21 -23 26 -25 -26 -27 -28 30 29 -31 -32 -33 -34 -35 35 -37 -38 38 60 -41 42 -43 43 -45 45 -47 -48 -49 50 -51 51 -53 -54 54 -56 56 -58 -59 -60 -61 -62 -63
leaf_value=0.0012030919163635997 0.0010990832606906555 -0.0012450368974024912 -0.0010403812985723671 0.0013548807142458052 0.00045947126516639549 0.0017718791902485765 -0.00037496478797097144 -0.00020406984582703065 0.00093101983627615265 0.0024369410049992039 -0.0024784893167770824 0.0018422335659669541 0.00061698661919378785 -0.00074788808025589529 0.00074787243035295717 -0.00055849190308555224 0.00068306193750875346 0.0020390132947592419 -0.0011625477843467793 -0.00059190911791492809 0.00090343202362621613 9.2460730790124181e-05 0.00059124828773077145 0.0029824471834881436 0.00048059523118227661 0.0012563825588164522 -0.00066665021896168924 -0.0031413251731548528 -0.0015830737503536669 0.00061421796868687455 -0.00053952657746875199 -0.00036576719873964336 0.00015623071920600119 -0.0009940635027708923 -0.0038856987621327596 -0.0016078402602491529 -0.0015077831568277359 -0.00030343222677278649 -0.0042432920075430374 -0.00028836542470899438 -0.00011996100738071057 -0.0016693240557833682 -0.0028363577681475489 -0.0014581564693166345 -0.0002540813289294043 0.00098589263180218645 0.00056222195226460225 0.00090551640710972547 0.002286050804527678 0.00090692184446629375 0.00026290637141094885 0.0018031579857919222 -6.3536075617255157e-05 0.000562472416774646 -0.00039653846599651095 0.0007464961970770999 -0.00091650712219649511 -0.0002666829556536502 0.0030230163524866773 0.00021491563121233041 -0.00057945817293441682 0.0021704289735247828
leaf_weight=11205 45144 42039 18280 45469 56485 4851 2254 6448 4025 4530 13007 8062 21066 199904 102131 46077 35512 18040 65075 68149 16513 293632 16691 1222 47367 23691 5312 13967 1835 9341 2450 44772 18836 28407 3848 27440 2790 2800 891 4606 3572 11556 6392 5526 6142 15797 36827 31328 8652 56746 4917 5723 61405 3106 2884 11821 2429 63104 1771 20787 611 4719
leaf_count=11205 45144 42039 18280 45469 56485 4851 2254 6448 4025 4530 13007 8062 21066 199904 102131 46077 35512 18040 65075 68149 16513 293632 16691 1222 47367 23691 5312 13967 1835 9341 2450 44772 18836 28407 3848 27440 2790 2800 891 4606 3572 11556 6392 5526 6142 15797 36827 31328 8652 56746 4917 5723 61405 3106 2884 11821 2429 63104 1771 20787 611 4719
internal_value=-9.4893e-08 -0.000343539 -0.00078341 0.00051599 0.000730451 0.000371839 -0.00134342 0.000339068 -0.000449006 0.000961977 -0.00121237 0.00030078 -0.000198271 -0.000593447 0.000896607 -0.00113709 0.0011552 0.00132523 -0.000912142 -0.000313127 0.000202635 0.000135639 -0.000272621 0.000512898 0.000600554 0.000754479 0.000287564 -0.00201126 -0.000438673 0.000253442 -0.00209612 -0.000561351 0.000657639 -0.0013763 -0.00151895 -0.00185686 -0.00288624 -0.00215045 -0.00115863 0.000774493 -0.00218911 -0.00247485 -0.00171829 -0.00219733 0.000195441 0.000638752 0.000838724 0.00109724 0.00116541 0.00102003 0.00162716 0.00109137 7.16428e-05 0.000555449 0.00101276 -7.96676e-05 0.000463027 -0.00019487 0.00145148 0.000657743 -0.00275288 0.00153218
internal_weight=1.74998e+06 1.05074e+06 745431 699244 305304 507166 278702 113477 466729 191827 232985 462022 170594 296135 192078 215676 134120 98608 111152 149528 362363 310145 96231 57707 52218 146609 22003 45717 74228 11176 43463 63052 99659 104524 76117 34078 6638 17309 4302 80823 41013 25523 15490 11918 100501 21939 76217 39390 80568 61276 19292 10640 78562 17157 10709 81379 14250 67129 12976 122918 1502 7825
internal_count=1749979 1050735 745431 699244 305304 507166 278702 113477 466729 191827 232985 462022 170594 296135 192078 215676 134120 98608 111152 149528 362363 310145 96231 57707 52218 146609 22003 45717 74228 11176 43463 63052 99659 104524 76117 34078 6638 17309 4302 80823 41013 25523 15490 11918 100501 21939 76217 39390 80568 61276 19292 10640 78562 17157 10709 81379 14250 67129 12976 122918 1502 7825
is_linear=0
shrinkage=0.05


Tree=22
num_leaves=63
num_cat=0
split_feature=2 1 34 9 0 32 34 32 18 32 6 0 1 34 6 16 39 4 28 36 0 0 32 31 32 17 36 31 32 13 34 32 10 32 32 31 39 40 39 31 32 31 13 31 0 39 2 39 36 39 28 39 34 34 39 31 6 39 31 34 32 39
split_gain=269.217 38.5785 24.0328 9.39707 7.39811 7.03679 6.61572 7.62716 6.3977 5.99734 6.07722 5.05522 4.69691 4.34889 6.95175 4.10253 4.04942 3.71875 3.6467 3.42045 3.16144 3.04795 2.9573 3.37374 2.8563 2.83181 2.71787 3.96866 2.93139 2.68453 2.67864 2.67673 2.6648 2.51116 3.10675 4.38864 2.70683 2.28726 2.93336 2.19668 2.42342 2.15973 2.114 2.06111 2.24451 2.04263 2.09707 2.03241 2.00201 1.98477 1.96963 1.92131 1.84656 1.84307 2.38561 2.23135 2.0662 1.81844 1.79981 1.7751 1.75417 1.74054
threshold=1.0900000000000003 6.0950000000000006 1.0000000180025095e-35 0.73000000000000032 91074.866902879323 1.0000000180025095e-35 4.5000000000000009 2.5000000000000004 48941.500000000007 2.5000000000000004 170.05000000000004 133204.95308740711 6.8950000000000005 1.0000000180025095e-35 179.30000000000004 -0.60499999999999965 49.762627038799089 4.0300000000000002 47.45000000000001 3.5000000000000004 160666.45400457375 54058.380157097679 2.5000000000000004 5.5000000000000009 1.0000000180025095e-35 19454.000000000004 1.0000000180025095e-35 7.5000000000000009 3.5000000000000004 -0.13500000000000009 5.5000000000000009 1.0000000180025095e-35 -1.2550000000000001 4.5000000000000009 1.0000000180025095e-35 2.5000000000000004 61.86616092089924 83.513297744008341 53.714205897332796 3.5000000000000004 2.5000000000000004 1.0000000180025095e-35 -0.1699999999999999 7.5000000000000009 61630.301608201342 86.351803166888047 0.97000000000000008 8.4058709867534755 7.5000000000000009 98.591805316340242 20.850000000000005 2.2035989705344035 7.5000000000000009 3.5000000000000004 43.966045737443913 3.5000000000000004 170.05000000000004 17.840208894762803 2.5000000000000004 8.5000000000000018 12.500000000000002 85.851013543373014
decision_type=2 2 2 2 2 2 2 2 2 2 2 2 2 2 2 2 2 2 2 2 2 2 2 2 2 2 2 2 2 2 2 2 2 2 2 2 2 2 2 2 2 2 2 2 2 2 2 2 2 2 2 2 2 2 2 2 2 2 2 2 2 2
left_child=2 13 5 6 19 8 7 16 21 10 30 47 61 14 31 32 43 -8 25 22 -18 -1 52 -24 -19 45 -9 28 -28 42 51 -2 -15 34 35 -16 -37 38 -14 40 -7 -39 60 44 -3 46 57 -10 -11 -49 -27 -6 53 54 55 -4 -57 -12 -36 -32 -17 -13
right_child=1 3 4 -5 9 39 17 26 11 48 18 12 37 15 33 29 20 24 -20 -21 -22 -23 23 -25 -26 50 27 -29 -30 -31 59 -33 -34 -35 58 36 -38 41 -40 -41 -42 -43 -44 -45 -46 -47 -48 49 -50 -51 -52 -53 -54 -55 -56 56 -58 -59 -60 -61 -62 -63
leaf_value=0.0024898920110644641 -7.6912333397036729e-05 -0.0028390944173353316 0.0017972103359446369 -0.00023405022600212321 0.00084468128663480629 0.0012885739304507404 -0.0011114275934397948 -0.00032770465535011365 0.0017254293057033607 0.0008262988631252135 0.00069862123359281628 0.00047535432003806131 0.0011671919890474864 0.00089836484872757446 -0.00036050850610669925 -0.00037176253848466358 -0.00057039621837349423 -0.0017081622481559531 -9.7210364049426549e-05 0.00024785101065363194 -0.0011308303208421246 0.0011257103809173585 0.005447283546017462 0.0016489670548626304 -0.0030661848644144393 0.001061899395283665 -0.0037048262248811879 -0.0018338564865526567 0.00047014311096393836 -0.00064895764962071565 0.00083963073116048921 0.00065097009095951191 -0.00087164171438981145 -0.0015044054675637363 -0.00087581017254319488 -0.0018457188776904504 -0.00035404245992959397 0.0030928717849706367 0.00037511400045952431 0.00088055751941029659 0.0026196159752620149 0.00030769195615914624 0.00062872982058882136 -0.0008011772284063917 -0.0014067072830173004 0.00070636277038802278 0.0010626342143684748 0.00025473369175869177 -0.00043444626046857142 0.0043978647218368833 0.00047512823926071102 -0.00021768995353626839 -0.00080256363309977579 0.0015184374680520137 0.00035487522840658482 -0.00035857154838145854 0.00117436271366899 0.00017202488733833492 0.00021702475204890735 -0.00061043829847530311 0.00068233903071875774 0.0011467578471680978
leaf_weight=4622 29854 2832 8051 22217 4429 56496 6501 2031 2458 52197 17808 92987 56659 2175 34875 111234 41171 6419 49237 20617 64722 35878 696 3653 9758 20438 5256 15857 457 88476 11100 21893 95264 5904 4608 10103 4351 2504 14727 37259 3640 964 5994 14072 79758 26299 7521 89463 3351 290 47634 108846 1550 10957 17223 3243 6823 206452 20656 2606 4092 10771
leaf_count=4622 29854 2832 8051 22217 4429 56496 6501 2031 2458 52197 17808 92987 56659 2175 34875 111234 41171 6419 49237 20617 64722 35878 696 3653 9758 20438 5256 15857 457 88476 11100 21893 95264 5904 4608 10103 4351 2504 14727 37259 3640 964 5994 14072 79758 26299 7521 89463 3351 290 47634 108846 1550 10957 17223 3243 6823 206452 20656 2606 4092 10771
internal_value=-9.01487e-08 -0.000750183 0.000512646 -0.00121932 0.000319111 0.000811309 -0.00130728 -0.00122564 0.000695269 0.000257249 0.000202737 0.000607617 0.000762832 -0.000460843 -0.000221105 -0.000564035 -0.00112653 -0.00212144 0.000303881 0.000793123 -0.000912935 0.0012814 0.0010085 0.00225684 -0.00252732 0.000364431 -0.0020763 -0.00224094 -0.00337086 -0.000439518 -9.62702e-05 0.000231038 -0.000832132 -0.000511763 -0.000433195 -0.000664122 -0.00139669 0.0010647 0.00100379 0.00118223 0.00136914 0.00231868 -0.000286778 -0.00136052 -0.00145582 0.000288766 0.000241383 0.000306967 0.000750243 0.000268121 0.000651301 -0.000176152 0.000895035 0.00095187 0.000776208 0.00117675 0.000680492 0.000213841 1.76983e-05 0.000563921 -0.000334361 0.000545052
internal_weight=1.74998e+06 710530 1.03945e+06 271051 630731 408718 248834 226156 311323 557918 502370 270823 178612 439479 132244 307235 202555 22678 375389 72813 105893 40500 52196 4349 16177 326152 23601 21570 5713 209796 126981 51747 97439 80497 74593 49329 14454 74854 71386 97395 60136 3468 121320 96662 82590 258080 231781 92211 55548 89753 68072 113275 47847 46297 35340 18117 10066 224260 25264 13706 115326 103758
internal_count=1749979 710530 1039449 271051 630731 408718 248834 226156 311323 557918 502370 270823 178612 439479 132244 307235 202555 22678 375389 72813 105893 40500 52196 4349 16177 326152 23601 21570 5713 209796 126981 51747 97439 80497 74593 49329 14454 74854 71386 97395 60136 3468 121320 96662 82590 258080 231781 92211 55548 89753 68072 113275 47847 46297 35340 18117 10066 224260 25264 13706 115326 103758
is_linear=0
shrinkage=0.05


Tree=23
num_leaves=63
num_cat=0
split_feature=2 5 7 32 5 32 39 28 34 31 39 36 0 0 34 32 32 29 0 33 19 32 0 34 33 34 7 36 0 34 34 5 3 0 39 34 18 35 34 36 34 31 3 35 31 5 32 39 36 36 35 35 3 19 35 31 34 39 35 39 31 34
split_gain=242.968 47.5929 22.9741 11.0816 9.79397 8.26539 5.60524 5.57711 5.4567 5.41711 4.29702 4.04181 3.71446 3.69487 4.82593 4.69102 3.63221 2.89372 3.31615 3.06588 3.01755 2.88803 2.8645 2.56554 2.55651 2.71893 2.44479 2.43339 2.78295 3.20998 3.52023 2.43754 2.2843 2.28152 2.54234 2.30311 2.23618 2.14645 2.28799 2.06654 2.68461 2.21215 2.03038 1.92486 1.92333 1.90049 2.36718 1.90038 1.88606 1.85579 1.82976 2.17017 1.93501 1.79383 1.75099 1.99738 2.96658 1.74585 1.72885 1.71346 1.66251 1.66231
threshold=1.0900000000000003 163.46950000000001 5.0500000000000007 1.0000000180025095e-35 145.02150000000003 1.5000000000000002 21.939606477639373 37.95000000000001 4.5000000000000009 3.5000000000000004 49.762627038799089 3.5000000000000004 253430.94683847649 240181.98724732859 1.5000000000000002 2.5000000000000004 1.0000000180025095e-35 58.718664364911433 156989.1135871927 1.0000000180025095e-35 150050.00000000003 14.500000000000002 95996.790430202309 1.0000000180025095e-35 1.0000000180025095e-35 1.0000000180025095e-35 8.2500000000000018 3.5000000000000004 495900.35155016131 2.5000000000000004 3.5000000000000004 174.07000000000002 6810.3000000000002 530784.53092997277 27.956173823152792 1.5000000000000002 60811.000000000007 1.5000000000000002 6.5000000000000009 1.5000000000000002 1.0000000180025095e-35 4.5000000000000009 5935.4000000000005 1.0000000180025095e-35 7.5000000000000009 149.98200000000003 5.5000000000000009 90.152925015616873 1.5000000000000002 1.5000000000000002 1.0000000180025095e-35 2.5000000000000004 7798.5000000000009 140650.00000000003 3.5000000000000004 9.5000000000000018 5.5000000000000009 16.416382182196504 2.5000000000000004 47.651580181678789 3.5000000000000004 5.5000000000000009
decision_type=2 2 2 2 2 2 2 2 2 2 2 2 2 2 2 2 2 2 2 2 2 2 2 2 2 2 2 2 2 2 2 2 2 2 2 2 2 2 2 2 2 2 2 2 2 2 2 2 2 2 2 2 2 2 2 2 2 2 2 2 2 2
left_child=2 4 7 6 42 8 36 16 10 -8 32 13 49 14 15 23 17 20 47 -20 -1 45 -17 -5 25 -7 39 28 29 -27 -31 -32 -3 34 35 44 53 43 -39 40 -11 -41 -2 -10 -34 -6 50 57 61 -12 52 -52 -47 -4 55 56 -55 -19 -50 -9 -24 -16
right_child=1 5 3 11 21 24 9 59 37 26 12 -13 -14 -15 48 22 -18 18 19 -21 -22 -23 60 -25 -26 27 -28 -29 -30 30 31 -33 33 -35 -36 -37 -38 38 -40 41 -42 -43 -44 -45 -46 46 -48 -49 58 -51 51 -53 -54 54 -56 -57 -58 -59 -60 -61 -62 -63
leaf_value=0.0017061679619222879 0.00041411173316384023 -0.0009079453917409298 0.0016016510763409372 0.0011059201402876969 -0.00041799882158945342 -0.00024546981473089403 0.00036681746316619026 0.00012759349464159142 -0.0011664710540061751 0.0014312004625082759 -0.00089545981532599718 -0.00017809594174233385 -0.0012138072536463601 0.00041894550642614461 -7.3787213152267826e-05 0.0035428282655346772 0.0012629067096088719 0.0016343225917048337 0.0010640024434642166 0.00038378136457865977 0.00062746756758871294 0.00038725978526936363 0.003344831149405582 -0.00015947014845616063 -0.00032679398694223077 -0.0026815453171579271 -0.00022497819240829307 -0.00047644703529646558 -0.0013408676112638101 5.6257793440829911e-05 -0.0011478872483761595 -0.0026210102210275973 -0.0023694649827394384 -0.00061551307162870203 -0.0012377236016852754 -0.00096613052563399894 -0.00018287236111675346 -0.0021272580844742899 4.0729503406879586e-05 0.00074962464700673633 -0.00028104859803233459 0.00012105480898521138 -7.346469170503735e-05 -0.0024658838274152438 -0.0010485100315233344 -0.00014572642118915736 -0.0018316875320281215 0.0015940091995738698 0.0011912913465763786 -0.0004315834305485356 -0.0010298397606943019 -0.00035616958844834808 -0.00075637458727591993 0.00066088271902887898 0.0020386449713971004 7.1359905831326854e-06 0.0027637534579874842 0.0004890710571917213 -0.0012912531537721396 0.00063884312084843754 0.0015193626809080992 0.00065830569154142371
leaf_weight=16992 28891 41727 5398 24752 158865 2572 155199 33200 3802 2413 35657 12913 36323 54982 13090 2376 53351 3433 93605 20127 10483 8861 1367 4779 3008 18259 85084 2765 11596 2424 4654 7080 15574 8918 43631 5413 7520 2219 2695 15631 44627 133936 81820 11382 3348 28305 4332 4311 13089 54539 41054 16866 23950 36465 2157 11544 1758 108500 741 32366 14239 19021
leaf_count=16992 28891 41727 5398 24752 158865 2572 155199 33200 3802 2413 35657 12913 36323 54982 13090 2376 53351 3433 93605 20127 10483 8861 1367 4779 3008 18259 85084 2765 11596 2424 4654 7080 15574 8918 43631 5413 7520 2219 2695 15631 44627 133936 81820 11382 3348 28305 4332 4311 13089 54539 41054 16866 23950 36465 2157 11544 1758 108500 741 32366 14239 19021
internal_value=-8.56406e-08 -0.000712674 0.000487014 0.000309917 -0.000344786 -0.00116786 0.000194004 0.000799021 -0.00105452 0.00012962 -0.000989585 0.000670363 -0.000786891 0.000744174 0.000935516 0.00128883 0.000887424 0.000809614 0.000751674 0.000943625 0.00129459 -0.000501128 0.0019255 0.000901142 -0.00174196 -0.00182822 -1.06476e-06 -0.00191524 -0.00200563 -0.00224342 -0.00167839 -0.00203673 -0.00120579 -0.00136744 -0.0014661 -0.00187558 0.000627803 -0.00184656 -0.000938262 9.58364e-05 -0.000193216 0.000186746 5.37726e-05 -0.00214052 -0.00213574 -0.000529924 -0.000685207 0.000563871 0.000570117 -0.000614967 -0.000640128 -0.000833671 -0.000425604 0.000734155 0.00064397 0.000583522 0.000757601 0.000524196 0.00105828 0.000379967 0.00167926 0.000359869
internal_weight=1.74998e+06 710530 1.03945e+06 663081 392944 317586 501732 376368 265228 436890 245130 161349 126519 148436 93454 47513 310802 257451 229976 113732 27475 282233 17982 29531 52358 49350 281691 46778 44013 32417 14158 11734 118611 76884 67966 24335 64842 20098 4914 196607 47040 149567 110711 15184 18922 273372 114507 116244 45941 90196 110175 57920 52255 57322 51924 49767 38223 111933 13830 65566 15606 32111
internal_count=1749979 710530 1039449 663081 392944 317586 501732 376368 265228 436890 245130 161349 126519 148436 93454 47513 310802 257451 229976 113732 27475 282233 17982 29531 52358 49350 281691 46778 44013 32417 14158 11734 118611 76884 67966 24335 64842 20098 4914 196607 47040 149567 110711 15184 18922 273372 114507 116244 45941 90196 110175 57920 52255 57322 51924 49767 38223 111933 13830 65566 15606 32111
is_linear=0
shrinkage=0.05


Tree=24
num_leaves=63
num_cat=0
split_feature=2 1 34 3 3 3 0 18 34 3 38 3 39 0 39 0 36 0 34 3 36 1 28 37 3 10 39 3 20 34 36 3 10 1 36 39 35 39 13 39 35 1 35 39 34 36 34 3 35 39 35 34 39 0 4 39 3 0 38 36 34 39
split_gain=219.279 31.9053 19.9619 11.0144 7.78085 7.64821 6.9855 5.65462 5.48132 4.60133 4.58565 3.93026 3.77226 3.73402 3.71707 3.8369 3.5381 3.53749 3.72072 3.39442 3.33871 3.20294 2.99442 2.97328 2.84475 2.7025 4.16541 3.5999 2.55944 2.53417 2.42633 2.33642 2.14885 2.00874 2.00558 1.97945 1.88137 1.83725 1.79233 1.74859 1.69521 1.97014 1.60212 1.59027 1.58727 1.55243 1.55089 1.83255 1.55057 1.53636 1.53077 1.54548 1.48858 3.44556 1.73136 1.46442 1.46331 1.41623 1.38966 1.35547 1.88778 1.47399
threshold=1.0900000000000003 6.0950000000000006 1.0000000180025095e-35 6178.4000000000005 6627.0000000000009 13275.300000000001 105405.64562512307 35730.500000000007 4.5000000000000009 8454.2500000000018 86.898899828020035 5574.6500000000005 27.383151781941901 95996.790430202309 27.956173823152792 203030.91028149432 3.5000000000000004 450518.45484227542 1.5000000000000002 7560.7500000000009 1.5000000000000002 5.9200000000000008 30.750000000000004 1.0000000180025095e-35 9263.1500000000033 -0.019999999999999792 35.516926160264177 5515.2000000000016 680.50000000000011 1.0000000180025095e-35 2.5000000000000004 9263.1500000000033 -0.52499999999999958 5.9200000000000008 1.5000000000000002 23.262135792643438 3.5000000000000004 83.215562287844861 -0.5149999999999999 86.351803166888047 1.0000000180025095e-35 5.9850000000000012 1.0000000180025095e-35 11.644965679929916 1.0000000180025095e-35 1.5000000000000002 1.5000000000000002 10185.850000000002 3.5000000000000004 52.216059629090118 1.0000000180025095e-35 1.5000000000000002 45.678875026794863 156066.62123524977 3.9350000000000005 1.0000000180025095e-35 7734.5500000000002 506700.0283731473 67.213611657823847 1.5000000000000002 1.5000000000000002 53.710319011975919
decision_type=2 2 2 2 2 2 2 2 2 2 2 2 2 2 2 2 2 2 2 2 2 2 2 2 2 2 2 2 2 2 2 2 2 2 2 2 2 2 2 2 2 2 2 2 2 2 2 2 2 2 2 2 2 2 2 2 2 2 2 2 2 2
left_child=2 3 7 29 -3 6 16 -1 14 38 13 -12 22 33 17 36 28 18 44 -10 -7 24 55 25 -14 26 27 -15 -4 32 -11 -30 58 -9 -21 -33 49 -28 -5 -26 -39 -42 -22 -35 -6 -29 47 -18 -46 -16 59 -52 57 54 -54 -8 -17 -40 -2 61 -61 -37
right_child=1 4 5 9 8 20 12 10 19 30 11 -13 21 23 15 56 46 -19 -20 34 42 -23 -24 -25 39 -27 37 45 31 -31 -32 35 -34 43 -36 50 -38 40 52 -41 41 -43 -44 -45 48 -47 -48 -49 -50 -51 51 -53 53 -55 -56 -57 -58 -59 -60 60 -62 -63
leaf_value=0.0016444141940776685 -3.0394347199332609e-05 -0.00020713133589986998 6.2055521115577151e-05 -0.0010366677740456468 0.00029323469929558522 0.000453249600920353 0.0011945889299922008 0.0010084611216189777 -0.0022862093839567548 -0.00010983964498957298 0.0017989914782688154 0.00076693257244306009 -0.00025322501315724557 0.0015405467886012627 -0.0010940822230082468 -0.0013175281174461202 -9.2993570933582294e-05 -0.0008712650084108744 -0.00083347825407405543 0.00029421583299414828 0.0014765737703071743 0.001093356273835968 -9.2784036734106288e-05 -0.0004374681112317849 7.759958354740449e-05 0.00093137146669099104 0.00040323761683828252 0.00086164701449196492 0.00035283039863533383 0.00064412287167789513 -0.00056808160206614294 0.0017287168338116798 -0.00028482745336999972 0.0014425935194460856 -0.0016113155338607313 0.0013327713191522959 0.00020419744147812842 0.00057223144332769755 -0.00088201997035587296 0.00043254132387368508 0.00085921486937988976 0.0023911062633088591 0.00069110490972949334 6.710494520913454e-05 -0.0022843767970093117 -6.7436050302297222e-05 -0.00053816172430266385 0.00078815629583844178 -0.00051472377263552319 -0.00066486252946394231 0.00096273219937543532 -0.00012445989128551894 -0.00058556864884674843 -0.00073380857948249006 7.4950920327404989e-05 0.00052162684934383319 -0.00068629310962421697 -0.00022592839544348777 0.0005780500965591682 0.00068102688706290018 0.001992036085774391 0.00034723280180835392
leaf_weight=16402 23384 22217 10593 31532 665 28938 9543 7637 16810 69144 16542 20854 60116 19895 34291 77662 12278 14718 7422 2223 19271 7684 18972 5543 278560 107483 118113 18259 14956 14864 49615 9177 48365 2207 3645 7239 4601 16887 66157 39636 5727 3313 9790 43891 21890 5965 6566 11360 1312 53183 7266 5942 15497 68280 27573 52875 10412 9393 15675 4255 7742 7972
leaf_count=16402 23384 22217 10593 31532 665 28938 9543 7637 16810 69144 16542 20854 60116 19895 34291 77662 12278 14718 7422 2223 19271 7684 18972 5543 278560 107483 118113 18259 14956 14864 49615 9177 48365 2207 3645 7239 4601 16887 66157 39636 5727 3313 9790 43891 21890 5965 6566 11360 1312 53183 7266 5942 15497 68280 27573 52875 10412 9393 15675 4255 7742 7972
internal_value=-8.13589e-08 -0.00067704 0.000462663 -0.000413913 -0.00110367 0.000286279 0.000230873 0.000734858 -0.00118372 -0.000551778 0.000696831 0.00122346 0.000147971 0.000641343 -0.00110941 -0.00100697 0.000598681 -0.00151052 -0.00181122 -0.00192479 0.000833413 8.27439e-05 0.000457313 0.000709845 6.22171e-05 0.000731356 0.000617101 0.00104218 0.000782393 4.05596e-05 -0.000301283 0.000900606 -6.20595e-05 0.000257388 -0.000889435 0.0010658 -0.000781287 0.000486902 -0.000687969 0.000121813 0.000868042 0.00142063 0.00121197 0.000132958 -0.00211528 0.000632866 0.000141641 0.000330471 -0.00218431 -0.000833122 0.000915278 0.000473627 -0.00062914 -0.000512909 -0.00016271 0.000624515 -0.0012429 -0.000800449 0.000213784 0.00112967 0.00152706 0.000816256
internal_weight=1.74998e+06 710530 1.03945e+06 439479 271051 630731 572732 408718 248834 337191 392316 37396 467386 354920 226156 180149 105346 46007 31289 22678 57999 385996 81390 301185 378312 295642 188159 44119 75142 102288 118759 64549 87424 53735 5868 49593 92075 144040 218432 318196 25927 9040 29061 46098 23867 24224 30204 23638 23202 87474 40416 13208 186900 111350 43070 62418 88074 75550 39059 27208 11997 15211
internal_count=1749979 710530 1039449 439479 271051 630731 572732 408718 248834 337191 392316 37396 467386 354920 226156 180149 105346 46007 31289 22678 57999 385996 81390 301185 378312 295642 188159 44119 75142 102288 118759 64549 87424 53735 5868 49593 92075 144040 218432 318196 25927 9040 29061 46098 23867 24224 30204 23638 23202 87474 40416 13208 186900 111350 43070 62418 88074 75550 39059 27208 11997 15211
is_linear=0
shrinkage=0.05


Tree=25
num_leaves=63
num_cat=0
split_feature=2 1 31 18 3 39 32 3 39 36 35 32 3 32 32 3 10 0 20 35 36 0 38 35 3 39 1 3 39 33 35 32 0 37 0 36 31 3 36 3 31 2 36 35 32 3 31 0 0 39 31 28 0 3 0 39 38 1 27 0 39 35
split_gain=198.269 28.756 12.9213 10.6973 9.74512 8.31948 8.00062 6.73678 4.8751 4.4966 4.25926 3.79952 3.43881 3.51536 3.22158 4.08775 3.17077 3.16706 3.23301 2.91747 2.69663 2.65852 2.57588 2.3848 2.60252 2.42175 2.36197 2.16349 2.06924 2.05152 1.97321 1.88601 1.85187 1.84403 1.83604 3.31394 2.85131 2.09286 3.54826 2.44767 2.08505 1.76883 1.71585 1.62093 3.60199 1.61888 1.6102 1.60954 1.60437 2.05164 1.76638 1.58382 1.57429 1.5737 1.57283 1.56922 1.68499 1.47071 1.46751 1.44744 1.81498 1.75099
threshold=1.0900000000000003 6.0850000000000009 3.5000000000000004 55225.000000000007 6080.9000000000005 21.939606477639373 1.5000000000000002 6627.0000000000009 90.152925015616873 2.5000000000000004 1.0000000180025095e-35 1.5000000000000002 8460.4500000000025 1.5000000000000002 1.5000000000000002 7560.7500000000009 -0.020000000000000236 65845.11501993546 769.50000000000011 1.0000000180025095e-35 5.5000000000000009 130655.42871165225 86.315706201978955 4.5000000000000009 10259.250000000002 1.0000000180025095e-35 5.9850000000000012 6366.0000000000009 43.966045737443913 1.0000000180025095e-35 2.5000000000000004 1.5000000000000002 72682.876690625286 1.0000000180025095e-35 110671.22989529466 3.5000000000000004 5.5000000000000009 5732.6000000000013 1.5000000000000002 13275.300000000001 7.5000000000000009 1.0000000180025095e-35 5.5000000000000009 1.0000000180025095e-35 1.0000000180025095e-35 5450.7000000000007 4.5000000000000009 340632.26693548955 366551.03150284867 1.276535063846866 1.0000000180025095e-35 23.450000000000003 181646.80488837484 12950.800000000001 467850.06288736773 11.644965679929916 81.195862075745069 7.705000000000001 38.95000000000001 72682.876690625286 58.734355221152988 1.5000000000000002
decision_type=2 2 2 2 2 2 2 2 2 2 2 2 2 2 2 2 2 2 2 2 2 2 2 2 2 2 2 2 2 2 2 2 2 2 2 2 2 2 2 2 2 2 2 2 2 2 2 2 2 2 2 2 2 2 2 2 2 2 2 2 2 2
left_child=2 4 5 17 55 48 10 -3 11 14 34 16 27 54 19 29 22 -4 -19 21 41 -9 28 24 25 -12 -24 31 -7 -16 32 43 -21 52 35 36 -5 -36 40 -40 -39 -8 47 -6 -45 -43 -27 -26 49 50 -1 -20 -18 -47 -14 -2 -57 -54 -30 60 61 -11
right_child=1 7 3 6 12 8 20 9 -10 59 23 -13 13 -15 15 -17 33 18 51 30 -22 -23 26 -25 42 46 -28 -29 58 -31 -32 -33 -34 -35 37 -37 -38 38 39 -41 -42 45 -44 44 -46 53 -48 -49 -50 -51 -52 -53 57 -55 -56 56 -58 -59 -60 -61 -62 -63
leaf_value=0.0040941272719960259 0.00079316130039479489 -0.00020450339749356462 0.0015623549024980513 0.00046772812159300806 6.788607582880765e-05 0.00061731681072196669 0.00099843717399334428 -0.00036931451114495864 0.0013126485081932874 -0.0027242968202252906 0.0010323387626230095 0.0016144908010951161 -0.00046656552954522316 0.00029927183265000042 -0.002007470359631698 -0.00065614052037244993 0.0005980663826577351 0.00031858700895382244 0.0010243042827651227 -0.0032558147589185913 -0.00038137105092387615 -0.0010782947382535922 0.00015906326941014014 0.0008907046022195728 0.00014037552622111216 0.00022195245999033755 0.0013355798697363506 -0.0006849455879427745 0.00072913285038122633 -0.00041939723795341387 -0.00093503502423787589 -0.0011803380801624454 -0.0014419401811318869 -0.0011653041991636459 0.0009934637300973903 9.6689941415267473e-05 0.0018019552296643098 -0.0004303049516422129 0.00020494921551761263 0.00092549824755093599 0.00076438942921720158 0.0036873900878505589 0.00061254905863467686 -0.0010925552019931378 0.00018176405920058384 0.00040743703637410953 -0.00041581347538352542 -0.00028253593792856684 0.00054938776203939451 0.001296877400614209 0.0019120370431617588 0.00052927498024407302 0.00070750237040482177 0.0011997592234414033 0.00036316803668235526 -8.0961922500622847e-05 0.00052437123395934857 0.0012717046617869553 0.00019048881243629104 -0.00070246626806546978 5.559775991573091e-05 -0.00024191568138659709
leaf_weight=1124 7626 22283 9877 8190 24138 49960 28401 18126 21731 2908 3360 8059 82722 21800 29357 8398 87448 48943 45286 1443 6513 48877 6373 6410 68587 11333 12903 189197 14023 2185 22451 5696 56616 1305 7824 15623 7835 30548 98118 13395 4148 401 12953 12396 10034 53641 78097 33480 5225 26234 5303 25121 26084 7096 6135 57983 14339 20730 128674 64267 1280 940
leaf_count=1124 7626 22283 9877 8190 24138 49960 28401 18126 21731 2908 3360 8059 82722 21800 29357 8398 87448 48943 45286 1443 6513 48877 6373 6410 68587 11333 12903 189197 14023 2185 22451 5696 56616 1305 7824 15623 7835 30548 98118 13395 4148 401 12953 12396 10034 53641 78097 33480 5225 26234 5303 25121 26084 7096 6135 57983 14339 20730 128674 64267 1280 940
internal_value=4.98883e-07 -0.000642902 0.000440334 0.000296737 -0.000387357 0.000656565 0.000191162 -0.00103846 0.000585639 -0.00111081 9.27407e-05 0.000541206 -0.000500505 -0.00026969 -0.0012381 -0.00163645 0.000516315 0.000701916 0.000630709 -0.00113024 0.000600927 -0.000886498 0.000395519 -5.91791e-05 -8.84787e-05 -0.000285481 0.000946602 -0.000606283 0.000340381 -0.00189746 -0.0013331 -0.000321523 -0.00148702 0.000705156 0.00026801 0.000614876 0.00112006 0.000196743 0.000154108 0.000291502 -0.000287476 0.000672378 7.04485e-05 -0.000216476 -0.000522492 0.000520911 -0.000334993 1.65218e-06 0.00136288 0.00149302 0.00229366 0.000847679 0.000723337 0.000500005 -0.000409278 0.000110987 3.90551e-05 0.00095734 0.000243422 -0.00076697 -0.00157537 -0.00211789
internal_weight=1.75155e+06 711197 1.04036e+06 625180 432066 415176 495953 279131 377290 256848 399901 355559 352118 110657 187453 39940 347500 129227 119350 147513 96052 67003 211933 214220 207810 92790 19276 241461 192657 31542 80510 52264 58059 135567 185681 31648 16025 154033 146209 111513 34696 89539 115020 46568 22430 61138 89430 102067 37886 32661 6427 70407 134262 60737 88857 79948 72322 46814 142697 69395 5128 3848
internal_count=1751553 711197 1040356 625180 432066 415176 495953 279131 377290 256848 399901 355559 352118 110657 187453 39940 347500 129227 119350 147513 96052 67003 211933 214220 207810 92790 19276 241461 192657 31542 80510 52264 58059 135567 185681 31648 16025 154033 146209 111513 34696 89539 115020 46568 22430 61138 89430 102067 37886 32661 6427 70407 134262 60737 88857 79948 72322 46814 142697 69395 5128 3848
is_linear=0
shrinkage=0.05


Tree=26
num_leaves=63
num_cat=0
split_feature=2 7 7 34 3 34 39 18 39 28 31 39 7 34 35 36 3 37 3 28 34 2 40 35 36 38 3 31 39 18 38 7 28 39 33 33 34 35 31 31 31 34 36 31 38 40 40 34 35 40 40 3 39 36 36 34 30 19 39 39 34 35
split_gain=178.938 35.094 18.5454 8.27289 7.90232 5.55528 5.1107 3.59652 3.49271 3.36718 3.07957 3.05305 2.93076 2.88639 3.07568 2.55897 2.51828 2.43976 2.43566 2.34209 2.33274 2.21897 2.21203 2.80434 2.13524 2.08205 2.86097 1.97767 3.94999 2.48033 2.01606 1.89741 1.97559 2.39482 1.98603 1.76787 2.7292 2.01464 1.63522 2.83694 1.61778 1.58027 1.55087 1.58879 1.53237 1.58072 1.47616 1.36383 1.52857 1.34752 1.34408 1.32517 1.31682 1.88701 2.46673 1.4608 1.31559 1.84417 1.29042 1.28864 1.75743 1.44169
threshold=1.0900000000000003 5.1500000000000012 4.7500000000000009 1.0000000180025095e-35 6139.8500000000013 4.5000000000000009 27.383151781941901 33127.000000000007 39.951102652477168 30.750000000000004 16.500000000000004 86.351803166888047 8.9000000000000021 1.5000000000000002 2.5000000000000004 1.5000000000000002 9783.7000000000025 1.0000000180025095e-35 8460.4500000000025 43.250000000000007 1.0000000180025095e-35 2.1500000000000008 47.384482315563538 2.5000000000000004 2.5000000000000004 81.786529830357338 11761.400000000003 1.0000000180025095e-35 14.205776654450036 68988.500000000015 47.974299233544642 6.0500000000000007 25.650000000000002 11.644965679929916 1.0000000180025095e-35 1.5000000000000002 1.5000000000000002 1.5000000000000002 7.5000000000000009 3.5000000000000004 21.500000000000004 5.5000000000000009 2.5000000000000004 10.500000000000002 56.429740777064382 54.965562037350317 81.64634100710002 5.5000000000000009 4.5000000000000009 7.4630985972885844 43.282806637698009 6788.1000000000013 43.966045737443913 1.5000000000000002 3.5000000000000004 4.5000000000000009 0.0012131038747763376 84350.000000000015 9.0669939299137337 45.678875026794863 3.5000000000000004 2.5000000000000004
decision_type=2 2 2 2 2 2 2 2 2 2 2 2 2 2 2 2 2 2 2 2 2 2 2 2 2 2 2 2 2 2 2 2 2 2 2 2 2 2 2 2 2 2 2 2 2 2 2 2 2 2 2 2 2 2 2 2 2 2 2 2 2 2
left_child=2 5 11 7 20 8 9 -4 13 15 42 17 19 14 38 49 47 27 59 35 22 -7 23 -3 -20 31 -27 28 -1 41 -30 32 -9 34 -34 37 -37 52 39 58 -26 56 43 51 45 -41 -32 48 -17 -5 -15 -10 -8 -54 55 -55 57 -29 -2 61 -61 -6
right_child=1 4 3 6 18 21 12 25 10 -11 -12 -13 -14 50 -16 16 -18 -19 24 -21 -22 -23 -24 -25 40 26 -28 29 30 -31 46 -33 33 -35 -36 36 -38 -39 -40 44 -42 -43 -44 -45 -46 -47 -48 -49 -50 -51 -52 -53 53 54 -56 -57 -58 -59 -60 60 -62 -63
leaf_value=0.0026157790301136173 -0.0021899257824029945 -0.00049296933426149652 0.0015640358799963773 -0.0024736714647114683 -0.00078720021248512352 -0.0013084184623091538 0.0005679236238452049 0.00071223936171036124 -0.00063857253897420393 -9.7825900509108151e-05 -0.002296673126039366 0.0013958298701855351 -0.00012492920240229799 -0.0010732995362339457 -0.00087175755157768416 -0.00018482654791720783 0.00071763417071002791 -0.00038879123919550638 -6.9496782769344989e-05 -0.00018377807538474717 0.00067251657661776337 -0.0022602531051631358 0.00020251728897807003 0.00054573956830044506 -0.00058061912766136986 0.0012028275668771393 0.00033741563212167671 0.0020155729232456173 -0.00038857666428878269 0.00047268969713988075 0.00050133472431499685 0.0010468960758881602 0.0012653028409012864 0.00024043951391910885 -0.00056549825606982344 0.00052957702577982905 -0.00050832376884525751 -2.7143245105795284e-05 -0.0011410065268735098 -0.0023786374577591742 0.00080468883798928562 -0.00096922613865677997 -0.00057226224421690693 -0.0019639814936446487 -0.0017338990409312338 -0.0041344110793611636 0.0022214346352768866 0.0013156058504864153 0.0019767165248085121 0.0011322830784305236 -0.00029682947148319773 -0.00099983892054027082 9.2514871443509776e-05 0.00048351780268431413 0.00013893719583895852 0.001064305540023211 0.00062567010865712284 0.00099276928843368829 -0.0010107476429800403 -0.00037061218566933243 -0.00089659878182017899 -0.00026385934433575682
leaf_weight=2162 2979 34481 8421 262 72114 12718 45703 38719 38014 18358 3583 19215 94947 13895 18419 18374 38291 4689 64237 37995 13334 11808 46245 8007 44207 22890 16387 4599 6529 34558 50306 12058 9898 121052 1742 9695 18269 48404 11951 8648 2213 1067 47042 3482 8673 1505 1279 1900 856 23248 9306 76400 85285 50329 49622 13794 23820 105633 10490 112868 18481 16097
leaf_count=2162 2979 34481 8421 262 72114 12718 45703 38719 38014 18358 3583 19215 94947 13895 18419 18374 38291 4689 64237 37995 13334 11808 46245 8007 44207 22890 16387 4599 6529 34558 50306 12058 9898 121052 1742 9695 18269 48404 11951 8648 2213 1067 47042 3482 8673 1505 1279 1900 856 23248 9306 76400 85285 50329 49622 13794 23820 105633 10490 112868 18481 16097
internal_value=4.73939e-07 -0.000610757 0.000418317 0.000298383 -0.000328632 -0.00104802 0.000193758 0.000549723 -0.000978731 0.000514903 -0.000846484 0.000789897 0.000122116 -0.00123828 -0.00141467 0.000650539 0.000475836 0.000740276 -0.000447484 0.000187436 5.58889e-05 -0.00176668 -3.67724e-05 -0.000297221 -0.000256205 0.000511377 0.000841764 0.000763299 0.000517281 0.000850695 0.000439212 0.000440648 0.000398001 0.000306307 0.000991312 0.000231361 -0.000148488 0.000267597 -0.00164068 -0.00182559 -0.000514577 0.000947373 -0.000814981 -0.000911829 -0.00222197 -0.0026389 0.000543983 3.76582e-05 -8.86081e-05 0.0010921 -0.000761855 -0.000879808 0.000325891 0.000270313 0.000403625 0.000608456 0.000962629 0.00103544 -0.00127155 -0.000543887 -0.000444619 -0.000691699
internal_weight=1.75155e+06 711197 1.04036e+06 786499 432284 278913 555332 231167 254387 101289 168521 253857 454043 85866 62665 82931 59421 234642 330217 359096 102067 24526 88733 42488 110657 222746 39277 229953 60276 169677 58114 183469 171411 132692 11640 321101 27964 293137 44246 32295 46420 135119 164938 117896 18826 10153 51585 21130 19230 23510 23201 114414 244733 199030 113745 64123 134052 110232 13469 219560 131349 88211
internal_count=1751553 711197 1040356 786499 432284 278913 555332 231167 254387 101289 168521 253857 454043 85866 62665 82931 59421 234642 330217 359096 102067 24526 88733 42488 110657 222746 39277 229953 60276 169677 58114 183469 171411 132692 11640 321101 27964 293137 44246 32295 46420 135119 164938 117896 18826 10153 51585 21130 19230 23510 23201 114414 244733 199030 113745 64123 134052 110232 13469 219560 131349 88211
is_linear=0
shrinkage=0.05


Tree=27
num_leaves=63
num_cat=0
split_feature=2 5 7 34 5 0 0 39 31 34 34 31 18 36 39 36 34 20 31 31 35 7 37 28 39 2 5 35 3 37 0 31 39 0 18 36 3 39 33 39 36 0 7 35 34 34 3 0 34 31 18 0 31 34 34 39 33 36 39 34 34 36
split_gain=161.491 32.2173 16.7373 7.46628 6.72633 6.32346 4.90138 4.92888 4.7856 4.47648 3.40231 3.27676 3.24586 2.87622 2.75537 2.46855 2.85449 2.41218 2.32377 2.27406 2.2415 2.22632 2.20188 2.16565 2.31121 2.12064 2.07522 1.94862 1.91161 1.85631 1.8942 1.78485 3.56487 2.36522 2.2385 1.69 1.67459 1.64558 2.06607 1.92145 1.64499 2.8792 1.63536 1.63425 1.97519 1.49275 1.48881 1.48357 1.43953 1.55797 1.43082 1.90938 1.43027 1.42619 1.39463 1.63798 1.34905 1.3737 1.42964 1.27261 1.26716 1.26
threshold=1.0900000000000003 163.46950000000001 4.7500000000000009 1.0000000180025095e-35 137.33500000000001 105405.64562512307 186191.32801910499 32.305467313510604 15.500000000000002 4.5000000000000009 1.5000000000000002 7.5000000000000009 33127.000000000007 3.5000000000000004 86.351803166888047 2.5000000000000004 1.0000000180025095e-35 680.50000000000011 3.5000000000000004 18.500000000000004 2.5000000000000004 9.2000000000000011 1.0000000180025095e-35 47.45000000000001 27.383151781941901 2.1500000000000008 147.10600000000002 1.0000000180025095e-35 7500.7000000000007 1.0000000180025095e-35 51150.335100818651 1.0000000180025095e-35 14.205776654450036 193081.89504135374 68988.500000000015 1.5000000000000002 6832.7500000000009 17.07907484460916 1.0000000180025095e-35 87.162757852052266 8.5000000000000018 281953.59337192884 6.0500000000000007 1.0000000180025095e-35 1.5000000000000002 1.5000000000000002 10259.250000000002 110671.22989529466 8.5000000000000018 3.5000000000000004 52245.000000000007 114852.77503361242 4.5000000000000009 5.5000000000000009 1.0000000180025095e-35 10.31828845929989 1.0000000180025095e-35 1.0000000180025095e-35 15.72860463013874 5.5000000000000009 1.5000000000000002 1.5000000000000002
decision_type=2 2 2 2 2 2 2 2 2 2 2 2 2 2 2 2 2 2 2 2 2 2 2 2 2 2 2 2 2 2 2 2 2 2 2 2 2 2 2 2 2 2 2 2 2 2 2 2 2 2 2 2 2 2 2 2 2 2 2 2 2 2
left_child=2 4 14 12 54 13 7 10 21 15 11 18 -4 17 22 16 -8 -5 -3 26 36 23 31 24 -7 -18 -6 -26 -11 30 -19 32 -1 -34 53 -30 -9 38 -14 42 41 -10 50 48 -45 46 -15 52 49 -32 -39 -52 -20 -33 55 -2 57 -51 -59 -46 -29 -41
right_child=1 6 3 5 19 8 9 20 40 28 -12 -13 37 45 -16 -17 25 29 47 -21 -22 -23 -24 -25 27 -27 -28 60 35 -31 43 34 33 -35 -36 -37 -38 39 -40 61 -42 -43 -44 44 59 -47 -48 -49 -50 56 51 -53 -54 -55 -56 -57 -58 58 -60 -61 -62 -63
leaf_value=0.0024849900813557532 0.00094163546051534387 -0.0011895868617444738 0.0014858340843035747 -2.3374146063150951e-06 -0.00020464634378931142 0.00043139746943429469 -0.0001827972060178468 -0.00038003588555742256 0.001624336554916817 -0.002133292849002186 -0.00058363144048413488 -0.00041335114114226108 0.0011245204487879165 -5.2840528383589787e-05 0.0013260383760296326 -0.00065653070958008762 -0.0010006142044494504 0.0016335768737082094 -0.0040212245868201319 0.00039016830418438599 0.00021015616773538773 -0.00034414826564989836 -0.00036935167605668651 -0.00026882684666194168 0.00017882330986524324 -0.0014147634436947839 -0.00047926827777960545 0.00014413701772692577 0.0008907014190242138 -0.0011631041017502999 0.00058916164789014761 0.00091449710692689595 0.00023042926503251735 0.00096188241190787332 0.00044905521333373676 -0.0015017433028532293 -0.00080167088515729402 0.0006733096274903021 -4.0032453546620181e-05 0.0010137082035329497 -0.00011705733461185549 0.00050047046385839639 0.001086119123928932 0.00087805305346063788 -0.00048150683029079709 -0.00054077372576576035 0.00074541328833186522 -0.0018796041226544207 -0.00078425476894575957 0.00022353274431913413 -8.5298653549984485e-05 0.00037256973934044071 -0.002307450117185353 -0.00092076483729283589 0.00087597766000178663 2.4711039779178691e-05 3.2859868640039846e-05 0.0032307896593155973 0.001456943593023766 0.00080362221391188044 -0.00020202587443455844 0.00028823825401904984
leaf_weight=2162 5361 4378 8421 10168 100455 54152 7373 37736 8399 14335 9449 3513 18440 12698 19215 33276 65713 7104 2488 9554 8335 31555 4689 37494 181822 58361 218246 40338 1001 1148 12075 134052 43271 14843 34558 2811 62639 26959 4800 21373 5136 17726 7708 10542 6786 6518 10817 3960 1120 2072 28986 106167 2384 1067 6586 53243 1887 1228 15143 2690 76714 8313
leaf_count=2162 5361 4378 8421 10168 100455 54152 7373 37736 8399 14335 9449 3513 18440 12698 19215 33276 65713 7104 2488 9554 8335 31555 4689 37494 181822 58361 218246 40338 1001 1148 12075 134052 43271 14843 34558 2811 62639 26959 4800 21373 5136 17726 7708 10542 6786 6518 10817 3960 1120 2072 28986 106167 2384 1067 6586 53243 1887 1228 15143 2690 76714 8313
internal_value=4.50242e-07 -0.000580219 0.000397401 0.000283464 -0.000277791 0.00018407 -0.00095469 -0.000726035 0.00010404 -0.00112334 -0.00134204 -0.00177056 0.000522237 0.000539774 0.000750402 -0.00104123 -0.00113862 0.000711302 -0.00213149 -0.000369921 -0.000577732 5.98283e-05 0.000703263 9.24707e-05 0.000130843 -0.00119542 -0.000392707 7.63867e-05 -0.00186866 0.000828727 0.000866431 0.000725134 0.000491417 0.000417251 0.00080816 -0.000873507 -0.000643157 0.000485808 0.000883993 0.000439424 0.000700967 0.000861785 0.000374548 0.000764647 0.000407167 0.000128772 0.00031436 -0.00259839 0.000978101 0.00103901 0.000340714 0.000274372 -0.00318263 0.000900005 0.000186117 0.00010859 0.0013062 0.00143648 0.00159 -0.000116691 -8.27326e-05 0.000810554
internal_weight=1.75155e+06 711197 1.04036e+06 786499 393445 555332 317752 134882 453336 182870 26172 16723 231167 101996 253857 164723 131447 71963 13210 328255 108710 422075 234642 390520 353026 124074 318701 298874 18147 61795 60647 229953 60276 58114 169677 3812 100375 222746 23240 199506 31261 26125 169820 53543 20018 30033 23515 8832 33525 32405 162112 135153 4872 135119 65190 58604 20330 18443 16371 9476 117052 29686
internal_count=1751553 711197 1040356 786499 393445 555332 317752 134882 453336 182870 26172 16723 231167 101996 253857 164723 131447 71963 13210 328255 108710 422075 234642 390520 353026 124074 318701 298874 18147 61795 60647 229953 60276 58114 169677 3812 100375 222746 23240 199506 31261 26125 169820 53543 20018 30033 23515 8832 33525 32405 162112 135153 4872 135119 65190 58604 20330 18443 16371 9476 117052 29686
is_linear=0
shrinkage=0.05


Tree=28
num_leaves=63
num_cat=0
split_feature=2 7 7 32 3 32 34 0 32 27 0 36 34 32 35 19 3 7 35 0 7 34 40 34 32 0 36 35 36 36 28 32 0 34 32 35 35 36 0 29 0 33 19 34 0 34 3 0 3 36 32 40 35 34 34 2 36 35 35 3 32 0
split_gain=145.76 29.3367 14.9138 8.06681 6.28683 6.07398 6.03622 4.25801 3.60704 3.24301 2.88104 3.41456 3.11119 4.37956 2.84966 2.73497 2.67142 2.56679 2.57232 2.4619 2.45666 2.4281 4.73401 2.62593 2.25968 2.21566 2.53032 2.91408 3.87033 2.43947 2.09517 2.05417 2.04443 1.96719 2.42965 3.23899 1.91838 1.80948 1.79977 1.74888 2.52787 2.8733 2.19561 1.72801 1.62885 1.62687 1.59492 2.01761 1.58118 2.28926 1.86233 1.53657 1.53495 1.48584 2.00755 1.48499 1.84245 1.46765 2.8396 2.00278 5.00301 1.85464
threshold=1.0550000000000004 5.1500000000000012 4.9500000000000011 1.0000000180025095e-35 6114.4500000000016 2.5000000000000004 4.5000000000000009 37542.47462077051 1.0000000180025095e-35 37.550000000000004 242016.05525049136 5.5000000000000009 1.5000000000000002 2.5000000000000004 1.0000000180025095e-35 321400.00000000006 6832.7500000000009 9.2000000000000011 1.0000000180025095e-35 83953.782281618463 9.2000000000000011 6.5000000000000009 58.000340520576195 7.5000000000000009 14.500000000000002 544554.93653857836 1.0000000180025095e-35 1.5000000000000002 1.5000000000000002 3.5000000000000004 29.150000000000002 10.500000000000002 164505.6346513883 1.0000000180025095e-35 1.0000000180025095e-35 1.5000000000000002 4.5000000000000009 1.5000000000000002 149669.27527376843 58.718664364911433 139119.52580216588 1.0000000180025095e-35 133350.00000000003 3.5000000000000004 371429.33555197233 1.5000000000000002 5450.7000000000007 160666.45400457375 8470.6000000000022 2.5000000000000004 1.0000000180025095e-35 36.600619359419362 2.5000000000000004 8.5000000000000018 5.5000000000000009 1.0000000180025095e-35 1.5000000000000002 1.0000000180025095e-35 2.5000000000000004 7718.8500000000013 1.5000000000000002 67602.238338278505
decision_type=2 2 2 2 2 2 2 2 2 2 2 2 2 2 2 2 2 2 2 2 2 2 2 2 2 2 2 2 2 2 2 2 2 2 2 2 2 2 2 2 2 2 2 2 2 2 2 2 2 2 2 2 2 2 2 2 2 2 2 2 2 2
left_child=2 5 8 7 33 6 16 -4 15 30 11 12 13 17 20 39 -2 18 -5 -15 21 46 23 38 31 26 -7 28 -28 44 -9 48 -8 34 35 51 45 53 -23 42 -41 -42 -1 -10 -30 55 47 -11 57 50 -50 -3 -39 54 -14 56 -16 59 61 60 -6 -59
right_child=1 4 3 10 24 25 32 9 43 14 -12 -13 37 19 36 -17 -18 -19 -20 -21 -22 22 -24 -25 -26 -27 27 -29 29 -31 -32 -33 -34 -35 -36 -37 -38 52 -40 40 41 -43 -44 -45 -46 -47 -48 -49 49 -51 -52 -53 -54 -55 -56 -57 -58 58 -60 -61 -62 -63
leaf_value=0.0015118163029163025 -0.00056530000556211004 -0.00054634640306501492 0.0013221718934747001 0.00024383609676544338 4.5071494176373463e-05 -0.000418234466028099 -0.00081433433019030923 0.00070872540317947527 0.001129936467936581 0.00020189431313147549 0.00027342289110636686 -0.00023221450671175007 -6.7769884982384664e-05 0.0036020732657840396 0.0011287900239199285 0.00010019119626103072 -0.00092100070305001962 -0.00074962835038596093 0.0011892080583257754 0.0014976633438027022 -0.00049871488772406292 0.004494747086069905 0.00014075637327225489 -0.0015279743458315928 0.0003283111218182583 -0.00092806808786509562 0.00091369015732332417 -0.0038117959616075867 -0.0028476144757702219 -0.00011654075949950275 0.00012045062973777644 -0.0021882429290241505 -0.0019074639284210847 0.00069555801441608799 0.00033758342769372692 -0.0013366114758962631 0.0008131389527472378 0.001047794196517767 0.0020349948366066221 0.00037800527965212567 0.00083961327613659678 0.00025007058000286271 0.00058116325663466609 0.00022454985958299191 -0.0017052149622115574 -0.00021698621770135874 0.0001693194049797609 0.0013303636045455007 -0.00025008659525391458 -0.00051976600711631216 0.00036544018229687819 9.4469401823562942e-05 -0.0011450287414335827 -0.00093726993415112431 0.00074753115773191483 -4.3873294691099802e-05 0.00014205756175658665 -0.0019077806475314295 -0.00021923712652678506 -0.00054543691215267018 -0.0013377540662577823 -0.00069643683963885403
leaf_weight=12290 82832 12926 7735 11336 50506 2424 5665 38298 48810 9299 59944 8949 13777 1512 6562 26069 145517 2751 19700 17195 11990 1118 6011 380 10599 7609 1137 2273 6984 1371 25026 1622 17461 11075 30985 5786 6242 15288 2221 83903 108933 25507 13085 5908 5640 99891 230741 6900 31164 37822 20289 33857 842 2306 16706 67615 16953 3280 36830 60345 7514 86247
leaf_count=12290 82832 12926 7735 11336 50506 2424 5665 38298 48810 9299 59944 8949 13777 1512 6562 26069 145517 2751 19700 17195 11990 1118 6011 380 10599 7609 1137 2273 6984 1371 25026 1622 17461 11075 30985 5786 6242 15288 2221 83903 108933 25507 13085 5908 5640 99891 230741 6900 31164 37822 20289 33857 842 2306 16706 67615 16953 3280 36830 60345 7514 86247
internal_value=4.2773e-07 -0.000545682 0.000381384 0.000252624 -0.000291777 -0.000947003 -0.00086993 0.000157529 0.000662028 0.000140508 0.000552463 0.000704026 0.000786642 0.00105399 9.48786e-05 0.000586954 -0.000791973 0.000714159 0.000843908 0.00166775 0.000200836 0.000233514 0.00100825 0.00241038 -0.000390491 -0.00165339 -0.00193172 -0.0021425 -0.00189176 -0.00211968 0.000476236 -0.000413191 -0.00163969 6.93875e-05 -1.36108e-05 -0.00022061 -4.94286e-05 0.000499761 0.0028586 0.00063902 0.00059336 0.000727761 0.00103191 0.00103218 -0.00233723 -7.76147e-05 0.000202988 0.000682568 -0.000404571 -0.000224451 -7.37144e-06 -8.2586e-05 0.000933327 0.000286476 0.00037905 7.51556e-05 0.000417411 -0.000470279 -0.000588789 -0.000343766 -0.000134014 -0.000740817
internal_weight=1.75155e+06 719760 1.03179e+06 707288 440847 278913 251475 536982 324505 529247 170306 110362 101413 52494 465923 269787 228349 33787 31036 18707 268660 256670 9730 3719 346218 27438 19829 17405 15132 13995 63324 335619 23126 94629 83554 52569 197263 48919 3339 243718 218343 134440 25375 54718 12624 191021 246940 16199 333997 89275 51453 46783 16130 32789 30483 91130 23515 244722 126357 118365 58020 89527
internal_count=1751553 719760 1031793 707288 440847 278913 251475 536982 324505 529247 170306 110362 101413 52494 465923 269787 228349 33787 31036 18707 268660 256670 9730 3719 346218 27438 19829 17405 15132 13995 63324 335619 23126 94629 83554 52569 197263 48919 3339 243718 218343 134440 25375 54718 12624 191021 246940 16199 333997 89275 51453 46783 16130 32789 30483 91130 23515 244722 126357 118365 58020 89527
is_linear=0
shrinkage=0.05


Tree=29
num_leaves=63
num_cat=0
split_feature=2 1 34 3 3 32 3 32 18 0 0 3 34 32 34 39 36 0 40 39 35 0 3 1 3 37 0 31 0 36 36 35 35 31 35 34 3 39 8 28 39 36 31 34 31 39 0 32 17 32 32 40 31 20 36 31 32 0 39 0 0 3
split_gain=131.587 19.8497 12.5517 6.67874 5.17203 5.59011 4.74198 4.50171 4.48705 4.3265 3.77305 3.85686 3.37239 4.74301 3.01154 2.97704 2.80653 2.62688 2.31847 2.35069 2.20655 2.15443 2.14436 2.14224 2.2666 2.12547 2.18306 2.0346 1.95779 2.41177 1.8804 2.96499 1.87899 1.84817 2.55453 2.38839 1.81618 1.80347 1.78486 1.7684 1.93181 1.68564 1.65972 2.37821 1.65046 2.13019 1.78282 1.64079 1.62898 1.57455 2.47887 1.56976 1.65074 1.81975 1.55527 2.01252 1.53936 1.53785 1.53759 3.60566 2.04469 1.56682
threshold=1.0900000000000003 6.0850000000000009 1.0000000180025095e-35 6059.5500000000011 13275.300000000001 2.5000000000000004 6627.0000000000009 1.0000000180025095e-35 50607.000000000007 105405.64562512307 133204.95308740711 5450.7000000000007 3.5000000000000004 2.5000000000000004 2.5000000000000004 34.367940295275694 1.5000000000000002 450518.45484227542 83.513297744008341 53.714205897332796 1.5000000000000002 51150.335100818651 7403.9000000000005 5.9200000000000008 9144.9500000000025 1.0000000180025095e-35 29672.543611481178 1.0000000180025095e-35 263461.74800648849 1.5000000000000002 1.0000000180025095e-35 1.5000000000000002 1.0000000180025095e-35 7.5000000000000009 1.0000000180025095e-35 1.0000000180025095e-35 7271.2000000000016 85.851013543373014 -0.36500000000000016 53.650000000000013 5.0019251923815231 1.0000000180025095e-35 10.500000000000002 5.5000000000000009 3.5000000000000004 23.894681876044771 249528.37884682408 1.0000000180025095e-35 20880.500000000004 14.500000000000002 10.500000000000002 46.861342154622598 4.5000000000000009 757.50000000000011 1.5000000000000002 7.5000000000000009 5.5000000000000009 209930.70167018831 52.922989377113936 151440.12910089732 467850.06288736773 6559.9000000000005
decision_type=2 2 2 2 2 2 2 2 2 2 2 2 2 2 2 2 2 2 2 2 2 2 2 2 2 2 2 2 2 2 2 2 2 2 2 2 2 2 2 2 2 2 2 2 2 2 2 2 2 2 2 2 2 2 2 2 2 2 2 2 2 2
left_child=2 3 7 56 5 9 -3 8 21 25 -10 18 13 14 15 17 -6 33 19 -12 -7 -1 30 24 -11 26 -4 -20 29 -17 -15 54 -13 34 -8 -36 47 -34 -5 40 -26 -23 43 48 45 46 -9 57 51 50 58 52 53 -28 -32 -56 -2 -14 60 61 -40 -60
right_child=1 6 4 38 16 20 12 44 10 23 11 32 36 22 -16 28 -18 -19 27 -21 -22 41 -24 -25 39 -27 42 -29 -30 -31 31 -33 37 -35 35 -37 -38 -39 49 -41 -42 -43 -44 -45 -46 -47 -48 -49 -50 -51 -52 -53 -54 -55 55 -57 -58 -59 59 -61 -62 -63
leaf_value=0.00202862164300463 0.00016844463036343665 -0.00015271601756857415 0.0017307098759785562 -0.00074024387812149286 0.00031919765704193194 0.00055041132123494327 -0.00098212959165638685 0.0022471197661307267 0.00014232871649527145 -0.00025470664357606126 0.0008905922473772985 0.00048221008769715965 -0.00016528650000150908 -8.9697389198461428e-05 2.5346070122106463e-05 -0.00089989155190580816 0.001014623315156864 -0.00052640103912296313 0.0026790791684936856 0.00018253115398458207 0.0017924075539739147 0.0014184879882207355 -0.00081562624375950137 0.00084746802217330387 0.00064585474365464217 -0.00077631469500342607 1.0502758460909172e-05 4.0470215166375518e-05 -0.00097325594016622972 -0.00037795383311814776 0.0015123640409350793 -0.0041452072671859406 -8.4603625561003568e-05 -0.00052208872043859006 0.00025314388089797967 -0.002076170955923187 -0.00099334908156766964 0.0014444310479245902 -0.0005261936954720003 -0.0003086502649710837 8.6485102813029272e-05 0.00065602221966757019 -0.00022615710220022351 0.0013118058750273423 0.00061052017129046535 0.00088353931482169066 0.0010367569979647241 -0.002048286218185833 0.0011215302602025745 0.00033339490539508008 -0.0025586613271526733 8.078008808013056e-05 0.00021062964048539545 0.0012296402315217353 -0.0030644456827802515 -0.0015363882316028821 0.0014946382636886789 -0.001800599416046344 0.00030485508496054742 -0.00043892030492264619 1.7383452979117367e-05 -0.00018175914918261746
leaf_weight=4167 48267 22283 3306 32028 28854 56451 12618 5912 90720 58159 56990 68975 2734 1432 11475 34641 29180 12516 2862 14757 3818 9465 7786 8265 16249 3558 4079 981 42745 61297 354 1438 29370 5448 1181 16145 16416 2064 151509 26724 308107 30958 8885 8004 37338 47796 6268 12234 7118 8224 1285 32735 15978 12263 2701 10655 2292 3032 29630 101851 19530 37450
leaf_count=4167 48267 22283 3306 32028 28854 56451 12618 5912 90720 58159 56990 68975 2734 1432 11475 34641 29180 12516 2862 14757 3818 9465 7786 8265 16249 3558 4079 981 42745 61297 354 1438 29370 5448 1181 16145 16416 2064 151509 26724 308107 30958 8885 8004 37338 47796 6268 12234 7118 8224 1285 32735 15978 12263 2701 10655 2292 3032 29630 101851 19530 37450
internal_value=4.06343e-07 -0.00052375 0.000358725 -0.000311435 0.000219048 0.000173546 -0.000852392 0.000574666 0.000481878 0.000120071 0.000404263 0.000539279 -0.000913093 -0.000841827 -0.000760846 -0.000809195 0.000668864 -0.001149 0.000809045 0.000744957 0.000629091 0.00094614 -0.00150011 5.04992e-05 3.44036e-05 0.000422874 0.000469067 0.00200552 -0.000691811 -0.000566414 -0.00182154 -0.00198526 0.000336194 -0.00136917 -0.00152329 -0.0019174 -0.00137369 1.57949e-05 -0.000382999 8.22969e-05 0.000114507 0.000834553 0.000422234 0.000494087 0.000871494 0.00103396 0.00162425 -0.00172056 0.000403402 -0.000350259 -0.000366734 0.000324828 0.00057201 0.000925341 -0.00175871 -0.00184541 0.000228565 -0.0010252 -0.00035845 -0.000251455 -0.000464126 3.31839e-05
internal_weight=1.75155e+06 711197 1.04036e+06 432066 631733 573699 279131 408623 311309 513430 266719 175999 256848 222432 198066 186591 58034 47908 75590 71747 60269 44590 24366 417504 409239 95926 92368 3843 138683 95938 16580 15148 100409 35392 29944 17326 34416 31434 381507 351080 324356 40423 89062 80177 97314 59976 12180 18000 72173 349479 341255 65055 32320 16342 13710 13356 50559 5766 339970 168931 171039 67080
internal_count=1751553 711197 1040356 432066 631733 573699 279131 408623 311309 513430 266719 175999 256848 222432 198066 186591 58034 47908 75590 71747 60269 44590 24366 417504 409239 95926 92368 3843 138683 95938 16580 15148 100409 35392 29944 17326 34416 31434 381507 351080 324356 40423 89062 80177 97314 59976 12180 18000 72173 349479 341255 65055 32320 16342 13710 13356 50559 5766 339970 168931 171039 67080
is_linear=0
shrinkage=0.05


Tree=30
num_leaves=63
num_cat=0
split_feature=2 5 7 39 32 3 32 28 6 5 34 39 0 0 34 33 39 39 35 32 40 34 36 40 34 35 36 39 19 37 28 0 27 17 0 3 32 36 32 31 35 3 3 39 32 36 10 40 31 34 31 34 0 35 0 36 37 39 31 0 34 40
split_gain=118.394 24.6355 13.1647 6.58992 5.98988 4.78136 4.63628 4.32189 4.10839 3.61855 3.21793 2.7394 3.4162 2.68545 2.6299 2.60832 2.54474 2.67886 2.27232 2.97505 2.637 2.30275 2.27039 2.50168 2.38769 2.22465 2.37044 2.95235 2.17158 2.1454 2.05415 2.03319 1.91577 1.80524 2.06185 1.9837 1.73574 1.72276 1.83249 1.71255 1.61162 1.62331 1.58326 1.57152 1.56026 1.55595 1.52275 1.49926 2.18028 1.47333 2.5089 2.193 1.63483 2.16872 1.87396 1.4706 1.43826 1.43511 1.37681 1.36973 1.36437 2.35165
threshold=1.0900000000000003 153.22850000000003 5.1500000000000012 17.840208894762803 1.5000000000000002 6593.2000000000016 1.0000000180025095e-35 37.95000000000001 171.50000000000003 135.63150000000002 1.5000000000000002 34.367940295275694 485962.46538555197 205719.46855074697 3.5000000000000004 1.5000000000000002 33.921760277353819 90.152925015616873 1.0000000180025095e-35 1.0000000180025095e-35 47.384482315563538 3.5000000000000004 5.5000000000000009 29.964738132948892 8.5000000000000018 1.0000000180025095e-35 3.5000000000000004 43.966045737443913 181350.00000000003 1.0000000180025095e-35 29.150000000000002 270046.64594997634 37.550000000000004 21341.500000000004 191899.49120198158 4952.9500000000016 1.0000000180025095e-35 1.5000000000000002 2.5000000000000004 15.500000000000002 3.5000000000000004 9783.7000000000025 11095.450000000003 82.42408994171241 1.0000000180025095e-35 3.5000000000000004 -0.96500000000000019 47.937287743823127 6.5000000000000009 1.5000000000000002 7.5000000000000009 1.0000000180025095e-35 61630.301608201342 1.0000000180025095e-35 348478.04252400302 1.5000000000000002 1.0000000180025095e-35 15.72860463013874 12.500000000000002 175390.39512199294 4.5000000000000009 48.978438383378247
decision_type=2 2 2 2 2 2 2 2 2 2 2 2 2 2 2 2 2 2 2 2 2 2 2 2 2 2 2 2 2 2 2 2 2 2 2 2 2 2 2 2 2 2 2 2 2 2 2 2 2 2 2 2 2 2 2 2 2 2 2 2 2 2
left_child=2 9 7 30 5 18 10 16 -6 -2 29 12 49 22 31 25 28 33 -3 20 -20 59 23 -8 39 26 27 42 -1 32 37 47 -5 34 44 -36 56 38 -4 -25 41 -39 -12 -34 46 -38 -18 48 -13 50 51 -7 -53 -54 -55 -29 -11 -9 -27 -21 -51 -62
right_child=1 4 3 6 8 11 13 57 -10 36 15 14 -14 -15 -16 -17 17 -19 19 21 -22 -23 -24 24 -26 58 -28 55 -30 -31 -32 -33 43 -35 35 -37 45 40 -40 -41 -42 -43 -44 -45 -46 -47 -48 -49 -50 60 -52 52 53 54 -56 -57 -58 -59 -60 -61 61 -63
leaf_value=0.0011283921094209872 0.00019506614512331346 -5.9687922770014927e-05 0.00086904218167206627 0.0006172463195144648 -0.00066059093124165612 0.00029195821864239318 -0.00020104795304122546 -0.0003504210251976085 -0.0014857909568913512 -0.00030792260161009223 0.001303827905251054 -0.00081238488340107948 -0.00031852043307247857 0.0001101098623498737 -0.0012232441351873412 -0.00064039892867685192 -5.622257728799931e-05 0.0011235954624739669 -0.0014506652257626166 0.00080629172045740055 -0.00038311056008842977 -0.0015644672719757743 -0.0002814257427510219 0.00074442048193050828 -0.00073763783582326485 -0.00032840373154351441 -0.00034570073030109618 -0.00014927093826306862 0.00042060581214703544 -0.00053354761829896497 -3.4398923928232009e-05 -0.00089242931856184599 0.00010625552022116896 0.00086603128260827767 0.0010782193948468874 0.00050471834841690777 6.168655584051872e-06 2.8028677507369841e-05 0.0019907789964293417 0.0017629136209253483 0.002028286764460771 0.00071802214711073865 5.3611778720576241e-05 0.00051267729608183224 0.00083230313108784973 -0.00059393557863011092 0.00039663903494177046 -0.00031477448530307483 -0.00012024260796757772 -0.00056090907720255311 -0.00053161074022432331 -0.003051265944314591 -0.00077962186509829691 -0.002207453006768841 -0.001202321817964942 0.00041979291480673362 -0.00096238805678543627 0.00030266018131433633 0.00017557310767484793 -0.00020482833902889686 -0.0030525883084687971 -0.00071474720672049061
leaf_weight=42014 58106 39150 21996 25198 23463 1455 7624 9694 42232 147024 9621 53517 12819 49696 19835 20046 22172 20760 12676 4912 10640 2346 7051 60038 2577 62533 17881 23827 14604 10263 9758 47650 191220 35012 23840 41026 81572 13679 4363 4432 1711 22620 3437 27164 16898 12450 114027 55385 14450 12144 6711 2070 6264 12861 7252 21686 8903 63599 17301 10529 1695 2944
leaf_count=42014 58106 39150 21996 25198 23463 1455 7624 9694 42232 147024 9621 53517 12819 49696 19835 20046 22172 20760 12676 4912 10640 2346 7051 60038 2577 62533 17881 23827 14604 10263 9758 47650 191220 35012 23840 41026 81572 13679 4363 4432 1711 22620 3437 27164 16898 12450 114027 55385 14450 12144 6711 2070 6264 12861 7252 21686 8903 63599 17301 10529 1695 2944
internal_value=1.92011e-07 -0.000496969 0.000340311 0.000198517 -0.000754281 -0.00066921 0.000140031 0.000563629 -0.00119107 -0.000160351 6.06264e-05 -0.000774396 -0.0010515 0.000399951 -0.000678249 -0.000103453 0.000640693 0.00057758 -0.0003323 -0.000591959 -0.000963498 -0.000104929 0.000576206 0.00065719 0.000754782 -3.45816e-05 0.000158189 0.00031202 0.000945826 0.000174603 0.000641615 -0.000615033 0.00020444 0.000532772 0.00047924 0.000715495 -0.000242975 0.000744096 0.00105471 0.000814437 0.000528689 0.000458003 0.000974758 0.000156809 0.00037914 -7.32946e-05 0.000322917 -0.000507877 -0.000665233 -0.00122747 -0.00140529 -0.00160137 -0.00169821 -0.00159202 -0.00184504 0.000121876 -0.000345291 0.000216281 -0.000219186 0.000116823 -0.000839542 -0.00156895
internal_weight=1.75042e+06 711055 1.03937e+06 635722 403000 337305 561595 403646 65695 308055 430177 257052 66215 131418 190837 176332 330353 273735 80253 41103 23316 17787 81722 74671 67047 156286 76452 58571 56618 253845 74127 171002 243582 252975 217963 64866 249949 64369 26359 64470 38010 36299 13058 218384 153097 94022 136199 123352 67967 53396 36613 29902 28447 26377 20113 45513 155927 73293 79834 15441 16783 4639
internal_count=1750423 711055 1039368 635722 403000 337305 561595 403646 65695 308055 430177 257052 66215 131418 190837 176332 330353 273735 80253 41103 23316 17787 81722 74671 67047 156286 76452 58571 56618 253845 74127 171002 243582 252975 217963 64866 249949 64369 26359 64470 38010 36299 13058 218384 153097 94022 136199 123352 67967 53396 36613 29902 28447 26377 20113 45513 155927 73293 79834 15441 16783 4639
is_linear=0
shrinkage=0.05


Tree=31
num_leaves=63
num_cat=0
split_feature=2 7 7 34 3 34 31 7 34 36 31 35 28 18 29 35 34 36 34 34 34 31 3 38 37 3 36 35 31 38 1 18 38 35 40 34 36 2 36 40 31 35 40 36 7 37 31 31 40 28 38 34 28 31 36 31 20 2 34 36 3 38
split_gain=106.851 21.7544 11.9821 5.10967 4.95084 3.68108 3.27658 2.93601 2.70643 3.56289 3.1013 5.20837 2.69631 2.45795 2.38326 2.5331 2.18464 2.16683 2.14677 2.13753 2.44287 1.94234 3.66379 1.90436 1.87925 1.80919 1.7957 2.61819 1.88829 1.78886 2.22049 1.78856 1.90519 1.78012 1.71475 1.82297 1.70679 1.7003 1.67054 1.61258 1.71391 1.57712 1.54724 1.51929 1.5062 1.49186 1.39077 1.34038 2.62819 1.45258 1.39767 1.3165 1.24653 1.19574 1.14589 1.13816 1.12703 1.09173 1.07497 1.06852 1.06654 1.0651
threshold=1.0900000000000003 5.1500000000000012 4.7500000000000009 1.0000000180025095e-35 6178.4000000000005 4.5000000000000009 15.500000000000002 9.2000000000000011 1.5000000000000002 2.5000000000000004 3.5000000000000004 2.5000000000000004 45.050000000000004 40604.000000000007 65.62166706468885 1.0000000180025095e-35 1.0000000180025095e-35 1.5000000000000002 1.5000000000000002 5.5000000000000009 7.5000000000000009 3.5000000000000004 10496.100000000002 58.29211407178709 1.0000000180025095e-35 8460.4500000000025 1.0000000180025095e-35 1.5000000000000002 6.5000000000000009 86.898899828020035 5.9850000000000012 48941.500000000007 89.929379459200177 2.5000000000000004 43.282806637698009 3.5000000000000004 2.5000000000000004 2.1500000000000008 1.0000000180025095e-35 65.073429232821553 10.500000000000002 4.5000000000000009 48.554789649098247 8.5000000000000018 6.0500000000000007 1.0000000180025095e-35 7.5000000000000009 1.0000000180025095e-35 76.062954080073212 47.150000000000013 46.105929214382961 5.5000000000000009 16.150000000000002 9.5000000000000018 2.5000000000000004 21.500000000000004 638.50000000000011 -1.0000000180025095e-35 1.0000000180025095e-35 1.5000000000000002 13165.750000000002 60.6267441185405
decision_type=2 2 2 2 2 2 2 2 2 2 2 2 2 2 2 2 2 2 2 2 2 2 2 2 2 2 2 2 2 2 2 2 2 2 2 2 2 2 2 2 2 2 2 2 2 2 2 2 2 2 2 2 2 2 2 2 2 2 2 2 2 2
left_child=2 5 24 13 16 8 7 12 9 10 17 26 14 -4 52 19 23 58 21 61 39 22 38 33 31 -6 -12 -28 -29 44 -31 51 47 42 -10 -36 -27 -7 -17 40 46 45 -3 57 -15 -20 -21 48 50 -49 -33 -1 56 -11 -26 -38 -5 -8 -2 -30 -34 -16
right_child=1 4 3 6 25 37 43 -9 34 53 11 -13 -14 29 15 18 -18 -19 41 20 -22 -23 -24 -25 54 36 27 28 59 30 -32 32 60 -35 35 -37 55 -39 -40 -41 -42 -43 -44 -45 -46 -47 -48 49 -50 -51 -52 -53 -54 -55 -56 -57 -58 -59 -60 -61 -62 -63
leaf_value=0.001017900864061687 -8.873952148889748e-05 -0.00059350739730944018 0.00096776943236176927 -4.7780648313352337e-05 -0.00043417459959085928 -0.00099988423205981509 0.00121586569272156 -0.00030504956273254372 -0.00075076404276208522 -0.00063970966710980969 -0.00062419273404214952 -0.00063166389728687466 -0.00023018493516706423 0.00028587957579567547 0.0003135255006773411 -0.00028820851125437209 0.00058714554513889709 -3.2118313443051997e-05 -0.00023457943460885081 -0.0010330614058401523 -7.9997834339345903e-05 0.00010139854075009458 -0.00028002235410956074 0.00016043987481808878 -0.00093992022634372351 -1.6748944764378952e-05 -0.0013547984580216605 -0.0018942325877362562 -0.003799453492361984 0.00023205964470644088 0.0011931866478909587 -0.00041854973753665696 0.0017469653731424254 0.00057636727659931566 -7.0497695163282325e-05 -0.00089161354272171292 -0.00047070853675718343 -0.0018320723326651798 0.0020706116649400917 0.00050232497778247571 -0.0003400861421340127 0.0011527772058590854 0.00012296937530036878 -1.0860457707321647e-05 0.00086385612026169002 0.00057476136504477275 0.0017061825183455376 0.00069345993616425224 0.0018611370916940765 0.00020261976774010659 0.00036488156121765146 -0.00084379668590877678 0.00031903781340148391 -5.3760065709135209e-05 0.00054418078927526647 0.00069176569541980714 0.0010078220848988076 0.00055357206391765362 -0.0009490416516115531 -0.00063791532509544359 0.00082033740837187329 7.8514588645887745e-05
leaf_weight=35116 4050 28802 19096 3025 212109 12745 9684 38818 35632 41851 5402 26830 43138 175439 89877 892 15639 9901 90975 488 8836 52645 4018 50004 3053 63840 34023 10663 2211 10590 13893 6420 4962 5229 28428 8868 44170 11840 4735 12273 1340 2258 10205 7571 12046 6074 9183 122140 2742 17195 50274 976 32216 10994 2266 2211 15408 17407 35104 304 8299 104000
leaf_count=35116 4050 28802 19096 3025 212109 12745 9684 38818 35632 41851 5402 26830 43138 175439 89877 892 15639 9901 90975 488 8836 52645 4018 50004 3053 63840 34023 10663 2211 10590 13893 6420 4962 5229 28428 8868 44170 11840 4735 12273 1340 2258 10205 7571 12046 6074 9183 122140 2742 17195 50274 976 32216 10994 2266 2211 15408 17407 35104 304 8299 104000
internal_value=1.8241e-07 -0.000472121 0.000323296 0.00022689 -0.00024998 -0.000816436 0.000144618 0.000113255 -0.000759946 -0.000863398 -0.00100553 -0.00119858 0.000146986 0.000424451 0.000184113 0.000141963 3.98578e-05 -0.000692948 -9.19901e-06 0.00025005 0.000627839 0.000220906 0.000873212 -5.09639e-05 0.000622248 -0.000348783 -0.00148773 -0.00158656 -0.00218491 0.000375504 0.000777456 0.000642183 0.000586798 -0.000289933 -0.000502717 -0.000265737 -0.000184456 -0.00140066 0.00169669 0.000896455 0.00133576 -0.000153532 -0.000406063 0.000615321 0.000323015 -0.000183925 0.00156796 0.000548085 0.000349287 0.000632887 0.000276166 0.000967557 0.000506666 -0.000517807 -0.000307664 -0.000415293 0.000834589 0.000790317 -0.000860054 -0.0034173 0.00116706 0.00018746
internal_weight=1.75042e+06 711055 1.03937e+06 785925 432209 278846 554861 520199 254261 181333 128488 79433 481381 231064 438243 387594 109879 49055 161597 225997 32120 62290 9645 94240 253443 322330 52603 47201 13178 211968 24483 248124 212032 44236 72928 37296 110221 24585 5627 23284 11011 99307 39007 34662 187485 97049 9671 198771 59436 139335 56694 36092 50649 52845 5319 46381 18433 27091 39154 2515 13261 193877
internal_count=1750423 711055 1039368 785925 432209 278846 554861 520199 254261 181333 128488 79433 481381 231064 438243 387594 109879 49055 161597 225997 32120 62290 9645 94240 253443 322330 52603 47201 13178 211968 24483 248124 212032 44236 72928 37296 110221 24585 5627 23284 11011 99307 39007 34662 187485 97049 9671 198771 59436 139335 56694 36092 50649 52845 5319 46381 18433 27091 39154 2515 13261 193877
is_linear=0
shrinkage=0.05


Tree=32
num_leaves=63
num_cat=0
split_feature=2 5 7 32 32 3 18 3 20 32 5 31 35 32 40 36 35 28 7 19 22 36 35 37 18 32 36 2 40 18 35 35 32 40 37 7 35 40 31 36 29 3 35 36 31 35 35 36 36 2 31 1 36 30 40 36 31 31 40 3 36 35
split_gain=96.4935 21.5852 10.1888 5.72029 5.07485 4.22073 3.84315 3.55548 3.24385 2.95065 2.93238 2.72934 2.55177 3.17048 3.05185 2.32612 2.02849 2.08741 1.94211 1.92218 2.27525 1.69597 1.69523 1.58496 1.56177 1.53883 1.62282 1.52728 1.98369 1.43642 1.41274 1.58885 1.33549 1.30857 1.26568 1.2482 1.24794 1.23399 1.72139 1.28412 1.2004 1.18007 1.29253 1.16418 1.15922 1.13113 1.15691 1.77324 3.70063 2.16167 1.75516 2.01188 1.34573 1.12819 1.1046 1.1007 2.2949 1.093 1.07649 1.04821 1.33706 1.04263
threshold=0.99500000000000011 153.22850000000003 4.7500000000000009 1.0000000180025095e-35 1.5000000000000002 6742.4000000000005 54080.500000000007 7403.9000000000005 722.50000000000011 1.0000000180025095e-35 135.63150000000002 3.5000000000000004 1.0000000180025095e-35 1.0000000180025095e-35 47.384482315563538 5.5000000000000009 2.5000000000000004 25.750000000000004 8.9000000000000021 108250.00000000001 4379.5000000000009 1.0000000180025095e-35 3.5000000000000004 1.0000000180025095e-35 48941.500000000007 1.0000000180025095e-35 3.5000000000000004 1.0000000180025095e-35 46.861342154622598 121498.00000000001 3.5000000000000004 1.0000000180025095e-35 5.5000000000000009 43.282806637698009 1.0000000180025095e-35 9.0500000000000025 1.0000000180025095e-35 39.9138184137297 8.5000000000000018 1.5000000000000002 48.87637959296211 8470.6000000000022 2.5000000000000004 3.5000000000000004 7.5000000000000009 4.5000000000000009 1.0000000180025095e-35 1.5000000000000002 2.5000000000000004 -0.079999999999999988 7.5000000000000009 5.9200000000000008 1.0000000180025095e-35 0.00078424710440259731 74.189245718843068 2.5000000000000004 7.5000000000000009 4.5000000000000009 28.222105294081477 10259.250000000002 5.5000000000000009 1.5000000000000002
decision_type=2 2 2 2 2 2 2 2 2 2 2 2 2 2 2 2 2 2 2 2 2 2 2 2 2 2 2 2 2 2 2 2 2 2 2 2 2 2 2 2 2 2 2 2 2 2 2 2 2 2 2 2 2 2 2 2 2 2 2 2 2 2
left_child=2 10 9 6 5 12 8 43 40 23 32 27 -3 14 61 16 17 18 36 20 -10 -18 55 24 53 34 41 28 -8 35 31 33 -2 -7 -12 45 37 38 39 -5 -4 42 -27 58 -22 46 47 50 49 -49 51 57 -52 -1 -54 56 -15 -13 -6 -48 -61 -14
right_child=1 4 3 15 7 30 11 -9 19 -11 25 29 13 22 -16 -17 21 -19 -20 -21 44 -23 -24 -25 -26 26 -28 -29 -30 -31 -32 -33 -34 -35 -36 -37 -38 -39 -40 -41 -42 -43 -44 -45 -46 -47 59 48 -50 -51 52 -53 54 -55 -56 -57 -58 -59 -60 60 -62 -63
leaf_value=0.0012373187588309313 0.00013303536774292369 -0.00010928186308852136 0.0007117284834227554 -0.0010890918753878741 -8.5620812939125115e-06 -0.00082308924495915761 0.0010288050844665421 -0.00061184987560013117 0.00040884823714097695 0.0009862151905093027 -0.0002626926247563953 -0.00076693356229933863 -0.00097723890573538303 -0.00027600916484460842 -0.00037648857144859083 -0.00027172801013148219 0.00061758151973016415 0.00015731448806556396 0.00020793891102625258 0.00049220266588340567 0.0018640713684363052 -0.0010053522625756703 0.00098681893496369521 -0.00041212645523800882 0.00048385967023211699 -0.00026050704141836444 -0.00056580654541108931 0.00018870043149646834 0.00013214206404629474 -0.00066020464921136203 -0.00028053813599381733 -0.00090202450338791292 0.0012922518730919645 -0.00046501137062813781 -0.00083987476358178678 -0.00030128844240835483 0.00088825716180470152 0.00063674389573355292 0.0011483435559592201 0.00093548168853489506 -7.1117762730090015e-06 0.00025555426493822919 0.00030786667917108527 -5.224987580175201e-05 0.00033025978230372729 0.00080593624625361542 -0.00022970337449536562 0.0014892066883364235 8.3959173925412416e-05 0.00044991190704916743 -0.00064228079503524419 0.0013758671978645015 0.001891804838795708 0.00059775490125757815 -0.00050103277966912548 0.00059053429167708719 -0.0021802341143905691 -4.7095926628485567e-05 -0.001472898225157972 -2.5943826556983426e-05 0.00056247462192327306 -0.001733167589472176
leaf_weight=12553 55505 54727 6835 3488 1298 46198 13351 24834 6458 39832 164003 13653 9534 17968 14993 9933 2728 27955 22488 45042 7972 3927 2842 4489 181270 40382 13301 138924 11465 8002 16264 104352 2601 56987 10082 27724 54628 51243 1937 1010 38640 34356 13296 1609 1457 4870 55623 7809 76462 13925 1192 1547 2184 15299 619 2959 1735 8592 37954 77748 11023 8746
leaf_count=12553 55505 54727 6835 3488 1298 46198 13351 24834 6458 39832 164003 13653 9534 17968 14993 9933 2728 27955 22488 45042 7972 3927 2842 4489 181270 40382 13301 138924 11465 8002 16264 104352 2601 56987 10082 27724 54628 51243 1937 1010 38640 34356 13296 1609 1457 4870 55623 7809 76462 13925 1192 1547 2184 15299 619 2959 1735 8592 37954 77748 11023 8746
internal_value=1.73289e-07 -0.000435389 0.000316579 0.000225076 -0.000681634 -0.00060333 0.000148895 -0.00108368 0.000420488 0.000591136 -0.000137852 8.80188e-05 -0.000354972 -0.000583733 -0.000905238 0.000471929 0.000515533 0.000550521 0.000632068 0.000658992 0.00113186 -0.000340084 -0.000164292 0.000517465 0.00053742 -0.000205949 -5.10423e-05 0.000253241 0.000614546 1.02286e-06 -0.000729288 -0.000764455 0.000184925 -0.00062533 -0.00029612 1.8487e-05 0.000716995 0.000554789 -9.7836e-05 -0.000634486 0.000100932 2.67331e-05 -0.000119721 -0.00137044 0.00162706 5.06961e-05 3.70928e-05 0.00014782 0.000247606 0.000823329 -0.000204814 -0.00036765 0.000764947 0.000886009 0.00136338 -0.000308651 -0.000443691 -0.000488901 -0.00142448 -5.95157e-05 4.71221e-05 -0.00133891
internal_weight=1.75042e+06 736526 1.0139e+06 760454 403000 337305 581117 65695 106404 253443 333526 474713 113504 58777 33273 179337 169404 162749 134794 60929 15887 6655 25504 213611 209122 275420 101335 163740 24816 310973 223801 207537 58106 103185 174085 302971 112306 57678 6435 4498 45475 88034 53678 40861 9429 275247 270377 125983 98196 21734 27787 23792 3995 27852 2803 22662 19703 22245 39252 144394 88771 18280
internal_count=1750423 736526 1013897 760454 403000 337305 581117 65695 106404 253443 333526 474713 113504 58777 33273 179337 169404 162749 134794 60929 15887 6655 25504 213611 209122 275420 101335 163740 24816 310973 223801 207537 58106 103185 174085 302971 112306 57678 6435 4498 45475 88034 53678 40861 9429 275247 270377 125983 98196 21734 27787 23792 3995 27852 2803 22662 19703 22245 39252 144394 88771 18280
is_linear=0
shrinkage=0.05


Tree=33
num_leaves=63
num_cat=0
split_feature=3 5 5 38 3 39 28 39 3 32 34 38 32 5 34 34 39 32 3 18 32 34 34 31 32 31 39 40 31 32 31 34 31 3 39 39 39 19 37 39 40 40 34 31 32 40 34 27 31 40 40 34 39 40 31 40 40 32 18 38 31 37
split_gain=38.4473 61.1849 14.3667 6.76622 6.39536 4.41812 4.18225 4.7152 4.01712 3.98423 4.43419 3.92683 2.6065 2.33119 2.3168 2.27854 2.25899 2.18386 2.26422 2.01738 1.92838 1.8421 2.21202 1.77688 1.70347 1.531 1.51127 1.47672 1.43045 1.66626 1.5939 2.38863 1.33858 2.2679 1.31406 1.62368 1.31011 1.30957 1.2575 1.23139 1.20656 1.15954 1.14856 1.90291 2.88551 1.1378 1.13334 1.11937 1.09692 1.07209 1.04179 1.36897 1.10948 1.03569 1.03002 1.2104 1.18659 1.1308 1.0157 0.992239 0.985224 0.959427
threshold=9263.1500000000033 140.16300000000004 171.49700000000004 58.550208954278865 12632.85 11.644965679929916 32.550000000000004 37.312155874571374 5886.9500000000007 2.5000000000000004 4.5000000000000009 86.898899828020035 1.5000000000000002 151.42200000000003 1.5000000000000002 3.5000000000000004 49.762627038799089 2.5000000000000004 8304.1500000000015 39603.000000000007 1.0000000180025095e-35 5.5000000000000009 8.5000000000000018 5.5000000000000009 1.0000000180025095e-35 5.5000000000000009 54.187693341925403 64.018863709990157 3.5000000000000004 2.5000000000000004 9.5000000000000018 5.5000000000000009 1.0000000180025095e-35 5496.1000000000013 1.0000000180025095e-35 53.473977679829446 87.162757852052266 421650.00000000006 1.0000000180025095e-35 90.152925015616873 35.078507644044016 56.29592203288427 1.0000000180025095e-35 7.5000000000000009 3.5000000000000004 60.401957635004386 5.5000000000000009 50.050000000000004 6.5000000000000009 20.858477418102186 33.629728031919775 1.5000000000000002 31.979810375248803 51.814178957931638 1.0000000180025095e-35 82.095913333621965 62.80580517121809 1.5000000000000002 114619.50000000001 29.422554304583524 1.5000000000000002 1.0000000180025095e-35
decision_type=2 2 2 2 2 2 2 2 2 2 2 2 2 2 2 2 2 2 2 2 2 2 2 2 2 2 2 2 2 2 2 2 2 2 2 2 2 2 2 2 2 2 2 2 2 2 2 2 2 2 2 2 2 2 2 2 2 2 2 2 2 2
left_child=1 3 13 5 6 27 7 28 11 10 16 12 26 17 38 19 25 21 -19 -6 41 34 -23 -20 -16 50 40 -1 45 30 31 -30 -7 49 -3 -36 -28 46 59 -21 -5 -12 -11 44 48 -2 -17 -39 53 60 -4 52 -52 -44 55 -13 -56 -58 -8 -9 -34 -27
right_child=4 2 9 8 15 32 58 14 -10 42 20 54 -14 -15 24 37 -18 18 23 39 -22 22 -24 -25 -26 61 36 -29 29 -31 -32 -33 33 -35 35 -37 -38 47 -40 -41 -42 -43 43 -45 -46 -47 -48 -49 -50 -51 51 -53 -54 -55 56 -57 57 -59 -60 -61 -62 -63
leaf_value=0.00071372411333214022 0.0012651381577781569 0.00055308183789310296 -0.0012224679640582216 0.0012519606766671987 0.0010503394162607056 -0.00037029150172032628 -5.6828751633312331e-05 0.00073878175312662919 9.4155883207007972e-05 2.9712582635811517e-05 -0.0017797239725533369 0.00092879386748038529 0.0015720379452825535 -0.00044085540248929231 -8.3467365843578189e-05 0.00043412024266350287 -0.00047617097792423247 -0.00096915234421433036 0.0020402533537548753 0.000498568292656628 -0.0018142321366856982 0.0004757202783722931 -0.00093181279532283294 0.00025547995188737917 0.00033100320308277809 -0.0004939930377163386 5.0755742753382939e-05 0.0022469759763291057 0.00043397894041501632 0.00094025895189098815 5.4526324297941013e-05 0.0015887988275132302 0.0014780912129571595 -0.00011408338386472702 -0.00045013449203353602 -0.00017709471548090213 0.00081639251778998676 -0.00053984803276458185 -0.00039912462323770488 0.0010509099535604154 0.00052216832265435662 -0.00044014123806228648 0.00056653478858782443 -0.0011869552887147847 0.0013326156140832436 -9.4640147976182687e-05 -0.0007171020276272726 0.0012995469533303968 -0.0034939182753860559 0.00023779378903590094 -0.0013184559035782923 -0.000256200639951925 -0.00064711432058875765 -0.0023032719878837353 0.0015830591589912398 0.0024393437707693139 0.00052296693892743182 0.0016592219328964994 -0.00059830019584917961 0.00027997135992951941 0.00030338686167771903 -0.0013626731413419364
leaf_weight=11034 10252 4468 24369 5972 23448 24779 78481 12824 49396 1362 2241 2321 5570 171022 107191 29323 106065 3678 1476 117461 12059 15365 3411 25268 32249 36150 30136 1831 48911 16473 24691 4929 3913 69312 108522 109276 6859 7745 6374 11039 109662 5787 347 16674 525 1810 2306 926 1973 21659 12339 8773 12278 3345 6272 3094 10870 2742 9735 145293 3282 3485
leaf_count=11034 10252 4468 24369 5972 23448 24779 78481 12824 49396 1362 2241 2321 5570 171022 107191 29323 106065 3678 1476 117461 12059 15365 3411 25268 32249 36150 30136 1831 48911 16473 24691 4929 3913 69312 108522 109276 6859 7745 6374 11039 109662 5787 347 16674 525 1810 2306 926 1973 21659 12339 8773 12278 3345 6272 3094 10870 2742 9735 145293 3282 3485
internal_value=1.64625e-07 -0.00018919 -0.000466959 0.000330829 0.000290158 5.03388e-05 0.000195794 0.000262842 0.000494394 -0.000771796 -0.000705791 0.000602134 0.000509638 -0.000296265 0.000162325 0.000535194 -0.000635821 -0.000205173 0.000194015 0.000623843 -0.00141451 -0.000255555 0.000220016 0.000353982 1.23894e-05 -0.000809685 0.000470867 0.000931943 0.000548182 0.000483061 0.000387157 0.000539702 -4.19125e-05 4.09767e-05 -0.000295729 -0.000313142 0.000192707 0.000200951 0.000289426 0.000546018 0.000559859 -0.000814083 -0.00138085 -0.00146488 -0.00221353 0.00106109 0.000350187 -0.000343414 -0.00254216 0.000413456 -0.000973903 -0.000792493 -0.000983617 -0.00203355 0.00118053 0.00179189 0.00101404 0.000751854 -0.000116582 0.000317183 0.00094225 -0.000570374
internal_weight=1.75042e+06 1.05896e+06 690258 368704 691461 135810 499213 410997 232894 247772 223546 183498 158199 442486 303931 192248 203459 271464 30422 151948 20087 241042 18776 26744 139440 97394 152629 12865 107066 95004 78531 53840 122945 98166 222266 217798 36995 40300 164491 128500 115634 8028 24226 22864 6190 12062 31629 8671 5665 28854 57759 33390 24617 3692 25299 5415 19884 13612 88216 158117 7195 39635
internal_count=1750423 1058962 690258 368704 691461 135810 499213 410997 232894 247772 223546 183498 158199 442486 303931 192248 203459 271464 30422 151948 20087 241042 18776 26744 139440 97394 152629 12865 107066 95004 78531 53840 122945 98166 222266 217798 36995 40300 164491 128500 115634 8028 24226 22864 6190 12062 31629 8671 5665 28854 57759 33390 24617 3692 25299 5415 19884 13612 88216 158117 7195 39635
is_linear=0
shrinkage=0.05


Tree=34
num_leaves=63
num_cat=0
split_feature=2 5 7 32 5 32 34 34 18 38 36 36 37 35 32 34 40 32 34 32 30 19 32 35 19 32 34 32 35 35 7 34 32 20 36 7 7 18 17 16 35 36 34 33 34 36 40 40 34 35 36 35 37 32 32 40 5 36 35 34 34 35
split_gain=78.5952 16.7078 9.26672 4.72944 4.02127 3.83198 3.99076 3.69023 2.92483 2.34583 2.25615 2.14733 1.97497 1.79759 3.0863 1.98959 1.95462 1.80308 1.73381 1.76393 1.83014 2.02199 1.6601 2.59823 1.63097 1.83031 1.8266 1.5906 2.24648 1.71838 1.51355 2.20628 1.45907 1.45852 1.45214 1.44851 1.44727 1.43442 1.50013 1.31794 1.29021 1.42919 2.18948 2.44376 2.1449 2.01942 1.77825 2.35043 1.26533 2.89712 2.20434 1.26064 1.20957 1.19498 1.48167 1.18566 1.21491 1.1628 1.14394 1.13158 1.12767 1.67129
threshold=1.0900000000000003 166.64000000000001 5.1500000000000012 1.0000000180025095e-35 147.10600000000002 2.5000000000000004 3.5000000000000004 2.5000000000000004 68375.000000000015 23.742197232267941 3.5000000000000004 2.5000000000000004 1.0000000180025095e-35 1.0000000180025095e-35 1.0000000180025095e-35 1.0000000180025095e-35 43.282806637698009 1.0000000180025095e-35 5.5000000000000009 1.0000000180025095e-35 0.00062553696812638374 94550.000000000015 1.0000000180025095e-35 1.0000000180025095e-35 202050.00000000003 2.5000000000000004 1.5000000000000002 1.0000000180025095e-35 1.5000000000000002 1.0000000180025095e-35 9.3500000000000032 1.0000000180025095e-35 3.5000000000000004 710.50000000000011 2.5000000000000004 8.9000000000000021 9.0500000000000025 68988.500000000015 24259.500000000004 -0.035000000000000135 1.0000000180025095e-35 3.5000000000000004 3.5000000000000004 1.0000000180025095e-35 1.5000000000000002 1.0000000180025095e-35 76.42772519330002 26.700635457983545 1.0000000180025095e-35 1.5000000000000002 1.5000000000000002 1.0000000180025095e-35 1.0000000180025095e-35 14.500000000000002 10.500000000000002 51.483364560203334 145.27500000000003 3.5000000000000004 3.5000000000000004 4.5000000000000009 1.5000000000000002 4.5000000000000009
decision_type=2 2 2 2 2 2 2 2 2 2 2 2 2 2 2 2 2 2 2 2 2 2 2 2 2 2 2 2 2 2 2 2 2 2 2 2 2 2 2 2 2 2 2 2 2 2 2 2 2 2 2 2 2 2 2 2 2 2 2 2 2 2
left_child=2 4 8 9 22 6 7 11 12 -4 24 13 18 16 15 -15 -3 -18 19 20 21 33 23 30 25 35 32 28 29 -8 31 -2 55 -1 -14 -5 37 38 40 -29 41 42 -11 45 -43 -44 47 -47 -7 50 -50 -21 -13 54 -6 -27 -57 -24 -16 -12 -42 -62
right_child=1 5 3 10 53 48 27 -9 -10 36 59 52 34 14 58 -17 17 -19 -20 51 -22 -23 57 -25 -26 26 -28 39 -30 -31 -32 -33 -34 -35 -36 -37 -38 -39 -40 -41 60 44 43 -45 -46 46 -48 -49 49 -51 -52 -53 -54 -55 -56 56 -58 -59 -60 -61 61 -63
leaf_value=0.00063559572244038147 7.7073727665731069e-07 -0.00079967014511538557 0.00049595677025741078 0.00046978439162840115 -0.00033991781103939522 0.00012631365233968969 -0.00036269149927437087 0.00020973329700894555 0.00020661565609321367 0.0001512970364300377 -0.00038750195794453837 -0.00031326396662310668 -0.00095811240978196238 0.00046990677151572655 -0.00058103243270786334 -0.0012531437670648556 -0.00017656802965872754 -0.0014319167634465411 -0.00081127463719210795 0.00064174392569193691 0.00044688836830355963 0.0006605324477538838 0.00026457443390823704 -0.00042257315236679028 -4.9221066259113181e-05 -0.0001275511158464442 0.00030666344788906122 -0.0010490544503828981 0.00049263603776321114 -0.0018161896609162629 -0.00037961606745388573 0.00074357765582936026 0.00073148040569412311 0.0021888682492454915 0.00049960363777801079 -5.6735680604060061e-05 -0.00022685454980513948 -0.00019085365871176975 0.00049104200966611851 -0.0017945183530205665 0.00011591495932983748 0.0001590314026143748 -0.00082819506911246607 -0.00063291668798481568 -0.00055850777563084533 -0.00031026864304256607 4.1830063803053811e-06 0.0013686358207097666 0.0004691939567963853 -0.0027386580868364726 -0.0012721696124900856 0.0011439541395736386 -0.0010614934311426909 0.00029040327500606111 -0.002166822518152472 0.0019549754896090966 0.00069232986293229289 -0.00058022122459492611 0.00099941814185253229 0.0014609155338181981 -0.00023125467578983584 0.00084380537596967183
leaf_weight=2394 36784 36932 31756 60935 239850 1610 4162 14708 86340 127468 11374 62530 3794 1750 30235 39280 33436 3128 2310 34718 209838 37523 54542 44374 14498 1093 16396 14806 3190 3976 14327 13727 24184 4099 3108 16627 42359 43550 24452 9889 65154 31945 1736 3309 15453 2395 4136 16088 1977 3167 22505 19522 5912 7551 1115 6982 2620 4402 1190 893 66496 3823
leaf_count=2394 36784 36932 31756 60935 239850 1610 4162 14708 86340 127468 11374 62530 3794 1750 30235 39280 33436 3128 2310 34718 209838 37523 54542 44374 14498 1093 16396 14806 3190 3976 14327 13727 24184 4099 3108 16627 42359 43550 24452 9889 65154 31945 1736 3309 15453 2395 4136 16088 1977 3167 22505 19522 5912 7551 1115 6982 2620 4402 1190 893 66496 3823
internal_value=1.56394e-07 -0.000404913 0.000277274 0.00015831 -0.000201191 -0.000693263 -0.000633335 -0.000556413 0.000464636 8.06718e-05 0.000397866 -0.000608973 0.000534844 -0.000717333 -0.000894063 -0.00117965 -0.000543107 -0.000283961 0.000553445 0.000563677 0.000508375 0.000801503 -1.23593e-05 -0.000127775 0.000453564 0.000510143 0.000741927 -0.00112255 -0.00063199 -0.00107283 7.39795e-05 0.000202638 0.000946537 0.00161617 -0.000301697 0.000356914 5.12587e-05 8.02746e-05 0.000112851 -0.00134757 8.54921e-05 0.000165387 0.000238805 0.000642017 -7.49053e-05 0.000815236 0.000941369 0.00115109 -0.00123629 -0.00131563 -0.00113155 0.000822499 -0.000377896 -0.000328963 -0.000348371 0.00143283 0.00161045 0.000201484 -0.000521184 -0.000252943 -3.39501e-05 -0.000172807
internal_weight=1.75042e+06 711055 1.03937e+06 635722 416672 294383 265124 229101 403646 480120 155602 214393 317306 145951 72455 41030 73496 36564 310404 308094 253854 44016 168156 109212 143335 128837 51275 36023 11328 8138 64838 50511 34879 6493 6902 77562 448364 406005 362455 24695 338003 202530 155132 27664 47398 24355 22619 18483 29259 27649 24482 54240 68442 248516 240965 10695 9602 58944 31425 12267 135473 70319
internal_count=1750423 711055 1039368 635722 416672 294383 265124 229101 403646 480120 155602 214393 317306 145951 72455 41030 73496 36564 310404 308094 253854 44016 168156 109212 143335 128837 51275 36023 11328 8138 64838 50511 34879 6493 6902 77562 448364 406005 362455 24695 338003 202530 155132 27664 47398 24355 22619 18483 29259 27649 24482 54240 68442 248516 240965 10695 9602 58944 31425 12267 135473 70319
is_linear=0
shrinkage=0.05


Tree=35
num_leaves=63
num_cat=0
split_feature=2 5 7 32 5 0 32 34 31 0 36 34 32 32 27 36 0 28 0 36 6 36 35 36 36 0 31 32 35 32 35 34 34 34 35 31 0 29 0 34 32 3 34 35 0 28 36 3 0 29 34 34 37 17 0 3 34 31 35 32 0 20
split_gain=71.2494 15.251 8.38123 4.50874 4.14615 3.62416 3.28669 3.79471 2.99258 2.26287 2.52657 2.79232 3.57141 2.21688 2.1268 2.10688 2.06544 2.04244 1.9803 1.8148 1.71936 1.61932 1.80792 2.352 1.61055 2.15379 1.59917 1.58705 1.92677 1.51631 2.01712 1.49155 2.6075 1.49845 1.71926 1.48601 1.44658 2.50582 1.43226 1.41674 2.19723 1.34996 1.71971 1.33319 1.29423 1.27174 1.25352 1.24711 1.14782 1.12233 1.12108 1.83862 1.11197 1.09359 1.07129 1.06828 1.066 2.01986 1.45901 1.46451 1.04914 1.03379
threshold=1.0900000000000003 169.91300000000004 4.6500000000000012 1.0000000180025095e-35 146.49550000000002 37542.47462077051 2.5000000000000004 4.5000000000000009 3.5000000000000004 208522.58761885058 5.5000000000000009 1.5000000000000002 1.5000000000000002 1.0000000180025095e-35 38.650000000000013 1.5000000000000002 111529.23726048466 25.650000000000002 664582.16473218438 1.5000000000000002 191.20000000000002 1.0000000180025095e-35 1.5000000000000002 1.5000000000000002 3.5000000000000004 398452.59656231856 5.5000000000000009 1.0000000180025095e-35 1.5000000000000002 1.0000000180025095e-35 1.0000000180025095e-35 5.5000000000000009 7.5000000000000009 6.5000000000000009 1.0000000180025095e-35 7.5000000000000009 117436.48091671854 72.414566432863424 664582.16473218438 1.0000000180025095e-35 5.5000000000000009 8520.2500000000018 1.0000000180025095e-35 4.5000000000000009 146203.24667395689 29.950000000000003 2.5000000000000004 8836.1000000000022 272326.56170420005 45.920986754056202 8.5000000000000018 5.5000000000000009 1.0000000180025095e-35 22658.000000000004 63738.372438047292 9720.7500000000018 1.5000000000000002 6.5000000000000009 1.5000000000000002 1.0000000180025095e-35 182736.3350962197 748.50000000000011
decision_type=2 2 2 2 2 2 2 2 2 2 2 2 2 2 2 2 2 2 2 2 2 2 2 2 2 2 2 2 2 2 2 2 2 2 2 2 2 2 2 2 2 2 2 2 2 2 2 2 2 2 2 2 2 2 2 2 2 2 2 2 2 2
left_child=2 4 13 5 29 -4 7 20 14 10 11 12 26 36 45 50 -14 19 21 61 35 -8 23 -23 25 -25 -5 28 -9 30 41 43 33 -33 44 -3 37 -1 54 -11 -41 42 -2 -19 55 53 60 -28 56 -21 51 -13 -38 -7 -6 -35 57 58 -22 -60 -31 -10
right_child=1 6 3 9 38 8 18 27 17 39 -12 15 16 -15 -16 -17 -18 31 -20 49 48 22 -24 24 -26 -27 47 -29 -30 46 -32 32 -34 34 -36 -37 52 -39 -40 40 -42 -43 -44 -45 -46 -47 -48 -49 -50 -51 -52 -53 -54 -55 -56 -57 -58 -59 59 -61 -62 -63
leaf_value=0.0010762828133118146 1.518716350295134e-05 -0.00075431821512976765 0.0011259429343681866 0.00062200317808449972 -0.00088388793521410177 0.00055169292818170131 -0.00020009201740108526 -0.0012382525912118167 -0.00065406124463180618 0.00043242733151132039 -0.00021628518573029378 -0.00020761788333406011 0.0021987585433585286 0.00090109259539451465 0.0001901787748916712 0.00080800818162994137 0.0010851093194823847 -7.6677552663285021e-05 -0.0002441993718629339 0.0010303339132313916 -0.00044774294693337844 0.00099855082717132076 -0.0029030439698515759 -0.0022945109825727029 0.00014656751858117887 -0.0010798631452493752 -0.0010137342387111178 -0.0016059214411336055 0.00037826711509132569 0.00060497080280652008 -0.00038317292031043288 0.00028554570663760027 -0.00043416691327138987 0.0013055235067895412 -0.00076973833336159761 -0.00031321129622967217 0.00057134445785564478 9.8053948093513994e-05 0.00026368845322031841 -0.00031361604598848799 0.00037393449755819324 -0.00035927104896829896 0.00070403079015843068 0.0006502134961651056 0.0010926239264822705 0.00024250357500331255 -0.00029498044475036812 0.0024951982441813818 -0.00066125476443655161 0.00032259802006330855 -0.00092909238195675601 0.00057774103440482989 -0.00038982488356839801 0.0012881926106412273 -0.00032580360438418761 0.0037214441762223691 3.5898831269782027e-05 0.00032315694643629507 -0.0022126200195740722 -0.00047633425314121759 0.00011921337747179022 8.795451000355842e-05
leaf_weight=7673 34905 110024 8878 21573 8884 11740 2418 5871 6613 38231 9719 14037 5404 34557 182860 17535 18137 286546 4302 6281 24695 967 2255 7349 1298 7250 2481 13121 2687 18582 42538 8199 6929 800 879 23102 136307 44590 10058 23835 22674 14391 12237 6450 3985 13440 10323 282 26198 51794 2331 15887 3077 8832 267998 1069 19710 7335 2577 2297 27664 16176
leaf_count=7673 34905 110024 8878 21573 8884 11740 2418 5871 6613 38231 9719 14037 5404 34557 182860 17535 18137 286546 4302 6281 24695 967 2255 7349 1298 7250 2481 13121 2687 18582 42538 8199 6929 800 879 23102 136307 44590 10058 23835 22674 14391 12237 6450 3985 13440 10323 282 26198 51794 2331 15887 3077 8832 267998 1069 19710 7335 2577 2297 27664 16176
internal_value=-5.00514e-07 -0.000386216 0.000263259 0.000188409 -0.000208555 0.000122964 -0.000688041 -0.000629805 0.000108428 0.000400104 0.000552536 0.000629043 0.000901681 0.000532477 0.000257707 0.00036688 0.00134076 2.66168e-05 -0.00122359 0.000250762 -0.000566494 -0.00141922 -0.0015734 -0.00139561 -0.00154124 -0.00169131 0.00047695 -0.00126042 -0.000730705 -5.16648e-06 -0.000118422 -3.09498e-05 0.000367458 0.000739441 0.00129217 -0.000677771 0.000466009 0.000241673 -0.000322419 0.000206935 2.15776e-05 6.46005e-05 0.000193995 -6.06758e-05 0.00160177 0.000620764 0.000203193 -0.000655602 -0.000387609 0.000399142 0.000127066 0.000209338 0.000550126 0.000867888 -0.00034371 0.00268734 -0.000260981 -0.00041954 -0.000603777 -0.00139435 0.000314394 -0.000127366
internal_weight=1.75084e+06 711036 1.0398e+06 813597 447580 621471 263456 237617 612593 192126 107386 97667 47877 226204 216872 49790 23541 395721 25839 80864 215938 21537 19119 16864 15897 14599 24336 21679 8558 160640 104071 314857 21861 14932 6733 133126 191647 52263 286940 84740 46509 61533 47142 292996 5854 34012 56569 2763 82812 58075 32255 29924 139384 20572 276882 1869 56614 36904 29569 4874 46246 22789
internal_count=1750837 711036 1039801 813597 447580 621471 263456 237617 612593 192126 107386 97667 47877 226204 216872 49790 23541 395721 25839 80864 215938 21537 19119 16864 15897 14599 24336 21679 8558 160640 104071 314857 21861 14932 6733 133126 191647 52263 286940 84740 46509 61533 47142 292996 5854 34012 56569 2763 82812 58075 32255 29924 139384 20572 276882 1869 56614 36904 29569 4874 46246 22789
is_linear=0
shrinkage=0.05


Tree=36
num_leaves=63
num_cat=0
split_feature=2 5 31 28 39 32 32 3 39 3 29 32 0 3 0 39 0 28 3 20 36 22 40 31 38 39 3 39 36 0 36 40 38 3 38 39 31 40 37 0 0 38 0 19 39 3 38 32 32 0 0 36 31 36 3 27 32 20 39 32 31 36
split_gain=64.3406 14.1665 5.71085 4.73871 4.67944 3.86195 3.64365 3.54032 3.37387 2.69473 2.64744 2.58501 2.47655 2.32244 2.18479 2.11389 3.70062 1.8615 1.79556 1.68826 1.78334 1.68551 1.67359 1.78168 1.6105 1.54875 1.53939 1.61512 1.46793 2.11759 1.94858 1.46358 2.70251 1.96844 1.93423 1.46726 1.43862 1.36476 1.35684 1.31844 1.29535 1.59312 1.28163 1.23372 1.23063 1.22362 1.44201 1.19308 1.18646 1.3548 1.1567 1.21454 1.47342 1.15486 1.12236 1.08876 1.08338 1.05175 1.01986 1.34668 0.993093 0.99134
threshold=1.0550000000000004 153.22850000000003 3.5000000000000004 23.850000000000005 21.939606477639373 2.5000000000000004 1.5000000000000002 6788.1000000000013 90.152925015616873 7356.7500000000009 57.276702334831846 1.5000000000000002 155106.92683394777 5935.4000000000005 218579.11404867686 27.956173823152792 485962.46538555197 62.850000000000001 4952.9500000000016 782.50000000000011 1.5000000000000002 5907.5000000000009 20.083239779060747 1.5000000000000002 41.919361746252115 1.276535063846866 13429.200000000003 0.034715702894933927 5.5000000000000009 169458.26361008131 1.0000000180025095e-35 51.483364560203334 81.522049829508688 8881.1500000000015 60.6267441185405 49.167362230532959 5.5000000000000009 16.068598793383167 1.0000000180025095e-35 81406.816109048887 87702.298432998898 29.886339268634462 371429.33555197233 140650.00000000003 0.034715702894933927 12702.500000000002 81.195862075745069 5.5000000000000009 10.500000000000002 428813.06267466937 435483.29008328053 1.5000000000000002 8.5000000000000018 1.0000000180025095e-35 11498.200000000003 50.550000000000004 8.5000000000000018 879.50000000000011 50.195119952064971 1.0000000180025095e-35 1.0000000180025095e-35 6.5000000000000009
decision_type=2 2 2 2 2 2 2 2 2 2 2 2 2 2 2 2 2 2 2 2 2 2 2 2 2 2 2 2 2 2 2 2 2 2 2 2 2 2 2 2 2 2 2 2 2 2 2 2 2 2 2 2 2 2 2 2 2 2 2 2 2 2
left_child=2 13 4 10 37 17 7 14 11 48 40 12 21 47 24 16 -9 26 -14 20 -12 31 23 53 58 -15 27 54 29 30 -7 32 33 34 -6 57 39 -1 -27 -32 41 -4 44 -21 60 46 -24 -2 -8 -50 51 52 -11 -20 -5 -28 -38 -35 59 -3 -39 -53
right_child=1 6 3 5 8 28 9 15 -10 50 19 -13 18 25 -16 -17 -18 -19 22 43 -22 -23 45 -25 -26 38 55 -29 -30 -31 36 -33 -34 35 -36 -37 56 42 -40 -41 -42 -43 -44 -45 -46 -47 -48 -49 49 -51 -52 61 -54 -55 -56 -57 -58 -59 -60 -61 -62 -63
leaf_value=0.0001213099121092734 0.00024492461961396906 -0.0010358085234307764 0.0025542500480726996 0.00096221395098447049 -0.00027650772658484757 -0.00049881391658322639 -0.00106355968247384 -0.0011993388138679811 0.00094878939752748707 -0.00088923064025646392 -0.00043713626210050506 0.0011927310942413871 0.00075663683481101956 0.00042635549421516663 -0.00053338564909641772 -0.00054224424830334164 -2.5987874886906808e-05 -0.00043446357080649187 0.00070551276084995405 0.00077242920393913819 0.00025648306371700764 0.00061526172669857304 0.00010487007418116551 0.00025618907655589941 2.8420139580523777e-05 -0.00015612697835976758 0.00033286164225292776 7.9147404684778228e-06 -0.00034698686447891594 0.0003361176931771005 0.0046896972936680921 -0.00011894022032513934 0.002036995928383026 0.00043331459298305694 0.00022979463385756831 0.00026193292899842142 0.0007024204447673352 0.0034888650340501939 -0.0007192855702976308 0.0017387383223260817 0.00059664938276717038 0.00096549107334313047 0.00024017484842835492 0.00028061702632675484 0.0010301314748868563 0.0005975676690775629 0.00062354591292051228 0.001794938474792826 -0.0029333326776829413 -0.0011611409994146599 0.0001391080763434346 -0.001278596206166946 0.0002906636658181764 0.0020054448228747023 -0.00030664613852254656 0.0016018127800350207 0.0017957055757136166 0.0013882943068206565 -6.7000088525542354e-05 0.00044468130382106156 0.001563576967722874 7.2664143799031745e-05
leaf_weight=4610 27576 9700 1946 7386 30480 1871 35254 31219 21675 5315 12618 8036 33196 10992 51698 171556 8563 20749 3066 21699 34892 18388 74217 6065 54917 265281 24617 360300 5428 44462 488 48956 1982 5378 49497 24365 8371 855 11145 1687 24298 8341 4355 30924 24815 24382 16353 1300 1916 2467 5480 8620 5269 3859 2281 1815 3107 6215 8016 1825 3092 1611
leaf_count=4610 27576 9700 1946 7386 30480 1871 35254 31219 21675 5315 12618 8036 33196 10992 51698 171556 8563 20749 3066 21699 34892 18388 74217 6065 54917 265281 24617 360300 5428 44462 488 48956 1982 5378 49497 24365 8371 855 11145 1687 24298 8341 4355 30924 24815 24382 16353 1300 1916 2467 5480 8620 5269 3859 2281 1815 3107 6215 8016 1825 3092 1611
internal_value=-4.75488e-07 -0.000363271 0.000252756 0.000156409 0.000396468 8.32112e-05 -0.00055969 -0.000493274 0.000343218 -0.00089966 0.000418602 0.000306185 0.000285618 -0.000112743 -0.000283673 -0.000618393 -0.000946777 2.71985e-05 0.000428968 0.000288338 7.22673e-05 0.000160934 0.000343951 0.000881901 -0.000110292 -0.000155688 5.13636e-05 2.50269e-05 0.000440407 0.000511656 0.00101441 0.00011087 0.000206282 0.000174984 3.6838e-05 0.000482246 0.00122179 0.000927332 -0.000178833 0.00240084 0.000795753 0.00126604 0.00103953 0.000483415 0.00116057 0.000283161 0.00019852 0.000314706 -0.00116002 -0.00193584 -0.000507202 -0.000677357 -0.000301848 0.00142991 0.000662817 0.000419996 0.000998364 0.000945279 -0.000500121 -0.000801371 0.00198063 -0.00106582
internal_weight=1.75084e+06 719720 1.03112e+06 617280 413837 482562 403426 337494 376110 65932 134718 354435 346399 316294 126156 211338 39782 417148 161138 100133 47510 185261 127942 12990 74458 287418 396399 369967 65414 59986 15524 166873 117917 115935 79977 35958 13653 37727 276426 2175 34585 10287 33117 52623 28762 114952 90570 28876 39637 4383 26295 20815 10584 6925 9667 26432 11478 11593 19541 11525 3947 10231
internal_count=1750837 719720 1031117 617280 413837 482562 403426 337494 376110 65932 134718 354435 346399 316294 126156 211338 39782 417148 161138 100133 47510 185261 127942 12990 74458 287418 396399 369967 65414 59986 15524 166873 117917 115935 79977 35958 13653 37727 276426 2175 34585 10287 33117 52623 28762 114952 90570 28876 39637 4383 26295 20815 10584 6925 9667 26432 11478 11593 19541 11525 3947 10231
is_linear=0
shrinkage=0.05


Tree=37
num_leaves=63
num_cat=0
split_feature=2 5 7 32 0 5 32 34 34 27 0 36 32 0 32 40 36 34 35 36 36 40 19 34 40 36 32 35 34 35 0 32 0 40 36 32 34 35 36 34 0 34 0 36 20 19 0 38 3 38 0 20 34 0 32 0 40 0 18 34 32 3
split_gain=58.0975 13.3909 6.77028 3.85162 3.14976 3.12498 2.89981 3.46268 3.22927 2.39711 2.01939 2.00404 2.29199 1.97682 1.96674 1.927 1.87344 1.86401 1.79731 1.64593 1.66761 1.63142 1.64314 1.57235 3.21423 1.55326 1.60433 1.93834 2.4705 1.51157 2.73682 2.71743 2.17737 1.87672 1.84731 1.67139 1.49998 1.5313 2.14302 1.45577 1.45023 1.44023 1.42666 1.76471 1.41748 1.34793 2.2418 1.55691 1.31889 1.94391 1.30503 1.30459 1.28304 1.5201 1.45324 1.55912 1.21139 1.19061 1.16797 1.12341 1.88463 1.10854
threshold=0.99500000000000011 166.64000000000001 4.6500000000000012 1.0000000180025095e-35 37542.47462077051 146.49550000000002 2.5000000000000004 3.5000000000000004 2.5000000000000004 39.050000000000004 208522.58761885058 5.5000000000000009 7.5000000000000009 544554.93653857836 1.0000000180025095e-35 29.964738132948892 2.5000000000000004 8.5000000000000018 1.0000000180025095e-35 1.0000000180025095e-35 3.5000000000000004 47.653551176657921 144150.00000000003 6.5000000000000009 53.436445434439285 2.5000000000000004 1.0000000180025095e-35 1.5000000000000002 1.0000000180025095e-35 1.0000000180025095e-35 129047.83522511451 1.0000000180025095e-35 110671.22989529466 36.831461548904706 1.5000000000000002 1.0000000180025095e-35 2.5000000000000004 1.5000000000000002 1.5000000000000002 1.0000000180025095e-35 356972.44373163563 7.5000000000000009 164505.6346513883 5.5000000000000009 757.50000000000011 151650.00000000003 97973.561530960054 57.062655364394935 5450.7000000000007 75.842286874479498 150542.95089770158 844.50000000000011 1.5000000000000002 106302.04883455326 1.5000000000000002 104509.67689563522 57.448293452919096 506700.0283731473 25384.000000000004 1.0000000180025095e-35 5.5000000000000009 5684.7000000000016
decision_type=2 2 2 2 2 2 2 2 2 2 2 2 2 2 2 2 2 2 2 2 2 2 2 2 2 2 2 2 2 2 2 2 2 2 2 2 2 2 2 2 2 2 2 2 2 2 2 2 2 2 2 2 2 2 2 2 2 2 2 2 2 2
left_child=2 5 14 4 -4 25 7 8 16 21 11 12 15 19 45 -5 29 52 23 -8 36 22 44 48 41 26 27 -2 -29 30 -3 32 34 -32 -31 -35 37 38 -21 -34 -40 50 43 -9 -6 51 -47 -48 49 -11 -25 -1 54 -54 -17 -56 -20 -7 -46 -12 -61 -57
right_child=1 6 3 10 9 57 13 42 -10 18 59 -13 -14 -15 -16 17 -18 -19 56 20 -22 -23 -24 24 -26 -27 -28 28 -30 31 33 -33 39 35 -36 -37 -38 -39 40 -41 -42 -43 -44 -45 58 46 47 -49 -50 -51 -52 -53 53 -55 55 61 -58 -59 -60 60 -62 -63
leaf_value=0.0005435137812552079 3.93658833679032e-05 5.4634640768256338e-05 0.0010645631698348596 -0.00015188970655682444 0.00042989969688527 -0.0003077463367257261 -0.00013631758611435513 -0.00035879150703203291 0.00023987460303554831 0.00022938042714228422 0.00038958106724217272 -0.00017840581418001651 0.0015174752901996489 -0.00039751475298472895 0.00083336753526557818 0.00057232642995944864 -0.00030907819605662732 -0.00071261881334269434 1.1974168979021016e-05 0.0014240172322085225 0.00018048846994534145 0.00010494779564475574 0.00029307258239366402 0.0039668087275582485 0.00017232740757995569 -0.0002773550722275749 0.00029401444995697906 -0.0012858586442269586 6.4582114470004519e-05 -0.00123403671332104 -0.0010008091985632946 -0.00043973583443003892 0.00049526365287008896 -0.00028677482007947677 -0.003207033374635359 -0.0015059036643410965 -8.7850203091695036e-06 -0.0029925642957028681 -0.0021991661419610855 -0.00099371116127638655 -0.0011517774764909265 -0.0015775949582797295 -0.0012180154357813973 -0.0025824060698622356 0.0039083929996062495 -4.5214563488532322e-05 0.00015996516042108541 0.00054954897119641264 8.0882081731471908e-05 0.0013885455395527902 0.0016465469125478763 0.0013218500230720218 0.00091367123558894073 0.00026063834923230892 0.0022263649360717529 0.0018929869992833474 -0.00026651184306773187 0.00011114568541723182 0.001144570475789053 -0.00030341676945303393 0.0003518612237520267 0.00074709427039776777
leaf_weight=21142 79967 18766 8602 9358 10532 237823 2565 10633 14745 15421 37878 9271 6247 7896 34557 18093 68341 2586 147477 576 1388 51832 38296 977 6730 41766 51124 6741 6806 2883 22097 31596 1724 29367 2016 3109 1332 2162 6818 34332 6414 233 24573 974 397 27297 34293 101692 252833 4725 1596 7223 12983 28415 3134 2658 53113 18266 10291 22374 21533 10248
leaf_count=21142 79967 18766 8602 9358 10532 237823 2565 10633 14745 15421 37878 9271 6247 7896 34557 18093 68341 2586 147477 576 1388 51832 38296 977 6730 41766 51124 6741 6806 2883 22097 31596 1724 29367 2016 3109 1332 2162 6818 34332 6414 233 24573 974 397 27297 34293 101692 252833 4725 1596 7223 12983 28415 3134 2658 53113 18266 10291 22374 21533 10248
internal_value=-4.51713e-07 -0.000338344 0.000245061 0.000175833 0.000114638 -0.000164505 -0.000599712 -0.000547673 -0.00047585 0.000100892 0.000375556 0.000522851 0.000592219 -0.00107306 0.00048617 0.000526143 -0.000525111 0.000607367 5.26886e-05 -0.00132402 -0.00148701 0.00031003 0.000488635 0.000133952 0.000765063 -8.76201e-06 6.87975e-05 -5.43283e-05 -0.000607398 -0.00062631 -0.000466235 -0.000788125 -0.0010569 -0.000645346 -0.00204595 -0.000403485 -0.00162078 -0.00175524 -0.0015615 -0.000922517 -0.00169146 0.0021867 -0.00100223 -0.000545386 0.00084157 0.000423565 0.000368297 0.000451303 0.000111905 0.000501249 0.00252758 0.000741713 0.00065256 0.000465439 0.00087951 0.00122601 -6.17644e-05 -0.000277868 0.00124723 0.000190066 1.79466e-05 0.000983092
internal_weight=1.75084e+06 736800 1.01404e+06 787833 603055 442493 294307 265156 228976 594453 184778 102993 93722 29151 226204 87475 214231 78117 483105 21255 18690 111348 59516 282515 9536 186404 144638 93514 13547 145890 73339 72551 40955 54573 4899 32476 17302 15970 13808 36056 13232 2806 36180 11607 21220 191647 163282 135985 272979 20146 2573 28365 75531 41398 34133 16040 200590 256089 10688 81785 43907 12906
internal_count=1750837 736800 1014037 787833 603055 442493 294307 265156 228976 594453 184778 102993 93722 29151 226204 87475 214231 78117 483105 21255 18690 111348 59516 282515 9536 186404 144638 93514 13547 145890 73339 72551 40955 54573 4899 32476 17302 15970 13808 36056 13232 2806 36180 11607 21220 191647 163282 135985 272979 20146 2573 28365 75531 41398 34133 16040 200590 256089 10688 81785 43907 12906
is_linear=0
shrinkage=0.05


Tree=38
num_leaves=63
num_cat=0
split_feature=2 5 7 5 32 32 0 0 18 37 38 0 0 35 35 31 35 32 3 7 32 0 35 10 7 18 31 31 0 31 0 38 31 6 30 0 19 31 20 16 35 0 35 18 37 32 0 29 31 35 0 27 35 31 0 35 6 35 6 3 32 3
split_gain=52.433 12.1942 6.25311 3.41053 3.17705 2.4212 2.26201 2.00581 1.86616 2.00745 1.84804 1.55551 1.41119 2.01247 1.87763 2.19136 2.40471 1.36816 1.33596 1.32901 1.32457 1.27624 1.26669 1.82647 1.25957 1.18708 1.24604 1.30061 1.1422 1.13593 1.09443 1.09749 1.05011 1.03989 1.03277 1.9567 1.85161 1.57177 1.13925 1.02474 0.995744 1.36162 1.21665 0.986758 0.983872 0.953146 0.941452 0.934387 0.931318 0.929901 0.929222 0.925576 0.911463 1.46018 0.8832 1.57528 1.8488 1.48644 2.46093 1.27406 2.61995 0.936758
threshold=0.99500000000000011 171.49700000000004 5.0500000000000007 146.49550000000002 1.0000000180025095e-35 2.5000000000000004 29672.543611481178 242016.05525049136 80283.000000000015 1.0000000180025095e-35 21.696196516602267 725982.77787470294 186191.32801910499 2.5000000000000004 1.0000000180025095e-35 5.5000000000000009 1.5000000000000002 13.500000000000002 5886.9500000000007 9.3500000000000032 1.0000000180025095e-35 664582.16473218438 1.0000000180025095e-35 -0.96500000000000019 8.9000000000000021 89802.500000000015 9.5000000000000018 13.500000000000002 87702.298432998898 5.5000000000000009 72682.876690625286 49.179254763712414 7.5000000000000009 182.30000000000004 0.00061406681362910921 196634.48910750871 94550.000000000015 1.5000000000000002 704.50000000000011 -0.68999999999999961 1.0000000180025095e-35 135787.14631137656 2.5000000000000004 25384.000000000004 1.0000000180025095e-35 5.5000000000000009 75933.858739744828 49.370324889320287 10.500000000000002 1.0000000180025095e-35 147073.03798303279 35.95000000000001 1.5000000000000002 3.5000000000000004 205719.46855074697 2.5000000000000004 193.40000000000001 1.0000000180025095e-35 193.40000000000001 7923.6500000000005 1.5000000000000002 8454.2500000000018
decision_type=2 2 2 2 2 2 2 2 2 2 2 2 2 2 2 2 2 2 2 2 2 2 2 2 2 2 2 2 2 2 2 2 2 2 2 2 2 2 2 2 2 2 2 2 2 2 2 2 2 2 2 2 2 2 2 2 2 2 2 2 2 2
left_child=2 3 8 18 6 12 -4 17 9 20 43 -7 13 14 33 30 -17 24 45 25 34 39 23 -22 40 26 49 44 -24 50 31 -16 -11 -3 36 47 38 -37 -1 46 41 -6 -42 -8 -28 -2 -5 -36 -14 -12 -26 -51 -32 -54 55 57 -57 58 -41 60 -56 -59
right_child=1 5 4 21 7 11 10 -9 -10 32 19 -13 48 -15 15 16 -18 -19 -20 -21 22 -23 28 -25 29 -27 27 -29 -30 -31 52 -33 -34 -35 35 37 -38 -39 -40 54 42 -43 -44 -45 -46 -47 -48 -49 -50 51 -52 -53 53 -55 59 56 -58 61 -60 -61 -62 -63
leaf_value=0.0004790142087683064 0.00028967385333897782 -0.00048873466218970064 0.0012692174288755551 -0.0011782061871315555 0.00064207516818437201 -0.0012415230220687988 0.0033288975090705816 8.8428294286627593e-05 0.00010412101606391179 -0.00088092315987315761 0.00017594500348804234 -7.0114531028619989e-05 -0.00064182410270332462 0.00039084232915344178 -0.0033593610465676191 -0.00078878868036254355 0.00037207336725163617 0.0013689946818144783 -5.6782522310478782e-05 -0.00036257980386027259 -0.0010774645197096668 0.00025476095036949337 -7.1817507445371957e-05 0.00058082580578119078 0.0021120462780777733 -0.00030180136272726753 -0.0002847896963485812 0.00033007781875630257 0.001133624010322503 -0.00014611893153141352 -0.00078976480467963898 -0.00079341543465925998 0.00030075147758910534 -5.3047859312751187e-05 0.00088773038012295328 0.00082701969409183925 0.00050551756770075178 0.00032987130908240445 0.0019784916774141063 -0.00038550667922010321 0.00084026132485084156 0.00012497825966599794 -0.00043436886582888247 0.00044435167776152307 0.00058180963380323198 0.0018989873270383048 -0.00040817389203739291 0.00024176789676471795 -0.001362570404366542 0.00047874171783230123 0.00023086859651196622 -3.7079493820880728e-05 -0.00015585821269799757 -0.0021655136418718599 -0.00036807908314986254 -0.00020581720727999781 0.0013103699314188843 -0.00058269645354096504 0.00022947964564907727 -0.00015009534693236298 -0.0013609398659866106 -0.00012452461964485343
leaf_weight=1916 20636 30445 3929 4174 25164 20881 300 53602 48300 4298 226699 3279 118628 7166 1043 12675 6884 4038 164805 19493 1743 10751 2213 35069 1075 21612 50166 12949 17544 14039 12177 694 3342 24894 5819 34152 41259 29746 3738 29553 26405 25766 2015 25269 3504 963 80962 147571 4658 9442 1686 110174 1242 3320 38507 4187 3868 30169 36184 38323 8030 17702
leaf_count=1916 20636 30445 3929 4174 25164 20881 300 53602 48300 4298 226699 3279 118628 7166 1043 12675 6884 4038 164805 19493 1743 10751 2213 35069 1075 21612 50166 12949 17544 14039 12177 694 3342 24894 5819 34152 41259 29746 3738 29553 26405 25766 2015 25269 3504 963 80962 147571 4658 9442 1686 110174 1242 3320 38507 4187 3868 30169 36184 38323 8030 17702
internal_value=-4.29128e-07 -0.000321427 0.000232808 -0.000176545 0.00013735 -0.000607009 7.43918e-05 0.000335298 0.000394306 0.000436985 6.46036e-05 -0.00108254 -0.00055568 -0.000416654 -0.000478625 -0.000749074 -0.000380211 0.000467377 -8.3239e-06 4.13124e-05 0.000456063 -0.000280235 0.000675641 0.000502308 0.000429512 5.94303e-05 7.83363e-05 -0.000119694 0.000998601 3.62102e-05 -0.00113956 -0.00233416 -0.000364018 -0.000292743 0.000409048 0.000363114 0.000621801 0.000595586 0.00147036 -0.000299956 0.000512782 0.000380471 0.000749889 0.000478196 -0.000228211 0.000361426 -0.000445927 0.000266273 -0.000669055 0.000116431 0.000963308 3.63733e-06 -0.0010156 -0.00161839 -0.000239782 -0.000153427 0.000522254 -0.000201333 -4.69962e-05 -0.000363588 -0.000539398 -0.000413271
internal_weight=1.75084e+06 736800 1.01404e+06 488814 637327 247986 483537 153790 376710 328410 479608 24160 223826 100540 93374 38035 19559 100188 186404 454039 320770 302410 56569 36812 96150 434546 412934 66619 19757 16800 18476 1737 7640 55339 264201 217288 46913 63898 5654 291659 79350 50930 28420 25569 53670 21599 85136 153390 123286 346315 2761 119616 16739 4562 206523 121663 8055 113608 65737 84860 46537 47871
internal_count=1750837 736800 1014037 488814 637327 247986 483537 153790 376710 328410 479608 24160 223826 100540 93374 38035 19559 100188 186404 454039 320770 302410 56569 36812 96150 434546 412934 66619 19757 16800 18476 1737 7640 55339 264201 217288 46913 63898 5654 291659 79350 50930 28420 25569 53670 21599 85136 153390 123286 346315 2761 119616 16739 4562 206523 121663 8055 113608 65737 84860 46537 47871
is_linear=0
shrinkage=0.05


Tree=39
num_leaves=63
num_cat=0
split_feature=2 5 7 32 7 0 27 34 3 32 0 36 40 34 32 32 34 32 0 36 34 35 40 34 34 40 19 31 3 3 0 0 34 36 32 36 19 0 38 36 3 34 35 3 0 36 36 35 3 34 31 34 36 35 38 40 34 32 35 0 31 36
split_gain=47.3208 11.0552 5.68836 3.12493 3.02667 2.64108 2.01173 1.93646 1.7972 1.71648 1.68412 1.72482 2.00312 2.10854 1.91139 1.67408 1.60388 2.06427 2.00301 1.58572 1.57826 1.48977 1.4501 1.44514 2.95146 2.30926 1.42943 1.36246 1.49521 1.33469 1.26842 1.23973 1.21271 1.34648 1.1974 1.30829 1.18674 1.96249 1.3774 1.17423 2.40219 1.64283 1.26839 1.1536 1.84141 1.12578 1.12147 1.12081 3.24464 2.27915 3.26658 2.03778 1.08522 1.07713 1.0682 1.38569 1.05589 1.73279 1.04808 1.60174 1.04014 1.01388
threshold=0.99500000000000011 153.22850000000003 4.6500000000000012 1.0000000180025095e-35 4.6500000000000012 37542.47462077051 39.050000000000004 4.5000000000000009 5935.4000000000005 2.5000000000000004 200451.26106431909 5.5000000000000009 29.964738132948892 1.5000000000000002 2.5000000000000004 1.0000000180025095e-35 3.5000000000000004 2.5000000000000004 530784.53092997277 1.5000000000000002 2.5000000000000004 1.0000000180025095e-35 47.653551176657921 6.5000000000000009 7.5000000000000009 74.189245718843068 144150.00000000003 5.5000000000000009 7767.5500000000002 6559.9000000000005 83953.782281618463 178486.22247605529 1.0000000180025095e-35 2.5000000000000004 1.0000000180025095e-35 3.5000000000000004 151650.00000000003 97973.561530960054 57.062655364394935 1.5000000000000002 7500.7000000000007 4.5000000000000009 1.0000000180025095e-35 5450.7000000000007 167427.92229372734 1.0000000180025095e-35 3.5000000000000004 1.0000000180025095e-35 8246.8500000000022 1.0000000180025095e-35 2.5000000000000004 1.0000000180025095e-35 1.5000000000000002 4.5000000000000009 41.336055781116251 16.538985603386305 1.0000000180025095e-35 5.5000000000000009 1.0000000180025095e-35 435483.29008328053 7.5000000000000009 1.0000000180025095e-35
decision_type=2 2 2 2 2 2 2 2 2 2 2 2 2 2 2 2 2 2 2 2 2 2 2 2 2 2 2 2 2 2 2 2 2 2 2 2 2 2 2 2 2 2 2 2 2 2 2 2 2 2 2 2 2 2 2 2 2 2 2 2 2 2
left_child=2 8 15 5 7 54 22 9 -2 60 11 12 -5 14 45 36 17 20 27 -15 29 23 26 43 25 31 -7 -19 -29 46 -16 -25 -31 58 47 -36 52 -38 -39 40 42 -42 -18 44 -8 -14 -6 48 51 50 -49 -10 -1 -23 55 -4 -12 -58 -34 -60 -3 -11
right_child=1 4 3 10 16 6 21 -9 34 61 56 -13 13 19 30 -17 39 18 -20 -21 -22 53 -24 24 -26 -27 -28 28 -30 32 -32 -33 33 -35 35 -37 37 38 -40 -41 41 -43 -44 -45 -46 -47 -48 49 -50 -51 -52 -53 -54 -55 -56 -57 57 -59 59 -61 -62 -63
leaf_value=0.00035785455129230711 0.00028468755757075481 -0.00065756164213297361 -3.1050074328123039e-05 -0.00016006301292115571 -0.00021720662817839478 0.00077916619880221143 7.5150882715136456e-05 -0.0014571009619430725 -3.3712589019062581e-05 0.00032792768434782395 0.00036497660197241401 -0.00017822964130266212 0.00097666689513524799 0.00016311866620193462 0.002774624352418736 0.00076249872684333933 0.00018006000777988284 0.0011047565620123684 -5.8942437001288196e-05 0.00079535616082649697 0.00021279833708998639 -7.856902491361334e-05 8.8244067023484965e-05 0.0028758249577046481 -0.00032595066565325228 -0.00058233064660181131 0.00026757997340911763 -0.0013337476532833082 -0.00022882106916570331 0.00032574213954144276 0.001204495621577242 0.001208502822243886 -0.00040622941820153024 -0.00025452524414590702 6.6497264562838146e-05 -0.00045909102116682086 -5.4339749122664796e-05 0.00013619062949228917 0.00050262761153027505 -0.0010953283315602454 -0.0010676866883854994 0.00070662033673861749 -0.00098452329370544945 6.967959080224283e-05 0.0010522595110375522 0.00029030742226318363 0.00051001664187419395 -0.00034065450984651301 -0.0003475297005113899 -0.00016194061338879257 -0.001530195003074962 0.00063278031674508448 0.00097716346470600878 0.00060582407268697539 0.00047315012868725815 0.0021506014966429332 -0.00028030788644505195 0.00033314485822678885 -0.00091192267114328777 -0.00022962425292240857 -0.00017583251473307607 -0.0014456313168803611
leaf_weight=13476 28876 69697 977 9080 58979 21220 12153 8158 33639 887 39480 9098 11767 28134 1438 34557 2750 719 7213 15317 13542 194666 51832 2041 3929 1109 38296 15281 3829 5256 12191 2457 51341 57236 97635 13474 27297 34293 101692 12811 1725 5353 15607 252833 7993 12136 5825 17767 60624 55410 8548 17401 14889 5924 4771 2854 24098 22039 33486 11575 13352 8804
leaf_count=13476 28876 69697 977 9080 58979 21220 12153 8158 33639 887 39480 9098 11767 28134 1438 34557 2750 719 7213 15317 13542 194666 51832 2041 3929 1109 38296 15281 3829 5256 12191 2457 51341 57236 97635 13474 27297 34293 101692 12811 1725 5353 15607 252833 7993 12136 5825 17767 60624 55410 8548 17401 14889 5924 4771 2854 24098 22039 33486 11575 13352 8804
internal_value=-4.07672e-07 -0.000305355 0.000221168 0.000157712 -0.000481416 0.000102591 9.00036e-05 -0.00071856 -9.22988e-05 -0.000653593 0.00033761 0.000477872 0.00054415 0.000623108 0.000897621 0.000442173 -0.000402325 -0.000358529 -0.000772428 0.00038599 -0.00031135 4.58449e-05 0.000281595 0.00011983 0.000724873 0.00146122 0.000449982 -0.00103196 -0.00111236 -0.000343081 0.00137016 0.00196506 -0.000421077 -0.000446626 -0.000128049 2.76006e-06 0.000384414 0.000332555 0.000410219 -0.000704956 -0.000508335 0.000274199 -0.000810061 9.86937e-05 0.000462822 0.000628189 -0.000151839 -0.000203204 -0.000100226 -0.000343905 -0.000727057 0.000193514 0.000682934 -5.83569e-05 0.000972434 0.00159423 0.000175159 1.27299e-05 -0.000560681 -0.000736658 -0.000580113 -0.0012833
internal_weight=1.75084e+06 736800 1.01404e+06 787833 403426 603055 594453 100898 333374 92740 184778 99161 90063 80983 37532 226204 302528 264282 27042 43451 237240 483105 111348 282515 9536 5607 59516 19829 19110 223698 13629 4498 158894 153638 304498 111109 191647 163282 135985 38246 25435 7078 18357 272979 20146 23903 64804 193389 111664 81725 26315 51040 28365 200590 8602 3831 85617 46137 96402 45061 83049 9691
internal_count=1750837 736800 1014037 787833 403426 603055 594453 100898 333374 92740 184778 99161 90063 80983 37532 226204 302528 264282 27042 43451 237240 483105 111348 282515 9536 5607 59516 19829 19110 223698 13629 4498 158894 153638 304498 111109 191647 163282 135985 38246 25435 7078 18357 272979 20146 23903 64804 193389 111664 81725 26315 51040 28365 200590 8602 3831 85617 46137 96402 45061 83049 9691
is_linear=0
shrinkage=0.05


Tree=40
num_leaves=63
num_cat=0
split_feature=2 5 34 0 28 0 36 32 6 6 39 35 32 34 40 5 32 29 36 0 39 0 39 0 0 0 39 4 35 40 32 37 32 39 19 39 5 34 34 0 33 34 40 36 4 0 35 35 36 33 34 28 0 35 40 35 35 35 20 0 36 33
split_gain=42.722 9.87446 4.75484 3.33677 2.70068 2.56645 2.72585 2.55856 2.71157 2.45218 2.31944 2.17391 2.97989 2.75279 2.71501 2.10557 2.06744 2.02497 2.00867 1.9176 1.83546 3.40109 1.80354 1.75849 1.70117 1.60671 1.5882 1.76328 3.97316 1.59965 1.72408 1.54027 1.51059 1.49959 1.48479 1.42616 1.39714 1.38288 1.35617 1.35436 1.45307 1.27901 1.26044 1.24843 1.27204 1.19292 1.28025 2.09527 1.22459 1.18973 1.3431 1.17527 1.16904 1.79254 1.63847 1.16772 1.13319 1.13217 1.18723 1.12856 1.28467 1.21557
threshold=0.99500000000000011 151.42200000000003 1.0000000180025095e-35 78743.007081441698 14.950000000000001 95047.939531454831 1.5000000000000002 1.5000000000000002 193.15000000000001 171.50000000000003 33.17543772501211 1.0000000180025095e-35 1.0000000180025095e-35 3.5000000000000004 47.384482315563538 187.62900000000002 6.5000000000000009 68.435343020941957 1.5000000000000002 337086.50150764076 27.956173823152792 422019.21171835641 1.276535063846866 371429.33555197233 316382.58273029089 181646.80488837484 83.215562287844861 5.455000000000001 1.0000000180025095e-35 9.0751476597276994 1.0000000180025095e-35 1.0000000180025095e-35 1.5000000000000002 5.9916134466728304 180650.00000000003 5.0019251923815231 131.30950000000004 3.5000000000000004 1.5000000000000002 169458.26361008131 1.0000000180025095e-35 1.5000000000000002 48.21810653892878 6.5000000000000009 3.6200000000000006 110671.22989529466 1.5000000000000002 2.5000000000000004 1.0000000180025095e-35 1.0000000180025095e-35 1.0000000180025095e-35 27.550000000000004 155106.92683394777 1.0000000180025095e-35 23.491161755543985 5.5000000000000009 1.5000000000000002 2.5000000000000004 680.50000000000011 766091.3617223046 2.5000000000000004 1.0000000180025095e-35
decision_type=2 2 2 2 2 2 2 2 2 2 2 2 2 2 2 2 2 2 2 2 2 2 2 2 2 2 2 2 2 2 2 2 2 2 2 2 2 2 2 2 2 2 2 2 2 2 2 2 2 2 2 2 2 2 2 2 2 2 2 2 2 2
left_child=2 22 4 -4 -1 17 10 8 20 -9 24 19 14 25 45 16 35 -6 -17 -10 21 38 -2 -18 33 -14 27 29 -29 -12 52 36 -19 -7 -8 51 -24 -22 49 40 57 -42 -40 44 -41 56 -47 48 -48 50 -3 -5 -31 54 -54 -52 -13 58 -37 60 61 -11
right_child=1 7 3 15 5 6 34 9 11 59 26 12 13 -15 -16 18 23 32 -20 -21 37 -23 31 -25 -26 -27 -28 28 -30 30 -32 -33 -34 -35 -36 39 -38 -39 42 43 41 -43 -44 -45 -46 46 47 -49 -50 -51 55 -53 53 -55 -56 -57 -58 -59 -60 -61 -62 -63
leaf_value=0.00075651805311575406 0.00051716819347053336 0.0007085490257280571 0.00053007200166419681 0.00063431800491579686 0.0010143593732969565 0.0015944095314683005 0.00029241888051792189 -0.00033699699485266379 8.721415352191657e-05 -0.0011832130096024482 0.0016119225430587089 -0.0015523915733417571 0.00066505139178932662 -0.0011945801418522307 -0.00023557892394230774 7.581945721974137e-05 0.00084527188516034441 -0.0001478953360689287 0.00074052586691480873 -0.00071232107276025271 -0.00038750518617737897 -9.6402377751608791e-05 0.00026611797505839482 4.6416604032255411e-05 0.00032571839870438701 -0.00013969913974971226 0.00068848641000747576 0.000338931107774155 0.0014542675807495348 -0.00017048486128145476 0.00050071235820770455 -0.00065045501077687514 0.0017610450487619219 0.00077000144629526678 -0.00020474517843950625 -0.00020617411099659472 -0.0001141763974185337 -0.00085167384301114847 -0.0012912225402627339 -0.00011099036931727753 9.646803174561487e-05 -0.00049120451070323249 -7.558876682172913e-05 0.00031547115901906007 0.00076444484787866005 -0.0004627174116986054 -0.0007903892915937516 -0.00073125639727706629 -0.0027657503206005665 -0.00027214723218139708 -0.0016394297965440252 -0.00017655252980422576 0.0011560835995369787 -0.00024499247312952718 0.00024805878217634664 0.0013608488634489324 -0.0041431320478739339 -0.00062319301790990757 0.00023422307984042481 -0.00010319657367705328 -2.4235167183304002e-05 9.9155922078771771e-05
leaf_weight=36053 12202 668 46371 16923 4382 7103 31363 25214 57955 34671 1958 2970 9344 4560 17495 22288 15048 48435 23192 8614 153757 11682 26558 12705 16282 18447 30707 45751 9673 33697 29942 12318 1059 24689 28816 16995 266516 17916 3719 226261 20132 17142 4998 20150 4227 8639 1094 6359 2774 2277 16035 6072 5766 16281 35897 331 492 4386 153737 3545 2915 1952
leaf_count=36053 12202 668 46371 16923 4382 7103 31363 25214 57955 34671 1958 2970 9344 4560 17495 22288 15048 48435 23192 8614 153757 11682 26558 12705 16282 18447 30707 45751 9673 33697 29942 12318 1059 24689 28816 16995 266516 17916 3719 226261 20132 17142 4998 20150 4227 8639 1094 6359 2774 2277 16035 6072 5766 16281 35897 331 492 4386 153737 3545 2915 1952
internal_value=8.07388e-07 -0.000289129 0.000211367 0.000122492 0.000343338 0.000303273 0.00035735 -0.000448685 -0.000394077 -0.000728629 0.000428094 -0.000222327 -0.000412405 -5.59511e-05 -0.000701977 8.86973e-05 5.98323e-05 -1.58408e-05 0.000414779 -1.62454e-05 -0.000506807 -0.00081315 -7.89187e-05 0.000479565 0.000741336 0.000130877 0.000356273 0.000299271 0.000533588 0.00019415 0.000171318 -0.000102735 -0.000107051 0.000954192 5.43578e-05 3.58647e-05 -7.97146e-05 -0.000435946 -0.00111189 1.67778e-05 0.000109672 -0.000173798 -0.000594224 -6.19409e-05 -9.49355e-05 -0.00106742 -0.000910864 -0.00128942 -0.00220705 -0.00134556 -0.00148905 0.000420202 6.36941e-05 0.00019988 0.000373726 -0.00157875 -0.00192057 0.000170008 0.000190385 -0.000957828 -0.00103445 -0.00111486
internal_weight=1.7495e+06 736017 1.01348e+06 605629 407854 371801 317925 418423 350126 68297 257746 138743 72174 32351 39823 559258 513778 53876 45480 66569 211383 39710 317594 27753 48074 27791 209672 178965 55424 123541 121583 305392 49494 31792 60179 486025 293074 171673 28028 463030 212392 37274 8717 250638 230488 22328 18866 10227 3868 19311 17034 22995 91641 57944 41663 16366 3462 175118 170732 43083 39538 36623
internal_count=1749500 736017 1013483 605629 407854 371801 317925 418423 350126 68297 257746 138743 72174 32351 39823 559258 513778 53876 45480 66569 211383 39710 317594 27753 48074 27791 209672 178965 55424 123541 121583 305392 49494 31792 60179 486025 293074 171673 28028 463030 212392 37274 8717 250638 230488 22328 18866 10227 3868 19311 17034 22995 91641 57944 41663 16366 3462 175118 170732 43083 39538 36623
is_linear=0
shrinkage=0.05


Tree=41
num_leaves=63
num_cat=0
split_feature=2 5 7 39 5 28 34 32 32 0 39 39 40 0 39 34 33 33 34 37 39 28 37 0 34 36 39 0 31 36 0 36 35 36 35 39 32 35 39 36 0 31 20 0 3 38 0 39 0 0 3 3 31 36 0 34 38 35 36 36 19 19
split_gain=38.5566 8.95384 4.97573 4.28463 2.55869 2.35462 2.29402 2.22622 2.0151 1.84817 1.70998 1.6687 1.64639 1.58693 1.56398 1.54873 2.08529 2.08155 1.63439 1.54157 1.64045 1.93231 1.51018 1.71868 1.47947 1.62377 1.48449 1.41785 1.82786 1.71291 1.40111 1.76855 1.7293 1.49709 1.25778 2.19314 1.25351 1.76083 1.20283 1.38059 1.20216 1.19675 1.87913 1.30739 1.47463 1.6156 1.18662 1.71491 1.87084 1.82263 1.41364 1.18263 1.17912 1.1676 1.73593 1.15398 1.45969 1.2571 1.14927 1.14598 1.12441 1.04073
threshold=0.99500000000000011 171.49700000000004 5.1500000000000012 6.706875893061869 147.54450000000003 47.45000000000001 4.5000000000000009 2.5000000000000004 1.0000000180025095e-35 205719.46855074697 90.810514536099177 49.762627038799089 29.964738132948892 270046.64594997634 1.276535063846866 1.5000000000000002 1.5000000000000002 1.5000000000000002 3.5000000000000004 1.0000000180025095e-35 30.13874813186472 26.350000000000005 1.0000000180025095e-35 47346.623621168306 8.5000000000000018 5.5000000000000009 51.091210377692256 169458.26361008131 9.5000000000000018 1.0000000180025095e-35 693553.75310514367 1.0000000180025095e-35 1.5000000000000002 1.5000000000000002 1.5000000000000002 29.274586165199491 1.0000000180025095e-35 1.5000000000000002 80.358953918818642 2.5000000000000004 61630.301608201342 1.0000000180025095e-35 785.50000000000011 276924.72313299251 12199.550000000001 62.108222030497011 544554.93653857836 45.678875026794863 152337.20820497614 71055.95245073516 7637.0000000000009 8942.4000000000015 1.0000000180025095e-35 3.5000000000000004 387356.35459632846 1.0000000180025095e-35 49.426738681700776 2.5000000000000004 2.5000000000000004 1.5000000000000002 104350.00000000001 261850.00000000003
decision_type=2 2 2 2 2 2 2 2 2 2 2 2 2 2 2 2 2 2 2 2 2 2 2 2 2 2 2 2 2 2 2 2 2 2 2 2 2 2 2 2 2 2 2 2 2 2 2 2 2 2 2 2 2 2 2 2 2 2 2 2 2 2
left_child=2 4 5 52 14 10 7 11 15 12 19 40 -10 -13 -2 17 18 22 -17 20 21 -1 23 51 25 26 -14 28 29 -20 31 -9 33 -33 35 -31 37 -8 39 55 -3 43 59 44 45 -22 47 49 50 -6 -49 -5 -4 54 -35 56 57 -16 -21 -43 -44 -25
right_child=1 6 3 8 46 -7 36 30 9 -11 -12 13 24 -15 38 16 -18 -19 27 58 41 -23 -24 61 -26 -27 -28 -29 -30 34 -32 32 -34 53 -36 -37 -38 -39 -40 -41 -42 42 60 -45 -46 -47 -48 48 -50 -51 -52 -53 -54 -55 -56 -57 -58 -59 -60 -61 -62 -63
leaf_value=0.00081288049449341712 0.00067704297310380857 -0.0014640607818659527 0.0023948248877159509 -0.00049586559255776876 -0.0011375002897906202 -4.8520716464353668e-06 -0.0010283995784665467 0.00031332424363110295 -0.0002957290638632992 1.9201004010927998e-05 0.00081412356333188563 -0.00016894892934968638 0.00093869405652948737 -0.00060905231399933609 -0.00054784035411170899 -0.00020101972182184877 -0.00056340925350907914 0.0007103127198206349 -0.00071204289715554308 -0.00083948473280154854 -0.00061216620840032828 0.00011807578564577405 -0.00053467542218123092 9.1948853051064135e-05 -0.00072077035302021671 -0.00023325395056931868 0.00042390381639256005 -1.0467827033467724e-05 -0.00023431642193112151 0.0025409940637771498 -3.8928712990669594e-05 0.0015601076699818558 -0.0026758928649765119 -0.0019278544897673488 -0.00067340390828291193 0.00076163859720120367 -0.0013248331144012418 0.00057232902699626438 0.00023998616935374801 -0.00036332664483364332 -0.00053578117937721191 -0.00011831036979984592 0.0010577650775690276 0.00089196355783418332 0.00086438636498274712 0.00011066382978849048 0.00015022070404530142 0.0003460382163599379 -0.00030621153226902039 -0.00037025104112681776 -0.0001412346640590713 0.0011377731151115745 0.0005894967078177017 0.0002879780625274287 -0.00080357819482414325 0.00017106437522104506 3.0407463548786096e-05 0.00045366767952994912 0.00037382669837149492 0.00034028569079396566 0.00043325699779331534 -0.00047072138047474357
leaf_weight=37712 7861 3623 928 1353 8431 44816 5502 1973 7788 54284 21291 78582 20517 27704 24965 72753 20464 13379 1901 4672 9435 13621 9913 219345 2525 6649 44116 60004 7235 2002 3652 515 1934 6277 1212 12828 12933 2498 31592 37492 93420 25858 7562 5144 5182 42788 17669 23613 101955 94502 40267 6114 35644 1241 7579 49246 47408 3583 3352 28789 153769 8538
leaf_count=37712 7861 3623 928 1353 8431 44816 5502 1973 7788 54284 21291 78582 20517 27704 24965 72753 20464 13379 1901 4672 9435 13621 9913 219345 2525 6649 44116 60004 7235 2002 3652 515 1934 6277 1212 12828 12933 2498 31592 37492 93420 25858 7562 5144 5182 42788 17669 23613 101955 94502 40267 6114 35644 1241 7579 49246 47408 3583 3352 28789 153769 8538
internal_value=7.67019e-07 -0.000274673 0.000200798 0.000110601 -0.000150568 0.000336876 -0.000519732 -0.000473449 7.71072e-05 0.00024528 0.000379516 -0.000420533 0.000395688 -0.000283664 -1.43634e-05 2.4821e-05 -8.85104e-05 0.000102992 -2.69767e-05 0.00035213 0.000368787 0.000628517 6.98626e-05 9.53259e-05 0.000468645 0.000510777 0.000587318 0.000121671 0.000436585 0.000707106 -0.000937801 -0.00110598 -0.00126558 -0.00109087 0.000875278 0.00100185 -0.00102052 -0.000528572 -4.23384e-05 -9.71603e-05 -0.000570438 0.000320918 0.000376694 0.000128328 5.98998e-05 -1.99281e-05 -0.000246691 -0.000272784 -0.00017328 -0.000433095 3.88839e-05 0.000841762 0.000635306 -0.0011813 -0.00131289 -1.74562e-05 -0.000139683 -0.000422143 -0.000332628 0.000123286 0.000462529 7.08675e-05
internal_weight=1.7495e+06 736017 1.01348e+06 609492 488584 403991 247433 226500 572920 135879 359175 203329 81595 106286 202147 437041 178399 258642 157935 337884 329860 51333 245263 235350 73807 71282 64633 85182 25178 17943 23171 19519 17546 15612 16042 14830 20933 8000 194286 162694 97043 278527 215978 62549 57405 52223 286437 268768 165835 102933 63880 7467 36572 15097 13856 125202 75956 28548 8024 54647 161331 227883
internal_count=1749500 736017 1013483 609492 488584 403991 247433 226500 572920 135879 359175 203329 81595 106286 202147 437041 178399 258642 157935 337884 329860 51333 245263 235350 73807 71282 64633 85182 25178 17943 23171 19519 17546 15612 16042 14830 20933 8000 194286 162694 97043 278527 215978 62549 57405 52223 286437 268768 165835 102933 63880 7467 36572 15097 13856 125202 75956 28548 8024 54647 161331 227883
is_linear=0
shrinkage=0.05


Tree=42
num_leaves=63
num_cat=0
split_feature=2 5 7 39 7 0 0 7 39 39 39 34 36 36 35 35 0 0 36 39 31 37 0 3 36 39 3 38 37 31 39 0 30 36 19 36 0 39 35 3 31 39 0 31 31 34 6 31 40 6 40 34 7 3 20 38 39 0 0 40 37 31
split_gain=34.7973 8.17708 4.53843 3.43294 2.60935 2.53555 1.95239 2.02972 1.7383 1.95583 1.72949 1.54725 1.50708 1.38219 1.34847 2.39267 2.14727 1.36763 1.29393 1.29178 1.19537 1.3175 1.16501 1.87089 1.37822 1.21708 1.15352 1.0856 1.01057 1.00126 2.34933 1.34754 1.09864 1.17358 1.11624 0.9804 0.970328 0.934306 0.938803 0.924463 0.924306 0.915208 1.73015 0.941796 0.907144 0.965098 0.900033 0.896857 1.05934 0.891647 0.884893 0.868493 0.857568 0.854825 0.83963 0.838403 0.824566 1.01827 0.837954 0.810637 0.769356 0.879806
threshold=0.99500000000000011 151.42200000000003 4.7500000000000009 17.840208894762803 4.6500000000000012 257231.75715419548 371429.33555197233 8.4000000000000021 90.810514536099177 43.966045737443913 86.351803166888047 4.5000000000000009 2.5000000000000004 2.5000000000000004 1.0000000180025095e-35 2.5000000000000004 207108.62264950093 72682.876690625286 7.5000000000000009 2.2035989705344035 12.500000000000002 1.0000000180025095e-35 205719.46855074697 6872.7000000000016 2.5000000000000004 44.490135280568389 11761.400000000003 32.39409019925489 1.0000000180025095e-35 1.0000000180025095e-35 15.056511221488929 276924.72313299251 0.00082864811268853783 1.5000000000000002 84350.000000000015 1.5000000000000002 530784.53092997277 0.034715702894933927 1.0000000180025095e-35 5886.9500000000007 10.500000000000002 59.244860949037879 279387.37777810689 21.500000000000004 14.500000000000002 1.0000000180025095e-35 186.80000000000004 5.5000000000000009 47.937287743823127 183.50000000000003 48.978438383378247 1.0000000180025095e-35 3.9500000000000006 12271.100000000002 689.50000000000011 45.40624229378767 27.956173823152792 228077.81581914195 544554.93653857836 13.650360436562446 1.0000000180025095e-35 3.5000000000000004
decision_type=2 2 2 2 2 2 2 2 2 2 2 2 2 2 2 2 2 2 2 2 2 2 2 2 2 2 2 2 2 2 2 2 2 2 2 2 2 2 2 2 2 2 2 2 2 2 2 2 2 2 2 2 2 2 2 2 2 2 2 2 2 2
left_child=2 12 10 5 11 18 7 8 9 27 28 56 19 -9 22 17 46 47 37 -2 21 35 23 40 44 -25 -23 -5 29 30 50 55 34 -34 -31 -7 51 38 -4 -21 -6 42 43 49 45 -24 -17 48 -16 -14 -1 -18 -36 54 -11 -32 58 -58 -3 -22 61 -51
right_child=1 4 3 6 14 20 -8 13 -10 53 -12 -13 41 -15 15 16 36 -19 -20 39 59 26 24 25 -26 -27 -28 -29 -30 32 31 -33 33 -35 52 -37 -38 -39 -40 -41 -42 -43 -44 -45 -46 -47 -48 -49 -50 60 -52 -53 -54 -55 -56 -57 57 -59 -60 -61 -62 -63
leaf_value=-7.8517340826319309e-05 0.00054343384174284498 -0.0010403265377707854 0.0024246389417036359 0.00055774859497957152 0.00013668978067453842 0.00020669216434356241 -0.00015550913271197766 7.4820176179452814e-05 0.00046751997429584063 -0.00024987812430089833 0.00082947099484368758 -0.0012889908384050327 -0.00067223445330517222 -0.00030864842829075802 -0.0026360763233533638 2.856105572715084e-05 0.00016193394939794094 -0.0005182899462559086 -0.0004950705734607495 0.00029802166723819963 0.0020999653689062511 0.0012055898951902509 -0.0012132539524155024 -0.00079451282111200363 8.2252773614073719e-05 -0.00018771210758068696 -0.00033040100162250294 0.00021685270961160522 -0.00039205820900918998 0.0013728855503480906 -0.00054779429659214765 0.00086518119633371071 -4.23128619057754e-05 0.00045581399851209306 0.00082272787296449549 -0.00037871575527113503 0.00013183790018327185 0.00065800610062214477 0.00098405573138677684 -6.0707698691418734e-05 -0.00156615406465287 -5.0225753813287474e-05 0.00010826953049675249 0.0013646788933930447 -0.0021643632366347065 -0.00041593288561325812 0.00091982685492288563 -0.00058043340121855295 -0.00021951253250165811 -0.0010825215621146614 0.0022919084316734891 -0.00059495009753931377 0.00041606223567349594 0.00024625169110970073 5.9138293055808213e-05 0.00010546776983991946 -0.0003333856924183502 -0.00070945596253141395 -0.00023111006772617246 0.00049186918859840808 -0.0014523503746412569 0.00083212341321474621
leaf_weight=508 10326 14765 1472 30605 45850 12887 71728 54537 42273 24082 19253 8141 33283 41290 1867 5734 4551 117186 2160 19718 849 3845 4156 11395 12133 30070 1792 98579 4665 3500 5483 5423 23436 23865 14815 16071 8946 34492 4881 201386 811 34810 13313 629 818 43728 5598 1797 599 772 1750 22668 103751 56115 252064 47125 42062 31464 4084 10187 664 2693
leaf_count=508 10326 14765 1472 30605 45850 12887 71728 54537 42273 24082 19253 8141 33283 41290 1867 5734 4551 117186 2160 19718 849 3845 4156 11395 12133 30070 1792 98579 4665 3500 5483 5423 23436 23865 14815 16071 8946 34492 4881 201386 811 34810 13313 629 818 43728 5598 1797 599 772 1750 22668 103751 56115 252064 47125 42062 31464 4084 10187 664 2693
internal_value=7.28668e-07 -0.000260939 0.000190758 0.000129638 -0.000406135 0.000422098 9.10211e-05 0.000120515 0.000160641 0.000132528 0.000373924 -0.00062819 -6.96471e-05 -9.0409e-05 -0.000335925 -0.00043262 -0.000131734 -0.000550292 0.000697566 -3.18797e-06 0.000162483 1.79423e-05 -0.000226258 -0.00011008 -0.000394554 -0.000354467 0.000717299 0.000297614 0.000336494 0.000351293 0.000176308 0.00011474 0.000413581 0.000209009 0.000492854 -0.000118195 -0.000319921 0.000760636 0.00131784 -2.87163e-05 0.000107093 -0.000248151 -0.000382314 -0.000554001 -0.000513339 -0.000485135 0.000468846 -0.00143 -0.00204908 -0.000586259 0.00175862 -0.0004684 0.000466876 6.83423e-05 3.21897e-05 3.73824e-05 -0.000569954 -0.000494318 -0.000864994 0.00061558 0.000106767 0.000405542
internal_weight=1.7495e+06 736017 1.01348e+06 759909 418423 88636 671273 599545 503718 461445 253574 100516 317594 95827 317907 168946 47497 121449 43005 231430 45631 34595 148961 88126 60835 41465 5637 129184 234321 229656 60289 58031 169367 47301 122066 28958 36165 40845 6353 221104 46661 86164 51354 38041 48702 47884 11332 4263 2466 37412 2258 27219 118566 332261 276146 52608 92375 73526 18849 11036 4129 3465
internal_count=1749500 736017 1013483 759909 418423 88636 671273 599545 503718 461445 253574 100516 317594 95827 317907 168946 47497 121449 43005 231430 45631 34595 148961 88126 60835 41465 5637 129184 234321 229656 60289 58031 169367 47301 122066 28958 36165 40845 6353 221104 46661 86164 51354 38041 48702 47884 11332 4263 2466 37412 2258 27219 118566 332261 276146 52608 92375 73526 18849 11036 4129 3465
is_linear=0
shrinkage=0.05


Tree=43
num_leaves=63
num_cat=0
split_feature=2 5 7 39 5 34 28 7 34 33 34 34 33 19 34 18 34 36 34 34 35 35 37 39 39 37 35 36 35 37 36 36 33 19 39 39 40 39 39 36 39 1 39 39 37 39 36 40 36 39 35 1 10 38 40 39 35 36 34 36 34 40
split_gain=31.4136 7.08652 4.38321 3.67227 2.13337 2.05736 2.04334 1.63705 1.72168 2.52962 2.44323 2.18976 1.6991 1.56611 1.55903 1.52677 1.36464 1.8885 1.64886 1.34568 1.35895 2.01539 1.30004 1.21345 1.19407 1.17097 1.13065 1.10247 1.3208 1.2746 1.09914 2.45291 1.58449 1.26526 1.22717 1.07055 1.03503 1.02931 1.05194 1.01816 0.921082 0.918036 0.877565 0.866815 0.862141 0.928195 0.885971 0.851839 0.847971 0.846391 1.11073 0.966748 0.843848 2.10058 0.963737 0.809379 1.13427 1.00573 0.927554 0.960619 0.92474 0.794336
threshold=1.0900000000000003 173.01950000000002 5.1500000000000012 10.31828845929989 146.49550000000002 4.5000000000000009 37.95000000000001 9.3500000000000032 1.5000000000000002 1.5000000000000002 5.5000000000000009 7.5000000000000009 1.5000000000000002 254950.00000000003 5.5000000000000009 38270.500000000007 2.5000000000000004 2.5000000000000004 3.5000000000000004 1.0000000180025095e-35 1.0000000180025095e-35 2.5000000000000004 1.0000000180025095e-35 4.2515355234765471 15.72860463013874 1.0000000180025095e-35 1.0000000180025095e-35 1.5000000000000002 3.5000000000000004 1.0000000180025095e-35 1.5000000000000002 3.5000000000000004 1.0000000180025095e-35 182650.00000000003 45.067642227021203 80.358953918818642 69.423251693791954 90.810514536099177 29.688492603196273 1.5000000000000002 39.951102652477168 6.705000000000001 65.754443578181252 40.313897382508323 1.0000000180025095e-35 50.774277907785098 4.5000000000000009 23.079731181939607 7.5000000000000009 86.719845885814223 1.0000000180025095e-35 5.9850000000000012 -0.96500000000000019 75.842286874479498 46.251997844299972 49.762627038799089 3.5000000000000004 7.5000000000000009 3.5000000000000004 1.5000000000000002 5.5000000000000009 86.630845075184098
decision_type=2 2 2 2 2 2 2 2 2 2 2 2 2 2 2 2 2 2 2 2 2 2 2 2 2 2 2 2 2 2 2 2 2 2 2 2 2 2 2 2 2 2 2 2 2 2 2 2 2 2 2 2 2 2 2 2 2 2 2 2 2 2
left_child=2 4 6 27 23 16 14 8 12 10 26 39 13 22 15 -1 17 19 -18 -3 -21 40 43 -2 -8 37 30 -4 29 -29 47 32 33 34 -32 -25 -7 38 41 42 -22 -17 -12 48 -19 46 -46 -10 -5 -45 -51 -52 53 -40 -55 56 57 60 -57 -60 -6 -59
right_child=1 5 3 7 55 36 24 -9 9 -11 11 -13 -14 -15 -16 25 18 44 -20 20 21 -23 -24 35 -26 -27 -28 28 -30 -31 31 -33 -34 -35 -36 -37 -38 -39 52 -41 -42 -43 -44 49 45 -47 -48 -49 -50 50 51 -53 -54 54 -56 58 -58 61 59 -61 -62 -63
leaf_value=0.00069000598549644112 0.00059190771255925956 9.7442150617448248e-05 0.00080835362536183723 0.00035976267144554458 -0.00035937950257966148 -0.0012966548993028732 -0.00045198430759290238 -0.00029221549357328122 -0.00077002946468163766 -0.00055425331270774468 0.00057476167913115975 -0.00026670797110976647 0.00066121220365981817 -0.0003760372639702387 -0.00090019272397361735 0.00032525283382978852 0.00031783428532191748 -0.00017618262939024054 -0.00054448432107933697 -0.0004676581461344854 -0.0012974423658056919 -0.00039324056248638049 -0.00037027168547155807 -8.7595625872406897e-05 0.00014460864726604321 -0.00030694460320236872 -0.00019595208871622059 0.00010484713909335868 0.001762364752504592 0.00099044373074766391 0.0014252979193345586 -0.00024069367836802481 -0.0012292430968254184 -0.00019161476388828092 0.00054958493512401131 0.00027134600360479371 -0.00055414810106887925 0.00073394370321124534 -0.00011825712673346566 0.00088305799417831186 -0.00080209428391969824 0.00086596373565723996 -0.00011980310250848827 7.8118589971890148e-05 -0.0022111252119520861 -5.5287733926788946e-05 -0.0003458927545265223 -4.401868207768359e-05 -0.00050974649791311476 0.0001564796863884514 0.00049745214867272919 0.0015873876396012611 0.00033166112740674208 0.001619068854482303 0.00044895622916534656 -9.6234831176232456e-05 0.00038560249383549786 -0.00105095110858329 -0.00013776592322764725 -0.00072373719672649145 0.00011189454800265801 -0.0039113350315708216
leaf_weight=32928 8292 6911 18760 67762 126675 10954 9655 31423 4729 20748 12529 10750 15567 14799 2445 15694 12369 50869 10046 68745 15988 20469 11508 127639 63870 7021 81571 24826 1517 4858 5249 16912 1230 4172 16820 24811 8212 16187 31928 13786 22722 15706 7139 181301 1649 1938 1037 27742 2925 24996 8662 2659 197549 2199 8809 144384 5672 1438 15047 13069 11341 292
leaf_count=32928 8292 6911 18760 67762 126675 10954 9655 31423 4729 20748 12529 10750 15567 14799 2445 15694 12369 50869 10046 68745 15988 20469 11508 127639 63870 7021 81571 24826 1517 4858 5249 16912 1230 4172 16820 24811 8212 16187 31928 13786 22722 15706 7139 181301 1649 1938 1037 27742 2925 24996 8662 2659 197549 2199 8809 144384 5672 1438 15047 13069 11341 292
internal_value=6.92234e-07 -0.000255498 0.000175911 9.39909e-05 -0.00014559 -0.000482347 0.000304663 5.88498e-05 7.87782e-05 -2.84283e-05 2.5413e-05 0.0003541 0.000151307 0.000126077 0.000357704 0.00036708 -0.000437648 -0.000481106 -6.86414e-05 -0.000582146 -0.00061886 -0.000794504 0.000150862 2.86077e-06 6.62665e-05 0.000331046 -6.62978e-05 0.000505449 0.000323324 0.000249781 7.13141e-05 0.000233049 0.0005247 0.000606912 0.000757869 -2.91784e-05 -0.000978515 0.000346596 0.000323534 0.000553589 -0.00100668 0.000595712 0.000322652 0.000171663 -0.000235601 -0.00088927 -0.001491 -0.000149753 0.000323783 0.000122252 0.000342571 0.000753449 0.000287996 8.70941e-05 0.000682702 -0.000220648 -0.000307539 -0.000335672 -0.000147399 -0.00041014 -0.000320654 -0.00153374
internal_weight=1.7495e+06 710569 1.03893e+06 634940 478660 231909 403991 584979 553556 223377 202629 44204 330179 314612 330466 328021 212743 190328 22415 134835 127924 59179 299813 160742 73525 295093 158425 49961 31201 29684 76854 44383 27471 26241 22069 152450 19166 288072 271885 33454 38710 31400 19668 288305 55493 4624 2686 32471 70687 217618 36317 11321 240485 42936 11008 317918 145418 139746 172500 28116 138016 1730
internal_count=1749500 710569 1038931 634940 478660 231909 403991 584979 553556 223377 202629 44204 330179 314612 330466 328021 212743 190328 22415 134835 127924 59179 299813 160742 73525 295093 158425 49961 31201 29684 76854 44383 27471 26241 22069 152450 19166 288072 271885 33454 38710 31400 19668 288305 55493 4624 2686 32471 70687 217618 36317 11321 240485 42936 11008 317918 145418 139746 172500 28116 138016 1730
is_linear=0
shrinkage=0.05


Tree=44
num_leaves=63
num_cat=0
split_feature=2 5 7 39 28 7 31 0 39 3 32 39 39 27 34 32 37 0 32 31 7 35 35 32 0 0 5 0 29 34 31 20 32 38 38 38 34 31 2 40 0 38 3 0 32 35 0 34 34 34 0 32 0 39 32 31 34 31 3 40 40 31
split_gain=28.4018 6.74527 3.80286 2.68744 2.88781 2.22368 1.72615 2.07302 1.45454 1.41918 1.4262 1.33447 1.31996 1.29869 1.28892 1.32561 1.28804 1.25823 1.66226 1.4966 1.54436 1.17215 2.04777 2.00421 1.9081 1.23285 1.17153 1.05359 1.66498 1.10273 0.979714 0.967349 0.927222 0.926703 0.884993 0.879385 0.908439 0.873119 0.862185 1.37398 0.908636 0.856528 0.834628 1.9906 1.23881 0.824706 0.822357 0.828038 0.812965 1.47833 0.903177 0.846845 0.895381 1.6851 1.77225 1.1844 1.14681 1.06202 1.29817 0.924243 0.812423 0.811876
threshold=0.99500000000000011 151.42200000000003 4.6500000000000012 21.939606477639373 29.150000000000002 4.6500000000000012 3.5000000000000004 128186.70808362136 89.253269743441052 10048.050000000001 1.0000000180025095e-35 86.351803166888047 1.0000000180025095e-35 35.750000000000007 4.5000000000000009 2.5000000000000004 1.0000000180025095e-35 263461.74800648849 2.5000000000000004 9.5000000000000018 9.3500000000000032 1.0000000180025095e-35 2.5000000000000004 10.500000000000002 190767.55730932314 72682.876690625286 131.30950000000004 147935.36412144205 63.514826292256025 3.5000000000000004 13.500000000000002 725.50000000000011 2.5000000000000004 29.886339268634462 91.142180077994041 62.213681387142749 1.0000000180025095e-35 7.5000000000000009 1.0000000180025095e-35 51.814178957931638 74346.569629911261 91.505322238084133 6788.1000000000013 300855.65207859472 7.5000000000000009 3.5000000000000004 530784.53092997277 1.0000000180025095e-35 5.5000000000000009 8.5000000000000018 200451.26106431909 12.500000000000002 186191.32801910499 45.067642227021203 2.5000000000000004 8.5000000000000018 1.5000000000000002 4.5000000000000009 8304.1500000000015 85.088573669367534 81.64634100710002 5.5000000000000009
decision_type=2 2 2 2 2 2 2 2 2 2 2 2 2 2 2 2 2 2 2 2 2 2 2 2 2 2 2 2 2 2 2 2 2 2 2 2 2 2 2 2 2 2 2 2 2 2 2 2 2 2 2 2 2 2 2 2 2 2 2 2 2 2
left_child=2 12 11 4 17 14 8 9 13 -8 33 27 -2 -5 15 37 26 18 19 20 -4 23 25 42 -24 -23 -14 28 -1 34 35 -12 38 -11 -29 36 -9 -3 39 40 -15 -40 43 44 -7 -19 47 -26 51 50 -50 52 53 54 57 -56 -55 -28 -59 -60 -21 -20
right_child=1 5 3 6 -6 21 7 30 -10 10 31 -13 16 32 -16 -17 -18 45 61 60 -22 22 24 -25 46 -27 48 29 -30 -31 -32 -33 -34 -35 -36 -37 -38 -39 41 -41 -42 -43 -44 -45 -46 -47 -48 -49 49 -51 -52 -53 -54 56 55 -57 -58 58 59 -61 -62 -63
leaf_value=0.00082585450063194844 0.00060349686733003637 -0.0005261059544582026 0.00072782054209623065 0.00056206332880075302 -0.00015001299606956021 0.0001040233602308397 -2.7588747393334105e-05 0.00032877518860361667 0.00062437200447253019 0.00085951886462442336 0.00010538570883265606 0.00079224269113485092 0.00025705624673747445 0.0018944274102198596 -0.0011757242985515717 -0.0010746629193285593 -0.00057482087710635725 0.00019818360891652611 0.0023216458445904442 9.5331490831561443e-05 -0.00085265194253556517 -0.0013370483826379584 0.00049763834830752226 -0.0022917675227490577 0.0001885055773211152 -0.0004714311918428615 -0.00016980731107741159 0.00044209138041377658 0.00011404134049965854 2.8244543820967122e-05 0.00022310006087961976 0.00089088409273823115 0.001582405127534212 0.00013894154438093368 0.0011425479527597284 -0.00015142083225070529 -3.1726466830883535e-05 -8.4696557388042409e-05 4.7206539281272018e-05 -0.00010971774412515756 0.0005522880856069116 0.00059006192894654015 -0.00030508010984273007 -0.00053824608123999719 -0.001680925162423928 0.0014251987106564546 0.00013960482950203093 -0.0005311899832992279 0.00016706567722546848 -0.00086038039011805006 0.00098679167071315027 0.00040008203353931451 -0.00023121618117189432 0.00018554401515147323 0.0018690258431329151 -0.00088140274705962173 -0.00023522496941503243 0.00036085553656695329 -0.00082915200504693357 -0.0034901469751004235 -0.001521528825347675 0.0010363541154155733
leaf_weight=9167 7280 69385 37560 18098 23241 56755 43094 20586 18038 4884 5282 16067 27042 1384 8141 9630 12501 34519 1771 7630 1612 4263 10037 1137 4807 117186 24864 101058 79122 16023 31629 15195 1077 51627 4720 154848 115642 13360 162693 8811 14196 7606 72800 17280 989 1426 8946 23707 11370 2672 4770 7830 113131 67448 1489 531 21310 2433 12588 335 865 4012
leaf_count=9167 7280 69385 37560 18098 23241 56755 43094 20586 18038 4884 5282 16067 27042 1384 8141 9630 12501 34519 1771 7630 1612 4263 10037 1137 4807 117186 24864 101058 79122 16023 31629 15195 1077 51627 4720 154848 115642 13360 162693 8811 14196 7606 72800 17280 989 1426 8946 23707 11370 2672 4770 7830 113131 67448 1489 531 21310 2433 12588 335 865 4012
internal_value=6.57623e-07 -0.000235744 0.000172338 0.000120429 0.000346516 -0.000367616 8.2685e-05 2.4807e-05 0.000193195 0.00020216 0.000330761 0.000353051 -6.20048e-05 0.000156828 -0.000572605 -0.000519452 -7.76175e-05 0.000475604 0.000629433 0.000532312 0.000662781 -0.000302803 -0.000392954 -0.000200556 -0.000114598 -0.000501815 -5.67469e-05 0.000319463 0.000187949 0.000414793 -4.11879e-05 0.000688266 0.000119366 0.000201218 0.000473347 -6.9906e-05 2.27505e-05 -0.000454836 0.000111272 0.000389301 0.000671513 7.14519e-05 -0.000184471 -6.74382e-05 7.3452e-05 0.000246861 -0.00027864 -0.000409861 -8.80866e-05 0.000228981 0.000409327 -0.00011176 -0.000128176 -3.919e-05 -0.000299142 0.00114602 8.45212e-05 -0.000371723 -0.000698659 -0.000898132 -6.93047e-05 0.00142996
internal_weight=1.7495e+06 736017 1.01348e+06 787326 112636 418423 674690 442787 231903 120082 76988 226157 317594 213865 100516 92375 310314 89395 53450 47667 39172 317907 168946 148961 47497 121449 297813 210090 88289 121801 322705 20477 195767 56511 105778 291076 136228 82745 194690 24391 15580 170299 147824 75024 57744 35945 37460 28514 270771 18812 16140 251959 244129 130998 42240 2020 88758 40220 15356 12923 8495 5783
internal_count=1749500 736017 1013483 787326 112636 418423 674690 442787 231903 120082 76988 226157 317594 213865 100516 92375 310314 89395 53450 47667 39172 317907 168946 148961 47497 121449 297813 210090 88289 121801 322705 20477 195767 56511 105778 291076 136228 82745 194690 24391 15580 170299 147824 75024 57744 35945 37460 28514 270771 18812 16140 251959 244129 130998 42240 2020 88758 40220 15356 12923 8495 5783
is_linear=0
shrinkage=0.05


Tree=45
num_leaves=63
num_cat=0
split_feature=2 5 7 39 34 5 34 0 36 37 39 39 34 18 0 36 0 0 39 0 0 34 39 0 0 34 36 34 3 33 35 39 3 27 25 33 36 37 3 35 3 3 39 0 3 0 36 35 37 34 0 40 36 38 39 36 36 35 39 16 0 40
split_gain=25.7781 5.9132 3.69955 3.11546 1.83693 1.81177 1.76782 1.66384 1.52091 1.89226 1.81 1.62897 1.39788 1.36416 1.39597 1.34332 1.45247 1.29504 1.26362 2.86237 1.63418 1.24054 1.21877 1.93035 1.46306 1.20302 1.31226 1.18392 1.15572 1.14646 1.70354 1.37872 1.12412 1.05153 1.02905 1.00949 1.00721 1.28316 1.00638 0.964544 3.13706 1.4432 1.08235 0.948964 0.937392 1.12152 0.93381 0.966086 1.12857 0.927815 0.917899 0.909302 0.896707 0.889557 0.917535 0.889086 0.837653 1.08609 0.81532 0.806535 0.794134 0.792875
threshold=1.0900000000000003 173.01950000000002 5.1500000000000012 6.706875893061869 3.5000000000000004 135.63150000000002 4.5000000000000009 263461.74800648849 3.5000000000000004 1.0000000180025095e-35 40.620865304989742 85.851013543373014 1.5000000000000002 38270.500000000007 94047.924142322052 1.0000000180025095e-35 467850.06288736773 664582.16473218438 52.922989377113936 124002.66943318014 69397.955036653439 8.5000000000000018 44.490135280568389 253430.94683847649 664582.16473218438 2.5000000000000004 5.5000000000000009 5.5000000000000009 5574.6500000000005 1.0000000180025095e-35 1.0000000180025095e-35 30.535707025562523 7560.7500000000009 50.050000000000004 5.1500000000000012 1.5000000000000002 2.5000000000000004 1.0000000180025095e-35 12089.500000000002 1.0000000180025095e-35 4952.9500000000016 12882.200000000003 85.851013543373014 403730.13949201826 10259.250000000002 80141.151665857862 1.5000000000000002 3.5000000000000004 1.0000000180025095e-35 1.0000000180025095e-35 257231.75715419548 69.423251693791954 1.0000000180025095e-35 81.195862075745069 16.416382182196504 4.5000000000000009 1.5000000000000002 3.5000000000000004 14.205776654450036 -0.68999999999999961 218579.11404867686 16.538985603386305
decision_type=2 2 2 2 2 2 2 2 2 2 2 2 2 2 2 2 2 2 2 2 2 2 2 2 2 2 2 2 2 2 2 2 2 2 2 2 2 2 2 2 2 2 2 2 2 2 2 2 2 2 2 2 2 2 2 2 2 2 2 2 2 2
left_child=2 5 4 46 13 53 22 8 9 10 21 -12 44 34 -15 -6 -17 18 20 32 56 -5 24 -24 25 36 -27 43 -9 31 -31 38 -20 -18 -1 -32 49 -38 -16 41 52 61 -42 59 -10 -46 60 48 -48 -3 -21 -8 -41 54 -2 -39 -7 -58 -19 -22 -4 -33
right_child=1 6 3 7 15 17 51 28 12 -11 11 -13 -14 14 29 16 33 58 19 50 27 -23 23 -25 -26 26 -28 -29 -30 30 35 39 -34 -35 -36 -37 37 55 -40 40 42 -43 -44 -45 45 -47 47 -49 -50 -51 -52 -53 -54 -55 -56 -57 57 -59 -60 -61 -62 -63
leaf_value=0.00018621147673162654 0.00063552482148682263 0.00031288658726491862 0.0012888292150130425 0.00038791821025161718 -0.0007207475383071766 -0.00019998049715637067 -0.0011955328835753988 0.00040732375608395864 -0.00012311521535276251 -0.00074643057725199183 4.2469361443231799e-05 0.00036633926561107548 -0.00033540961840511314 2.187193181459845e-06 0.0010414940631631796 0.00025053667406111106 -0.0005724335650434529 0.00090774153071431505 0.00051475318082417764 -0.00012100279105436473 -0.00054225135932886852 -0.0010317073100196857 -0.00015823690103554134 -0.00056672948051487949 0.00014134374172156296 6.0900500499378558e-05 -0.0039054240308844519 0.00021432514856451509 -0.00014103349849588261 0.00033230378000985363 -0.00049437150682410857 0.00096624395959225493 2.9146560466842338e-05 0.00097648067529111204 0.00084397972143575935 0.00019146696999546836 -0.00023369425556860556 -0.0023309572200663638 0.00039229946281116226 0.0015375986921349726 0.00025134364166129035 0.00051966752464610523 0.0013734156534270503 6.2350875267473301e-06 0.00085324866064537459 0.00011125518554647649 0.00010224972502913435 0.0018036323895949048 0.00099835882101874558 -0.00083867302714485208 -0.0003862663831193627 -0.00049963275853552396 0.00032722664080900348 0.00052126658056778584 -4.8998576577168335e-05 -0.00036195643037395298 -0.0011961510966506314 0.0012759994638123768 6.5840833024240306e-05 -0.00025794878085182594 0.0005210997326687858 0.00015621127720005529
leaf_weight=8438 5560 1816 5932 85740 5760 3939 10981 10416 35890 5789 218466 47216 33039 37437 12760 34477 10038 3989 21032 109271 31679 1567 83733 44180 7144 8168 214 13635 123980 39810 13138 3109 27500 1230 20134 9069 17909 1326 11218 8263 34710 43434 2291 26521 6144 29762 18879 1073 4317 47520 46486 8199 1878 11658 40953 1010 8766 468 10304 117373 7794 106633
leaf_count=8438 5560 1816 5932 85740 5760 3939 10981 10416 35890 5789 218466 47216 33039 37437 12760 34477 10038 3989 21032 109271 31679 1567 83733 44180 7144 8168 214 13635 123980 39810 13138 3109 27500 1230 20134 9069 17909 1326 11218 8263 34710 43434 2291 26521 6144 29762 18879 1073 4317 47520 46486 8199 1878 11658 40953 1010 8766 468 10304 117373 7794 106633
internal_value=7.44338e-07 -0.000231196 0.000159412 8.42614e-05 0.000277769 -0.000130839 -0.000438278 5.63674e-05 0.000101272 0.000150225 0.00016493 0.000100026 -6.62629e-05 0.000318542 0.000289314 -1.14105e-06 8.94685e-05 -0.000166982 -0.000183423 -9.5699e-05 -0.000271975 0.000362439 -0.000396881 -0.000299327 -0.000543501 -0.000606256 -4.03633e-05 -0.000234485 -9.85345e-05 0.000326858 0.000136581 0.000379468 0.000239591 -0.000403356 0.000649725 -0.000214286 -0.000674425 -0.000377459 0.000737771 0.000336579 0.00053435 0.000275713 0.000320819 -0.00026934 5.75928e-05 0.00023822 0.000523289 0.000336874 0.000269024 -0.000796285 -0.000200171 -0.000898052 0.00131345 0.000130715 3.28269e-05 -0.00147963 -0.000810447 -0.00107086 0.000300805 -0.000318373 0.000852891 0.00017916
internal_weight=1.75116e+06 711334 1.03983e+06 636004 403827 479134 232200 598009 463613 358778 352989 265682 104835 352322 323750 51505 45745 420963 406670 204289 202381 87307 213020 127913 85107 77963 8382 189208 134396 286313 62017 224296 48532 11268 28572 22207 69581 20245 23978 200318 47142 153176 37001 175573 71796 35906 37995 24269 23196 49336 155757 19180 10141 58171 46513 2336 13173 9234 14293 149052 13726 109742
internal_count=1751165 711334 1039831 636004 403827 479134 232200 598009 463613 358778 352989 265682 104835 352322 323750 51505 45745 420963 406670 204289 202381 87307 213020 127913 85107 77963 8382 189208 134396 286313 62017 224296 48532 11268 28572 22207 69581 20245 23978 200318 47142 153176 37001 175573 71796 35906 37995 24269 23196 49336 155757 19180 10141 58171 46513 2336 13173 9234 14293 149052 13726 109742
is_linear=0
shrinkage=0.05


Tree=46
num_leaves=63
num_cat=0
split_feature=2 5 7 39 0 39 3 29 32 31 5 32 31 32 31 34 34 38 7 3 37 32 7 0 39 0 0 39 0 34 34 36 20 31 32 34 31 39 0 36 0 36 2 0 38 3 3 27 39 0 36 31 39 0 0 32 35 34 31 34 0 31
split_gain=23.2734 5.6518 3.13676 2.43663 2.32747 1.6349 1.55636 1.50842 1.38522 1.35247 1.34903 1.31072 1.3054 1.24671 1.2405 1.17032 2.01495 1.27045 1.14744 1.14677 1.14331 1.13088 1.90098 1.12971 1.04088 2.19267 1.16065 1.03007 1.0083 0.997186 1.1293 0.993184 0.992647 0.975986 0.972073 0.949277 0.93881 1.53243 1.13222 0.928639 1.16131 1.08054 0.92713 1.17068 0.906452 1.21101 0.954534 1.00961 0.992227 1.72334 1.15448 1.63499 0.90386 2.03012 1.89695 1.48701 1.21916 1.27336 1.80361 0.965582 1.13111 0.94738
threshold=0.99500000000000011 166.64000000000001 4.4500000000000011 21.939606477639373 263461.74800648849 83.215562287844861 6810.3000000000002 67.236264350380836 2.5000000000000004 3.5000000000000004 135.63150000000002 2.5000000000000004 9.5000000000000018 14.500000000000002 12.500000000000002 5.5000000000000009 7.5000000000000009 54.227499099043143 9.3500000000000032 10772.000000000002 1.0000000180025095e-35 4.5000000000000009 5.9500000000000011 157894.4483570997 27.956173823152792 476294.43406367424 142620.05344522887 86.351803166888047 205719.46855074697 3.5000000000000004 2.5000000000000004 7.5000000000000009 830.50000000000011 1.0000000180025095e-35 2.5000000000000004 1.5000000000000002 1.0000000180025095e-35 14.205776654450036 306802.36001047143 1.0000000180025095e-35 442932.07207940373 3.5000000000000004 1.0000000180025095e-35 42915.223655926136 75.30085328061314 5768.7500000000009 8942.4000000000015 40.350000000000001 47.317637844907111 120719.74841816539 1.0000000180025095e-35 1.5000000000000002 52.922989377113936 467850.06288736773 108982.66453029613 2.5000000000000004 3.5000000000000004 5.5000000000000009 5.5000000000000009 1.0000000180025095e-35 99872.662207177011 5.5000000000000009
decision_type=2 2 2 2 2 2 2 2 2 2 2 2 2 2 2 2 2 2 2 2 2 2 2 2 2 2 2 2 2 2 2 2 2 2 2 2 2 2 2 2 2 2 2 2 2 2 2 2 2 2 2 2 2 2 2 2 2 2 2 2 2 2
left_child=2 10 27 4 11 7 28 -5 9 42 -2 12 18 21 19 17 32 -11 -4 20 33 52 -23 -7 25 35 -26 36 -3 30 34 -13 -17 -6 -28 -8 37 -1 -39 -36 41 -41 43 -9 46 -46 48 -48 49 -44 -51 -52 53 55 -54 56 57 58 -12 -60 -61 -57
right_child=1 6 3 5 14 23 24 8 -10 15 13 31 -14 -15 -16 16 -18 -19 -20 -21 -22 22 -24 -25 26 -27 29 -29 -30 -31 -32 -33 -34 -35 39 -37 -38 38 -40 40 -42 -43 44 -45 45 -47 47 -49 -50 50 51 -53 54 -55 -56 61 -58 -59 59 60 -62 -63
leaf_value=0.0015975472513829764 0.00012417896939441214 -6.2444210872761053e-05 0.00061826893559817353 0.00024817280765075564 0.0018464138765942996 0.00041685634422157784 -0.0011187408071927662 0.0032795972870019018 0.00037855512175092188 2.9092250030807404e-05 -0.00025084875945953044 0.0015173288079984538 -8.5923062616375447e-05 0.00038883420993427592 0.00051636053544764325 -0.0010327731346329975 -0.00052334036844558314 -0.00019516923454521596 -0.00073357980814668568 -0.00029587821970209247 0.0011905428173352277 -0.0011305044716473011 0.0001120778431825347 0.00010228851272063209 -0.00018186742152339177 -8.7859490210562234e-05 -0.00040276408524206358 0.00075182822513018778 -0.0003808487909216134 -0.00083734596713473403 0.00038796812980232485 -0.00019693980828904825 0.00058239879676392863 5.2866388568016843e-06 0.00033634164851641286 -0.00047942159531479643 0.0003727804494631379 1.6120268093662482e-05 0.00090563473917077461 -0.0016957992729755011 -0.00041512244491843578 0.00099596118208773992 -0.00041845005427004766 0.00035274094037808236 0.00052597601132501888 -5.8273747918429327e-05 0.00034313770098829603 -7.4767206743598421e-05 -0.00028530205421779521 -1.9239180522840501e-05 0.0012144666031884087 -0.00016351886489701572 0.00030980586288761576 0.00030036541514855646 -0.00012645390632077115 0.0022559314557783661 0.00040315330763887727 0.00020347812764309311 0.00063559103930578651 -0.0012272109971075533 -0.0005572307673029365 0.00028521793731398494
leaf_weight=1718 58171 49615 43823 77309 751 53539 19710 347 24384 104193 100412 5092 9110 11066 13041 1003 6407 160328 1628 21646 2668 7404 5268 61130 41722 10671 81647 13615 49842 17496 4070 1013 18439 17330 1344 8231 134506 49509 3856 5488 4077 400 10607 22135 20789 15469 30434 27522 41817 9384 6502 3218 29858 17425 150594 694 5992 10634 1414 7926 30703 5029
leaf_count=1718 58171 49615 43823 77309 751 53539 19710 347 24384 104193 100412 5092 9110 11066 13041 1003 6407 160328 1628 21646 2668 7404 5268 61130 41722 10671 81647 13615 49842 17496 4070 1013 18439 17330 1344 8231 134506 49509 3856 5488 4077 400 10607 22135 20789 15469 30434 27522 41817 9384 6502 3218 29858 17425 150594 694 5992 10634 1414 7926 30703 5029
internal_value=7.07121e-07 -0.000213142 0.000156077 0.000112064 0.000324095 7.66419e-05 -0.000382948 4.2551e-05 1.09464e-05 -7.78295e-06 -0.000100224 0.000538096 0.000460354 -0.000134181 8.9904e-05 -7.54553e-05 0.000245655 -0.000106834 0.000569847 -4.1277e-05 0.000224331 -0.000149683 -0.000613939 0.00024916 -0.000465093 -0.000697556 -0.000407645 0.000331746 -0.00022201 -0.000489899 -0.000427247 0.00123288 0.000499073 8.17584e-05 -0.00046294 -0.000930407 0.000301579 0.000127713 8.0394e-05 -0.000897389 -0.00106378 -0.00151294 9.6614e-05 0.000397916 5.57441e-05 0.000276714 -6.13163e-06 0.000144684 -0.000128331 9.25993e-05 0.000376346 0.000758257 -0.000133372 -0.000212572 -5.42694e-05 -0.000267472 -0.000296316 -0.000324056 -0.000363996 -0.000647724 -0.000694699 0.000524197
internal_weight=1.75116e+06 736903 1.01426e+06 811058 116102 694956 294313 580287 502978 478594 442590 60666 54561 384419 55436 290370 25849 264521 45451 42395 20749 373353 12672 114669 194856 38612 156244 203204 99457 114522 97026 6105 19442 18081 92956 27941 189589 55083 53365 11309 9965 5888 188224 22482 165742 36258 129484 57956 71528 29711 19104 9720 360681 180229 180452 162804 157081 151089 140455 40043 38629 5723
internal_count=1751165 736903 1014262 811058 116102 694956 294313 580287 502978 478594 442590 60666 54561 384419 55436 290370 25849 264521 45451 42395 20749 373353 12672 114669 194856 38612 156244 203204 99457 114522 97026 6105 19442 18081 92956 27941 189589 55083 53365 11309 9965 5888 188224 22482 165742 36258 129484 57956 71528 29711 19104 9720 360681 180229 180452 162804 157081 151089 140455 40043 38629 5723
is_linear=0
shrinkage=0.05


Tree=47
num_leaves=63
num_cat=0
split_feature=2 5 31 32 0 3 31 39 39 0 5 34 32 3 33 36 20 18 31 17 40 40 38 3 38 32 35 40 32 0 38 0 36 36 34 0 36 35 36 39 34 39 0 39 0 32 36 0 3 35 3 35 35 34 20 0 39 32 39 36 31 39
split_gain=21.0268 4.87584 3.06538 2.85423 2.344 2.67949 1.99026 1.8617 1.9858 1.5736 1.53576 1.52765 1.50932 1.42735 1.93438 1.471 1.38126 1.62276 1.3296 1.32184 1.27502 1.18777 1.79883 1.63713 1.22479 1.18222 1.4157 1.16135 1.22732 1.58341 1.15364 1.21697 1.11724 1.08276 1.08137 1.06611 1.27976 1.42772 1.17504 1.06607 1.06332 1.05382 0.970747 1.24628 1.35991 1.57844 1.461 1.20405 1.30586 1.35854 1.04716 2.39219 0.968281 0.960501 0.949966 0.984798 0.942187 0.937081 1.05922 0.940973 1.02277 0.933249
threshold=1.0900000000000003 173.01950000000002 3.5000000000000004 1.5000000000000002 113193.39056799489 9831.8500000000004 13.500000000000002 92.754276332311875 29.688492603196273 166481.77708575575 146.49550000000002 4.5000000000000009 2.5000000000000004 13022.300000000001 1.0000000180025095e-35 1.5000000000000002 692.50000000000011 27012.000000000004 2.5000000000000004 17313.000000000004 12.90971787465975 58.000340520576195 85.098103112180112 8836.1000000000022 60.6267441185405 1.0000000180025095e-35 1.5000000000000002 43.282806637698009 1.0000000180025095e-35 155106.92683394777 62.213681387142749 174388.64403966017 1.0000000180025095e-35 8.5000000000000018 3.5000000000000004 725982.77787470294 1.0000000180025095e-35 1.5000000000000002 1.5000000000000002 49.762627038799089 1.5000000000000002 4.2515355234765471 575443.16250055691 32.305467313510604 214136.42722285821 1.0000000180025095e-35 1.5000000000000002 168433.13078145112 7560.7500000000009 2.5000000000000004 7560.7500000000009 1.0000000180025095e-35 1.0000000180025095e-35 1.0000000180025095e-35 919.50000000000011 72682.876690625286 61.005993205719633 1.0000000180025095e-35 20.997010605866638 1.5000000000000002 4.5000000000000009 80.358953918818642
decision_type=2 2 2 2 2 2 2 2 2 2 2 2 2 2 2 2 2 2 2 2 2 2 2 2 2 2 2 2 2 2 2 2 2 2 2 2 2 2 2 2 2 2 2 2 2 2 2 2 2 2 2 2 2 2 2 2 2 2 2 2 2 2
left_child=2 10 3 7 5 -4 13 8 -1 19 41 12 27 30 15 -15 -7 20 -5 21 -18 22 23 24 -10 26 -13 28 -3 34 -6 -32 -20 -8 -30 36 -14 38 -38 54 -41 -2 43 44 45 46 -12 48 49 52 51 53 -45 -48 -25 -56 -23 58 -19 -60 -61 -43
right_child=1 11 4 18 6 16 33 -9 9 -11 42 25 35 14 -16 -17 17 57 32 -21 -22 56 -24 39 -26 -27 -28 -29 29 -31 31 -33 -34 -35 -36 -37 37 -39 -40 40 -42 61 -44 47 -46 -47 50 -49 -50 -51 -52 -53 -54 -55 55 -57 -58 -59 59 60 -62 -63
leaf_value=0.00049187855276057522 0.00055729346333803574 -0.00055172155739041673 -6.7683806688874712e-05 0.00020945596866793384 4.1942919190653543e-05 6.3911702988926828e-05 0.00041533178102826676 0.00078340402022457768 -0.00028099154835263459 0.00028898225190824781 -0.00032618934854691545 -0.0007989398881401166 0.00034811312635295603 -6.4413889458012744e-05 -0.00014891819289424534 0.00052612868967635655 0.0054328328319210211 0.0009547961978995063 0.0014139043639943805 0.00049314974021141399 0.0014086768069376254 -0.00049017379463526839 0.0016767912190945892 0.00027313886164549131 9.911989942473941e-05 -0.0011360623918887072 0.00068722662065394391 -0.00019109905680540919 0.00069980071012824482 -0.00037125679929996924 4.395278393280075e-05 -0.00022386179488358973 -0.00072694960424601353 -0.00018745366263050547 -0.0016725587578841857 0.0001150484783092369 0.0015948160886547803 -0.0023546916259614566 -0.00095043859875165455 0.00030934664452477486 -0.00043810017041034189 -7.6213186688362818e-05 0.00018721704833350034 0.00029449907795946564 -0.00016742552144472422 -5.856997920261957e-05 -0.00073961940044489974 -0.00025267390415403346 -0.0001609748783318565 0.0011925028999076551 -0.001401529389014276 -0.0019464407526817318 -0.00023941158589439781 0.001082155124996782 0.0023364289917827082 0.00082171229925709257 -1.0418440598372413e-05 0.00083118634598452817 -0.00037340666905737456 0.0011213054670896115 0.00026083997390474528 0.00025836445994231375
leaf_weight=51876 8289 67648 38549 4223 181270 18676 44770 14381 33715 137840 9203 5079 1868 14583 28473 38084 212 6671 9130 16780 2752 16981 1787 6177 57057 11760 2341 96296 6156 20613 63745 126786 653 8937 521 3045 468 1818 14587 26366 5806 127658 16919 25111 34042 9259 1208 125301 67064 3163 10558 1815 12831 1804 1359 5100 25756 15410 4923 3959 27044 24909
leaf_count=51876 8289 67648 38549 4223 181270 18676 44770 14381 33715 137840 9203 5079 1868 14583 28473 38084 212 6671 9130 16780 2752 16981 1787 6177 57057 11760 2341 96296 6156 20613 63745 126786 653 8937 521 3045 468 1818 14587 26366 5806 127658 16919 25111 34042 9259 1208 125301 67064 3163 10558 1815 12831 1804 1359 5100 25756 15410 4923 3959 27044 24909
internal_value=6.71765e-07 -0.000208806 0.000143972 0.000249314 7.40105e-05 0.000274511 2.72358e-05 0.000224807 0.000204028 0.000159416 -0.000117676 -0.000396848 -0.000358365 -6.88873e-06 0.000183111 0.000362613 0.000440132 0.000555372 0.000950934 6.87059e-05 0.0016965 2.91612e-05 0.000100781 8.00088e-05 -4.2063e-05 -0.00082425 -0.000330056 -0.000313444 -0.000437538 -0.000154494 -4.83532e-05 -0.00013426 0.00127101 0.000315027 0.000514688 -0.000752681 -0.000893668 -0.00103114 -0.000871317 0.000327302 0.000174457 8.24205e-06 -0.000181314 -0.000202004 -0.000390566 -0.000614991 -0.000824521 -0.000147174 -2.49652e-05 0.000196939 -0.00112261 -0.000512542 0.000113944 0.00035151 0.000716454 0.00114041 -0.000201043 0.000497063 0.00037619 0.00026875 0.000370719 -2.1588e-05
internal_weight=1.75116e+06 711334 1.03983e+06 414987 624844 118196 506648 400981 386600 334724 479134 232200 213020 452941 81140 52667 79647 60971 14006 196884 2964 180104 137367 135580 90772 19180 7420 191234 94938 27290 371801 190531 9783 53707 6677 21786 18741 16873 15055 44808 32172 160856 318278 301359 67889 33847 24588 233470 108169 41105 15385 4827 37942 3012 12636 6459 42737 58007 42597 35926 31003 152567
internal_count=1751165 711334 1039831 414987 624844 118196 506648 400981 386600 334724 479134 232200 213020 452941 81140 52667 79647 60971 14006 196884 2964 180104 137367 135580 90772 19180 7420 191234 94938 27290 371801 190531 9783 53707 6677 21786 18741 16873 15055 44808 32172 160856 318278 301359 67889 33847 24588 233470 108169 41105 15385 4827 37942 3012 12636 6459 42737 58007 42597 35926 31003 152567
is_linear=0
shrinkage=0.05


Tree=48
num_leaves=63
num_cat=0
split_feature=2 5 7 39 34 0 39 39 5 34 39 36 0 36 5 39 0 0 19 17 0 33 35 39 0 27 33 35 20 27 39 0 0 31 36 6 36 6 31 40 34 34 34 37 31 33 31 31 0 35 34 40 37 0 34 36 37 31 34 38 39 35
split_gain=18.9767 4.411 3.01906 2.65709 1.57524 1.44298 1.47301 1.46713 1.3467 1.28593 1.2006 1.18403 1.2777 1.14508 1.66042 1.03715 1.69925 1.26486 0.999905 1.6368 1.17297 1.22472 1.41519 1.32994 0.987578 0.966323 0.965622 0.960796 0.946051 0.943563 0.94058 2.19627 1.3501 1.22071 1.01456 0.998717 1.03354 0.950472 0.923091 1.87329 0.903228 1.5281 2.13146 1.22805 0.946536 0.914832 0.852888 0.850423 0.842709 0.838566 1.53286 0.836692 0.828027 0.798338 0.796141 1.24732 1.36277 1.19351 0.86115 0.79476 0.79984 0.770898
threshold=1.0900000000000003 171.49700000000004 5.1500000000000012 0.034715702894933927 3.5000000000000004 267760.08544164605 29.688492603196273 83.215562287844861 135.63150000000002 4.5000000000000009 90.152925015616873 1.0000000180025095e-35 467850.06288736773 2.5000000000000004 144.24250000000004 49.762627038799089 157894.4483570997 664582.16473218438 82550.000000000015 13903.000000000002 82683.458530116259 1.0000000180025095e-35 1.0000000180025095e-35 30.535707025562523 664582.16473218438 37.750000000000007 1.5000000000000002 2.5000000000000004 754.50000000000011 50.050000000000004 52.922989377113936 125651.76343794148 71055.95245073516 10.500000000000002 7.5000000000000009 183.50000000000003 6.5000000000000009 179.30000000000004 1.0000000180025095e-35 57.175037821243144 1.5000000000000002 5.5000000000000009 7.5000000000000009 1.0000000180025095e-35 7.5000000000000009 1.5000000000000002 1.5000000000000002 12.500000000000002 63738.372438047292 1.0000000180025095e-35 1.5000000000000002 69.423251693791954 1.0000000180025095e-35 61630.301608201342 2.5000000000000004 2.5000000000000004 1.0000000180025095e-35 10.500000000000002 1.0000000180025095e-35 81.195862075745069 16.416382182196504 1.0000000180025095e-35
decision_type=2 2 2 2 2 2 2 2 2 2 2 2 2 2 2 2 2 2 2 2 2 2 2 2 2 2 2 2 2 2 2 2 2 2 2 2 2 2 2 2 2 2 2 2 2 2 2 2 2 2 2 2 2 2 2 2 2 2 2 2 2 2
left_child=2 8 4 -4 10 6 13 40 59 15 18 -6 -13 52 -15 17 -17 53 19 -1 25 23 -23 38 30 -20 -24 49 -21 -14 32 37 -10 34 -34 36 -35 -32 39 -22 43 -42 44 45 -43 -8 -7 -48 -46 -9 -51 -11 -5 -3 55 58 -57 -56 -55 60 -2 -25
right_child=1 9 3 5 11 46 7 27 24 51 -12 12 29 14 -16 16 -18 -19 20 28 21 22 26 61 -26 -27 -28 -29 -30 -31 31 -33 33 35 -36 -37 -38 -39 -40 -41 41 42 -44 -45 48 -47 47 -49 -50 50 -52 -53 -54 54 57 56 -58 -59 -60 -61 -62 -63
leaf_value=0.00020412451850647164 0.00058782560544842267 -0.0012180180724851923 0.00069484787817116281 0.0004837929818106846 -0.00069018210071329622 0.00036780529079943479 7.9211590777669336e-05 0.00019856174086354172 -0.00071137310245811443 -0.0010155571255829972 0.00063938629507034341 0.00022154909029182743 -0.00055190692794035553 -0.00035996313059699181 0.00045976891730678852 2.7344565269032345e-05 -0.00037019694217536636 0.00015387744926086019 0.00097092694252540364 0.00077207138190296177 0.00013973898657737891 0.00024894541331180393 -0.00053267304965895295 0.00021915074205977318 0.00027978696089762104 -0.00018729804808123357 0.00014569087922488132 -0.00073503206363182381 0.0020148714710304877 0.00091533869481032171 1.3132375753314418e-05 -0.00017302064016450476 -0.00023449733692616076 0.00038454537709115016 -0.0021656900262339894 -0.0010745509430647438 -0.00081067045808798301 0.00045611522867737114 0.00051042449793529661 0.0021363968241071923 -0.00018459037930905668 -0.0011328944623541694 -0.00046189292778087111 -0.00049155305905225651 0.0019218720161682434 0.0005980354311882095 -0.00018689863439674207 0.00012728331923869457 0.00050912603988146211 0.00094331227809690908 -8.9599756058767927e-05 -0.0003762170813825393 -0.0014825977067301132 0.00033820656602356392 5.1908375280200177e-05 -8.4147381623313699e-05 -0.0012924890140013736 -0.0033068780385840861 -0.00066987072691809162 0.00048678986300526968 -5.1288807964098303e-05 0.00044838756974116155
leaf_weight=8559 5560 3673 16513 43691 5760 9542 191969 55770 13659 12031 21967 34477 10038 12823 11920 41235 77215 8132 1958 3898 2073 37967 12905 154453 13566 22437 8839 2357 2522 1230 26767 148039 159683 17367 683 1511 2019 22112 23938 2711 98412 828 7725 9104 1124 8890 103956 27167 17340 10997 5334 8905 542 2196 9573 21874 2612 272 60039 11658 40953 48095
leaf_count=8559 5560 3673 16513 43691 5760 9542 191969 55770 13659 12031 21967 34477 10038 12823 11920 41235 77215 8132 1958 3898 2073 37967 12905 154453 13566 22437 8839 2357 2522 1230 26767 148039 159683 17367 683 1511 2019 22112 23938 2711 98412 828 7725 9104 1124 8890 103956 27167 17340 10997 5334 8905 542 2196 9573 21874 2612 272 60039 11658 40953 48095
internal_value=6.38177e-07 -0.000198365 0.000136774 6.88859e-05 0.000243693 5.22004e-05 9.3561e-05 5.75844e-05 -0.000107342 -0.000368679 0.000281451 -1.45865e-05 7.04814e-05 0.000307331 3.49448e-05 -0.000334072 -0.000231804 -0.000445851 0.00025765 0.000656796 0.000238692 0.000266612 6.47339e-05 0.000318734 -0.000139623 -9.43362e-05 -0.000256916 0.00025836 0.00126029 -0.000391744 -0.000154144 -7.7071e-05 -0.000232006 -0.000195883 -0.000242722 0.000163565 0.000260067 0.00021353 0.000637142 0.00127121 1.30115e-05 -9.31494e-05 0.000239933 7.64306e-05 0.000520962 0.000102175 -8.85916e-05 -0.000121804 0.000595127 0.000290835 0.000605945 -0.000743618 0.000459698 -0.000494504 -0.000466985 -0.000515357 -0.000213045 -4.0889e-05 -0.0006343 0.000117634 2.51087e-05 0.000273583
internal_weight=1.75116e+06 711334 1.03983e+06 636004 403827 619491 478826 409850 463577 247757 352322 51505 45745 68976 24743 226821 118450 108371 330355 14979 315376 290981 59711 231270 405406 24395 21744 74458 6420 11268 391840 196918 194922 181263 160366 20897 19386 48879 28722 4784 335392 125429 27017 209963 19292 200859 140665 131123 18464 72101 16331 20936 44233 100239 96566 86721 24486 9845 62235 58171 46513 202548
internal_count=1751165 711334 1039831 636004 403827 619491 478826 409850 463577 247757 352322 51505 45745 68976 24743 226821 118450 108371 330355 14979 315376 290981 59711 231270 405406 24395 21744 74458 6420 11268 391840 196918 194922 181263 160366 20897 19386 48879 28722 4784 335392 125429 27017 209963 19292 200859 140665 131123 18464 72101 16331 20936 44233 100239 96566 86721 24486 9845 62235 58171 46513 202548
is_linear=0
shrinkage=0.05


Tree=49
num_leaves=63
num_cat=0
split_feature=2 5 7 28 7 7 0 20 18 31 31 1 0 35 36 31 27 38 0 36 40 36 36 35 35 0 38 31 40 34 6 34 0 15 0 31 34 5 31 40 0 31 0 6 36 31 35 34 33 0 28 22 34 1 38 40 31 40 34 34 40 7
split_gain=17.1366 4.27059 2.5895 2.09545 1.91544 1.57219 1.45583 1.39908 2.95374 1.07446 1.37989 1.58607 1.2291 1.39687 1.21948 1.16497 1.0977 1.27701 1.09034 1.07912 1.0561 0.992568 0.968842 0.968445 1.61585 1.41289 0.913324 0.972051 1.2388 0.911563 0.890295 0.845065 0.83648 0.830233 0.823054 0.818135 0.804044 0.783411 0.778376 0.870977 0.763955 0.751151 0.749778 1.21392 1.07261 0.760988 0.729803 1.35257 1.09814 1.07621 0.729747 0.893594 0.744707 0.714926 1.65541 1.38234 1.1113 1.4585 0.706188 0.705042 0.946072 1.39202
threshold=0.99500000000000011 153.22850000000003 4.4500000000000011 53.650000000000013 9.3500000000000032 4.6500000000000012 29672.543611481178 680.50000000000011 38609.000000000007 3.5000000000000004 2.5000000000000004 6.3350000000000009 125651.76343794148 2.5000000000000004 1.0000000180025095e-35 13.500000000000002 35.850000000000001 91.846575550130709 114852.77503361242 3.5000000000000004 30.298622859806333 1.0000000180025095e-35 2.5000000000000004 1.0000000180025095e-35 2.5000000000000004 211268.45020126042 89.929379459200177 1.0000000180025095e-35 76.062954080073212 4.5000000000000009 183.50000000000003 1.5000000000000002 376421.33800940838 0.019999999999999799 72682.876690625286 20.500000000000004 1.5000000000000002 130.51600000000002 5.5000000000000009 47.937287743823127 306802.36001047143 4.5000000000000009 199144.29579203791 186.80000000000004 2.5000000000000004 10.500000000000002 1.0000000180025095e-35 1.5000000000000002 1.0000000180025095e-35 56825.986672744104 24.650000000000002 1050.5000000000002 3.5000000000000004 5.9200000000000008 67.213611657823847 21.187191899350342 1.0000000180025095e-35 76.42772519330002 1.5000000000000002 1.5000000000000002 45.833325901989532 7.6500000000000012
decision_type=2 2 2 2 2 2 2 2 2 2 2 2 2 2 2 2 2 2 2 2 2 2 2 2 2 2 2 2 2 2 2 2 2 2 2 2 2 2 2 2 2 2 2 2 2 2 2 2 2 2 2 2 2 2 2 2 2 2 2 2 2 2
left_child=2 22 26 4 6 29 -4 31 50 10 16 59 13 19 36 -14 -10 53 -16 20 -11 -22 37 42 34 -26 27 28 40 -3 32 -8 35 -29 38 -24 -13 -2 39 -25 -1 -23 43 -7 -44 -45 48 -48 49 -43 51 -9 -53 -18 -55 -56 57 -57 -21 60 61 -12
right_child=1 5 3 -5 -6 23 7 8 9 12 11 14 15 -15 18 -17 17 -19 -20 58 21 41 30 24 25 -27 -28 33 -30 -31 -32 -33 -34 -35 -36 -37 -38 -39 -40 -41 -42 46 44 45 -46 -47 47 -49 -50 -51 -52 52 -54 54 55 56 -58 -59 -60 -61 -62 -63
leaf_value=-8.7251403407154014e-06 0.00029562957233477045 -0.00041911605698305822 0.0010248809288761456 -0.00024365126395762442 -0.00025300678245688738 -0.00025690084432272373 -1.3705652973691573e-05 -8.7685813327120169e-05 0.00067450563281686265 -6.475920095356536e-05 0.00034885519757714081 0.0016382816769023895 -8.0105427401957267e-06 -0.00076088653430824175 -0.00028372542047787032 0.00028459405770382001 0.00023117765981577125 0.00069121171441591787 0.0011302176683867932 0.00016729610480649946 -8.7104558446699431e-05 0.00013571270924875818 -0.00032859853099299939 -0.002286529407709808 0.0004270057243332963 -0.00022433146242846789 0.00072346810017830891 0.00042604613232045789 0.0012850298317441616 -0.00097288890819494794 0.00030449390836918567 -0.00048892865506963863 0.00017666420857505549 0.00016380051040704022 -0.00039336497213600353 0.00071232572295417589 -0.00099965250551844391 -2.5903254236697635e-05 -0.00032370748233170437 -1.9445287732432723e-05 0.00072714310321283192 0.0026940942125974459 -0.00037793959257593004 0.00016142182673138162 0.00014407642305589235 -0.0013722135231319045 0.00088614301613841292 -0.00012384383080262307 -0.00027620152869678834 0.00093632662347821645 6.7139713781794828e-05 0.0010125171476291989 0.00038271167052634792 -0.00014202290196204756 0.001622232727573151 0.00026433962510696716 2.7553243527353667e-05 0.0016254782969655852 -0.00039295452742168184 -9.5805844817839527e-05 0.00015401983692669654 0.0013071174575611611
leaf_weight=49434 20710 92558 4518 43501 34143 35897 40059 2979 9008 9666 11633 5158 284574 3402 2687 38635 49342 8864 2768 27468 6008 7043 69985 1721 10989 34358 11645 91108 2089 8080 8273 12205 10528 45130 111495 1940 306 222201 1736 562 3798 921 48690 44023 12333 824 7242 6113 1772 15973 4993 16435 6570 69422 1811 6692 24626 2788 7073 9327 19712 5621
leaf_count=49434 20710 92558 4518 43501 34143 35897 40059 2979 9008 9666 11633 5158 284574 3402 2687 38635 49342 8864 2768 27468 6008 7043 69985 1721 10989 34358 11645 91108 2089 8080 8273 12205 10528 45130 111495 1940 306 222201 1736 562 3798 921 48690 44023 12333 824 7242 6113 1772 15973 4993 16435 6570 69422 1811 6692 24626 2788 7073 9327 19712 5621
internal_value=6.06268e-07 -0.000182895 0.000133927 9.3938e-05 0.000113071 -0.000292379 0.000130113 0.000124567 0.000143819 0.000120937 0.000207715 0.000420514 7.29948e-05 0.000233512 0.000962582 2.69661e-05 0.00013716 0.000107563 0.000433744 0.000271403 0.000409491 0.000511197 -5.05618e-05 -0.000235447 -0.000319415 -6.6492e-05 0.000293538 0.000267402 9.06491e-05 -0.000463577 -0.000189979 -0.000124683 -0.000239593 0.000339175 -0.000418704 -0.000300522 0.00149055 1.50985e-06 -0.00112167 -0.00172845 4.37776e-05 0.000603215 -0.000140169 -4.02061e-05 -0.000272438 0.000133243 0.000706042 0.000423841 0.000907949 0.00103215 0.000620756 0.000727137 0.000832651 7.41167e-05 5.47471e-07 0.000276114 0.000204636 0.000664641 5.25729e-05 0.000292658 0.000390672 0.000661037
internal_weight=1.75116e+06 736903 1.01426e+06 811058 767557 403266 733414 728896 676632 645655 229765 57212 415890 92681 10919 323209 172553 163545 5455 89279 54738 45072 333637 302628 160861 45347 203204 191559 55321 100638 90726 52264 82453 136238 115514 71925 5464 242911 4019 2283 53232 39064 141767 80744 61023 44847 32021 13355 18666 16894 30977 25984 23005 154681 105339 35917 34106 9480 34541 46293 36966 17254
internal_count=1751165 736903 1014262 811058 767557 403266 733414 728896 676632 645655 229765 57212 415890 92681 10919 323209 172553 163545 5455 89279 54738 45072 333637 302628 160861 45347 203204 191559 55321 100638 90726 52264 82453 136238 115514 71925 5464 242911 4019 2283 53232 39064 141767 80744 61023 44847 32021 13355 18666 16894 30977 25984 23005 154681 105339 35917 34106 9480 34541 46293 36966 17254
is_linear=0
shrinkage=0.05


Tree=50
num_leaves=63
num_cat=0
split_feature=2 7 7 39 28 3 34 32 0 32 7 39 34 39 31 34 39 34 39 0 32 31 36 35 0 39 0 0 3 31 31 36 35 32 34 0 3 36 0 39 3 40 35 35 32 3 40 19 17 0 40 32 27 31 0 40 34 35 0 36 36 32
split_gain=15.286 3.69069 2.46639 2.42671 1.45289 1.34079 1.26746 1.3021 1.26102 1.86469 1.44886 1.36266 1.24066 1.18663 1.15729 1.46525 1.5138 1.50594 1.18198 1.09608 1.06318 1.03576 1.01244 1.38438 0.982992 0.99658 2.53388 1.34192 1.06764 0.968589 0.928349 1.16771 1.10547 1.34154 2.75488 1.13677 0.975429 0.94712 1.50738 1.21127 0.932185 1.60477 1.05046 0.919599 0.918406 1.92296 0.916239 0.913308 1.29564 1.02462 0.897153 0.883848 0.870664 0.868856 1.18237 0.863671 0.852001 0.850468 0.847165 1.13865 1.09485 0.826184
threshold=1.0900000000000003 4.8500000000000005 5.1500000000000012 6.706875893061869 53.250000000000007 6025.6500000000005 4.5000000000000009 2.5000000000000004 371429.33555197233 2.5000000000000004 9.3500000000000032 59.244860949037879 5.5000000000000009 90.810514536099177 9.5000000000000018 5.5000000000000009 52.739861109328466 7.5000000000000009 86.719845885814223 29672.543611481178 1.0000000180025095e-35 7.5000000000000009 1.0000000180025095e-35 1.5000000000000002 664582.16473218438 52.922989377113936 148806.22112042547 67602.238338278505 7468.7500000000009 1.0000000180025095e-35 8.5000000000000018 7.5000000000000009 1.0000000180025095e-35 1.0000000180025095e-35 1.0000000180025095e-35 428813.06267466937 7767.5500000000002 1.5000000000000002 103568.27171523859 38.053269270924119 7637.0000000000009 43.55929645493665 1.5000000000000002 1.5000000000000002 4.5000000000000009 7767.5500000000002 35.379944073235244 83450.000000000015 11329.000000000002 80141.151665857862 82.578896963393518 5.5000000000000009 37.350000000000001 10.500000000000002 87702.298432998898 16.538985603386305 1.0000000180025095e-35 1.0000000180025095e-35 467850.06288736773 3.5000000000000004 1.5000000000000002 1.0000000180025095e-35
decision_type=2 2 2 2 2 2 2 2 2 2 2 2 2 2 2 2 2 2 2 2 2 2 2 2 2 2 2 2 2 2 2 2 2 2 2 2 2 2 2 2 2 2 2 2 2 2 2 2 2 2 2 2 2 2 2 2 2 2 2 2 2 2
left_child=2 6 4 29 12 51 7 21 9 10 14 53 13 47 15 18 17 -17 19 55 43 46 -9 58 25 27 28 61 -27 -4 32 36 -29 37 -35 -36 -32 40 39 -39 41 42 -34 -8 -28 -46 -2 48 -1 52 -33 -3 -49 54 -11 -5 -30 -20 59 60 -24 -7
right_child=1 5 3 8 -6 24 20 22 -10 11 -12 -13 -14 -15 -16 16 -18 -19 57 -21 -22 -23 23 -25 -26 26 44 30 56 -31 31 50 33 34 35 -37 -38 38 -40 -41 -42 -43 -44 -45 45 -47 -48 49 -50 -51 -52 -53 -54 -55 -56 -57 -58 -59 -60 -61 -62 -63
leaf_value=0.00015097822164557723 -0.00052707727435237571 0.00010528119362540863 0.00204398813930153 -0.0008927629973445139 -0.00010937397440085332 -0.00088725241426850041 -0.00072944450386903037 0.00049994541852231014 -0.00017040514609419218 0.0027574100617792116 -0.00033231923586662682 0.00015241340407570988 -0.00082617435588783423 0.00061173998874296948 -0.00013144307515141555 0.0012431680321300289 0.00015067512518591271 -0.0025778631201740327 0.00021471257874546747 3.015037073228681e-05 -0.0011725233733532589 1.9605478922802481e-05 0.0014143756875141635 -0.0023067899021116897 0.00023280431243261312 0.00032323617511208767 -0.0001691183326767101 -0.00010676433369677546 0.0020854942042129033 0.00040855657000430658 -0.00026724306417737263 -0.000518695873129192 -0.00044318544775300684 0.00043177297801157285 -0.00066951931226229234 3.5582954115418921e-05 0.00026715497496145323 -0.0021662049459364313 -0.00057086083233299069 -0.00019987165085535964 0.00014473705792136343 -0.00015122005179240579 -0.0014865128540722432 0.00064350249627283186 -0.0012690156624078368 0.00010140772739562716 -0.00024350642728129593 0.000989440873421653 0.0010076101107181156 0.00023655387524352197 -0.0028849026906995669 0.0011975286156610037 -0.00020820663032354044 0.00042935029411355746 0.00088340755816762909 0.0014284964643196643 -4.7242327344093007e-05 0.00081912496558499506 -0.00029907267915059308 0.00040548102128137875 -0.0014942034993552092 9.5883756441656441e-05
leaf_weight=8768 44468 41350 928 485 31063 11214 3805 1477 65569 981 25677 28390 2676 21849 71405 6816 10387 268 26215 335331 8705 23054 342 1513 17416 40669 138392 83146 473 37088 12867 1577 4684 14071 17366 8521 25386 2878 22031 1076 7916 14725 4975 1795 5734 4624 79256 1641 8889 308544 537 1939 20166 10636 5927 2306 46928 7481 6532 1100 5995 2640
leaf_count=8768 44468 41350 928 485 31063 11214 3805 1477 65569 981 25677 28390 2676 21849 71405 6816 10387 268 26215 335331 8705 23054 342 1513 17416 40669 138392 83146 473 37088 12867 1577 4684 14071 17366 8521 25386 2878 22031 1076 7916 14725 4975 1795 5734 4624 79256 1641 8889 308544 537 1939 20166 10636 5927 2306 46928 7481 6532 1100 5995 2640
internal_value=2.74686e-07 -0.000178348 0.000122482 6.11232e-05 0.000219155 -0.000112525 -0.000375451 -0.000336019 3.64931e-05 6.19787e-05 3.32195e-05 0.000366495 0.000246549 0.000254311 5.3593e-05 8.75331e-05 0.000535037 0.00109861 6.65058e-05 3.83633e-05 -0.000826792 -0.000288091 -0.000750829 -0.000870154 -0.000136097 -0.000149696 -7.72617e-05 -0.000222503 0.000135292 0.000448479 -0.000192677 2.41832e-05 -0.000240938 -0.000354493 -0.000131343 -0.000437427 8.74018e-05 -0.000507477 -0.000732193 -0.00163111 -0.000326695 -0.000479741 -0.000980565 -0.000289366 -0.000203108 -0.000657234 -0.000345425 0.00023187 0.000582229 0.000213144 -0.00111976 0.000154205 -0.000118082 0.000712924 0.00114953 0.00102512 -2.59604e-05 0.000348901 -0.00071455 -0.00107947 -0.00133723 -0.000699907
internal_weight=1.75066e+06 711177 1.03949e+06 635890 403596 533135 178042 163737 597874 532305 486371 45934 372533 369857 460694 389289 17471 7084 371818 338122 14305 146778 16959 15482 489846 472430 236820 235610 88070 38016 221756 40367 181389 98243 39958 25887 38253 58285 25985 3954 32300 24384 9659 5600 148750 10358 123724 348008 17657 330351 2114 43289 21807 17544 6908 2791 47401 33696 13969 7437 6337 13854
internal_count=1750663 711177 1039486 635890 403596 533135 178042 163737 597874 532305 486371 45934 372533 369857 460694 389289 17471 7084 371818 338122 14305 146778 16959 15482 489846 472430 236820 235610 88070 38016 221756 40367 181389 98243 39958 25887 38253 58285 25985 3954 32300 24384 9659 5600 148750 10358 123724 348008 17657 330351 2114 43289 21807 17544 6908 2791 47401 33696 13969 7437 6337 13854
is_linear=0
shrinkage=0.05


Tree=51
num_leaves=63
num_cat=0
split_feature=2 5 7 39 0 7 7 0 39 20 19 17 20 39 0 31 33 29 35 35 0 0 39 31 7 39 38 19 0 20 31 40 0 3 39 39 0 30 3 29 0 31 31 0 39 31 31 39 0 31 31 3 40 38 31 0 29 35 3 0 39 31
split_gain=13.822 3.58628 2.12853 1.71949 1.81342 1.38682 1.23514 1.13461 1.28647 1.36196 2.07479 1.4638 1.49741 1.06948 1.00834 0.994479 1.01575 0.938391 0.896112 1.51757 1.42845 0.88314 0.832879 0.830761 0.8233 0.901397 0.808433 0.850114 1.10078 1.00837 0.757245 0.956161 0.747225 1.40119 0.901181 0.729337 0.771265 0.725151 0.724039 0.701488 0.669558 0.668905 0.640066 0.624874 0.87452 0.622872 0.618349 0.932836 0.847891 0.780039 0.760282 0.636701 0.95705 0.739006 0.617225 0.746907 0.610312 0.594875 3.09985 1.34172 1.10863 0.71782
threshold=0.99500000000000011 149.98200000000003 4.4500000000000011 17.840208894762803 261306.4794061798 4.6500000000000012 9.3500000000000032 376421.33800940838 92.754276332311875 680.50000000000011 126750.00000000001 11843.000000000002 818.50000000000011 1.276535063846866 97019.283480315295 10.500000000000002 1.0000000180025095e-35 42.581782033797175 1.0000000180025095e-35 2.5000000000000004 207108.62264950093 72682.876690625286 43.966045737443913 1.5000000000000002 8.4000000000000021 0.034715702894933927 89.929379459200177 180650.00000000003 95996.790430202309 844.50000000000011 5.5000000000000009 47.937287743823127 194212.34171234418 6872.7000000000016 52.452199866998804 78.517979791696405 94047.924142322052 0.0014073695003453161 6909.3500000000013 42.581782033797175 435483.29008328053 1.0000000180025095e-35 1.0000000180025095e-35 185021.07735132691 27.956173823152792 10.500000000000002 18.500000000000004 22.754069472270796 233311.11213516156 14.500000000000002 7.5000000000000009 7303.2500000000009 34.589404162649792 31.706845085854464 3.5000000000000004 102656.0117998835 45.920986754056202 1.0000000180025095e-35 4952.9500000000016 231470.97311200551 35.516926160264177 1.5000000000000002
decision_type=2 2 2 2 2 2 2 2 2 2 2 2 2 2 2 2 2 2 2 2 2 2 2 2 2 2 2 2 2 2 2 2 2 2 2 2 2 2 2 2 2 2 2 2 2 2 2 2 2 2 2 2 2 2 2 2 2 2 2 2 2 2
left_child=2 13 26 4 24 43 7 8 9 56 11 -11 17 -2 -14 16 41 -13 32 21 38 30 -12 37 25 42 27 29 -29 -1 31 -20 33 45 54 -15 -37 -10 -21 -30 -22 -6 -4 44 -3 -7 47 48 50 -49 51 52 -23 -53 -35 -56 -5 59 61 60 -41 -59
right_child=1 5 3 6 15 18 -8 -9 23 10 22 12 14 35 -16 -17 -18 -19 19 20 40 46 -24 -25 -26 -27 -28 28 39 -31 -32 -33 -34 34 -36 36 -38 -39 -40 57 -42 -43 -44 -45 -46 -47 -48 49 -50 -51 -52 53 -54 -55 55 -57 -58 58 -60 -61 -62 -63
leaf_value=0.00025928314141095973 0.0004409071502662841 -0.0008278258409070079 0.0030124007414610078 0.00048739524358240864 0.0016137817970874439 0.000187628752039165 -0.00025633269316620099 -0.00011664311755571183 0.00072651956382414591 8.8904824856728793e-05 0.00017151678625509107 0.0013552330595512868 0.0018592262993167227 -8.8103272339817872e-05 0.00079226645245806962 0.00039237641252388208 -0.00076591047721694626 0.00018278742165194701 -0.0021622902879469652 0.00082819371905482042 -0.00037729216767802353 -0.0022679176368239798 2.2905228291699196e-05 0.00028494273330180984 1.1653720528696134e-05 0.00049492385688231356 0.00066851252190674082 -0.00010821533418366581 -0.00041920337441725289 0.00078502596486836507 -0.00031358535580489077 6.3801811843611103e-05 -0.00024312589062493078 -6.8994932119221337e-05 -4.5367333278889161e-05 0.00064076505676990156 4.7575717730397838e-05 0.0024439446345367946 4.6502115126147544e-05 0.00092156218974967031 4.8424762294806009e-05 -1.1959640210582354e-05 0.0010155152770007804 -0.00052188266398149326 -0.00017188902629603663 -0.0012707817624823781 0.00013332128861063584 -0.00029950371646928349 -0.00035977828405680515 -0.0014141970316017376 -0.00029856653355046173 -0.00048990009204750637 -0.00051874726963948604 -0.0025300910672034806 -0.0012858782682541908 -0.00043205320308937757 -0.00023316171031765036 0.0013620131301558432 0.00010931100091050877 0.00047060908121288075 9.6828123058963344e-06 0.0002794818879605504
leaf_weight=25745 11495 5953 432 3151 648 45832 30072 72056 3889 22766 129875 1919 2810 237727 10447 15959 4744 15421 1968 5797 22167 1052 343990 35363 7074 33070 11681 26272 3823 14124 1948 639 69254 5127 24658 6214 46372 730 6058 3545 15833 26807 5645 59913 34707 744 6270 97945 8551 1595 2396 598 3047 1722 3940 7320 43617 8456 21172 30877 55771 1870
leaf_count=25745 11495 5953 432 3151 648 45832 30072 72056 3889 22766 129875 1919 2810 237727 10447 15959 4744 15421 1968 5797 22167 1052 343990 35363 7074 33070 11681 26272 3823 14124 1948 639 69254 5127 24658 6214 46372 730 6058 3545 15833 26807 5645 59913 34707 744 6270 97945 8551 1595 2396 598 3047 1722 3940 7320 43617 8456 21172 30877 55771 1870
internal_value=2.60952e-07 -0.000164536 0.000120035 8.37466e-05 0.000284355 -0.000256413 5.73075e-05 7.10558e-05 9.3084e-05 7.39824e-05 9.69213e-05 0.000392495 0.000618384 -3.21012e-05 0.00101842 6.96371e-05 -9.03243e-05 0.000312541 -0.000207459 -0.000284381 -5.04258e-05 -0.000375697 6.36361e-05 0.000367314 0.00050807 0.000597774 0.000264677 0.000240064 0.000186094 0.000445533 -0.00105938 -0.00161665 -0.000120382 -2.33672e-05 -0.00023636 -5.08301e-05 0.000117672 0.000997946 0.000428743 0.000247697 -0.000199914 2.64115e-05 0.00115747 -0.000419211 -0.000267924 0.000164332 -0.000350415 -0.000376359 -0.000714504 -0.000317365 -0.00105861 -0.0013423 -0.000967668 -0.00200421 -0.000523752 -0.000730816 -0.000184614 0.000268648 0.000455716 0.000203319 6.4181e-05 0.00116597
internal_weight=1.75066e+06 736842 1.01382e+06 810485 94379 435034 716106 686034 613978 573996 527228 53363 30597 301808 13257 48158 32199 17340 334461 177586 49855 127731 473865 39982 46221 39147 203336 191655 151786 39869 4555 2607 156875 87621 41045 290313 52586 4619 11855 125514 38000 27455 6077 100573 40660 46576 123176 116906 17366 99540 8815 6419 4099 2320 16387 11260 46768 121691 31498 90193 59316 10326
internal_count=1750663 736842 1013821 810485 94379 435034 716106 686034 613978 573996 527228 53363 30597 301808 13257 48158 32199 17340 334461 177586 49855 127731 473865 39982 46221 39147 203336 191655 151786 39869 4555 2607 156875 87621 41045 290313 52586 4619 11855 125514 38000 27455 6077 100573 40660 46576 123176 116906 17366 99540 8815 6419 4099 2320 16387 11260 46768 121691 31498 90193 59316 10326
is_linear=0
shrinkage=0.05


Tree=52
num_leaves=63
num_cat=0
split_feature=2 5 28 7 32 0 36 32 3 3 0 38 7 32 40 31 31 36 3 3 38 36 32 34 38 40 0 1 36 34 40 33 3 0 31 40 27 0 34 31 3 40 38 36 34 36 31 36 34 34 36 0 0 0 31 0 0 33 6 32 40 40
split_gain=12.4744 3.23662 2.00332 2.1943 1.90265 1.48117 1.44991 1.42135 1.96387 1.56677 1.27901 1.28347 1.22463 1.0098 1.2174 1.003 1.13717 1.27398 1.17009 1.06341 0.992019 0.982117 1.32701 0.955635 0.94207 0.938199 0.927707 1.69305 0.925117 1.65595 1.32967 1.23175 1.28751 1.19888 1.3678 1.15377 0.915964 0.898122 0.894858 4.46895 2.34882 1.14262 0.924984 0.885127 1.00179 0.880084 1.22499 0.874752 0.864111 0.841772 0.834524 0.889823 0.81806 0.814319 0.805482 0.790067 0.784712 0.783893 0.765141 0.866166 0.7578 0.744056
threshold=0.99500000000000011 149.98200000000003 55.95000000000001 8.4000000000000021 1.0000000180025095e-35 37542.47462077051 2.5000000000000004 1.5000000000000002 7356.7500000000009 6832.7500000000009 243823.68353378095 49.426738681700776 5.1500000000000012 1.0000000180025095e-35 44.680132740596314 3.5000000000000004 2.5000000000000004 1.0000000180025095e-35 5684.7000000000016 12702.500000000002 41.336055781116251 2.5000000000000004 1.0000000180025095e-35 1.0000000180025095e-35 19.496022666521707 16.538985603386305 111529.23726048466 5.9200000000000008 1.5000000000000002 2.5000000000000004 89.06525132649405 1.0000000180025095e-35 12271.100000000002 173394.50111878163 1.5000000000000002 79.626960248961609 35.45000000000001 348478.04252400302 1.0000000180025095e-35 2.5000000000000004 8352.8500000000004 36.831461548904706 42.26510965777571 5.5000000000000009 3.5000000000000004 1.5000000000000002 8.5000000000000018 6.5000000000000009 8.5000000000000018 1.5000000000000002 2.5000000000000004 814800.37472513632 78743.007081441698 664582.16473218438 12.500000000000002 265566.00595758104 61630.301608201342 1.0000000180025095e-35 180.10000000000002 4.5000000000000009 26.981883146429208 28.222105294081477
decision_type=2 2 2 2 2 2 2 2 2 2 2 2 2 2 2 2 2 2 2 2 2 2 2 2 2 2 2 2 2 2 2 2 2 2 2 2 2 2 2 2 2 2 2 2 2 2 2 2 2 2 2 2 2 2 2 2 2 2 2 2 2 2
left_child=2 21 3 4 5 20 -5 9 50 10 11 13 28 14 49 16 19 18 -18 -6 25 22 38 -11 -14 -1 27 48 29 30 33 32 -30 -7 36 -31 -35 45 39 41 55 -2 -42 44 -28 46 -10 -47 -17 56 51 57 -33 -25 -4 60 -3 61 -24 -60 -40 -9
right_child=1 7 54 6 15 12 -8 8 37 23 -12 -13 24 -15 -16 26 17 -19 -20 -21 -22 -23 58 53 -26 -27 43 -29 31 35 -32 52 -34 34 -36 -37 -38 -39 40 -41 42 -43 -44 -45 -46 47 -48 -49 -50 -51 -52 -53 -54 -55 -56 -57 -58 -59 59 -61 -62 -63
leaf_value=2.9561241928883309e-05 -0.00040723014430051876 -0.0019652621201875606 -0.00029013234545239398 9.1056051819692421e-05 0.00023717836247508957 4.5583827159835987e-05 -0.00025766896343560046 0.00044183497274554758 -0.0005376289150459128 0.00035329516596066443 -0.00027802742824688085 0.00016309220319385572 0.00044151424008279653 0.000329347124174785 0.00026283067069430942 0.0006993388317920817 0.0015066895964014754 0.00033960756036145213 0.00045994056376436943 0.0012507141633470327 0.00033355285850585471 -0.00017828169906695382 0.00026572192955629886 -0.00032893044293638485 3.0108538168795569e-05 0.0018991101763724855 0.0002955063056891866 -0.0010978944218418712 -7.4023505663358305e-05 -0.00014268050679624357 0.0011713885386018543 0.001146100582534554 0.00049082229710257727 0.0013733179328240016 1.3395146492613735e-06 -0.0011890825872095927 0.00040497227952561009 0.00029955415326910536 0.0013354770191136948 -0.0012805784798661068 0.0002388207447821261 9.8036684951094305e-05 -0.00023446131937516059 -0.00052920628050116727 -6.4279202875922183e-05 -0.00087313916409368665 0.00050427451000605754 0.00034359962196198879 -0.00078677277753397854 4.3077998157546344e-05 0.00018176285768938926 0.00011948145432378102 -8.8089814317409798e-05 0.00019666529387672431 0.00034250917576205948 -3.1388184628754707e-05 -0.00058816992742751558 0.00023554685044638562 6.8791242452380478e-05 -0.00077544933755268155 0.0005012827748552606 -0.00089433173798627794
leaf_weight=905 15601 1103 39770 64133 36241 107115 55689 1076 5557 5588 53758 62297 14510 7024 6575 19795 7244 9570 4228 2787 5357 81909 63784 198178 339331 2596 62582 1529 11929 18488 3264 1431 65393 2572 24844 3072 48340 8399 3797 8435 13825 39568 40763 4566 28006 8174 5730 1803 1029 5324 2678 2848 21745 7654 5760 4451 16654 1742 16322 3733 9620 32872
leaf_count=905 15601 1103 39770 64133 36241 107115 55689 1076 5557 5588 53758 62297 14510 7024 6575 19795 7244 9570 4228 2787 5357 81909 63784 198178 339331 2596 62582 1529 11929 18488 3264 1431 65393 2572 24844 3072 48340 8399 3797 8435 13825 39568 40763 4566 28006 8174 5730 1803 1029 5324 2678 2848 21745 7654 5760 4451 16654 1742 16322 3733 9620 32872
internal_value=2.47904e-07 -0.000156309 0.000114033 0.000129274 0.000157559 0.000119038 -7.10189e-05 -0.000243592 -0.000448446 -0.00020372 -8.16991e-05 2.49339e-05 0.000110445 -0.000209713 -0.000337389 0.000303093 0.000469293 0.00076557 0.00112091 0.000309555 0.00076131 -3.04962e-05 2.45517e-05 -0.000291871 4.69791e-05 0.00141584 0.000218131 0.000507992 0.000183311 0.000123052 0.000171101 0.000307846 0.00040368 0.000153248 0.000305478 -0.000291778 0.000453892 -0.000138209 -7.18652e-05 -0.000208725 4.82746e-05 -4.48455e-05 -0.000114598 0.000150039 0.000184276 -0.000311119 -8.69238e-06 -0.000653255 0.000625904 -0.000508371 -0.000671722 -0.00073103 -1.18848e-05 -0.000309386 -0.000210097 0.000545861 -0.00067371 -0.0007989 0.000181024 -8.83541e-05 0.000737359 -0.000851981
internal_weight=1.75066e+06 736842 1.01382e+06 968291 848469 670892 119822 435034 70879 364155 152735 98977 662034 36680 29656 177577 60070 21042 11472 39028 8858 301808 219899 211420 353841 3501 117507 22353 308193 207695 186135 100498 77322 182871 75756 21560 50912 29663 136060 63604 72456 55169 54588 95154 90588 21264 11287 9977 20824 23081 41216 38538 23176 205832 45530 17868 17757 35690 83839 20055 13417 33948
internal_count=1750663 736842 1013821 968291 848469 670892 119822 435034 70879 364155 152735 98977 662034 36680 29656 177577 60070 21042 11472 39028 8858 301808 219899 211420 353841 3501 117507 22353 308193 207695 186135 100498 77322 182871 75756 21560 50912 29663 136060 63604 72456 55169 54588 95154 90588 21264 11287 9977 20824 23081 41216 38538 23176 205832 45530 17868 17757 35690 83839 20055 13417 33948
is_linear=0
shrinkage=0.05


Tree=53
num_leaves=63
num_cat=0
split_feature=2 5 7 39 31 34 0 39 34 31 0 7 0 39 39 31 0 38 33 39 38 37 0 35 31 35 5 35 0 0 0 35 3 31 34 7 31 38 0 38 19 20 0 37 35 34 20 3 31 0 34 39 34 35 39 13 39 34 37 25 34 34
split_gain=11.2581 2.94838 1.81898 1.5501 1.6773 1.19377 1.19294 1.82595 1.84595 1.24764 1.19401 1.15335 1.21274 1.13078 1.61956 1.06508 1.05493 1.02682 1.49812 1.00721 0.995291 0.991629 1.09507 0.973782 0.941943 0.931109 0.911124 0.89791 0.890258 0.869934 0.847355 0.840034 1.47142 0.838924 0.835738 0.82704 0.817505 0.781171 0.766337 0.718302 0.762257 1.00149 0.979857 0.697737 0.798399 0.688456 0.687431 0.82027 0.686308 0.723559 1.66595 1.60664 1.43488 0.759642 0.727898 0.699246 0.678346 0.666868 0.665591 0.664755 0.684566 0.661483
threshold=0.99500000000000011 164.79300000000003 4.4500000000000011 6.706875893061869 1.0000000180025095e-35 1.0000000180025095e-35 186191.32801910499 27.956173823152792 1.5000000000000002 7.5000000000000009 636021.34657588962 9.3500000000000032 403730.13949201826 43.966045737443913 83.215562287844861 6.5000000000000009 211268.45020126042 32.084697702541369 1.5000000000000002 1.0000000180025095e-35 24.306327372746711 1.0000000180025095e-35 97973.561530960054 3.5000000000000004 1.0000000180025095e-35 1.0000000180025095e-35 130.51600000000002 2.5000000000000004 428813.06267466937 54058.380157097679 61630.301608201342 1.0000000180025095e-35 5732.6000000000013 3.5000000000000004 2.5000000000000004 6.5500000000000007 14.500000000000002 38.716362160956429 54058.380157097679 89.929379459200177 166450.00000000003 841.50000000000011 95996.790430202309 1.0000000180025095e-35 3.5000000000000004 1.5000000000000002 625.50000000000011 12271.100000000002 18.500000000000004 187289.55610212576 4.5000000000000009 45.067642227021203 1.5000000000000002 3.5000000000000004 33.921760277353819 -0.035000000000000135 99.672165621527469 3.5000000000000004 1.0000000180025095e-35 5.4500000000000011 8.5000000000000018 5.5000000000000009
decision_type=2 2 2 2 2 2 2 2 2 2 2 2 2 2 2 2 2 2 2 2 2 2 2 2 2 2 2 2 2 2 2 2 2 2 2 2 2 2 2 2 2 2 2 2 2 2 2 2 2 2 2 2 2 2 2 2 2 2 2 2 2 2
left_child=2 19 39 4 -4 -3 7 8 9 25 15 12 13 17 46 34 -6 24 59 -2 -10 26 -23 37 -5 30 -21 31 36 -26 -7 56 -33 -22 -8 -18 -17 38 -9 40 41 -1 -42 44 -37 -34 -15 -48 49 51 -51 53 -53 55 -52 -28 -16 -36 -44 -19 61 -61
right_child=1 5 3 11 16 6 10 23 20 -11 -12 -13 -14 14 27 28 35 18 -20 21 33 22 -24 -25 29 -27 48 -29 -30 -31 -32 32 45 -35 57 43 -38 -39 -40 -41 42 -43 58 -45 -46 -47 47 -49 -50 50 54 52 -54 -55 -56 -57 -58 -59 -60 60 -62 -63
leaf_value=0.00024556808423612626 0.00044077864047050938 0.00029886429978593395 0.0019712326567207831 -0.00061447075553185734 0.00064873033823585418 -0.0028837895631045568 -0.0003453102761546633 -0.002095380998106129 -0.0024519191981443259 -1.1389711670603937e-05 1.8722223711538933e-05 -0.00023625715627230279 -0.00012563654997983309 -0.00030301510162236255 0.00016062323848723838 -0.00062643221843741031 -8.6126921433459639e-05 -0.00014891797460297827 -0.00040040531584562824 0.00026844970499262269 0.0019345058106028789 -0.0011032939779323653 -0.00020255141518216911 0.00058026924722320058 0.001105346180713605 -0.0016828112871962323 -0.00014325958035156779 -0.0006149640904422152 -0.0002566820380190354 0.00037860000225974739 -0.00041507569126067326 0.0013992338590357444 0.00053378285871906331 -1.1680054572162156e-05 0.00056766020079871771 0.0001315345964099071 -0.0014275794231008387 -5.5686535579676645e-05 -0.00034235584142090205 0.00062270215897485166 -0.00010708409762142831 0.00081572841907700763 0.00024348558188628665 0.0011276112440441869 0.0017753007653298015 -0.00017207401212005423 -2.071408216241132e-05 0.00018327008147341658 0.00032643208853304459 -0.0002052892629391311 0.0010818130777107118 0.00018493311276428638 -0.00017522803948464926 0.000812011354736514 0.00018185773397208217 -0.00050356941744899349 0.0015984905025290071 -0.00068328568722374151 -0.00058274313188711759 0.00018847742461163038 -0.0010449642582675887 0.00059091168203888984
leaf_weight=23997 9685 9082 1543 2143 14581 387 85461 643 383 2499 17756 32039 71298 17903 77837 42521 18209 14039 12190 20157 611 4649 12306 5151 4643 5538 43742 3091 16334 36400 3413 3969 11879 5907 4488 10435 3442 84326 20477 11681 26272 11342 127559 2820 795 4871 283051 59674 10282 160516 2965 92903 39375 1716 9276 19454 829 1397 2485 113959 1071 11216
leaf_count=23997 9685 9082 1543 2143 14581 387 85461 643 383 2499 17756 32039 71298 17903 77837 42521 18209 14039 12190 20157 611 4649 12306 5151 4643 5538 43742 3091 16334 36400 3413 3969 11879 5907 4488 10435 3442 84326 20477 11681 26272 11342 127559 2820 795 4871 283051 59674 10282 160516 2965 92903 39375 1716 9276 19454 829 1397 2485 113959 1071 11216
internal_value=2.35509e-07 -0.000148493 0.000108331 7.47855e-05 0.000349219 -0.000265916 -0.000282972 -0.000168332 -0.000624754 -0.00100368 -0.000369477 5.73627e-05 7.02483e-05 9.14489e-05 4.88688e-05 -0.000414339 0.000295787 0.00019223 0.000131271 -6.33014e-05 2.51998e-05 -7.49993e-05 -0.000449532 -9.10025e-05 0.000407455 -0.00126923 -5.91391e-05 0.000224276 -0.00057375 0.000460813 -0.000666495 0.000250378 0.000533626 0.000170756 -0.000305623 0.000136257 -0.000686427 -0.000123794 -0.000395727 0.000242043 0.000218842 0.00042856 0.000171431 0.000424469 0.000247901 0.000328515 -9.74861e-07 1.48029e-05 -7.65055e-05 -8.77044e-05 -0.000162411 -2.22539e-05 7.77245e-05 -0.00022599 0.000399844 -0.000254176 0.000175776 0.000270707 0.000227697 0.000177471 0.000213767 0.000224537
internal_weight=1.75066e+06 736842 1.01382e+06 810485 48383 309816 300734 129335 18738 11837 171399 762102 730063 658765 463104 153643 46840 195661 152475 427026 6901 417341 16955 110597 43186 9338 400386 102476 62297 41043 3800 99385 20719 6518 91346 32259 45963 105446 21120 203336 191655 35339 156316 14050 11230 16750 360628 342725 380229 369947 172757 197190 132278 64912 12241 63196 78666 5885 130044 140285 126246 125175
internal_count=1750663 736842 1013821 810485 48383 309816 300734 129335 18738 11837 171399 762102 730063 658765 463104 153643 46840 195661 152475 427026 6901 417341 16955 110597 43186 9338 400386 102476 62297 41043 3800 99385 20719 6518 91346 32259 45963 105446 21120 203336 191655 35339 156316 14050 11230 16750 360628 342725 380229 369947 172757 197190 132278 64912 12241 63196 78666 5885 130044 140285 126246 125175
is_linear=0
shrinkage=0.05


Tree=54
num_leaves=63
num_cat=0
split_feature=2 7 28 31 32 29 31 31 28 0 39 0 33 34 34 5 34 36 33 5 38 39 40 38 34 32 5 36 39 31 36 7 40 38 7 34 40 7 32 31 36 39 36 31 32 5 39 0 5 36 34 36 38 39 40 40 37 34 31 38 10 40
split_gain=10.1611 2.63977 1.90781 2.00638 1.8019 1.7985 1.52415 1.40256 1.4782 1.35755 1.24589 1.32935 1.17797 1.5392 1.29761 1.80959 1.76075 1.49742 1.26977 1.0833 1.82193 2.32781 1.18199 1.22814 1.07886 1.06049 1.05862 1.04682 1.04137 1.037 1.03511 1.02658 0.996377 2.24054 2.14412 1.23837 0.976722 0.973603 0.931854 0.906446 0.902685 0.895658 0.880209 1.17703 1.2404 0.87152 0.837405 0.86524 1.08017 0.832332 0.813877 1.00086 0.802728 0.789736 0.784248 0.77163 0.755084 0.745105 0.874536 0.744128 0.743486 0.729171
threshold=1.0900000000000003 4.8500000000000005 16.150000000000002 3.5000000000000004 1.5000000000000002 57.276702334831846 2.5000000000000004 13.500000000000002 64.850000000000009 153237.91361059365 89.253269743441052 37542.47462077051 1.0000000180025095e-35 1.5000000000000002 5.5000000000000009 177.59050000000005 7.5000000000000009 1.5000000000000002 1.5000000000000002 118.26650000000002 76.300862305355494 53.714205897332796 22.667530885717021 31.706845085854464 4.5000000000000009 2.5000000000000004 147.54450000000003 1.0000000180025095e-35 3.1722184072226276 1.0000000180025095e-35 1.5000000000000002 6.2500000000000009 51.483364560203334 80.870226332538593 6.8500000000000005 1.5000000000000002 69.108780388349786 9.2000000000000011 1.0000000180025095e-35 7.5000000000000009 8.5000000000000018 10.31828845929989 1.0000000180025095e-35 7.5000000000000009 3.5000000000000004 168.47250000000003 1.0000000180025095e-35 147935.36412144205 123.36000000000001 1.5000000000000002 1.0000000180025095e-35 1.5000000000000002 53.965530008082254 81.616372278732584 53.074983236753219 36.831461548904706 1.0000000180025095e-35 3.5000000000000004 6.5000000000000009 81.522049829508688 -0.2950000000000001 29.043345163089846
decision_type=2 2 2 2 2 2 2 2 2 2 2 2 2 2 2 2 2 2 2 2 2 2 2 2 2 2 2 2 2 2 2 2 2 2 2 2 2 2 2 2 2 2 2 2 2 2 2 2 2 2 2 2 2 2 2 2 2 2 2 2 2 2
left_child=2 24 5 4 9 -1 -6 8 12 10 11 31 14 18 15 37 17 -16 -14 20 21 22 -11 -24 25 39 41 -12 -13 -22 -17 -4 33 34 60 -36 -19 46 -26 55 -9 -3 -27 44 52 -20 49 -48 -49 61 -7 -52 -44 -43 -31 -2 -51 -57 -59 -18 -30 -5
right_child=1 26 3 7 6 50 -8 40 -10 19 27 28 13 -15 16 30 59 36 45 -21 29 -23 23 -25 38 42 -28 -29 32 54 -32 -33 -34 -35 35 -37 -38 -39 -40 -41 -42 53 43 -45 -46 -47 47 48 -50 56 51 -53 -54 -55 -56 57 -58 58 -60 -61 -62 -63
leaf_value=0.00064615900524573873 -0.00044468537105759849 0.00038318626430164783 0.00024681603255794805 -0.00084726311388674857 -0.0001349748001247988 0.0003803028121202093 0.0010825659875056957 0.00036042632459087816 -0.00045638216695804501 0.0010989260083412427 0.0012637490978592352 0.0011125029277605618 -0.00015322515728532937 -0.00034958709724894257 0.00017308903938285632 -0.0001039621886195521 -0.00085869918543510053 0.0011916282775996984 0.0006663579134110997 0.00013568800089671119 0.0015107424809713056 -0.00034365552521164257 -0.00099657607200635974 0.00037964828974661999 -0.00022537144581242989 0.00051615833936652171 -0.00013935484494191749 9.8874248611181872e-06 -0.00022955620250625421 0.0012592237491902535 0.00037859112033569275 0.0021467713619690437 -0.00021457753144815046 0.0016337946287722238 0.00083308401320512839 -0.00010780880869642686 0.00036831363652037585 -0.00032214535669037317 -0.0010521884265941948 5.5378252681703033e-05 -0.00013416847265846688 -7.1307214460078263e-05 -0.0032959227937447797 -0.00049950591200611421 0.0013957537557807724 6.8697161362205535e-05 0.00010588983569234694 0.00057524443302130039 -0.00012482127830318551 -0.00040926079753443096 -0.00015848651513774987 0.00027593747393218427 -0.001404413892267388 0.00023219370111944408 0.0002878999199454797 -0.00015221623184339314 0.00088414418743507832 -1.4849130280076133e-05 -0.0015496200100926052 0.00012603724102621267 5.2062964433718126e-05 0.0023940204809551908
leaf_weight=27461 47352 14760 1620 213 3550 31886 9315 43243 17978 5600 3768 2071 40481 48130 18694 14659 3859 8590 9815 110584 4578 12625 1681 45497 5600 1477 356406 2982 38523 3044 45942 1267 45445 2222 11778 4974 6204 27624 8705 23054 11727 136544 686 11378 342 16114 82586 5738 138698 2097 26283 26754 3076 25425 6549 72606 2443 1659 2107 3815 59843 936
leaf_count=27461 47352 14760 1620 213 3550 31886 9315 43243 17978 5600 3768 2071 40481 48130 18694 14659 3859 8590 9815 110584 4578 12625 1681 45497 5600 1477 356406 2982 38523 3044 45942 1267 45445 2222 11778 4974 6204 27624 8705 23054 11727 136544 686 11378 342 16114 82586 5738 138698 2097 26283 26754 3076 25425 6549 72606 2443 1659 2107 3815 59843 936
internal_value=2.23734e-07 -0.000145409 9.98603e-05 7.62763e-05 0.000165025 0.000294414 0.000746595 1.53139e-05 -1.13143e-05 0.000144507 4.37962e-05 1.69953e-05 5.47291e-06 -0.000134285 4.96817e-05 1.57841e-05 0.000313978 0.000470522 2.17525e-05 0.000236922 0.000377607 0.000266241 0.000412134 0.000330612 -0.000312104 -0.000275724 -8.97411e-05 0.000709821 -1.63147e-06 0.000891589 0.000261865 0.00108064 -1.58058e-05 6.11771e-05 3.08226e-05 0.000553714 0.000846364 -4.14987e-05 -0.000728513 -0.00023247 0.000254912 1.0314e-05 -0.000650076 -0.000761336 -0.00148724 0.000294932 -8.18445e-06 -2.3199e-05 -9.70098e-05 0.000590979 0.000180673 6.06545e-05 -0.00174933 -2.36653e-05 0.000596115 -0.000286106 0.000286728 -0.000187785 -0.000873522 -0.000369154 -5.82273e-05 0.00179316
internal_weight=1.75066e+06 711177 1.03949e+06 927102 377516 112384 12865 549586 494616 364651 174493 167743 476638 114540 362098 320936 41162 33488 66410 190158 79574 65403 52778 47178 178042 163737 533135 6750 164856 14171 60601 2887 162785 117340 115118 16752 14794 260335 14305 146778 54970 176729 16959 15482 4104 25929 232711 227022 144436 5689 84923 53037 3762 161969 9593 123724 4540 76372 3766 7674 98366 1149
internal_count=1750663 711177 1039486 927102 377516 112384 12865 549586 494616 364651 174493 167743 476638 114540 362098 320936 41162 33488 66410 190158 79574 65403 52778 47178 178042 163737 533135 6750 164856 14171 60601 2887 162785 117340 115118 16752 14794 260335 14305 146778 54970 176729 16959 15482 4104 25929 232711 227022 144436 5689 84923 53037 3762 161969 9593 123724 4540 76372 3766 7674 98366 1149
is_linear=0
shrinkage=0.05


Tree=55
num_leaves=63
num_cat=0
split_feature=2 5 28 7 20 18 36 32 35 35 0 10 34 34 36 31 35 36 0 35 36 32 32 6 19 37 0 17 31 0 32 34 36 0 31 18 20 19 36 16 0 34 32 6 0 0 5 34 36 32 35 34 31 34 7 6 35 34 0 36 0 31
split_gain=9.12507 2.42367 1.7159 2.02016 1.75379 3.27119 1.44051 1.2916 1.26539 1.72962 1.89441 1.32055 1.17116 2.29368 1.72255 1.51068 2.14064 1.69633 1.71496 1.41961 2.26657 1.43934 1.71292 3.07093 1.13927 1.05604 1.22121 1.037 1.22629 0.990221 1.25846 1.04218 0.976025 0.962732 0.950353 0.917585 1.00764 1.12386 0.909337 1.95444 1.38399 1.33524 0.968028 0.883601 0.855329 0.85167 0.801026 0.792977 0.780644 1.02402 1.22602 4.10731 1.32773 1.00016 1.63989 0.95817 1.59792 1.07889 0.903971 0.853953 0.819041 0.798373
threshold=0.99500000000000011 153.22850000000003 44.45000000000001 8.2500000000000018 704.50000000000011 38609.000000000007 2.5000000000000004 1.0000000180025095e-35 1.0000000180025095e-35 2.5000000000000004 292307.71951550466 -1.0649999999999997 3.5000000000000004 2.5000000000000004 2.5000000000000004 3.5000000000000004 2.5000000000000004 1.5000000000000002 105405.64562512307 1.5000000000000002 1.0000000180025095e-35 2.5000000000000004 1.0000000180025095e-35 171.50000000000003 126750.00000000001 1.0000000180025095e-35 120719.74841816539 11655.500000000002 7.5000000000000009 93054.872804561193 1.5000000000000002 3.5000000000000004 1.5000000000000002 226448.68524425267 1.5000000000000002 54997.500000000007 923.50000000000011 151650.00000000003 1.5000000000000002 -0.68999999999999961 145275.02644546048 4.5000000000000009 1.0000000180025095e-35 191.20000000000002 530784.53092997277 135787.14631137656 181.71200000000002 1.0000000180025095e-35 2.5000000000000004 1.0000000180025095e-35 1.5000000000000002 1.0000000180025095e-35 3.5000000000000004 1.0000000180025095e-35 7.7500000000000009 180.10000000000002 1.5000000000000002 3.5000000000000004 154136.87753350326 1.5000000000000002 300855.65207859472 2.5000000000000004
decision_type=2 2 2 2 2 2 2 2 2 2 2 2 2 2 2 2 2 2 2 2 2 2 2 2 2 2 2 2 2 2 2 2 2 2 2 2 2 2 2 2 2 2 2 2 2 2 2 2 2 2 2 2 2 2 2 2 2 2 2 2 2 2
left_child=2 48 3 4 32 24 -5 35 11 10 29 -9 13 14 15 17 19 18 -3 -17 -21 22 23 -22 27 43 -27 -6 -29 30 -10 -31 34 -18 -1 36 -7 -38 39 41 42 -14 -41 -16 47 -13 -47 -35 49 50 52 59 53 61 60 -51 58 -58 -57 -52 -55 -2
right_child=1 12 -4 6 5 7 -8 8 9 -11 -12 45 38 -15 25 16 33 -19 -20 20 21 -23 -24 -25 -26 26 -28 28 -30 31 -32 -33 -34 44 -36 -37 37 -39 -40 40 -42 -43 -44 -45 -46 46 -48 -49 -50 55 51 -53 -54 54 -56 56 57 -59 -60 -61 -62 -63
leaf_value=9.0852778696726705e-05 1.5756342273898498e-06 0.00039116792109697847 -0.00010853706005555505 9.3668343921746522e-05 0.00032906030732928604 0.00015678628289244982 -0.00023074309151814403 -0.00101788398147032 -0.00028033532984047686 -0.00068823029845943291 0.00012396926669851725 0.00044503177594642438 -0.00077720554925635177 0.00035353202558185829 -8.9744112626655818e-05 -0.00040116648278657916 0.00054981389118856599 0.00030997301004472732 -0.00032229804945241894 -6.8552059612298581e-05 -0.00014770500130832176 -0.0021493561037264309 -0.00036921419829480379 -0.0021060772109280528 0.00024912867327576814 -0.0012973873257503862 -4.6441897653351903e-05 0.0013454746112877276 0.00037454714583802637 0.00089098831842196989 0.0012496112666504347 -4.1442704977661223e-05 9.115705032254097e-05 0.00030701914554017308 -0.00044375011251647782 8.8765554205271757e-05 0.0010366831506085372 0.00028096993179447578 -0.00076010387404740068 0.00098134907677488513 -0.00065605855217887744 0.00088705567844139528 -0.00029411377748010382 0.0002540905999297329 0.00022332047813690745 -3.9674939991901245e-05 0.00040566108422529946 -0.00046791804248300637 -0.00015881939600270842 0.00023890960356261009 -0.0010955472077065335 0.00016833663537865271 -0.00029327136856359274 0.00086183998070865251 2.6791603960256359e-06 0.00025040828655718177 0.00043568751401805135 -0.0017010163472157718 -0.00072607263602324755 -0.0033440701343943253 -3.3959105041813468e-05 -0.00079446538164541867
leaf_weight=12617 56414 9621 91481 73013 6611 45761 64402 2368 4880 3226 22100 21744 1594 18844 62886 76334 5354 17642 67620 7125 3117 2855 7356 5595 11707 3446 4497 11580 4522 31755 1855 3309 41842 3977 24370 461299 8100 12530 15410 2355 22971 4941 4039 26584 9644 39680 13544 19426 90518 68750 9019 13008 30843 12397 21276 3094 10501 626 10130 443 3213 3336
leaf_count=12617 56414 9621 91481 73013 6611 45761 64402 2368 4880 3226 22100 21744 1594 18844 62886 76334 5354 17642 67620 7125 3117 2855 7356 5595 11707 3446 4497 11580 4522 31755 1855 3309 41842 3977 24370 461299 8100 12530 15410 2355 22971 4941 4039 26584 9644 39680 13544 19426 90518 68750 9019 13008 30843 12397 21276 3094 10501 626 10130 443 3213 3336
internal_value=7.32428e-07 -0.000133186 9.80129e-05 0.000118489 0.000149433 0.000174389 -5.83729e-05 0.000150044 0.000282513 0.000441351 0.000498379 0.000144647 -0.000215665 -0.000183128 -0.00021349 -0.000286594 -0.000390521 -0.000132393 -0.00023343 -0.000509927 -0.00082865 -0.00111485 -0.000931033 -0.00140541 0.000649804 -3.66332e-05 -0.000589153 0.000856325 0.0010728 0.000696337 0.000141053 0.000802995 -7.42583e-05 -7.21688e-05 -0.000261386 0.000113779 0.000287575 0.000577687 -0.000438829 -0.000300922 -0.000474959 0.000481113 0.000175657 1.24186e-05 -0.000172937 0.000181367 7.36505e-05 -0.000336229 -3.34809e-05 1.31984e-05 -6.76706e-05 -0.000408208 -7.64593e-06 8.35162e-05 0.000288243 0.000143446 -0.000126074 0.000315478 -0.000497607 -0.00120082 0.000677458 -4.28694e-05
internal_weight=1.7511e+06 736801 1.0143e+06 922815 785400 706571 137415 672151 144461 67125 63899 77336 403233 351923 333079 235666 140783 94883 77241 102382 26048 18923 16068 8712 34420 97413 7943 22713 16102 41799 6735 35064 78829 38401 36987 527690 66391 20630 51310 35900 29365 6535 6394 89470 33047 74968 53224 23403 333568 243050 149949 22470 127479 96636 36886 93101 24351 11127 13224 9462 15610 59750
internal_count=1751097 736801 1014296 922815 785400 706571 137415 672151 144461 67125 63899 77336 403233 351923 333079 235666 140783 94883 77241 102382 26048 18923 16068 8712 34420 97413 7943 22713 16102 41799 6735 35064 78829 38401 36987 527690 66391 20630 51310 35900 29365 6535 6394 89470 33047 74968 53224 23403 333568 243050 149949 22470 127479 96636 36886 93101 24351 11127 13224 9462 15610 59750
is_linear=0
shrinkage=0.05


Tree=56
num_leaves=63
num_cat=0
split_feature=3 3 38 0 7 35 40 20 0 40 28 3 0 32 0 22 36 38 31 32 36 40 32 38 0 38 0 36 35 34 36 20 34 32 35 32 32 34 3 40 31 0 31 36 36 3 0 36 0 0 35 36 3 36 35 0 3 34 3 32 31 0
split_gain=4.39977 6.45358 3.33417 2.69156 2.39525 1.76936 1.89036 1.63474 1.55715 1.48929 1.47709 1.27677 1.16265 1.14627 1.34368 1.14528 1.07292 1.49823 1.05774 1.53427 1.39819 0.986113 0.983673 1.04812 1.03811 0.965491 0.877331 0.864636 0.851134 1.09528 1.27341 1.09639 0.845797 0.843124 0.818232 1.88663 1.88279 4.05867 2.42981 3.85405 2.40599 1.90916 1.40991 1.30662 1.25779 1.46544 1.2013 1.19635 1.21261 1.16218 1.18137 1.75541 1.61055 1.06613 0.901007 0.894668 0.884271 2.14128 1.56879 1.50772 1.81203 1.41947
threshold=9783.7000000000025 5574.6500000000005 75.842286874479498 80141.151665857862 4.7500000000000009 1.0000000180025095e-35 39.9138184137297 722.50000000000011 247630.90071948498 46.251997844299972 64.850000000000009 12702.500000000002 109823.50028000973 1.0000000180025095e-35 93054.872804561193 6536.5000000000009 1.0000000180025095e-35 40.80324432517984 1.0000000180025095e-35 1.0000000180025095e-35 1.0000000180025095e-35 76.42772519330002 13.500000000000002 62.108222030497011 168433.13078145112 62.213681387142749 322867.27601415705 1.5000000000000002 1.0000000180025095e-35 3.5000000000000004 1.5000000000000002 832.50000000000011 4.5000000000000009 2.5000000000000004 1.0000000180025095e-35 10.500000000000002 1.0000000180025095e-35 1.0000000180025095e-35 7560.7500000000009 39.367070919432443 3.5000000000000004 88875.963452935728 10.500000000000002 1.5000000000000002 5.5000000000000009 6742.4000000000005 392765.93330328498 1.0000000180025095e-35 104509.67689563522 467850.06288736773 3.5000000000000004 1.5000000000000002 7468.7500000000009 1.0000000180025095e-35 1.5000000000000002 99872.662207177011 6593.2000000000016 1.0000000180025095e-35 6427.6500000000005 2.5000000000000004 5.5000000000000009 110671.22989529466
decision_type=2 2 2 2 2 2 2 2 2 2 2 2 2 2 2 2 2 2 2 2 2 2 2 2 2 2 2 2 2 2 2 2 2 2 2 2 2 2 2 2 2 2 2 2 2 2 2 2 2 2 2 2 2 2 2 2 2 2 2 2 2 2
left_child=1 2 5 7 32 8 13 -2 27 -4 11 22 -11 -7 -15 -9 17 -10 21 20 -20 -14 23 -5 -25 -8 -24 -1 29 31 -31 -13 33 -3 35 56 38 43 39 47 53 -42 49 54 45 -44 -43 -36 -49 50 51 -39 -53 -40 -38 -55 57 -6 -59 -58 61 -61
right_child=3 4 9 10 34 6 25 15 16 12 -12 28 18 14 -16 -17 -18 -19 19 -21 -22 -23 26 24 -26 -27 -28 -29 -30 30 -32 -33 -34 -35 36 -37 37 42 40 -41 41 46 44 -45 -46 -47 -48 48 -50 -51 -52 52 -54 55 -56 -57 59 58 -60 60 -62 -63
leaf_value=-2.6926712172188937e-05 7.2314995131553535e-05 -0.00021333546541628205 0.0013567874730482045 0.00011317825303077552 -6.9707370245532192e-05 -0.0004701375015335517 0.00084629267129956868 0.00053670001498521162 -0.001331817359436392 -6.0766486028346239e-05 -0.00030401906774412172 0.00016821599327133312 0.00035091805401470512 -0.00076179335604279548 0.00059581229793530537 0.0013067590252052279 0.00095691572531323538 0.00037995738949599589 -0.00074092352813475207 0.00094680748272504161 0.00055596026306757096 0.0016617759497780105 0.0011238203570128995 8.3421057771365938e-05 -0.00015258844700426235 0.00015116756148582063 0.00020583845274753157 -0.000650940335838502 3.5646488362234953e-05 -0.00049510770203609988 0.00028342276385897897 0.00051249439762508352 -0.00066226298198390321 -0.00059436904411438801 -0.00037582654180991958 -0.0016794931976907125 -4.4983702828020154e-05 -0.00018898273171632319 0.00010136675750382294 -0.00014651602206591698 -0.00077621173327674863 -0.00016743699076672572 -0.0015239362119502931 0.0009468922037648976 -0.0008240384995646579 0.00016938436885833899 0.0003226798304692515 -0.0018798845599303855 -0.0008903568172064539 0.00010072868556555634 0.00048521542224217471 0.00020236699789259591 -0.00086626486953499712 0.0019240976082106058 0.0004016259508657573 0.00062485233290797242 -0.00013338534068733237 0.00059021549928172691 6.5303399037860638e-05 0.003331709321244115 0.00013125141571292197 0.00081249584517885214
leaf_weight=108332 16529 140573 5872 192851 93367 7766 18370 24070 1483 7343 24358 41682 2188 2288 8960 6040 6515 9260 3741 7993 4676 4167 3743 81110 109490 6861 8544 5851 48660 8883 12851 51944 13707 16190 9465 1707 17406 34156 5929 45014 11542 88283 1316 7649 3826 43904 14565 3640 20717 15330 3712 4100 25176 1957 32156 4103 171058 27570 29427 763 18275 2093
leaf_count=108332 16529 140573 5872 192851 93367 7766 18370 24070 1483 7343 24358 41682 2188 2288 8960 6040 6515 9260 3741 7993 4676 4167 3743 81110 109490 6861 8544 5851 48660 8883 12851 51944 13707 16190 9465 1707 17406 34156 5929 45014 11542 88283 1316 7649 3826 43904 14565 3640 20717 15330 3712 4100 25176 1957 32156 4103 171058 27570 29427 763 18275 2093
internal_value=6.95806e-07 -5.87724e-05 0.000189869 0.000106323 -0.000116691 0.000100064 0.000373556 0.000471847 8.00321e-06 0.000628376 7.71373e-05 9.37234e-05 0.000486314 -2.92378e-06 0.000319656 0.000691172 0.000450668 0.000143658 0.000662778 0.000450683 -2.04497e-05 0.00121045 4.51083e-05 3.09972e-05 -5.21544e-05 0.000657269 0.000485484 -5.89026e-05 0.000211019 0.000284993 -3.47739e-05 0.000359223 -0.00028562 -0.000252687 -7.76808e-05 -2.13696e-05 -0.00012689 -1.29079e-05 -0.000231716 -0.000449551 -9.58293e-05 -0.000166457 -0.000165835 0.000338649 4.64539e-05 0.000120105 -9.80282e-05 -0.000852862 -0.00103824 -0.00029208 -0.000381764 -0.000432499 -0.000716607 0.000578049 0.000244778 0.00104443 -1.31069e-05 7.77151e-05 0.000319208 -8.41638e-05 0.00031429 0.00148552
internal_weight=1.7511e+06 1.12034e+06 211666 630755 908676 175686 44245 46639 131441 35980 584116 559758 30108 19014 11248 30110 17258 10743 22765 16410 8417 6355 395738 383451 190600 25231 12287 114183 164020 115360 21734 93626 170470 156763 738206 344260 393946 188731 205215 78836 126379 114390 131520 57211 49046 45220 102848 33822 24357 82474 67144 63432 29276 11989 49562 6060 342553 150364 56997 192189 21131 2856
internal_count=1751097 1120342 211666 630755 908676 175686 44245 46639 131441 35980 584116 559758 30108 19014 11248 30110 17258 10743 22765 16410 8417 6355 395738 383451 190600 25231 12287 114183 164020 115360 21734 93626 170470 156763 738206 344260 393946 188731 205215 78836 126379 114390 131520 57211 49046 45220 102848 33822 24357 82474 67144 63432 29276 11989 49562 6060 342553 150364 56997 192189 21131 2856
is_linear=0
shrinkage=0.05


Tree=57
num_leaves=63
num_cat=0
split_feature=2 5 28 20 3 38 35 39 0 22 39 32 38 39 39 3 34 34 39 0 0 32 39 0 39 0 18 27 31 28 6 20 34 32 0 0 0 3 34 31 35 34 31 34 39 31 31 34 18 0 0 35 32 3 35 3 39 35 31 0 32 3
split_gain=7.43215 2.03545 1.53022 1.97049 1.53652 2.69634 1.79454 2.47426 1.63234 1.42991 1.29228 1.16999 1.24556 1.18029 1.1258 1.78616 1.06357 1.904 1.4414 2.28377 2.20972 1.53837 1.10713 1.05959 1.01096 1.01285 0.984977 1.29908 0.979931 0.971569 1.01927 1.11676 1.10003 0.964595 0.947971 0.947415 0.935759 0.890682 0.954735 0.863205 0.972889 1.16505 0.956635 0.85091 0.847309 0.840702 1.26742 0.811893 0.810565 0.761882 0.761136 0.753298 1.95136 1.35662 1.12473 1.02648 0.804745 0.70891 0.693683 1.42814 1.02295 0.685462
threshold=0.99500000000000011 149.98200000000003 16.150000000000002 719.50000000000011 5496.1000000000013 75.842286874479498 1.0000000180025095e-35 53.714205897332796 231470.97311200551 5328.0000000000009 1.276535063846866 2.5000000000000004 24.306327372746711 82.025839525732849 68.671700068527386 4952.9500000000016 3.5000000000000004 2.5000000000000004 43.69885948599066 253430.94683847649 428813.06267466937 7.5000000000000009 27.956173823152792 97019.283480315295 58.487373554938024 340632.26693548955 26259.500000000004 25.750000000000004 3.5000000000000004 66.450000000000017 170.55000000000004 772.50000000000011 5.5000000000000009 1.0000000180025095e-35 124810.89687591109 102656.0117998835 99872.662207177011 6872.7000000000016 1.5000000000000002 7.5000000000000009 1.0000000180025095e-35 1.0000000180025095e-35 3.5000000000000004 8.5000000000000018 1.0000000180025095e-35 2.5000000000000004 1.0000000180025095e-35 1.5000000000000002 55429.500000000007 329916.92390920437 138264.28705194555 1.5000000000000002 1.0000000180025095e-35 7099.2000000000016 1.0000000180025095e-35 7126.3000000000011 70.790168917946986 2.5000000000000004 8.5000000000000018 78743.007081441698 6.5000000000000009 7356.7500000000009
decision_type=2 2 2 2 2 2 2 2 2 2 2 2 2 2 2 2 2 2 2 2 2 2 2 2 2 2 2 2 2 2 2 2 2 2 2 2 2 2 2 2 2 2 2 2 2 2 2 2 2 2 2 2 2 2 2 2 2 2 2 2 2 2
left_child=2 44 3 47 5 6 7 8 10 -5 -4 12 26 29 15 23 17 18 20 21 22 36 37 -8 25 58 27 -6 -11 30 32 -32 -14 50 -35 -7 -20 38 -3 40 42 -42 -39 -34 -2 46 -37 -1 -33 -43 -17 54 -53 -54 -18 -56 -57 -15 59 -13 -60 -22
right_child=1 16 4 9 11 35 14 -9 -10 28 -12 24 13 57 -16 33 51 -19 19 -21 61 -23 -24 -25 -26 -27 -28 -29 -30 -31 31 48 43 34 -36 45 -38 39 -40 -41 41 49 -44 -45 -46 -47 -48 -49 -50 -51 -52 52 53 -55 55 56 -58 -59 60 -61 -62 -63
leaf_value=0.0001497146636793502 0.00052618789926061032 -0.00047589382240906551 0.0020590854808920844 0.00024777326897508137 -0.00019325039558766767 6.5639482137491497e-05 -8.0339321225544405e-05 -0.00046322340510887669 0.0005937159320494414 0.0013011989636338402 1.6560152003334176e-05 0.0035482031288917603 -0.00017617425234710087 0.00020740563710459374 0.0011721815885229901 0.00032484538961574807 -5.7166392586735433e-05 0.00031816000204039704 0.00033574904337389181 -0.00033210280689156363 -0.00012553977745970139 -0.0013721036943047352 -0.00027381436858201505 0.0010176072385871175 4.0734081970659244e-05 0.00013513758112146114 0.00023886030729146189 0.0052806715549991168 0.00056522042721874591 -0.00040387383065690829 -0.00019678752797261634 0.0002585701935532817 0.00053513748205761223 -0.00027009489985961539 0.00071727820964620102 0.001209312332995402 -2.505879056231915e-05 0.00048830509576685297 0.00060904793517241144 -0.00026988149213226883 0.00082846699156622402 -0.0015848528402135282 -0.00080823378065563605 -0.00057336398951787066 -3.3297351949279368e-05 0.0015123470592092333 0.00035937747197822899 -0.00030537715742470854 2.575921532472057e-05 -0.00072600546147435596 -0.00063861420175547541 0.00081056151729458163 -0.001439843182473518 9.8958061107616292e-05 -0.00096052994243966234 -0.00015148979619510229 -0.00081299755094635373 -0.00054162431964907619 -5.6462768512791886e-05 0.00086299372576722772 0.00085357389309967792 0.00033941957817399429
leaf_weight=35038 6926 19654 782 37758 210 5633 2814 21733 15708 5813 79596 542 130851 73866 4355 2969 11565 19762 21045 74179 24592 1990 54460 10029 37364 17236 46210 224 20377 17183 49802 43438 9460 3846 6607 6805 122993 1834 2261 6127 662 8537 6344 2119 295009 3422 12340 13606 268390 3702 6622 4248 2628 3148 13758 12359 7321 3300 5540 5731 6977 11697
leaf_count=35038 6926 19654 782 37758 210 5633 2814 21733 15708 5813 79596 542 130851 73866 4355 2969 11565 19762 21045 74179 24592 1990 54460 10029 37364 17236 46210 224 20377 17183 49802 43438 9460 3846 6607 6805 122993 1834 2261 6127 662 8537 6344 2119 295009 3422 12340 13606 268390 3702 6622 4248 2628 3148 13758 12359 7321 3300 5540 5731 6977 11697
internal_value=6.61016e-07 -0.000120198 8.8455e-05 0.000262252 6.67537e-05 0.000195985 0.000114196 1.85639e-05 0.000127536 0.000444686 3.64319e-05 3.37892e-05 1.2267e-05 -7.13084e-06 0.000416739 0.000316701 -0.000189446 -0.000159683 -0.000185909 -0.000106181 -0.00031143 8.58258e-06 -0.000429062 0.000777039 0.000222956 0.000411946 0.000261127 0.002632 0.000728575 -3.41492e-05 -2.15456e-05 2.30757e-05 -0.000134839 2.17439e-05 0.000353991 0.000645712 2.76579e-05 -0.000601183 -0.000363959 -0.000792272 -0.000944115 -0.00121457 -0.000517472 0.000332278 -2.04635e-05 0.000790506 0.000661483 2.24229e-05 5.81901e-05 -0.00132507 -0.000340365 -0.000394887 -2.90529e-06 -0.000601175 -0.000482197 -0.0006292 -0.000397572 0.000175373 0.000665861 0.001095 0.000450793 2.43301e-05
internal_weight=1.7511e+06 736801 1.0143e+06 112592 901704 183261 155061 117819 96086 63948 80378 718443 645053 598409 37242 32887 434866 379839 360077 220207 139870 146028 103581 12843 73390 36026 46644 434 26190 521243 504060 361630 142430 20044 10453 28200 144038 49121 21915 27206 21079 12901 8178 11579 301935 22567 19145 48644 311828 12239 9591 55027 10024 5776 45003 33438 19680 77166 18790 6273 12517 36289
internal_count=1751097 736801 1014296 112592 901704 183261 155061 117819 96086 63948 80378 718443 645053 598409 37242 32887 434866 379839 360077 220207 139870 146028 103581 12843 73390 36026 46644 434 26190 521243 504060 361630 142430 20044 10453 28200 144038 49121 21915 27206 21079 12901 8178 11579 301935 22567 19145 48644 311828 12239 9591 55027 10024 5776 45003 33438 19680 77166 18790 6273 12517 36289
is_linear=0
shrinkage=0.05


Tree=58
num_leaves=63
num_cat=0
split_feature=3 3 38 0 40 39 0 7 35 39 28 40 31 40 0 32 39 33 3 0 39 32 0 39 40 33 31 36 31 32 0 35 34 32 31 36 0 36 32 35 32 34 31 32 0 39 35 39 0 32 34 3 39 0 36 40 3 37 3 38 35 32
split_gain=3.62007 5.29378 3.64411 2.37782 1.84384 1.82843 2.64837 1.74698 1.68313 2.46968 1.2718 1.20247 1.67579 1.16247 1.13493 1.08418 1.05793 1.02021 0.968558 0.946903 1.03843 0.920368 0.912478 0.867633 0.857448 0.75209 2.06705 1.14052 0.95878 0.837653 0.747005 0.725725 0.715458 0.740203 0.801685 0.74131 0.931442 1.18524 0.732472 0.738893 0.713053 0.706161 1.24462 1.74564 1.76352 1.18002 1.10734 1.84354 1.26987 1.07584 1.00532 1.21748 0.958458 0.834647 0.825608 0.793081 0.785022 0.782965 0.820685 1.00475 0.929443 1.84845
threshold=9783.7000000000025 6025.6500000000005 75.842286874479498 80141.151665857862 46.251997844299972 53.714205897332796 95996.790430202309 4.7500000000000009 1.0000000180025095e-35 68.671700068527386 44.45000000000001 82.095913333621965 1.0000000180025095e-35 45.55788363452357 247630.90071948498 1.5000000000000002 89.253269743441052 1.0000000180025095e-35 12702.500000000002 664582.16473218438 10.31828845929989 1.0000000180025095e-35 281953.59337192884 9.0669939299137337 48.21810653892878 1.0000000180025095e-35 1.5000000000000002 1.5000000000000002 1.0000000180025095e-35 6.5000000000000009 110671.22989529466 1.5000000000000002 4.5000000000000009 2.5000000000000004 7.5000000000000009 1.0000000180025095e-35 387356.35459632846 3.5000000000000004 1.0000000180025095e-35 1.5000000000000002 1.0000000180025095e-35 5.5000000000000009 5.5000000000000009 2.5000000000000004 110671.22989529466 78.517979791696405 3.5000000000000004 17.840208894762803 86542.385689524337 14.500000000000002 8.5000000000000018 7500.7000000000007 5.0019251923815231 147935.36412144205 1.5000000000000002 14.164953633348587 6114.4500000000016 1.0000000180025095e-35 8806.1000000000022 50.404679078331114 1.0000000180025095e-35 1.0000000180025095e-35
decision_type=2 2 2 2 2 2 2 2 2 2 2 2 2 2 2 2 2 2 2 2 2 2 2 2 2 2 2 2 2 2 2 2 2 2 2 2 2 2 2 2 2 2 2 2 2 2 2 2 2 2 2 2 2 2 2 2 2 2 2 2 2 2
left_child=1 2 5 13 22 6 24 32 -7 -10 18 16 -13 -2 -11 17 30 -8 23 41 31 -15 -4 -5 -1 27 -27 28 -20 -28 -6 -21 33 34 -3 -35 37 -37 39 -34 -14 42 43 45 -45 57 49 55 -49 -44 51 53 54 -43 -52 -48 -46 58 60 -60 -9 -62
right_child=3 7 4 10 11 8 15 19 9 14 -12 12 40 21 -16 -17 -18 -19 25 20 -22 -23 -24 -25 -26 26 29 -29 -30 -31 -32 -33 38 35 -36 36 -38 -39 -40 -41 -42 50 46 44 56 -47 47 48 -50 -51 52 -53 -54 -55 -56 -57 -58 -59 59 -61 61 -63
leaf_value=-0.00057850069268449832 0.00070223701538725015 -0.00024565819884955054 0.001413850667698418 0.00035105940629183907 -0.00031857468396059201 -0.00035859272931095654 0.00022779610350131998 -2.4538411739561246e-05 -0.00029355772946466126 0.00099987933285806854 -0.00010220105731208697 0.0015308459556637164 -2.1758113478901654e-05 1.8077098622152413e-05 -0.00039479266060530628 0.001094455647375098 0.0011170137398255383 -0.00070714763515816227 0.00080732393568277929 0.00026294829095110608 4.3403158458030318e-05 0.00071260995296213326 0.00031746918970819546 3.6993641407555672e-05 -7.23284127131145e-05 0.0011245232431247839 -0.00013181330372096157 0.00045833649070566376 1.2208351722043387e-05 0.00058597958577559679 0.00024531387948731884 0.0014121722371352279 -0.00055423335848715902 0.0005255451194673313 8.2531566284177387e-05 -0.0014116066322382831 -0.00031103539784824592 0.00044994740649783455 -0.00089995963817413472 0.00070545735205756631 0.00076555705302268958 0.00063734098940020046 -0.00026024007187138597 0.0030711861597739623 -0.00093927016493968037 0.00017685199337115736 0.003245317230200287 0.0013234857322091511 -0.00010169634960540769 0.00016892728164822726 0.0028280722910582205 0.00026706411944335935 -0.00073267409056309695 -0.00084061676984050751 -0.00080396597434232776 0.00097495318265407728 0.00084633625900642237 -0.00046888683130028068 0.00048192733048598802 -8.1928662466360311e-05 -0.00034538279213851627 0.00015744262266123164
leaf_weight=12842 22171 118499 6933 23541 7848 44752 127770 134084 12727 8294 91481 4499 5457 17975 1770 3530 2806 2986 4251 2757 16739 6493 2613 333878 24008 4084 37404 49850 35067 4560 23341 2738 3633 1455 22074 5342 8375 1018 8361 1713 6080 1220 205637 793 777 45755 533 1678 22806 15719 374 39066 5442 4402 269 1382 2962 13473 13752 18568 76694 23996
leaf_count=12842 22171 118499 6933 23541 7848 44752 127770 134084 12727 8294 91481 4499 5457 17975 1770 3530 2806 2986 4251 2757 16739 6493 2613 333878 24008 4084 37404 49850 35067 4560 23341 2738 3633 1455 22074 5342 8375 1018 8361 1713 6080 1220 205637 793 777 45755 533 1678 22806 15719 374 39066 5442 4402 269 1382 2962 13473 13752 18568 76694 23996
internal_value=6.27965e-07 -5.33142e-05 0.000127129 9.64397e-05 0.000476945 3.98116e-05 0.000126752 -0.00011878 -0.000180472 0.000169282 6.90079e-05 0.000355443 0.000712343 0.000440001 0.000754592 0.000229789 0.000187087 0.000206445 0.000100801 -8.14992e-05 0.000239183 0.000202383 0.00111374 5.76792e-05 -0.000248726 0.000214785 5.06922e-05 0.000299526 9.8175e-05 -5.38146e-05 0.000103424 0.000835573 -0.000261284 -0.000230995 -0.000194123 -0.000551143 -0.00065746 -0.00111364 -0.000607693 -0.000150595 0.000393157 -9.28279e-05 -0.000108517 -4.50584e-05 0.000929498 -5.85932e-05 -0.000193259 0.000112832 -4.02213e-06 -0.000229764 8.59612e-05 0.000168061 -0.000516973 -0.000519893 0.0013086 0.00160686 0.00047527 -9.69897e-05 -7.82301e-05 0.000157989 -0.000110749 -0.000225552
internal_weight=1.7511e+06 1.12034e+06 298256 630755 59577 238679 171136 822086 67543 22791 584116 50031 16036 46639 10064 134286 33995 130756 492635 651616 22234 24468 9546 357419 36850 135216 46048 89168 39318 41964 31189 5495 170470 156763 140573 16190 14735 6360 13707 5346 11537 629382 578609 330854 4532 326322 247755 26399 24484 221356 50773 44688 6085 5622 643 1915 3739 280567 267094 32320 234774 100690
internal_count=1751097 1120342 298256 630755 59577 238679 171136 822086 67543 22791 584116 50031 16036 46639 10064 134286 33995 130756 492635 651616 22234 24468 9546 357419 36850 135216 46048 89168 39318 41964 31189 5495 170470 156763 140573 16190 14735 6360 13707 5346 11537 629382 578609 330854 4532 326322 247755 26399 24484 221356 50773 44688 6085 5622 643 1915 3739 280567 267094 32320 234774 100690
is_linear=0
shrinkage=0.05


Tree=59
num_leaves=63
num_cat=0
split_feature=2 34 28 0 36 38 1 31 0 37 20 17 35 32 35 0 4 31 35 33 32 1 36 0 31 10 40 38 6 6 40 31 36 40 36 0 35 32 37 31 32 20 35 1 32 0 34 33 40 6 33 34 35 0 6 6 32 33 16 32 38 40
split_gain=6.06736 1.54943 1.38898 1.38178 1.56037 1.60705 1.36315 1.28516 1.35929 1.55257 1.2341 1.35897 1.14786 2.21389 2.09958 1.92022 1.15134 1.063 1.41177 1.25969 1.25423 1.04781 1.04361 1.06295 0.989363 1.37366 1.1007 1.64606 0.978229 0.957283 0.94937 0.944885 0.939179 1.42351 1.42466 1.41387 1.53067 1.62014 1.06174 0.987475 0.954953 0.919232 0.914599 1.54903 0.881711 0.827965 1.11016 1.08346 0.817238 0.817197 0.751082 1.35014 0.841156 0.741405 1.55036 1.35557 1.25092 1.02673 0.961233 1.0107 0.790101 0.822679
threshold=1.3250000000000004 1.0000000180025095e-35 14.950000000000001 94047.924142322052 1.5000000000000002 75.842286874479498 6.3350000000000009 13.500000000000002 112368.05257013075 1.0000000180025095e-35 725.50000000000011 20880.500000000004 1.0000000180025095e-35 10.500000000000002 2.5000000000000004 209930.70167018831 4.0300000000000002 2.5000000000000004 1.0000000180025095e-35 1.0000000180025095e-35 1.0000000180025095e-35 5.9200000000000008 2.5000000000000004 47346.623621168306 2.5000000000000004 -0.2950000000000001 23.491161755543985 42.542583368667088 179.30000000000004 181.50000000000003 41.644838491125107 3.5000000000000004 2.5000000000000004 41.916229626316543 1.0000000180025095e-35 104509.67689563522 1.5000000000000002 1.0000000180025095e-35 1.0000000180025095e-35 6.5000000000000009 1.0000000180025095e-35 800.50000000000011 1.0000000180025095e-35 7.4400000000000004 1.5000000000000002 530784.53092997277 1.0000000180025095e-35 1.0000000180025095e-35 55.998385002094842 182.05000000000004 1.5000000000000002 1.5000000000000002 1.0000000180025095e-35 310021.32779971336 170.85000000000002 179.30000000000004 1.5000000000000002 1.0000000180025095e-35 -1.0549999999999999 5.5000000000000009 58.29211407178709 26.700635457983545
decision_type=2 2 2 2 2 2 2 2 2 2 2 2 2 2 2 2 2 2 2 2 2 2 2 2 2 2 2 2 2 2 2 2 2 2 2 2 2 2 2 2 2 2 2 2 2 2 2 2 2 2 2 2 2 2 2 2 2 2 2 2 2 2
left_child=1 2 -1 21 5 24 -7 8 9 10 -3 22 13 53 16 28 -14 18 19 -8 -20 41 23 31 25 26 -5 -28 -16 -24 -6 -12 33 34 -18 40 -37 49 -34 -35 -36 -4 -27 -44 -23 46 47 -17 -33 -38 -10 -52 -53 55 -55 58 57 60 59 -2 -57 -62
right_child=12 7 3 4 30 6 17 -9 50 -11 11 -13 14 -15 15 45 32 -19 20 -21 -22 44 29 -25 -26 42 27 -29 -30 -31 -32 48 38 39 35 36 37 -39 -40 -41 -42 -43 43 -45 -46 -47 -48 -49 -50 -51 51 52 -54 54 -56 56 -58 -59 -60 -61 61 -63
leaf_value=0.00044497528981369969 9.7811807438383057e-05 -0.00014365368270154424 0.00018728755810931206 0.00030622650830609203 0.00026914876910493515 0.00018018695184541749 0.00098156929301234123 0.000258297738267557 -1.3026985776905485e-05 -0.00074275021650535913 0.0019121217346658667 0.00089872736861054464 -0.00014110682928672924 -0.0018224344138895645 0.00014348128461525651 0.00031244688074617925 -0.00028004456301540981 0.0013694718004189082 -0.00042399406412645525 -0.0011372187333007825 0.0006361904628164087 -0.00022940182218851384 -0.00016475983135209841 0.00027921993008365315 0.00039695565074496648 0.0001574173042249719 -0.00056803494242486647 5.9140773440506465e-06 0.00079891611646804809 0.000348161895330341 -0.00018442809254243489 -0.00032830654424274961 0.00019829811046562595 -0.00015325818606262118 -0.0020972343563516525 -0.00031539417140523455 -0.0010184857096170803 -0.00028917956642504443 -0.0007222680691632671 -0.00051530613198305772 0.00031070404989754755 0.0017155872554750031 2.8947916569022333e-05 0.00099155785839989924 0.0013241617622613022 0.00020288895422113001 -0.0003607881659263031 -0.0010465868219968833 0.0018953815081115576 -0.0021962058091302039 0.00017948173091768404 -0.00073554526010595781 -0.00019450169321491453 0.00023212465505831711 -0.00036652598968728496 7.922515865374734e-05 -0.0004428076186241862 -0.0003067177541283865 -0.00017276862493722299 0.0016097836445580105 0.0013601600063940958 0.00032710064373083403
leaf_weight=36067 24729 24383 4720 17311 15466 25547 13825 54919 460650 4746 1948 7515 112147 1754 14036 12818 15060 4672 5368 739 5808 45491 27174 55802 33238 72765 16840 48385 9577 13674 45406 1347 13461 50435 3273 10310 2597 3171 4082 30058 471 1243 7500 9439 932 15612 36370 1656 596 3403 13678 12377 17121 14756 40494 45700 8906 9983 111675 1157 2014 44700
leaf_count=36067 24729 24383 4720 17311 15466 25547 13825 54919 460650 4746 1948 7515 112147 1754 14036 12818 15060 4672 5368 739 5808 45491 27174 55802 33238 72765 16840 48385 9577 13674 45406 1347 13461 50435 3273 10310 2597 3171 4082 30058 471 1243 7500 9439 932 15612 36370 1656 596 3403 13678 12377 17121 14756 40494 45700 8906 9983 111675 1157 2014 44700
internal_value=5.96567e-07 7.16166e-05 0.000148624 0.000120098 0.000158808 0.000211893 0.00044944 2.61644e-05 6.27625e-06 0.00014581 0.000177652 0.000250155 -0.000121372 -5.11669e-05 -0.000184803 2.20115e-05 -0.000259772 0.00067562 0.000549681 0.000874059 0.000126968 -0.000118068 0.000201677 0.000334935 0.0001472 9.90039e-05 -4.82028e-05 -0.00014227 0.000409314 6.94237e-06 -6.91859e-05 0.00113396 -0.000357395 -0.000407832 -0.000658816 -0.000904426 -0.000733402 -0.00120332 -1.59042e-05 -0.000288455 -0.00179431 0.000505865 0.000234448 0.000565348 -0.000198212 -0.000115604 -0.000213399 0.000156957 0.000353792 -0.00168645 -3.1717e-05 -0.000231123 -0.000421517 -4.0951e-05 -0.00020664 -4.16647e-06 0.000125565 0.000174999 -0.000109134 0.000165391 0.000227036 0.000371639
internal_weight=1.7511e+06 1.10669e+06 410762 374695 322309 261437 55959 695930 641011 137185 132439 108056 644405 305868 338537 90069 248468 30412 25740 14564 11176 52386 100541 59693 205478 172240 82536 65225 23613 40848 60872 3891 136321 118778 38285 23225 19481 9171 17543 80493 3744 5963 89704 16939 46423 66456 50844 14474 1943 6000 503826 43176 29498 304114 55250 248864 111303 102397 137561 25886 92414 46714
internal_count=1751097 1106692 410762 374695 322309 261437 55959 695930 641011 137185 132439 108056 644405 305868 338537 90069 248468 30412 25740 14564 11176 52386 100541 59693 205478 172240 82536 65225 23613 40848 60872 3891 136321 118778 38285 23225 19481 9171 17543 80493 3744 5963 89704 16939 46423 66456 50844 14474 1943 6000 503826 43176 29498 304114 55250 248864 111303 102397 137561 25886 92414 46714
is_linear=0
shrinkage=0.05


Tree=60
num_leaves=63
num_cat=0
split_feature=34 1 5 7 7 6 0 38 39 37 0 5 36 5 32 20 37 32 6 32 0 35 31 26 19 20 36 39 0 39 17 33 33 39 39 34 33 0 34 32 34 38 33 35 40 39 35 34 36 31 35 37 0 35 0 39 0 34 40 32 31 35
split_gain=2.65073 3.05044 2.09762 1.94037 2.52938 1.65969 1.60519 1.58591 1.41669 1.41645 1.34052 1.23081 1.22564 1.6005 1.2159 1.18963 1.25184 1.14515 1.14398 1.35849 1.05935 0.984856 0.967369 0.899457 0.885432 1.0774 1.05915 1.07945 1.06301 1.01657 0.866945 0.866088 0.85685 0.849593 0.848326 1.45352 1.30715 1.01436 0.834948 0.831013 1.45126 0.824949 0.813935 0.8088 0.920828 0.781503 0.776657 0.772403 0.741656 0.740447 1.51041 0.803791 1.31622 0.749997 0.736916 1.17266 0.931454 1.53117 1.05992 0.8789 0.874312 0.828546
threshold=1.0000000180025095e-35 6.0200000000000005 158.27000000000001 6.4000000000000012 5.3500000000000005 165.15000000000003 113193.39056799489 58.29211407178709 0.034715702894933927 1.0000000180025095e-35 146203.24667395689 160.18800000000002 1.5000000000000002 177.59050000000005 2.5000000000000004 725.50000000000011 1.0000000180025095e-35 8.5000000000000018 179.30000000000004 4.5000000000000009 467850.06288736773 1.5000000000000002 10.500000000000002 6.5500000000000007 123350.00000000001 757.50000000000011 1.5000000000000002 24.38141590321619 111529.23726048466 93.965240871762617 20461.500000000004 1.5000000000000002 1.0000000180025095e-35 35.516926160264177 32.305467313510604 1.5000000000000002 1.0000000180025095e-35 162596.63319667138 5.5000000000000009 2.5000000000000004 1.5000000000000002 81.195862075745069 1.5000000000000002 3.5000000000000004 48.554789649098247 65.754443578181252 1.0000000180025095e-35 5.5000000000000009 3.5000000000000004 13.500000000000002 1.0000000180025095e-35 1.0000000180025095e-35 450518.45484227542 1.0000000180025095e-35 693553.75310514367 27.956173823152792 387356.35459632846 1.5000000000000002 48.21810653892878 7.5000000000000009 7.5000000000000009 1.0000000180025095e-35
decision_type=2 2 2 2 2 2 2 2 2 2 2 2 2 2 2 2 2 2 2 2 2 2 2 2 2 2 2 2 2 2 2 2 2 2 2 2 2 2 2 2 2 2 2 2 2 2 2 2 2 2 2 2 2 2 2 2 2 2 2 2 2 2
left_child=3 5 -3 4 9 14 15 8 -6 24 21 43 17 31 20 -7 22 23 32 -20 34 -5 30 -8 25 -1 28 -28 29 -26 39 38 41 -30 35 36 -2 -37 49 47 -41 -9 -15 44 -10 48 -38 -17 -24 50 -14 -52 -53 -51 55 56 57 60 -59 -57 61 -4
right_child=1 2 54 10 7 6 12 18 11 -11 -12 -13 13 42 -16 16 -18 -19 19 -21 -22 -23 45 -25 26 -27 27 -29 33 -31 -32 -33 -34 -35 -36 37 46 -39 -40 40 -42 -43 -44 -45 -46 -47 -48 -49 -50 53 51 52 -54 -55 -56 59 -58 58 -60 -61 -62 -63
leaf_value=0.00022206247321111857 -0.0008341019045931459 0.00033895162255595101 -0.00049069130282848779 0.00053169411921672285 0.00076410424503639334 -0.00011667418925780751 -0.00029919474593070882 0.00011174000347851808 -0.00034772836958824792 -0.00061271748614345962 0.00046578019109654609 0.00024998212250815856 0.00010574240289642692 0.00036027698182094001 0.00019560009319161847 0.00023068099279560498 -0.00051704107608041257 0.0011784257295766197 2.7688493116110647e-06 -0.00072500215940430918 0.0002795367904885373 0.0029402470298491284 7.9465991930024419e-05 -4.8547990929500647e-05 -3.9796595019092113e-05 0.00081061495349843524 -0.00069111354311282471 3.4966378514451401e-05 0.0005199308958827735 0.0020659184181104624 0.00087110380578975244 -0.00032477788591024121 -0.00057694949142274288 0.00021484971958339182 -0.0001456878744716492 -0.00049123308764241578 -0.00054975331784566769 0.00039847802013977463 0.00040081456114817024 0.0019779693374460078 -0.00016331441985531221 0.00045359263558998836 -0.0005108058831246856 0.00080369332769020393 3.0597744109701306e-06 0.00037294569259792054 0.0013310579339436152 0.00075440349938738882 -0.00082451127440406891 -0.0003986244889801638 -0.00020323315552756911 2.8678181755995899e-06 0.0016795965031893064 0.00030758912028546647 0.00015435100374684097 -0.00016637468881415199 -0.00014265458852350655 -0.00069102768980605167 0.00029885050886823208 -0.00075003427945527436 -0.00027450565875485592 -0.0012480306431769895
leaf_weight=21755 17996 18015 5187 731 3970 25777 45193 47559 83486 5566 15125 13770 110741 50214 26239 77059 4972 1764 52777 7299 12261 1012 4556 172081 42493 12101 5921 37784 27772 581 7429 17661 3364 127987 132925 5968 1027 6916 14873 1912 1350 28060 2833 1786 24111 5784 1179 7748 4520 4263 91533 5728 1471 31829 12660 203628 16024 4733 6309 6661 5146 11889
leaf_count=21755 17996 18015 5187 731 3970 25777 45193 47559 83486 5566 15125 13770 110741 50214 26239 77059 4972 1764 52777 7299 12261 1012 4556 172081 42493 12101 5921 37784 27772 581 7429 17661 3364 127987 132925 5968 1027 6916 14873 1912 1350 28060 2833 1786 24111 5784 1179 7748 4520 4263 91533 5728 1471 31829 12660 203628 16024 4733 6309 6661 5146 11889
internal_value=-2.38517e-07 -4.26982e-05 -0.000183568 8.88918e-05 7.26375e-05 2.94546e-06 3.99628e-05 -3.79064e-05 -0.000165553 0.000176995 0.000617093 -0.000195521 1.37737e-06 6.20716e-05 -0.000122181 0.00019041 0.000259045 -9.03814e-05 7.87834e-05 -8.56525e-05 -0.000168954 0.00193012 0.00029401 -0.000100683 0.000192899 0.000432426 0.000159463 -6.34004e-05 0.00020845 -1.13938e-05 0.000352405 1.40631e-05 0.000203856 0.000269246 -0.000202078 -0.000428628 -0.000693287 -1.36452e-05 3.70408e-05 0.000308651 0.00109179 0.000238592 0.000313756 -0.000251605 -0.000269122 -8.12669e-05 0.000455449 0.000278528 -0.00037073 1.50083e-05 -2.10309e-05 -0.000163224 0.00034548 0.000224175 -0.000218145 -0.000236312 -0.000455826 -0.000606687 -0.000125447 -0.000184862 -0.000845813 -0.00101798
internal_weight=1.75106e+06 1.18605e+06 290252 565010 548142 895802 691291 266182 127123 281960 16868 123153 550184 331146 204511 141107 115330 219038 139059 60076 178272 1743 110358 217274 276394 33856 242538 43705 198833 43074 95498 278099 78983 155759 166011 33086 20202 12884 260438 88069 3262 75619 53047 109383 107597 14860 2206 84807 9076 245565 209473 98732 7199 36092 272237 259577 49288 33264 11042 210289 22222 17076
internal_count=1751064 1186054 290252 565010 548142 895802 691291 266182 127123 281960 16868 123153 550184 331146 204511 141107 115330 219038 139059 60076 178272 1743 110358 217274 276394 33856 242538 43705 198833 43074 95498 278099 78983 155759 166011 33086 20202 12884 260438 88069 3262 75619 53047 109383 107597 14860 2206 84807 9076 245565 209473 98732 7199 36092 272237 259577 49288 33264 11042 210289 22222 17076
is_linear=0
shrinkage=0.05


Tree=61
num_leaves=63
num_cat=0
split_feature=2 7 7 39 38 32 39 39 19 5 36 34 34 5 7 38 36 33 36 18 27 32 40 34 40 40 36 40 39 18 36 32 34 19 39 32 34 6 36 36 40 38 40 36 18 36 32 36 32 36 34 36 33 6 39 34 36 38 39 39 16 39
split_gain=5.0913 1.39565 1.37355 1.25197 1.0667 1.08952 1.30215 0.952844 0.902593 0.872586 0.845869 0.833795 2.17813 1.06567 1.05785 0.952564 1.50881 0.88559 0.876772 0.840441 0.660221 0.642469 0.856477 0.631669 0.739684 0.654803 0.626747 0.683488 0.606384 0.598594 0.898937 0.579699 0.562817 0.676715 0.561697 0.82956 0.995373 0.962546 0.691054 0.602725 0.568266 0.560377 0.548471 1.16576 0.887729 0.631279 0.586775 0.740544 0.536885 0.67188 0.657032 0.647244 1.02617 0.775081 0.661834 1.08079 1.03766 0.880095 0.624327 0.536858 0.535 0.513591
threshold=1.3250000000000004 4.6500000000000012 4.4500000000000011 0.034715702894933927 23.742197232267941 2.5000000000000004 83.215562287844861 58.963213223423217 235550.00000000003 137.33500000000001 5.5000000000000009 7.5000000000000009 5.5000000000000009 162.79500000000004 8.1500000000000004 64.826401598481723 2.5000000000000004 1.0000000180025095e-35 1.5000000000000002 128357.00000000001 50.550000000000004 4.5000000000000009 34.255725352021102 1.0000000180025095e-35 47.384482315563538 35.078507644044016 1.5000000000000002 31.756117479419331 52.452199866998804 25384.000000000004 2.5000000000000004 1.0000000180025095e-35 5.5000000000000009 144150.00000000003 49.762627038799089 5.5000000000000009 3.5000000000000004 179.30000000000004 7.5000000000000009 1.5000000000000002 86.630845075184098 81.786529830357338 50.402207371742087 1.5000000000000002 37176.500000000007 6.5000000000000009 1.0000000180025095e-35 2.5000000000000004 1.0000000180025095e-35 5.5000000000000009 3.5000000000000004 3.5000000000000004 1.0000000180025095e-35 179.30000000000004 33.921760277353819 1.5000000000000002 1.0000000180025095e-35 49.426738681700776 10.31828845929989 90.810514536099177 -0.68999999999999961 56.628438516856093
decision_type=2 2 2 2 2 2 2 2 2 2 2 2 2 2 2 2 2 2 2 2 2 2 2 2 2 2 2 2 2 2 2 2 2 2 2 2 2 2 2 2 2 2 2 2 2 2 2 2 2 2 2 2 2 2 2 2 2 2 2 2 2 2
left_child=2 -2 20 8 29 6 11 10 26 23 21 12 14 17 19 16 -16 18 -14 42 32 22 -7 24 31 -25 -4 -28 -17 30 -5 -3 33 -1 38 36 -36 59 48 60 -40 -13 43 -6 -45 -46 61 -48 51 -50 -51 54 53 -53 55 56 -11 -56 -54 -37 -38 -44
right_child=1 9 3 4 5 7 -8 -9 -10 34 -12 41 13 -15 15 28 -18 -19 -20 -21 -22 -23 -24 25 -26 -27 27 -29 -30 -31 -32 -33 -34 -35 35 37 39 -39 40 -41 -42 -43 46 44 45 -47 47 -49 49 50 -52 52 58 -55 57 -57 -58 -59 -60 -61 -62 -63
leaf_value=0.0004088349517345144 -0.00028276154458065523 -0.0003099384600292887 0.00098259351504227459 0.00011042376751866505 -4.3769360620943969e-05 -0.00087464767507799241 0.00016866110597659264 3.3116970391004536e-05 -8.8732042240775958e-05 -0.00012120044199846283 -0.00048625005211419038 -0.00091317042550919628 0.00030291214247748989 -0.00027216693195200082 0.00015725199036636112 -0.00046300580966029221 -0.00024399101028974008 -0.0004688264920426546 0.00091697710591956731 -0.00055835047903974938 0.00077201846547418672 0.00028723021212712617 0.0008576476529809188 0.0010310267954226763 0.00020946269216811796 3.7226257728355556e-05 0.00094978477835756846 7.4926758950807264e-05 -0.00016273705494770761 0.00022027701432681009 0.0031893035440827863 0.00016809321540991269 -0.00082971644206105983 0.00013883161252919025 9.8371352812516965e-06 0.00042120362782844102 0.0004219578363077123 -0.00090191215751400536 -0.00076162857465053482 -0.0005329194568323575 -0.0032366672444791404 -0.0001377250313620239 -0.00018676894751526319 0.00067506830649400414 8.7824163572798174e-05 0.00046861258633667065 0.00032414999142103324 -0.00032391831769499051 -2.6430723783913191e-05 -0.0005201940365976769 -0.0028140449733993905 -0.00030201307151656227 0.0023942709895421188 0.00039364584691537374 -0.00034300481531223298 -3.829753963625692e-05 -0.00068889635024785073 3.1740634961796349e-05 0.00053888688135591189 -0.00048193022975370786 -0.00022114646495850342 -5.2501165838551522e-06
leaf_weight=26869 100859 18490 6440 533 143706 764 94568 45832 6763 11292 2661 4355 11599 5063 45401 30122 48413 2069 11653 6733 4638 23266 10801 3449 30501 3191 3276 7009 38057 53889 427 9653 1402 170242 207398 3299 3852 6078 1541 13770 273 5010 79623 8083 94612 12299 18229 5814 77687 1839 376 12559 621 5878 30068 15986 28031 32713 1680 3283 20155 76321
leaf_count=26869 100859 18490 6440 533 143706 764 94568 45832 6763 11292 2661 4355 11599 5063 45401 30122 48413 2069 11653 6733 4638 23266 10801 3449 30501 3191 3276 7009 38057 53889 427 9653 1402 170242 207398 3299 3852 6078 1541 13770 273 5010 79623 8083 94612 12299 18229 5814 77687 1839 376 12559 621 5878 30068 15986 28031 32713 1680 3283 20155 76321
internal_value=-2.26591e-07 -0.000111938 6.48415e-05 3.84247e-05 2.88078e-05 1.46135e-05 -4.64445e-06 0.000186043 0.000398691 -8.02475e-05 0.000372986 -2.99691e-05 -2.3092e-05 0.000390042 -4.37578e-05 -0.000153173 -4.98107e-05 0.000522452 0.000610658 -3.96516e-06 0.000182314 0.00043863 0.00074321 9.12239e-05 3.889e-05 0.000553434 0.000595788 0.000353588 -0.000295398 0.000242323 0.00147988 -0.000145974 0.000168537 0.000175637 -0.000103648 -5.35396e-05 -3.31597e-05 -0.000448219 -0.000162229 -0.000269215 -0.00113411 -0.00049833 4.54359e-06 5.11764e-05 0.000169829 0.00013163 -6.2483e-05 0.000167436 -0.000154169 -5.09129e-05 -0.000909579 -0.000213598 4.40274e-05 -8.02263e-05 -0.00025884 -0.000384951 -0.000525877 -0.000147738 0.00103962 -2.92656e-05 -0.000117958 -9.79313e-05
internal_weight=1.75106e+06 644522 1.10654e+06 903391 879903 825054 741730 83324 23488 543663 37492 647162 637797 30384 607413 161993 93814 25321 23252 445420 203151 34831 11565 65284 58644 6640 16725 10285 68179 54849 960 28143 198513 197111 478379 257835 245175 12660 220544 37777 1814 9365 438687 258700 114994 106911 179987 24043 218730 79902 2215 138828 20738 18437 118090 55309 39323 62781 2301 6582 24007 155944
internal_count=1751064 644522 1106542 903391 879903 825054 741730 83324 23488 543663 37492 647162 637797 30384 607413 161993 93814 25321 23252 445420 203151 34831 11565 65284 58644 6640 16725 10285 68179 54849 960 28143 198513 197111 478379 257835 245175 12660 220544 37777 1814 9365 438687 258700 114994 106911 179987 24043 218730 79902 2215 138828 20738 18437 118090 55309 39323 62781 2301 6582 24007 155944
is_linear=0
shrinkage=0.05


Tree=62
num_leaves=63
num_cat=0
split_feature=3 3 38 0 5 39 0 28 20 19 17 20 31 39 38 37 31 31 0 39 31 0 39 31 31 39 33 36 31 34 3 36 3 36 34 39 38 31 31 34 0 31 39 37 0 39 39 34 39 33 3 39 39 36 38 39 36 31 0 34 34 3
split_gain=2.61932 3.95903 2.17028 2.15662 1.40039 1.16969 1.67163 1.10102 1.07517 2.37872 1.04894 1.01 0.95287 0.926155 0.82666 0.793804 0.781658 0.804478 0.771448 0.756389 1.0723 0.739462 0.784125 0.706473 1.02568 0.700923 0.693755 1.6511 2.20728 1.15029 0.897609 0.742519 0.717658 0.746353 0.690966 0.680171 0.694352 0.671602 0.670585 0.663605 0.847047 0.648822 0.687039 0.641833 1.38587 0.70026 0.624998 0.622078 0.607557 0.589953 0.888794 0.582834 0.578108 0.670923 0.575175 0.567283 0.579633 0.8057 0.566662 0.563747 0.750087 1.03735
threshold=9541.2500000000018 5515.2000000000016 75.842286874479498 67602.238338278505 178.92550000000003 53.948929681976672 124002.66943318014 64.850000000000009 760.50000000000011 133350.00000000003 17112.500000000004 722.50000000000011 7.5000000000000009 1.0000000180025095e-35 45.737219615928986 1.0000000180025095e-35 3.5000000000000004 13.500000000000002 90006.309752000685 90.810514536099177 1.5000000000000002 205719.46855074697 21.939606477639373 2.5000000000000004 1.0000000180025095e-35 58.24603495647483 1.0000000180025095e-35 1.5000000000000002 4.5000000000000009 5.5000000000000009 12271.100000000002 1.5000000000000002 12271.100000000002 1.0000000180025095e-35 5.5000000000000009 40.920409317738155 35.628861531212912 4.5000000000000009 2.5000000000000004 1.5000000000000002 150542.95089770158 1.0000000180025095e-35 66.295399052495284 1.0000000180025095e-35 104509.67689563522 43.097942437332144 70.037579321364333 8.5000000000000018 96.320212439732387 1.5000000000000002 11761.400000000003 96.850534480781377 93.62722834982263 1.0000000180025095e-35 25.52963244087449 0.70107570019614251 1.5000000000000002 1.5000000000000002 259158.62660751175 8.5000000000000018 5.5000000000000009 7500.7000000000007
decision_type=2 2 2 2 2 2 2 2 2 2 2 2 2 2 2 2 2 2 2 2 2 2 2 2 2 2 2 2 2 2 2 2 2 2 2 2 2 2 2 2 2 2 2 2 2 2 2 2 2 2 2 2 2 2 2 2 2 2 2 2 2 2
left_child=1 2 5 11 13 6 -1 8 19 10 -10 -2 -12 -3 15 46 54 26 52 55 -21 22 -6 24 25 -20 27 28 32 30 -29 37 33 -18 -23 38 -37 49 -8 40 -30 -7 -43 59 45 -45 -13 -31 -44 -28 -51 -27 -4 -54 -11 -5 57 -57 -38 60 -15 -62
right_child=3 4 18 7 21 41 35 -9 9 16 12 14 -14 43 -16 -17 17 -19 23 20 -22 34 -24 -25 -26 51 31 29 39 47 -32 -33 -34 -35 -36 36 58 -39 -40 -41 -42 42 48 44 -46 -47 -48 -49 -50 50 -52 -53 53 -55 -56 56 -58 -59 -60 -61 61 -63
leaf_value=-7.6406960725505132e-05 7.5527237230753796e-05 0.0003057090318107844 -0.0002658284934861009 0.0012668894796978053 -0.00060628044618625673 -0.00047680893642284444 0.0004567613396580161 -0.00027304698073803688 0.00019460851219792272 0.00060342576991581154 0.00083407813857915871 0.0012223415235724235 0.00011589716416436722 -7.2406159777283104e-05 0.00038888251239188343 -0.00062988779822458884 6.3348754598750988e-05 0.00023832669589476122 0.001493450171126739 0.002429638662016096 0.00021640777667335362 -0.00028858938511972264 -6.1295631589359251e-05 0.0011956653651440806 0.00027693483981677374 0.00026723529410977874 -5.693950267629751e-05 3.0540539231069514e-05 0.0014279715363413566 0.00075185728616488788 0.00029753786873550623 -0.00024493567154596039 -0.00016208091402550678 -0.00097031500022250064 -0.00084885798501853566 -0.00057341312767331446 0.00016123325136976882 -5.9234057299396926e-05 0.0015110213667834061 -5.4208264171191155e-05 0.00016967216977050565 -0.00034133988929772034 0.00027931461675314147 -0.0012497453505317263 -7.0171556707402646e-05 -0.00034588717792759108 -0.00055211235554061518 -0.00060006938267704647 -0.0011804794430833837 0.0014923186068862774 0.00016001655466215856 0.0018262146567748706 0.0036528336309618972 -0.00012398418237569375 0.00015918973861271064 3.4647044831810358e-05 -7.1934563017436937e-06 -0.00040280985285011113 0.00054697100887766883 -0.00058745260071124683 -0.00044420784217772958 0.00025850055549410443
leaf_weight=49735 10943 16554 4066 735 7297 11738 18920 24354 23871 8039 18854 8770 6117 628063 12397 695 2068 42544 3611 584 8702 80104 69117 4603 15118 3419 3529 116275 1707 9890 43164 48199 6312 11227 5909 2720 44079 32597 1639 46214 6178 9953 13338 4663 18990 3965 526 931 753 2363 2662 727 214 261 77830 15989 48932 30803 12144 5085 6209 34069
leaf_count=49735 10943 16554 4066 735 7297 11738 18920 24354 23871 8039 18854 8770 6117 628063 12397 695 2068 42544 3611 584 8702 80104 69117 4603 15118 3419 3529 116275 1707 9890 43164 48199 6312 11227 5909 2720 44079 32597 1639 46214 6178 9953 13338 4663 18990 3965 526 931 753 2363 2662 727 214 261 77830 15989 48932 30803 12144 5085 6209 34069
internal_value=-2.15262e-07 -4.85905e-05 0.000153999 7.7089e-05 -9.39503e-05 8.09033e-05 0.000150948 5.66888e-05 6.97185e-05 9.97728e-05 0.000431599 0.00046921 0.00065815 -6.39424e-05 0.000661637 0.00100008 6.46721e-05 3.35771e-05 0.000530717 -7.53938e-05 0.000355599 -0.000226524 -0.000113338 0.000630487 0.00051676 0.000984167 7.44315e-06 5.10975e-05 -0.000146598 0.000136681 0.000102823 -0.000111753 -0.0006011 -0.000809531 -0.000327079 0.000293178 0.000206805 4.424e-05 0.000540809 1.81261e-05 0.000442078 -0.000172085 -2.33222e-05 -7.26711e-05 -0.000308913 -0.000834377 0.00112194 0.000635542 0.000201306 0.000438552 0.00078653 0.000540602 -7.30042e-05 0.00157757 0.000200779 -0.000116885 -0.00012751 -0.000253329 0.000244551 -6.29825e-05 -5.89921e-05 0.000150176
internal_weight=1.75106e+06 1.07706e+06 197038 674001 880025 165019 129237 640670 616316 510571 48842 33331 24971 717598 22388 9991 461729 375860 32019 105745 9286 162427 76414 27478 22875 7757 333316 243966 73706 170260 159439 89350 19607 13295 86013 79502 58943 41151 20559 54099 7885 35782 24044 701044 27618 8628 9296 10821 14091 8554 5025 4146 4541 475 85869 96459 95724 46792 56223 673426 668341 40278
internal_count=1751064 1077063 197038 674001 880025 165019 129237 640670 616316 510571 48842 33331 24971 717598 22388 9991 461729 375860 32019 105745 9286 162427 76414 27478 22875 7757 333316 243966 73706 170260 159439 89350 19607 13295 86013 79502 58943 41151 20559 54099 7885 35782 24044 701044 27618 8628 9296 10821 14091 8554 5025 4146 4541 475 85869 96459 95724 46792 56223 673426 668341 40278
is_linear=0
shrinkage=0.05


Tree=63
num_leaves=63
num_cat=0
split_feature=2 31 17 32 5 38 28 0 2 31 20 28 34 34 32 5 37 35 35 0 35 32 0 0 32 34 18 20 40 40 25 38 31 33 5 27 5 35 19 27 32 35 34 31 40 5 38 4 40 38 0 35 0 32 38 32 0 40 5 33 32 38
split_gain=4.13924 1.21452 1.35989 1.2258 1.15286 1.11708 1.11348 1.01454 1.22764 0.977562 0.911242 0.866567 0.838926 1.1226 0.820496 0.789943 0.748818 0.695349 0.683166 1.05178 0.978929 1.46921 1.04618 0.785346 0.731315 0.712336 0.663176 0.931627 1.13601 0.662471 0.66193 0.661814 0.695165 0.771452 0.904297 0.935043 0.746856 0.735305 0.669601 0.640313 0.61794 0.589638 0.579306 1.10474 1.34605 1.30918 0.920868 0.976424 0.916678 1.2207 0.954057 1.1961 0.790183 0.688836 0.63393 0.830454 0.602923 0.561989 0.561432 0.559702 0.557455 0.550502
threshold=1.3250000000000004 3.5000000000000004 23958.500000000004 2.5000000000000004 182.45750000000001 91.846575550130709 20.150000000000002 121536.07492388861 0.7350000000000001 13.500000000000002 923.50000000000011 64.850000000000009 3.5000000000000004 2.5000000000000004 2.5000000000000004 130.51600000000002 1.0000000180025095e-35 2.5000000000000004 3.5000000000000004 170416.33160822009 1.0000000180025095e-35 10.500000000000002 506700.0283731473 61630.301608201342 1.0000000180025095e-35 7.5000000000000009 27012.000000000004 620.50000000000011 11.739633617578823 32.527684347772869 5.6500000000000012 62.213681387142749 4.5000000000000009 1.0000000180025095e-35 180.54550000000003 50.050000000000004 127.14800000000001 2.5000000000000004 180650.00000000003 32.850000000000001 5.5000000000000009 2.5000000000000004 1.5000000000000002 2.5000000000000004 45.258692568754149 146.70450000000002 56.136352411377779 3.4350000000000005 21.896060389513959 37.174069593815709 155106.92683394777 1.0000000180025095e-35 110671.22989529466 1.5000000000000002 78.268365245511276 1.0000000180025095e-35 139982.02654553557 33.311022744465646 125.25850000000001 1.5000000000000002 1.0000000180025095e-35 24.306327372746711
decision_type=2 2 2 2 2 2 2 2 2 2 2 2 2 2 2 2 2 2 2 2 2 2 2 2 2 2 2 2 2 2 2 2 2 2 2 2 2 2 2 2 2 2 2 2 2 2 2 2 2 2 2 2 2 2 2 2 2 2 2 2 2 2
left_child=1 2 3 5 15 16 39 8 10 11 26 31 13 14 -6 40 17 42 20 -20 21 25 23 24 57 -17 27 -3 -29 -18 -30 -9 36 34 37 -36 -33 -34 -38 -4 -2 -28 43 46 45 54 47 -1 50 56 -49 60 -48 -46 55 -45 -50 61 -7 -40 -52 -22
right_child=4 7 6 -5 12 58 -8 9 -10 -11 -12 -13 -14 -15 -16 18 29 -19 19 -21 22 -23 -24 -25 -26 -27 41 28 30 -31 -32 32 33 -35 35 -37 38 -39 59 -41 -42 -43 -44 44 53 -47 52 48 49 -51 51 -53 -54 -55 -56 -57 -58 -59 -60 -61 -62 -63
leaf_value=0.00014171094631046635 0.0001692028547897823 -0.00020270718844832806 0.0014920188691238444 0.0010103071445000218 -0.00018755163251373799 0.00074341750990031036 0.00025200709623017704 3.636787553015952e-05 -0.00010444960747122332 0.00018030649494740333 0.0010214578499119361 -0.00037934652267166487 -0.00061309476108627452 0.0004154087659290812 -0.00065241141145564591 -8.4986568596428488e-06 0.0020874686057491382 0.0016389688144329284 0.00062906371080972544 -6.8648988817479771e-05 -0.00023234017665078847 -0.0017503263375440337 0.00014653408132013219 -0.0001858872386622237 0.00048189893543000941 -0.0013051220798645678 0.00017739291133152846 0.004709175460038309 0.00031227801974946132 -0.00074380492648743726 0.0015571975189094854 0.00065273997612587441 -2.541306266668753e-06 -0.00021457768680655447 0.0001732316938417653 0.0011022988735380147 6.2168399398592573e-05 -0.00042607491490710833 -0.00050837087831442722 0.00060665064144230707 0.0014715021598352054 -0.00062664934279726807 -0.00019035368582551594 0.0011689135104459786 -3.2681338898656989e-05 0.00020920010014499236 -5.3928325736708849e-05 -0.00026962930855540141 -0.00030961860681975314 -0.00012571214688641286 0.0010930854146918322 -0.00010254507091326387 0.00018188056183148055 0.00071662062851645053 0.0025245335439502041 0.0003634270636670941 -0.00093919640192850588 -0.00038218642605224304 0.00016468296949134108 0.00057687836640114647 -0.0015316695167867343 -0.0020517722783053179
leaf_weight=35950 20613 2057 2946 3642 84599 9398 27205 220575 40919 56804 3399 18014 13574 7021 10692 237102 218 712 8411 15096 543 1225 24205 215301 853 1064 100697 206 2232 3953 2047 2013 112487 50938 18905 3161 8048 11275 25549 6656 953 2333 19476 7347 26423 14757 48770 8601 6793 33939 4900 5008 130823 3470 568 5669 8639 1496 7563 1246 211 1774
leaf_count=35950 20613 2057 2946 3642 84599 9398 27205 220575 40919 56804 3399 18014 13574 7021 10692 237102 218 712 8411 15096 543 1225 24205 215301 853 1064 100697 206 2232 3953 2047 2013 112487 50938 18905 3161 8048 11275 25549 6656 953 2333 19476 7347 26423 14757 48770 8601 6793 33939 4900 5008 130823 3470 568 5669 8639 1496 7563 1246 211 1774
internal_value=-2.04498e-07 5.84653e-05 0.000124973 9.73399e-05 -0.000100931 8.86626e-05 0.000415389 1.72075e-05 0.000130201 -1.56622e-05 0.000215193 -3.9236e-05 -0.000243755 -0.000194754 -0.000239711 -6.96217e-05 7.02906e-05 7.79645e-05 -8.22266e-05 0.000180998 -9.50226e-05 -2.31748e-05 -0.000165463 -0.000199795 -0.000841555 -1.42913e-05 0.000190182 0.000678341 0.00108243 -0.000595827 0.000907826 -2.57468e-05 -8.43927e-05 -4.70646e-05 1.14481e-05 0.000306322 -0.000283679 -4.11262e-05 -0.000337779 0.000878291 0.000226751 0.000159186 7.48887e-05 8.99994e-05 0.000288363 0.000535245 4.92726e-05 -6.90947e-05 -0.000180394 -0.000293361 0.000117538 0.000446624 0.000117845 5.42981e-05 0.000889444 0.000818091 -0.000662063 -0.00113762 0.000485357 -0.000457905 0.000984726 -0.00162538
internal_weight=1.75106e+06 1.10654e+06 423637 386830 644522 383188 36807 682905 153890 529015 112971 472211 115886 102312 95291 528636 366227 362056 507070 23507 483563 239391 244172 219967 4666 238166 109572 6542 4485 4171 4279 454197 233622 196766 145828 22066 36856 123762 34843 9602 21566 103030 361344 341868 58234 28341 283634 104041 68091 49371 18720 10119 179593 29893 13584 13016 15432 3813 16961 26795 5111 2317
internal_count=1751064 1106542 423637 386830 644522 383188 36807 682905 153890 529015 112971 472211 115886 102312 95291 528636 366227 362056 507070 23507 483563 239391 244172 219967 4666 238166 109572 6542 4485 4171 4279 454197 233622 196766 145828 22066 36856 123762 34843 9602 21566 103030 361344 341868 58234 28341 283634 104041 68091 49371 18720 10119 179593 29893 13584 13016 15432 3813 16961 26795 5111 2317
is_linear=0
shrinkage=0.05


Tree=64
num_leaves=63
num_cat=0
split_feature=3 3 7 38 39 35 39 40 39 40 40 36 34 34 34 33 37 35 36 40 31 33 34 36 39 3 38 38 36 35 20 19 35 35 31 34 40 31 31 40 31 34 34 36 35 39 3 38 39 31 3 34 35 34 31 3 36 19 39 31 38 40
split_gain=2.23554 2.44841 2.54702 1.82897 1.65715 1.26067 1.87631 1.20776 1.19794 1.73455 1.13754 1.73061 1.10991 2.17883 1.20521 2.01924 1.361 1.2077 1.07438 1.07367 1.01525 0.954884 0.95052 0.893704 1.10258 1.08864 1.24219 0.871631 0.786625 0.783359 0.803067 1.00787 0.7739 1.09077 0.761899 1.37166 0.895686 0.77998 0.835616 0.740156 1.26828 0.7358 2.31762 1.51129 2.51151 1.13356 1.18933 1.11973 1.09664 1.00639 0.893689 0.783313 0.750124 1.3806 1.10852 0.871105 0.716219 0.702629 0.692913 0.902623 0.836234 0.691366
threshold=12271.100000000002 5515.2000000000016 5.5500000000000007 75.842286874479498 0.034715702894933927 1.0000000180025095e-35 53.714205897332796 39.9138184137297 15.72860463013874 64.018863709990157 23.491161755543985 1.0000000180025095e-35 8.5000000000000018 5.5000000000000009 1.5000000000000002 1.5000000000000002 1.0000000180025095e-35 4.5000000000000009 2.5000000000000004 46.251997844299972 7.5000000000000009 1.5000000000000002 3.5000000000000004 7.5000000000000009 65.468113977723903 8836.1000000000022 42.542583368667088 37.174069593815709 1.0000000180025095e-35 1.0000000180025095e-35 806.50000000000011 124850.00000000001 1.0000000180025095e-35 2.5000000000000004 4.5000000000000009 2.5000000000000004 43.282806637698009 12.500000000000002 14.500000000000002 82.095913333621965 1.0000000180025095e-35 1.5000000000000002 3.5000000000000004 1.0000000180025095e-35 1.5000000000000002 60.500022294741619 7271.2000000000016 55.919975435248539 33.556982042435159 4.5000000000000009 7151.2500000000009 1.0000000180025095e-35 1.5000000000000002 6.5000000000000009 8.5000000000000018 6427.6500000000005 1.5000000000000002 228350.00000000003 70.037579321364333 1.5000000000000002 62.213681387142749 70.112254130662194
decision_type=2 2 2 2 2 2 2 2 2 2 2 2 2 2 2 2 2 2 2 2 2 2 2 2 2 2 2 2 2 2 2 2 2 2 2 2 2 2 2 2 2 2 2 2 2 2 2 2 2 2 2 2 2 2 2 2 2 2 2 2 2 2
left_child=1 3 18 5 -4 6 8 -7 9 -1 11 -10 13 14 15 16 23 21 32 -5 -15 -16 29 25 -25 -6 56 -12 -24 30 -2 -32 34 41 36 37 -3 -36 -39 -21 -41 43 -43 51 48 46 47 -46 49 -45 52 -34 -44 54 55 -54 -27 -28 60 -60 -9 -56
right_child=22 2 4 19 12 7 -8 58 10 -11 27 -13 -14 20 17 -17 -18 -19 -20 39 -22 -23 28 24 -26 26 57 -29 -30 -31 31 -33 33 -35 35 -37 -38 38 -40 40 -42 42 50 44 45 -47 -48 -49 -50 -51 -52 -53 53 -55 61 -57 -58 -59 59 -61 -62 -63
leaf_value=0.00014652339736531293 0.00011693797226199233 -0.00019670417706150927 0.00041833258029540531 0.0011427199155869842 -2.5002579430602876e-05 -4.8329922191730759e-06 -0.00039415896772112001 0.00061162369010489765 -0.00036753520240035689 0.0021086162738608344 -0.00069397555554762407 0.0012786476529761108 -0.00051099586119996647 -0.0011226833037302148 -0.00010735042475106198 0.00059940987199543774 -0.00036718871055286417 0.00058954468514419833 -1.1349433466411464e-05 0.00018026739628619777 0.00030040579185529407 -0.00048925057151483447 -0.00062374066265079905 -0.00065630754888843174 4.6290913732979591e-05 0.00057396584775160531 9.3486643230288659e-05 4.0599047763155432e-05 1.8601083301639682e-05 3.3918878356461806e-05 0.00080279736193506087 0.00029182899731341918 0.00014738366967025844 -2.4823739454164068e-05 -0.00077214601770403391 6.9265616351308812e-05 7.4463924933920072e-05 0.00019184530964623016 -0.0013013797772862066 0.0014285160958581275 0.00020154889689101899 0.0003455093466069701 -0.00081364459767024248 -0.0011054871364372012 -0.0020749994006610357 -0.00046396236777095578 -0.00064945167260328611 -0.00088083598078498356 -0.00010724108770922713 -0.00016520424777593956 -0.0001215552203726282 -0.000370929117751963 -0.0020479045506457227 0.00094353372935331102 -0.0030610557626369974 0.00095668560000525434 0.00016208931156891043 -0.0002958945848850687 0.0030027594037158566 0.00083789721521635666 -0.00015412066371133957 -0.00092284347832356751
leaf_weight=3110 54422 57623 23262 5240 310134 16977 24671 15687 2525 1766 4243 4342 10886 1278 221160 14408 24152 5883 110726 18241 64803 17676 5384 10770 11596 21028 119703 83714 41539 52274 11371 63789 13034 36473 14718 13657 64582 4854 1161 3777 4761 14649 14394 6807 5551 5722 4503 3037 20797 4890 15651 16539 309 1937 546 1100 21192 12827 582 2788 4614 1229
leaf_count=3110 54422 57623 23262 5240 310134 16977 24671 15687 2525 1766 4243 4342 10886 1278 221160 14408 24152 5883 110726 18241 64803 17676 5384 10770 11596 21028 119703 83714 41539 52274 11371 63789 13034 36473 14718 13657 64582 4854 1161 3777 4761 14649 14394 6807 5551 5722 4503 3037 20797 4890 15651 16539 309 1937 546 1100 21192 12827 582 2788 4614 1229
internal_value=-1.94273e-07 -2.20956e-05 -4.65462e-05 0.000142356 1.86509e-06 7.52537e-05 -3.75296e-06 0.000316991 9.28539e-05 0.000857158 5.35522e-05 0.000673345 -9.30253e-06 -2.9269e-06 -2.59821e-05 1.53565e-05 -4.79095e-07 -0.000118182 -0.000145796 0.000488185 0.000272883 -0.000135614 0.000145536 1.69813e-05 -0.000292034 3.12351e-05 0.000131042 5.16355e-06 -5.5102e-05 0.000197305 0.000263216 0.000369134 -0.000191776 -0.000266595 -0.000111905 -0.000319807 -5.33993e-05 -0.000576093 -9.63732e-05 0.000360108 0.000744329 -0.000334066 -0.000182897 -0.000427172 -0.000591262 -0.00105101 -0.00130761 -0.0016527 -0.000325081 -0.000712396 -0.000403014 -0.000142488 -0.000628744 -0.000109028 -0.000749359 0.000297766 0.000367228 5.58001e-05 0.000547805 0.00121177 0.000437586 -0.00158057
internal_weight=1.75106e+06 1.52228e+06 1.32525e+06 197038 890758 165019 124371 40648 99700 4876 94824 6867 867496 856610 790529 545810 531402 244719 434489 32019 66081 238836 228779 507250 22366 484884 174750 87957 46923 181856 129582 75160 323763 167168 156595 34390 122205 20733 6015 26779 8538 130695 49815 80880 51307 18813 13091 8588 32494 11697 35166 29573 19515 5121 3184 1409 42220 132530 23671 3370 20301 1775
internal_count=1751064 1522285 1325247 197038 890758 165019 124371 40648 99700 4876 94824 6867 867496 856610 790529 545810 531402 244719 434489 32019 66081 238836 228779 507250 22366 484884 174750 87957 46923 181856 129582 75160 323763 167168 156595 34390 122205 20733 6015 26779 8538 130695 49815 80880 51307 18813 13091 8588 32494 11697 35166 29573 19515 5121 3184 1409 42220 132530 23671 3370 20301 1775
is_linear=0
shrinkage=0.05


Tree=65
num_leaves=63
num_cat=0
split_feature=2 7 7 39 0 32 31 37 39 32 34 34 39 0 40 39 36 31 3 36 35 0 39 35 32 3 0 34 3 34 32 34 31 39 36 0 0 3 35 40 36 38 35 3 32 39 38 34 31 36 5 5 31 32 34 20 34 36 38 1 38 40
split_gain=3.29245 1.06048 1.01718 0.97702 0.836473 1.43553 1.06433 1.64824 1.22033 1.54493 1.20796 1.2474 1.02812 1.01675 0.978297 0.891544 0.814034 0.777948 0.750799 0.656418 0.634047 1.01624 0.887102 0.740545 1.37828 1.06064 1.55325 1.12982 1.77187 1.01603 0.921809 2.09837 1.9809 1.57239 1.75947 1.45408 1.21011 1.07902 2.32438 2.43162 1.18552 0.976145 0.85767 0.853288 0.766691 0.708205 0.711787 0.698831 0.648825 0.659136 0.627814 0.627194 0.626832 0.978414 0.617335 0.73875 0.746298 1.04718 0.705199 0.662782 0.862175 0.630545
threshold=1.2200000000000002 4.6500000000000012 4.4500000000000011 0.034715702894933927 292307.71951550466 6.5000000000000009 9.5000000000000018 1.0000000180025095e-35 43.966045737443913 2.5000000000000004 5.5000000000000009 7.5000000000000009 90.152925015616873 127310.60555952614 50.693544332036886 53.473977679829446 6.5000000000000009 1.0000000180025095e-35 5858.3000000000002 5.5000000000000009 3.5000000000000004 87702.298432998898 18.30667483377351 1.0000000180025095e-35 10.500000000000002 6788.1000000000013 310021.32779971336 1.0000000180025095e-35 6427.6500000000005 1.5000000000000002 1.0000000180025095e-35 1.0000000180025095e-35 7.5000000000000009 33.921760277353819 1.5000000000000002 183889.70323386937 467850.06288736773 7303.2500000000009 1.5000000000000002 65.722991294292754 1.0000000180025095e-35 35.222974514617022 2.5000000000000004 7500.7000000000007 2.5000000000000004 9.6641942872672093 80.870226332538593 3.5000000000000004 12.500000000000002 2.5000000000000004 141.57900000000004 168.47250000000003 7.5000000000000009 1.5000000000000002 1.5000000000000002 782.50000000000011 3.5000000000000004 1.5000000000000002 30.25961267603574 5.8350000000000009 93.487854264382619 76.42772519330002
decision_type=2 2 2 2 2 2 2 2 2 2 2 2 2 2 2 2 2 2 2 2 2 2 2 2 2 2 2 2 2 2 2 2 2 2 2 2 2 2 2 2 2 2 2 2 2 2 2 2 2 2 2 2 2 2 2 2 2 2 2 2 2 2
left_child=2 -2 -1 17 5 6 7 8 9 10 14 -12 54 -11 19 -9 -7 -4 -3 52 23 -22 -23 24 25 26 27 -20 45 -30 32 43 33 34 -25 41 -33 38 47 40 -40 -36 50 -32 -27 -29 -47 -35 49 -28 -42 -19 -5 -54 59 -56 -57 58 -58 61 -61 -10
right_child=1 18 3 4 -6 16 -8 15 12 13 11 -13 -14 -15 -16 -17 -18 51 20 -21 21 22 -24 30 -26 44 48 28 29 -31 31 36 -34 37 35 -37 -38 -39 39 -41 42 -43 -44 -45 -46 46 -48 -49 -50 -51 -52 -53 53 -55 55 56 57 -59 -60 60 -62 -63
leaf_value=0.00015448137858461723 -0.00023715228117097823 0.00029466609631303775 0.0021488055686252967 0.00023837862956002989 -7.564237123552716e-05 0.00068523831608149509 -0.000116033146021944 -0.00084785460665640707 0.00012496393749779122 0.0019147401143397868 0.00092592036002633101 -0.0029257586163334275 0.00026883590710230612 0.00051418158983878887 -5.4672050139284185e-05 2.0028828403371666e-05 -0.00020199285945749748 0.00047579580430531364 -1.4616412118800583e-05 0.0010290425154455326 0.0011910982773004522 0.0011614371290224149 -1.2073128892184629e-05 -0.00032416120242990455 -0.0015322985900592721 -0.00016788513932230326 -0.00043505184839086439 0.0023287049111774963 -0.00010569692983650841 0.00038489909574037593 0.00017047915092059473 -0.00025529020480564844 0.00027173427946226608 -2.5786826826037484e-05 -0.00083527791932733035 -0.00033819341832307072 0.00016101141313446343 4.5067395619805241e-05 -0.00042295793249298063 0.0008899385724387295 -0.00098572022993979771 -0.0019373349145442439 -0.00069477039842603049 0.00086604802617958748 0.00024719715575228298 0.00049192112574038391 0.0012794756166304294 -0.0010576138722663622 0.00043841595323660293 0.00049094991568530088 -0.0021180114738673958 -0.00011106478939591693 -4.1508117263339782e-05 -0.0019387128754844954 -0.00043811337388986981 -0.00016659570051734469 -0.0012393361635792686 0.00040531792417378512 -4.907615703795835e-05 -0.00012785928205704276 0.00083193457676654424 -0.00018139650821960172
leaf_weight=203209 100500 14463 588 90797 175319 13099 98689 7551 159509 1971 6714 217 39312 3783 48543 4866 3221 15749 51790 2434 2236 1740 21625 21583 1502 105440 21537 632 23333 19269 33174 84167 16375 27277 3533 4437 22024 29611 4275 1741 1743 4659 2635 5085 12437 16519 3472 1746 2913 2110 4113 6404 8721 737 14188 54351 1343 17404 16954 63718 2429 18772
leaf_count=203209 100500 14463 588 90797 175319 13099 98689 7551 159509 1971 6714 217 39312 3783 48543 4866 3221 15749 51790 2434 2236 1740 21625 21583 1502 105440 21537 632 23333 19269 33174 84167 16375 27277 3533 4437 22024 29611 4275 1741 1743 4659 2635 5085 12437 16519 3472 1746 2913 2110 4113 6404 8721 737 14188 54351 1343 17404 16954 63718 2429 18772
internal_value=-3.05127e-07 -8.74149e-05 5.36811e-05 3.03349e-05 2.17282e-05 4.68575e-05 3.54539e-05 6.19464e-05 7.47638e-05 0.00018915 0.000159871 0.00080533 2.64372e-05 0.000993935 0.00013029 -0.000507747 0.00051013 0.00035379 -6.09766e-05 0.000217725 -7.02489e-05 0.000172771 7.53186e-05 -8.20069e-05 -2.20426e-05 -1.32995e-05 7.89464e-05 0.000158532 0.000300364 0.000116201 -0.000140356 -5.45626e-05 -0.000240518 -0.000318654 -0.000598445 -0.0010672 -0.000168949 -0.000187781 -0.000346174 -0.000862961 -0.00110202 -0.00146205 -0.00144391 0.000262927 -0.000124091 0.000680799 0.000628702 -8.78607e-05 -0.000265689 -0.000352426 -0.00178099 0.000306146 0.000198027 -0.000189345 -8.93053e-07 -0.000102772 -4.99373e-05 0.000127663 -0.000136441 4.25546e-05 -9.26145e-05 9.27059e-05
internal_weight=1.75029e+06 669696 1.08059e+06 877383 854642 679323 663003 564314 551897 163917 158163 6931 387980 5754 151232 12417 16320 22741 569196 102689 554733 25601 23365 529132 260954 259452 141575 115015 63225 42602 268178 144450 123728 107353 34212 12629 106191 73141 43530 14507 12766 8192 8491 38259 117877 20623 19991 29023 26560 23647 5856 22153 100255 9458 348668 104240 90052 35701 18297 244428 66147 178281
internal_count=1750288 669696 1080592 877383 854642 679323 663003 564314 551897 163917 158163 6931 387980 5754 151232 12417 16320 22741 569196 102689 554733 25601 23365 529132 260954 259452 141575 115015 63225 42602 268178 144450 123728 107353 34212 12629 106191 73141 43530 14507 12766 8192 8491 38259 117877 20623 19991 29023 26560 23647 5856 22153 100255 9458 348668 104240 90052 35701 18297 244428 66147 178281
is_linear=0
shrinkage=0.05


Tree=66
num_leaves=63
num_cat=0
split_feature=2 5 28 39 31 20 0 0 32 3 34 33 37 36 36 32 0 0 32 39 36 0 34 34 36 31 36 0 0 39 0 0 32 32 36 3 40 34 0 34 0 38 37 0 39 31 31 6 32 39 36 3 27 39 3 31 40 31 31 31 36 18
split_gain=2.97562 1.08928 1.0102 1.42895 1.58544 1.45825 1.24957 0.911156 0.935126 1.0811 0.795522 1.95614 1.15177 1.1143 1.86567 1.11561 0.865317 0.861921 0.879357 1.04311 0.959365 1.82571 0.760183 1.40701 1.22942 1.13362 1.46174 1.51525 1.26706 1.57745 2.40509 1.50597 1.45217 1.10561 1.07451 1.37074 1.1023 1.05891 1.03133 0.951701 0.872094 0.869422 0.863765 1.17509 0.87951 0.829584 0.991183 0.828364 0.770144 0.768746 0.741272 0.718014 0.717444 0.697202 0.678001 0.665306 0.661631 0.659218 0.659193 0.6517 0.647374 0.646263
threshold=0.99500000000000011 148.34150000000002 37.650000000000013 9.0669939299137337 1.0000000180025095e-35 920.50000000000011 102656.0117998835 228077.81581914195 1.0000000180025095e-35 9831.8500000000004 1.5000000000000002 1.5000000000000002 1.0000000180025095e-35 1.5000000000000002 2.5000000000000004 1.0000000180025095e-35 113193.39056799489 29672.543611481178 1.5000000000000002 99.672165621527469 6.5000000000000009 157894.4483570997 3.5000000000000004 2.5000000000000004 2.5000000000000004 3.5000000000000004 1.5000000000000002 128186.70808362136 575443.16250055691 39.951102652477168 113193.39056799489 113193.39056799489 1.0000000180025095e-35 7.5000000000000009 1.5000000000000002 7500.7000000000007 48.21810653892878 4.5000000000000009 144395.46480742042 1.5000000000000002 366551.03150284867 17.618293310346186 1.0000000180025095e-35 133204.95308740711 22.754069472270796 6.5000000000000009 7.5000000000000009 191.20000000000002 1.0000000180025095e-35 37.673696882837007 4.5000000000000009 7303.2500000000009 37.95000000000001 17.840208894762803 6938.7500000000009 5.5000000000000009 48.978438383378247 18.500000000000004 7.5000000000000009 4.5000000000000009 5.5000000000000009 28285.500000000004
decision_type=2 2 2 2 2 2 2 2 2 2 2 2 2 2 2 2 2 2 2 2 2 2 2 2 2 2 2 2 2 2 2 2 2 2 2 2 2 2 2 2 2 2 2 2 2 2 2 2 2 2 2 2 2 2 2 2 2 2 2 2 2 2
left_child=2 -2 3 4 56 10 -7 8 9 -6 12 13 17 -12 16 -16 -15 -5 19 52 21 -20 23 24 25 26 27 -3 29 30 32 -31 39 -33 35 38 -36 -37 48 41 45 -27 47 -44 53 -32 -47 -26 -24 60 -14 -43 61 -45 -41 -30 -1 -35 -9 -49 -38 -19
right_child=1 22 -4 5 7 6 -8 58 -10 -11 11 -13 50 14 15 -17 -18 18 20 -21 -22 -23 34 -25 42 28 -28 -29 55 31 40 33 -34 57 36 37 49 -39 -40 54 -42 51 43 44 -46 46 -48 59 -50 -51 -52 -53 -54 -55 -56 -57 -58 -59 -60 -61 -62 -63
leaf_value=-0.00014870109308185385 1.4738637299425279e-06 0.00021393868338720362 -7.6925852724172292e-05 0.00081784497352352641 -0.00023566239041379004 0.0014321004261325385 0.00021813978840459354 -0.00017149681892949189 0.001088085871777321 0.00061391608711558411 -0.00013362469256033365 -0.00049004326595229655 -0.00062415258306261555 0.00072158660678801521 -0.00012111414395430287 0.00054815078477382575 0.00022453035070425082 0.0008486348931466876 0.00084226079863850651 0.0018110034944701784 -0.00038137995045695044 0.0001313968283483854 0.00096375985086074938 0.00030501801160034167 -3.0627103648825074e-05 0.00052689548602016746 0.00030483327005488325 -0.00026480514553743362 -0.00037957844445935386 0.00049689064055131733 -0.00047211210466125135 -0.00019114974560905 0.00078645091346426956 -0.0011356312001494632 -0.001302187686604729 -0.0005240635749595219 0.00035088722452075234 0.00066787228759484412 -0.00046712933431428127 0.0011502559424867466 -0.00019861199149071214 -0.0031537929615074924 -0.0010085370140178911 -0.0001284396106914048 0.00040146305252645271 -0.0019626218990596417 -0.00062601630703007386 -0.00017430030111554326 -0.000173422102783205 -0.00061919612864276238 0.00012352786361302231 -0.0017050026764701496 3.0900500862482957e-05 -0.0037899358389186402 -0.0018526490493051457 0.00024173499617756138 0.0017578319647327983 -0.00018165189233221855 0.00029068993089610879 0.00040457619624905468 -0.002476440770138125 0.00018408472840082432
leaf_weight=554 277331 21862 126463 3932 5737 2172 88163 14132 5193 10782 83158 22261 9682 12307 61509 6928 30346 4057 13338 843 4866 27980 2373 20406 74232 267 22246 67740 5813 7259 18233 67824 572 5314 4348 2495 3755 7360 23472 397 21385 1725 4619 288 3814 2308 3476 6152 3996 10427 5041 1696 417493 237 357 16649 2548 2747 16989 23187 214 37238
leaf_count=554 277331 21862 126463 3932 5737 2172 88163 14132 5193 10782 83158 22261 9682 12307 61509 6928 30346 4057 13338 843 4866 27980 2373 20406 74232 267 22246 67740 5813 7259 18233 67824 572 5314 4348 2495 3755 7360 23472 397 21385 1725 4619 288 3814 2308 3476 6152 3996 10427 5041 1696 417493 237 357 16649 2548 2747 16989 23187 214 37238
internal_value=-2.89871e-07 -7.67707e-05 5.52821e-05 7.41262e-05 0.000318748 5.76667e-05 0.000247328 0.000254247 0.000502841 0.00031886 3.45446e-05 -4.60889e-05 6.78313e-05 4.78863e-06 0.0001084 -5.33633e-05 0.00036795 8.04238e-05 7.46914e-05 5.37938e-05 0.000282669 0.000360873 -0.000124021 -9.94576e-05 -0.000121155 -0.000179415 -5.79309e-05 -0.000147996 -0.000266504 -0.000324937 -0.000545606 -0.00019113 -0.0015848 -0.000256945 -0.00029249 -0.000145165 -0.000604495 0.000366109 -0.000314013 -0.00189015 -0.000430842 -0.00222107 1.75301e-05 -0.000453501 0.000137353 -0.000637623 -0.00115936 5.82702e-05 0.000250276 -0.000393772 -0.000368155 -0.00243554 5.0565e-05 -0.00178134 -0.000271544 8.09437e-05 0.00141734 -0.000810537 8.08116e-05 0.000283193 0.000198444 0.000249373
internal_weight=1.75029e+06 736576 1.01371e+06 887249 55935 831314 90335 52833 21712 16519 740979 216509 524470 194248 111090 68437 42653 509747 505815 459631 46184 41318 459245 400805 380399 267870 111848 89602 156022 133560 50416 83144 5014 75885 58440 39696 18744 9855 29841 4442 45402 3688 112529 8958 4339 24017 5784 103571 6369 14396 14723 3421 458788 525 754 22462 3102 8061 31121 29339 3969 41295
internal_count=1750288 736576 1013712 887249 55935 831314 90335 52833 21712 16519 740979 216509 524470 194248 111090 68437 42653 509747 505815 459631 46184 41318 459245 400805 380399 267870 111848 89602 156022 133560 50416 83144 5014 75885 58440 39696 18744 9855 29841 4442 45402 3688 112529 8958 4339 24017 5784 103571 6369 14396 14723 3421 458788 525 754 22462 3102 8061 31121 29339 3969 41295
is_linear=0
shrinkage=0.05


Tree=67
num_leaves=63
num_cat=0
split_feature=2 28 20 17 31 7 39 31 31 28 38 20 31 39 40 10 38 40 4 31 35 33 7 38 36 39 31 37 40 35 35 7 40 39 36 37 36 6 35 39 4 27 31 37 36 35 31 4 7 39 36 7 40 31 7 36 35 7 39 7 35 39
split_gain=2.68862 0.993421 1.43215 0.966644 0.964269 0.917987 0.911972 1.15165 0.836011 0.794375 0.75496 0.687698 0.789751 0.996346 0.965067 1.02956 0.758075 0.779197 0.703712 0.663862 0.65644 0.724072 0.795694 0.736701 0.692949 0.680862 0.648563 0.965405 0.648339 0.608494 1.2355 0.706965 0.702173 0.872506 0.861998 1.19909 0.849017 1.18395 0.978545 0.819234 0.60846 0.605965 0.605477 0.603211 0.605019 1.57336 2.79695 1.36274 1.30499 1.19245 1.17748 1.03781 0.825061 0.849281 0.914691 0.779576 0.725132 1.05664 0.884414 0.615083 0.592005 0.574839
threshold=1.3250000000000004 16.150000000000002 716.50000000000011 11843.000000000002 3.5000000000000004 4.5500000000000007 1.276535063846866 1.0000000180025095e-35 13.500000000000002 63.350000000000001 91.505322238084133 704.50000000000011 2.5000000000000004 35.198623902865279 9.0751476597276994 -0.54999999999999993 47.69722325823259 21.896060389513959 4.2900000000000009 3.5000000000000004 2.5000000000000004 1.0000000180025095e-35 4.6500000000000012 41.336055781116251 1.0000000180025095e-35 69.314692126241439 7.5000000000000009 1.0000000180025095e-35 41.307456734055201 1.0000000180025095e-35 2.5000000000000004 9.4500000000000011 41.916229626316543 59.793607764095903 2.5000000000000004 1.0000000180025095e-35 1.0000000180025095e-35 179.30000000000004 1.5000000000000002 22.754069472270796 3.6200000000000006 55.850000000000001 7.5000000000000009 1.0000000180025095e-35 1.5000000000000002 1.0000000180025095e-35 4.5000000000000009 3.8000000000000003 9.2000000000000011 27.383151781941901 1.0000000180025095e-35 8.1500000000000004 39.9138184137297 5.5000000000000009 8.4000000000000021 4.5000000000000009 1.0000000180025095e-35 7.6500000000000012 49.93344185230179 5.7500000000000009 1.5000000000000002 1.0000000180025095e-35
decision_type=2 2 2 2 2 2 2 2 2 2 2 2 2 2 2 2 2 2 2 2 2 2 2 2 2 2 2 2 2 2 2 2 2 2 2 2 2 2 2 2 2 2 2 2 2 2 2 2 2 2 2 2 2 2 2 2 2 2 2 2 2 2
left_child=1 2 -1 -4 6 -2 7 -3 9 20 11 -8 14 18 -13 16 17 -16 -14 -5 21 22 41 -23 -22 -25 43 -28 -26 -7 31 32 33 34 36 -36 -31 -38 -39 42 -12 -6 -37 44 45 46 47 59 55 51 -49 -48 -51 54 -54 56 57 -46 -59 -24 -45 -32
right_child=5 4 3 19 8 29 10 -9 -10 -11 40 12 13 -15 15 -17 -18 -19 -20 -21 24 23 26 25 28 -27 27 -29 -30 30 61 -33 -34 -35 35 39 37 38 -40 -41 -42 -43 -44 60 48 -47 49 50 -50 52 -52 -53 53 -55 -56 -57 -58 58 -60 -61 -62 -63
leaf_value=-1.9795399440896117e-05 -0.00026474019523108717 0.0019255626557717152 0.00015792261654799911 0.00098715120875173912 0.00022103051598208937 -8.4163138300241123e-06 -0.0002569799726908401 0.00034547819658203134 0.00016874283176167775 -0.00033233307894590312 -1.4754421971752841e-05 0.00081431545689728533 0.00042170916204575397 0.00014466751994620799 8.1309293370686078e-05 0.00011090384017250614 9.4264940889810793e-06 -0.00041475932553457288 0.0012978830433864246 0.00042252007372751857 0.00024290467808136897 0.00011853038970778894 -0.00050647434260012874 -0.00026687307419457224 -0.00014828588694760819 6.17182545610816e-05 5.757490350101544e-05 0.00059777488608166922 -0.00062142148672424255 -0.00023620644463954286 0.00053583451180348241 5.3937078550575789e-05 -0.00013479735998279095 -2.9815801512536481e-05 0.00020005648828661096 -0.0032621950935858971 -0.0003680307523066911 -0.00066807907072850934 -0.0015349915431962112 -0.00048498010789066844 0.00061716525836450972 0.0014384208844056832 -0.00013072822770831009 -0.00057587338950400063 0.00014106225308707697 0.00015159835436577524 0.0002746487482415726 -0.0030154855628245574 -0.00028066029802318156 -0.00080427037955275505 0.0010458043545880549 0.002087504218099927 -8.8256402400747556e-07 -0.00047326681099603272 0.0012074723338813412 -0.0001972413952382574 5.5587848866625861e-06 0.0012207376519482967 0.00039490274050865936 -0.0011521079163627731 0.00078599726867184462 1.9723807823268762e-05
leaf_weight=47722 61775 1396 34018 6651 34926 277280 15733 6630 60173 20582 5720 3997 9048 57403 11245 163366 70151 26739 3069 23958 6865 26276 5507 63092 21119 21016 133247 8818 11018 13497 5813 30195 124241 17729 9768 523 11978 7295 5878 3042 11404 1053 219 8288 33655 24252 2261 203 26653 3407 1477 1213 4389 4202 2435 17040 36975 4605 10953 11174 883 75048
leaf_count=47722 61775 1396 34018 6651 34926 277280 15733 6630 60173 20582 5720 3997 9048 57403 11245 163366 70151 26739 3069 23958 6865 26276 5507 63092 21119 21016 133247 8818 11018 13497 5813 30195 124241 17729 9768 523 11978 7295 5878 3042 11404 1053 219 8288 33655 24252 2261 203 26653 3407 1477 1213 4389 4202 2435 17040 36975 4605 10953 11174 883 75048
internal_value=-2.75377e-07 4.70222e-05 0.000187948 0.000341351 3.10882e-05 -8.14689e-05 9.29009e-05 0.00062031 -8.16031e-06 -2.75999e-05 8.16989e-05 6.63011e-05 8.10429e-05 0.000231634 4.30424e-05 3.16878e-05 -8.79886e-05 -0.0002679 0.000643627 0.000545208 -1.56986e-05 7.73797e-08 3.30064e-05 -0.00011257 -0.00021309 -0.000184768 9.45264e-06 9.11052e-05 -0.000310498 -6.20329e-05 -0.00011074 -0.000171131 -0.000206131 -0.000332869 -0.000435797 -9.26738e-05 -0.000556113 -0.000727788 -0.00105491 -0.000848326 0.000406083 0.00025666 -0.00233795 -4.86716e-05 -2.95938e-05 -0.000160164 -0.000368635 -0.00080226 3.12472e-05 7.59831e-05 0.000555065 0.000907635 -0.000124194 8.59473e-05 0.000430293 0.00011178 0.000172876 0.000298586 0.000639341 -0.000938961 -0.00044475 5.68264e-05
internal_weight=1.75029e+06 1.10601e+06 112349 64627 993658 644281 385901 8026 607757 547584 377875 360751 345018 69520 275498 271501 108135 37984 12117 30609 527002 488000 377616 110384 39002 84108 341637 142065 32137 582506 305226 224365 194170 69929 52200 13552 38648 25151 13173 3784 17124 35979 742 199572 190401 60520 36268 18361 129881 17907 1680 3474 14433 11026 6824 103228 86188 49213 15558 16681 9171 80861
internal_count=1750288 1106007 112349 64627 993658 644281 385901 8026 607757 547584 377875 360751 345018 69520 275498 271501 108135 37984 12117 30609 527002 488000 377616 110384 39002 84108 341637 142065 32137 582506 305226 224365 194170 69929 52200 13552 38648 25151 13173 3784 17124 35979 742 199572 190401 60520 36268 18361 129881 17907 1680 3474 14433 11026 6824 103228 86188 49213 15558 16681 9171 80861
is_linear=0
shrinkage=0.05


Tree=68
num_leaves=63
num_cat=0
split_feature=2 28 20 18 3 0 35 35 0 38 3 38 35 0 36 32 35 35 32 31 0 3 33 35 38 36 31 0 32 36 0 0 38 2 28 3 20 19 21 0 0 31 35 31 33 38 36 36 38 38 0 0 29 36 32 3 21 33 31 36 20 0
split_gain=2.42648 0.910967 1.52464 1.07919 0.909163 1.80451 1.93016 1.60129 1.05635 0.943733 0.906724 1.29866 1.31303 1.01024 1.00485 0.890246 1.67705 0.88985 0.875015 0.862474 1.86714 0.843855 0.825303 0.85257 0.822446 0.811177 0.791468 0.754533 0.715268 0.677066 0.64129 0.626519 0.690524 0.615009 0.60847 0.626812 0.718627 0.758019 0.616785 0.611597 0.595304 0.650044 0.841944 1.19152 0.687028 0.591296 0.580574 0.815572 1.13607 0.75312 0.577946 0.560728 0.560322 0.543855 0.539841 0.538752 0.527148 0.496753 0.493782 0.517433 0.548255 0.483776
threshold=1.3250000000000004 18.950000000000003 725.50000000000011 35304.000000000007 6788.1000000000013 218579.11404867686 2.5000000000000004 1.0000000180025095e-35 664582.16473218438 41.919361746252115 5496.1000000000013 75.842286874479498 1.0000000180025095e-35 276924.72313299251 1.0000000180025095e-35 1.0000000180025095e-35 1.5000000000000002 1.5000000000000002 2.5000000000000004 5.5000000000000009 111529.23726048466 4952.9500000000016 1.0000000180025095e-35 5.5000000000000009 24.306327372746711 1.0000000180025095e-35 1.5000000000000002 226448.68524425267 10.500000000000002 4.5000000000000009 47346.623621168306 63738.372438047292 86.315706201978955 1.0000000180025095e-35 71.350000000000009 9263.1500000000033 791.50000000000011 150050.00000000003 3589.5000000000005 122371.69362148824 102656.0117998835 2.5000000000000004 1.0000000180025095e-35 1.5000000000000002 1.0000000180025095e-35 83.020973194750155 1.5000000000000002 1.0000000180025095e-35 46.105929214382961 19.496022666521707 86542.385689524337 366551.03150284867 45.920986754056202 1.0000000180025095e-35 3.5000000000000004 4952.9500000000016 3870.5000000000005 1.0000000180025095e-35 3.5000000000000004 6.5000000000000009 957.50000000000011 103568.27171523859
decision_type=2 2 2 2 2 2 2 2 2 2 2 2 2 2 2 2 2 2 2 2 2 2 2 2 2 2 2 2 2 2 2 2 2 2 2 2 2 2 2 2 2 2 2 2 2 2 2 2 2 2 2 2 2 2 2 2 2 2 2 2 2 2
left_child=1 2 52 56 5 6 7 45 22 15 11 12 13 46 21 16 61 27 24 20 -20 50 23 31 30 -18 -23 -16 57 33 -12 -6 -33 53 35 -26 -37 38 -38 -39 -13 42 44 55 -42 -2 47 48 -3 -49 -14 -24 -1 -21 -22 -44 -4 -7 -41 -60 -61 -9
right_child=4 10 3 -5 8 28 -8 9 -10 -11 18 40 14 -15 17 -17 25 -19 19 29 54 26 51 -25 34 -27 -28 -29 -30 -31 -32 32 -34 -35 -36 36 37 39 -40 58 41 -43 43 -45 -46 -47 -48 49 -50 -51 -52 -53 -54 -55 -56 -57 -58 -59 59 60 -62 -63
leaf_value=0.00043937981350321894 0.00012817795807929482 -0.0005763206863520278 0.00041546416205934429 0.00021492785322460876 -0.00058876527191394675 -0.0001185442343128064 0.00074324726645591543 -0.00083559554998511231 0.00027607028912519205 -1.8665879565151969e-05 0.001188032774630304 -2.7860384449072658e-05 -0.00052610212225095542 0.00045861717468086323 0.00035226777928379008 5.9914256479560513e-05 -0.00064083021144591254 -0.0012980571455185204 0.0023511320196211109 -0.00034736272222443861 0.00043628362847015676 -0.00013837895471642377 9.8948678928470828e-06 0.00066347254375790374 -9.8514232952046717e-05 -0.0022868221195265488 0.00057447387027740444 -0.00060972591336045604 -0.0013810255322169547 -0.0003875782613632511 0.00014762675031887876 -0.00013930727198331269 -0.00036718292481989647 6.2604905248995934e-05 -0.00039707811828179341 -0.00016899729031018238 -6.1435224808391368e-05 0.00015443871049985563 0.00049469135676161863 0.00011716344601106939 0.00080322612749001224 0.0011788657514054759 0.0014025803273898072 0.00050858326193571526 -0.0011383972003798344 0.00050771204855603984 -0.00060681808054763265 0.0014972277399742174 -3.8512794781286072e-05 0.00012718178974824439 0.0010000972337489019 0.0006073318151153421 -7.4412877489883549e-05 0.00051999003009109196 -0.0012382807642586681 -0.0009743476205956689 0.001002063002030526 -0.00048275109447745913 -6.8755812172285888e-05 1.5521146349561263e-05 0.00054972505541423737 -0.00011277778829383481
leaf_weight=5857 88462 11864 8583 68066 9135 106682 10627 3479 15214 43327 1527 5474 669 10409 7748 6224 1202 1278 1336 2062 6623 6489 21625 3019 193840 1984 9736 2766 1193 6421 49291 260409 38110 50285 11097 50025 7406 64751 15256 57365 10631 3508 262 5088 476 11609 4601 1035 56982 32520 8522 4799 56449 14632 519 2646 6916 10263 222768 15208 7020 6918
leaf_count=5857 88462 11864 8583 68066 9135 106682 10627 3479 15214 43327 1527 5474 669 10409 7748 6224 1202 1278 1336 2062 6623 6489 21625 3019 193840 1984 9736 2766 1193 6421 49291 260409 38110 50285 11097 50025 7406 64751 15256 57365 10631 3508 262 5088 476 11609 4601 1035 56982 32520 8522 4799 56449 14632 519 2646 6916 10263 222768 15208 7020 6918
internal_value=-2.61609e-07 4.46711e-05 0.00016109 0.00030067 -7.73955e-05 -1.21505e-05 9.03228e-05 4.7808e-05 -0.000131466 -0.000149371 2.69838e-05 0.000127214 7.04008e-05 -1.16228e-05 0.000329229 -0.000435284 -0.000662193 -5.22429e-05 3.42879e-06 0.000158036 0.000635521 0.000506217 -0.000149859 -0.000172675 -1.47709e-05 -0.00166583 0.000289377 9.91886e-05 -0.000162933 0.000102884 0.000178889 -0.00018088 -0.000168399 0.000149903 -3.00352e-05 -2.36071e-05 9.40792e-06 3.23051e-05 0.000312948 1.49809e-05 0.000439993 0.000553257 0.000438373 4.71516e-05 0.000720016 0.000172207 -5.73671e-05 -3.26796e-05 -0.000131191 0.000169441 0.000889007 0.000118398 -2.61144e-05 0.000412857 0.000314595 -0.000760195 0.000677218 -0.000150507 -1.48842e-05 -4.58027e-05 0.000184232 -0.000354644
internal_weight=1.75029e+06 1.10601e+06 145871 83565 644281 291970 173832 163205 352311 63134 960136 182704 154619 117411 37208 19807 13583 11792 777432 81878 8478 25416 337097 310673 695554 3186 16225 10514 118138 73400 50818 307654 298519 66979 644736 633639 439799 389774 22662 367112 28085 22611 19103 7996 11107 100071 107002 102401 68846 33555 9191 26424 62306 16694 7142 2908 15499 116945 302361 244996 22228 10397
internal_count=1750288 1106007 145871 83565 644281 291970 173832 163205 352311 63134 960136 182704 154619 117411 37208 19807 13583 11792 777432 81878 8478 25416 337097 310673 695554 3186 16225 10514 118138 73400 50818 307654 298519 66979 644736 633639 439799 389774 22662 367112 28085 22611 19103 7996 11107 100071 107002 102401 68846 33555 9191 26424 62306 16694 7142 2908 15499 116945 302361 244996 22228 10397
is_linear=0
shrinkage=0.05


Tree=69
num_leaves=63
num_cat=0
split_feature=2 3 39 28 31 3 0 35 35 39 39 40 32 35 36 0 39 31 0 31 39 0 32 31 36 39 36 3 35 25 35 36 33 0 32 39 21 31 27 31 32 35 31 31 40 36 17 31 0 0 7 40 35 36 31 38 2 32 31 36 38 0
split_gain=2.1899 0.867902 1.41865 0.923607 0.859339 0.82052 1.62857 1.74197 1.44517 1.18385 1.18182 1.05614 1.41163 1.06184 1.11638 0.953354 0.880706 1.38304 1.37727 0.931431 0.740897 0.696131 1.74507 0.826358 0.970464 0.689733 1.01462 1.30904 1.28849 0.938901 0.725015 0.679202 0.931169 0.907941 0.979829 0.766208 0.760889 0.842235 0.706451 0.673319 0.655313 0.823291 1.04071 0.837847 1.06357 1.33893 0.947369 0.889068 0.790044 0.741536 0.829455 0.691313 0.649988 0.648312 0.743145 0.692712 0.658662 0.64553 0.642036 0.641373 0.63721 0.632888
threshold=1.3250000000000004 12632.85 0.034715702894933927 32.95000000000001 1.0000000180025095e-35 6788.1000000000013 218579.11404867686 2.5000000000000004 1.0000000180025095e-35 72.19826569210953 4.2515355234765471 39.367070919432443 1.0000000180025095e-35 1.5000000000000002 1.0000000180025095e-35 664582.16473218438 32.305467313510604 7.5000000000000009 348478.04252400302 3.5000000000000004 90.810514536099177 109823.50028000973 1.0000000180025095e-35 6.5000000000000009 1.0000000180025095e-35 43.966045737443913 2.5000000000000004 10423.000000000002 4.5000000000000009 5.9500000000000011 2.5000000000000004 1.5000000000000002 1.0000000180025095e-35 80141.151665857862 6.5000000000000009 26.421342492851554 3828.5000000000005 1.5000000000000002 36.550000000000004 1.5000000000000002 2.5000000000000004 1.5000000000000002 4.5000000000000009 5.5000000000000009 26.981883146429208 1.5000000000000002 14594.500000000002 9.5000000000000018 316382.58273029089 80141.151665857862 9.2000000000000011 51.283709906539023 1.0000000180025095e-35 1.0000000180025095e-35 4.5000000000000009 69.177724327829026 1.0000000180025095e-35 10.500000000000002 2.5000000000000004 8.5000000000000018 31.237485485424873 139119.52580216588
decision_type=2 2 2 2 2 2 2 2 2 2 2 2 2 2 2 2 2 2 2 2 2 2 2 2 2 2 2 2 2 2 2 2 2 2 2 2 2 2 2 2 2 2 2 2 2 2 2 2 2 2 2 2 2 2 2 2 2 2 2 2 2 2
left_child=1 2 4 25 -1 6 7 8 10 11 -2 12 13 -10 -15 16 17 18 19 -7 31 22 -21 24 -23 26 29 28 59 -4 -27 36 -33 -34 35 -35 -3 38 -38 -22 41 43 49 44 53 60 -47 -45 -42 50 -43 -51 -25 55 56 61 -55 -8 -14 -28 -46 -31
right_child=5 20 3 -5 -6 15 57 -9 9 -11 -12 -13 58 14 -16 -17 -18 -19 -20 21 39 23 -24 52 -26 30 27 -29 -30 40 -32 32 33 34 -36 -37 37 -39 -40 -41 48 42 -44 47 45 46 -48 -49 -50 51 -52 -53 -54 54 -56 -57 -58 -59 -60 -61 -62 -63
leaf_value=0.0018586047740270697 0.0014507900668365582 -0.0001317992580284864 -0.00028124615907101149 -0.00014520464129276898 0.00035169792492228383 -0.00015998392473555025 -0.00014298140100668384 0.00070608490278653558 -0.00052183569917964854 0.00028058664069765003 0.00014065926324156419 -4.7428151439517407e-05 -0.0014284518732484703 -0.00048591518791948353 -0.0021789595151912719 0.00026226677483097199 -9.8631023753637713e-05 6.7398761410489765e-06 -5.9915958789549475e-05 -0.0014647504418083925 0.0014964616689683396 0.00096299928778824221 0.00047626640092149016 3.2174375499590766e-05 -0.00052846085035664525 1.1146347813677808e-05 -0.00021528294631695391 0.00020716115289790219 0.00090726096967259473 -0.00046657090775169296 -0.00025067216631214235 0.00030196763424007679 0.0010645163847382393 -0.00080657357945806854 0.0015138334601603072 -6.3355008893299026e-05 0.001151784550183395 4.0699234666957257e-05 0.0002656157946295389 0.00036789828395294657 0.00078142272443648653 -0.0025554354504054577 -0.000366614099591659 0.00068967115917462746 -0.0003421757864926057 -0.00081280119352685517 0.00060964985232858984 4.6491577174681427e-05 -1.3121482203694202e-05 0.0014696478485869153 0.00097065423286685183 -9.6908888773067391e-05 -0.0014842668833204265 0.0014342825567382534 -0.0006027799158572285 0.001277293400162644 0.00053466739396915912 -0.0013119742556159109 0.00031037071930026478 -0.0010484508073091607 0.00017990898193041458 0.000359468897876282
leaf_weight=991 1752 44893 10719 84228 20876 8328 116945 10627 12171 13132 98319 27791 588 1689 2299 15214 260740 25735 16007 6987 1470 1197 1388 882 12279 533259 46354 32075 2499 4719 27821 66776 1637 4456 841 15637 3375 33503 6741 13094 9692 361 13157 16291 6578 6685 1419 8017 4620 1967 310 1097 3554 2336 1265 1080 15772 1193 5464 2431 52406 4559
leaf_count=991 1752 44893 10719 84228 20876 8328 116945 10627 12171 13132 98319 27791 588 1689 2299 15214 260740 25735 16007 6987 1470 1197 1388 882 12279 533259 46354 32075 2499 4719 27821 66776 1637 4456 841 15637 3375 33503 6741 13094 9692 361 13157 16291 6578 6685 1419 8017 4620 1967 310 1097 3554 2336 1265 1080 15772 1193 5464 2431 52406 4559
internal_value=-2.48528e-07 4.24375e-05 2.21102e-05 1.23532e-05 0.00041999 -7.35257e-05 -1.1543e-05 8.58067e-05 4.54176e-05 -0.000141903 0.000163596 -0.000252861 -0.000509903 -0.000753846 -0.00146192 -0.000124893 -0.000142366 -0.00029171 -0.000443435 -0.000620785 0.000138947 -0.000766771 -0.00114306 -0.000590831 -0.000395983 2.87879e-05 9.8519e-05 -4.33795e-05 -0.000200077 0.000171064 -1.83585e-06 0.000110872 0.000208123 -6.95152e-05 -0.000158194 -0.000228178 1.27042e-05 0.000161428 0.000561268 0.000481808 0.000202892 0.000169497 -0.00015751 0.0002151 0.000149209 3.88891e-05 -0.000563732 0.000477545 0.000524939 0.000579084 -0.000926393 0.000908776 -0.00118276 0.000398146 0.000568871 7.88325e-05 0.000650721 -0.000154786 0.00014143 -0.0002568 0.000121685 -6.06736e-05
internal_weight=1.75029e+06 1.10601e+06 913584 891717 21867 644281 291970 173832 163205 63134 100071 50002 22211 16159 3988 352311 337097 76357 50622 34615 192423 26287 8375 17912 13476 807489 246409 83359 51284 163050 561080 177859 89347 22571 20934 20093 88512 43619 10116 14564 152331 138019 16892 121127 96819 67088 8104 24308 14312 3735 671 3064 4436 29731 19373 10358 18108 118138 6052 48785 58984 9278
internal_count=1750288 1106007 913584 891717 21867 644281 291970 173832 163205 63134 100071 50002 22211 16159 3988 352311 337097 76357 50622 34615 192423 26287 8375 17912 13476 807489 246409 83359 51284 163050 561080 177859 89347 22571 20934 20093 88512 43619 10116 14564 152331 138019 16892 121127 96819 67088 8104 24308 14312 3735 671 3064 4436 29731 19373 10358 18108 118138 6052 48785 58984 9278
is_linear=0
shrinkage=0.05


Tree=70
num_leaves=63
num_cat=0
split_feature=2 3 39 3 38 35 39 40 0 40 0 32 5 35 31 40 31 31 37 20 3 0 32 39 39 0 32 20 18 40 35 39 3 33 39 32 38 40 40 0 32 39 38 31 32 36 0 32 40 0 40 39 36 39 35 3 39 32 0 38 31 3
split_gain=2.02478 0.818674 1.34489 0.867558 1.32147 1.14779 1.33074 1.15492 1.13647 0.816262 0.793523 1.17807 0.749303 0.719644 0.783291 1.10806 0.710891 0.700839 1.18992 0.775441 1.08035 1.70003 1.13673 0.757752 0.675531 0.837403 0.648898 0.644656 0.89397 0.619328 0.586379 0.755984 0.569884 0.568377 0.563818 0.558188 0.597487 0.833559 0.551245 0.933873 0.539547 0.51374 0.651329 0.571555 0.510541 0.812967 0.697436 0.650309 0.509559 0.508827 0.503693 0.623856 0.501609 0.890056 0.788127 0.633156 0.828123 0.505787 0.493362 0.4927 0.490701 0.487209
threshold=1.3250000000000004 12702.500000000002 0.034715702894933927 5496.1000000000013 75.842286874479498 1.0000000180025095e-35 53.714205897332796 39.9138184137297 226448.68524425267 50.402207371742087 245786.59003335191 6.5000000000000009 180.15950000000001 1.5000000000000002 1.0000000180025095e-35 81.64634100710002 1.0000000180025095e-35 9.5000000000000018 1.0000000180025095e-35 680.50000000000011 8836.1000000000022 67602.238338278505 2.5000000000000004 53.473977679829446 14.205776654450036 270046.64594997634 2.5000000000000004 841.50000000000011 61472.500000000007 70.372890733307671 3.5000000000000004 47.651580181678789 5858.3000000000002 1.5000000000000002 29.688492603196273 1.0000000180025095e-35 42.542583368667088 30.298622859806333 42.962266956301789 181646.80488837484 1.5000000000000002 68.974837198777621 62.447035663534663 1.5000000000000002 3.5000000000000004 3.5000000000000004 284450.11542195262 4.5000000000000009 45.55788363452357 221714.5290785722 56.29592203288427 75.251321719854005 1.5000000000000002 38.053269270924119 1.0000000180025095e-35 8470.6000000000022 70.037579321364333 1.0000000180025095e-35 87702.298432998898 67.708142790837186 9.5000000000000018 7560.7500000000009
decision_type=2 2 2 2 2 2 2 2 2 2 2 2 2 2 2 2 2 2 2 2 2 2 2 2 2 2 2 2 2 2 2 2 2 2 2 2 2 2 2 2 2 2 2 2 2 2 2 2 2 2 2 2 2 2 2 2 2 2 2 2 2 2
left_child=1 2 16 4 5 6 8 -7 -4 -6 11 17 32 14 15 49 -1 18 19 -5 22 35 52 -20 25 -3 -14 29 33 -26 -12 -32 -2 -29 -23 36 -22 -38 39 60 -27 42 58 -43 45 46 -28 -46 -39 -11 -37 -52 54 -54 59 56 57 -56 -9 -21 -18 -61
right_child=12 24 3 10 9 7 -8 41 -10 13 30 -13 26 -15 -16 -17 38 -19 23 20 21 34 -24 -25 27 40 44 28 -30 -31 31 -33 -34 -35 -36 50 37 48 -40 -41 -42 43 -44 -45 47 -47 -48 -49 -50 -51 51 -53 53 -55 55 -57 -58 -59 -60 61 -62 -63
leaf_value=0.0017057600735577404 0.00027078320334977482 0.00032160822264767702 -2.0183031228090053e-05 -0.00018362590490864176 0.00097449567535598395 -5.3930770800634861e-05 -0.00037513821740458697 -6.5629910434754189e-05 0.00043747336870086277 -0.00027804862947274046 -0.00011394540284977949 0.00050293945707561541 -0.0001348744736689573 0.0015724015693375328 4.3485014871133245e-06 0.0012938006261102467 0.0026279260526305063 -0.0001204086069347404 -0.00080416236365509841 -0.00027995250659911274 0.00085870266464647699 0.00030572258722836394 0.00079448114510762089 3.7619830528690411e-05 0.00013671808508263495 -0.00061987406774803675 -0.0020167532278754659 0.00053863992908966365 0.00013973015967389102 -0.00021535650146921369 0.00076385060686688492 -0.00013648088894773773 -4.9698990323634259e-05 -3.0275522747592616e-05 6.3913894724827616e-05 -0.00042652105708026295 -0.0008700169292495569 0.0010174937147207133 0.00010706908363348374 0.00044629663347744303 0.0001615370302394477 0.0025146864201717996 -0.00016602882480968377 0.00079319787235051717 0.0013236803936765226 0.00057572836397173834 -0.00066358369562015981 -0.0003862998538647017 0.00017503558022306749 0.0010444414454690199 0.002560917937690004 9.10384100488251e-05 -0.00076413932605997443 -0.00012579788596916519 -0.0004485252733058754 0.0005334025589847143 0.00063161079677472921 0.00014549953458557239 0.00070410642733813777 0.00028534936478409411 0.00023599140390553211 -0.0003944772605279085
leaf_weight=1006 14281 5930 78745 32634 5518 13918 21715 2496 16388 2846 193577 12396 132839 1048 13524 3472 807 86060 6782 26943 6941 27012 3718 4413 50221 8302 1582 29623 64396 16626 4444 4905 483567 5154 224120 283 1416 2631 11308 8775 3010 598 3677 2489 594 767 2392 8692 5648 977 956 349 6765 28324 7364 9013 4300 6980 12542 9382 292 3665
leaf_count=1006 14281 5930 78745 32634 5518 13918 21715 2496 16388 2846 193577 12396 132839 1048 13524 3472 807 86060 6782 26943 6941 27012 3718 4413 50221 8302 1582 29623 64396 16626 4444 4905 483567 5154 224120 283 1416 2631 11308 8775 3010 598 3677 2489 594 767 2392 8692 5648 977 956 349 6765 28324 7364 9013 4300 6980 12542 9382 292 3665
internal_value=6.50013e-07 4.16913e-05 2.25284e-05 1.30578e-05 0.000111268 5.3864e-05 -2.19612e-05 0.000301905 5.86547e-05 0.00043108 -1.14537e-05 2.1374e-05 -6.97829e-05 0.000293952 0.000229597 0.000647179 0.000407095 9.56956e-06 3.62256e-05 5.01648e-05 7.04663e-05 0.000123761 -6.43833e-05 -0.000472337 0.000138222 -0.000159658 -0.000169027 0.000169159 0.000250049 4.91511e-05 -9.52667e-05 0.000291487 -4.05058e-05 0.000454326 8.99231e-05 0.000590059 0.000504565 0.000251025 0.000345418 0.000618381 -0.000411949 0.000529064 0.000430489 0.00112668 -0.000492455 -0.00091462 -0.00120226 -0.000276917 0.000442762 5.99249e-05 0.00148571 0.00190039 -9.54655e-05 -0.000248867 -1.58949e-05 0.000189324 2.29872e-05 -0.000159464 0.000576346 -0.000157824 0.0019924 9.4381e-05
internal_weight=1.75114e+06 1.10642e+06 923162 900974 179953 152568 116848 35720 95133 27385 721021 518095 644714 21867 20819 7295 22188 505699 419639 408444 375810 269356 106454 11195 183262 17242 146866 166020 99173 66847 202926 9349 497848 34777 251132 18224 16636 9695 21182 9874 11312 21802 18715 3087 14027 4741 3974 9286 8279 3823 1588 1305 102736 35089 67647 27657 18644 14344 15038 39990 1099 13047
internal_count=1751138 1106424 923162 900974 179953 152568 116848 35720 95133 27385 721021 518095 644714 21867 20819 7295 22188 505699 419639 408444 375810 269356 106454 11195 183262 17242 146866 166020 99173 66847 202926 9349 497848 34777 251132 18224 16636 9695 21182 9874 11312 21802 18715 3087 14027 4741 3974 9286 8279 3823 1588 1305 102736 35089 67647 27657 18644 14344 15038 39990 1099 13047
is_linear=0
shrinkage=0.05


Tree=71
num_leaves=63
num_cat=0
split_feature=2 28 20 18 5 38 39 31 38 40 7 40 34 34 32 5 38 39 40 39 31 31 1 31 40 6 27 34 39 31 34 5 40 38 27 2 38 31 40 32 31 32 40 28 34 39 20 21 38 31 39 31 7 34 32 31 31 39 34 34 5 39
split_gain=1.82736 0.813782 1.27245 0.946768 0.797923 1.15105 0.865656 1.04192 1.15267 1.01468 0.760767 0.743176 0.715203 1.37599 0.811027 0.735394 0.708372 0.926507 0.779305 1.60176 0.810982 0.651401 1.25881 0.628305 1.61051 0.605983 0.605087 0.589264 0.56338 0.919101 0.556973 0.552175 0.526179 0.549961 0.522478 0.521448 0.520039 0.504319 1.06705 0.985609 0.499411 0.497292 0.475909 0.525757 0.486676 0.501397 0.625972 0.473478 0.467404 0.467196 0.462164 0.456201 0.793149 0.887644 0.698558 0.560152 0.455162 0.443437 0.440133 0.751027 0.711536 0.610054
threshold=1.3250000000000004 18.950000000000003 725.50000000000011 35304.000000000007 118.26650000000002 75.842286874479498 17.07907484460916 1.0000000180025095e-35 47.974299233544642 64.018863709990157 4.5500000000000007 46.251997844299972 5.5000000000000009 7.5000000000000009 2.5000000000000004 161.6045 31.706845085854464 82.025839525732849 60.652890851582647 52.452199866998804 1.5000000000000002 4.5000000000000009 5.8350000000000009 5.5000000000000009 51.814178957931638 181.50000000000003 40.050000000000004 1.5000000000000002 71.85532328746622 9.5000000000000018 1.5000000000000002 130.51600000000002 65.722991294292754 53.650318618048495 50.45000000000001 -0.28999999999999998 67.708142790837186 1.0000000180025095e-35 81.64634100710002 1.0000000180025095e-35 2.5000000000000004 5.5000000000000009 26.700635457983545 34.250000000000007 2.5000000000000004 36.201311980187064 800.50000000000011 3870.5000000000005 78.774242492322557 9.5000000000000018 86.351803166888047 3.5000000000000004 6.8500000000000005 1.5000000000000002 1.0000000180025095e-35 12.500000000000002 6.5000000000000009 5.0019251923815231 3.5000000000000004 2.5000000000000004 161.13950000000003 52.922989377113936
decision_type=2 2 2 2 2 2 2 2 2 2 2 2 2 2 2 2 2 2 2 2 2 2 2 2 2 2 2 2 2 2 2 2 2 2 2 2 2 2 2 2 2 2 2 2 2 2 2 2 2 2 2 2 2 2 2 2 2 2 2 2 2 2
left_child=1 2 27 47 5 6 9 8 -8 40 -2 -7 14 15 16 28 21 18 51 20 -20 22 26 24 -16 -26 42 -1 29 32 -22 41 33 -14 -32 -25 49 38 -13 50 -3 -12 43 44 45 46 -6 -4 -5 -15 -39 52 -18 -54 55 -53 -49 -29 59 61 -61 -33
right_child=10 4 3 48 12 11 7 -9 -10 -11 31 37 13 36 23 -17 17 -19 19 -21 30 -23 -24 35 25 -27 -28 57 -30 -31 34 58 -34 -35 -36 -37 -38 39 -40 -41 -42 -43 -44 -45 -46 -47 -48 56 -50 -51 -52 54 53 -55 -56 -57 -58 -59 -60 60 -62 -63
leaf_value=7.0230939419281416e-05 -0.00023299268123137245 0.00015864648735915967 0.00038293806161961749 0.00027644433432893269 0.00011992352068421377 0.00098691318670151933 -0.00061783421420089557 0.00014850390599328899 -2.854118033372747e-05 0.0015608597883479292 0.00014780611698993142 6.3477957192507238e-05 0.00068193413449408485 -0.0022916289626505426 -0.0020938500840209113 -0.00019933103509637017 -3.4547872171086444e-05 0.00011872953476481873 0.00013230696113032187 -1.7511808915788471e-05 -0.00056798908693524153 -2.8732020369373867e-05 -0.0002497464983167909 0.00041790577054358818 0.00095704766046662111 -0.00012892016739357695 -9.6375960822557325e-05 0.0013976947504805185 0.00011102550344895986 0.0002625269843000621 -0.00027345467458007828 -0.00010818045837388533 0.0003057641599435187 0.0015076331619335004 0.0011178737805354641 2.9420346893276067e-05 -4.6486543431526323e-05 -0.00039716046601895338 0.0012369323717133197 0.00056606044538969394 0.0017324371573109718 0.0013085987683214015 0.00026316722865929882 4.936977063734837e-05 -0.00091508499909347552 0.00060261791530053118 0.0015539763652570049 0.0012669838684562732 -1.7988725144324492e-05 -0.00052825343285029522 0.00056039300013175806 -7.2540128032980424e-05 0.00047202898662682829 -0.00010976116420808235 -0.00034478049338396285 0.00022316486971057489 0.00043325291899833952 -0.00031951353461397896 -0.00018205609596831657 -0.00018069297047233765 0.00046039918595210951 5.0129911090951133e-06
leaf_weight=45930 61874 7206 8606 49838 948 4666 9868 83126 52164 1890 20566 4039 4198 412 538 6087 80801 69791 6820 66173 33170 47236 10040 10318 6249 1617 5357 385 12026 14397 16245 252800 3028 3881 704 53043 10178 7079 3723 7197 542 966 12915 2699 390 6742 3857 4170 18476 4254 1533 214847 18922 10032 22084 17305 2695 15987 63536 6329 13690 224953
leaf_count=45930 61874 7206 8606 49838 948 4666 9868 83126 52164 1890 20566 4039 4198 412 538 6087 80801 69791 6820 66173 33170 47236 10040 10318 6249 1617 5357 385 12026 14397 16245 252800 3028 3881 704 53043 10178 7079 3723 7197 542 966 12915 2699 390 6742 3857 4170 18476 4254 1533 214847 18922 10032 22084 17305 2695 15987 63536 6329 13690 224953
internal_value=6.17513e-07 3.96067e-05 0.00014955 0.000276799 2.28821e-05 0.000116805 6.32519e-05 3.27845e-05 -0.000122285 0.000522122 -6.62937e-05 0.000410382 7.66013e-07 0.000168945 -1.29114e-05 0.000310457 -3.05982e-05 -5.16506e-05 -7.60622e-05 -0.000184807 -0.000379233 9.9402e-05 0.000240329 0.000146564 0.000552789 0.000733807 0.000389848 -2.15762e-05 0.00039314 0.000526166 -0.000448841 -4.8597e-05 0.000867898 0.00107858 -0.000215664 9.26831e-05 -0.000246866 0.000296254 0.000626319 0.000134197 0.000268739 0.000199883 0.000484389 0.000679598 0.000822094 0.000880768 0.00127105 0.000629985 0.000196813 -0.000683957 -0.000226709 -3.92817e-05 4.59123e-05 0.00027045 -7.60604e-05 -5.04978e-05 0.000939685 -0.000279132 -5.81289e-05 -4.23107e-05 0.000257718 -5.48826e-05
internal_weight=1.75114e+06 1.10642e+06 146087 83785 960337 183033 154796 145158 62032 9638 644714 28237 777304 58461 718843 43617 647078 556894 487103 123112 56939 90184 42948 71765 8404 7866 32908 62302 37530 25504 50119 582840 11107 8079 16949 63361 14844 23571 7762 15809 7748 21532 27551 14636 11937 11547 4805 15471 68314 4666 8612 363991 109755 28954 254236 232152 6865 16372 561308 497772 20019 477753
internal_count=1751138 1106424 146087 83785 960337 183033 154796 145158 62032 9638 644714 28237 777304 58461 718843 43617 647078 556894 487103 123112 56939 90184 42948 71765 8404 7866 32908 62302 37530 25504 50119 582840 11107 8079 16949 63361 14844 23571 7762 15809 7748 21532 27551 14636 11937 11547 4805 15471 68314 4666 8612 363991 109755 28954 254236 232152 6865 16372 561308 497772 20019 477753
is_linear=0
shrinkage=0.05


Tree=72
num_leaves=63
num_cat=0
split_feature=3 5 34 34 34 0 37 31 32 7 31 35 40 31 3 0 35 37 31 0 0 0 31 34 32 34 35 0 5 32 40 38 35 34 3 38 3 3 35 40 31 32 31 40 31 35 35 35 3 38 37 40 7 32 31 40 0 3 32 34 31 35
split_gain=1.39127 1.93338 0.853202 1.23309 1.0858 1.19077 1.95097 1.65909 1.4566 1.32928 1.19069 1.14717 1.01424 0.863052 0.827817 0.79928 0.797015 0.725384 1.20029 1.00762 0.748501 0.712329 1.50425 0.684282 0.681909 2.32334 1.82505 1.23992 0.938603 0.655876 0.65056 0.775905 0.614043 0.613293 2.24586 1.41294 1.25877 0.871229 1.71634 0.728593 0.639289 0.611916 0.607425 0.602347 0.915751 1.19604 0.761799 0.642542 0.599439 0.596646 0.572616 0.572551 0.636306 0.561376 0.715138 0.787174 0.558772 0.557265 0.666045 0.553869 0.838189 0.819836
threshold=12632.85 168.18450000000004 8.5000000000000018 5.5000000000000009 1.5000000000000002 247630.90071948498 1.0000000180025095e-35 1.5000000000000002 2.5000000000000004 5.6500000000000012 5.5000000000000009 4.5000000000000009 51.814178957931638 7.5000000000000009 10496.100000000002 51150.335100818651 1.0000000180025095e-35 1.0000000180025095e-35 7.5000000000000009 108117.03297120632 450518.45484227542 121536.07492388861 8.5000000000000018 5.5000000000000009 1.0000000180025095e-35 1.0000000180025095e-35 1.0000000180025095e-35 158770.23576387847 155.94500000000002 1.0000000180025095e-35 10.633732766110073 74.654847823481944 1.0000000180025095e-35 1.0000000180025095e-35 6427.6500000000005 48.820550747264939 4653.4500000000016 6427.6500000000005 1.5000000000000002 90.476229839711877 1.0000000180025095e-35 13.500000000000002 2.5000000000000004 51.283709906539023 3.5000000000000004 1.0000000180025095e-35 1.5000000000000002 2.5000000000000004 4952.9500000000016 23.742197232267941 1.0000000180025095e-35 56.619723655780739 5.6500000000000012 2.5000000000000004 7.5000000000000009 31.756117479419331 814800.37472513632 5983.7500000000009 18.500000000000004 4.5000000000000009 5.5000000000000009 1.5000000000000002
decision_type=2 2 2 2 2 2 2 2 2 2 2 2 2 2 2 2 2 2 2 2 2 2 2 2 2 2 2 2 2 2 2 2 2 2 2 2 2 2 2 2 2 2 2 2 2 2 2 2 2 2 2 2 2 2 2 2 2 2 2 2 2 2
left_child=1 2 3 4 5 6 8 29 14 10 -10 17 16 -5 24 -16 -11 18 -6 -20 -19 22 -14 50 30 26 27 -26 -27 32 31 -1 -7 35 36 37 -35 38 -32 42 -41 -9 -37 44 45 -36 -47 -45 -34 -38 -2 -31 -53 59 55 -55 -56 -23 -59 60 61 -3
right_child=23 53 -4 13 11 7 -8 41 9 12 -12 -13 21 -15 15 -17 -18 20 19 -21 -22 57 -24 -25 25 28 -28 -29 -30 51 33 -33 48 34 43 39 49 -39 -40 40 -42 -43 -44 47 -46 46 -48 -49 -50 -51 -52 52 -54 54 56 -57 -58 58 -60 -61 -62 -63
leaf_value=0.00027871388614558035 0.00015439533043620443 -9.7076755680489975e-05 -0.00041170810961853245 -0.00087607351688074458 -2.0548099198748496e-05 0.00042697112761059912 -0.00034559011126238608 -0.00016776080056642048 0.0017499141337897787 -0.00058164253751990429 -0.0011626480444274646 0.00059156624169936416 0.0018836882479141817 0.0002552632400793217 0.00093751162879448971 0.0001928113092843656 0.00060452727636333618 4.4847859602089887e-05 -0.0006799734072988515 -0.00018743064350851195 0.0010350219729477149 0.0012744081175130473 0.00041211278341990812 -0.00072682980148410274 0.00021767668907509623 -0.00044426284819703985 0.00047322686617671844 -0.00069952266841696365 0.00026658136606973887 -0.0016749480311484149 -0.00021963787832128832 0.0017759266400227448 0.00051112746143118818 -0.00013764817048362953 9.6183316159915858e-05 4.3978983669181257e-05 0.0022142679947000084 0.00081911692485468453 -0.0014489346641642065 0.0014011433303257482 9.0207244631763833e-05 0.00012480516211735792 -0.00037287744217520934 -8.0555542739225799e-05 -2.1422446944800586e-05 0.0010382837638081162 -0.00033701101733962601 -0.0010421730557840687 -0.00029964204629321425 0.00065741792834932004 -0.00031685253915033924 -0.001443899079251959 0.00050810809866619182 0.0010922959226196461 -0.00024642424230006209 -0.00078486791537403218 0.00042541296431522729 0.00022250718135959058 0.0010442912605399856 -0.00031411631407740923 3.1054562841497779e-05 -0.00040276268643735507
leaf_weight=5358 183433 191867 11439 1729 146027 24769 26591 149023 420 3416 2133 6217 3137 67390 3811 66047 2419 6327 11764 88492 2733 1946 3890 2316 9190 17180 50088 6151 6364 761 55333 1032 3402 5674 15132 146082 636 1851 2993 1808 1915 20308 9295 61078 47540 7111 1173 1788 6911 19007 6681 591 1422 596 26798 8871 3499 12995 3043 25542 123838 24765
leaf_count=5358 183433 191867 11439 1729 146027 24769 26591 149023 420 3416 2133 6217 3137 67390 3811 66047 2419 6327 11764 88492 2733 1946 3890 2316 9190 17180 50088 6151 6364 761 55333 1032 3402 5674 15132 146082 636 1851 2993 1808 1915 20308 9295 61078 47540 7111 1173 1788 6911 19007 6681 591 1422 596 26798 8871 3499 12995 3043 25542 123838 24765
internal_value=5.86637e-07 -1.50725e-05 1.79635e-05 2.22693e-05 9.0759e-06 3.76516e-05 7.31509e-05 -6.57737e-05 9.24474e-05 0.000412947 -0.000683496 -7.95063e-05 0.000503695 0.000226963 7.27571e-05 0.000233437 -8.98954e-05 -9.58453e-05 -0.000112009 -0.000245225 0.000343539 0.000642178 0.00106905 0.000127428 4.90651e-05 0.000173814 0.000327082 -0.000150076 -0.00025212 0.00023347 2.02212e-05 0.000520517 0.000291992 1.17731e-05 8.64915e-05 -4.24533e-05 0.00051834 -0.000248828 -0.000282719 3.56044e-05 0.000726837 -0.000132673 1.90417e-05 4.79269e-06 0.000104642 0.000360581 0.000843544 -0.000107905 -3.21895e-05 0.000707826 0.000137835 -0.000506651 -6.49849e-05 -0.000108938 -0.000287363 -0.00066669 -0.000168834 0.000475381 0.00037843 -8.95535e-05 -7.27069e-05 -0.000132022
internal_weight=1.75114e+06 1.55871e+06 1.15293e+06 1.14149e+06 1.07237e+06 810814 603627 207187 577036 33399 2553 261560 30846 69119 543637 69858 5835 255343 246283 100256 9060 25011 7027 192430 473779 88973 65429 15341 23544 37856 384806 6390 35082 378416 159139 219277 25317 60177 58326 159100 3723 169331 155377 133822 70956 23416 8284 62866 10313 19643 190114 2774 2013 405776 39764 9467 30297 17984 16038 366012 340470 216632
internal_count=1751138 1558708 1152932 1141493 1072374 810814 603627 207187 577036 33399 2553 261560 30846 69119 543637 69858 5835 255343 246283 100256 9060 25011 7027 192430 473779 88973 65429 15341 23544 37856 384806 6390 35082 378416 159139 219277 25317 60177 58326 159100 3723 169331 155377 133822 70956 23416 8284 62866 10313 19643 190114 2774 2013 405776 39764 9467 30297 17984 16038 366012 340470 216632
is_linear=0
shrinkage=0.05


Tree=73
num_leaves=63
num_cat=0
split_feature=2 3 39 25 39 18 36 39 3 35 3 34 32 35 32 40 35 34 32 34 40 32 33 38 39 35 10 39 35 36 36 40 36 36 39 31 31 35 31 36 3 31 36 39 36 40 36 33 34 36 32 19 37 31 20 40 36 18 39 31 40 3
split_gain=1.50318 0.681425 1.17317 0.761955 0.66431 0.652492 0.697212 0.965323 0.961177 0.643227 0.712514 1.64248 0.954204 1.00132 2.10386 2.42791 1.49167 1.49155 1.23796 1.09008 1.07305 0.998478 0.947034 0.933212 1.05632 0.888673 0.884921 0.868306 0.858329 1.13737 0.767749 0.712834 0.663501 0.637419 0.63579 1.45293 0.743847 0.822256 0.63534 0.629338 0.620254 0.616481 0.611501 0.610068 0.602235 0.734647 0.59714 0.807903 0.755968 1.31402 0.743879 0.821874 0.604113 0.59335 0.583548 0.57996 0.550009 0.541851 0.537863 0.526989 0.520139 0.519343
threshold=1.3250000000000004 12702.500000000002 0.034715702894933927 5.9500000000000011 90.152925015616873 33614.000000000007 2.5000000000000004 40.620865304989742 10110.050000000001 5.5000000000000009 6788.1000000000013 1.0000000180025095e-35 10.500000000000002 1.0000000180025095e-35 1.0000000180025095e-35 47.384482315563538 1.5000000000000002 3.5000000000000004 2.5000000000000004 1.0000000180025095e-35 24.446007865415634 1.0000000180025095e-35 1.0000000180025095e-35 58.29211407178709 4.2515355234765471 1.5000000000000002 -0.72499999999999953 39.951102652477168 2.5000000000000004 1.5000000000000002 1.0000000180025095e-35 27.337663825566757 1.5000000000000002 1.5000000000000002 32.305467313510604 4.5000000000000009 3.5000000000000004 1.0000000180025095e-35 2.5000000000000004 1.5000000000000002 6114.4500000000016 12.500000000000002 1.0000000180025095e-35 15.056511221488929 1.5000000000000002 48.775283817188971 1.5000000000000002 1.0000000180025095e-35 1.0000000180025095e-35 1.0000000180025095e-35 6.5000000000000009 197250.00000000003 1.0000000180025095e-35 9.5000000000000018 620.50000000000011 12.439600220877372 2.5000000000000004 82411.500000000015 41.951274324408587 2.5000000000000004 29.043345163089846 6178.4000000000005
decision_type=2 2 2 2 2 2 2 2 2 2 2 2 2 2 2 2 2 2 2 2 2 2 2 2 2 2 2 2 2 2 2 2 2 2 2 2 2 2 2 2 2 2 2 2 2 2 2 2 2 2 2 2 2 2 2 2 2 2 2 2 2 2
left_child=1 2 39 33 46 54 7 -7 -8 10 12 -12 13 21 15 16 20 18 60 40 27 23 34 44 -25 -19 -23 -15 29 42 61 59 -32 -4 35 36 37 -13 -6 -1 -20 56 -18 55 45 -2 48 57 49 52 51 -49 -3 58 -5 -24 -34 -48 -51 -26 -16 -28
right_child=9 4 3 5 38 6 8 -9 -10 -11 11 22 -14 14 17 -17 28 25 19 -21 -22 26 43 24 31 -27 30 -29 -30 -31 32 -33 41 -35 -36 -37 -38 -39 -40 -41 -42 -43 -44 -45 -46 -47 47 50 -50 53 -52 -53 -54 -55 -56 -57 -58 -59 -60 -61 -62 -63
leaf_value=0.00069324619591906223 -0.00027537624364775223 0.00051997780249560504 -0.00025003140307798484 -0.00035362394256818823 0.0011713463225317786 0.00016667285693896158 -0.0001446054284250052 1.4104689785060512e-05 5.9031234514582163e-05 0.00061324796731936375 0.00050474843279540559 0.00028748276541167359 -0.001329314703637473 -0.0013098305588338478 0.00046189418103043974 3.4534803008529976e-05 -0.00046776621213394403 -0.00022027404013584982 -0.0015398928644057438 -0.002284082153457124 -1.3937350125016489e-05 0.00047491308478806392 0.0022870339861408031 0.0019424148930457796 0.0016143712956335409 -0.0013744370107826721 -0.00021651662833982845 -0.00019386098268525879 -0.00046618129510135419 -0.0024737442278123566 0.00082731510487925753 0.00022322290004218621 -0.00074504039993210326 -1.047929294969281e-05 -0.0001152991937701601 -0.00015937766761840697 -0.00095892703890815094 -0.00074251341617633968 0.00029733732306620308 0.00015295445121886724 0.00054681420345602868 0.00042888602756645114 -0.0012980363303150176 7.231438238454765e-05 0.0001691810415824969 0.0003417470228367049 0.00035909704565249839 5.5270042066707002e-05 -0.00012760234042801923 -0.00096561173408782916 0.0014420189892516506 -0.00066395666043826229 -0.001149170048313754 0.00032116669366160912 0.00064607258316073826 0.00048731124208300808 0.00013579821556739452 7.7575497091012014e-06 -0.000153063905903475 0.00037422582350905625 0.00013820353052990366 -0.00087743784455759531
leaf_weight=9226 23288 17916 47934 1823 2505 139284 125036 405562 107998 3527 10475 3327 1356 3622 18188 32158 3683 7497 523 901 13999 4459 565 955 1637 2145 5450 3360 7218 1450 1961 55891 4733 66011 236220 57753 10074 4640 12235 12962 1116 3029 5574 24784 30679 6082 48774 15083 48269 2561 777 5392 559 5084 7326 2155 2833 14160 9947 1797 39072 6538
leaf_count=9226 23288 17916 47934 1823 2505 139284 125036 405562 107998 3527 10475 3327 1356 3622 18188 32158 3683 7497 523 901 13999 4459 565 955 1637 2145 5450 3360 7218 1450 1961 55891 4733 66011 236220 57753 10074 4640 12235 12962 1116 3029 5574 24784 30679 6082 48774 15083 48269 2561 777 5392 559 5084 7326 2155 2833 14160 9947 1797 39072 6538
internal_value=5.57305e-07 3.59194e-05 1.84364e-05 9.59104e-06 0.000123988 2.70867e-05 2.21494e-05 5.31071e-05 -5.02314e-05 -6.01292e-05 -6.38332e-05 -0.00011191 -6.04855e-06 1.42317e-07 -9.56671e-05 -0.000286924 -0.000552628 0.000100057 0.000193106 -0.000887038 -0.000266464 9.02891e-05 -0.000130936 0.000153764 0.00029274 -0.000477034 -0.000173057 -0.000772784 -0.00088758 -0.00117166 -0.000290776 0.000266184 -1.75294e-05 -0.000111253 -0.000155729 -0.000281732 -0.000673413 -0.000312389 0.000445871 0.000377613 -0.000119048 -0.000173899 -0.000967704 0.000150326 1.42525e-05 -0.000147581 9.5834e-05 0.000190037 1.79819e-06 0.000174977 -7.65089e-05 -0.000134135 0.000469474 -0.000134302 0.000446876 0.000861151 -0.000415221 0.000280046 -0.000319432 0.000965408 0.00024102 -0.000576969
internal_weight=1.75114e+06 1.10642e+06 923162 900974 183262 787029 777880 544846 233034 644714 641187 349993 291194 289838 140506 71064 38906 69442 59800 2540 20981 149332 339518 120329 60280 9642 29003 6982 17925 10707 24544 59325 12556 113945 312014 75794 18041 7967 14740 22188 1639 10595 9257 27504 60049 29370 168522 84186 84336 36067 21252 20475 18475 17592 9149 2720 7566 62934 12508 3434 57260 11988
internal_count=1751138 1106424 923162 900974 183262 787029 777880 544846 233034 644714 641187 349993 291194 289838 140506 71064 38906 69442 59800 2540 20981 149332 339518 120329 60280 9642 29003 6982 17925 10707 24544 59325 12556 113945 312014 75794 18041 7967 14740 22188 1639 10595 9257 27504 60049 29370 168522 84186 84336 36067 21252 20475 18475 17592 9149 2720 7566 62934 12508 3434 57260 11988
is_linear=0
shrinkage=0.05


Tree=74
num_leaves=63
num_cat=0
split_feature=2 0 7 39 7 19 40 40 38 15 34 34 3 31 39 32 0 40 0 35 25 40 31 35 5 7 35 40 38 40 32 35 0 39 31 35 35 34 31 40 40 27 19 38 31 7 38 39 39 34 40 0 39 31 3 0 31 39 0 39 32 3
split_gain=1.35662 0.719401 0.69926 0.657286 0.641328 0.612381 0.604249 0.664539 0.594693 0.539372 0.530648 0.887462 0.896915 0.828929 0.605383 1.14595 0.944681 1.25856 0.839285 0.772598 0.706383 0.702745 0.602026 0.588043 0.572537 0.559996 1.27089 1.06978 0.789164 0.675434 0.607643 0.883082 0.673993 0.577332 0.540457 0.531877 0.568314 0.891482 0.527995 0.517485 0.517428 0.494074 0.559947 0.489395 0.660657 0.525845 0.578017 0.519813 0.479923 0.501901 0.471209 0.931324 0.636233 0.580964 0.465255 0.486574 0.513552 0.513531 0.475764 1.48347 1.01177 1.47303
threshold=1.3250000000000004 29672.543611481178 4.4500000000000011 0.034715702894933927 4.5500000000000007 235550.00000000003 16.068598793383167 70.372890733307671 19.496022666521707 0.075000000000000192 8.5000000000000018 5.5000000000000009 11761.400000000003 7.5000000000000009 82.025839525732849 2.5000000000000004 150542.95089770158 56.29592203288427 217090.92424784886 1.5000000000000002 6.2500000000000009 67.663554329911335 3.5000000000000004 4.5000000000000009 152.73650000000004 6.8500000000000005 1.0000000180025095e-35 52.522185507505647 47.69722325823259 10.633732766110073 1.0000000180025095e-35 1.0000000180025095e-35 149669.27527376843 48.184549385567315 1.0000000180025095e-35 2.5000000000000004 1.0000000180025095e-35 1.0000000180025095e-35 1.0000000180025095e-35 74.939799328910169 70.372890733307671 36.350000000000001 108250.00000000001 55.083119097004037 4.5000000000000009 6.8500000000000005 41.606085226796885 52.452199866998804 99.016042157286009 4.5000000000000009 46.543040495329173 82683.458530116259 56.628438516856093 2.5000000000000004 5858.3000000000002 766091.3617223046 5.5000000000000009 10.966250041684013 200451.26106431909 43.097942437332144 1.0000000180025095e-35 6909.3500000000013
decision_type=2 2 2 2 2 2 2 2 2 2 2 2 2 2 2 2 2 2 2 2 2 2 2 2 2 2 2 2 2 2 2 2 2 2 2 2 2 2 2 2 2 2 2 2 2 2 2 2 2 2 2 2 2 2 2 2 2 2 2 2 2 2
left_child=1 6 9 5 -2 -4 -1 -8 -5 38 11 14 13 -13 15 20 17 19 35 -17 22 41 25 43 -19 28 50 -28 -10 -30 31 32 -31 34 40 36 48 -38 39 -3 -34 42 -22 44 45 -24 -47 -45 49 -16 51 53 -52 -27 -6 58 -57 -58 59 60 61 -56
right_child=4 2 3 8 54 -7 7 -9 10 -11 -12 12 -14 -15 18 16 -18 24 -20 -21 21 -23 23 -25 -26 26 27 -29 29 30 -32 -33 33 -35 -36 -37 37 -39 -40 -41 -42 -43 -44 47 -46 46 -48 -49 -50 -51 52 -53 -54 -55 55 56 57 -59 -60 -61 -62 -63
leaf_value=-0.00073062382073452831 -0.00021017759048853578 -2.2973485651892018e-05 0.00043779891029663401 0.00021122661731624913 0.00024099581806456306 -0.00012414779485674194 0.0010224686607681833 -0.00065121021844639253 -0.00021591549473726505 -2.4164449781567478e-05 -0.00038616858013115676 -0.0010114821118255466 -0.00098925308945077019 0.00027005946217224715 7.3513475363134881e-05 -0.00031458773015835946 9.5836983523906044e-05 0.0015338884025630352 -0.00011189939990701639 0.0016573665068117657 0.00071853490613329953 -0.00021122211209745781 -0.00013708423050061978 0.00035549696498461962 0.00044139342788834519 0.001795859173059428 0.0010783224423952277 -0.00025705960370333468 0.0012889920044802028 -0.0001132855314780344 0.00026776779527360356 -0.00034313046823547695 0.00055401176707980547 6.5264129177821791e-05 0.00028412958252866624 -0.00064409832062708549 0.00088273012722662038 0.00014072578933516404 0.00022335482995063298 0.00072025609721447026 0.0018896621312664329 3.6295334975902496e-05 0.00018228163466470123 -0.00026667715216143796 -0.00010904789766399517 0.00060696145739278515 1.1977230981566136e-05 -9.8623698745350135e-05 0.0011452667121765964 0.00060299315364210904 -0.00066439875016381601 6.6767560492308618e-05 2.7395625037734041e-05 0.00016217903988231656 -8.4851942331188346e-05 -0.00016580393567502933 0.0010600080444116847 0.00023001555090661392 -0.00010571972766968091 6.3077131809471371e-05 0.00010912916865535965 -0.0005478145146079566
leaf_weight=750 61874 42097 16589 33699 14281 6850 4299 688 48675 51787 8939 1295 1536 49224 61658 3323 36308 3516 36261 584 5962 18795 8643 6444 1820 1365 5774 2026 1053 31604 19316 18930 1805 20070 6672 1938 7042 9521 106406 2480 1212 56897 26528 87466 94756 9239 7313 97093 1143 4826 4675 17130 11497 905 43173 5070 2576 6739 254274 204720 23468 28539
leaf_count=750 61874 42097 16589 33699 14281 6850 4299 688 48675 51787 8939 1295 1536 49224 61658 3323 36308 3516 36261 584 5962 18795 8643 6444 1820 1365 5774 2026 1053 31604 19316 18930 1805 20070 6672 1938 7042 9521 106406 2480 1212 56897 26528 87466 94756 9239 7313 97093 1143 4826 4675 17130 11497 905 43173 5070 2576 6739 254274 204720 23468 28539
internal_value=5.2944e-07 3.41234e-05 3.12126e-05 1.22743e-05 -5.71227e-05 0.000273571 0.000592573 0.00079157 5.27069e-06 0.000115076 -2.98417e-06 1.13355e-06 0.000201019 0.000237209 -1.22099e-05 -3.12187e-05 0.000210723 0.000662016 8.98934e-05 -1.98293e-05 -4.9231e-05 6.66899e-05 -7.41297e-05 -0.000117164 0.00116126 -4.69051e-06 0.000153467 0.000731466 -5.06243e-05 2.9302e-05 1.59854e-05 -4.45856e-05 4.75132e-05 0.000218281 0.000535244 0.000174851 0.000193703 0.0004562 0.000162836 1.83754e-05 0.00109057 0.000125125 0.000280686 -0.000127166 -4.85403e-05 0.000179023 0.000344086 -0.000178267 0.000129412 0.000111948 2.67275e-05 0.000192879 -0.000172588 0.00114455 -4.08745e-05 -4.79545e-05 0.00023914 0.000459544 -5.54067e-05 -1.27482e-05 -0.000175839 -0.000269096
internal_weight=1.75114e+06 1.10642e+06 1.10069e+06 897917 644714 23439 5737 4987 874478 202770 840779 831840 52055 50519 779785 657396 45551 9243 122389 3907 611845 108182 503663 310954 5336 192709 43372 7800 149337 100662 99609 80293 61363 29759 9689 86128 84190 16563 150983 44577 3017 89387 32490 304510 119951 25195 16552 184559 67627 66484 35572 19400 16172 2270 582840 568559 14385 9315 554174 299900 95180 71712
internal_count=1751138 1106424 1100687 897917 644714 23439 5737 4987 874478 202770 840779 831840 52055 50519 779785 657396 45551 9243 122389 3907 611845 108182 503663 310954 5336 192709 43372 7800 149337 100662 99609 80293 61363 29759 9689 86128 84190 16563 150983 44577 3017 89387 32490 304510 119951 25195 16552 184559 67627 66484 35572 19400 16172 2270 582840 568559 14385 9315 554174 299900 95180 71712
is_linear=0
shrinkage=0.05


Tree=75
num_leaves=63
num_cat=0
split_feature=2 28 20 20 19 17 0 31 32 35 0 0 39 39 5 33 5 32 40 39 7 40 39 36 35 31 40 40 36 39 32 0 36 39 36 31 28 0 39 35 35 32 0 39 31 36 31 5 0 35 0 39 32 31 40 32 39 40 5 39 39 40
split_gain=1.16991 0.696035 0.919164 0.782446 1.14128 0.693189 0.607954 0.602866 0.811877 0.668136 1.53839 1.51504 1.49667 1.01747 0.927114 0.868336 0.839007 1.31291 0.818351 1.32243 0.926327 1.0033 1.13531 0.900517 0.776139 0.665799 0.648537 1.37102 0.749798 0.722827 0.628833 0.824376 0.626559 0.633479 0.619639 0.697246 0.609103 0.586764 0.580212 0.572144 0.610814 1.10508 0.807259 0.718546 1.06725 1.52655 1.66563 1.06706 1.01343 0.964631 0.773564 1.03245 0.696974 0.69116 0.634134 0.758189 0.950518 0.642556 0.599534 0.636101 0.565718 0.550409
threshold=1.3250000000000004 14.950000000000001 692.50000000000011 782.50000000000011 133350.00000000003 11843.000000000002 322867.27601415705 3.5000000000000004 2.5000000000000004 1.0000000180025095e-35 249528.37884682408 166481.77708575575 47.317637844907111 97.946748279686815 125.25850000000001 1.0000000180025095e-35 178.44200000000004 1.0000000180025095e-35 64.690904774595978 77.981512809918357 7.6500000000000012 39.634424216088114 5.9916134466728304 1.0000000180025095e-35 2.5000000000000004 13.500000000000002 23.491161755543985 57.448293452919096 1.0000000180025095e-35 26.421342492851554 1.0000000180025095e-35 94047.924142322052 1.5000000000000002 5.0019251923815231 1.0000000180025095e-35 2.5000000000000004 66.450000000000017 87702.298432998898 60.500022294741619 5.5000000000000009 1.0000000180025095e-35 10.500000000000002 476294.43406367424 33.921760277353819 7.5000000000000009 1.5000000000000002 6.5000000000000009 141.57900000000004 148806.22112042547 1.5000000000000002 348478.04252400302 19.476154935946926 1.0000000180025095e-35 1.5000000000000002 76.42772519330002 1.0000000180025095e-35 37.673696882837007 46.543040495329173 141.57900000000004 16.416382182196504 12.490251198846492 71.021024190137737
decision_type=2 2 2 2 2 2 2 2 2 2 2 2 2 2 2 2 2 2 2 2 2 2 2 2 2 2 2 2 2 2 2 2 2 2 2 2 2 2 2 2 2 2 2 2 2 2 2 2 2 2 2 2 2 2 2 2 2 2 2 2 2 2
left_child=1 2 -1 -3 -5 -4 61 8 9 11 18 13 14 32 15 26 17 -14 20 -20 21 22 -11 24 -22 36 29 28 -28 -13 38 -32 33 -6 -12 -36 -9 -23 -24 40 41 58 43 44 45 46 52 -47 49 -45 51 -49 53 -42 55 56 57 -51 59 -2 -34 -7
right_child=39 3 5 4 7 6 -8 25 -10 10 34 12 16 -15 -16 -17 -18 -19 19 -21 23 37 30 -25 -26 -27 27 -29 -30 -31 31 -33 60 -35 35 -37 -38 -39 -40 -41 42 -43 -44 48 -46 47 -48 50 -50 54 -52 -53 -54 -55 -56 -57 -58 -59 -60 -61 -62 -63
leaf_value=-4.2059226663268651e-05 0.00075272078842107334 -0.00013498849121151648 0.000121284979122107 0.00036236421192404646 0.00094119217289106928 0.00066348016659325409 -0.00030710366906858296 -1.9538943059126794e-05 0.00082665069567926469 0.0014169317772082567 1.5001612652947296e-05 0.00019219683643418426 4.7468788319576792e-05 0.0015695232821249237 0.00017725109155120275 -0.00077158117504952525 0.00041076950384899194 -0.00071320306487625913 -0.00037042253689152708 0.00070055078124543193 -0.00023320632944863018 1.282032906446731e-06 -0.00060317845374084579 0.0012518184345685227 0.0022549338003083081 0.00014876984124597922 -0.00036826955402870188 0.0013285902986633399 0.00074220507676483994 0.0017586127222957602 -0.00055753159180983941 0.00049961665489518922 -0.0027432830975605894 -7.9670282155040259e-05 -0.00086430108840404053 0.00010049289286482855 -0.00033540492485937515 0.00061480544855845043 0.00032871098945993593 0.00058319114296920044 0.00017382840062967459 -0.0012551444732235722 0.00010260590204793301 -9.3678208450932669e-05 4.575659902616711e-05 0.0014298530157248026 -0.0012862647565964052 -0.0013953891539391589 -0.00015841031561581291 -0.0023265256836516152 -0.00018411724403685173 -0.00055629575024527785 0.00011919442718885436 -0.00045866330950776853 0.0011244296351775841 0.00038829006912873758 3.2735717742414213e-05 0.00032294636403150363 -2.9534779045593852e-05 0.00010726203180691911 -0.0003868830612840427 0.00012391833373321621
leaf_weight=35950 4195 77258 32859 25220 1539 19276 2363 484412 3537 1382 18904 976 64779 917 14498 897 13508 6217 9411 4155 2218 4740 6682 5450 365 58508 3276 4103 2836 3001 2520 6876 260 120731 5083 2965 15759 21915 2227 3498 5812 1763 41218 36333 21800 555 3254 7127 143130 785 4062 7549 18233 16817 2120 19856 6361 323 257736 42368 12513 6262
leaf_count=35950 4195 77258 32859 25220 1539 19276 2363 484412 3537 1382 18904 976 64779 917 14498 897 13508 6217 9411 4155 2218 4740 6682 5450 365 58508 3276 4103 2836 3001 2520 6876 260 120731 5083 2965 15759 21915 2227 3498 5812 1763 41218 36333 21800 555 3254 7127 143130 785 4062 7549 18233 16817 2120 19856 6361 323 257736 42368 12513 6262
internal_value=-1.00442e-06 3.01968e-05 0.000158337 1.79226e-05 3.0593e-05 0.000276906 0.000460182 2.13694e-05 7.2979e-05 6.52509e-05 0.000178211 2.23832e-05 0.000156736 -9.03593e-05 0.000462788 0.000737141 4.95796e-05 -1.9142e-05 0.00030501 -4.24044e-05 0.000391686 0.000305764 3.50579e-05 0.000887366 0.000118389 -1.08225e-05 0.000832499 0.0006216 0.000146996 0.0013742 -6.92715e-05 0.00021609 -0.000101631 -6.68208e-05 -0.000141425 -0.000508857 -2.9491e-05 0.000505704 -0.000370232 -5.45316e-05 -5.80095e-05 -6.93603e-06 -0.000104625 -0.000133666 -0.000256035 -0.000359791 -0.000197554 -0.000730769 -8.37545e-05 7.86933e-05 -0.000794765 -0.000963779 -0.000110856 -0.000296215 0.000291387 0.000226756 -0.000202675 -0.00155416 2.95649e-07 0.000165413 -0.000434849 0.000531178
internal_weight=1.75124e+06 1.10635e+06 96710 1.00964e+06 932380 60760 27901 907160 348481 344944 94893 250051 114091 135960 29587 15089 84504 70996 67941 13566 54375 46342 19687 8033 2583 558679 14192 10215 6112 3977 18305 9396 135043 122270 26952 8048 500171 26655 8909 644895 641397 306062 335335 294117 85209 63409 44116 19293 208908 65778 18738 14676 40862 22629 29445 27325 7469 1108 304299 46563 12773 25538
internal_count=1751243 1106348 96710 1009638 932380 60760 27901 907160 348481 344944 94893 250051 114091 135960 29587 15089 84504 70996 67941 13566 54375 46342 19687 8033 2583 558679 14192 10215 6112 3977 18305 9396 135043 122270 26952 8048 500171 26655 8909 644895 641397 306062 335335 294117 85209 63409 44116 19293 208908 65778 18738 14676 40862 22629 29445 27325 7469 1108 304299 46563 12773 25538
is_linear=0
shrinkage=0.05


Tree=76
num_leaves=63
num_cat=0
split_feature=2 0 20 28 29 0 20 22 0 7 3 0 39 35 38 31 35 38 36 36 31 39 0 0 1 16 33 3 19 39 0 39 35 39 31 35 35 0 3 39 3 0 31 33 39 3 0 0 38 36 0 36 39 0 36 35 31 36 31 3 31 31
split_gain=1.05584 0.655441 0.679581 1.09099 0.665724 0.703481 0.69856 0.687971 0.791827 0.549384 0.51196 1.1671 1.12187 1.46432 1.13217 0.981835 0.847934 1.02825 1.30887 0.747408 0.697013 0.623635 0.603966 0.598228 0.573643 0.590939 0.529395 0.495909 0.479882 0.474187 0.480476 0.450429 0.432879 0.428702 0.539124 0.412614 0.730237 0.914462 0.827837 0.678759 0.660085 0.931098 0.967536 0.924351 0.84562 0.616339 0.554668 0.552175 0.500554 0.497936 0.487982 0.480742 0.476957 0.464184 0.504693 0.425876 0.420756 0.566286 0.730129 0.660774 0.580179 0.642547
threshold=1.3250000000000004 29672.543611481178 620.50000000000011 19.350000000000005 48.454174399898427 306802.36001047143 821.50000000000011 938.50000000000011 99872.662207177011 4.5500000000000007 5496.1000000000013 94047.924142322052 40.620865304989742 1.0000000180025095e-35 58.550208954278865 2.5000000000000004 1.0000000180025095e-35 48.586367892787784 1.0000000180025095e-35 1.0000000180025095e-35 1.5000000000000002 53.710319011975919 259158.62660751175 235009.74902276034 3.6050000000000004 0.26999999999999996 1.0000000180025095e-35 4952.9500000000016 80450.000000000015 19.476154935946926 114852.77503361242 47.317637844907111 1.0000000180025095e-35 92.754276332311875 1.5000000000000002 1.0000000180025095e-35 2.5000000000000004 207108.62264950093 7303.2500000000009 2.2035989705344035 6593.2000000000016 300855.65207859472 10.500000000000002 1.0000000180025095e-35 5.0019251923815231 8454.2500000000018 129047.83522511451 102656.0117998835 80.870226332538593 1.0000000180025095e-35 415809.68575214793 2.5000000000000004 86.719845885814223 61630.301608201342 5.5000000000000009 5.5000000000000009 18.500000000000004 1.0000000180025095e-35 6.5000000000000009 7500.7000000000007 2.5000000000000004 1.5000000000000002
decision_type=2 2 2 2 2 2 2 2 2 2 2 2 2 2 2 2 2 2 2 2 2 2 2 2 2 2 2 2 2 2 2 2 2 2 2 2 2 2 2 2 2 2 2 2 2 2 2 2 2 2 2 2 2 2 2 2 2 2 2 2 2 2
left_child=1 -1 28 4 5 -4 -6 -8 -9 -2 11 -5 15 14 31 16 17 18 -13 21 27 -15 -16 -22 -12 -26 -19 -18 -3 -20 -31 -14 -10 -30 -35 40 45 38 -38 -39 41 42 43 44 47 53 -45 -11 52 -41 -51 -43 -46 -37 56 -40 57 58 60 -60 61 -55
right_child=9 2 3 10 6 -7 7 8 32 35 24 12 13 19 22 -17 20 26 29 -21 23 -23 -24 -25 25 -27 -28 -29 33 30 -32 -33 -34 34 -36 36 37 39 55 49 -42 51 -44 46 48 -47 -48 -49 -50 50 -52 -53 -54 54 -56 -57 -58 -59 59 -61 -62 -63
leaf_value=0.00056145391346423086 -0.00019321877503450767 -0.00054988498470546641 0.00058800351446280192 -0.00016646901617503387 1.1175023888921952e-05 -0.00023028275754096618 -4.9041573236633881e-05 0.0010591328798378594 0.00043828717500607066 0.0025489274717306956 9.7998897477619314e-05 -0.00052068205003602509 0.0001347049106587559 -8.0952701826387987e-05 5.5547483019137361e-06 0.0013003746487501217 0.001153752751226789 0.0010775185124529349 -0.00049316011973847454 -3.2739014187740371e-05 0.00083220944094714467 0.0006629127351736098 0.00040507285364298651 -8.0291240600113164e-05 -5.2993084410140897e-05 5.2336700843535057e-05 -0.0010068054660200543 -0.00071368118449888056 -0.00015271417753047185 -0.00064662095799076147 0.0013299518715342311 -0.0005292839248746793 3.8695288023107339e-05 0.0030012790898130948 0.0003303674638937533 -0.00068762381908978954 0.00061152570545600657 0.00033797732537821932 -0.00015006596383212482 0.00019511980361422356 -6.2122410489995401e-05 -0.00025496513944002589 -0.0012710468472039494 0.00034193396997274101 0.00011012470465076098 8.7285429940823681e-05 -0.00055444276202092709 0.00072740898684671635 0.00047893817568007052 -0.00035472903768897501 -4.1563908826012743e-06 0.00068516154174340762 0.00056254873206240924 9.8624994957644509e-05 0.00053137461789132332 0.00083519896808266546 0.00020423802043884921 -0.0002430027372037106 -0.00049756686033926236 0.0005467830949588353 0.00017571330639619244 -0.00037582885613356035
leaf_weight=5743 62070 7526 15367 35774 60172 3168 12383 3875 19511 559 117329 3578 3188 3345 61692 2920 395 7252 560 7582 3052 17871 11173 4365 455658 188146 318 3556 22859 349 2583 12846 10385 214 1613 4020 11849 9553 8122 9938 153114 21418 1171 2356 69545 30082 6452 1627 13453 22501 17762 1452 6358 14088 2721 1268 7832 107349 13020 1714 29040 14461
leaf_count=5743 62070 7526 15367 35774 60172 3168 12383 3875 19511 559 117329 3578 3188 3345 61692 2920 395 7252 560 7582 3052 17871 11173 4365 455658 188146 318 3556 22859 349 2583 12846 10385 214 1613 4020 11849 9553 8122 9938 153114 21418 1171 2356 69545 30082 6452 1627 13453 22501 17762 1452 6358 14088 2721 1268 7832 107349 13020 1714 29040 14461
internal_value=-9.54201e-07 2.86869e-05 2.59069e-05 3.27291e-05 0.000171622 0.000448142 0.000123418 0.000269752 0.000386646 -5.1805e-05 1.43489e-05 8.95854e-05 0.000152058 8.34917e-05 -1.68863e-05 0.00043103 0.000333426 0.000585002 0.000151404 0.000393357 9.44001e-06 0.000545632 6.68162e-05 0.000295191 -3.68092e-06 -2.22114e-05 0.00098996 -0.000526985 -0.000200365 0.000840042 0.00109468 -0.000397265 0.000299481 -9.38077e-05 0.000643216 -3.67446e-05 -7.68526e-05 5.18363e-05 0.000333639 -4.83279e-05 7.38345e-06 9.29388e-05 0.000157866 0.000174541 0.000221612 -0.000123316 -0.000314676 0.0011932 0.000197843 -0.00012184 -0.000200074 -0.000195277 0.000148022 -0.000155931 -0.000144694 -1.70185e-05 -0.000154505 -0.000170143 -6.19976e-05 -0.000376078 1.83591e-05 -0.000141701
internal_weight=1.75124e+06 1.10635e+06 1.1006e+06 1.06839e+06 124861 18535 106326 46154 33771 644895 943532 182399 146625 117697 88899 28928 26008 14640 7070 28798 11368 21216 72865 7417 761133 643804 7570 3951 32212 3492 2932 16034 29896 24686 1827 582825 305320 80993 21239 59754 277505 124391 101521 100350 91542 224327 8808 2186 89356 50201 40263 22870 75903 194245 190225 9390 187504 179672 72323 14734 57589 28549
internal_count=1751243 1106348 1100605 1068393 124861 18535 106326 46154 33771 644895 943532 182399 146625 117697 88899 28928 26008 14640 7070 28798 11368 21216 72865 7417 761133 643804 7570 3951 32212 3492 2932 16034 29896 24686 1827 582825 305320 80993 21239 59754 277505 124391 101521 100350 91542 224327 8808 2186 89356 50201 40263 22870 75903 194245 190225 9390 187504 179672 72323 14734 57589 28549
is_linear=0
shrinkage=0.05


Tree=77
num_leaves=63
num_cat=0
split_feature=3 5 39 35 31 40 0 39 20 31 32 37 31 39 31 33 32 32 0 39 0 35 32 3 0 40 36 0 32 0 31 36 19 31 0 0 40 20 39 31 36 40 39 0 31 36 39 32 36 36 3 30 3 35 31 0 0 0 3 40 35 7
split_gain=0.99232 1.66433 1.33948 0.787553 0.735213 0.683502 0.614578 0.665285 0.738815 0.643329 0.558577 0.542829 1.04424 0.787703 0.555828 1.32366 0.71455 1.14163 1.36796 0.773393 0.787487 0.875358 0.623151 0.635761 0.974944 0.542565 0.677508 0.541708 0.641931 0.53974 0.620105 0.530564 0.517613 0.503935 0.506924 0.496383 0.512841 0.482455 0.470581 0.467484 0.465993 0.533891 0.490581 0.488543 0.459281 0.949412 0.695619 0.459117 0.464948 1.27731 0.485652 0.456294 0.455408 1.04506 0.700304 0.4849 0.445718 0.444133 0.443309 0.440599 0.972375 1.25095
threshold=12271.100000000002 168.18450000000004 1.276535063846866 3.5000000000000004 1.0000000180025095e-35 40.233675634907073 94047.924142322052 14.205776654450036 841.50000000000011 1.0000000180025095e-35 2.5000000000000004 1.0000000180025095e-35 7.5000000000000009 42.199703488273208 5.5000000000000009 1.5000000000000002 3.5000000000000004 2.5000000000000004 102656.0117998835 87.162757852052266 186191.32801910499 1.0000000180025095e-35 12.500000000000002 10048.050000000001 149669.27527376843 45.55788363452357 1.5000000000000002 428813.06267466937 10.500000000000002 270046.64594997634 12.500000000000002 3.5000000000000004 151650.00000000003 10.500000000000002 63738.372438047292 814800.37472513632 31.418278566079923 926.50000000000011 98.591805316340242 10.500000000000002 3.5000000000000004 14.689065088458223 1.0000000180025095e-35 172428.30585035557 7.5000000000000009 1.0000000180025095e-35 94.802255522190435 2.5000000000000004 1.5000000000000002 1.0000000180025095e-35 7718.8500000000013 0.0015742530412302606 4952.9500000000016 1.0000000180025095e-35 2.5000000000000004 270046.64594997634 228077.81581914195 104509.67689563522 6872.7000000000016 25.536862601080987 1.0000000180025095e-35 7.6500000000000012
decision_type=2 2 2 2 2 2 2 2 2 2 2 2 2 2 2 2 2 2 2 2 2 2 2 2 2 2 2 2 2 2 2 2 2 2 2 2 2 2 2 2 2 2 2 2 2 2 2 2 2 2 2 2 2 2 2 2 2 2 2 2 2 2
left_child=1 2 3 4 -1 40 25 29 9 -9 58 14 13 -13 15 16 17 19 -19 31 21 38 23 27 33 26 -2 28 -16 -8 -31 52 51 34 -25 36 -12 -27 -21 -29 41 -6 43 -43 45 -38 -47 48 49 -7 -50 -10 53 55 57 -4 -49 -55 -3 60 -54 -62
right_child=6 10 11 -5 5 47 7 8 32 -11 35 12 -14 -15 22 -17 -18 18 -20 20 -22 -23 -24 24 -26 37 -28 39 -30 30 -32 -33 -34 -35 -36 -37 44 -39 -40 -41 -42 42 -44 -45 -46 46 -48 56 50 -51 -52 -53 59 54 -56 -57 -58 -59 -60 -61 61 -63
leaf_value=0.0013845180415495914 0.00030365388262543138 2.0568293149002899e-06 -7.6215954323646074e-06 0.0017709389314764783 -7.2922106120159675e-05 -0.00033052844999796084 0.00021707553601472862 0.00059173819803222893 0.00054475364850376992 -6.7694176490862499e-05 0.00047943117423116595 -0.00076575340324672549 0.00021176536260486707 -0.00016641415723820638 -0.00011538307867788858 0.00072053184623969914 -0.0010807404398269682 0.0021663917021805331 0.00035188112352951796 0.00016256462462535865 -3.4939497935798204e-05 0.00086356494346501481 0.00021349164643837536 0.00070810624419386458 -6.8372246030792014e-05 5.0609056157288525e-05 0.0011969317153690835 -1.6904021615307163e-05 -0.0012753472409446891 -0.00056098000236165827 0.00020268317561645801 0.00033558056793886454 0.00012652683388222815 -8.8558892702681174e-05 0.0002072951211705987 0.00028130112412427777 0.00047189992197104163 0.0019808833750026515 0.0011760411926265292 0.00044449396427968281 -0.00040694166777631002 0.0023404013956286949 0.00032069432466318089 0.00084573205941849354 -0.00028356547826483914 -0.0011657725357810034 0.00022511478636981215 0.001070151695165375 0.00099327843950950279 0.0010467631760057846 -0.00049791264415062323 3.884891671034143e-05 0.00021621749041683843 7.6023451343738927e-05 -0.0012355257149438865 0.00042305459473232509 0.00015747884060934029 0.00076623061335287588 -0.00012469593587846939 -3.881616638581523e-05 -0.00026762725439923843 0.00032680623488170048
leaf_weight=1408 5430 97641 64784 884 2728 4612 5442 3921 15242 65195 1755 8360 11150 15926 227816 7053 1440 1195 7942 18963 17633 7273 23995 5792 91358 9607 3485 18991 1199 10574 3551 12317 99664 12391 39593 3408 1401 335 1219 7722 1372 599 4887 6262 23041 5916 1060 1711 591 2651 7172 6299 56277 3089 544 7269 6132 9495 235014 387978 31121 12368
leaf_count=1408 5430 97641 64784 884 2728 4612 5442 3921 15242 65195 1755 8360 11150 15926 227816 7053 1440 1195 7942 18963 17633 7273 23995 5792 91358 9607 3485 18991 1199 10574 3551 12317 99664 12391 39593 3408 1401 335 1219 7722 1372 599 4887 6262 23041 5916 1060 1711 591 2651 7172 6299 56277 3089 544 7269 6132 9495 235014 387978 31121 12368
internal_value=-9.06491e-07 -1.54953e-05 1.40847e-05 0.000294716 0.000262193 0.000221379 9.61949e-05 7.16294e-05 0.000100172 -3.02841e-05 -0.000107885 3.73779e-06 -0.000188814 -0.000372725 1.00743e-05 3.92991e-05 3.18023e-05 3.43077e-05 0.000589195 2.62642e-05 0.000225801 0.000393262 -3.40814e-05 -4.87544e-05 3.32929e-05 0.000369621 0.000652849 -9.66022e-05 -0.000121456 -0.000205997 -0.000368996 1.08916e-05 0.000174564 0.00019405 0.000271208 -0.000293336 -0.000352371 0.00011565 0.000223779 0.000116474 0.000473741 0.00055721 0.000703533 0.000976224 -0.000398835 -0.000715884 -0.000954428 4.64935e-05 -0.000115362 0.000172184 -0.000384388 0.000396817 3.91126e-06 0.000110582 0.000520877 3.58268e-05 0.000356584 0.000596805 -8.74914e-05 -1.4718e-05 7.89967e-05 -9.85741e-05
internal_weight=1.75124e+06 1.5225e+06 1.15326e+06 41009 40125 38717 228745 209888 190321 69116 369236 1.11225e+06 35436 24286 1.07682e+06 647960 640907 639467 9137 630330 45088 27455 428857 404862 149134 18857 8915 255728 229015 19567 14125 585242 121205 57776 45385 36581 33173 9942 20182 26713 15848 14476 11748 6861 31418 8377 6976 22869 15026 7263 7763 21541 572925 85181 13128 72053 7843 12584 332655 487744 99766 43489
internal_count=1751243 1522498 1153262 41009 40125 38717 228745 209888 190321 69116 369236 1112253 35436 24286 1076817 647960 640907 639467 9137 630330 45088 27455 428857 404862 149134 18857 8915 255728 229015 19567 14125 585242 121205 57776 45385 36581 33173 9942 20182 26713 15848 14476 11748 6861 31418 8377 6976 22869 15026 7263 7763 21541 572925 85181 13128 72053 7843 12584 332655 487744 99766 43489
is_linear=0
shrinkage=0.05


Tree=78
num_leaves=63
num_cat=0
split_feature=28 20 5 0 39 35 38 40 31 35 38 40 40 2 40 39 18 36 39 40 0 40 0 17 34 35 39 0 39 0 5 0 34 40 0 36 2 35 35 34 36 39 31 39 7 34 1 38 31 20 39 39 40 35 31 2 38 0 40 39 40 7
split_gain=0.870748 0.970036 0.748246 1.07384 1.04604 1.2028 1.1175 1.15028 0.918079 0.832637 1.01114 1.45899 0.814531 0.775615 0.773209 0.708373 0.703189 0.673554 0.624735 0.62102 0.5821 0.559961 0.619291 0.556108 0.525013 0.519556 1.29152 0.856395 0.664611 1.48101 0.964288 0.702037 0.774944 0.613714 0.581176 1.32427 1.45804 1.02807 0.750697 0.737565 0.725301 1.06986 0.92623 0.710941 0.645485 1.55367 0.634907 0.696927 0.567878 0.588333 0.598536 0.53902 0.535352 0.522076 0.517944 0.669577 0.642637 0.507497 0.50546 0.483929 0.481114 0.506281
threshold=18.950000000000003 692.50000000000011 120.16800000000002 94047.924142322052 40.620865304989742 1.0000000180025095e-35 58.550208954278865 30.784887504547381 2.5000000000000004 1.0000000180025095e-35 48.586367892787784 26.095234960886661 49.605841133316154 1.0000000180025095e-35 31.968286218398806 63.708159709827889 38270.500000000007 3.5000000000000004 24.886533503930565 63.410402927863394 313139.46743958461 61.871061997431703 274661.31666341174 2521.5000000000005 1.5000000000000002 3.5000000000000004 17.840208894762803 87702.298432998898 60.765592678787108 123143.49524545808 184.66200000000003 265566.00595758104 3.5000000000000004 13.650360436562446 95047.939531454831 2.5000000000000004 0.7350000000000001 1.5000000000000002 1.0000000180025095e-35 1.0000000180025095e-35 1.5000000000000002 45.95607481448328 10.500000000000002 5.0019251923815231 8.5500000000000025 1.5000000000000002 5.3550000000000013 52.810706305409518 10.500000000000002 841.50000000000011 10.31828845929989 78.517979791696405 67.001743765032799 1.5000000000000002 10.500000000000002 1.6050000000000002 47.974299233544642 306802.36001047143 34.255725352021102 0.20643362663861192 46.251997844299972 5.6500000000000012
decision_type=2 2 2 2 2 2 2 2 2 2 2 2 2 2 2 2 2 2 2 2 2 2 2 2 2 2 2 2 2 2 2 2 2 2 2 2 2 2 2 2 2 2 2 2 2 2 2 2 2 2 2 2 2 2 2 2 2 2 2 2 2 2
left_child=1 24 3 -2 8 6 14 -8 9 10 11 18 15 17 -6 -7 23 59 -5 58 -9 22 -11 -3 -1 28 33 -28 34 51 31 32 -31 -27 35 38 -37 54 39 43 44 42 46 -15 -40 -46 47 -42 49 -41 -51 -30 -52 -53 -38 -56 -57 -25 -12 -4 61 -48
right_child=2 16 13 4 5 12 7 20 -10 21 19 -13 -14 25 -16 -17 -18 -19 -20 -21 -22 -23 -24 57 -26 26 27 -29 29 30 -32 -33 -34 -35 -36 36 37 -39 40 48 41 -43 -44 -45 45 -47 60 -49 -50 50 52 53 -54 -55 55 56 -58 -59 -60 -61 -62 -63
leaf_value=3.2768854172112824e-05 -0.0001558488425887747 -0.00021215936502641202 0.00066777888296080479 -0.00022516334416136823 3.8775261675126927e-05 -0.00025808138162111715 0.0014768893199659334 -4.0885626739890352e-06 0.0011304645137741091 0.00048810237130801626 0.0013447670527210282 -0.00056603891580851598 0.00053917800924174796 0.001717036525354018 -0.00062869242262546374 0.00054898918797396544 0.00012648925423285382 -7.8782939596723728e-05 0.0011611106241926578 0.0013530577180035756 0.00048699573790427126 -0.00062677407599221705 -0.00031247557082480918 0.00057650987957591515 -0.0003376417843258565 0.0020684222112942155 0.00086824429666120223 -2.1426457153588145e-05 6.7996450883203607e-05 3.2458872227053346e-05 0.00023451779521536497 -0.00017209632602720575 -0.00019443223736587926 0.00063255225701363106 -5.7275229961139828e-05 0.00015522474903135265 -0.00073518621304718729 1.4007905276855176e-06 -0.00027361268115650339 -0.00053362931495650303 0.0001681469936900463 0.00037910810124960079 0.00030306129409332107 -0.00030448360649873375 0.0011146619170839236 -0.00057846109196519756 -0.0026168103526434724 -0.001722611650134755 -0.0006026470228220897 0.0019415784907242696 0.00054847321256062606 0.00027965258089222118 -0.00027079807062641665 0.0011580277440720415 -0.00080263218230262629 -0.0010101458253870988 -0.0039452999889093279 -0.00036653679368956046 0.00013005649563258643 0.00012021445777424451 -0.00059966246380788006 -0.00069008778744510905
leaf_weight=37042 38843 2978 4179 1114 7100 7983 1419 67571 3701 6064 1212 3868 19452 455 11157 4123 70304 50140 3005 4138 6626 2830 4015 21501 12897 998 2926 35801 45134 177826 29194 104950 47736 2926 661245 7325 16626 4758 12366 1558 1146 1878 1106 9859 3110 2401 1564 848 1561 675 12682 40713 2366 1765 1052 316 455 1528 2919 117160 617 436
leaf_count=37042 38843 2978 4179 1114 7100 7983 1419 67571 3701 6064 1212 3868 19452 455 11157 4123 70304 50140 3005 4138 6626 2830 4015 21501 12897 998 2926 35801 45134 177826 29194 104950 47736 2926 661245 7325 16626 4758 12366 1558 1146 1878 1106 9859 3110 2401 1564 848 1561 675 12682 40713 2366 1765 1052 316 455 1528 2919 117160 617 436
internal_value=-8.61166e-07 0.000115936 -1.15039e-05 7.9728e-05 0.000137534 7.17411e-05 -1.80323e-05 6.67355e-05 0.000388628 0.00029449 0.000532561 0.000131322 0.000338783 -2.4279e-05 -0.00036912 1.67866e-05 0.000208661 7.53725e-05 0.000786187 0.000920117 3.97666e-05 -5.30694e-06 0.00016919 0.000430794 -6.28916e-05 -3.81002e-05 0.000133374 4.57922e-05 -4.42269e-05 3.96582e-06 -4.09345e-05 -6.52651e-05 -1.55584e-05 0.00099774 -7.31086e-05 -0.00019605 -0.000459787 -0.000653907 -4.86464e-05 0.000124599 -0.000246948 -0.000656286 -0.000996406 -0.000215305 -7.30425e-05 0.000377012 -0.0013081 -0.000635947 0.000310661 0.00039316 0.000484996 0.000188312 0.000419659 0.00031615 -0.000822911 -0.00162298 -0.00274231 0.000513938 0.000486442 0.000139073 -0.00182024 -0.00219678
internal_weight=1.75124e+06 146250 1.60499e+06 197140 158297 125431 93873 75616 32866 29165 16256 7987 31558 1.40785e+06 18257 12106 96311 171479 4119 8269 74197 12909 10079 26007 49939 1.23637e+06 42651 38727 1.19372e+06 447318 359706 330512 225562 3924 746405 85160 30532 23207 54628 29156 25472 7595 5717 10314 17877 5511 4611 1994 18842 17281 15723 87612 15048 42478 18449 1823 771 23029 4131 121339 2617 2000
internal_count=1751243 146250 1604993 197140 158297 125431 93873 75616 32866 29165 16256 7987 31558 1407853 18257 12106 96311 171479 4119 8269 74197 12909 10079 26007 49939 1236374 42651 38727 1193723 447318 359706 330512 225562 3924 746405 85160 30532 23207 54628 29156 25472 7595 5717 10314 17877 5511 4611 1994 18842 17281 15723 87612 15048 42478 18449 1823 771 23029 4131 121339 2617 2000
is_linear=0
shrinkage=0.05


Tree=79
num_leaves=63
num_cat=0
split_feature=3 5 34 34 34 37 31 34 36 19 27 19 36 31 32 40 37 31 34 32 1 40 38 32 32 32 7 36 32 31 36 40 38 3 34 23 36 40 36 31 31 20 19 17 36 32 32 32 40 7 10 36 3 34 36 7 3 38 18 20 40 38
split_gain=0.851705 1.44378 0.746128 1.02609 0.824299 0.812165 0.694125 0.668967 0.676511 0.652783 0.588981 0.721034 0.525769 1.20963 0.601685 0.510917 0.500948 0.505071 0.499107 0.496031 0.489775 0.479263 0.48507 0.457083 0.45648 0.451084 0.450285 0.518872 0.695676 0.445797 0.915912 0.649706 0.675737 0.445255 0.431351 0.431351 0.425813 0.423869 0.751962 0.464228 0.421599 0.450574 0.807129 0.505295 0.421318 0.428211 0.864121 0.650173 0.521823 0.455249 0.406585 0.463402 0.406342 0.400633 0.451352 0.425067 0.416196 0.391398 0.387981 0.547859 0.381879 0.37896
threshold=12271.100000000002 168.18450000000004 8.5000000000000018 5.5000000000000009 1.5000000000000002 1.0000000180025095e-35 7.5000000000000009 3.5000000000000004 1.0000000180025095e-35 179450.00000000003 50.550000000000004 436350.00000000006 3.5000000000000004 12.500000000000002 1.5000000000000002 56.619723655780739 1.0000000180025095e-35 7.5000000000000009 2.5000000000000004 2.5000000000000004 4.8550000000000013 61.871061997431703 31.706845085854464 12.500000000000002 10.500000000000002 1.0000000180025095e-35 6.5500000000000007 1.5000000000000002 2.5000000000000004 7.5000000000000009 1.0000000180025095e-35 31.756117479419331 53.965530008082254 8246.8500000000022 5.5000000000000009 12.450000000000001 4.5000000000000009 69.108780388349786 2.5000000000000004 9.5000000000000018 1.0000000180025095e-35 841.50000000000011 124850.00000000001 2123.5000000000005 2.5000000000000004 2.5000000000000004 3.5000000000000004 1.0000000180025095e-35 38.611246831864086 9.2000000000000011 -0.48999999999999994 1.5000000000000002 6872.7000000000016 4.5000000000000009 1.5000000000000002 5.3500000000000005 8836.1000000000022 47.410731960278568 29665.000000000004 589.50000000000011 34.589404162649792 80.64061901206577
decision_type=2 2 2 2 2 2 2 2 2 2 2 2 2 2 2 2 2 2 2 2 2 2 2 2 2 2 2 2 2 2 2 2 2 2 2 2 2 2 2 2 2 2 2 2 2 2 2 2 2 2 2 2 2 2 2 2 2 2 2 2 2 2
left_child=1 2 3 4 5 9 -5 40 -9 -1 11 34 16 14 -14 -15 17 53 -18 52 -16 44 -23 24 -11 36 -8 -28 37 30 -21 -32 -33 -26 35 -10 -7 38 39 -29 -2 58 43 -43 45 47 -47 50 -48 -49 51 -19 -3 55 -55 -6 -56 -50 59 -42 -27 -4
right_child=7 19 61 6 12 25 26 8 10 23 -12 -13 13 15 20 -17 18 21 -20 29 -22 22 -24 -25 33 60 27 28 -30 -31 31 32 -34 -35 -36 -37 -38 -39 -40 -41 41 42 -44 -45 -46 46 48 49 57 -51 -52 -53 -54 54 56 -57 -58 -59 -60 -61 -62 -63
leaf_value=0.00025315411084910464 0.00052960202627214971 4.5667889716662066e-06 -0.0007320345364375953 -0.00078205320073157416 0.00040968875369491362 -0.00036788975892180386 -6.0620699294101682e-05 -0.00060623788251189833 0.00012579890664878574 2.5106516927668246e-05 0.00072958638198713339 -0.00048661030429252114 -0.00036297115406217368 0.00021885634797084617 0.0016003209706970624 -0.00064620698133433375 -0.00094258439388464799 0.00076296250060731651 0.00067754536615096013 0.00046800040967712089 -0.0011264539427960727 -0.0017945048024079629 8.6357763707003426e-05 0.00022657567964882823 -0.0015910478528220987 0.0011379441081323181 0.00014147751377800504 0.0013009705710732983 -0.00054647030690506047 -0.00017440844230839556 0.0013245631226596506 -0.0018820122449374609 -0.00067198428673100551 -0.00025104199871709196 -0.00077356365930852586 -0.00098353461588044614 0.00024962443436575332 0.00026942644438770813 0.00019470078039486626 0.00060430371620041174 -0.00043203736879164297 -7.6698637931367334e-05 0.0001389246815848334 0.00077990733559385136 -5.1775656042636026e-05 0.00085914551307249569 0.00068633169502777425 -0.001106944505839681 -0.0015654295093937315 -0.00030522616754971425 -0.00048157546650763762 -0.00031513003115838696 -0.00011678607315263139 1.319084220325709e-05 -0.0014992179563957713 -3.5064895167914812e-05 0.00082800481924567143 -8.2163761442390483e-05 -1.1049632760897162e-05 0.00060905290809594014 -8.7206508333554495e-05 -0.00014685047362514471
leaf_weight=34255 6447 97641 4723 1739 5618 23070 11140 5393 28585 715950 2522 7861 44424 17527 683 1891 539 1732 4027 1704 217 350 16644 28432 775 1039 29194 4698 1657 27441 338 1450 5648 3098 1514 904 3176 10549 5101 4870 1632 2171 89446 8316 13698 1872 626 5411 1131 2632 7241 2348 235014 5177 202 122828 3926 733 68355 5599 1640 6679
leaf_count=34255 6447 97641 4723 1739 5618 23070 11140 5393 28585 715950 2522 7861 44424 17527 683 1891 539 1732 4027 1704 217 350 16644 28432 775 1039 29194 4698 1657 27441 338 1450 5648 3098 1514 904 3176 10549 5101 4870 1632 2171 89446 8316 13698 1872 626 5411 1131 2632 7241 2348 235014 5177 202 122828 3926 733 68355 5599 1640 6679
internal_value=-8.18108e-07 -1.43338e-05 1.32167e-05 1.72355e-05 5.22014e-06 3.00984e-05 0.000204208 8.91408e-05 -7.95014e-05 3.97158e-05 -1.08625e-05 -5.89124e-05 -7.1984e-05 -0.000195578 -0.000337041 0.000134613 -3.13113e-05 -4.36098e-05 0.000486295 -0.000100384 0.000942865 -0.000172577 4.76205e-05 2.99446e-05 2.2178e-05 -0.000230081 0.000229727 0.000287415 0.000445945 -0.000275144 -0.000577583 -0.000817184 -0.000919172 -0.000519182 4.9533e-05 9.17917e-05 -0.000293165 0.000511153 0.000684988 0.000946375 0.000132495 0.000117908 0.00018758 0.000602574 -0.000272568 -0.00040004 4.75097e-05 -0.000500857 -0.000562684 -0.000844589 -0.000256652 0.000142531 -8.11665e-05 7.33842e-06 0.000324148 -1.56122e-05 0.000714124 -0.00098215 2.57945e-05 0.000374084 0.000387945 -0.000389249
internal_weight=1.75124e+06 1.5225e+06 1.15326e+06 1.14186e+06 1.07291e+06 811435 68948 228745 46779 782510 41386 38864 261477 64742 45324 19418 196735 192169 4566 369236 900 54418 16994 748255 719823 28925 67209 56069 26875 36581 9140 7436 7098 3873 31003 29489 26246 25218 14669 9568 181966 175519 99933 10487 37424 23726 4362 19364 2490 8043 11321 4080 332655 137751 9305 128446 4128 1864 75586 7231 2679 11402
internal_count=1751243 1522498 1153262 1141860 1072912 811435 68948 228745 46779 782510 41386 38864 261477 64742 45324 19418 196735 192169 4566 369236 900 54418 16994 748255 719823 28925 67209 56069 26875 36581 9140 7436 7098 3873 31003 29489 26246 25218 14669 9568 181966 175519 99933 10487 37424 23726 4362 19364 2490 8043 11321 4080 332655 137751 9305 128446 4128 1864 75586 7231 2679 11402
is_linear=0
shrinkage=0.05


Tree=80
num_leaves=63
num_cat=0
split_feature=3 5 39 34 34 34 33 0 31 37 36 33 35 39 40 38 0 31 3 31 31 31 38 34 38 39 31 39 40 31 40 31 36 3 40 6 31 3 0 40 3 36 31 0 34 0 39 2 0 35 0 36 35 36 35 31 6 3 36 35 36 3
split_gain=0.788375 1.26777 1.19023 0.751664 1.03081 0.798539 1.63645 0.977853 1.46529 1.15289 1.05456 0.750345 0.720744 1.26671 1.22322 2.35151 0.98734 0.913622 0.820102 0.847207 0.828897 0.755606 0.657993 0.699304 0.845146 0.768456 0.653355 0.793953 0.923773 0.643395 0.827738 0.641413 0.619924 2.15129 1.81927 1.16296 1.75906 0.798741 0.842838 0.774221 0.755744 0.749487 0.727862 0.655526 0.619856 0.611658 0.618095 0.570758 0.56976 0.552065 0.552002 0.539501 0.910031 0.830999 0.760722 0.644762 0.619841 0.537166 0.536588 0.865234 1.22273 1.20341
threshold=12271.100000000002 168.18450000000004 1.276535063846866 8.5000000000000018 5.5000000000000009 1.5000000000000002 1.5000000000000002 247630.90071948498 1.5000000000000002 1.0000000180025095e-35 1.0000000180025095e-35 1.5000000000000002 1.0000000180025095e-35 71.532502360543546 25.536862601080987 76.117769590418376 164505.6346513883 15.500000000000002 4952.9500000000016 1.5000000000000002 1.5000000000000002 1.0000000180025095e-35 91.505322238084133 1.0000000180025095e-35 57.634256153452675 28.447967971925856 9.5000000000000018 66.295399052495284 86.630845075184098 1.0000000180025095e-35 40.233675634907073 7.5000000000000009 1.5000000000000002 8454.2500000000018 59.476834189551852 180.10000000000002 4.5000000000000009 5475.5500000000002 93054.872804561193 30.565043882966258 10496.100000000002 1.0000000180025095e-35 6.5000000000000009 83953.782281618463 5.5000000000000009 94047.924142322052 90.152925015616873 1.1200000000000003 65845.11501993546 4.5000000000000009 86542.385689524337 1.5000000000000002 1.0000000180025095e-35 1.0000000180025095e-35 1.0000000180025095e-35 17.500000000000004 193.40000000000001 5450.7000000000007 3.5000000000000004 1.0000000180025095e-35 1.5000000000000002 9144.9500000000025
decision_type=2 2 2 2 2 2 2 2 2 2 2 2 2 2 2 2 2 2 2 2 2 2 2 2 2 2 2 2 2 2 2 2 2 2 2 2 2 2 2 2 2 2 2 2 2 2 2 2 2 2 2 2 2 2 2 2 2 2 2 2 2 2
left_child=1 2 29 4 5 6 7 9 10 12 -9 49 14 17 15 21 -15 18 19 50 47 -4 23 24 -16 -26 -25 28 -28 -1 -31 -6 33 37 40 -34 39 38 -22 -37 41 -35 -36 -38 45 -2 -47 -20 -8 58 -14 53 -53 54 56 -54 -10 -23 59 60 -7 -62
right_child=44 -3 3 -5 31 11 48 8 51 -11 -12 -13 13 16 22 -17 -18 -19 20 -21 32 57 -24 26 25 -27 27 -29 -30 30 -32 -33 35 34 42 36 43 -39 -40 -41 -42 -43 -44 -45 -46 46 -48 -49 -50 -51 -52 52 55 -55 -56 -57 -58 -59 -60 -61 61 -63
leaf_value=0.00131787198609359 0.0003703331061130233 -9.3843945950910555e-05 -0.00023286513186623585 -0.00041263712543489683 -0.0007624325300799829 -0.0001132555651806334 0.0023715936758740368 3.7395186382447172e-05 -0.00016647424364845171 -0.00027978335316755854 0.00065903435984993779 -0.0004026216834319344 -0.0004569177154722093 0.00065827130111565518 -0.00027039815229676264 0.001914629658770834 0.00012339809164940675 0.00093088124502315589 -0.00051300118325742152 -0.00010335629511843292 -0.00035139005940383432 0.00092816881364543916 0.00035210238623130402 9.0517423432108266e-05 0.00053691843371118616 -5.5806675965201525e-05 -0.00042084574695653665 6.3762234596476756e-05 -0.0021421353954400877 0.00050851237469016802 4.5167820617165972e-05 0.00022033464364470143 -0.00014570792910262336 0.00046369366881687888 -0.00045094130619649899 -0.0016023400322646157 0.0010069794197981564 -0.00012236486763618373 0.00059063849103924669 -0.00012989100020802135 -0.00012132377440316665 0.0012787338845612359 0.0011787766244050785 0.00030942217213861842 -0.00069727654337091633 4.4427078626084186e-05 0.00035672464924839717 4.4028591490973028e-05 0.00051078187906552998 0.00042724031052479089 0.0010511197908201219 0.00022653143826128317 -0.00028879791765103966 -0.00042254536769350696 5.1193290579760675e-05 8.6548243459597939e-05 -0.00095859399666406572 0.00023765008843950545 -0.00021221904484240706 -0.00015358781704718949 1.9850337593419597e-05 0.00050908603374917713
leaf_weight=1433 18519 369449 7788 10781 1703 47628 425 26733 7051 26624 9160 17099 686 18313 51316 2119 16314 3068 10881 3502 3206 3295 11578 122440 5769 104910 6705 9579 882 16596 22993 66157 55188 4081 4299 1501 4297 34381 9154 2203 1607 9133 815 15578 2496 190258 17283 7965 12822 5683 5257 19762 36429 37077 27212 16680 3801 19391 52383 78760 28014 22799
leaf_count=1433 18519 369449 7788 10781 1703 47628 425 26733 7051 26624 9160 17099 686 18313 51316 2119 16314 3068 10881 3502 3206 3295 11578 122440 5769 104910 6705 9579 882 16596 22993 66157 55188 4081 4299 1501 4297 34381 9154 2203 1607 9133 815 15578 2496 190258 17283 7965 12822 5683 5257 19762 36429 37077 27212 16680 3801 19391 52383 78760 28014 22799
internal_value=-2.40644e-07 -1.32398e-05 1.25875e-05 2.83024e-06 6.89775e-06 -5.49908e-06 1.94867e-05 9.97936e-06 -9.05626e-05 4.16501e-05 0.000196039 -8.28204e-05 5.70087e-05 0.000129731 1.25413e-05 0.000304057 0.000406274 7.55696e-05 6.04655e-05 0.000513535 3.44184e-05 0.000192067 -1.77972e-05 -3.19971e-05 -0.000102676 -2.49116e-05 5.00165e-05 -0.000238865 -0.000620948 0.000277079 0.000239405 0.000195671 7.48462e-05 0.000187043 0.000621929 -2.0128e-05 0.000273799 1.5644e-06 0.00034629 -0.000726583 0.000902506 0.00102702 -0.000191219 0.000460235 8.63494e-05 9.50017e-05 7.04337e-05 -0.00027758 0.000570482 -5.95776e-05 0.000877047 -0.000160064 -6.31291e-05 -0.00025407 -8.99631e-05 -0.000170913 -0.000443921 0.000337944 -7.1628e-05 -3.00674e-05 6.8758e-05 0.000239363
internal_weight=1.75101e+06 1.52246e+06 1.15301e+06 1.11198e+06 1.1012e+06 1.03334e+06 780977 767730 183905 583825 35893 252366 557201 211429 345772 32593 34627 176802 173734 9445 164289 30474 313179 301601 161995 110679 139606 17166 7587 41022 39589 67860 145443 66676 19935 78767 23579 46741 12360 3704 14821 13214 5114 19875 228556 226060 207541 18846 13247 235267 5943 148012 72871 75141 38064 53109 10852 22686 229584 177201 98441 50813
internal_count=1751011 1522455 1153006 1111984 1101203 1033343 780977 767730 183905 583825 35893 252366 557201 211429 345772 32593 34627 176802 173734 9445 164289 30474 313179 301601 161995 110679 139606 17166 7587 41022 39589 67860 145443 66676 19935 78767 23579 46741 12360 3704 14821 13214 5114 19875 228556 226060 207541 18846 13247 235267 5943 148012 72871 75141 38064 53109 10852 22686 229584 177201 98441 50813
is_linear=0
shrinkage=0.05


Tree=81
num_leaves=63
num_cat=0
split_feature=28 20 17 19 31 3 0 39 35 31 38 39 3 40 35 38 40 2 31 40 31 40 0 0 31 39 31 40 39 0 39 35 39 0 39 0 3 0 0 3 31 3 39 37 3 39 40 38 39 3 39 35 35 31 3 39 31 40 33 40 20 6
split_gain=0.717311 0.875987 0.648626 0.673887 0.75994 0.600567 0.796822 0.984066 1.02167 0.936961 0.883242 0.806964 0.820055 0.735073 0.631675 0.773359 0.848602 0.626513 0.597303 0.591996 0.581453 0.542893 0.523201 0.515201 0.511268 0.477742 0.786814 0.485387 0.456794 0.43995 0.436235 0.43552 1.12972 0.740994 0.577214 1.27393 0.919007 0.606409 0.601553 1.14446 0.797781 0.818926 0.708301 0.615224 0.610017 0.596441 0.544101 0.543167 0.53245 0.450705 0.44536 0.451571 0.533959 0.492808 0.567601 0.441406 0.439319 0.426735 0.500207 0.499656 0.422026 0.416886
threshold=18.950000000000003 757.50000000000011 5141.5000000000009 95450.000000000015 7.5000000000000009 5496.1000000000013 80141.151665857862 40.620865304989742 1.0000000180025095e-35 2.5000000000000004 57.360084886955022 77.593963556546854 4952.9500000000016 23.491161755543985 1.0000000180025095e-35 48.586367892787784 26.095234960886661 1.0000000180025095e-35 1.5000000000000002 31.968286218398806 1.5000000000000002 53.074983236753219 306802.36001047143 344558.14396849851 1.5000000000000002 90.810514536099177 1.5000000000000002 72.731129337429323 21.465999657790515 115701.53028165821 68.671700068527386 3.5000000000000004 18.30667483377351 103568.27171523859 60.765592678787108 128186.70808362136 12950.800000000001 270046.64594997634 95047.939531454831 8806.1000000000022 3.5000000000000004 6434.8500000000013 5.0019251923815231 1.0000000180025095e-35 6810.3000000000002 1.276535063846866 13.650360436562446 44.153405625031773 80.358953918818642 7403.9000000000005 52.452199866998804 1.5000000000000002 2.5000000000000004 6.5000000000000009 8454.2500000000018 20.997010605866638 5.5000000000000009 63.410402927863394 1.0000000180025095e-35 35.662779717133951 972.50000000000011 182.30000000000004
decision_type=2 2 2 2 2 2 2 2 2 2 2 2 2 2 2 2 2 2 2 2 2 2 2 2 2 2 2 2 2 2 2 2 2 2 2 2 2 2 2 2 2 2 2 2 2 2 2 2 2 2 2 2 2 2 2 2 2 2 2 2 2 2
left_child=1 25 -3 4 -4 6 -2 9 10 14 19 12 18 -12 15 16 28 -7 -10 -9 21 -16 -15 -22 30 27 -27 -1 -8 -30 -14 34 46 -34 38 48 37 56 39 40 41 42 -19 44 45 -42 61 -44 -36 -50 51 -46 53 54 -53 -56 -37 59 -59 -17 -41 -33
right_child=5 2 3 -5 -6 17 7 8 11 -11 13 -13 24 22 20 57 -18 31 -20 -21 23 -23 -24 -25 -26 26 -28 -29 29 -31 -32 32 33 -35 35 36 -38 -39 -40 60 43 -43 47 -45 50 -47 -48 -49 49 -51 -52 52 -54 -55 55 -57 -58 58 -60 -61 -62 -63
leaf_value=9.8527457590901033e-06 -0.00019840824232684055 2.1124568400664206e-05 0.00097613758533022013 0.00023726515636066496 5.964429964517794e-05 6.8778016703430696e-05 -0.00045507903328877056 2.408695969234803e-06 0.00073150190061156261 0.0011750885341165309 0.0013924266475265009 0.00092076085480394297 -0.00065994347021026837 -1.2503711671840981e-05 0.00023099059411549493 0.0012291407507452146 -0.00040628056934046038 0.00097702654986398007 -0.00016065175871206108 -0.00060220431426400323 0.00049588630627100418 -0.00091824370758059699 0.000449563926570375 -0.0004739029303239147 0.00014974884829988393 0.0024336625404711345 0.00024208498353578401 -0.00033150377381944681 -0.00027020398414685304 0.0011888148362759511 0.00083587177063252987 0.0027655671394047343 0.0005859681105103825 -4.6694532303028516e-05 6.0673421247969503e-05 4.3187834628836528e-05 0.00021056333396784612 -0.00016696009151130961 -4.9377832450795889e-05 9.1226153247033563e-05 0.0025236185163343586 0.00036877733721201361 -0.00066258931751660242 -0.00098412577191527169 -0.00071299174826828301 -8.3960442917955041e-05 0.00058427129259931905 -0.0001087241742862351 0.00046682332444339506 0.00014662804370810654 0.00011287823310652319 -0.0013189545031588128 -0.0018993156502134683 0.00044854554152447528 -0.0011569422855831706 0.0011070006928445616 -9.9881425929592094e-05 0.0013296490745026859 -0.00089730759360396337 5.2898907865940202e-05 0.002177584826618395 0.00070067528338269274
leaf_weight=54389 23193 24495 7257 36932 3286 171458 775 6836 8444 3224 997 4524 4003 72942 1695 1374 3829 1097 2412 9929 5706 2610 6688 1802 11271 437 6518 12880 646 2581 555 601 5375 33310 55884 124793 33450 99957 668771 22685 225 7131 7388 4683 15811 8652 2978 11043 20218 24079 2599 1172 411 2553 329 623 94130 3815 270 2633 245 412
leaf_count=54389 23193 24495 7257 36932 3286 171458 775 6836 8444 3224 997 4524 4003 72942 1695 1374 3829 1097 2412 9929 5706 2610 6688 1802 11271 437 6518 12880 646 2581 555 601 5375 33310 55884 124793 33450 99957 668771 22685 225 7131 7388 4683 15811 8652 2978 11043 20218 24079 2599 1172 411 2553 329 623 94130 3815 270 2633 245 412
internal_value=-2.28611e-07 0.000105801 0.000230095 0.000337915 0.000690489 -9.88759e-06 7.5435e-05 0.00011524 5.43143e-05 0.000368309 -2.54634e-05 0.000303272 0.000198587 4.31975e-05 0.00027453 0.000480054 0.000125839 -2.08527e-05 0.000533282 -0.000355671 -2.50003e-06 -0.000465758 2.63046e-05 0.000263127 -3.09575e-05 -1.47185e-05 0.000379787 -5.55068e-05 0.000634956 0.00089674 -0.000477807 -3.31411e-05 0.000123838 4.12094e-05 -3.86871e-05 5.97064e-06 -3.87642e-05 -6.49182e-05 -6.5438e-05 -0.000189396 -0.000298407 -8.98121e-05 -0.000257274 -0.000448467 -0.000370984 -1.78677e-05 0.000924767 -0.000330739 0.0001633 0.000292771 -0.000504384 -0.000581147 -0.000171437 -1.9596e-05 -0.000582292 0.000324609 -1.83274e-05 0.000822845 0.00118246 0.000456232 0.000113518 0.00192575
internal_weight=1.75101e+06 146194 71970 47475 10543 1.60482e+06 182754 159561 128601 30960 97392 31209 26685 80627 27736 15923 7831 1.42206e+06 10856 16765 11813 4305 79630 7508 15829 74224 6955 67269 4002 3227 4558 1.2506e+06 42676 38685 1.20793e+06 452511 352330 318880 755418 86647 63717 26659 19528 37058 32375 8877 3991 18431 100181 44297 23498 20899 5088 4677 2124 952 218923 8092 4085 4007 22930 1013
internal_count=1751011 146194 71970 47475 10543 1604817 182754 159561 128601 30960 97392 31209 26685 80627 27736 15923 7831 1422063 10856 16765 11813 4305 79630 7508 15829 74224 6955 67269 4002 3227 4558 1250605 42676 38685 1207929 452511 352330 318880 755418 86647 63717 26659 19528 37058 32375 8877 3991 18431 100181 44297 23498 20899 5088 4677 2124 952 218923 8092 4085 4007 22930 1013
is_linear=0
shrinkage=0.05


Tree=82
num_leaves=63
num_cat=0
split_feature=3 5 39 34 34 34 0 37 1 32 5 39 39 35 40 3 3 40 3 0 35 3 38 35 38 3 40 39 0 34 0 40 38 34 27 0 35 0 0 32 34 34 35 20 35 7 34 0 37 40 0 39 0 39 35 39 34 32 39 32 35 0
split_gain=0.672612 0.981504 1.05408 0.602329 0.970354 0.745793 1.0118 1.15648 1.05602 0.881088 0.935046 1.01458 0.913327 0.976574 0.869404 1.03534 0.906974 0.864651 0.847332 0.783189 0.693623 0.69342 0.715722 0.679483 0.677769 1.63875 0.892232 0.603973 0.656281 0.598347 0.594038 0.584879 0.772728 0.557553 0.572272 0.792009 0.557209 0.548486 0.545592 0.545485 0.522879 0.522819 0.531264 0.517233 0.493914 0.479425 0.476279 0.471496 0.470775 0.47368 0.46317 0.456267 0.452162 0.752716 0.581539 0.506379 0.803017 0.448884 0.722184 0.444576 0.444454 0.570421
threshold=12561.200000000003 168.18450000000004 1.0000000180025095e-35 8.5000000000000018 5.5000000000000009 1.5000000000000002 247630.90071948498 1.0000000180025095e-35 6.3750000000000009 2.5000000000000004 148.53300000000004 53.473977679829446 66.295399052495284 1.0000000180025095e-35 74.541265200395856 9880.8000000000011 7718.8500000000013 52.217074925539727 7923.6500000000005 63738.372438047292 1.0000000180025095e-35 5795.7500000000009 91.846575550130709 4.5000000000000009 81.786529830357338 6427.6500000000005 50.950748302541847 65.754443578181252 108982.66453029613 1.0000000180025095e-35 29672.543611481178 39.634424216088114 33.359161475816961 3.5000000000000004 50.550000000000004 612939.4323817488 1.0000000180025095e-35 130655.42871165225 67602.238338278505 18.500000000000004 7.5000000000000009 1.0000000180025095e-35 1.5000000000000002 841.50000000000011 1.0000000180025095e-35 5.3500000000000005 1.5000000000000002 82683.458530116259 1.0000000180025095e-35 38.363339234197021 78743.007081441698 53.948929681976672 196634.48910750871 80.841173623830414 1.0000000180025095e-35 41.186037574778666 2.5000000000000004 1.0000000180025095e-35 97.401091648532017 3.5000000000000004 1.0000000180025095e-35 128186.70808362136
decision_type=2 2 2 2 2 2 2 2 2 2 2 2 2 2 2 2 2 2 2 2 2 2 2 2 2 2 2 2 2 2 2 2 2 2 2 2 2 2 2 2 2 2 2 2 2 2 2 2 2 2 2 2 2 2 2 2 2 2 2 2 2 2
left_child=1 2 31 4 5 6 7 9 -8 12 11 17 14 21 15 19 -16 20 -12 30 -11 22 57 45 -21 26 -26 40 -29 -15 -4 32 -1 36 35 -35 43 -34 -17 59 -6 42 -40 -2 -10 -7 -45 -19 49 -39 -23 -28 53 -47 -55 56 -54 58 -14 -13 61 -18
right_child=33 -3 3 -5 27 23 8 -9 44 10 18 39 13 29 16 38 60 47 -20 24 -22 50 -24 -25 25 -27 51 28 -30 -31 -32 -33 37 34 -36 -37 -38 48 41 -41 -42 -43 -44 46 -46 52 -48 -49 -50 -51 -52 -53 55 54 -56 -57 -58 -59 -60 -61 -62 -63
leaf_value=0.00015867539305981158 7.5956319950006934e-05 -7.9228149571418477e-05 0.00045129926164285311 -0.00036270557444502438 0.0003750428257281797 0.00032795226863688282 -0.00014157102748611555 -0.00026878811197837709 0.00029787330108638736 -0.0005886468713674365 -0.0008836762109472072 0.00052399067687761527 -0.00019623552178469497 0.00049549354142310455 2.8952712256894289e-05 0.00065721454529233964 -0.0012010160673435481 0.0022449729191228143 0.00018483308640462071 2.9703711694330459e-06 0.001186320585026936 0.00057123015250417383 0.00070059429481682104 0.00044970897967145897 0.0012191996960049334 -0.00053022034433113921 0.00065037917957181594 0.00050191623083074301 -0.00011006987154893731 7.2287710571544199e-05 -0.0003747043415169083 0.00013586146949682643 0.0036074101719287092 -3.8193685703625118e-05 0.00066142150970657039 -0.00071623912668640087 -2.0147669036846776e-05 0.00060540212524993467 0.00013841584665358117 0.0011387897566421652 -0.00020832197537983782 0.00014456477391751972 0.0019428885187546118 0.00019495583487728289 -3.4295951002398612e-05 -0.0002273467872123567 0.00050125026613478702 0.0010427095581730199 0.002001903013876614 0.0030638587013456647 0.00011996673327763614 -0.00019753234196531806 0.00044718687364216813 0.00024871996383740664 -0.00023154993745361617 -0.00010891453097091399 -3.3048096428811672e-05 -0.00075927422135690166 0.0012020534815088569 -0.00012689107224188512 -0.00022358542059261997 -0.00034497350755540465
leaf_weight=4585 54555 396674 2441 11034 36422 6674 150596 26693 22822 1427 2440 4117 20484 28197 14030 6690 4064 957 7744 273902 896 6176 2326 5968 4361 3889 3788 5458 22195 11867 20100 14662 201 34505 2472 4921 45217 4008 803 1451 4294 46592 829 41348 21959 102513 18313 5515 872 206 71695 2730 12397 16900 10052 72333 29227 3304 967 7232 6187 3734
leaf_count=4585 54555 396674 2441 11034 36422 6674 150596 26693 22822 1427 2440 4117 20484 28197 14030 6690 4064 957 7744 273902 896 6176 2326 5968 4361 3889 3788 5458 22195 11867 20100 14662 201 34505 2472 4921 45217 4008 803 1451 4294 46592 829 41348 21959 102513 18313 5515 872 206 71695 2730 12397 16900 10052 72333 29227 3304 967 7232 6187 3734
internal_value=-2.17181e-07 -1.13869e-05 1.19528e-05 4.90382e-06 8.53373e-06 -3.3609e-06 2.0595e-05 5.28875e-05 -7.81825e-05 6.79268e-05 0.00032377 0.000510021 5.28469e-05 0.000160133 1.33731e-05 3.39148e-05 -0.000255084 0.000923471 -7.11727e-05 -1.40441e-06 9.59725e-05 7.99658e-05 -0.00013797 -7.75501e-05 2.07603e-05 0.000350709 0.000665622 0.000191048 1.07206e-05 0.00037014 -0.000285255 0.000336182 0.0006337 8.57581e-05 -7.65538e-05 -0.000122825 0.000128413 0.00104565 0.000234077 0.000225936 0.00031352 0.000175377 0.00105503 0.000187226 0.000134989 -9.0132e-05 0.000288973 0.00122049 0.000944409 0.000725583 0.000155757 0.00029524 -0.000101595 -0.000165529 6.95988e-05 -2.89604e-05 0.000109982 -0.000216762 -0.000133201 0.000109225 -0.000540035 -0.000791108
internal_weight=1.75101e+06 1.54968e+06 1.15301e+06 1.12847e+06 1.11744e+06 1.04907e+06 793005 597628 195377 570935 31779 21595 539156 145016 394140 366125 28015 8795 10184 311211 2323 104952 27081 256064 288670 14768 10879 68369 27653 40064 22541 24534 9872 201331 41898 39426 159433 5287 54914 12800 40716 48224 1632 114216 44781 250096 59661 6472 5086 4214 77871 6518 243422 129465 26952 113957 41624 24755 21451 11349 13985 7798
internal_count=1751011 1549680 1153006 1128472 1117438 1049069 793005 597628 195377 570935 31779 21595 539156 145016 394140 366125 28015 8795 10184 311211 2323 104952 27081 256064 288670 14768 10879 68369 27653 40064 22541 24534 9872 201331 41898 39426 159433 5287 54914 12800 40716 48224 1632 114216 44781 250096 59661 6472 5086 4214 77871 6518 243422 129465 26952 113957 41624 24755 21451 11349 13985 7798
is_linear=0
shrinkage=0.05


Tree=83
num_leaves=63
num_cat=0
split_feature=3 5 39 34 34 34 33 0 31 36 32 39 36 37 35 0 36 0 33 7 0 31 34 31 35 3 38 0 39 18 0 7 31 39 0 36 32 35 35 6 31 34 39 31 34 36 0 39 39 33 32 0 36 31 0 32 0 36 39 20 31 19
split_gain=0.614888 1.00904 0.974773 0.614908 0.854319 0.643619 1.44401 0.792518 1.18254 1.01087 0.948591 0.957471 1.09393 0.988393 0.814695 0.800085 1.31779 0.68568 0.660521 0.639232 0.631614 0.575085 0.551443 0.549278 0.571388 0.547844 0.650739 0.539951 0.557325 0.533925 0.52749 0.526759 0.702624 0.520104 0.668291 0.497823 0.874987 0.858199 0.599895 0.595857 0.591615 0.502321 0.492169 0.598246 0.841774 0.491393 0.486116 0.483422 0.481463 0.636604 0.565376 0.523013 0.471102 0.470795 0.534046 0.467858 0.559205 0.496331 0.538815 0.464357 0.540764 0.534339
threshold=12271.100000000002 168.18450000000004 1.276535063846866 8.5000000000000018 5.5000000000000009 1.5000000000000002 1.5000000000000002 243823.68353378095 1.5000000000000002 1.0000000180025095e-35 2.5000000000000004 66.295399052495284 8.5000000000000018 1.0000000180025095e-35 1.0000000180025095e-35 159728.290970089 1.5000000000000002 103568.27171523859 1.5000000000000002 7.7500000000000009 97973.561530960054 7.5000000000000009 5.5000000000000009 1.0000000180025095e-35 3.5000000000000004 5795.7500000000009 91.846575550130709 94047.924142322052 2.2035989705344035 35730.500000000007 112368.05257013075 5.6500000000000012 5.5000000000000009 76.018302988064463 136613.4621296775 1.5000000000000002 1.0000000180025095e-35 1.0000000180025095e-35 1.0000000180025095e-35 190.80000000000004 17.500000000000004 1.0000000180025095e-35 71.85532328746622 9.5000000000000018 7.5000000000000009 2.5000000000000004 154136.87753350326 53.948929681976672 37.312155874571374 1.0000000180025095e-35 3.5000000000000004 106302.04883455326 1.5000000000000002 7.5000000000000009 86542.385689524337 1.0000000180025095e-35 376421.33800940838 3.5000000000000004 46.544308862090752 838.50000000000011 1.0000000180025095e-35 151650.00000000003
decision_type=2 2 2 2 2 2 2 2 2 2 2 2 2 2 2 2 2 2 2 2 2 2 2 2 2 2 2 2 2 2 2 2 2 2 2 2 2 2 2 2 2 2 2 2 2 2 2 2 2 2 2 2 2 2 2 2 2 2 2 2 2 2
left_child=1 2 23 4 5 6 7 10 9 -9 11 12 13 29 25 16 20 19 48 -14 -12 -6 27 -1 -25 26 -13 52 -29 -4 -8 32 -17 -16 -35 36 -10 -37 39 47 55 -40 43 44 -23 -3 -15 -38 49 50 53 -51 -2 -7 -55 57 -57 -39 -59 60 -30 -61
right_child=22 45 3 -5 21 18 30 8 35 -11 15 14 17 46 33 31 -18 -19 -20 -21 -22 42 -24 24 -26 -27 -28 28 59 -31 -32 -33 -34 34 -36 37 38 40 41 -41 -42 -43 -44 -45 -46 -47 -48 -49 -50 51 -52 -53 -54 54 -56 56 -58 58 -60 61 -62 -63
leaf_value=0.0012123735588879278 7.3805042324876611e-05 -0.00011944369747590077 0.00059000186820237039 -0.00037325176492796706 -0.00072915504958312579 0.00017384330660511309 0.0014662009386673357 1.918375192646088e-05 -0.00044433064383601548 0.0006150259660836064 0.0018903492485429067 -0.00020755246057334705 -0.00041081921288542965 -0.0004797718321487994 0.00013141925565737724 0.0016332788576544186 0.00019175014517455074 -0.00046022096781861578 -0.00037454837752646744 -0.0030002506460900091 0.00079059529137778947 0.00061848887845060972 -0.00066285230107358123 0.00018736278312623834 0.0014801508661527914 0.00012814820161350757 0.0006710582095279514 -0.00033476020613165854 0.00054700314157619034 3.2051157547715845e-06 0.00042803814590928818 0.0001365716227941122 -0.0013007744630583451 0.00085052754024816588 0.00027444103693411586 0.00022524931580090131 0.0002651859605121572 -0.00027492632206333123 9.7538071346769245e-05 -0.00088200678017886266 9.1987259682962862e-05 -0.00038916677184309712 6.4195727906532175e-06 0.00016543669478140971 -0.0015842314141409752 9.1636820082232152e-06 8.3514428064345933e-05 -0.0005013344963161983 -9.1506484222930593e-05 -0.0011246125018809798 -0.0025787725455861969 0.00074828337427253503 0.00057926348025856512 -0.0012149965281348686 -8.2892297718714717e-05 -0.00076698891128382783 -0.00021254172247071336 0.00093383399605613537 -4.7150425542693084e-05 0.00035816007306414978 -6.1205493289442423e-05 8.8066507171955251e-05
leaf_weight=1433 8652 266472 3917 10781 1703 26672 1364 27861 29689 9561 1820 24934 392 15867 18556 242 10429 2804 17099 608 4619 14607 2496 38715 874 75819 2302 8516 3873 375330 11883 12986 1301 8117 13255 20501 3793 12207 28613 4192 16790 6507 21731 29372 447 102977 5049 4494 181746 404 208 4820 9867 1098 20319 7748 11010 2063 4354 22038 64816 108298
leaf_count=1433 8652 266472 3917 10781 1703 26672 1364 27861 29689 9561 1820 24934 392 15867 18556 242 10429 2804 17099 608 4619 14607 2496 38715 874 75819 2302 8516 3873 375330 11883 12986 1301 8117 13255 20501 3793 12207 28613 4192 16790 6507 21731 29372 447 102977 5049 4494 181746 404 208 4820 9867 1098 20319 7748 11010 2063 4354 22038 64816 108298
internal_value=-2.06322e-07 -1.16865e-05 1.13552e-05 2.52511e-06 6.20404e-06 -5.08172e-06 1.73498e-05 8.41899e-06 -8.03567e-05 0.000171416 3.74891e-05 2.2147e-05 -1.72106e-05 -9.18841e-06 0.000133343 0.000304756 0.000539006 -0.000861108 -7.44987e-05 -0.00198519 0.00110144 0.000178059 7.62652e-05 0.000250713 0.000215903 5.90532e-05 -0.000133292 8.4426e-05 6.1343e-05 9.26576e-06 0.000534934 3.27941e-05 -0.000840605 0.000325087 0.000493236 -0.000142358 -0.000231313 -5.0289e-05 -9.84468e-05 -0.000396227 -0.000154564 7.36186e-06 0.000201412 0.000296793 0.000553083 -8.35968e-05 -0.000343798 -0.000150494 -5.26914e-05 7.91165e-05 2.24032e-05 0.000603442 0.000343115 3.36541e-05 -0.000140933 -0.000265302 -0.000441556 -8.77802e-05 0.000268226 7.82917e-05 -2.69119e-05 0.000133736
internal_weight=1.75101e+06 1.52246e+06 1.15301e+06 1.11198e+06 1.1012e+06 1.03334e+06 780977 767730 189383 37422 578347 546950 403967 400163 142983 31397 16868 3804 252366 1000 6439 67860 228556 41022 39589 103055 27236 226060 207541 379247 13247 14529 1543 39928 21372 151961 77288 74673 47599 12479 54172 35120 66157 44426 15054 369449 20916 8287 235267 53521 48297 5224 18519 48089 21417 37382 18758 18624 6417 199025 68689 130336
internal_count=1751011 1522455 1153006 1111984 1101203 1033343 780977 767730 189383 37422 578347 546950 403967 400163 142983 31397 16868 3804 252366 1000 6439 67860 228556 41022 39589 103055 27236 226060 207541 379247 13247 14529 1543 39928 21372 151961 77288 74673 47599 12479 54172 35120 66157 44426 15054 369449 20916 8287 235267 53521 48297 5224 18519 48089 21417 37382 18758 18624 6417 199025 68689 130336
is_linear=0
shrinkage=0.05


Tree=84
num_leaves=63
num_cat=0
split_feature=28 29 20 19 40 20 39 22 19 0 20 17 0 32 6 36 39 32 40 38 35 39 39 5 3 38 3 27 36 35 35 2 3 0 35 0 3 38 40 35 1 0 39 0 32 35 3 40 0 0 36 40 3 36 40 35 33 40 38 0 36 38
split_gain=0.606694 0.694427 0.497599 0.912763 0.69306 0.478365 0.488116 0.476044 0.461562 0.461505 0.502198 0.438871 0.436635 0.922838 0.972888 0.91873 1.45179 0.765996 0.78021 0.766008 0.686914 0.676293 0.694325 0.569364 0.902969 0.789035 0.495343 0.701707 0.485707 0.483489 0.471301 0.596862 0.470883 0.451875 0.485157 0.450541 0.427118 1.11449 0.81518 1.0576 1.09286 0.585502 0.584105 0.529249 0.510453 1.39105 1.55125 0.918001 0.664385 0.604716 0.647862 1.14608 1.0117 0.581348 0.526375 0.513297 0.482203 0.478991 0.507907 0.534565 0.716334 0.496923
threshold=14.950000000000001 48.454174399898427 772.50000000000011 106250.00000000001 9.9660357787937901 818.50000000000011 90.152925015616873 938.50000000000011 89350.000000000015 371429.33555197233 615.50000000000011 8808.0000000000018 238528.97120783225 18.500000000000004 167.90000000000001 1.5000000000000002 44.809465857574615 2.5000000000000004 86.630845075184098 76.300862305355494 1.0000000180025095e-35 93.314187868435468 0.034715702894933927 117.49350000000001 7356.7500000000009 56.136352411377779 12882.200000000003 50.550000000000004 7.5000000000000009 4.5000000000000009 3.5000000000000004 1.1450000000000002 7923.6500000000005 83953.782281618463 1.0000000180025095e-35 100831.10917818431 10185.850000000002 49.426738681700776 25.19784854376319 1.0000000180025095e-35 5.1900000000000004 65845.11501993546 61.582006029984036 110671.22989529466 1.0000000180025095e-35 1.5000000000000002 7271.2000000000016 47.937287743823127 109823.50028000973 154136.87753350326 2.5000000000000004 62.80580517121809 8618.5500000000011 1.5000000000000002 14.164953633348587 1.5000000000000002 1.0000000180025095e-35 43.830260623196729 20.354642861817378 59382.135729072514 1.5000000000000002 49.179254763712414
decision_type=2 2 2 2 2 2 2 2 2 2 2 2 2 2 2 2 2 2 2 2 2 2 2 2 2 2 2 2 2 2 2 2 2 2 2 2 2 2 2 2 2 2 2 2 2 2 2 2 2 2 2 2 2 2 2 2 2 2 2 2 2 2
left_child=1 9 -2 4 -4 6 8 -7 -3 10 -1 -6 13 14 15 20 17 18 29 -20 -5 22 33 -14 -25 -26 -27 -28 32 35 36 -32 -19 -16 -35 -17 37 42 39 40 -39 -38 44 -44 45 49 47 48 -47 50 52 -52 57 54 -51 -46 -40 58 -24 60 -60 -61
right_child=2 5 3 12 11 7 -8 -9 -10 -11 -12 -13 23 -15 21 16 -18 28 19 -21 -22 -23 30 24 25 26 27 -29 -30 -31 31 -33 -34 34 -36 -37 41 38 56 -41 -42 -43 43 -45 55 46 -48 -49 -50 53 51 -53 -54 -55 -56 -57 -58 -59 59 61 -62 -63
leaf_value=-0.00025805414082608746 -0.00013571660956911608 -0.00025962778096582322 0.0030380287639635295 -7.3919131348576555e-05 -0.00019825910404186757 -6.9321140062746065e-05 0.00038668021238605219 0.00038453691071823693 5.3361139415410809e-05 -0.00055202328282860083 0.0006332678596251461 0.00065398833857718049 0.00015982966531346351 0.00086390155748222871 0.0014669445811905429 -0.00061904157785818261 -4.2627312493837593e-05 -0.00068723651493931073 -0.0042862896768189173 -0.0010394077099450496 0.00017526252012772269 0.00026336874041013776 0.00013967754831605947 -0.0001429448692732976 9.0159680222620284e-05 -9.6709525637069961e-05 3.0154127347278149e-05 0.00074841405357434936 -0.00035856577213907618 0.00077999486891263336 -0.00037098294956665914 0.0004916928895744246 0.0015412550477115227 0.00099134719394172147 3.3804787745762897e-05 -0.00028972895462069033 0.00053103884180688251 -0.0011866561370472029 4.9239411123106913e-05 -9.3668413560732255e-06 0.0011455823593073974 6.7951588366124634e-05 0.00034942055770783225 -6.0746772938527423e-05 -0.0001087903492250768 -0.002413521066578217 -6.4386868582784069e-05 0.0017241805813712431 -0.0011204854852460986 0.00072430913568002106 -0.00042523072933196973 -0.0022774712520746798 0.00059834003289733117 0.00030594485184180038 -0.00022167796167248653 0.00042128816164988626 -0.00020698851550339991 0.0001064884552742183 -0.00057200380807919868 -0.00030720486993588602 -0.0024362210572393566 -0.0024003589579133598
leaf_weight=1822 72162 19789 265 60226 2020 8502 6538 18030 29101 1094 11914 5990 33809 3196 1082 16154 105140 299 234 812 51144 33121 5084 180126 134147 185059 32779 3794 990 874 2481 10451 1144 1993 3934 29089 7091 554 302139 6105 5382 182388 11069 27167 14761 1267 4673 245 4601 1607 12487 895 4078 11794 17312 6613 19550 8423 1845 23574 715 287
leaf_count=1822 72162 19789 265 60226 2020 8502 6538 18030 29101 1094 11914 5990 33809 3196 1082 16154 105140 299 234 812 51144 33121 5084 180126 134147 185059 32779 3794 990 874 2481 10451 1144 1993 3934 29089 7091 554 302139 6105 5382 182388 11069 27167 14761 1267 4673 245 4601 1607 12487 895 4078 11794 17312 6613 19550 8423 1845 23574 715 287
internal_value=-1.96006e-07 0.000121476 -7.31517e-06 -1.45843e-06 0.000522294 6.45075e-05 -1.90661e-05 0.000239101 -7.33261e-05 0.000436323 0.000515039 0.000439065 -4.21234e-06 1.56259e-05 1.29172e-05 -6.89971e-05 -0.000147815 -0.000370805 -0.000415436 -0.00176577 4.05116e-05 4.25835e-05 3.21614e-05 -3.91755e-05 -5.17303e-05 -5.54955e-06 -6.34794e-05 0.000104665 0.000494341 -0.000384808 2.71652e-05 0.000326189 0.0010795 0.000527319 0.000355786 -0.00040731 2.14927e-05 -3.06247e-06 4.87863e-05 0.000452698 0.000927917 8.5282e-05 -0.000112235 5.79932e-05 -0.000166357 -0.000214249 -0.000750208 -0.00127447 -0.00139967 -0.000148633 -0.000244464 -0.00054911 -0.000151822 3.04298e-05 -0.000141325 5.52131e-05 3.36677e-05 -0.000228439 -0.000317984 -0.000406048 -0.00109267 -0.000332381
internal_weight=1.75101e+06 96790 1.65422e+06 1.58206e+06 8275 81960 55428 26532 48890 14830 13736 8010 1.57378e+06 1.00407e+06 1.00087e+06 266106 154736 49596 47163 1046 111370 734768 701647 569714 535905 355779 221632 36573 2433 46117 694638 12932 1443 7009 5927 45243 681706 492227 333730 12041 5936 189479 158497 38236 120261 98887 10786 6113 5868 88101 57388 13382 44006 30713 18919 21374 321689 39928 31505 26421 2560 23861
internal_count=1751011 96790 1654221 1582059 8275 81960 55428 26532 48890 14830 13736 8010 1573784 1004070 1000874 266106 154736 49596 47163 1046 111370 734768 701647 569714 535905 355779 221632 36573 2433 46117 694638 12932 1443 7009 5927 45243 681706 492227 333730 12041 5936 189479 158497 38236 120261 98887 10786 6113 5868 88101 57388 13382 44006 30713 18919 21374 321689 39928 31505 26421 2560 23861
is_linear=0
shrinkage=0.05


end of trees

feature_importances:
zhvi_t=640
nri__wildfire_risk=493
fema__disasters_10yr_hurricane=489
fema__disasters_10yr_fire=430
fema__disasters_10yr_count=428
fema__disasters_10yr_severe_storm=420
fema__disasters_10yr_other=399
fred__m2_sa=359
nri__composite_risk=261
fred__case_shiller_us=188
nri__flood_risk_combined=188
fred__unemployment_us=160
acs__median_household_income=99
fred__real_rate_10y=88
fema__disasters_10yr_flood=87
fema__disasters_10yr_tornado=84
acs__median_gross_rent=78
acs__bachelors_or_higher_pct=78
acs__median_home_value=61
fred__lumber=46
fred__mortgage_30y=40
acs__pop_65_plus=31
acs__owner_occupied_pct=28
acs__total_pop=23
fred__mortgage_30y_d12m=15
fred__treasury_10y=10
fred__treasury_10y_d12m=10
acs__occupied_units_total=8
acs__age_28_38_share=7
acs__pop_35_39=6
fred__real_rate_10y_d12m=5
acs__owner_occupied_units=4
fred__mortgage_30y_d3m=2
fred__treasury_10y_d3m=2
fred__mortgage_30y_d1m=1
acs__pop_25_29=1
acs__pop_40_44=1

parameters:
[boosting: gbdt]
[objective: regression]
[metric: rmse]
[tree_learner: serial]
[device_type: cpu]
[data_sample_strategy: bagging]
[data: ]
[valid: ]
[num_iterations: 1500]
[learning_rate: 0.05]
[num_leaves: 63]
[num_threads: 0]
[seed: 0]
[deterministic: 0]
[force_col_wise: 0]
[force_row_wise: 0]
[histogram_pool_size: -1]
[max_depth: -1]
[min_data_in_leaf: 200]
[min_sum_hessian_in_leaf: 0.001]
[bagging_fraction: 0.8]
[pos_bagging_fraction: 1]
[neg_bagging_fraction: 1]
[bagging_freq: 5]
[bagging_seed: 3]
[bagging_by_query: 0]
[feature_fraction: 0.8]
[feature_fraction_bynode: 1]
[feature_fraction_seed: 2]
[extra_trees: 0]
[extra_seed: 6]
[early_stopping_round: 0]
[early_stopping_min_delta: 0]
[first_metric_only: 0]
[max_delta_step: 0]
[lambda_l1: 0]
[lambda_l2: 0]
[linear_lambda: 0]
[min_gain_to_split: 0]
[drop_rate: 0.1]
[max_drop: 50]
[skip_drop: 0.5]
[xgboost_dart_mode: 0]
[uniform_drop: 0]
[drop_seed: 4]
[top_rate: 0.2]
[other_rate: 0.1]
[min_data_per_group: 100]
[max_cat_threshold: 32]
[cat_l2: 10]
[cat_smooth: 10]
[max_cat_to_onehot: 4]
[top_k: 20]
[monotone_constraints: ]
[monotone_constraints_method: basic]
[monotone_penalty: 0]
[feature_contri: ]
[forcedsplits_filename: ]
[refit_decay_rate: 0.9]
[cegb_tradeoff: 1]
[cegb_penalty_split: 0]
[cegb_penalty_feature_lazy: ]
[cegb_penalty_feature_coupled: ]
[path_smooth: 0]
[interaction_constraints: ]
[verbosity: -1]
[saved_feature_importance_type: 0]
[use_quantized_grad: 0]
[num_grad_quant_bins: 4]
[quant_train_renew_leaf: 0]
[stochastic_rounding: 1]
[linear_tree: 0]
[max_bin: 255]
[max_bin_by_feature: ]
[min_data_in_bin: 3]
[bin_construct_sample_cnt: 200000]
[data_random_seed: 1]
[is_enable_sparse: 1]
[enable_bundle: 1]
[use_missing: 1]
[zero_as_missing: 0]
[feature_pre_filter: 1]
[pre_partition: 0]
[two_round: 0]
[header: 0]
[label_column: ]
[weight_column: ]
[group_column: ]
[ignore_column: ]
[categorical_feature: ]
[forcedbins_filename: ]
[precise_float_parser: 0]
[parser_config_file: ]
[objective_seed: 5]
[num_class: 1]
[is_unbalance: 0]
[scale_pos_weight: 1]
[sigmoid: 1]
[boost_from_average: 1]
[reg_sqrt: 0]
[alpha: 0.9]
[fair_c: 1]
[poisson_max_delta_step: 0.7]
[tweedie_variance_power: 1.5]
[lambdarank_truncation_level: 30]
[lambdarank_norm: 1]
[label_gain: ]
[lambdarank_position_bias_regularization: 0]
[eval_at: ]
[multi_error_top_k: 1]
[auc_mu_weights: ]
[num_machines: 1]
[local_listen_port: 12400]
[time_out: 120]
[machine_list_filename: ]
[machines: ]
[gpu_platform_id: -1]
[gpu_device_id: -1]
[gpu_use_dp: 0]
[num_gpu: 1]

end of parameters

pandas_categorical:[]
