tree
version=v4
num_class=1
num_tree_per_iteration=1
label_index=0
max_feature_idx=31
objective=regression
feature_names=zhvi_t fred__mortgage_30y fred__real_rate_10y fred__m2_sa fred__treasury_10y fred__case_shiller_us fred__lumber fred__unemployment_us fred__mortgage_30y_d1m fred__mortgage_30y_d3m fred__mortgage_30y_d12m fred__real_rate_10y_d1m fred__real_rate_10y_d3m fred__real_rate_10y_d12m fred__treasury_10y_d1m fred__treasury_10y_d3m fred__treasury_10y_d12m fema__disasters_10yr_count fema__disasters_10yr_fire fema__disasters_10yr_flood fema__disasters_10yr_hurricane fema__disasters_10yr_other fema__disasters_10yr_severe_storm fema__disasters_10yr_tornado nri__flood_risk_combined nri__wildfire_risk nri__composite_risk derived__derived__vol_24m derived__derived__drawdown afdc__afdc__station_count afdc__afdc__l2_ports afdc__afdc__dcfc_ports
feature_infos=[15437.810746603111:3209777.280963473] [5.2400000000000002:8.6199999999999992] [1.48:2.6499999999999999] [4639.3000000000002:7453.6000000000004] [3.3700000000000001:6.6799999999999997] [99.843000000000004:184.596] [164.09999999999999:219] [3.7999999999999998:6.2999999999999998] [-0.60000000000000053:0.70000000000000018] [-0.75:1.0100000000000007] [-1.4500000000000002:1.5099999999999998] [-0.51000000000000023:0.62999999999999989] [-0.70999999999999996:0.62000000000000011] [-0.54999999999999982:0.87000000000000011] [-0.52000000000000002:0.95000000000000018] [-1.2300000000000004:1.0800000000000001] [-1.71:2.0199999999999996] [0:22] [0:18] [0:1] [0:7] [0:6] [0:13] [0:1] [1.2419537970261416:99.934310231472821] [0:100] [1.0357580298003399:99.995243361516401] [0.00039891631484206418:0.063281639964802572] [-0.49775331157129765:0] [1:246] [0:572] [0:155]
tree_sizes=6002 6198 6173 6174 6178 6214 6202 6178 6151 6200 6173 6160 6191 6162 6215 6225 6202 6202 6237 6212 6193 6247 6267 6270 6221 6259 6237 6272 6267 6252 6286 6229 6307 6282 6369 6239 6271 6283 6313 6367 6356 6313 6297 6265 6305 6270 6285 6308 6257 6338 6313 6281 6306 6351 6274 6323 6292 6279 6251 6277 6344 6305 6315 6286 6330 6248 6291 6263 6311 6286 6267 6283 6269 6221 6233 6270 6270 6287 6297 6236 6258 6271 6262 6213 6188 6228 6220 6261 6238 6272 6318 6263 6187 6306 6287 6281 6229 6232 6218 6193 6248 6168 6218 6189 6188 6212 6132 6141 6134 6212 6202 6173 6174 6176 6140 6251 6177 6227 6236 6219 6210 6160 6216 6287 6153 6242 6144 6146 6140 6224 6097 6120 6192 6203 6120 6160 6175 6221 6226 6120 6133 6146 6160 6077 6159 6236 6127 6253 6121 6132 6135 6152 6114 6098 6189 6284 6162

Tree=0
num_leaves=63
num_cat=0
split_feature=5 3 3 18 27 20 18 3 3 18 28 25 3 24 25 18 18 21 27 20 25 21 21 22 28 21 18 20 3 20 3 18 20 27 3 22 20 18 25 21 31 24 21 3 21 22 26 25 19 26 26 18 20 26 26 22 26 24 22 21 3 25
split_gain=1584.07 128.21 104.24 47.9819 37.2505 31.2133 27.515 18.394 15.1337 14.9978 11.02 10.9456 10.7626 9.9217 8.20534 8.06028 7.45342 6.9874 6.30967 5.65706 4.88479 4.75905 4.7466 5.00533 4.58371 4.55158 4.51336 4.32134 4.31202 3.93087 3.58605 3.4925 4.54105 3.48491 3.32167 3.28116 3.05753 3.73383 2.84837 3.10119 2.76971 2.73134 2.70705 2.68598 2.45644 2.41865 2.25157 2.12731 2.12302 2.07624 1.94228 1.93721 1.93704 1.83706 1.79846 1.77617 2.18897 2.09438 1.77076 1.75188 1.69491 1.59343
threshold=140.9145 6559.9000000000005 5732.6000000000013 1.5000000000000002 0.0041377344593615702 4.5000000000000009 1.0000000180025095e-35 5450.7000000000007 6304.4500000000016 1.5000000000000002 -1.0000000180025095e-35 43.303788698405384 5983.7500000000009 81.209163264113684 49.645480558772547 1.0000000180025095e-35 1.5000000000000002 1.5000000000000002 0.0065445147800267884 6.5000000000000009 15.763643920596115 1.0000000180025095e-35 1.0000000180025095e-35 1.0000000180025095e-35 -1.0000000180025095e-35 1.0000000180025095e-35 1.0000000180025095e-35 1.5000000000000002 4952.9500000000016 1.0000000180025095e-35 6762.0000000000009 1.0000000180025095e-35 3.5000000000000004 0.0053221282251455443 4952.9500000000016 3.5000000000000004 1.0000000180025095e-35 1.0000000180025095e-35 27.784150011257246 2.5000000000000004 21.500000000000004 81.209163264113684 1.0000000180025095e-35 5414.0000000000009 1.5000000000000002 1.5000000000000002 47.030452702029265 43.592219968487001 1.0000000180025095e-35 24.795636309664591 63.845874561687715 6.5000000000000009 1.0000000180025095e-35 40.448982035854115 81.725766375670403 1.0000000180025095e-35 20.973511132889961 49.774232039553659 1.0000000180025095e-35 1.5000000000000002 7099.2000000000016 15.274919497605277
decision_type=2 2 2 2 2 2 2 2 2 2 2 2 2 2 2 2 2 2 2 2 2 2 2 2 2 2 2 2 2 2 2 2 2 2 2 2 2 2 2 2 2 2 2 2 2 2 2 2 2 2 2 2 2 2 2 2 2 2 2 2 2 2
left_child=2 8 6 5 51 11 7 10 52 25 -1 26 15 14 20 29 21 -7 48 60 50 28 40 34 -23 -10 27 38 -8 59 -13 46 -33 -11 -24 -20 37 44 39 49 55 47 54 -26 -14 -32 -27 -9 -6 -3 -12 -5 -2 -29 -15 57 -57 -22 -56 -4 -19 -17
right_child=1 3 12 4 18 17 16 41 9 33 13 30 36 42 -16 61 -18 19 35 -21 22 24 23 -25 43 31 -28 53 -30 -31 45 32 -34 -35 -36 -37 -38 -39 -40 -41 -42 -43 -44 -45 -46 -47 -48 -49 -50 -51 -52 -53 -54 -55 58 56 -58 -59 -60 -61 -62 -63
leaf_value=0.023255202290297823 0.020884909017447731 0.015200534206005721 0.022775400100896001 0.019669047952423094 0.016366963158194778 0.014829566682911653 0.025758254724858706 0.02393067921827962 0.020626268574462502 0.018943768920318939 0.025876839400024412 0.019727321184819048 0.02189006681662102 0.026319019965923326 0.023891698325283907 0.025336537210427928 0.027367407132289176 0.014259053950315771 0.014729523669983841 0.020022908493499816 0.023323211837809294 0.024302955964738821 0.026848042612467492 0.024425850620551037 0.026809892605419692 0.018845405752866359 0.018900753695455682 0.018310832894166906 0.023505273687947428 0.024620219566536424 0.018565676401227069 0.020662578296379804 0.017999627875223745 0.017023902320743405 0.024415201837767558 0.019581135223202248 0.023570308068077084 0.022733913311884856 0.018102893480138871 0.019001177677440004 0.026203786853184495 0.024589036689764861 0.025144235473824408 0.025718657842741782 0.020169200805948053 0.019216413809529282 0.019924404641718258 0.023130757419569704 0.019968407328473936 0.017028419321676591 0.02796765945270737 0.016887000949285615 0.021630108540630268 0.019604843294163957 0.028556185197999323 0.026584818290796404 0.024916541275738387 0.024632897078729041 0.025567935568165199 0.021119664780328267 0.017837452378002862 0.024042090280477411
leaf_weight=9713 31697 1887 23711 7232 8092 6213 4313 14315 31333 5175 3156 21213 22428 3230 17642 2982 8031 898 14627 1441 3343 3408 8239 4515 11404 10353 18857 10355 4184 2856 22840 13801 1811 4351 1691 357 3927 14859 11987 1706 3378 6438 2267 11155 2285 38096 9071 19818 431 8791 1714 685 12030 3731 2610 2142 23968 35132 612 1713 524 11726
leaf_count=9713 31697 1887 23711 7232 8092 6213 4313 14315 31333 5175 3156 21213 22428 3230 17642 2982 8031 898 14627 1441 3343 3408 8239 4515 11404 10353 18857 10355 4184 2856 22840 13801 1811 4351 1691 357 3927 14859 11987 1706 3378 6438 2267 11155 2285 38096 9071 19818 431 8791 1714 685 12030 3731 2610 2142 23968 35132 612 1713 524 11726
internal_value=0.0216367 0.0190803 0.0242513 0.018237 0.016462 0.0186125 0.0248619 0.0245679 0.020349 0.0199221 0.0248717 0.0187974 0.0227941 0.0250099 0.0248752 0.0233552 0.0259957 0.0157713 0.0154629 0.017815 0.025074 0.025676 0.024983 0.0258062 0.0260121 0.0201884 0.0182671 0.0179564 0.0246489 0.0228614 0.0191674 0.0197968 0.0203537 0.0180669 0.0264337 0.0148451 0.0222396 0.0221076 0.0175535 0.0170217 0.0248081 0.0236444 0.0266305 0.0262703 0.021731 0.0189725 0.0193493 0.0234662 0.0165491 0.0167054 0.0266127 0.0194283 0.0210899 0.0186536 0.0271528 0.0247351 0.0250534 0.0245191 0.0279886 0.0226638 0.0155777 0.0243045
internal_weight=592490 299585 292905 179963 31424 148539 206418 163923 119622 75895 123352 139463 86487 113639 104920 42988 42495 9076 23507 2863 87278 34464 82408 14445 25967 66369 57314 38457 8497 28280 82149 35036 15612 9526 9930 14984 43499 39572 24371 12384 67963 40571 8719 22559 24713 60936 19424 34133 8523 10678 4870 7917 43727 14086 6452 64585 26110 38475 3222 25424 1422 14708
internal_count=592490 299585 292905 179963 31424 148539 206418 163923 119622 75895 123352 139463 86487 113639 104920 42988 42495 9076 23507 2863 87278 34464 82408 14445 25967 66369 57314 38457 8497 28280 82149 35036 15612 9526 9930 14984 43499 39572 24371 12384 67963 40571 8719 22559 24713 60936 19424 34133 8523 10678 4870 7917 43727 14086 6452 64585 26110 38475 3222 25424 1422 14708
is_linear=0
shrinkage=1


Tree=1
num_leaves=63
num_cat=0
split_feature=5 3 3 18 20 0 18 18 28 3 3 25 0 27 18 25 3 18 17 0 21 20 25 17 3 26 20 18 17 26 22 17 27 21 3 27 20 0 25 21 18 20 18 21 22 21 26 0 21 21 27 20 22 26 18 20 18 21 21 21 26 27
split_gain=1429.62 115.916 94.2174 41.6005 47.1855 25.196 16.7582 15.5677 12.3577 11.4961 10.0694 10.0002 9.5598 9.40695 8.63769 7.42774 6.58471 6.51056 5.82982 5.791 5.45955 6.98122 5.0838 5.0737 5.65842 4.81861 4.51808 4.28052 4.25455 4.18981 4.17271 4.00015 3.92552 3.80704 3.54981 3.29326 3.25821 3.22881 3.00473 2.87542 4.05499 2.75942 3.36978 2.74752 2.89885 2.21693 2.19325 2.09564 2.51871 1.86703 1.77374 2.98352 1.7209 1.71526 1.7097 1.6919 3.62032 3.20345 1.68102 1.60124 1.82908 1.55068
threshold=140.9145 6593.2000000000016 5684.7000000000016 2.5000000000000004 4.5000000000000009 151873.46741561705 1.0000000180025095e-35 1.5000000000000002 -1.0000000180025095e-35 5983.7500000000009 6335.0000000000009 44.373477090055182 200947.40966706726 0.006054202904005857 1.0000000180025095e-35 49.645480558772547 6335.0000000000009 1.5000000000000002 4.5000000000000009 484522.334528537 1.5000000000000002 6.5000000000000009 16.923911151840063 2.5000000000000004 5450.7000000000007 72.306440846969011 4.5000000000000009 1.0000000180025095e-35 3.5000000000000004 70.470689871759632 3.5000000000000004 1.0000000180025095e-35 0.0031017715737771952 1.0000000180025095e-35 5293.8000000000011 0.0057641868714962833 1.0000000180025095e-35 97783.098613016991 22.183019641471613 1.0000000180025095e-35 1.0000000180025095e-35 1.0000000180025095e-35 1.0000000180025095e-35 1.0000000180025095e-35 1.0000000180025095e-35 1.5000000000000002 33.463021696214888 104396.6704931748 1.0000000180025095e-35 1.5000000000000002 0.0037225107809869457 3.5000000000000004 1.5000000000000002 20.264741062633032 2.5000000000000004 1.0000000180025095e-35 1.0000000180025095e-35 1.5000000000000002 1.5000000000000002 1.0000000180025095e-35 83.362303588314987 0.005154651323279527
decision_type=2 2 2 2 2 2 2 2 2 2 2 2 2 2 2 2 2 2 2 2 2 2 2 2 2 2 2 2 2 2 2 2 2 2 2 2 2 2 2 2 2 2 2 2 2 2 2 2 2 2 2 2 2 2 2 2 2 2 2 2 2 2
left_child=2 7 5 4 11 6 22 10 -7 14 55 18 52 32 36 23 -9 28 38 30 -6 61 -1 24 29 27 39 -17 49 43 -15 -31 -5 -29 37 -18 58 -24 47 -12 46 42 45 53 -45 -11 -41 48 -3 -8 -14 -52 -13 -10 -16 56 57 -2 -4 60 -39 -22
right_child=1 3 9 13 20 8 17 16 15 41 26 12 50 19 54 25 35 -19 -20 -21 21 -23 34 -25 -26 -27 -28 33 -30 31 -32 -33 -34 -35 -36 -37 -38 59 -40 40 -42 -43 -44 44 -46 -47 -48 -49 -50 -51 51 -53 -54 -55 -56 -57 -58 -59 -60 -61 -62 -63
leaf_value=0.0037072353254042588 -0.00078133841294616025 -0.0040985249325754692 0.0011474831501812749 -0.001501526434544389 -0.0066802010230147986 0.0014889851566968707 0.0036755751433693537 -0.0014280014406433169 0.0052158706862379936 0.00023912457598640696 -0.0010274333146743731 -0.0023036419569444086 -0.002601457898211452 -0.0075656687404493453 0.0023810547420243557 0.002344443619601809 -0.0028062090114637024 0.0060341044326607807 -0.0028213221493200592 -0.0048309061438335044 -0.0034887722543153719 -0.0015794178985261897 0.0018569614362965265 0.0057804855662435834 0.0029899316981716142 0.0043675104689863478 -0.0034565757926479784 0.0017932171453311431 0.0011365569608810576 0.0072543019043783425 -0.0018679654211943191 0.0036337146939421335 -0.0046691224336335843 0.0045546535798576286 0.0015866180847405047 -0.0046915980380957296 0.002807319405771151 0.0024490045515447073 -0.0034476982476103731 -0.0029139542704212213 -0.0010709668745981016 0.0018353537808882278 0.0010407787484918258 0.0049452616159350333 0.0030089740869988792 -0.0013956981292290588 -0.0017774736641603161 -0.0042558055677591779 -0.0084879942214382536 0.006810032200783191 -0.0031174848889902059 -0.0056696296196934908 -0.0016379989591168134 0.0037275482795741592 0.003726116174117302 1.4858951949702079e-05 0.00014621414264394988 -0.0025098922646001158 -0.0004534302639473387 0.0035730679415399754 0.0051042278003650783 -0.0067748753826361446
leaf_weight=5246 19363 613 27680 1184 8589 6323 11805 5759 2059 22428 30996 15029 19329 6913 13883 16546 5753 3028 35067 3528 451 1387 20981 4005 12475 5963 2711 1674 1705 2053 337 1214 5624 4906 23360 3877 2907 24811 17783 6696 14363 3927 14859 12169 2298 2285 11599 6762 700 495 19916 1215 27435 32373 2847 12295 9440 3111 1743 4191 666 1760
leaf_count=5246 19363 613 27680 1184 8589 6323 11805 5759 2059 22428 30996 15029 19329 6913 13883 16546 5753 3028 35067 3528 451 1387 20981 4005 12475 5963 2711 1674 1705 2053 337 1214 5624 4906 23360 3877 2907 24811 17783 6696 14363 3927 14859 12169 2298 2285 11599 6762 700 495 19916 1215 27435 32373 2847 12295 9440 3111 1743 4191 666 1760
internal_value=-1.61019e-06 -0.00243014 0.0024823 -0.00326786 -0.00300803 0.00309183 0.00250892 -0.00127545 0.00363121 0.00116297 -0.00106809 -0.00275495 -0.00239762 -0.00557326 0.00168767 0.0037698 -0.00276544 0.00393179 -0.00324132 -0.00649234 -0.00599525 -0.00436016 0.00220313 0.00405354 0.00394655 0.0031002 -0.00145752 0.00277342 0.00347726 0.00417531 -0.00730082 0.00590891 -0.00411824 0.00385212 0.00209651 -0.00356526 0.00121042 0.00233168 -0.0038109 -0.00137238 -0.00169977 0.000571192 0.000445741 0.00405949 0.00463769 8.79665e-05 -0.00219343 -0.00461074 -0.00643868 0.00380172 -0.0029476 -0.00326423 -0.00187359 0.00381655 0.00260995 -0.000483485 -0.000675474 -0.00102062 0.00105265 0.0026674 0.00251842 -0.00610458
internal_weight=592490 299585 292905 173622 156036 200346 96288 125963 104058 92559 110574 143849 82924 17586 49060 97735 15389 17033 60925 10778 12187 3598 79255 68646 64641 29089 66365 23126 14005 52166 7250 3267 6808 6580 74009 9630 32330 50649 25858 63654 32658 43499 39572 48899 14467 24713 18295 8075 1313 12300 40460 21131 42464 34432 16730 44209 31914 22474 29423 29668 25477 2211
internal_count=592490 299585 292905 173622 156036 200346 96288 125963 104058 92559 110574 143849 82924 17586 49060 97735 15389 17033 60925 10778 12187 3598 79255 68646 64641 29089 66365 23126 14005 52166 7250 3267 6808 6580 74009 9630 32330 50649 25858 63654 32658 43499 39572 48899 14467 24713 18295 8075 1313 12300 40460 21131 42464 34432 16730 44209 31914 22474 29423 29668 25477 2211
is_linear=0
shrinkage=0.05


Tree=2
num_leaves=63
num_cat=0
split_feature=5 3 3 18 27 18 3 28 18 3 18 25 30 18 26 3 22 17 27 17 21 26 21 3 25 21 21 17 3 17 27 18 17 27 3 22 26 25 26 17 21 26 26 28 17 29 3 3 16 23 3 25 18 18 17 27 25 21 17 25 26 23
split_gain=1290.71 114.599 74.3117 39.2411 31.0444 22.3022 15.2923 14.2162 12.7808 10.0777 8.86564 8.70888 7.38814 6.18005 5.61637 5.61384 5.44713 9.00888 5.21636 5.19655 4.01973 4.01619 4.07152 4.94213 4.81498 3.99378 3.97013 3.80257 3.78671 3.4266 3.40639 3.24539 3.17939 3.0804 3.06286 2.64686 2.62213 2.43546 2.39549 2.34334 5.2934 2.13441 2.02811 1.90645 1.90263 1.87334 1.83468 1.67664 1.67246 1.64434 1.64267 1.6406 1.63622 1.63191 1.62625 1.49311 1.45112 1.38738 1.35401 1.31508 1.29461 1.29359
threshold=139.48850000000002 6559.9000000000005 5684.7000000000016 1.5000000000000002 0.0041377344593615702 1.0000000180025095e-35 6284.5000000000009 -1.0000000180025095e-35 1.5000000000000002 5450.7000000000007 1.0000000180025095e-35 43.303788698405384 17.500000000000004 1.5000000000000002 65.489141580406383 5935.4000000000005 1.5000000000000002 6.5000000000000009 0.0067946243851289374 3.5000000000000004 1.0000000180025095e-35 90.282657664694327 1.0000000180025095e-35 4952.9500000000016 14.488254266614266 1.0000000180025095e-35 1.0000000180025095e-35 2.5000000000000004 6762.0000000000009 4.5000000000000009 0.0040596271178116065 1.0000000180025095e-35 1.5000000000000002 0.0053707699281525419 4952.9500000000016 3.5000000000000004 39.558554857017462 22.183019641471613 48.991683760998932 10.500000000000002 1.5000000000000002 47.030452702029265 12.697231610339053 -1.0000000180025095e-35 6.5000000000000009 8.5000000000000018 5414.0000000000009 6788.1000000000013 -0.020000000000000014 1.0000000180025095e-35 6742.4000000000005 49.645480558772547 6.5000000000000009 2.5000000000000004 1.0000000180025095e-35 0.0031213435107332829 38.677946977781453 1.5000000000000002 5.5000000000000009 86.92270272321089 51.629729011186967 1.0000000180025095e-35
decision_type=2 2 2 2 2 2 2 2 2 2 2 2 2 2 2 2 2 2 2 2 2 2 2 2 2 2 2 2 2 2 2 2 2 2 2 2 2 2 2 2 2 2 2 2 2 2 2 2 2 2 2 2 2 2 2 2 2 2 2 2 2 2
left_child=2 6 5 11 52 7 -2 -1 26 12 20 28 21 19 38 53 17 50 44 25 48 22 24 32 60 34 -8 -15 -3 37 -19 41 -24 58 -7 57 -22 45 56 49 -41 -28 -26 -27 -6 -30 -45 -18 -4 -31 -13 61 -5 -12 -23 -51 -14 -20 -10 -25 -9 -44
right_child=1 3 10 4 18 13 8 9 33 -11 15 16 14 27 -16 -17 47 30 35 -21 36 54 23 59 42 43 31 -29 29 39 -32 -33 -34 -35 -36 -37 -38 -39 -40 40 -42 -43 51 46 -46 -47 -48 -49 -50 55 -52 -53 -54 -55 -56 -57 -58 -59 -60 -61 -62 -63
leaf_value=0.0013072775204454759 -0.00034787746101899014 -0.0025160902070984056 0.001358206985773073 -0.0017464516368491572 -0.0025667688630649152 0.0037307015415986933 -0.00087938556124604974 0.0035595798916627768 -0.00092942969335408569 0.0020059003404564236 0.002346047035937666 -0.0019470196019433332 0.0034783840869945914 0.002494157105134071 0.0058369990238620224 0.0012030464767675668 -0.0015988644454174418 -0.0026576551406676959 -0.0061047328966966742 0.0011321345712360957 -0.00048707962093575205 0.0064695416463990303 0.0047746547935702075 0.0024632229918738068 0.0044192113546736239 0.0028488665149148129 -0.0025128284487285161 0.005743039103641461 -0.0052790854327304185 -0.0028436282576964405 -0.0056100076027258347 -0.0011070976514693535 0.0027120071743974784 -0.004142088674073635 0.0017101985485033844 -0.0018441144077444985 0.00070859688614541608 -0.0035478920857224096 0.0039623629787950065 -0.0070874599807296147 -0.0018837535112552707 -0.0015004669727982775 0.0026943113165829773 0.0047602857616772347 -0.004909989150892048 -0.003182691705102061 0.00382522813198899 -0.00224786152591989 0.00065930469939367935 -0.0033378859973166707 -0.0027705472549666354 0.0020695902886310328 -0.0043032473628536669 0.0037652082203178013 0.002596135898339293 -0.0067185652719540453 0.0018501257589494777 -0.0075987292085400769 -0.0027947232024574942 0.0061836249772839399 0.0060841978753474408 0.00028765577580611048
leaf_weight=17052 43698 15623 24673 7232 967 4313 34138 875 1239 29182 12175 8125 2835 1048 3198 14914 13654 1325 12096 1870 7703 1069 7324 7787 1480 2452 11135 6405 4524 24217 3720 16855 2508 4476 3319 342 11329 12122 11522 1078 894 9779 55770 11191 8319 1394 9875 36701 13107 867 23771 14244 685 2430 363 524 2645 1783 4530 245 1210 564
leaf_count=17052 43698 15623 24673 7232 967 4313 34138 875 1239 29182 12175 8125 2835 1048 3198 14914 13654 1325 12096 1870 7703 1069 7324 7787 1480 2452 11135 6405 4524 24217 3720 16855 2508 4476 3319 342 11329 12122 11522 1078 894 9779 55770 11191 8319 1394 9875 36701 13107 867 23771 14244 685 2430 363 524 2645 1783 4530 245 1210 564
internal_value=-1.52968e-06 -0.00226103 0.0024088 -0.00307044 -0.00467567 0.00293724 -0.00110359 0.00267181 -0.00150557 0.00283472 0.00118246 -0.00273085 0.00304756 0.00398571 0.00391465 0.00188539 -0.00241017 -0.0028713 -0.00558771 0.00369218 0.000817226 0.00286011 0.00281922 0.00349683 0.00265595 0.00384586 -0.00127017 0.0052862 -0.00318793 -0.00341801 -0.00483461 -0.00162338 0.0042485 -0.0031578 0.00285203 -0.00618958 0.00022466 -0.00395381 0.00355306 -0.00306755 -0.00472838 -0.00203947 0.00258741 0.00416838 -0.00466598 -0.00478527 0.00432196 -0.00207188 0.00111574 -0.00293965 -0.00256077 0.002549 -0.00196767 0.00258217 0.00548767 -0.00461141 0.00269248 -0.00629666 -0.00239412 0.00257671 0.00502471 0.00267022
internal_weight=592490 305813 286677 179963 31424 200346 125850 159873 82152 142821 86331 148539 113639 40473 20200 29519 87296 36941 23507 33020 56812 93439 92007 17864 74143 31150 71907 7453 61243 45620 5045 37769 9832 10245 7632 14221 19032 18040 17002 27580 1972 20914 72058 23518 9286 5918 21066 50355 37780 25608 31896 70578 7917 14605 1432 1391 5480 13879 5769 8032 2085 56334
internal_count=592490 305813 286677 179963 31424 200346 125850 159873 82152 142821 86331 148539 113639 40473 20200 29519 87296 36941 23507 33020 56812 93439 92007 17864 74143 31150 71907 7453 61243 45620 5045 37769 9832 10245 7632 14221 19032 18040 17002 27580 1972 20914 72058 23518 9286 5918 21066 50355 37780 25608 31896 70578 7917 14605 1432 1391 5480 13879 5769 8032 2085 56334
is_linear=0
shrinkage=0.05


Tree=3
num_leaves=63
num_cat=0
split_feature=3 3 3 20 18 0 18 18 24 3 27 3 18 18 24 0 27 20 0 18 17 3 24 29 20 18 24 20 17 22 18 26 18 27 27 26 0 22 27 20 20 20 0 3 22 20 18 0 3 0 17 0 17 17 24 26 3 18 29 0 22 18
split_gain=1164.99 87.1459 85.7695 34.1215 39.7316 21.2778 14.9816 13.1948 10.9937 8.47336 7.69555 6.68527 5.69193 5.63942 5.26149 5.23324 4.70832 4.64764 4.54334 4.32063 4.79972 4.23282 4.40434 3.96953 3.86652 3.80038 4.64577 3.83018 3.78089 3.53751 3.52881 3.81997 3.33269 3.24528 2.96707 2.9612 2.63716 2.14696 2.14577 2.94005 2.00543 2.00405 1.83301 1.72986 1.67171 1.66732 1.84295 1.65531 1.64756 1.64875 1.60177 1.58046 1.7262 1.56414 1.54868 1.54225 1.52247 1.47335 1.47164 1.47013 1.39516 1.24745
threshold=6114.4500000000016 5768.7500000000009 6593.2000000000016 4.5000000000000009 2.5000000000000004 153712.86198200806 1.0000000180025095e-35 1.5000000000000002 60.941028550002507 6059.5500000000011 0.006054202904005857 6366.0000000000009 1.5000000000000002 1.0000000180025095e-35 60.941028550002507 484522.334528537 0.0041377344593615702 1.0000000180025095e-35 203593.67293744872 1.0000000180025095e-35 1.5000000000000002 5502.0500000000011 83.035423761354295 4.5000000000000009 4.5000000000000009 1.0000000180025095e-35 49.47800876788218 3.5000000000000004 3.5000000000000004 3.5000000000000004 1.0000000180025095e-35 74.204733893243585 1.0000000180025095e-35 0.0032163745652391529 0.0053707699281525419 20.264741062633032 72427.139998684099 1.0000000180025095e-35 0.0038356239116821458 3.5000000000000004 1.5000000000000002 1.5000000000000002 207786.81899077081 6810.3000000000002 1.5000000000000002 1.0000000180025095e-35 1.0000000180025095e-35 109958.62175365254 6366.0000000000009 468529.62639075407 2.5000000000000004 703512.22878528992 6.5000000000000009 1.5000000000000002 80.881073467656805 35.658598498077197 5450.7000000000007 2.5000000000000004 12.500000000000002 605210.3078708658 1.0000000180025095e-35 5.5000000000000009
decision_type=2 2 2 2 2 2 2 2 2 2 2 2 2 2 2 2 2 2 2 2 2 2 2 2 2 2 2 2 2 2 2 2 2 2 2 2 2 2 2 2 2 2 2 2 2 2 2 2 2 2 2 2 2 2 2 2 2 2 2 2 2 2
left_child=1 5 7 4 18 6 14 11 19 13 33 -2 28 17 -1 29 -9 50 25 35 -21 22 58 47 42 26 36 44 -8 37 31 -5 -23 -6 -29 53 40 -12 41 59 -4 -20 -13 -28 -27 46 55 -16 -18 -50 -3 52 -35 60 -25 -11 -37 -34 -10 -40 -7 -15
right_child=2 9 3 30 10 8 12 16 21 45 15 24 -14 61 23 -17 48 -19 38 20 -22 32 -24 54 -26 27 43 34 -30 -31 -32 -33 57 51 -36 56 -38 -39 39 -41 -42 -43 -44 -45 -46 -47 -48 -49 49 -51 -52 -53 -54 -55 -56 -57 -58 -59 -60 -61 -62 -63
leaf_value=0.0013817241291924037 -0.00054742122700123864 0.00083097362482424707 -0.0056797828575064907 -0.0052677897823278095 -0.0014083052495525565 0.0021009789100097979 0.0033907110568332957 -0.001499663424350502 0.0034689082599068475 -0.00079301772534051901 -0.002092564089203905 -0.0010075643937689448 0.0053516288412427193 0.0018640760330692998 0.0017486909944740673 -0.0042982743817106756 -0.0022032979105919967 0.0025185512015816671 -0.0026862860346248459 0.00073638522575807976 0.003827061349127732 0.0021089407734951751 0.0047152428858444478 0.0028338914707928577 -0.0032006681227758627 -0.0018574978286387243 -0.0014765740291708086 -0.0022755877568564407 0.0010034286411714766 -0.0016641663848436811 -0.0060613852107629278 -0.0019433285465601088 0.0032483109159836356 -0.0018528333276905699 -0.0055906259083538454 0.0022939879655146014 -0.002834531292584045 -0.0070831883491729187 -0.0030354697229291287 -0.004959933634197642 -0.0016151844617032414 -0.0018130922991833874 -0.0015705469207194156 -0.0022943091819430318 -0.00079577719834577362 0.0011884076279850178 0.0006467622921807046 0.0023587484495734491 -0.0042661098487424814 -0.0025396239139906275 -0.0002435004840476502 -0.002825595630707532 -0.0051014649523030966 0.0018867812647787273 0.0045867311798566219 0.00015619647631629979 0.0014355873113923983 0.005075974111154292 0.004312600577372489 -0.0021967486574248937 0.0042035705163786779 0.0031592936242977356
leaf_weight=28011 44286 24376 1447 2888 1251 1045 13341 5743 41645 6101 223 31151 3418 14802 25897 3528 2362 3901 25046 1461 8960 7694 10274 9850 2711 6276 9609 3540 1894 337 8345 1233 4959 461 834 11701 17789 6411 33156 1818 384 8908 26981 19781 9059 4521 12333 19486 4569 1983 4044 1477 3619 1679 1445 14331 9248 1418 5901 6202 3220 2126
leaf_count=28011 44286 24376 1447 2888 1251 1045 13341 5743 41645 6101 223 31151 3418 14802 25897 3528 2362 3901 25046 1461 8960 7694 10274 9850 2711 6276 9609 3540 1894 337 8345 1233 4959 461 834 11701 17789 6411 33156 1818 384 8908 26981 19781 9059 4521 12333 19486 4569 1983 4044 1477 3619 1679 1445 14331 9248 1418 5901 6202 3220 2126
internal_value=-1.45319e-06 0.00219454 -0.00223991 -0.00294998 -0.00275503 0.00273913 0.00222486 -0.00121071 0.00322578 0.000856928 -0.00501841 -0.00101477 0.00350763 0.00128743 0.00194232 -0.00586743 -0.00261613 0.000900219 -0.00248272 0.00252944 0.00339376 0.00358721 0.00377647 0.00221938 -0.00135494 -0.0021889 -0.0024247 -0.00160256 0.00309393 -0.00666157 -0.00547022 -0.00427311 0.00280949 -0.0037091 -0.00290767 0.00219452 -0.00302051 -0.00691543 -0.00275146 -0.00299411 -0.00482735 -0.0024572 -0.00126886 -0.00202695 -0.0012303 0.0002883 0.000164101 0.00201063 -0.00333544 -0.00374358 0.000678082 -0.00422706 -0.0047344 0.0031795 0.00305814 -0.000127239 0.00191504 0.00365471 0.00357362 -0.0029033 0.0036884 0.00202674
internal_weight=592490 299082 293408 173622 161156 212547 103342 119786 109205 86535 17307 105129 18653 49249 84689 10499 14657 32321 143849 37314 10421 71891 57820 56678 60843 68719 49010 19709 15235 6971 12466 4121 14071 6808 4374 26893 19620 6634 75130 41176 1831 33954 58132 29390 15335 37286 32765 45383 8914 6552 28420 5557 4080 5944 11295 20432 20949 6377 47546 39358 4265 16928
internal_count=592490 299082 293408 173622 161156 212547 103342 119786 109205 86535 17307 105129 18653 49249 84689 10499 14657 32321 143849 37314 10421 71891 57820 56678 60843 68719 49010 19709 15235 6971 12466 4121 14071 6808 4374 26893 19620 6634 75130 41176 1831 33954 58132 29390 15335 37286 32765 45383 8914 6552 28420 5557 4080 5944 11295 20432 20949 6377 47546 39358 4265 16928
is_linear=0
shrinkage=0.05


Tree=4
num_leaves=63
num_cat=0
split_feature=5 3 3 18 27 20 0 18 3 28 18 25 18 0 0 25 3 21 3 18 20 20 25 3 0 3 17 25 21 21 17 18 17 30 18 20 25 17 3 21 27 23 22 26 27 17 18 26 30 26 21 0 21 0 0 17 27 17 3 5 20 3
split_gain=1051.98 93.6859 61.0525 33.8149 25.6656 22.148 20.0979 12.2618 11.1877 9.87836 9.06024 8.20535 8.14554 6.84552 6.78673 5.75894 5.39457 5.36284 5.19664 4.72995 4.58264 4.42396 4.37264 4.34455 4.29856 4.09605 4.15965 3.56521 3.30706 3.12297 3.01576 4.14295 2.9971 2.93996 2.88634 3.21519 2.75403 2.61789 2.55788 2.34522 2.25872 1.94103 1.93481 1.86031 1.85507 1.84384 1.81613 1.76172 1.68511 1.68811 1.66788 1.62077 1.7332 1.60624 1.5212 2.87922 1.51819 1.49972 1.48291 1.47747 1.46866 1.46016
threshold=139.48850000000002 6527.6000000000013 5650.3000000000011 1.5000000000000002 0.0041377344593615702 4.5000000000000009 151873.46741561705 1.0000000180025095e-35 6284.5000000000009 -1.0000000180025095e-35 1.5000000000000002 49.842032466646053 1.0000000180025095e-35 199570.91652750914 533358.46608628461 22.183019641471613 5886.9500000000007 1.5000000000000002 5293.8000000000011 1.5000000000000002 1.0000000180025095e-35 6.5000000000000009 16.923911151840063 5830.1500000000005 136198.15831771065 6762.0000000000009 4.5000000000000009 27.257703399610858 1.0000000180025095e-35 1.0000000180025095e-35 1.0000000180025095e-35 1.0000000180025095e-35 3.5000000000000004 14.500000000000002 1.0000000180025095e-35 2.5000000000000004 97.961027016796464 2.5000000000000004 4952.9500000000016 1.5000000000000002 0.0057641868714962833 1.0000000180025095e-35 1.0000000180025095e-35 47.030452702029265 0.0056564489441892308 2.5000000000000004 2.5000000000000004 57.98865496168272 36.500000000000007 19.972149105623817 1.5000000000000002 95846.83658813838 1.0000000180025095e-35 183652.3765976998 102416.78988930429 3.5000000000000004 0.0030832624120077125 6.5000000000000009 6788.1000000000013 181.25600000000003 1.0000000180025095e-35 7099.2000000000016
decision_type=2 2 2 2 2 2 2 2 2 2 2 2 2 2 2 2 2 2 2 2 2 2 2 2 2 2 2 2 2 2 2 2 2 2 2 2 2 2 2 2 2 2 2 2 2 2 2 2 2 2 2 2 2 2 2 2 2 2 2 2 2 2
left_child=2 8 6 5 56 11 7 22 60 -8 29 25 20 58 24 30 46 -7 28 32 23 61 -1 -4 -6 -3 27 54 48 -10 47 -32 50 36 43 53 38 -20 51 -25 -12 -28 -30 -31 57 -33 -14 -11 49 -17 -9 -24 -53 -36 55 -27 -5 -26 -13 -46 -2 -19
right_child=1 3 12 4 14 17 9 19 10 15 40 13 16 -15 -16 18 -18 21 37 -21 -22 -23 33 39 44 26 41 -29 42 34 31 45 -34 -35 35 -37 -38 -39 -40 -41 -42 -43 -44 -45 59 -47 -48 -49 -50 -51 -52 52 -54 -55 -56 -57 -58 -59 -60 -61 -62 -63
leaf_value=0.0033116848180993193 -0.00047792458506467023 -0.0020538403496964987 0.0012289598583564208 -0.001300553071537894 -0.0030783804361867737 -0.0055938745348125775 0.001205671424814485 0.0031556542952263927 -0.00075082919558617763 0.0035485348446526034 -0.0021847364192007289 -0.00097248724724299242 0.0022349644318124828 -0.0024122972727948127 -0.0035538824233096581 0.0047638803857173199 0.0011653289410550271 -0.0061346778291729558 0.0024119644931146996 0.0052383312292658205 0.0020611734574650866 -0.0011090412613491915 0.0015456432311563046 0.00043068485080232819 -0.0018729123892740611 -0.0025087823808491757 -0.0023810918082988425 -0.002954302534017903 0.0044143875322227941 -0.0023095699596651646 0.0026956825968321241 0.004182751289612781 0.0009805398205378975 0.0026364817107874458 0.00027633747081164659 -0.0025415629572357497 0.0057284585658617946 0.0039269671075629368 0.001327981396332564 -0.0009731997007095312 -0.003797150511892387 -0.0041555381706846351 0.0030461480332982034 -0.0013227340022440833 -0.0053971531211115774 0.0060919473879591348 0.0037671595024990853 0.0065144305107084884 0.00415569869680457 0.0030008356651674978 0.0061733376047333833 0.0020955252059761805 0.0036185432327027305 -0.00095964731221175471 -0.0039615772031771886 -0.0077344364575550372 -0.0027675818803445783 -0.0050899881775843632 -0.0016460476029383315 -0.0064626929474631391 0.0001925945466340469 -0.0028482121202649223
leaf_weight=5041 32827 21084 19586 5473 1660 6444 6023 11427 31669 672 6007 12278 12210 33106 5897 1416 17015 952 24972 2867 6255 1495 13186 31784 414 403 27978 16634 10654 10203 4456 5051 1614 8957 3671 2581 415 3219 31943 3282 3402 1631 3411 8978 5655 1687 2298 1964 4016 32997 477 15661 2121 9257 6364 762 2602 2899 24432 7660 10871 524
leaf_count=5041 32827 21084 19586 5473 1660 6444 6023 11427 31669 672 6007 12278 12210 33106 5897 1416 17015 952 24972 2867 6255 1495 13186 31784 414 403 27978 16634 10654 10203 4456 5051 1614 8957 3671 2581 415 3219 31943 3282 3402 1631 3411 8978 5655 1687 2298 1964 4016 32997 477 15661 2121 9257 6364 762 2602 2899 24432 7660 10871 524
internal_value=-1.38054e-06 -0.00204124 0.00217465 -0.00274196 -0.00421398 -0.00243377 0.00267798 0.00215118 -0.00094825 0.00316899 -0.00131571 -0.00228085 0.00111686 -0.00189094 -0.00502889 0.00329411 0.00176931 -0.0047836 0.00313252 0.00339367 0.000779186 -0.00302615 0.0018879 0.000632461 -0.00550451 -0.0026445 -0.0028761 -0.00336291 0.00342658 -0.00110982 0.00423681 0.00387852 0.00300244 0.00178861 -0.00143756 -0.00093035 0.00166868 0.00258496 0.0016419 0.000299288 -0.00276773 -0.00247884 0.00408257 -0.00184766 -0.00574672 0.00466076 0.00247766 0.00575833 0.00318649 0.00307338 0.00327657 0.0019657 0.00227719 -0.00060868 -0.00426566 -0.00592676 -0.00177327 -0.00468798 -0.00142077 -0.00601015 -0.000311116 -0.00496794
internal_weight=592490 305813 286677 186347 32260 154087 194247 93709 119466 100538 75768 144672 92430 69816 24185 94515 31523 9415 80685 16385 60907 2971 77324 54652 18288 74856 53772 24163 52494 66359 13830 11194 13518 72283 34690 15509 63326 28191 62911 35066 9409 29609 14065 19181 16628 6738 14508 2636 38429 34413 11904 30968 17782 12928 7529 1165 8075 3313 36710 13315 43698 1476
internal_count=592490 305813 286677 186347 32260 154087 194247 93709 119466 100538 75768 144672 92430 69816 24185 94515 31523 9415 80685 16385 60907 2971 77324 54652 18288 74856 53772 24163 52494 66359 13830 11194 13518 72283 34690 15509 63326 28191 62911 35066 9409 29609 14065 19181 16628 6738 14508 2636 38429 34413 11904 30968 17782 12928 7529 1165 8075 3313 36710 13315 43698 1476
is_linear=0
shrinkage=0.05


Tree=5
num_leaves=63
num_cat=0
split_feature=5 3 3 18 27 20 0 18 3 28 3 18 18 24 3 0 21 18 3 20 0 24 30 18 22 21 21 21 18 0 0 17 18 20 20 18 27 30 18 22 17 19 27 18 21 20 17 18 0 21 0 21 5 24 21 0 9 21 21 27 3 24
split_gain=949.598 83.9524 55.2936 30.5073 23.1956 19.84 18.6818 10.5753 10.1005 8.51772 8.46136 7.62405 7.32007 7.01975 6.36311 6.26288 4.96876 4.18997 4.08543 3.9478 3.49089 3.46747 3.26126 3.25041 2.91316 2.80694 2.69225 2.65087 6.36399 3.70884 3.09544 2.63146 2.26282 2.91111 2.25774 2.73807 2.00338 1.9976 1.99381 1.98404 1.95406 1.93632 1.86408 1.84504 2.21387 1.7089 1.65571 1.95601 1.64908 1.63953 1.58322 1.58197 1.56091 1.51907 1.48841 1.48557 1.4627 1.40711 1.3942 1.7597 1.35524 1.31919
threshold=139.48850000000002 6527.6000000000013 5617.1500000000005 1.5000000000000002 0.0043567856707165172 4.5000000000000009 151873.46741561705 1.0000000180025095e-35 6304.4500000000016 -1.0000000180025095e-35 5935.4000000000005 1.5000000000000002 1.0000000180025095e-35 81.209163264113684 6742.4000000000005 533358.46608628461 1.5000000000000002 1.5000000000000002 5293.8000000000011 6.5000000000000009 136198.15831771065 60.941028550002507 10.500000000000002 2.5000000000000004 2.5000000000000004 1.0000000180025095e-35 1.0000000180025095e-35 1.0000000180025095e-35 1.0000000180025095e-35 104396.6704931748 210727.90555787133 3.5000000000000004 1.0000000180025095e-35 3.5000000000000004 1.0000000180025095e-35 1.0000000180025095e-35 0.0054619003799789108 36.500000000000007 2.5000000000000004 1.0000000180025095e-35 3.5000000000000004 1.0000000180025095e-35 0.0032163745652391529 1.0000000180025095e-35 1.0000000180025095e-35 1.0000000180025095e-35 1.0000000180025095e-35 1.0000000180025095e-35 108100.09987019116 1.5000000000000002 235723.19924998403 5.5000000000000009 179.96850000000003 81.209163264113684 1.0000000180025095e-35 83957.134976897636 -1.0000000180025095e-35 1.5000000000000002 1.0000000180025095e-35 0.0023008866250400378 7099.2000000000016 71.823590771906268
decision_type=2 2 2 2 2 2 2 2 2 2 2 2 2 2 2 2 2 2 2 2 2 2 2 2 2 2 2 2 2 2 2 2 2 2 2 2 2 2 2 2 2 2 2 2 2 2 2 2 2 2 2 2 2 2 2 2 2 2 2 2 2 2
left_child=2 8 6 5 42 14 7 21 56 -8 12 26 45 18 50 20 -7 31 25 60 -6 54 48 43 27 37 -10 30 29 40 -16 57 -28 -34 35 49 -13 -11 -14 -27 -29 52 -5 58 -45 53 -15 -48 -23 -12 -3 55 -22 -4 -1 -26 -2 -9 59 -20 -18 -24
right_child=1 3 10 4 15 16 9 17 11 13 34 36 38 46 24 -17 19 -19 23 -21 41 22 61 -25 51 39 32 28 -30 -31 -32 -33 33 -35 -36 -37 -38 -39 -40 -41 -42 -43 -44 44 -46 -47 47 -49 -50 -51 -52 -53 -54 -55 -56 -57 -58 -59 -60 -61 -62 -63
leaf_value=0.001149709453606893 -9.0462461125441395e-05 -0.0013091135663888796 0.00087706871971186806 -0.0012745624636643143 -0.0029987286332290122 -0.0053114506725200185 0.0011691861886514007 0.0030125766449931 -0.0007437205394677281 0.0028811196833489613 0.00028007839338703569 -0.0020250503693190597 0.00209960107604438 0.0052169507246468041 -0.0018052680328179815 -0.0033742594849544938 -0.0058718217384640149 0.0050364613229172128 0.0015523784636836042 -0.0010537064678391719 -0.0048948655734794783 0.0015864570953735458 0.0026233780133395608 0.0056016351410178057 -0.003076241334044431 0.0041419204877312897 -0.0017877860020598796 -0.0028780331596928795 -0.0021906949015756067 -0.003252216541230929 -0.0027599191450162607 0.00089386139915536623 -0.00068315101878108303 -0.0029146107865074479 0.0017264371363128858 0.001009868437313505 -0.0035585929214298263 0.0040148777453417077 0.0035075961112856027 0.0027414634776797677 -0.0069454502218446708 -0.00073855754988006231 -0.0028153462573910605 0.0014645238981743451 0.0034857753505591078 0.0023663985792806794 0.0031278048540190626 0.0045127924593517969 0.0022041134863758469 -0.0011145204606703271 -0.0019796303976088617 -2.5111495815069903e-05 -0.0059262502314787122 0.0018304361311991734 0.0023690654564968486 -0.0019201109245486612 -0.00063087358862548354 0.0059081951899607795 0.0013961627292329115 0.0028250722956645775 -0.0026829831804568082 0.0041851917310130101
leaf_weight=20229 25028 21107 29022 5752 1530 6446 5643 11122 28857 33375 22247 5029 15639 3187 20108 5679 915 2681 4189 1515 5690 24160 6761 802 3066 11339 17691 405 20575 18072 14698 1497 12621 1653 3941 14742 3694 4397 2996 3255 1090 211 2980 1765 5828 2510 4490 5898 19552 2328 15103 1016 10325 4881 2856 29637 25057 436 5198 7724 524 1690
leaf_count=20229 25028 21107 29022 5752 1530 6446 5643 11122 28857 33375 22247 5029 15639 3187 20108 5679 915 2681 4189 1515 5690 24160 6761 802 3066 11339 17691 405 20575 18072 14698 1497 12621 1653 3941 14742 3694 4397 2996 3255 1090 211 2980 1765 5828 2510 4490 5898 19552 2328 15103 1016 10325 4881 2856 29637 25057 436 5198 7724 524 1690
internal_value=3.10322e-07 -0.00193598 0.00206976 -0.0025993 -0.00399999 -0.00230725 0.00257206 0.00205728 -0.000902202 0.00305446 0.00110879 -0.00129209 0.00152 0.0031708 -0.00216282 -0.00481957 -0.00453325 0.00323606 0.00298789 -0.00283513 -0.00528183 0.00181077 0.00203656 0.00246897 -0.0023541 0.00324064 -0.00109383 -0.00252774 -0.00280464 -0.00345021 -0.0022084 0.00286633 -0.00140991 -0.000941565 0.000585503 0.000471139 -0.00267447 0.0030131 0.00232597 0.00382957 -0.00584357 -0.00549711 -0.00180039 0.00236727 0.00301593 0.00110752 0.00422002 0.00391416 0.00186273 0.000147967 -0.00158878 -0.00196814 -0.00555981 0.00101432 0.00130056 -0.0020285 -0.000360824 0.00312181 0.00207942 0.00237755 -0.00471063 0.0029357
internal_weight=592454 306074 286380 186444 32167 154277 188074 90984 119630 97090 98306 69545 55048 91447 144877 23435 9400 15736 77872 2954 17756 75248 52163 25506 108667 52366 60822 74948 40142 19567 34806 13055 31965 14274 43258 39317 8723 37772 18635 14594 1495 16226 8732 24704 7593 36413 13575 10388 43712 24575 36210 33719 16015 33903 23085 32703 50085 11558 17111 11913 1439 8451
internal_count=592454 306074 286380 186444 32167 154277 188074 90984 119630 97090 98306 69545 55048 91447 144877 23435 9400 15736 77872 2954 17756 75248 52163 25506 108667 52366 60822 74948 40142 19567 34806 13055 31965 14274 43258 39317 8723 37772 18635 14594 1495 16226 8732 24704 7593 36413 13575 10388 43712 24575 36210 33719 16015 33903 23085 32703 50085 11558 17111 11913 1439 8451
is_linear=0
shrinkage=0.05


Tree=6
num_leaves=63
num_cat=0
split_feature=5 3 1 20 0 0 27 3 28 26 3 21 26 3 21 20 17 17 0 5 21 30 17 17 26 0 17 22 20 28 28 17 20 20 21 17 0 21 21 26 21 2 17 27 20 22 21 22 21 21 21 21 26 30 21 17 20 26 22 3 17 21
split_gain=857.279 82.806 43.336 27.0941 16.8603 11.6767 11.2881 9.73577 7.68725 7.24067 5.96 5.57939 4.79335 4.10925 4.05835 5.26507 3.68531 3.64563 5.42974 3.62923 3.43131 3.19589 2.76647 2.94528 2.68832 2.67476 2.53192 2.59563 2.50384 2.46884 2.45782 2.38216 2.25879 2.24826 1.86796 1.94832 1.84272 1.81696 2.03839 1.78747 1.7557 1.75174 1.73237 1.73158 1.72655 1.75246 1.68355 1.63671 1.578 2.12179 1.49651 2.43071 1.44906 1.54918 1.44337 2.26424 1.34815 1.34077 1.32594 1.31192 1.28365 1.23507
threshold=138.16400000000002 6495.3500000000013 6.3350000000000009 4.5000000000000009 151873.46741561705 206397.42197495952 0.0053221282251455443 6276.8000000000002 -1.0000000180025095e-35 54.66450505507337 5858.3000000000002 1.0000000180025095e-35 72.658058523859196 6810.3000000000002 1.5000000000000002 6.5000000000000009 10.500000000000002 5.5000000000000009 484522.334528537 115.06150000000001 1.0000000180025095e-35 14.500000000000002 1.0000000180025095e-35 2.5000000000000004 93.933378629101995 90710.052401173903 2.5000000000000004 1.0000000180025095e-35 1.0000000180025095e-35 -1.0000000180025095e-35 -0.0077547338722385164 3.5000000000000004 1.5000000000000002 3.5000000000000004 2.5000000000000004 6.5000000000000009 205030.2629957092 2.5000000000000004 1.0000000180025095e-35 39.78258077583488 2.5000000000000004 2.1500000000000008 2.5000000000000004 0.0023913583802915371 1.0000000180025095e-35 2.5000000000000004 1.5000000000000002 1.0000000180025095e-35 2.5000000000000004 1.0000000180025095e-35 1.0000000180025095e-35 2.5000000000000004 21.95178916098666 36.500000000000007 1.0000000180025095e-35 4.5000000000000009 1.0000000180025095e-35 48.991683760998932 1.5000000000000002 6708.9500000000016 2.5000000000000004 2.5000000000000004
decision_type=2 2 2 2 2 2 2 2 2 2 2 2 2 2 2 2 2 2 2 2 2 2 2 2 2 2 2 2 2 2 2 2 2 2 2 2 2 2 2 2 2 2 2 2 2 2 2 2 2 2 2 2 2 2 2 2 2 2 2 2 2 2
left_child=2 7 10 5 11 13 32 56 -6 34 26 21 19 48 41 -16 33 -11 40 20 43 24 -14 -24 57 -13 -1 -28 31 -27 50 39 44 36 35 -8 37 38 -9 -12 -19 -5 -21 -10 -7 59 54 -22 49 -3 -15 -52 -45 -54 -32 -56 61 -4 -37 -46 -49 -2
right_child=1 3 4 14 8 6 9 16 12 17 28 25 22 30 15 -17 -18 18 -20 42 47 -23 23 -25 -26 29 27 -29 -30 -31 46 -33 -34 -35 -36 58 -38 -39 -40 -41 -42 -43 -44 52 45 -47 -48 60 -50 -51 51 -53 53 -55 55 -57 -58 -59 -60 -61 -62 -63
leaf_value=0.0013243415479752881 -0.00045357302140829097 -0.0011193152208908209 0.0011783708282401728 -0.0042393467924336991 0.0011107268706489152 -0.0014811996465439042 -0.0027998194502503251 -0.00051815154915498083 0.0018353772153478867 -0.0025947595023138037 -9.1689698247650531e-05 0.0018067221284420864 0.005064200033482234 -0.0021218381441137969 -0.0047022461294898722 -0.00096287800555421759 -0.0028838715899581384 -0.005622663870552741 -0.003284119118218817 0.0022481338659411185 0.0039531322208380707 0.0026304092811108982 0.0025593715759879673 0.004799818407972372 0.0053804873266482707 0.0015349778089845576 0.0029636759217019789 0.0014316226705078762 0.0018647839881440718 0.0032696478809746778 -0.0018279693932083268 0.0012396783113064254 -0.001720632194393243 -0.0021221211264140704 -0.0021022930787766231 -0.0059042224768350053 -0.0012387503518776035 0.00074503770051760577 -0.0013347454934543855 0.00068182267276602042 -0.0025792510015546933 -0.0056248748972601431 0.0036810727757507276 0.0042786954043034951 -0.0022075832799502647 -0.0018385450555449866 -0.0011014379306476605 0.0023384434431742416 4.5013733105741448e-05 -0.0019979209980912705 -0.0035301668437433503 -0.00076687610862466731 0.0027562421408254718 0.0038555019215023622 -0.0037072323827896554 -0.002020675203859605 0.00034633142056211477 0.0017150291403939752 -0.0034871027492706513 -0.0028749922491801481 0.0045137324972215264 0.00036587007470802088
leaf_weight=31744 28524 17368 15866 3588 5643 4486 10406 21591 3835 2957 11453 6719 3966 6212 2376 1559 2819 6868 5045 22634 13435 8636 4007 2314 467 2429 5567 5492 4532 13186 22375 11841 15713 4515 7421 892 33041 1998 11829 21469 509 6264 2326 1951 10696 7841 5594 3167 1836 11370 6295 911 29351 3598 2972 6023 9717 43681 1559 23630 863 5482
leaf_count=31744 28524 17368 15866 3588 5643 4486 10406 21591 3835 2957 11453 6719 3966 6212 2376 1559 2819 6868 5045 22634 13435 8636 4007 2314 467 2429 5567 5492 4532 13186 22375 11841 15713 4515 7421 892 33041 1998 11829 21469 509 6264 2326 1951 10696 7841 5594 3167 1836 11370 6295 911 29351 3598 2972 6023 9717 43681 1559 23630 863 5482
internal_value=2.94802e-07 -0.00180124 0.0020083 -0.00244234 0.00244345 -0.00227782 -0.00264484 -0.000767218 0.00290174 -0.00335444 0.00111967 0.00195442 0.00301226 -0.00183342 -0.00457813 -0.00322075 -0.00110997 -0.0041726 -0.00454819 0.00288338 0.0031062 0.00173109 0.00402905 0.00337956 0.00160167 0.00264088 0.00155132 0.00220284 0.000744866 0.00299981 -0.00211092 0.00063148 -0.00223913 -0.00104145 -0.00273395 -0.00309854 -0.000970173 -0.000719621 -0.000807185 0.000412731 -0.00541267 -0.00512028 0.00238167 0.00284386 -0.00241376 -0.00251297 -0.00190052 0.00368804 -0.00137614 -0.00146693 -0.00269056 -0.00318082 0.00295468 0.00287628 -0.00204301 -0.00257792 -0.00017306 0.00157204 -0.00436677 -0.00266703 0.00280427 -0.000321473
internal_weight=592454 312282 280172 192766 188074 178979 98023 119516 97090 35657 92098 90984 91447 80956 13787 3935 75793 15379 12422 81160 56200 68650 10287 6321 60014 22334 42803 11059 49295 15615 50382 44763 62366 72974 20278 12857 68459 35418 33420 32922 7377 9852 24960 38735 46653 42167 36964 17465 30574 28738 13418 7206 34900 32949 31370 8995 43723 59547 2451 34326 4030 34006
internal_count=592454 312282 280172 192766 188074 178979 98023 119516 97090 35657 92098 90984 91447 80956 13787 3935 75793 15379 12422 81160 56200 68650 10287 6321 60014 22334 42803 11059 49295 15615 50382 44763 62366 72974 20278 12857 68459 35418 33420 32922 7377 9852 24960 38735 46653 42167 36964 17465 30574 28738 13418 7206 34900 32949 31370 8995 43723 59547 2451 34326 4030 34006
is_linear=0
shrinkage=0.05


Tree=7
num_leaves=63
num_cat=0
split_feature=5 3 3 20 18 18 0 3 18 25 3 0 27 3 25 25 24 17 25 24 27 24 0 21 20 18 20 20 29 25 18 17 27 26 17 21 24 25 17 0 3 17 24 29 21 18 20 28 0 0 21 20 26 18 21 21 20 18 21 26 17 26
split_gain=773.926 62.9183 51.7533 22.6642 26.1108 15.2067 13.5896 10.4241 10.2346 6.97054 6.24465 5.86929 5.47245 4.79339 4.60237 4.37422 5.62151 4.09042 4.04806 4.41177 4.02943 3.97761 3.87212 3.6137 3.80679 3.54186 3.17011 3.05201 2.49434 2.37786 2.30672 2.46155 2.23557 2.13567 2.29177 2.10227 1.96436 2.40208 1.87882 1.87763 1.87401 1.86451 1.82655 1.78643 1.68842 2.69722 1.95354 1.6787 1.66314 1.60756 1.84057 1.59982 1.47949 1.45176 1.41059 1.37812 1.37286 3.34174 3.14266 1.47034 1.413 1.31047
threshold=140.9145 6627.0000000000009 5768.7500000000009 4.5000000000000009 2.5000000000000004 1.0000000180025095e-35 154652.27109366821 5414.0000000000009 1.5000000000000002 45.551147317904245 6366.0000000000009 200947.40966706726 0.006054202904005857 6025.6500000000005 21.690229015155001 16.923911151840063 60.941028550002507 4.5000000000000009 49.645480558772547 75.61417999482633 0.0037225107809869457 81.209163264113684 460676.92587072827 1.5000000000000002 6.5000000000000009 1.0000000180025095e-35 4.5000000000000009 1.0000000180025095e-35 4.5000000000000009 27.257703399610858 1.5000000000000002 2.5000000000000004 0.0035412156963754919 76.717570645409396 1.0000000180025095e-35 1.0000000180025095e-35 80.407710744626755 48.437888756385043 3.5000000000000004 136198.15831771065 6393.0500000000011 2.5000000000000004 80.881073467656805 8.5000000000000018 1.0000000180025095e-35 1.0000000180025095e-35 1.5000000000000002 -0.00094146057586808041 460676.92587072827 103390.47157934542 1.0000000180025095e-35 1.0000000180025095e-35 23.455665173384805 1.0000000180025095e-35 1.5000000000000002 1.5000000000000002 1.0000000180025095e-35 1.0000000180025095e-35 1.5000000000000002 33.463021696214888 6.5000000000000009 93.283108211258707
decision_type=2 2 2 2 2 2 2 2 2 2 2 2 2 2 2 2 2 2 2 2 2 2 2 2 2 2 2 2 2 2 2 2 2 2 2 2 2 2 2 2 2 2 2 2 2 2 2 2 2 2 2 2 2 2 2 2 2 2 2 2 2 2
left_child=2 8 5 4 9 6 15 18 10 17 56 -11 32 25 41 -1 -17 29 33 -20 -10 30 39 -5 -25 27 44 -4 52 43 38 -32 -6 47 -35 36 37 -9 -16 -14 -22 -7 -30 49 -12 46 55 -8 -42 50 -3 53 -18 54 -15 -46 57 58 59 -2 -58 -54
right_child=1 3 13 23 12 14 7 35 20 11 26 -13 22 51 21 16 28 -19 19 -21 40 -23 -24 24 -26 -27 -28 -29 42 -31 31 -33 -34 34 -36 -37 -38 -39 -40 -41 48 -43 -44 -45 45 -47 -48 -49 -50 -51 -52 -53 61 -55 -56 -57 60 -59 -60 -61 -62 -63
leaf_value=0.0028981390758341186 -0.0014630247485672499 -0.0035077991626513913 0.00058445409487975465 -0.0050738211445704173 -0.00125190926720702 0.0035470763753227838 0.00043707071539174309 0.0023343209432628046 -0.0010019059263534427 -0.0013045813458177819 -0.00078083626603447052 -0.002174912005565154 -0.0025547819990171371 0.00010749525579330911 0.002404432886645482 0.00086001694896341665 0.0036602516731721402 -0.0020898852698796062 0.0014102895332515891 0.0033736570698557435 -0.0017676240448986674 0.0037074048399278084 -0.0035876225852470886 -0.0044920092836144036 -0.0010853422204236266 0.0017356354747768326 -0.0026870330648839742 0.0021762708791467338 0.0022237985429823543 -0.0025440889584464436 0.0011329523903794959 0.0041064501442814802 -0.0034982622863271281 0.0055996245903905031 0.0018791065072972216 0.00093066042185830679 0.0030915878912581417 0.0010219135729007422 0.00072112655819010752 -0.0058578942276771989 -0.0036641485100126696 0.0050287199856020029 0.004308435019731994 -0.0023384100310845381 -0.0015967868266624436 -0.00078310445280279522 -0.00055915414643131767 0.003029155116241077 -0.0020574036867415974 -0.003544375083500563 -0.0070411439057592937 0.0013689248538385056 0.0015296692261883612 0.00065292521011446928 -0.0012863557992846464 -0.0026076167829437256 0.00020803682432651101 0.00020279600919854729 -0.0022341814358633728 -0.00042904142514714163 -0.0014830554080733161 0.0040719215559467245
leaf_weight=5836 4276 694 24714 8555 1413 6836 634 6971 5252 39774 30655 37763 464 19259 19816 25049 855 35141 8611 4285 3714 8765 3720 2089 1350 14717 3091 3429 9216 16238 867 3529 5124 1563 563 7703 2983 6975 1809 5912 4986 3080 1186 2391 10079 14274 3110 42207 2379 6000 786 3381 42679 12630 2004 5067 12473 10542 3558 17548 1371 513
leaf_count=5836 4276 694 24714 8555 1413 6836 634 6971 5252 39774 30655 37763 464 19259 19816 25049 855 35141 8611 4285 3714 8765 3720 2089 1350 14717 3091 3429 9216 16238 867 3529 5124 1563 563 7703 2983 6975 1809 5912 4986 3080 1186 2391 10079 14274 3110 42207 2379 6000 786 3381 42679 12630 2004 5067 12473 10542 3558 17548 1371 513
internal_value=2.80063e-07 -0.00178526 0.00182928 -0.00242937 -0.00226776 0.00223756 0.00201928 0.00247688 -0.000970662 -0.0020434 -0.000805733 -0.00172846 -0.0041398 0.000746464 0.00305705 0.0015769 0.00147991 -0.00244209 0.00284359 0.00206266 -0.00214261 0.00278618 -0.00486958 -0.00452356 -0.0031547 0.00110709 -0.00112357 0.000778404 0.00176509 -0.00291612 0.00247587 0.00352 -0.0030127 0.00306756 0.00461437 0.00161544 0.00192702 0.00167793 0.00226362 -0.00561752 -0.00268336 0.00400729 0.00246148 -0.00352813 -0.00104709 -0.001298 -0.00170058 0.0029908 -0.00314515 -0.00390842 -0.00538429 0.000331791 0.00160063 0.000228331 -2.38727e-05 -0.00193495 -0.000382464 -0.000545486 -0.000856273 -0.000631631 4.05645e-05 0.00155986
internal_weight=592454 299789 292665 167414 155420 212531 167829 82495 132375 138787 116044 77537 16633 80134 44702 85334 79498 61250 57863 12896 16331 34786 10096 11994 3439 42860 66276 28143 54449 26109 26021 4396 6537 44967 2126 24632 16929 13946 21625 6376 11079 9916 10402 9871 63185 32530 18256 42841 7365 7480 1480 37274 44047 33893 21263 15146 49768 35924 25382 21824 13844 43192
internal_count=592454 299789 292665 167414 155420 212531 167829 82495 132375 138787 116044 77537 16633 80134 44702 85334 79498 61250 57863 12896 16331 34786 10096 11994 3439 42860 66276 28143 54449 26109 26021 4396 6537 44967 2126 24632 16929 13946 21625 6376 11079 9916 10402 9871 63185 32530 18256 42841 7365 7480 1480 37274 44047 33893 21263 15146 49768 35924 25382 21824 13844 43192
is_linear=0
shrinkage=0.05


Tree=8
num_leaves=63
num_cat=0
split_feature=3 3 3 0 0 24 25 17 21 25 3 28 25 5 17 24 0 21 24 25 24 25 17 3 25 19 30 21 25 0 26 17 23 24 25 0 25 26 25 17 30 21 26 0 26 30 17 26 3 28 5 24 26 28 21 28 30 0 21 26 28 25
split_gain=698.853 53.0663 51.5549 13.1525 10.7697 9.41146 8.70076 8.65455 10.6286 8.39231 7.01469 4.52903 4.45442 4.39583 4.2077 4.01264 3.70049 3.56765 4.37803 3.78848 3.33455 3.46387 2.67432 2.45175 2.39913 2.39305 2.34675 2.19885 2.33735 2.18218 2.04136 2.03131 1.8762 1.80942 1.78962 1.67471 1.67103 1.76916 1.54732 1.46966 1.46008 1.60503 2.59337 1.43809 1.35097 1.34725 1.33184 1.25648 1.24848 1.22148 1.20085 1.1505 1.70048 1.13262 1.12132 1.07853 1.07626 1.04971 0.991881 1.2897 0.99161 0.982497
threshold=6114.4500000000016 5795.7500000000009 6627.0000000000009 138965.97306008617 203593.67293744872 60.941028550002507 43.034634702438616 6.5000000000000009 2.5000000000000004 40.433573752753048 6393.0500000000011 -1.0000000180025095e-35 15.763643920596115 135.63150000000002 10.500000000000002 81.798544610906774 605210.3078708658 1.0000000180025095e-35 60.941028550002507 76.194562782076602 81.209163264113684 49.645480558772547 7.5000000000000009 5502.0500000000011 13.927933194169226 1.0000000180025095e-35 14.500000000000002 1.0000000180025095e-35 22.853723573072902 186170.96516272944 50.506573632544445 6.5000000000000009 1.0000000180025095e-35 75.61417999482633 42.67382076970901 128790.42997428129 1.3564258056496745 23.455665173384805 96.047472766735694 2.5000000000000004 20.500000000000004 1.0000000180025095e-35 49.655873355980837 90710.052401173903 41.732392049947784 11.500000000000002 4.5000000000000009 70.834934289243137 6237.3000000000002 -0.011210390982289651 182.45750000000001 42.505120397946691 19.972149105623817 -1.0000000180025095e-35 2.5000000000000004 -0.020323965453861555 20.500000000000004 242537.55674504765 1.0000000180025095e-35 47.648436203274677 -0.00016397266001805241 15.274919497605277
decision_type=2 2 2 2 2 2 2 2 2 2 2 2 2 2 2 2 2 2 2 2 2 2 2 2 2 2 2 2 2 2 2 2 2 2 2 2 2 2 2 2 2 2 2 2 2 2 2 2 2 2 2 2 2 2 2 2 2 2 2 2 2 2
left_child=1 3 10 12 6 9 22 60 16 36 48 -7 -1 24 29 17 25 18 -14 43 21 40 27 56 -3 32 -20 -4 44 34 -17 -31 50 -26 -12 -8 57 -38 45 53 41 -13 -43 -19 -29 -32 -46 -42 -2 -37 -9 52 -11 -39 -33 -30 -22 -5 -53 -60 -6 -55
right_child=2 13 4 5 7 11 35 8 -10 51 14 20 15 -15 -16 30 -18 19 26 -21 23 -23 -24 -25 33 -27 -28 28 55 31 38 54 -34 -35 -36 49 37 39 -40 -41 47 42 -44 -45 46 -47 -48 -49 -50 -51 -52 58 -54 61 -56 -57 -58 -59 59 -61 -62 -63
leaf_value=0.0030011179962604554 -0.00022088947284768488 0.0018366640317650932 -0.0023059721814842941 0.0048553778162516072 -0.0025115482665924206 0.0011025480573149597 -0.0010774565157842426 -0.0038080703695706677 -0.0020373649213373886 0.0018048395296215731 -0.0014116661232383505 0.0024976106717225499 0.00066440749503266134 0.00013827789887748529 -0.0027613073253942369 0.004434349809623447 -0.0025528109213701026 0.0010911679214305797 0.0014369429932620326 0.0038718910111979706 0.0035918751865088002 0.0018672352923289879 -0.0015984621372846211 0.002677227544223271 0.00056675636474415986 -0.00089748743472113461 0.0027236871022306968 -0.0053470193467531381 -0.0041368165952636177 -0.0012765262947661195 0.0017421345987049899 -0.002781685185562645 -0.0014754860469379195 0.0012906075556048391 -0.0005971864806865293 -0.0024247685919841994 0.0030878559494311561 0.00023918704220764086 0.0048224864002911682 0.0039074367514035854 0.0031818377900838289 0.0036194701868792634 0.0018045868393768002 0.0021363071149005397 -0.0046041106188682863 0.0037673001749859085 -0.001844287909964052 0.0050128831244835165 -0.00072046770218080452 -0.001541254258138684 -0.0045891281971980283 0.0012493211843230797 0.00048721179590796766 0.0030036527461051129 -0.0015141774685062251 -0.0025217564771676335 0.0047291401637065463 0.0029665252460437559 0.0016068911980367862 0.0034331608033967374 -0.0020869920953091054 0.0017205750954667192
leaf_weight=5655 18727 5971 9247 1184 23447 4003 18664 8519 12577 3489 10405 28663 20498 31194 4628 1279 4809 5094 34888 2509 8878 11543 5258 7074 31168 572 3944 1831 1269 28446 5480 3959 624 11941 19170 4688 6203 1000 544 936 8564 8607 2552 9301 1013 966 769 1052 37646 23633 11652 8930 8212 1946 3120 5575 2717 1942 3239 1378 33267 6395
leaf_count=5655 18727 5971 9247 1184 23447 4003 18664 8519 12577 3489 10405 28663 20498 31194 4628 1279 4809 5094 34888 2509 8878 11543 5258 7074 31168 572 3944 1831 1269 28446 5480 3959 624 11941 19170 4688 6203 1000 544 936 8564 8607 2552 9301 1013 966 769 1052 37646 23633 11652 8930 8212 1946 3120 5575 2717 1942 3239 1378 33267 6395
internal_value=2.66062e-07 0.00170187 -0.00173279 0.00210551 -0.0023079 0.00243031 -0.00184595 -0.00265604 -0.00323195 0.00184596 -0.000969256 0.00274364 0.00164254 0.000602386 -0.00130457 0.00155163 -0.00380593 0.00143815 0.00125558 0.00207896 0.00282611 0.00264711 -0.00260032 0.00341081 0.000897362 -0.00408796 0.00156763 -0.00286766 -0.00336435 -0.00120101 0.00259778 -0.00146514 -0.00417572 0.00076726 -0.000883735 -0.00144517 0.00262208 0.00242104 0.00226174 0.00201856 0.0028292 0.00269567 0.00320442 0.00176646 -0.0043932 0.00204563 -0.00341314 0.00338216 -0.000554509 -0.0016875 -0.00425926 0.00124327 0.000880102 0.00182929 -0.00222304 -0.00282122 0.00385836 0.00368194 0.00155695 0.00215196 -0.00226251 0.00201992
internal_weight=592454 298939 293515 218665 167414 128507 71947 95467 38753 44854 126101 83653 90158 80274 69728 84503 26176 76234 59330 16904 79650 60981 24962 18669 49080 21367 38832 19704 10457 65100 8269 35525 20795 43109 29575 46985 19606 16480 6990 10277 49438 39822 11159 14395 3613 6446 1782 9616 56373 28321 20171 25248 11701 9341 7079 6844 11595 3126 13547 4617 56714 8341
internal_count=592454 298939 293515 218665 167414 128507 71947 95467 38753 44854 126101 83653 90158 80274 69728 84503 26176 76234 59330 16904 79650 60981 24962 18669 49080 21367 38832 19704 10457 65100 8269 35525 20795 43109 29575 46985 19606 16480 6990 10277 49438 39822 11159 14395 3613 6446 1782 9616 56373 28321 20171 25248 11701 9341 7079 6844 11595 3126 13547 4617 56714 8341
is_linear=0
shrinkage=0.05


Tree=9
num_leaves=63
num_cat=0
split_feature=5 3 3 18 27 0 3 18 18 28 3 18 0 25 0 25 3 19 0 18 21 22 25 3 21 22 21 18 17 18 18 18 30 17 21 25 22 17 18 21 0 27 21 17 27 0 25 5 17 25 25 21 0 17 27 0 21 19 21 27 0 3
split_gain=630.824 61.2887 33.2121 23.0365 17.3104 12.6586 7.19205 7.16643 6.9917 6.69258 6.16724 5.37176 5.15294 4.98289 4.81559 4.62758 3.4856 3.19416 3.13039 3.03628 2.94495 2.93455 2.84431 2.48634 3.20096 2.41858 2.12144 2.46031 2.10863 2.9453 2.07298 1.9854 1.9187 1.91862 1.85416 1.82928 1.66438 1.66129 1.97491 2.72758 3.40508 1.64586 1.6341 1.61637 1.61002 1.58096 1.43413 1.42462 1.36959 1.33338 1.38224 1.35884 1.29842 1.27938 1.17999 1.12596 3.00063 1.11262 1.09964 1.07051 1.06361 1.038
threshold=138.16400000000002 6495.3500000000013 5574.6500000000005 1.5000000000000002 0.0041639095064517915 142591.86938210868 6276.8000000000002 1.0000000180025095e-35 1.0000000180025095e-35 -1.0000000180025095e-35 6742.4000000000005 1.5000000000000002 533358.46608628461 40.155823803891224 221179.04655210939 25.308008999869596 5858.3000000000002 1.0000000180025095e-35 476429.750826061 1.5000000000000002 1.0000000180025095e-35 3.5000000000000004 13.158154252354018 5195.0500000000011 1.0000000180025095e-35 1.5000000000000002 1.0000000180025095e-35 1.0000000180025095e-35 1.0000000180025095e-35 1.0000000180025095e-35 2.5000000000000004 1.0000000180025095e-35 14.500000000000002 3.5000000000000004 1.0000000180025095e-35 97.961027016796464 2.5000000000000004 10.500000000000002 1.0000000180025095e-35 1.0000000180025095e-35 107236.870322431 0.006386153327279989 1.5000000000000002 1.5000000000000002 0.0054619003799789108 227456.03654495333 16.923911151840063 178.07250000000002 1.5000000000000002 86.409449961919179 46.134002750315965 1.0000000180025095e-35 174663.50994027403 2.5000000000000004 0.0030832624120077125 111703.15855293175 1.5000000000000002 1.0000000180025095e-35 1.5000000000000002 0.0024431061342909985 313230.26700726774 4952.9500000000016
decision_type=2 2 2 2 2 2 2 2 2 2 2 2 2 2 2 2 2 2 2 2 2 2 2 2 2 2 2 2 2 2 2 2 2 2 2 2 2 2 2 2 2 2 2 2 2 2 2 2 2 2 2 2 2 2 2 2 2 2 2 2 2 2
left_child=2 6 5 10 54 7 -2 22 20 -7 34 26 17 18 25 28 30 21 36 33 46 47 -1 24 45 -15 -8 -28 -11 -30 -10 49 35 58 60 61 37 38 39 -12 -41 -16 -40 -33 -13 -17 -4 -6 -22 50 51 -25 -48 -31 -5 56 -38 59 -9 -54 -3 -24
right_child=1 3 8 4 12 9 11 19 16 15 13 44 -14 14 41 23 -18 -19 -20 -21 48 -23 32 31 -26 -27 27 -29 29 53 -32 43 -34 -35 -36 -37 55 -39 42 40 -42 -43 -44 -45 -46 -47 52 -49 -50 -51 -52 -53 57 -55 -56 -57 -58 -59 -60 -61 -62 -63
leaf_value=0.0028638163057617149 -0.0001448669746392663 -0.00080799479196332492 0.001939133960447501 -0.00090636959555726873 -0.0038474440819235055 0.00088075908055052778 -0.00049954844110975739 0.0024973848252083123 0.0018539373077667608 0.0045721882303012057 -0.0023968570614773224 -0.0015531352686051834 -0.0026892254130532669 -0.0019381893522737886 -0.0020597263913334492 0.0021952300898700826 0.0010666725042684404 -0.00047816862784859642 -0.001646209199384412 0.0043615210037064424 0.00068892363671548419 -0.00082740907913229965 0.0014507310637647875 0.0026644270220504817 0.0033402225785052471 -0.0011353618693231138 -0.0014458208894274299 -0.00059577887095507297 0.0021533424250374084 0.0033995209852108648 0.003430582314565759 0.00058525441089800757 0.0021277972459559395 0.00060146659543430694 -0.0016363514587908789 0.0049681249787242102 -0.0038695552897232473 -0.0052580697958772953 -0.0012878609915654515 -0.0063327433538049472 -0.0033759552247302083 -0.0029323596445371206 -0.002795637803005362 0.0029409968194639828 -0.0029022006944727442 0.0028571636951310649 0.00060425458638399218 -0.0048637635124294315 -0.00014578646318627348 0.0033126647155741935 0.0013817890415294385 0.0010603082158720577 0.0008251533299557922 0.0050385038617552615 -0.0021717312269562239 -0.0017860123931557554 -0.00052151221594238096 0.00011111940687748279 0.0052676362030568621 0.0017080675007373149 -0.0017507646768179887 0.0010176887527734828
leaf_weight=3317 43723 16013 3139 5558 4700 6060 32037 9672 13987 3098 6420 5737 6004 14722 25884 25401 16924 512 9037 2275 8137 533 28437 5265 12808 25859 18996 15424 4775 5147 2450 804 7232 1364 24397 331 2348 740 3022 1117 7590 6829 4433 7719 3599 13988 24986 12945 12408 1380 12195 1762 5898 1549 2756 6732 936 2122 372 8215 3679 26955
leaf_count=3317 43723 16013 3139 5558 4700 6060 32037 9672 13987 3098 6420 5737 6004 14722 25884 25401 16924 512 9037 2275 8137 533 28437 5265 12808 25859 18996 15424 4775 5147 2450 804 7232 1364 24397 331 2348 740 3022 1117 7590 6829 4433 7719 3599 13988 24986 12945 12408 1380 12195 1762 5898 1549 2756 6732 936 2122 372 8215 3679 26955
internal_value=2.52759e-07 -0.00154513 0.00172275 -0.00209668 -0.00329918 0.00212286 -0.00065554 0.00165187 0.000982073 0.00249223 -0.00184823 -0.000950134 -0.00396357 -0.00204002 -0.00179049 0.00259407 0.00157035 -0.00437294 -0.00247162 0.00269364 0.000679701 -0.00448264 0.00143678 0.00244706 0.00265357 -0.00142661 -0.000792364 -0.00106491 0.0034147 0.0031021 0.00208894 0.00207694 0.00136159 0.00236103 -0.00134504 0.00126215 -0.00269537 -0.00292689 -0.0028505 -0.00317875 -0.00375527 -0.00224189 -0.00218444 0.00271877 -0.0020732 0.0024303 0.000908908 -0.00459305 0.000184807 0.00181142 0.00170364 0.0022622 0.000830456 0.00377867 -0.00132582 -0.00215628 -0.0029153 0.00117858 0.00259999 0.00133909 -0.00098413 0.00124
internal_weight=592454 312282 280172 192766 33008 181906 119516 79955 98266 101951 159758 75793 24694 115669 73294 95891 33361 18690 42375 13683 64905 18178 66272 81322 52197 40581 66457 34420 14569 11471 16437 29125 62955 11408 44089 55723 33338 23322 22582 15127 8707 32713 7455 8523 9336 39389 44360 17645 20545 20602 19222 7027 41221 6696 8314 10016 3284 16235 10044 14113 19692 55392
internal_count=592454 312282 280172 192766 33008 181906 119516 79955 98266 101951 159758 75793 24694 115669 73294 95891 33361 18690 42375 13683 64905 18178 66272 81322 52197 40581 66457 34420 14569 11471 16437 29125 62955 11408 44089 55723 33338 23322 22582 15127 8707 32713 7455 8523 9336 39389 44360 17645 20545 20602 19222 7027 41221 6696 8314 10016 3284 16235 10044 14113 19692 55392
is_linear=0
shrinkage=0.05


Tree=10
num_leaves=63
num_cat=0
split_feature=5 5 5 18 18 5 0 18 21 22 17 22 0 22 25 25 24 10 5 18 25 0 24 0 18 26 17 22 25 5 23 24 21 28 26 17 0 17 21 22 24 31 23 18 0 26 25 18 17 0 18 21 21 21 0 22 17 17 0 18 5 0
split_gain=568.068 43.44 41.9869 18.5575 12.267 10.3334 10.5935 7.47639 6.46706 7.05182 5.50315 4.37511 5.28846 4.72515 3.88092 3.83117 3.9049 3.6226 3.4971 3.26616 3.28732 3.45237 3.26611 2.94459 2.60013 2.51421 2.48294 5.47515 2.03335 2.02889 2.01392 1.94828 1.92772 1.91767 2.54164 2.69064 1.85332 1.85197 1.82287 2.96 1.78743 1.82419 1.67037 1.58207 1.57322 1.52811 1.50031 1.46548 2.36246 1.43183 1.42472 2.42962 1.36787 1.35233 1.31752 1.179 1.1677 1.16439 1.23168 1.12459 1.03379 1.02252
threshold=142.41900000000001 128.04350000000002 174.79450000000003 2.5000000000000004 1.0000000180025095e-35 116.79800000000002 144504.31266262205 1.5000000000000002 1.0000000180025095e-35 2.5000000000000004 8.5000000000000018 3.5000000000000004 460676.92587072827 1.0000000180025095e-35 21.690229015155001 49.645480558772547 75.61417999482633 -0.38499999999999929 153.40600000000003 1.0000000180025095e-35 37.353817174790336 109052.29978744902 81.209163264113684 170400.56836539897 1.0000000180025095e-35 43.308004156692071 6.5000000000000009 1.0000000180025095e-35 16.923911151840063 156.63850000000002 1.0000000180025095e-35 86.925646364718887 1.0000000180025095e-35 -0.00013175948417681879 70.470689871759632 1.0000000180025095e-35 274623.31395841134 3.5000000000000004 1.5000000000000002 1.5000000000000002 60.941028550002507 20.500000000000004 1.0000000180025095e-35 1.0000000180025095e-35 255948.20164305691 46.170705667930839 43.887092180881687 1.5000000000000002 2.5000000000000004 95846.83658813838 1.0000000180025095e-35 1.5000000000000002 1.5000000000000002 1.5000000000000002 133452.95339150439 1.5000000000000002 9.5000000000000018 5.5000000000000009 512022.86734204221 5.5000000000000009 117.49350000000001 167467.54050238203
decision_type=2 2 2 2 2 2 2 2 2 2 2 2 2 2 2 2 2 2 2 2 2 2 2 2 2 2 2 2 2 2 2 2 2 2 2 2 2 2 2 2 2 2 2 2 2 2 2 2 2 2 2 2 2 2 2 2 2 2 2 2 2 2
left_child=1 4 7 8 5 6 28 18 25 10 19 12 13 56 36 33 -17 24 -2 20 21 55 37 -12 52 -4 -21 42 -1 -9 44 46 -20 -8 -35 -36 -6 47 39 -15 -30 49 53 45 -11 -34 -7 60 -49 -42 51 -25 -3 -28 -32 -10 -5 -31 -59 -26 -16 -45
right_child=2 17 3 11 14 31 15 29 9 30 23 -13 -14 38 22 16 -18 -19 32 26 -22 -23 -24 50 59 -27 27 -29 40 57 54 -33 43 34 35 -37 -38 -39 -40 -41 41 -43 -44 61 -46 -47 -48 48 -50 -51 -52 -53 -54 -55 -56 -57 -58 58 -60 -61 -62 -63
leaf_value=0.002691689679693163 -0.00031760681436398576 0.00068544902381938123 -0.0018568583518164721 -0.0006991664262473177 0.0040602550528394286 0.0013260751956771981 0.00053314491064962259 -0.0012468596268767767 -0.0036201616648790071 -0.00080625558071092344 -0.001730813204594708 -0.00057224580422633698 -0.0028150080688835177 -0.00065440105482955549 0.0023139632618010566 0.001134535455066897 0.0028200703989743441 0.00017945320776431705 -0.00062875491923734404 -0.0015637763183123769 -0.0022172276355939108 -0.0029732776044428251 0.0031820269803052512 -0.004358585609087846 0.0012100592298673973 -0.0012399384865172535 -0.0042526698934917907 -0.0016034177124135858 0.00084892564983745126 -0.00094733621073675499 -0.0040716880158030346 0.002075701767137506 -0.0018905976462042806 0.0025366172454431781 0.0050002446952590604 0.001885249400911811 0.0027153681011829189 0.00066453202939094531 -0.0069093163029381663 -0.005013234657476176 0.0011295402774255147 0.0034860055140635616 -0.0012093605744498746 -0.0001236148126300001 -0.0017621820054802941 -0.0010066507654081834 0.00073705237739159831 0.00085129118483734357 0.0036499888702618 0.0017345129599930155 -0.0045729716942036229 -0.00066534353455908459 -0.00047495561436271131 -0.0010085182557152488 -0.001751051655314269 -0.0065582898638276753 -0.0043638991876873362 -0.0030522921953735063 -0.0015154298536587838 0.0024596948338651437 0.0015857499953406615 -0.0010380104984923984
leaf_weight=3087 38683 25378 29858 859 5808 18717 1115 6581 519 11191 1635 1114 7356 415 12865 10465 5116 37404 31059 20082 16714 8935 9278 1162 12840 36957 4326 7733 12517 1141 1015 4519 10235 46664 2155 1022 4583 2087 1137 6335 17147 1160 600 4172 6994 9361 25593 964 3462 22766 4653 722 2822 347 1539 998 291 5244 1735 2094 7846 11443
leaf_count=3087 38683 25378 29858 859 5808 18717 1115 6581 519 11191 1635 1114 7356 415 12865 10465 5116 37404 31059 20082 16714 8935 9278 1162 12840 36957 4326 7733 12517 1141 1015 4519 10235 46664 2155 1022 4583 2087 1137 6335 17147 1160 600 4172 6994 9361 25593 964 3462 22766 4653 722 2822 347 1539 998 291 5244 1735 2094 7846 11443
internal_value=8.42591e-07 0.00153243 -0.00156384 -0.00206079 0.00189767 0.00170228 0.00194622 -0.000843295 -0.00188754 -0.00216624 -0.00241104 -0.00360436 -0.00381041 -0.00462065 0.00261455 0.0023741 0.00168798 0.000539559 -0.000695375 -0.0022459 -0.00265218 -0.00334771 0.00237186 -0.00362861 0.000851828 -0.00151562 -0.00191234 -0.00245055 0.00144389 -0.00189933 -0.00135856 0.00108672 -0.000915885 0.0025839 0.00262978 0.00399819 0.00346709 0.00209575 -0.00505722 -0.00474525 0.00137201 0.00153142 -0.00369289 -0.00116916 -0.00117391 -0.00146834 0.000985862 0.00221458 0.00304042 0.00147461 -0.00410327 -0.00294323 0.000569326 -0.00401177 -0.00267331 -0.00555309 -0.0016265 -0.00242813 -0.00267022 0.00138528 0.00203809 -0.000793703
internal_weight=592615 299474 293141 173487 218936 172043 123214 119654 155980 89165 68426 17507 16393 9037 46893 66537 15581 80538 104953 60254 27166 10452 36502 8172 43134 66815 33088 13006 56677 14701 20739 48829 66270 50956 49841 3177 10391 27224 7887 6750 53590 41073 5273 35211 18185 19596 44310 25137 4426 39913 6537 1884 28200 4673 2554 1517 1150 8120 6979 14934 20711 15615
internal_count=592615 299474 293141 173487 218936 172043 123214 119654 155980 89165 68426 17507 16393 9037 46893 66537 15581 80538 104953 60254 27166 10452 36502 8172 43134 66815 33088 13006 56677 14701 20739 48829 66270 50956 49841 3177 10391 27224 7887 6750 53590 41073 5273 35211 18185 19596 44310 25137 4426 39913 6537 1884 28200 4673 2554 1517 1150 8120 6979 14934 20711 15615
is_linear=0
shrinkage=0.05


Tree=11
num_leaves=63
num_cat=0
split_feature=3 3 3 20 18 18 3 0 18 25 22 0 22 0 5 20 25 28 21 20 17 26 25 17 18 20 25 21 18 26 18 17 17 3 25 0 0 21 22 3 0 26 29 21 26 17 3 25 0 0 22 25 28 17 0 17 20 17 20 18 20 0
split_gain=512.746 43.8938 34.8584 16.4479 17.8602 11.071 9.32592 9.58442 8.62388 5.03236 4.012 4.46667 5.20578 3.92481 3.87993 3.61768 3.50253 3.48735 2.93705 2.98087 2.8559 2.5487 3.18404 2.75656 2.49323 3.64874 2.34978 2.23833 4.72657 2.86092 2.16402 2.3663 2.10708 2.00821 1.8892 1.69525 1.6611 1.53713 2.41057 1.44861 1.43906 1.35621 1.3289 1.30865 1.28869 1.28205 1.266 1.24543 1.24145 1.21423 1.62281 1.18849 1.1694 1.19234 1.16264 1.45909 1.07259 1.07168 1.30013 2.40692 2.27569 2.00945
threshold=6139.8500000000013 5795.7500000000009 6652.3000000000002 4.5000000000000009 2.5000000000000004 1.0000000180025095e-35 5450.7000000000007 147321.5112155641 1.5000000000000002 49.842032466646053 3.5000000000000004 460676.92587072827 1.0000000180025095e-35 183652.3765976998 135.63150000000002 4.5000000000000009 21.690229015155001 -1.0000000180025095e-35 1.5000000000000002 6.5000000000000009 4.5000000000000009 75.898984919211628 49.645480558772547 1.0000000180025095e-35 1.0000000180025095e-35 1.0000000180025095e-35 27.257703399610858 1.0000000180025095e-35 1.0000000180025095e-35 39.313937371931125 1.5000000000000002 2.5000000000000004 3.5000000000000004 6443.6000000000013 16.923911151840063 253920.6334798804 98746.82223009826 1.5000000000000002 1.5000000000000002 5496.1000000000013 167467.54050238203 39.78258077583488 8.5000000000000018 1.5000000000000002 83.867429363181429 5.5000000000000009 6335.0000000000009 49.645480558772547 476429.750826061 104396.6704931748 1.0000000180025095e-35 47.156778617451515 -1.0000000180025095e-35 1.5000000000000002 103390.47157934542 3.5000000000000004 2.5000000000000004 7.5000000000000009 3.5000000000000004 1.5000000000000002 1.5000000000000002 476429.750826061
decision_type=2 2 2 2 2 2 2 2 2 2 2 2 2 2 2 2 2 2 2 2 2 2 2 2 2 2 2 2 2 2 2 2 2 2 2 2 2 2 2 2 2 2 2 2 2 2 2 2 2 2 2 2 2 2 2 2 2 2 2 2 2 2
left_child=1 5 8 4 9 6 7 34 15 20 11 12 -6 -11 24 27 35 -9 -5 -20 26 22 -19 -23 25 41 42 46 29 49 32 -32 39 -10 -1 -7 -36 38 -14 43 56 -3 54 -18 47 -35 -2 -38 -47 50 -29 -52 -8 -54 55 -4 -30 58 60 -60 61 -22
right_child=2 14 3 18 10 16 52 17 33 13 -12 -13 37 -15 -16 -17 30 21 19 -21 57 23 -24 -25 -26 -27 -28 28 40 -31 31 -33 -34 45 36 -37 44 -39 -40 -41 -42 -43 -44 -45 -46 48 -48 -49 -50 -51 51 -53 53 -55 -56 -57 -58 -59 59 -61 -62 -63
leaf_value=0.0025734622358828708 -9.7998692663101917e-05 -0.00016497047598380924 -0.002139362592133372 -0.0043326471670304114 -0.00067775161077121213 0.0039530532742845679 0.0005300593059389629 0.00060865546848123909 -0.001506381824908935 -0.00093895468275891807 -0.0005436335187508169 -0.0027164652196349447 -0.00072677526173882151 -0.0017169388326277509 9.0134930840167195e-05 -0.0023427920765369324 0.0023753967466169069 0.0024389853913819215 -0.0037523085422523717 -0.00068372936667157862 -0.0025065433859637765 0.00428435721578398 0.0014905635056474801 0.0016721810429889358 0.0012542116727504969 0.0018359968806139128 -0.0020406781760754951 0.00067355916454354362 0.00054519282184434844 -0.0008987095509901832 0.0010608512011430393 0.0034805948169525439 0.00050599916525037396 -0.0007872298992867981 0.001010264980374763 0.0026751185571014372 0.0016817250513730181 -0.0066305549215402966 -0.0048267324799955323 0.0016998689457269349 -0.00062920985707363552 0.00055957723328204864 -0.0019513488490716239 0.004817134468459789 0.0033543082900433503 -0.0033913425512205574 -0.00062395562929827445 0.00091708688142620753 -0.0018060624118166769 -0.0016854419697533898 -0.0041551183792037432 -8.1590870659721724e-05 0.0013124340985623231 0.00068202286586772941 -0.003016726939351318 -0.0056647534910045563 -0.0010783418755049839 -0.001246002582253457 -0.00082184461625644861 -0.0047316911625721967 -0.0011632026219431028 -0.0013333298461814717
leaf_weight=3162 16774 10192 417 8203 822 5030 9364 3019 8966 29846 1114 6874 382 35486 37440 3411 17038 46078 2063 1284 11128 3232 10953 1469 17054 4451 20245 252 5353 16908 1229 5679 2014 809 24560 5361 22824 1065 5830 9975 17519 17631 2300 567 971 4075 35988 6946 1772 11449 1415 205 29395 10070 5719 991 1256 10014 645 1010 9890 5431
leaf_count=3162 16774 10192 417 8203 822 5030 9364 3019 8966 29846 1114 6874 382 35486 37440 3411 17038 46078 2063 1284 11128 3232 10953 1469 17054 4451 20245 252 5353 16908 1229 5679 2014 809 24560 5361 22824 1065 5830 9975 17519 17631 2300 567 971 4075 35988 6946 1772 11449 1415 205 29395 10070 5719 991 1256 10014 645 1010 9890 5431
internal_value=8.00461e-07 0.00142561 -0.00151734 -0.00200555 -0.00186484 0.00180279 0.00161716 0.0018489 -0.000895196 -0.00167468 -0.00343847 -0.00365385 -0.00444945 -0.00136153 0.000473914 -0.000739777 0.00248382 0.00226793 -0.00382334 -0.00257512 -0.00197647 0.00234908 0.00225684 0.00346809 0.000765202 0.000506803 -0.0023443 -0.000688733 -0.000913913 -0.00133046 0.00225327 0.0030501 0.00206726 -0.00199482 0.00138481 0.00329373 0.00131685 -0.0048755 -0.00457461 0.00218127 -0.000392039 0.000294164 -0.00299636 0.00245404 0.00156178 -0.00265278 -0.000456744 0.00150332 -0.00291091 -0.00187847 -0.00305902 -0.00363964 0.00103239 0.00115158 -0.0033336 -0.00462066 0.00023665 -0.00169014 -0.0018484 -0.00320791 -0.00176333 -0.00212175
internal_weight=592615 305704 286911 160759 149209 218936 172043 123214 126152 133122 16087 14973 8099 65332 86768 110530 46893 64751 11550 3347 67790 61732 57031 4701 49328 32274 29672 107119 54357 30229 36502 6908 29594 15622 58463 10391 55301 7277 6212 27580 24128 27823 9427 17605 30741 6656 52762 29770 5847 13321 1872 1620 48829 39465 7127 1408 6609 38118 28104 1655 26449 16559
internal_count=592615 305704 286911 160759 149209 218936 172043 123214 126152 133122 16087 14973 8099 65332 86768 110530 46893 64751 11550 3347 67790 61732 57031 4701 49328 32274 29672 107119 54357 30229 36502 6908 29594 15622 58463 10391 55301 7277 6212 27580 24128 27823 9427 17605 30741 6656 52762 29770 5847 13321 1872 1620 48829 39465 7127 1408 6609 38118 28104 1655 26449 16559
is_linear=0
shrinkage=0.05


Tree=12
num_leaves=63
num_cat=0
split_feature=5 5 5 20 24 25 27 5 25 17 5 28 25 25 28 25 24 17 20 25 29 20 22 27 20 17 22 31 17 24 26 26 20 24 17 5 22 29 22 20 26 17 20 25 22 25 24 20 26 20 20 25 25 17 24 28 26 20 17 19 24 25
split_gain=462.776 35.7313 34.312 15.5443 9.4651 7.52388 6.20049 5.59468 5.1773 4.5488 4.44208 4.37708 2.97782 2.92341 2.86922 2.8153 2.68198 2.51738 2.46907 2.29667 2.14142 1.9294 2.35855 1.92599 1.72442 1.62504 1.81306 1.619 2.20494 1.70572 1.6011 1.56813 2.40368 1.65302 2.58195 1.48217 1.77088 1.46194 1.43108 1.42294 1.34986 1.29682 1.27135 1.30464 1.25723 1.2477 1.24163 1.15993 1.03795 1.02817 1.81847 1.02494 1.01728 1.11714 1.01238 0.955679 0.947346 0.946119 0.936318 0.931857 0.896926 0.889915
threshold=142.41900000000001 124.30650000000001 174.79450000000003 4.5000000000000009 81.209163264113684 49.645480558772547 0.0045881354473684861 133.21300000000002 13.927933194169226 11.500000000000002 156.63850000000002 -1.0000000180025095e-35 49.842032466646053 13.927933194169226 -1.0000000180025095e-35 86.92270272321089 75.61417999482633 10.500000000000002 3.5000000000000004 44.129414862940365 5.5000000000000009 2.5000000000000004 2.5000000000000004 0.003699843640754606 3.5000000000000004 1.5000000000000002 1.0000000180025095e-35 21.500000000000004 1.0000000180025095e-35 49.774232039553659 55.78696178984967 55.536679449739871 1.5000000000000002 71.256816917572124 3.5000000000000004 115.58350000000002 1.0000000180025095e-35 4.5000000000000009 1.5000000000000002 1.0000000180025095e-35 63.845874561687715 2.5000000000000004 1.0000000180025095e-35 5.8978332682307437 7.5000000000000009 49.641759607705417 78.52156859297736 1.0000000180025095e-35 20.264741062633032 1.0000000180025095e-35 2.5000000000000004 96.047472766735694 26.818171979817098 5.5000000000000009 52.865088465474585 -0.0041309281445912607 50.770565477094898 1.5000000000000002 1.5000000000000002 1.0000000180025095e-35 48.46807029478024 93.585418115352596
decision_type=2 2 2 2 2 2 2 2 2 2 2 2 2 2 2 2 2 2 2 2 2 2 2 2 2 2 2 2 2 2 2 2 2 2 2 2 2 2 2 2 2 2 2 2 2 2 2 2 2 2 2 2 2 2 2 2 2 2 2 2 2 2
left_child=1 4 10 6 5 8 12 13 40 18 49 -10 21 -3 56 25 39 24 19 31 30 22 47 -5 45 60 41 28 29 -13 -16 -8 33 34 -33 36 59 -31 58 -15 -1 -27 43 -9 -11 57 -25 -4 -38 -2 -51 -32 53 -49 -36 -54 -6 -12 -17 -30 -7 -58
right_child=2 7 3 23 14 15 9 42 11 44 17 27 -14 16 20 38 -18 -19 -20 -21 -22 -23 -24 46 -26 26 -28 -29 35 37 51 32 -34 -35 54 -37 48 -39 -40 -41 -42 -43 -44 -45 -46 -47 -48 52 -50 50 -52 -53 55 -55 -56 -57 61 -59 -60 -61 -62 -63
leaf_value=0.0025439362964563409 -0.00056865562241157339 0.0018731933901029339 -0.00089497396943243241 -0.001928245951207822 0.003612878483155653 0.00031802110911032297 -0.0019839341801460206 0.0011283966630908347 0.00041699816405629575 -0.0032434004434814256 -0.0012947893938043869 0.00052763786505462523 -0.0011778495131456346 0.00052710330578949703 0.0033924267846380364 0.0018449975927513546 0.0013900401887520213 -0.0022540415783259323 -0.0034755994653469626 -0.0015743971913635389 0.0036737136901545606 -0.00089066416292053773 -0.0012976983375205787 -0.0042658426780669651 -0.0019015220244234061 0.0016501450924654229 0.0009356897192506887 0.0026843360698470126 0.0026071118970995718 0.0014079448014931229 0.0021031554428678815 -0.0019346954539610516 -0.0011110554546481903 -0.0026019157334154211 -0.0072503141707161087 0.0014929483640129114 0.0029161116731973194 0.002144386182001919 0.0005565411192740529 0.0018161088593339214 0.0037870323159466253 0.0034018816557143602 0.00094195239110234541 2.4911084980459063e-05 -0.00019206267928857518 -0.00064373813532698988 -0.0031874126280529054 -0.0030368207767714748 0.0017910857319251617 0.00027101570700771083 -0.00090320725689515668 0.0037932779470533466 -0.0026627260257252794 -0.0019277497163435815 -0.0045814242543127858 -0.0017652501864861055 0.00070267822466589308 -0.00063296698942699237 0.0031793027382492215 0.00094816720539218392 0.00093610448410832981 0.0032637248871450982
leaf_weight=9519 40864 7493 1814 1574 405 8929 18863 2897 5836 8828 20605 4143 46048 36866 4356 2983 14908 4047 2476 31105 6395 5802 12672 6173 4540 4414 8988 5198 15620 25740 9839 709 1481 2837 572 12766 2212 9129 1255 2273 2834 1389 5189 35518 351 26799 4702 5936 28023 10719 4762 987 3835 3677 938 13094 2604 7318 2351 895 17130 390
leaf_count=9519 40864 7493 1814 1574 405 8929 18863 2897 5836 8828 20605 4143 46048 36866 4356 2983 14908 4047 2476 31105 6395 5802 12672 6173 4540 4414 8988 5198 15620 25740 9839 709 1481 2837 572 12766 2212 9129 1255 2273 2834 1389 5189 35518 351 26799 4702 5936 28023 10719 4762 987 3835 3677 938 13094 2604 7318 2351 895 17130 390
internal_value=7.60437e-07 0.00138314 -0.00141149 -0.00186073 0.00178487 0.00165087 -0.00172914 0.000640648 0.00185876 -0.00209131 -0.00076012 0.00174935 -0.00146336 0.000947656 0.00269353 0.00111661 0.000819341 -0.00104752 -0.00193017 -0.00186245 0.00290623 -0.0017441 -0.00186479 -0.00356296 -0.000965132 0.00096191 0.0013805 0.00182431 0.00177894 0.00148679 0.00258295 -0.00221521 -0.00288257 -0.00340148 -0.00442373 0.00197044 0.00210083 0.00160075 0.00207568 0.000601962 0.00282912 0.00206944 0.000207356 0.000108129 -0.00312672 -0.000887444 -0.00379956 -0.00211822 0.00187339 -0.000437192 -9.01786e-05 0.00225724 -0.00220182 -0.0026126 -0.00559242 -0.00196856 0.00134329 -0.00112134 0.0024331 0.00251721 0.000724321 0.00103628
internal_weight=592615 299474 293141 173487 194330 169354 161038 105144 121915 68160 119654 109562 92878 61540 24976 47439 54047 63309 58981 56505 21577 46830 41028 12449 59262 40850 14791 103726 98528 39012 15182 25400 6537 5056 2219 59516 46750 34869 6589 39139 12353 5803 43604 38415 9179 54722 10875 28356 30235 56345 15481 10826 26542 9613 1510 16929 3399 27923 5334 16515 26059 2994
internal_count=592615 299474 293141 173487 194330 169354 161038 105144 121915 68160 119654 109562 92878 61540 24976 47439 54047 63309 58981 56505 21577 46830 41028 12449 59262 40850 14791 103726 98528 39012 15182 25400 6537 5056 2219 59516 46750 34869 6589 39139 12353 5803 43604 38415 9179 54722 10875 28356 30235 56345 15481 10826 26542 9613 1510 16929 3399 27923 5334 16515 26059 2994
is_linear=0
shrinkage=0.05


Tree=13
num_leaves=63
num_cat=0
split_feature=3 3 3 20 18 18 18 0 7 25 0 22 0 22 20 17 18 21 10 24 25 3 21 20 21 30 0 3 18 20 3 3 25 24 24 25 26 25 0 21 22 25 0 18 25 26 26 17 0 20 18 21 0 17 20 20 18 26 26 17 19 22
split_gain=417.903 35.9492 28.7548 13.075 14.3102 9.42551 8.27383 8.13915 6.78173 4.08666 3.53449 3.44973 3.90275 4.48989 3.32729 3.23808 3.13775 3.57167 3.12981 2.91205 2.87805 2.52952 2.5267 2.46442 2.42032 2.29866 2.19772 2.25955 2.09494 2.82211 2.00297 1.93122 1.9006 2.40212 1.82064 2.26508 1.50472 1.47102 1.80343 1.39496 1.9717 1.29418 1.36288 1.26921 1.26403 1.19353 1.13382 1.11619 1.22627 1.09332 1.35981 1.72373 1.08448 1.16083 1.57059 1.82375 1.95831 1.07809 1.07539 1.69348 1.06605 1.02979
threshold=6139.8500000000013 5795.7500000000009 6674.2500000000009 4.5000000000000009 2.5000000000000004 1.0000000180025095e-35 1.5000000000000002 154652.27109366821 5.2500000000000009 44.373477090055182 205030.2629957092 3.5000000000000004 468529.62639075407 1.0000000180025095e-35 4.5000000000000009 4.5000000000000009 2.5000000000000004 1.0000000180025095e-35 -0.38499999999999929 60.941028550002507 13.927933194169226 4952.9500000000016 1.5000000000000002 6.5000000000000009 1.0000000180025095e-35 10.500000000000002 93781.096076523871 5502.0500000000011 1.0000000180025095e-35 1.0000000180025095e-35 6393.0500000000011 6455.0500000000011 49.645480558772547 75.61417999482633 80.407710744626755 47.156778617451515 24.795636309664591 50.093409079463548 253920.6334798804 1.5000000000000002 1.5000000000000002 22.183019641471613 140820.08675990006 1.5000000000000002 83.166386055998018 39.78258077583488 93.933378629101995 5.5000000000000009 476429.750826061 1.0000000180025095e-35 1.0000000180025095e-35 1.5000000000000002 545296.39330405358 7.5000000000000009 1.5000000000000002 3.5000000000000004 1.5000000000000002 35.658598498077197 70.470689871759632 1.0000000180025095e-35 1.0000000180025095e-35 1.5000000000000002
decision_type=2 2 2 2 2 2 2 2 2 2 2 2 2 2 2 2 2 2 2 2 2 2 2 2 2 2 2 2 2 2 2 2 2 2 2 2 2 2 2 2 2 2 2 2 2 2 2 2 2 2 2 2 2 2 2 2 2 2 2 2 2 2
left_child=1 5 6 4 9 7 14 19 32 15 61 12 13 -6 30 41 17 21 28 20 -1 -7 -5 -24 34 36 43 -28 29 57 -2 -8 58 -34 35 60 -21 -32 -39 40 -15 42 -4 -19 -27 -26 -38 -33 -49 50 51 -20 53 54 -17 -56 -57 -3 -9 -60 -10 -11
right_child=2 18 3 22 11 16 31 8 24 10 -12 -13 -14 39 -16 52 -18 26 49 25 -22 -23 23 -25 45 44 27 -29 -30 -31 37 47 33 -35 -36 -37 46 38 -40 -41 -42 -43 -44 -45 -46 -47 -48 48 -50 -51 -52 -53 -54 -55 55 56 -58 -59 59 -61 -62 -63
leaf_value=0.0022820843311547206 -0.00037007600840480409 -0.00022849852930152955 -0.0040370204227265661 -0.0039702594647154582 -0.00058612586866338087 0.0022604961462257701 -0.0014330658762859499 0.0022370048491447692 0.002069622946776858 -0.0013113122570565243 -0.0016526049098269349 -0.00045843769161727838 -0.0024328534593453179 -0.00065987781944655034 -0.0021448722380371563 -0.002286537971673015 0.0037493879712890582 0.00099818644347356308 -6.2745297417664495e-05 0.0030837927814400335 0.00055902227894322068 0.00068249697208490237 -0.0033938818737104613 -0.00054705654619201314 -0.00011037905380055815 0.001930256029486191 0.0029062957805112422 0.0019926079241956349 0.0012066152858583286 0.0017270393055329319 -0.0010265804965135788 -0.00078942780725390542 0.0010215533753592883 0.0026102522966807503 0.0024768747252347932 0.00075351875680620094 0.00111864956231965 -0.000330482659785343 -0.001156621649560976 -0.0061869549582996425 -0.0044306803389944352 -0.0020642678318229493 -0.0024647500678212234 0.0033108150961656947 0.0051664601250265077 0.0010266052758820061 0.0034356539228243043 -0.0032645345476097227 -0.0016995264083496959 0.0007339811447282773 0.00041320496645381744 -0.001465056682608419 -0.00091306558560074825 -0.0011329528635393592 -0.0010378431935780721 -0.00073628375794169444 -0.0045892663038993482 0.00049480431150497075 0.004225953652716794 0.0014386192598716601 0.00019034241404885965 -0.00077025410003987846
leaf_weight=2664 44274 7408 1878 7870 821 4348 9803 40142 7668 13529 35110 1114 6454 369 3755 10511 3275 3744 20833 1022 26840 6106 1993 1229 3929 9171 17798 10917 14934 3877 35220 803 7106 3577 4001 9227 46946 23645 9167 1036 5728 15256 5180 705 312 5595 534 4023 1817 6344 14008 2449 5709 7175 6943 553 817 16915 1661 811 837 25129
leaf_count=2664 44274 7408 1878 7870 821 4348 9803 40142 7668 13529 35110 1114 6454 369 3755 10511 3275 3744 20833 1022 26840 6106 1993 1229 3929 9171 17798 10917 14934 3877 35220 803 7106 3577 4001 9227 46946 23645 9167 1036 5728 15256 5180 705 312 5595 534 4023 1817 6344 14008 2449 5709 7175 6943 553 817 16915 1661 811 837 25129
internal_value=7.22416e-07 0.00128703 -0.00136984 -0.00183354 -0.00170554 0.00162837 -0.000829507 0.00145709 0.00180692 -0.00153141 -0.00128944 -0.00313914 -0.0033464 -0.00408767 -0.000680779 -0.00186182 0.00225676 0.00214468 0.000425752 0.001119 0.000714602 0.00133881 -0.0034874 -0.00230799 0.00122219 0.00132477 0.00239871 0.00255893 0.000727784 0.000474207 -0.000631827 -0.00187909 0.00214984 0.0015535 0.00151345 0.00129607 0.00118557 -0.000802169 -0.000561289 -0.00449069 -0.00420247 -0.00232327 -0.0028831 0.00136465 0.00203673 0.000557557 0.00114471 -0.00253728 -0.00277761 0.000127182 2.39495e-05 -0.000210252 -0.00153708 -0.00167411 -0.00188037 -0.00136682 -0.00303401 0.00027451 0.00229934 0.0033115 0.00188468 -0.000959606
internal_weight=592615 305704 286911 154404 143312 218936 132507 172043 84554 127790 73768 15522 14408 7954 116061 54022 46893 43618 86768 87489 29504 10454 11092 3222 31257 57985 33164 28715 43134 28200 112306 16446 53297 10683 21733 17732 48502 68032 32812 7133 6097 22314 7058 4449 9483 9524 47480 6643 5840 43634 37290 23282 31708 25999 18824 8313 1370 24323 42614 2472 8505 38658
internal_count=592615 305704 286911 154404 143312 218936 132507 172043 84554 127790 73768 15522 14408 7954 116061 54022 46893 43618 86768 87489 29504 10454 11092 3222 31257 57985 33164 28715 43134 28200 112306 16446 53297 10683 21733 17732 48502 68032 32812 7133 6097 22314 7058 4449 9483 9524 47480 6643 5840 43634 37290 23282 31708 25999 18824 8313 1370 24323 42614 2472 8505 38658
is_linear=0
shrinkage=0.05


Tree=14
num_leaves=63
num_cat=0
split_feature=5 5 5 18 20 0 24 25 18 25 0 5 0 18 18 7 25 17 5 18 0 20 17 26 18 20 18 0 31 24 25 0 17 25 30 18 17 26 25 20 0 26 0 20 20 24 28 20 18 26 23 17 18 2 30 25 18 26 0 6 18 26
split_gain=377.602 37.4198 20.6475 14.9354 16.1043 8.69016 5.95243 6.82067 5.16437 4.51554 4.20709 3.9149 3.35959 3.0562 2.72888 2.45275 2.42393 2.41737 2.29481 2.04333 2.00182 1.9896 2.28592 1.84944 1.95788 1.79855 1.74221 1.6077 1.44483 1.42638 1.39478 1.38623 1.36086 1.32354 1.24165 1.26585 1.34982 1.19452 1.18506 1.57179 1.95709 1.06409 1.13151 1.24579 1.01486 1.0038 1.00119 1.00044 1.25344 1.78796 0.967905 1.11584 0.960358 0.945593 0.935358 0.921489 0.989287 1.03597 0.920034 0.91116 0.817434 0.81593
threshold=138.16400000000002 168.42850000000001 121.26950000000001 2.5000000000000004 4.5000000000000009 111703.15855293175 81.209163264113684 49.645480558772547 1.0000000180025095e-35 49.842032466646053 183652.3765976998 149.01850000000005 587852.8870595413 1.5000000000000002 1.5000000000000002 4.7500000000000009 11.084986703117535 5.5000000000000009 130.51600000000002 1.0000000180025095e-35 188519.21871477322 1.0000000180025095e-35 1.5000000000000002 75.126338128538606 1.0000000180025095e-35 1.0000000180025095e-35 2.5000000000000004 136198.15831771065 20.500000000000004 75.157626439447483 12.360736652926464 322476.50449600402 1.5000000000000002 8.5081251455146703 11.500000000000002 1.0000000180025095e-35 1.0000000180025095e-35 67.126810318823814 27.257703399610858 1.5000000000000002 140820.08675990006 31.3735237314907 439764.81904768985 2.5000000000000004 3.5000000000000004 48.691343797730831 -2.754020857403949e-05 1.0000000180025095e-35 1.0000000180025095e-35 35.658598498077197 1.0000000180025095e-35 1.0000000180025095e-35 1.0000000180025095e-35 2.1500000000000008 28.500000000000004 68.618117584860457 1.0000000180025095e-35 36.820623672163727 274623.31395841134 191.10000000000002 1.5000000000000002 90.282657664694327
decision_type=2 2 2 2 2 2 2 2 2 2 2 2 2 2 2 2 2 2 2 2 2 2 2 2 2 2 2 2 2 2 2 2 2 2 2 2 2 2 2 2 2 2 2 2 2 2 2 2 2 2 2 2 2 2 2 2 2 2 2 2 2 2
left_child=2 11 5 4 9 14 7 16 21 15 59 47 25 44 28 17 31 38 26 45 50 22 29 53 -25 -5 -10 -27 33 30 -4 -7 -21 -1 35 36 -8 -38 39 40 -3 -29 43 -43 55 -9 -22 48 49 -2 51 -18 61 -6 -19 56 57 -13 -28 -11 -50 -35
right_child=1 3 8 12 23 6 34 19 18 10 -12 13 -14 -15 -16 -17 20 54 -20 32 46 -23 -24 24 -26 27 58 41 -30 -31 -32 -33 -34 52 -36 -37 37 -39 -40 -41 -42 42 -44 -45 -46 -47 -48 -49 60 -51 -52 -53 -54 -55 -56 -57 -58 -59 -60 -61 -62 -63
leaf_value=0.0024630959398196789 -0.0011694044767594067 -0.0041097312701587983 0.0016220728606229876 -0.00048045450857832784 -0.002825049414622526 0.003252297030079487 0.0029593545310763287 0.00039509213690153925 0.0014116914074639854 -0.00090423143077873356 -0.0013965840786756155 -0.0010737364423982312 -0.0017612846595366233 -0.001594037118210416 0.0034834516703252608 -0.0011633154954199781 0.0013614212852179654 -0.0015317177980128964 0.0007914094206264914 0.00015573478113628926 0.00024937394181994592 0.0013997058884272868 4.3749242464813734e-05 -0.00055742251928321421 -0.0030586436372741065 -0.001543989707703483 0.0035716897385103296 -0.0013567744780518176 0.0029450663366997012 0.0012250070805513978 0.00040903140284008163 0.0016995045610422805 0.0021061342657877789 0.00082486101078638988 0.0033939899838811372 0.0031130828282519164 0.0026363998411210116 0.00094424421151863931 -0.0018296494031562101 -0.001482157744763487 -0.0023565436170229007 -0.0040836958462782914 -0.0029328507143717049 -0.001362976019288325 -0.0014766736724001288 0.0011006946158738631 0.0022021989597971066 0.00034597663544328313 0.00043524297061184959 -0.00016443944884454899 -0.00070409185900476283 0.001908348798105643 0.0014954637194606185 -0.0037896440525380529 -0.00071929583118244297 -0.00013019291400982231 -0.00022131233683867388 -0.00052645637839907273 0.0018584750238723321 -0.00041074263453425697 -0.00042148692381822461 0.0029665374561996917
leaf_weight=1487 6312 2169 2583 552 4156 5451 2612 7809 17490 20054 43426 15182 4797 8466 1166 24512 16496 22471 14866 1047 669 5919 23024 1308 1947 1092 1525 536 970 8951 28698 1952 6134 37892 5192 4611 1603 2985 21814 2986 5982 8375 3997 443 3000 14217 34684 9777 8730 14811 434 21455 6782 6537 4206 11376 11128 20089 1612 17530 4088 450
leaf_count=1487 6312 2169 2583 552 4156 5451 2612 7809 17490 20054 43426 15182 4797 8466 1166 24512 16496 22471 14866 1047 669 5919 23024 1308 1947 1092 1525 536 970 8951 28698 1952 6134 37892 5192 4611 1603 2985 21814 2986 5982 8375 3997 443 3000 14217 34684 9777 8730 14811 434 21455 6782 6537 4206 11376 11128 20089 1612 17530 4088 450
internal_value=6.86295e-07 -0.00119688 0.00133084 -0.00160965 -0.00146561 0.0016614 0.00187871 0.00174453 0.000774675 -0.00132782 -0.00106137 -0.000470117 -0.00291303 -0.000704011 0.00109368 -0.00158436 0.00198038 -0.00175745 0.00126499 0.00108933 0.00189379 0.000523099 0.000441073 -0.00309708 -0.00205354 -0.00328148 0.0016063 -0.00338854 0.00103512 0.000668454 0.000509197 0.00284286 0.00182176 0.000995375 0.00274955 0.00246626 0.00205202 0.00153547 -0.0020439 -0.00246355 -0.00282307 -0.0035394 -0.00363069 -0.00394701 -0.00058003 0.000850533 0.00216524 -9.9674e-05 -0.000228048 -0.000464744 0.00164377 0.00167062 0.000947008 -0.00341474 -0.00140363 -0.000533471 -0.000632346 -0.000762027 0.00269133 -0.000674057 0.000162009 0.000849997
internal_weight=592615 311849 280766 198890 179098 176098 127351 110348 104668 165150 81010 112959 19792 69241 48747 84140 81141 59628 35493 29207 73738 69175 63256 13948 3255 14995 20627 14443 47581 40232 31281 7403 7181 46611 17003 11811 7200 4588 32951 11137 8151 13351 12815 8818 60775 22026 35353 43718 33941 21123 38385 37951 45124 10693 26677 57775 46399 35271 3137 37584 12818 38342
internal_count=592615 311849 280766 198890 179098 176098 127351 110348 104668 165150 81010 112959 19792 69241 48747 84140 81141 59628 35493 29207 73738 69175 63256 13948 3255 14995 20627 14443 47581 40232 31281 7403 7181 46611 17003 11811 7200 4588 32951 11137 8151 13351 12815 8818 60775 22026 35353 43718 33941 21123 38385 37951 45124 10693 26677 57775 46399 35271 3137 37584 12818 38342
is_linear=0
shrinkage=0.05


Tree=15
num_leaves=63
num_cat=0
split_feature=5 3 1 20 18 0 18 28 3 24 18 18 27 3 27 17 21 18 20 27 18 21 20 20 0 0 26 26 19 24 0 21 26 0 20 18 17 21 21 18 21 31 21 17 27 17 26 17 24 31 17 26 18 26 21 0 21 18 27 3 23 24
split_gain=341.311 28.8851 23.7987 10.9374 12.2896 8.13152 5.76376 5.53608 4.36562 4.19356 3.49043 3.45575 3.18838 3.08363 2.83758 2.40476 2.73504 2.49306 3.77823 2.36136 2.13614 2.09267 2.11144 2.08951 2.04653 1.73632 1.7111 1.65953 1.56473 1.54654 1.43528 1.41145 1.40798 1.3411 1.33411 1.58198 1.32896 1.30333 1.72457 1.30152 1.29603 1.27447 1.21536 1.28143 1.20695 1.20344 1.19319 1.55547 1.67502 1.46837 1.1657 1.16497 1.12536 1.91835 1.09755 1.08258 1.02215 1.00471 0.979194 0.94956 1.24808 0.940975
threshold=140.9145 6652.3000000000002 6.5000000000000009 4.5000000000000009 2.5000000000000004 126929.4874171366 1.5000000000000002 -1.0000000180025095e-35 5935.4000000000005 81.209163264113684 1.0000000180025095e-35 1.5000000000000002 0.0064610893991250305 6304.4500000000016 0.005710934944302198 7.5000000000000009 1.0000000180025095e-35 1.0000000180025095e-35 3.5000000000000004 0.0023008866250400378 1.0000000180025095e-35 1.5000000000000002 6.5000000000000009 3.5000000000000004 112606.3426449547 453431.71461718489 43.034875662704444 37.083846441232311 1.0000000180025095e-35 81.798544610906774 235723.19924998403 1.5000000000000002 50.506573632544445 274623.31395841134 1.0000000180025095e-35 1.0000000180025095e-35 6.5000000000000009 2.5000000000000004 1.0000000180025095e-35 2.5000000000000004 1.5000000000000002 20.500000000000004 1.5000000000000002 3.5000000000000004 0.0033742576008909449 5.5000000000000009 70.834934289243137 1.0000000180025095e-35 45.097832031202039 18.500000000000004 1.5000000000000002 51.629729011186967 1.0000000180025095e-35 33.463021696214888 1.5000000000000002 703512.22878528992 4.5000000000000009 1.0000000180025095e-35 0.0023008866250400378 5371.3000000000011 1.0000000180025095e-35 81.209163264113684
decision_type=2 2 2 2 2 2 2 2 2 2 2 2 2 2 2 2 2 2 2 2 2 2 2 2 2 2 2 2 2 2 2 2 2 2 2 2 2 2 2 2 2 2 2 2 2 2 2 2 2 2 2 2 2 2 2 2 2 2 2 2 2 2
left_child=2 6 8 4 15 11 13 -7 10 19 61 29 44 58 45 16 26 24 33 20 51 -5 -23 30 27 -14 -3 -18 46 41 37 -16 -31 -19 35 40 -20 38 -15 -12 -10 57 43 50 -6 -8 47 48 -21 -50 -26 -9 53 54 -40 -46 -17 -4 -2 60 -49 -1
right_child=1 3 5 21 12 7 14 9 34 -11 39 -13 25 23 31 56 17 18 36 28 -22 22 -24 -25 42 -27 -28 -29 -30 32 -32 -33 -34 -35 -36 -37 -38 -39 52 -41 -42 -43 -44 -45 55 -47 -48 59 49 -51 -52 -53 -54 -55 -56 -57 -58 -59 -60 -61 -62 -63
leaf_value=0.00054687197503264435 -0.00054291826674047539 -0.0015192492889688138 0.00085976902172402571 -0.0035555633783757399 -0.0006435259041690345 0.00051158700299400856 -3.1126136842258011e-05 0.00055871177468546436 8.5963278210935182e-05 0.0026930985344293277 0.0012775167417973176 0.0032885482625139538 -0.0039876168151321738 -0.00029540154663220016 -0.0021526233849519338 -0.0009560666525499598 -0.0039986665965780419 -0.00069447457342198269 -0.0013209995581292015 0.00039603412750017309 0.0024126316055395444 -0.0030592551279719571 -0.00046685718255501016 -0.0016938500450112449 -0.00044698397920097451 -0.002521746435771128 -0.00097634628484338966 -0.0018377271881051529 0.00071011573555068968 0.003723858563010685 -0.00090973241176899576 -0.0047231969790642757 0.0015167814492079087 -0.0014589110123416555 0.0011101474464235337 0.00058816434640727219 -0.0036640957167432897 0.00053947873429382564 -0.0016922733010708985 0.0023697617637258982 -0.0010732009390918152 0.0024361628443331359 -0.002481671230395581 -0.0012369665944340046 -0.0027638348600677507 -0.001315737765221038 0.0028925096195450153 0.0022187299692405099 0.0015979532998003461 0.002973681472115079 -0.0023317376663695225 0.0015873557257261696 -0.00020416624506949438 -0.00073089710594167296 -0.0039238199112858465 -0.0012256824690195058 0.00056371233587589986 0.0014653596160217322 1.4739504177533568e-07 0.0016670104287341879 -0.001278243013047242 0.001211996194961552
leaf_weight=34306 12052 26639 48690 8204 1256 7604 2285 7901 25520 14680 17354 1787 5744 27338 5209 18938 2260 9046 827 2651 2973 2056 1271 5060 927 3116 31885 1464 2697 852 30948 595 4758 15687 4484 16910 2256 2987 3649 3236 2663 1470 6216 8579 4274 9020 3124 35485 21697 2130 7133 4224 3956 8416 649 1562 1175 7970 26666 11258 257 6293
leaf_count=34306 12052 26639 48690 8204 1256 7604 2285 7901 25520 14680 17354 1787 5744 27338 5209 18938 2260 9046 827 2651 2973 2056 1271 5060 927 3116 31885 1464 2697 852 30948 595 4758 15687 4484 16910 2256 2987 3649 3236 2663 1470 6216 8579 4274 9020 3124 35485 21697 2130 7133 4224 3956 8416 649 1562 1175 7970 26666 11258 257 6293
internal_value=1.11499e-06 -0.00118628 0.00121433 -0.00164306 -0.00152824 0.00156569 -0.000658156 0.001816 0.000636353 0.00190694 0.000918901 0.00111997 -0.00283965 -0.000537372 -0.00151747 -0.00137098 -0.0014607 -0.00171595 -0.00138506 0.00178468 0.00121156 -0.00312662 -0.00206889 -0.000709253 -0.00206223 -0.00347208 -0.00122347 -0.00314915 0.0018938 0.00105917 -0.000645334 -0.00241615 0.00185197 -0.00117932 0.000287625 0.000205835 -0.00303557 -0.000471217 -0.000539817 0.00144918 -2.35657e-05 0.000982663 -0.00188513 -0.00166227 -0.00204955 -0.00105609 0.00193547 0.00189478 0.00158829 0.00172094 -0.00211497 0.000917062 -0.000940646 -0.0011698 -0.00202924 -0.00235215 -0.000867281 0.000944954 -0.000168896 0.00206745 0.00219359 0.000649969
internal_weight=592319 299345 292974 160515 148984 182208 138830 116681 110766 109077 61189 65527 15952 121721 17109 133032 112919 54395 27816 94397 15098 11531 3327 83003 26579 8860 58524 3724 79299 63740 77943 5804 5610 24733 49577 45093 3083 46995 44008 20590 28183 58130 22855 16639 7092 11305 76602 73478 26478 23827 8060 12125 16670 12714 4298 5836 20113 56660 38718 47000 35742 40599
internal_count=592319 299345 292974 160515 148984 182208 138830 116681 110766 109077 61189 65527 15952 121721 17109 133032 112919 54395 27816 94397 15098 11531 3327 83003 26579 8860 58524 3724 79299 63740 77943 5804 5610 24733 49577 45093 3083 46995 44008 20590 28183 58130 22855 16639 7092 11305 76602 73478 26478 23827 8060 12125 16670 12714 4298 5836 20113 56660 38718 47000 35742 40599
is_linear=0
shrinkage=0.05


Tree=16
num_leaves=63
num_cat=0
split_feature=3 3 3 20 28 24 25 27 17 3 24 30 21 17 17 3 25 25 21 17 20 29 20 24 17 25 20 21 26 21 25 20 20 26 17 17 25 3 21 20 21 20 25 26 25 26 25 27 17 24 26 26 25 27 23 25 20 17 25 21 20 21
split_gain=308.156 26.7533 21.7099 9.59248 7.39016 6.8152 5.72159 4.46317 4.06333 3.31954 3.25344 2.73629 2.85874 2.63552 2.60175 2.46288 2.04012 1.89747 1.89077 1.85649 1.97059 1.78638 1.76367 1.63243 1.63162 1.5604 1.75272 2.76801 1.53873 1.89712 1.98683 1.4713 1.62733 1.45106 1.38125 1.93633 1.37183 1.36255 1.3108 1.30527 1.26504 1.39031 1.25505 1.25048 1.19289 1.10732 1.08338 1.04514 1.02811 1.07267 1.09859 0.971409 0.969328 0.932144 0.918071 0.911008 1.01509 0.882113 0.881339 0.873281 0.84472 0.823488
threshold=6139.8500000000013 5732.6000000000013 6674.2500000000009 4.5000000000000009 -1.0000000180025095e-35 81.209163264113684 15.763643920596115 0.0045263074081567578 10.500000000000002 6059.5500000000011 57.485208022596858 19.500000000000004 1.0000000180025095e-35 11.500000000000002 1.0000000180025095e-35 6443.6000000000013 13.927933194169226 50.093409079463548 1.5000000000000002 7.5000000000000009 3.5000000000000004 5.5000000000000009 6.5000000000000009 81.209163264113684 5.5000000000000009 44.129414862940365 1.5000000000000002 2.5000000000000004 21.615971806361078 1.0000000180025095e-35 66.104511431942697 3.5000000000000004 1.5000000000000002 52.358557884278625 1.0000000180025095e-35 2.5000000000000004 90.818263455462898 5159.6000000000013 1.0000000180025095e-35 1.0000000180025095e-35 1.0000000180025095e-35 1.0000000180025095e-35 82.247602311362229 19.972149105623817 0.35505529831132049 47.648436203274677 52.882366270353394 0.0018480000650004515 3.5000000000000004 68.951378783627788 54.974476962867882 47.940780825358061 39.863349641181117 0.0040596271178116065 1.0000000180025095e-35 5.8978332682307437 1.0000000180025095e-35 7.5000000000000009 96.047472766735694 1.5000000000000002 2.5000000000000004 2.5000000000000004
decision_type=2 2 2 2 2 2 2 2 2 2 2 2 2 2 2 2 2 2 2 2 2 2 2 2 2 2 2 2 2 2 2 2 2 2 2 2 2 2 2 2 2 2 2 2 2 2 2 2 2 2 2 2 2 2 2 2 2 2 2 2 2 2
left_child=1 4 8 7 36 6 34 17 15 16 14 12 43 19 -8 -2 -3 24 -5 20 25 33 53 39 40 26 27 48 38 -30 45 32 52 -7 51 -36 44 59 47 -18 -4 -42 -39 -12 -1 -31 54 -16 -9 50 -50 -6 57 -20 -45 -11 -57 61 -35 -14 -43 -17
right_child=2 9 3 18 5 21 10 13 -10 55 11 -13 37 -15 28 31 23 -19 22 -21 -22 -23 -24 -25 -26 -27 -28 -29 29 30 -32 -33 -34 58 35 -37 -38 42 -40 -41 41 60 -44 46 -46 -47 -48 -49 49 -51 -52 -53 -54 -55 -56 56 -58 -59 -60 -61 -62 -63
leaf_value=0.0027827000233869815 -0.00046125633672981965 0.0015017363856130931 -0.0013619357998848319 -0.0034140443248492458 0.0018624797903505814 0.0028706319566638083 0.00030951675753572785 -0.0022293682681110661 -0.001988932311030465 0.00093282966678118586 0.0033781047589526354 0.002121609572872306 0.0023444065758146263 -0.0025900441941376887 0.00039142122405715811 -0.0018330679150349517 0.00034981881001004499 -0.00097395479494929516 -0.00027693211170704717 -0.00092314057780491527 -0.0033878294727167201 0.0030032198098639304 -0.00047530969038484016 0.0011612954730950756 -0.0010902638555524099 -0.0014372961234907567 -0.0014177755242287321 -0.0014719754551935265 0.00061013277481976509 0.00080110690370464486 0.0026824532617746636 -0.0017861708631807364 -0.00037776727394091161 0.0016526804021914127 0.0018717742371051266 0.003826957487063111 0.001923186526886209 0.0011787440543970195 0.0010864763574506778 0.0014722919056581096 -0.00045597753707432576 -0.0024067669881601503 0.0031193456439840921 0.0013162063456500265 0.0003878896479182041 0.002430016607444567 0.00075854862743134175 0.0025265078593269563 -0.0032361456295194762 -0.0023444207526168675 -0.005126403236116202 0.0039709967517360476 -0.00081443116582570235 -0.0033398281183825256 -0.00057950888694341125 -6.348233958727746e-05 0.00064006060014347964 -0.0003074377474162929 0.0031584521320882201 0.00026942296535159918 -0.00072569403230112958 -0.00089228559943431071
leaf_weight=534 74011 6749 11547 7870 746 4040 11108 3004 5907 3080 669 14437 11250 8726 655 7336 36118 39376 291 7492 1811 6928 1218 9503 17064 24648 7514 5149 14286 6021 2649 4377 14147 11438 8842 1478 1715 7096 4360 2790 1161 9794 944 56214 19825 1262 11295 4588 2148 1618 1197 2040 21824 1697 646 34563 6020 1695 1062 531 809 3406
leaf_count=534 74011 6749 11547 7870 746 4040 11108 3004 5907 3080 669 14437 11250 8726 655 7336 36118 39376 291 7492 1811 6928 1218 9503 17064 24648 7514 5149 14286 6021 2649 4377 14147 11438 8842 1478 1715 7096 4360 2790 1161 9794 944 56214 19825 1262 11295 4588 2148 1618 1197 2040 21824 1697 646 34563 6020 1695 1062 531 809 3406
internal_value=1.05924e-06 0.00110616 -0.00117588 -0.0015795 0.00142973 0.00153313 0.00141718 -0.00146974 -0.000707073 0.000429511 0.00132851 0.00148328 0.00137931 -0.0017832 0.000973435 -0.000647356 0.000687336 -0.00122092 -0.00299709 -0.00165421 -0.00177052 0.00232918 -0.00197355 0.0005738 -0.00146177 -0.00170583 -0.00202667 -0.0023755 0.00119149 0.00097912 0.00150986 -0.00090829 -0.000828913 0.00204686 0.00241849 0.00215179 0.000565106 0.00190841 0.00172707 0.000430309 -0.00173371 -0.00209864 0.0014066 0.00122694 0.000450704 0.00108336 0.00120582 0.00225977 -0.00295944 -0.00340133 -0.00391257 0.0034064 -0.0010152 -0.00289149 0.00129467 0.000103798 4.08798e-05 -0.0013675 0.00178061 0.00225088 -0.0022785 -0.00153477
internal_weight=592319 305482 286837 154134 206659 184585 161117 143058 132703 98823 148011 103082 88645 63307 44929 126796 55160 79751 11076 54581 47089 23468 3206 48411 40375 45278 20630 13116 33821 24218 9932 52785 48408 16540 13106 10320 22074 19821 9603 38908 23311 11764 8040 68824 20359 7283 68155 5243 7967 4963 3345 2786 34261 1988 56860 43663 40583 12437 12500 11781 10603 10742
internal_count=592319 305482 286837 154134 206659 184585 161117 143058 132703 98823 148011 103082 88645 63307 44929 126796 55160 79751 11076 54581 47089 23468 3206 48411 40375 45278 20630 13116 33821 24218 9932 52785 48408 16540 13106 10320 22074 19821 9603 38908 23311 11764 8040 68824 20359 7283 68155 5243 7967 4963 3345 2786 34261 1988 56860 43663 40583 12437 12500 11781 10603 10742
is_linear=0
shrinkage=0.05


Tree=17
num_leaves=63
num_cat=0
split_feature=5 5 5 18 20 0 18 28 25 24 25 0 27 5 21 18 30 25 18 0 6 21 21 18 26 24 17 17 26 0 0 22 21 18 20 26 17 17 26 25 20 20 31 26 0 27 26 0 25 27 17 21 21 0 5 27 25 22 26 21 27 20
split_gain=278.382 30.5768 13.4443 11.4625 11.9782 7.03479 4.58274 4.57568 4.36648 3.75659 3.60103 3.64361 3.55199 3.41887 3.10577 2.50491 2.14304 2.11433 2.09186 2.07747 1.98988 1.98199 1.83226 2.85801 1.75232 1.74219 1.73006 1.69717 1.66005 1.40861 1.39599 1.32194 1.32107 1.93288 1.75589 1.44904 1.29603 1.82882 1.73088 1.25855 1.1949 1.48969 1.12134 1.11173 1.10353 1.1018 1.06788 1.05775 1.04673 1.03743 1.03672 1.11867 1.03204 1.7959 1.01504 1.01148 0.953895 1.93136 0.953264 0.899347 0.993224 0.877935
threshold=136.91400000000002 168.42850000000001 120.16800000000002 2.5000000000000004 4.5000000000000009 111703.15855293175 1.0000000180025095e-35 -1.0000000180025095e-35 29.916260541180996 57.485208022596858 49.641759607705417 186170.96516272944 0.006054202904005857 147.38950000000003 1.0000000180025095e-35 1.5000000000000002 35.500000000000007 15.274919497605277 1.5000000000000002 476429.750826061 191.10000000000002 1.0000000180025095e-35 1.5000000000000002 1.0000000180025095e-35 25.445651163859036 80.881073467656805 1.0000000180025095e-35 5.5000000000000009 37.787068706809841 264042.46991680219 253920.6334798804 3.5000000000000004 1.0000000180025095e-35 1.0000000180025095e-35 2.5000000000000004 47.030452702029265 2.5000000000000004 1.0000000180025095e-35 51.629729011186967 16.923911151840063 3.5000000000000004 2.5000000000000004 20.500000000000004 84.49321953835134 173565.87356343996 0.0029147897247777865 23.455665173384805 671865.11906460568 8.5081251455146703 0.0054619003799789108 6.5000000000000009 1.5000000000000002 1.0000000180025095e-35 126106.87100563801 129.75250000000003 0.0042186778550977319 90.818263455462898 1.0000000180025095e-35 49.924300653180758 1.0000000180025095e-35 0.0019102463935093384 1.0000000180025095e-35
decision_type=2 2 2 2 2 2 2 2 2 2 2 2 2 2 2 2 2 2 2 2 2 2 2 2 2 2 2 2 2 2 2 2 2 2 2 2 2 2 2 2 2 2 2 2 2 2 2 2 2 2 2 2 2 2 2 2 2 2 2 2 2 2
left_child=2 13 5 4 10 18 21 -7 36 26 20 -12 45 -2 16 32 24 29 42 31 27 25 -6 -24 -11 39 -10 52 -23 -8 43 -14 -15 35 -35 -34 37 38 -9 -4 41 -22 48 -26 61 -5 59 50 -1 -17 -47 -52 -3 -54 -19 -25 -50 -58 -27 60 -28 -41
right_child=1 3 6 12 22 7 17 8 9 14 11 -13 19 15 -16 49 -18 54 -20 -21 40 28 23 55 30 58 46 -29 -30 -31 -32 -33 33 34 -36 -37 -38 -39 -40 44 -42 -43 -44 -45 -46 47 -48 -49 56 -51 51 -53 53 -55 -56 -57 57 -59 -60 -61 -62 -63
leaf_value=0.0021849229314099116 -2.1347482048023081e-05 -0.0015932155796623234 0.0015212352098746922 -0.00033443438249080042 -0.0030357600276090468 0.00050764959523952064 0.0028157108098065234 0.0016454851723557641 0.0002488452520492147 0.0034157830953255291 -0.00054980415470000322 -0.0012189502875721491 -0.0036898279217130779 -0.00023998845745701669 0.0023124893547301416 -0.0009534231563992396 0.0025601461768072274 0.0012473617587967576 0.0030586642590270472 -0.0021437747307074227 -0.0011629596537657727 -0.00050901707480495613 -0.00032008693660574313 -0.0001799788571390439 0.0012576443115307895 0.0025624258545627297 0.00040978896446814783 -0.0012630624842173981 0.00041476969373636713 0.0013842499560600934 0.0019935022259370888 -0.00034745125307286895 -0.0014435366035116365 -4.0198776556090228e-05 -0.0014959412471927615 -0.00056344267130478416 0.0036660526649867058 0.0019719700826900592 0.0038341312785211325 0.00019896218819270272 -0.0030178349588804807 -6.1880222826715884e-05 0.002545327809215462 0.0027183332354665298 0.00080991913820122486 -0.00032495819291832484 0.00098138889566650855 -0.00096374518716797048 0.00074955682435910579 -0.002061485685560895 -0.0024098336042610896 -0.0057005857286191938 -0.0035987004068960115 -0.0019345442336039581 0.00063775396569343626 -0.0033963998183687777 0.0042057866516969642 0.00062216208418583256 0.001101165238240051 0.0011727750771674276 0.0029151306377441771 0.0018259525111796731
leaf_weight=1397 43755 14038 3047 1220 9870 8283 2844 1292 5579 1136 38326 43359 7487 32243 18857 5895 4985 16125 1122 3896 33595 7629 1844 280 39557 1435 479 20943 13414 4343 9002 308 9885 13001 2464 8877 1918 11888 3003 23113 798 3381 982 1347 14499 555 10491 1889 42351 3292 4017 276 1994 8671 11844 1924 610 980 5022 2530 2272 860
leaf_count=1397 43755 14038 3047 1220 9870 8283 2844 1292 5579 1136 38326 43359 7487 32243 18857 5895 4985 16125 1122 3896 33595 7629 1844 280 39557 1435 479 20943 13414 4343 9002 308 9885 13001 2464 8877 1918 11888 3003 23113 798 3381 982 1347 14499 555 10491 1889 42351 3292 4017 276 1994 8671 11844 1924 610 980 5022 2530 2272 860
internal_value=1.00628e-06 -0.00100547 0.00116841 -0.00138553 -0.00125971 0.00144241 0.00072111 0.00164244 0.00172465 0.00159064 -0.00114097 -0.000904992 -0.00253193 -0.000373149 0.00175745 -0.000576608 0.00157064 0.00118577 0.000925412 -0.00308655 -0.00137204 0.000484428 -0.00266836 -0.00177256 0.001474 0.000661879 0.0010056 -0.00159418 7.98569e-05 0.0019507 0.0014298 -0.00355776 -0.00046965 -0.000685998 -0.000272139 -0.00102713 0.00243711 0.00229146 0.00317575 0.000543056 -0.00110359 -0.00106228 0.000873739 0.00130575 0.000465584 -0.00171705 0.00127329 -0.00196742 0.000837533 -0.00135048 -0.0023585 -0.0026214 -0.00187491 -0.00224569 0.000989212 -0.00298778 0.000794696 0.00199701 0.00142591 0.00185317 0.0024789 0.000257328
internal_weight=592319 318083 274236 198671 179023 170061 104175 122619 114336 96235 165105 81685 19648 119412 74884 75657 56027 35156 47442 11691 83420 69019 13918 4048 51042 47976 21351 45646 21043 7187 49906 7795 66470 34227 15465 18762 18101 16183 4295 41519 37774 36976 46320 40904 38472 7957 15772 6737 45338 9187 4848 4293 24703 10665 27969 2204 43941 1590 6457 5281 2751 23973
internal_count=592319 318083 274236 198671 179023 170061 104175 122619 114336 96235 165105 81685 19648 119412 74884 75657 56027 35156 47442 11691 83420 69019 13918 4048 51042 47976 21351 45646 21043 7187 49906 7795 66470 34227 15465 18762 18101 16183 4295 41519 37774 36976 46320 40904 38472 7957 15772 6737 45338 9187 4848 4293 24703 10665 27969 2204 43941 1590 6457 5281 2751 23973
is_linear=0
shrinkage=0.05


Tree=18
num_leaves=63
num_cat=0
split_feature=5 7 3 18 20 0 18 18 25 0 27 3 24 25 18 17 0 25 27 22 25 25 24 24 17 20 17 22 3 22 0 17 26 24 3 19 25 27 0 27 25 25 27 0 17 18 24 20 20 27 0 26 3 27 29 20 18 26 0 22 20 25
split_gain=251.283 25.5041 13.9889 10.1157 10.6028 6.41685 3.80434 3.70109 3.14358 3.40244 3.07675 2.99352 2.53701 3.76995 2.42628 2.06257 1.86953 1.82356 1.61219 1.60883 1.58139 1.52328 1.52 1.49724 1.42633 1.41517 1.89015 1.39058 1.26221 1.23486 1.17893 1.1649 1.15782 1.1184 1.07345 1.0485 0.992159 0.984394 0.97564 0.953407 0.938388 0.938044 0.919831 0.901637 0.925833 0.900497 1.05497 0.896164 0.892849 0.967802 0.922811 0.901803 0.888254 0.959559 0.875807 0.855632 1.12822 1.5101 0.831751 0.823062 0.771735 0.767133
threshold=138.16400000000002 5.0500000000000007 5540.8000000000011 2.5000000000000004 4.5000000000000009 149098.16971117884 1.0000000180025095e-35 1.0000000180025095e-35 45.551147317904245 221179.04655210939 0.006054202904005857 6276.8000000000002 86.925646364718887 49.645480558772547 1.5000000000000002 4.5000000000000009 453431.71461718489 15.274919497605277 0.003699843640754606 1.0000000180025095e-35 16.923911151840063 97.1294705127886 42.938070308371245 60.941028550002507 2.5000000000000004 1.0000000180025095e-35 1.5000000000000002 1.5000000000000002 6810.3000000000002 3.5000000000000004 268175.05163201824 2.5000000000000004 41.732392049947784 67.232829684842827 5886.9500000000007 1.0000000180025095e-35 12.360736652926464 0.0052776811060010172 645392.3334050366 0.0029147897247777865 66.104511431942697 27.257703399610858 0.0023558344127171953 703512.22878528992 6.5000000000000009 1.0000000180025095e-35 77.734842743113333 1.5000000000000002 3.5000000000000004 0.0022656554865426574 206397.42197495952 40.448982035854115 6788.1000000000013 0.003699843640754606 5.5000000000000009 1.0000000180025095e-35 1.0000000180025095e-35 35.38477949016702 249893.51834805563 1.0000000180025095e-35 3.5000000000000004 15.763643920596115
decision_type=2 2 2 2 2 2 2 2 2 2 2 2 2 2 2 2 2 2 2 2 2 2 2 2 2 2 2 2 2 2 2 2 2 2 2 2 2 2 2 2 2 2 2 2 2 2 2 2 2 2 2 2 2 2 2 2 2 2 2 2 2 2
left_child=2 3 5 4 8 6 20 25 15 27 39 55 13 31 48 28 29 30 -6 24 -1 23 -15 -22 -8 26 33 47 -2 59 -9 35 -25 36 -19 42 -4 -16 52 -5 -24 58 -7 44 -41 46 -20 -10 49 51 -51 -13 60 -54 -34 56 57 -3 -30 -12 -17 -21
right_child=1 11 7 10 18 12 19 17 9 -11 16 14 -14 22 37 38 -18 34 45 61 21 -23 40 32 -26 -27 -28 -29 41 -31 -32 -33 54 -35 -36 -37 -38 -39 -40 43 -42 -43 -44 -45 -46 -47 -48 -49 -50 50 -52 -53 53 -55 -56 -57 -58 -59 -60 -61 -62 -63
leaf_value=0.0018145074561965969 -0.0012687863175369768 -0.0010708755330398254 0.0014273945268353536 -0.00034608255558821828 -0.0011640874927550467 0.0011823749129567743 0.0017765815315588318 0.002540787024245979 -0.0012759481716314563 -0.0012641714887659809 -0.0015830120593785105 -0.0011995042343787296 0.0024529439284744635 0.00026109732388033744 -0.00091420734441437711 -0.00072237244671474331 -0.0020992868352363646 0.0011264897141932434 -0.0029049278016797953 0.003803010205372534 0.0004186807350304272 0.0035694653592814201 0.00086329643681770554 0.0021320932042534261 0.0031338054535488672 0.0011568045039442906 -1.598695008539091e-05 -0.00043606363814367992 -0.0028663823436396426 -0.00033007869522336551 0.0012340546397540141 0.0029528242395994984 0.00080771943901474625 0.00091581763023516568 0.00050050648105857867 0.00021577115738421164 0.00027284098405321332 -0.0019583024451955496 -0.00036951376751414352 -0.00029890980927711096 0.0016042133783320336 -0.0016414325070966955 0.0018221816302343753 -0.00088268272964636067 -0.0024842624258923601 -0.0030777629603304471 -0.0012336342126831323 -0.00059562618593184276 -0.0012789726191123898 -0.00011894702947001753 -0.00056675575512286458 -0.00045765133169557519 -0.00096531051305641206 -0.0016035004226210002 0.0014134199979794965 0.00034181898215017399 0.00017886590570147484 -0.00014320560581366446 -0.0017568777808842603 -0.0037144539196624694 -0.0027732718886863952 0.00082204782589407179
leaf_weight=4337 12660 6204 2015 1187 1797 6300 7146 2868 10784 37391 487 7056 8808 5254 5420 10332 4162 16245 2066 228 17929 503 8553 2003 2655 5884 22950 32180 3856 308 4335 1992 37771 13884 11840 1131 24311 3869 4015 547 8541 11482 51862 1658 4252 7880 1739 8783 3373 24885 21396 9767 9611 15213 7088 9693 12855 14978 3006 6473 480 4041
leaf_count=4337 12660 6204 2015 1187 1797 6300 7146 2868 10784 37391 487 7056 8808 5254 5420 10332 4162 16245 2066 228 17929 503 8553 2003 2655 5884 22950 32180 3856 308 4335 1992 37771 13884 11840 1131 24311 3869 4015 547 8541 11482 51862 1658 4252 7880 1739 8783 3373 24885 21396 9767 9611 15213 7088 9693 12855 14978 3006 6473 480 4041
internal_value=9.55966e-07 -0.00097572 0.00108687 -0.00133212 -0.00121182 0.00135864 0.00104149 0.000628059 -0.00109821 -0.000900765 -0.002425 -0.000402035 0.0016458 0.0015608 -0.000592159 -0.0013473 -0.00294431 0.00104462 -0.00255834 0.00179138 0.000889959 0.000828548 0.00100488 0.00080727 0.00214424 0.000415158 0.000346066 -0.000638177 -0.00165281 -0.00342821 0.00175435 0.00176351 0.00095594 0.00055271 0.000862589 0.00172356 0.000361211 -0.00134909 -0.00110842 -0.00164847 0.00123349 -0.00191784 0.00175288 -0.00188789 -0.00223517 -0.00277276 -0.0021411 -0.000970573 -0.000486392 -0.000444027 -0.000325972 -0.000768804 -0.00119167 -0.00135642 0.000903424 -7.26292e-05 -0.000190655 -0.000414911 -0.00238035 -0.00356531 -0.000813422 0.000981256
internal_weight=592319 311845 280474 192349 173275 176142 83701 104332 159793 89138 19074 119496 92441 83633 75766 70655 11430 35288 13482 14070 69631 65294 22348 64791 9801 69044 63160 51747 31004 7268 7203 61285 46862 40210 28085 59293 26326 9289 39651 7644 17094 18344 58162 6457 4799 11685 3805 19567 66477 63104 46281 16823 35636 24824 44859 43730 34037 21182 6862 6960 10812 4269
internal_count=592319 311845 280474 192349 173275 176142 83701 104332 159793 89138 19074 119496 92441 83633 75766 70655 11430 35288 13482 14070 69631 65294 22348 64791 9801 69044 63160 51747 31004 7268 7203 61285 46862 40210 28085 59293 26326 9289 39651 7644 17094 18344 58162 6457 4799 11685 3805 19567 66477 63104 46281 16823 35636 24824 44859 43730 34037 21182 6862 6960 10812 4269
is_linear=0
shrinkage=0.05


Tree=19
num_leaves=63
num_cat=0
split_feature=3 3 3 20 18 18 3 0 18 25 21 18 20 26 22 0 22 25 0 27 17 24 25 24 25 20 0 18 21 21 0 21 20 22 24 22 21 17 0 17 0 21 21 24 17 25 25 31 25 0 22 0 0 26 17 17 24 21 0 31 21 17
split_gain=226.867 18.115 18.0385 7.15703 8.01013 5.94844 5.28468 5.46904 4.67072 2.44242 2.41841 3.2572 2.83993 2.42042 2.33396 2.59387 2.90039 2.29053 2.20335 2.05169 2.01718 1.93238 1.66581 1.6965 1.60906 1.68569 1.55982 1.52549 1.59644 1.48854 1.48677 1.44012 1.34778 1.32913 1.32731 1.23895 1.20659 1.1991 1.45913 1.19833 1.17848 1.14921 1.74383 1.14298 1.10674 1.09974 1.08839 1.06282 1.04671 1.0108 0.958612 0.941968 0.940899 0.931801 0.915079 0.902235 0.863112 1.75017 0.854001 0.851209 0.850416 0.82507
threshold=6114.4500000000016 6674.2500000000009 5830.1500000000005 4.5000000000000009 2.5000000000000004 1.0000000180025095e-35 5414.0000000000009 140820.08675990006 1.5000000000000002 40.155823803891224 1.0000000180025095e-35 1.0000000180025095e-35 3.5000000000000004 47.030452702029265 3.5000000000000004 545296.39330405358 1.0000000180025095e-35 23.946262301417708 222751.35027821382 0.0058206738568424218 4.5000000000000009 76.681123932539535 49.645480558772547 75.61417999482633 5.8978332682307437 1.0000000180025095e-35 247827.66546422656 1.0000000180025095e-35 1.5000000000000002 1.5000000000000002 218092.28112315133 1.5000000000000002 6.5000000000000009 1.5000000000000002 89.616105224488521 1.5000000000000002 1.5000000000000002 2.5000000000000004 104396.6704931748 3.5000000000000004 325740.45058430365 1.5000000000000002 2.5000000000000004 58.034058036656653 5.5000000000000009 97.961027016796464 8.5081251455146703 38.500000000000007 43.887092180881687 69337.619618890269 1.5000000000000002 545296.39330405358 295815.08928529453 35.38477949016702 1.5000000000000002 8.5000000000000018 37.428693435038632 1.0000000180025095e-35 54169.048251842112 20.500000000000004 1.5000000000000002 7.5000000000000009
decision_type=2 2 2 2 2 2 2 2 2 2 2 2 2 2 2 2 2 2 2 2 2 2 2 2 2 2 2 2 2 2 2 2 2 2 2 2 2 2 2 2 2 2 2 2 2 2 2 2 2 2 2 2 2 2 2 2 2 2 2 2 2 2
left_child=2 8 5 4 9 6 7 45 10 20 43 13 30 37 15 16 -6 26 33 44 58 39 47 -24 -4 27 49 28 53 -5 60 35 -31 -11 48 -18 -21 -12 -39 56 -37 -40 -43 50 -10 46 -1 -9 -8 -7 -2 61 -52 -26 -27 -14 57 -19 -3 -48 -13 -22
right_child=1 3 24 29 14 17 34 22 19 18 11 12 55 -15 -16 -17 31 21 -20 36 51 -23 23 -25 25 54 -28 -29 -30 32 -32 -33 -34 -35 -36 40 -38 38 41 -41 -42 42 -44 -45 -46 -47 59 -49 -50 -51 52 -53 -54 -55 -56 -57 -58 -59 -60 -61 -62 -63
leaf_value=0.0022124918382710602 -0.00079309643402354895 -0.0037042647493875421 0.0011354127635723403 -0.0029555289428276382 -0.00026498802866251433 0.00014776504542542558 0.00085888363327796572 0.0016558095218461516 5.267537263993446e-05 -0.0010923548055635781 -0.00049502206038099948 -0.00072473489800664505 -0.0010788278068802769 -0.00055938186953827544 -9.2077561886182147e-05 -0.0015443038512304081 -0.00016055877170085238 -0.00067524360675623484 -0.0012713418137020862 -0.001850498929998477 -0.0014911470022507291 0.0020169184082220932 0.0007106922787767008 0.0018566689920234509 -0.00037186746447896604 0.0030441711485279183 0.0017643346262331992 0.00047755802993373415 -0.0010002139102963789 -0.0024798492564474823 -0.00039253422263036531 -0.0049565892023522226 -0.00036767610502649379 -0.00053964845615902353 0.0015741670356897626 -0.003955683739972969 -0.004159804254602553 -0.0028127651060917578 -0.00085558691564537905 0.00018984931790355362 -0.0026516673641802258 -0.0027263297431665535 -0.0011762737471814136 -7.2184111575906411e-06 -0.0011938763441128059 0.0040866990176833826 0.00077728730644429712 0.0034814225230653442 0.00041108864757680099 0.0031043902447007972 -1.4834391041793763e-05 -0.00057069146718790882 -0.00090982188147066306 0.0002129459175189667 0.00078871765310689157 -0.0028447159932241629 0.0015082068162831177 0.0014199714957224907 -0.0017763816472818779 0.0019649588172615741 0.00060743856796360385 -0.00081938477454496564
leaf_weight=1429 12052 594 5270 7870 892 307 22491 50552 2218 17366 3117 1415 2131 16563 1070 4659 362 1477 35020 5315 16394 11867 9974 4776 9177 480 6277 21812 3926 1988 16147 1092 1218 29111 3733 2830 633 2049 5877 2437 4468 2993 4608 28743 9029 264 49559 810 31088 4951 13385 5427 3762 26422 7126 1095 18416 3065 17435 1556 7811 6338
leaf_count=1429 12052 594 5270 7870 892 307 22491 50552 2218 17366 3117 1415 2131 16563 1070 4659 362 1477 35020 5315 16394 11867 9974 4776 9177 480 6277 21812 3926 1988 16147 1092 1218 29111 3733 2830 633 2049 5877 2437 4468 2993 4608 28743 9029 264 49559 810 31088 4951 13385 5427 3762 26422 7126 1095 18416 3065 17435 1556 7811 6338
internal_value=9.08167e-07 -0.000987868 0.000969314 -0.00136109 -0.00126629 0.00119225 0.00105698 0.00124706 -0.000573841 -0.00113647 -0.000464895 -0.000677253 -0.000280884 -0.000999229 -0.00234455 -0.00251306 -0.00298106 0.00168079 -0.000971839 -0.00134523 -0.00142695 0.00149019 0.0015501 0.00108176 0.000293328 0.000228959 0.00229648 0.000141896 -4.33399e-05 -0.00258557 -0.000103222 -0.00325788 -0.00167741 -0.000746166 0.000662574 -0.00301571 -0.00209626 -0.00138998 -0.00156964 0.00124405 -0.00315734 -0.00138065 -0.00178663 -0.000231045 -0.000948046 0.000867664 0.00085149 0.0016846 0.000599061 0.00293176 -0.000451375 -0.00116255 -0.000211192 6.2188e-05 0.000931055 -0.00167822 0.00135595 0.000738634 -0.0018399 0.000813441 0.000403122 -0.00130385
internal_weight=592319 293077 299242 154134 143058 225029 176232 118920 138943 127685 121748 63806 28599 35207 15373 14303 9644 48797 81497 17195 46188 37262 66112 14750 74213 68943 11535 61337 39525 11076 25373 8752 3206 46477 57312 7660 5948 18644 15527 25395 7298 13478 7601 57942 11247 52808 52544 51362 53579 5258 29199 28159 17147 35599 7606 3226 22958 4542 18029 51115 9226 22732
internal_count=592319 293077 299242 154134 143058 225029 176232 118920 138943 127685 121748 63806 28599 35207 15373 14303 9644 48797 81497 17195 46188 37262 66112 14750 74213 68943 11535 61337 39525 11076 25373 8752 3206 46477 57312 7660 5948 18644 15527 25395 7298 13478 7601 57942 11247 52808 52544 51362 53579 5258 29199 28159 17147 35599 7606 3226 22958 4542 18029 51115 9226 22732
is_linear=0
shrinkage=0.05


Tree=20
num_leaves=63
num_cat=0
split_feature=5 3 3 18 20 0 24 25 18 3 0 22 3 22 21 25 0 21 25 21 18 25 25 22 0 18 17 24 21 18 0 20 0 24 0 21 17 18 0 25 20 18 21 31 17 22 25 20 0 24 0 0 21 18 20 3 24 20 18 2 17 17
split_gain=204.969 22.4022 9.94933 8.61489 8.84185 5.33296 3.53092 3.58218 3.34433 3.25748 2.46519 2.60526 2.21508 2.06185 2.4335 1.93472 1.82194 1.74071 2.13609 1.72394 1.63719 1.61 1.6099 1.55744 1.59731 1.54353 1.51533 1.5009 1.49892 2.51841 1.47676 1.42004 1.57557 1.36558 1.28279 1.31055 1.25817 1.60945 1.21006 1.31435 1.29413 1.82893 1.28176 1.09292 1.07062 1.09852 1.0674 1.01235 1.00611 0.970136 0.966852 0.962203 0.903266 1.57624 1.27736 0.89563 0.889113 0.905073 0.921803 0.882076 0.864335 0.91285
threshold=136.91400000000002 6455.0500000000011 5515.2000000000016 2.5000000000000004 4.5000000000000009 109958.62175365254 86.925646364718887 49.645480558772547 1.0000000180025095e-35 6810.3000000000002 624061.93202985357 3.5000000000000004 6237.3000000000002 1.0000000180025095e-35 1.5000000000000002 40.155823803891224 476429.750826061 1.0000000180025095e-35 82.247602311362229 1.0000000180025095e-35 1.5000000000000002 15.274919497605277 13.927933194169226 1.5000000000000002 385038.71797718812 1.5000000000000002 7.5000000000000009 80.881073467656805 1.5000000000000002 1.0000000180025095e-35 160536.09608477386 1.5000000000000002 104396.6704931748 74.675450047135456 188519.21871477322 1.0000000180025095e-35 1.0000000180025095e-35 1.0000000180025095e-35 244246.74233044256 43.034634702438616 1.5000000000000002 1.0000000180025095e-35 1.5000000000000002 20.500000000000004 3.5000000000000004 2.5000000000000004 16.923911151840063 3.5000000000000004 268175.05163201824 70.782228744149108 107236.870322431 183652.3765976998 1.0000000180025095e-35 1.0000000180025095e-35 2.5000000000000004 7099.2000000000016 32.269914762711764 3.5000000000000004 1.5000000000000002 2.1500000000000008 3.5000000000000004 4.5000000000000009
decision_type=2 2 2 2 2 2 2 2 2 2 2 2 2 2 2 2 2 2 2 2 2 2 2 2 2 2 2 2 2 2 2 2 2 2 2 2 2 2 2 2 2 2 2 2 2 2 2 2 2 2 2 2 2 2 2 2 2 2 2 2 2 2
left_child=2 12 5 4 9 20 7 22 19 38 11 13 -2 -5 23 16 26 33 -19 27 43 48 36 -15 -25 52 31 46 59 -30 -17 32 44 -9 35 49 -7 -38 39 40 41 42 50 -1 -11 -46 -4 -42 -10 -24 60 -48 -14 -54 -55 -31 -33 -58 -59 -6 -3 -62
right_child=1 3 8 10 28 6 -8 17 21 15 -12 -13 25 14 -16 30 -18 18 -20 -21 -22 -23 34 24 -26 -27 -28 -29 29 55 -32 56 -34 -35 -36 -37 37 -39 -40 -41 47 -43 -44 -45 45 -47 51 -49 -50 -51 -52 -53 53 54 -56 -57 57 58 -60 -61 61 -63
leaf_value=0.00069318444851589446 -1.9353814752318271e-05 -0.00077430745277055966 0.0013674756116789203 -0.00072273946072999378 -0.0020338303031201626 0.0031696611416482615 0.0022898478102925698 0.00038571372466386297 0.0023909630454536862 -0.0014206072132879365 -0.001089775232309487 -7.3698812311287189e-05 -0.00018988276447513285 0.00020073263670168881 -0.0046987870891236697 -0.00065699229868998021 -0.0007435917757119679 0.0010540970124741636 0.0028959239103563583 3.8252246535886452e-05 0.0026936424879116993 0.00084350273412734571 0.0010382415284000855 -0.0032723628361391623 -0.0021041182478336714 -0.0011108873004679529 -0.00083296762889060658 0.001295384039241344 -0.00012562081066563028 -0.0034260461118322998 -0.0011583805290261791 -0.0021055247910544152 -0.0018327967324954328 0.0013942925080390684 0.0016434089060752615 0.0018692283938897981 0.00092933636901184062 0.0024712103641320779 -0.0009577592917087486 -0.00032763621846968014 -7.8571234339359716e-05 0.00020463881783673013 -0.0039835104222564945 0.0024641457284821401 -0.0052373434290936358 -0.0028482877589598218 0.00022128250997104226 -0.0026402574781622251 0.001187064776417771 0.0024132538970635872 -0.0010085591744702479 0.00075099038830542806 -0.00089851486974121774 2.2781864918765411e-05 -0.001292336740625091 -0.0014211299453021553 -0.00069449329861848283 -0.00038911524309488492 -0.0037577373327314098 -0.0029800612110259255 -0.0039946936565600716 -0.0016339231781054781
leaf_weight=43475 43680 687 3077 1326 4205 2197 10415 16028 2952 677 4327 1090 29794 492 1485 22553 7489 8720 1921 21047 1086 28108 31095 5683 6031 8366 5068 6377 1912 1327 42101 2251 12853 4245 34677 6573 3014 3860 27774 27197 4719 1684 533 889 752 1336 25465 420 4211 1338 4489 12924 17028 11826 2188 960 5210 332 523 5945 872 772
leaf_count=43475 43680 687 3077 1326 4205 2197 10415 16028 2952 677 4327 1090 29794 492 1485 22553 7489 8720 1921 21047 1086 28108 31095 5683 6031 8366 5068 6377 1912 1327 42101 2251 12853 4245 34677 6573 3014 3860 27774 27197 4719 1684 533 889 752 1336 25465 420 4211 1338 4489 12924 17028 11826 2188 960 5210 332 523 5945 872 772
internal_value=-3.89636e-07 -0.000863825 0.00100268 -0.0011752 -0.00106739 0.00123898 0.0014087 0.00132797 0.000618084 -0.000966957 -0.00214935 -0.002434 -0.000298139 -0.00260532 -0.00278765 -0.00114777 -0.00143885 0.000868726 0.0013866 0.000415361 0.000775624 0.00101403 0.00149952 -0.00255514 -0.00267089 -0.000474107 -0.00161838 0.000581258 -0.00225936 -0.00146483 -0.000983483 -0.00178469 -0.00206572 0.000596902 0.00142215 0.00122544 0.00212806 0.00179515 -0.000702474 -0.000531099 -0.000921446 -0.0012817 -0.00162211 0.000728672 -0.00314848 -0.00370871 0.000471434 -0.000287933 0.00168321 0.00109497 -0.00143756 0.000399613 -0.000386539 -0.000575289 -0.000182547 -0.00258445 -0.00125689 -0.000941928 -0.00244969 -0.00258805 -0.00226371 -0.00288611
internal_weight=591651 317957 273694 205075 184641 169533 124083 113668 104161 170292 20434 16107 112882 15017 13691 101145 36491 30914 10641 68890 45450 35271 82754 12206 11714 69202 29002 47843 14349 4199 64654 23934 15618 20273 73683 39006 9071 6874 69147 41373 14176 9037 7353 44364 2765 2088 41466 5139 7163 32433 6820 38389 60836 31042 14014 2287 8316 6065 855 10150 2331 1644
internal_count=591651 317957 273694 205075 184641 169533 124083 113668 104161 170292 20434 16107 112882 15017 13691 101145 36491 30914 10641 68890 45450 35271 82754 12206 11714 69202 29002 47843 14349 4199 64654 23934 15618 20273 73683 39006 9071 6874 69147 41373 14176 9037 7353 44364 2765 2088 41466 5139 7163 32433 6820 38389 60836 31042 14014 2287 8316 6065 855 10150 2331 1644
is_linear=0
shrinkage=0.05


Tree=21
num_leaves=63
num_cat=0
split_feature=5 3 1 28 22 17 25 21 21 22 3 25 26 26 3 31 19 25 3 25 5 17 28 22 17 26 30 23 25 3 25 3 17 17 17 22 25 26 26 3 25 17 23 23 17 17 22 25 22 17 21 26 21 17 17 25 25 28 22 25 22 25
split_gain=184.984 20.218 8.9936 4.81799 4.51545 5.39173 4.10973 3.50785 2.74298 3.23846 2.50394 2.39157 2.15957 2.04025 1.99911 1.64592 1.63535 1.44854 1.38962 1.37039 1.35465 1.33245 1.28889 1.13905 1.11247 1.94932 1.08733 1.06901 1.42659 1.06067 1.04534 1.74961 1.71694 0.989733 0.929945 0.914091 0.895825 0.878689 0.864324 0.850427 0.810504 0.787872 0.760248 0.760055 0.745053 0.741065 0.730943 0.717357 0.86974 1.04303 0.719855 0.705995 0.696061 0.671047 0.668758 0.638325 0.637706 0.627737 0.612725 0.601194 0.823654 0.596934
threshold=136.91400000000002 6455.0500000000011 6.6300000000000008 -1.0000000180025095e-35 2.5000000000000004 6.5000000000000009 29.502890963035501 2.5000000000000004 1.0000000180025095e-35 1.0000000180025095e-35 6810.3000000000002 11.084986703117535 90.282657664694327 16.372961962592225 6237.3000000000002 21.500000000000004 1.0000000180025095e-35 40.155823803891224 4952.9500000000016 86.92270272321089 182.45750000000001 2.5000000000000004 -1.0000000180025095e-35 1.5000000000000002 1.0000000180025095e-35 56.561237854913109 20.500000000000004 1.0000000180025095e-35 22.853723573072902 5886.9500000000007 72.180393832584613 4952.9500000000016 1.5000000000000002 1.0000000180025095e-35 3.5000000000000004 1.0000000180025095e-35 90.818263455462898 49.655873355980837 48.562965590403451 6810.3000000000002 0.35505529831132049 5.5000000000000009 1.0000000180025095e-35 1.0000000180025095e-35 10.500000000000002 7.5000000000000009 1.5000000000000002 50.093409079463548 1.5000000000000002 4.5000000000000009 1.0000000180025095e-35 69.45347725893707 5.5000000000000009 1.0000000180025095e-35 3.5000000000000004 66.632216202319967 4.5270828533787304 -2.754020857403949e-05 1.5000000000000002 50.093409079463548 1.5000000000000002 1.0000000180025095e-35
decision_type=2 2 2 2 2 2 2 2 2 2 2 2 2 2 2 2 2 2 2 2 2 2 2 2 2 2 2 2 2 2 2 2 2 2 2 2 2 2 2 2 2 2 2 2 2 2 2 2 2 2 2 2 2 2 2 2 2 2 2 2 2 2
left_child=2 14 11 36 5 10 21 16 12 30 47 -1 13 35 56 18 20 23 26 22 -7 24 -13 41 25 -5 43 39 45 -24 31 -10 -33 -14 -25 -8 40 -11 -17 -6 -4 -12 51 53 59 -29 -26 48 -3 50 -50 -22 -41 -15 -23 -40 -2 -19 -55 61 -61 -16
right_child=1 4 3 6 27 7 8 -9 9 37 17 19 33 15 44 38 -18 57 -20 -21 42 54 29 34 46 -27 -28 28 -30 -31 -32 32 -34 -35 -36 -37 -38 -39 55 52 -42 -43 -44 -45 -46 -47 -48 -49 49 -51 -52 -53 -54 58 -56 -57 -58 -59 -60 60 -62 -63
leaf_value=0.0012844850053482131 0.00071723192197170268 -0.00078631028406272888 0.0025007599981288491 0.0012405303519656536 -0.00030360328325758639 -0.0016944259856361997 0.0011359143925723251 -0.00085559056124038027 0.0022306334244930068 0.00059370878179536887 -0.0016344596471303257 -4.081005609600488e-05 0.0035137151617905303 0.00082729739242329986 0.00032548443128389636 0.00054704805888548271 -2.0014597625699049e-05 -0.0012948502616699489 0.00063370192697085053 0.0010972716313699185 -0.0027118202861928864 0.0031148979348358105 0.00066240380227948535 -0.0005731016560005924 0.0015399495986623737 0.0031151063275215631 0.0016784378618268994 -0.0052075750762919006 -0.0010506667481179591 0.00025031155877991424 0.0025153936154840642 0.00041609089764252973 0.0017523046756375495 0.0012161848076443157 -0.002419115359472087 0.0029097261776981531 0.0016291140152410073 0.0017011100132177373 0.0019685519683748016 -0.00081637625799468611 0.00021289775078525 -0.0008635986926565887 -0.00073339523574271872 -0.00094008248326268656 -0.0014511989152562808 -0.001751269081906039 -0.0014449334758515203 -0.00060525801000844547 -0.00077924443245751111 -0.0024948724928690273 -0.0019728888674578004 -0.0020424650469053509 0.0006159606775568543 0.0012575732923494412 0.00032368553180494306 0.0040102703683507473 -6.8002590187390066e-05 -0.00090470189948602337 0.00016077156490445477 -0.0004767592505887623 3.2938957367412433e-05 -0.00061775276298373495
leaf_weight=10439 2760 17636 397 2407 14217 18182 1162 9590 8344 8696 9769 12732 1239 28908 1768 993 1084 20604 32777 8249 8259 2588 41727 782 14718 3272 5999 354 2696 24952 4866 3822 6480 754 5347 1937 1312 2256 3246 28731 15541 5017 722 517 1811 276 208 24753 4513 1747 1754 7532 874 21133 234 434 40920 20636 1355 19599 13308 32716
leaf_count=10439 2760 17636 397 2407 14217 18182 1162 9590 8344 8696 9769 12732 1239 28908 1768 993 1084 20604 32777 8249 8259 2588 41727 782 14718 3272 5999 354 2696 24952 4866 3822 6480 754 5347 1937 1312 2256 3246 28731 15541 5017 722 517 1811 276 208 24753 4513 1747 1754 7532 874 21133 234 434 40920 20636 1355 19599 13308 32716
internal_value=-3.70154e-07 -0.000820633 0.00095255 0.00116678 -0.00111644 -0.00124464 0.00125322 -0.0017048 0.00114708 0.00153198 -0.00105916 0.000569083 0.00101503 0.000982045 -0.000283232 0.000941015 -0.00193242 -0.00127152 0.000893862 0.000483889 -0.00199217 0.00186452 0.000420172 -0.00161047 0.00172497 0.00232058 0.00104111 -0.000687043 -0.00155124 0.000508194 0.00186277 0.00169246 0.00125657 0.0026445 -0.00218358 0.00224462 0.000373266 0.000821822 0.00185611 -0.000621452 0.000269886 -0.0013729 -0.00232001 0.000967458 -0.000450402 -0.00369338 0.00149835 -0.000797275 -0.000982577 -0.00141449 -0.00111332 -0.00239255 -0.000774091 0.000986646 0.00288345 0.00220934 -1.83861e-05 -0.00109962 0.00119149 -0.000423508 -0.000270631 -0.000569393
internal_weight=591651 317957 273694 175595 205075 157927 158345 45369 134918 34464 112558 98099 100454 98461 112882 95362 35779 62155 90689 87660 34695 23427 79411 20915 20605 5679 57912 47148 3326 66679 23512 18646 10302 1993 6129 3099 17250 10952 4673 43822 15938 14786 16513 51913 69202 630 14926 50403 25650 8014 6267 15791 29605 51396 2822 3680 43680 41240 22488 67391 32907 34484
internal_count=591651 317957 273694 175595 205075 157927 158345 45369 134918 34464 112558 98099 100454 98461 112882 95362 35779 62155 90689 87660 34695 23427 79411 20915 20605 5679 57912 47148 3326 66679 23512 18646 10302 1993 6129 3099 17250 10952 4673 43822 15938 14786 16513 51913 69202 630 14926 50403 25650 8014 6267 15791 29605 51396 2822 3680 43680 41240 22488 67391 32907 34484
is_linear=0
shrinkage=0.05


Tree=22
num_leaves=63
num_cat=0
split_feature=5 5 3 18 20 0 18 28 24 25 0 3 25 27 21 18 25 25 26 24 21 0 25 17 27 18 0 21 17 25 17 17 23 0 25 27 0 25 0 21 20 19 26 27 20 20 22 20 18 21 21 26 26 27 3 18 21 25 22 21 18 20
split_gain=166.948 18.2789 8.15493 6.91318 7.09555 4.54683 3.29439 3.25324 3.0509 2.4146 2.54698 2.36186 2.27892 2.25222 1.62782 1.51408 1.46466 1.46315 1.45963 1.45896 1.3999 1.36797 1.32244 1.30022 1.29649 1.26603 1.21556 1.34774 1.17154 1.16136 1.08228 1.27694 1.06491 1.0205 1.00314 0.951421 0.949172 1.3196 0.925184 1.04002 1.02878 0.924526 0.891899 0.891405 1.24743 1.03668 0.880163 0.871702 1.12316 2.07633 1.27622 0.970338 0.844172 0.842148 0.786731 1.02852 0.87256 0.784971 1.88716 0.77319 0.970338 1.18387
threshold=136.91400000000002 170.27250000000004 5502.0500000000011 2.5000000000000004 4.5000000000000009 109958.62175365254 1.0000000180025095e-35 -1.0000000180025095e-35 76.44297518130098 49.842032466646053 160536.09608477386 6284.5000000000009 49.645480558772547 0.006054202904005857 1.0000000180025095e-35 1.5000000000000002 15.274919497605277 14.488254266614266 39.558554857017462 80.881073467656805 1.0000000180025095e-35 533358.46608628461 66.104511431942697 4.5000000000000009 0.0036101578943349469 1.5000000000000002 192092.07090263377 1.0000000180025095e-35 1.0000000180025095e-35 20.217416093951574 2.5000000000000004 1.0000000180025095e-35 1.0000000180025095e-35 268175.05163201824 47.156778617451515 0.0048171015882745869 137974.91001495474 16.923911151840063 239106.01370400234 1.0000000180025095e-35 1.0000000180025095e-35 1.0000000180025095e-35 49.924300653180758 0.003699843640754606 3.5000000000000004 1.5000000000000002 3.5000000000000004 1.0000000180025095e-35 1.0000000180025095e-35 1.5000000000000002 1.5000000000000002 33.463021696214888 79.978523933298803 0.0033135807733401996 5830.1500000000005 2.5000000000000004 1.0000000180025095e-35 90.818263455462898 1.0000000180025095e-35 1.0000000180025095e-35 1.0000000180025095e-35 2.5000000000000004
decision_type=2 2 2 2 2 2 2 2 2 2 2 2 2 2 2 2 2 2 2 2 2 2 2 2 2 2 2 2 2 2 2 2 2 2 2 2 2 2 2 2 2 2 2 2 2 2 2 2 2 2 2 2 2 2 2 2 2 2 2 2 2 2
left_child=2 11 5 4 9 25 14 -7 12 23 -11 47 17 -5 19 59 33 28 -16 34 -14 46 -22 29 -6 57 27 -19 -9 38 31 -10 -25 -8 36 -34 37 -4 39 -3 -41 -38 -21 45 -45 -12 -15 48 49 51 -50 -2 -26 -29 55 56 -18 -1 -59 -13 -61 -62
right_child=1 3 6 13 24 7 16 8 30 10 43 15 20 21 18 -17 54 26 -20 42 22 -23 -24 32 52 -27 -28 53 -30 -31 -32 -33 35 -35 -36 -37 41 -39 -40 40 -42 -43 -44 44 -46 -47 -48 -49 50 -51 -52 -53 -54 -55 -56 -57 -58 58 -60 60 61 -63
leaf_value=0.00061375907685949421 -0.00081999147526400247 -0.0013847580448268541 0.001502794028189371 -0.0013188918774013124 -0.00078504446046494887 0.00030878637944749238 0.0022613303152574276 0.0032863012670392463 0.0024621954685453105 -0.00031921034523071164 -0.00089584400182848411 -0.00023197195697620236 0.00046084020093481329 -0.0028427391556901473 -0.00049488785752145061 -0.0011292893212561507 0.00020510895347070738 0.00098013008216033567 0.00034080962048818527 0.0022862904092289561 0.00072126887202275886 -0.0015063241721478681 0.0021226207774956442 -0.00083303177508640188 -0.002459265934252696 0.0024428115693003408 0.001536951721300341 0.00085731412527132844 0.0017141519055997323 -0.00115110837362046 0.0028783542525159782 0.0014811135498891937 -0.0013426252631617637 0.0010834760437872901 0.000209283818857367 -0.0034754249161645621 0.0011553599167934291 -6.356007897440419e-06 -0.0012528172695517952 0.00037590874384208026 -0.0032224813602405918 -0.00027961016857042429 0.00090835750105393341 -0.0010392035738381522 -0.0025658222456207891 -0.00017360972979595704 -0.00018625584380734602 0.00030841267853142358 -0.00034174621323276871 -0.0015466089591256007 0.00054093692664392283 -4.4674570929936133e-05 -0.0013126699281424568 0.002200327075904715 0.0005167247970165788 0.0022472508096830174 0.0011169231510441513 0.0040878598544064138 0.00037678340180129417 -0.00083902885187219368 -7.9960682271752522e-05 -0.0013122188796040385
leaf_weight=41573 5112 1819 1821 7693 1672 7902 3163 1543 4854 28659 18865 29121 12923 8287 8509 8529 3434 31250 13538 1511 3773 3022 3040 41234 9872 1012 30161 1636 5107 28484 2695 10472 2577 4393 23993 656 9962 7081 3856 216 2470 1265 5271 22684 1422 6745 324 12014 7310 3289 9311 19165 1917 4074 13594 1574 11120 555 895 17428 11872 2332
leaf_count=41573 5112 1819 1821 7693 1672 7902 3163 1543 4854 28659 18865 29121 12923 8287 8509 8529 3434 31250 13538 1511 3773 3022 3040 41234 9872 1012 30161 1636 5107 28484 2695 10472 2577 4393 23993 656 9962 7081 3856 216 2470 1265 5271 22684 1422 6745 324 12014 7310 3289 9311 19165 1917 4074 13594 1574 11120 555 895 17428 11872 2332
internal_value=-3.51646e-07 -0.000779602 0.000904922 -0.0010857 -0.000985593 0.00112904 0.00057256 0.00128917 0.00135863 -0.000892662 -0.000694625 -0.000310082 0.00124382 -0.00198264 0.000377162 -0.000505455 0.000954943 0.0013715 1.82737e-05 0.0005326 0.000766597 -0.00242158 0.00134656 -0.00108355 -0.00208802 0.000694764 0.00130141 0.00110919 0.00207894 -0.0013032 0.00195432 0.00179184 -0.000901546 0.00157653 0.000427653 -0.00177539 0.000687941 0.000302357 -0.00182132 -0.00230793 -0.00293311 0.000993675 0.00121535 -0.000911034 -0.00112926 -0.000705627 -0.00274279 -6.92339e-05 -0.000171912 -0.000367655 0.000152728 -0.000207933 -0.00227282 0.00181553 0.00079692 0.00103309 0.000901782 0.000653645 0.00179723 -0.000417876 -0.000589023 -0.000282272
internal_weight=591651 317957 273694 192474 173148 163465 110229 119430 111528 159687 78375 125483 93507 19326 72951 69282 37278 73771 22047 50904 19736 11633 6813 81312 13461 44035 67121 36960 6650 36845 18021 15326 44467 7556 44122 3233 20129 8902 8361 4505 2686 11227 6782 49716 24106 25610 8611 56201 44187 27566 16621 24277 11789 5710 29722 16128 14554 43023 1450 60753 31632 14204
internal_count=591651 317957 273694 192474 173148 163465 110229 119430 111528 159687 78375 125483 93507 19326 72951 69282 37278 73771 22047 50904 19736 11633 6813 81312 13461 44035 67121 36960 6650 36845 18021 15326 44467 7556 44122 3233 20129 8902 8361 4505 2686 11227 6782 49716 24106 25610 8611 56201 44187 27566 16621 24277 11789 5710 29722 16128 14554 43023 1450 60753 31632 14204
is_linear=0
shrinkage=0.05


Tree=23
num_leaves=63
num_cat=0
split_feature=3 3 3 28 20 18 24 18 25 0 3 21 22 0 22 21 18 20 26 25 0 27 17 18 0 0 17 21 25 20 18 21 21 22 18 26 21 25 0 21 0 20 20 0 17 0 22 25 20 19 26 21 26 24 25 0 17 26 30 27 27 27
split_gain=150.811 13.7511 11.3239 5.04506 4.78808 5.0776 4.27055 3.69481 3.55757 2.92569 2.9379 2.53331 1.75682 1.96344 2.22573 1.74505 2.29431 2.36341 2.08287 1.73943 1.67758 1.52739 1.51295 2.02507 1.43701 1.42688 1.32211 1.25009 1.22585 1.36724 1.24943 1.44359 1.14811 1.13172 1.07491 1.30196 1.41964 1.05766 1.0452 1.04243 1.88836 1.18521 1.03668 1.02447 1.00754 0.982559 1.337 0.97851 0.978373 0.964331 0.928456 0.92403 0.915557 0.914287 0.883304 0.878716 0.876365 0.867435 0.997493 0.849653 0.834348 0.834272
threshold=6139.8500000000013 5830.1500000000005 6708.9500000000016 -1.0000000180025095e-35 4.5000000000000009 2.5000000000000004 81.209163264113684 1.5000000000000002 16.923911151840063 95846.83658813838 5226.9000000000005 1.0000000180025095e-35 3.5000000000000004 573165.44022945 1.0000000180025095e-35 1.0000000180025095e-35 1.0000000180025095e-35 5.5000000000000009 33.463021696214888 49.842032466646053 164447.93010507483 0.0058206738568424218 1.0000000180025095e-35 1.0000000180025095e-35 195742.57278378346 332436.70644229586 5.5000000000000009 1.5000000000000002 5.8978332682307437 1.0000000180025095e-35 1.0000000180025095e-35 1.5000000000000002 1.5000000000000002 1.0000000180025095e-35 1.0000000180025095e-35 19.972149105623817 1.0000000180025095e-35 90.818263455462898 182486.53719261909 1.0000000180025095e-35 110815.02484190404 1.0000000180025095e-35 6.5000000000000009 325740.45058430365 5.5000000000000009 104396.6704931748 1.5000000000000002 1.3564258056496745 2.5000000000000004 1.0000000180025095e-35 81.725766375670403 1.5000000000000002 32.956356871028312 35.807269832058331 0.35505529831132049 167467.54050238203 1.5000000000000002 51.328693046146391 11.500000000000002 0.0028234841895198198 0.0036101578943349469 0.0029332501914352748
decision_type=2 2 2 2 2 2 2 2 2 2 2 2 2 2 2 2 2 2 2 2 2 2 2 2 2 2 2 2 2 2 2 2 2 2 2 2 2 2 2 2 2 2 2 2 2 2 2 2 2 2 2 2 2 2 2 2 2 2 2 2 2 2
left_child=1 3 7 37 5 19 8 15 25 -10 11 24 13 14 -7 43 18 38 45 26 -21 44 50 57 -11 47 39 -16 -3 30 31 52 -6 -13 35 36 -12 54 48 53 -41 -42 -34 49 -9 46 -17 -5 -18 -2 -8 -23 -30 -4 -1 -32 -31 -24 -59 -51 -37 -22
right_child=2 28 4 6 32 12 22 21 9 10 34 33 -14 -15 27 16 17 -19 -20 20 61 51 23 -25 -26 -27 -28 -29 29 56 55 -33 42 -35 -36 60 -38 -39 -40 40 41 -43 -44 -45 -46 -47 -48 -49 -50 59 -52 -53 -54 -55 -56 -57 -58 58 -60 -61 -62 -63
leaf_value=0.0020553768688374376 -3.9077211832160691e-05 0.00092211316701246116 -0.0015912800525155698 0.0026013354554685593 -0.0024834379438511793 -4.4186926387775037e-05 0.0016800834713639502 0.00014897900897816479 0.00042243677029971821 0.0008669440171997383 0.0017232575554711215 0.0019918428498191618 1.568195226851341e-05 -0.0011322401659040998 -0.0024650173073417123 -0.00010911223733023983 0.00059145405339612069 -0.002599351935621828 -0.00057516010974243846 -0.00041117547096237902 -0.00063090653100516929 -0.0015921462829703251 0.0018622214918515693 0.0019001324496770524 0.0013821736311453283 0.00074608786858723717 -0.00087130805416719926 -0.0042912304551575671 -0.00044954150440828323 0.0027263183168500819 0.00077877691190919444 -0.00095955016347767225 -0.0020545415731615634 0.0010494812296765674 0.0010791996603277656 0.00032201639496257968 -0.00017234487499460374 0.0014261888347359478 -0.00036907847128979084 -0.0030819938856209857 -9.9132897387723009e-05 -0.0016020726468821457 -0.00016480873352697184 -0.00072221046305011088 -0.0010621287822048053 -0.0011899336807579609 -0.003195908928067993 0.0016364530152497767 -0.00065499725281310209 -0.0013597957555564865 0.0029638537651104652 -0.00353496724004153 0.00014423908909453752 -0.00085946840306470786 0.00015537385183634188 0.00014040255815699399 0.00060815907814981696 0.00037104455231749085 0.0017261539319324744 -0.00011480749327242407 0.00091898279692141844 -0.001127600910831799
leaf_weight=629 44035 5663 6294 3764 7533 879 2616 2130 27027 39705 4258 12082 1090 3989 7967 466 6605 1030 23383 22692 12912 5607 1942 11480 20531 3213 27834 1062 8322 517 8458 4237 1914 4327 14389 25995 1286 1931 18821 1995 1483 11360 1169 8140 8862 10167 1419 8703 2067 2763 3051 687 29521 13259 22246 14864 8804 5957 1759 2719 7554 24487
leaf_count=629 44035 5663 6294 3764 7533 879 2616 2130 27027 39705 4258 12082 1090 3989 7967 466 6605 1030 23383 22692 12912 5607 1942 11480 20531 3213 27834 1062 8322 517 8458 4237 1914 4327 14389 25995 1286 1931 18821 1995 1483 11360 1169 8140 8862 10167 1419 8703 2067 2763 3051 687 29521 13259 22246 14864 8804 5957 1759 2719 7554 24487
internal_value=-3.34064e-07 0.000774002 -0.000823295 0.000974978 -0.00112774 -0.00104864 0.00105854 -0.000499087 0.000967467 0.000895813 0.000994132 0.00119259 -0.00191728 -0.00206889 -0.002446 -0.000401865 -0.000581693 -0.000247908 -0.00085037 -0.000942203 -0.000750332 -0.00118309 0.00164575 0.00145125 0.00104256 0.00168563 -0.00112749 -0.00267982 0.000212859 0.000159107 7.83649e-05 -8.43302e-05 -0.00215079 0.00174335 0.000709723 0.00057373 0.00128355 0.000302477 -0.000159813 -0.00133484 -0.00165084 -0.00142853 -0.001338 -0.000202384 -0.000827444 -0.00138433 -0.00243281 0.00192777 0.000294358 -0.00011693 0.00237124 -0.00180421 1.36616e-05 -0.00109503 0.000207619 0.000371917 0.000725645 0.00091769 0.000679966 -0.000742298 0.000456431 -0.000956117
internal_weight=591651 304831 286820 224445 147919 137303 199639 138901 172834 157154 130127 76645 14987 13897 9908 121615 63958 28523 35435 122316 60091 17286 26805 21138 60236 15680 62225 9029 80386 74723 65402 42080 10616 16409 53482 39093 5544 24806 27493 34391 14838 12843 3083 57657 10992 12052 1885 12467 8672 49517 5667 6294 37843 19553 22875 23322 9321 9658 7716 5482 33549 37399
internal_count=591651 304831 286820 224445 147919 137303 199639 138901 172834 157154 130127 76645 14987 13897 9908 121615 63958 28523 35435 122316 60091 17286 26805 21138 60236 15680 62225 9029 80386 74723 65402 42080 10616 16409 53482 39093 5544 24806 27493 34391 14838 12843 3083 57657 10992 12052 1885 12467 8672 49517 5667 6294 37843 19553 22875 23322 9321 9658 7716 5482 33549 37399
is_linear=0
shrinkage=0.05


Tree=24
num_leaves=63
num_cat=0
split_feature=5 3 3 20 0 0 25 27 24 25 24 25 0 20 17 0 17 22 20 3 21 25 26 17 25 21 20 23 25 0 17 20 26 24 21 24 22 25 0 21 24 25 21 17 0 25 3 27 25 22 20 3 0 25 25 17 25 21 20 2 27 27
split_gain=136.373 15.0124 6.76799 5.09739 3.69571 2.90412 3.78658 3.41221 2.73557 2.30005 2.5523 2.29174 2.24031 1.77109 2.96555 1.6814 2.01423 1.66971 1.46623 1.45229 1.42009 1.75493 1.2955 1.23254 1.2133 1.20934 2.05907 1.17146 1.10624 1.18336 1.03452 0.993484 0.956061 0.941229 0.936315 0.900356 0.895487 0.885836 0.884712 0.866291 0.866055 1.38369 0.862723 0.790005 0.752846 1.16085 0.746431 0.745668 0.744052 1.42213 0.736558 0.891663 0.718273 0.773984 0.703274 0.690809 0.687757 0.68769 0.669779 0.648876 0.648456 0.627871
threshold=136.91400000000002 6455.0500000000011 5496.1000000000013 4.5000000000000009 100574.42022184067 205030.2629957092 43.034634702438616 0.0046192124670603437 86.925646364718887 16.923911151840063 75.61417999482633 49.645480558772547 605210.3078708658 1.5000000000000002 7.5000000000000009 104396.6704931748 3.5000000000000004 2.5000000000000004 1.5000000000000002 6237.3000000000002 1.0000000180025095e-35 79.710081798490663 57.98865496168272 10.500000000000002 27.784150011257246 1.5000000000000002 6.5000000000000009 1.0000000180025095e-35 31.93260589932947 187364.92728051436 5.5000000000000009 1.0000000180025095e-35 43.308004156692071 48.926876128900055 2.5000000000000004 56.214361124972527 2.5000000000000004 83.166386055998018 251863.03268797896 1.5000000000000002 40.70706840833703 38.064757982534317 1.0000000180025095e-35 3.5000000000000004 174663.50994027403 50.093409079463548 6872.7000000000016 0.0020634117636140017 90.818263455462898 1.0000000180025095e-35 1.0000000180025095e-35 5795.7500000000009 342636.31370139902 0.14101705785422838 1.3564258056496745 1.5000000000000002 6.5860832885237377 1.0000000180025095e-35 3.5000000000000004 2.1500000000000008 0.0024597205126616231 0.0035827459462572735
decision_type=2 2 2 2 2 2 2 2 2 2 2 2 2 2 2 2 2 2 2 2 2 2 2 2 2 2 2 2 2 2 2 2 2 2 2 2 2 2 2 2 2 2 2 2 2 2 2 2 2 2 2 2 2 2 2 2 2 2 2 2 2 2
left_child=2 19 4 5 48 6 13 18 11 52 37 27 22 14 15 16 -3 -18 31 60 33 -22 -9 40 55 59 35 28 38 42 -24 -7 -12 -13 46 -27 -33 50 54 -19 41 -15 -30 -43 45 47 -8 -21 56 -50 51 -11 53 -4 -6 -17 -1 -39 -42 -5 -2 -44
right_child=1 3 9 25 8 7 34 12 -10 10 32 20 -14 23 -16 24 17 39 -20 44 21 -23 30 -25 -26 26 -28 -29 29 -31 -32 36 -34 -35 -36 -37 -38 57 -40 -41 58 43 61 -45 -46 -47 -48 -49 49 -51 -52 -53 -54 -55 -56 -57 -58 -59 -60 -61 -62 -63
leaf_value=0.0018626313325354157 -0.00027535605862215941 -0.00083233383899146093 0.0019926365471922571 -0.0016719034983310147 0.0027913090082613626 -0.00023799068509711667 -0.0002917367123572703 -0.001327488438467108 0.0019734186058778 0.00035633191985333401 0.0015458300280837356 -6.5883790800319738e-05 -0.0006764683991893573 -0.00065176396039363406 -0.00016500262154120666 0.00078104329821705981 -0.0044270423997559392 -0.002577661801500711 -0.00036835075424005597 -0.001225827847919584 0.00084059022828665737 0.0024275701754555264 -0.0011676280913729528 -0.0042546137001714928 -0.00088037747871625891 -0.0052113265264208675 0.00024774120722626311 -0.0010386205686415907 0.00086507630823435796 0.0013916120248747472 -0.0021739546337902309 -0.0011476524861390798 0.00072362241959073482 0.00069206160447377128 0.00028433859988225376 -0.0017493157435087528 -0.00050279743590216119 0.00042372304137620366 0.0011372640134513438 0.00046791909837087716 7.6536330972294493e-06 -0.0047098891129597831 0.00065544274270033028 -0.0012067169787397906 -0.00052466945814067477 0.00010460688248660972 -0.0006726266145570145 -0.00033157129172465497 0.0036962271420741353 0.00032969049340560256 0.00094659764237414517 -2.5609459469366385e-05 0.00050687242452244943 0.001050717403725437 0.0016999843112882056 -0.0021114671384264588 0.00048992078257188503 0.0014309750431744208 -0.0011522117293957478 -0.0024742891499359115 0.00012719471366405717 0.0018358369544653409
leaf_weight=939 15515 1423 2828 4254 1781 4358 24754 25207 9532 34051 4169 5920 9270 2141 3853 217 1380 2215 14449 2987 7923 2233 3375 226 5988 204 1630 568 32280 28612 10497 30979 23271 13294 4228 2365 6516 4423 6334 261 5851 390 1527 274 40060 15539 26776 10616 544 741 3346 27721 4163 9532 8627 4233 32292 2747 1581 6180 28165 4296
leaf_count=939 15515 1423 2828 4254 1781 4358 24754 25207 9532 34051 4169 5920 9270 2141 3853 217 1380 2215 14449 2987 7923 2233 3375 226 5988 204 1630 568 32280 28612 10497 30979 23271 13294 4228 2365 6516 4423 6334 261 5851 390 1527 274 40060 15539 26776 10616 544 741 3346 27721 4163 9532 8627 4233 32292 2747 1581 6180 28165 4296
internal_value=-3.17361e-07 -0.000704605 0.000817871 -0.000959504 0.00103152 -0.000890404 -0.000674756 -0.00106719 0.00115989 0.000528517 0.00043799 0.0010915 -0.00137528 -0.00112737 -0.00140812 -0.00171287 -0.00244007 -0.00303338 -0.000802615 -0.000241526 0.000711304 0.00118952 -0.00154105 -0.000602249 -0.00134509 -0.0018588 -0.00114228 0.00122439 0.0012398 0.0011486 -0.00192912 -0.000952537 0.000848542 0.000458532 -0.000430964 -0.00202423 -0.00103559 0.000282147 0.00160318 -0.00225662 -0.000521617 -0.0012702 0.000966125 -0.0032643 -0.00038401 -0.000190653 -0.000489655 -0.000527936 0.000574359 0.0017549 0.000224068 0.000184931 0.00107491 0.00126623 0.00188673 -0.00197042 0.000528709 0.000809626 -0.000239083 -0.00214715 -1.57901e-05 0.0015263
internal_weight=591651 317957 273694 205075 157443 190442 85791 104651 122927 116251 99728 113395 48349 30033 19570 15717 5279 3856 56302 112882 29370 10156 39079 10463 10438 14633 4199 84025 83457 66715 13872 41853 27440 19214 55758 2569 37495 72288 16742 2476 10237 2805 38103 664 69202 29142 51530 13603 34516 1285 65118 61772 16523 12360 10408 4450 33231 7170 7432 10434 43680 5823
internal_count=591651 317957 273694 205075 157443 190442 85791 104651 122927 116251 99728 113395 48349 30033 19570 15717 5279 3856 56302 112882 29370 10156 39079 10463 10438 14633 4199 84025 83457 66715 13872 41853 27440 19214 55758 2569 37495 72288 16742 2476 10237 2805 38103 664 69202 29142 51530 13603 34516 1285 65118 61772 16523 12360 10408 4450 33231 7170 7432 10434 43680 5823
is_linear=0
shrinkage=0.05


Tree=25
num_leaves=63
num_cat=0
split_feature=5 3 1 18 18 28 3 18 18 27 18 31 27 24 25 18 19 18 22 17 24 25 25 25 26 23 17 27 17 24 24 25 23 24 22 22 26 25 17 25 22 24 17 27 22 3 30 25 3 17 22 17 24 28 25 17 27 17 18 17 25 17
split_gain=122.966 13.8707 6.09081 4.34182 3.68232 2.8721 2.82964 2.2693 2.15792 1.88418 2.21427 1.79149 1.50623 1.4512 1.50547 1.44375 1.36975 1.19704 1.20965 1.10957 1.10052 1.40186 1.02674 0.955095 0.944637 0.907368 0.881499 0.848551 0.843324 1.19915 0.819581 0.777344 0.772444 0.75679 0.750647 0.745837 0.732349 0.753851 1.28379 0.719261 0.71616 0.699922 0.697554 1.27901 0.99357 1.12338 0.928308 0.718629 0.693273 0.675632 0.636159 0.733903 0.632548 0.629725 0.628849 0.624084 0.618624 0.611498 1.22472 0.586753 0.583349 0.58273
threshold=136.91400000000002 6652.3000000000002 6.6300000000000008 2.5000000000000004 1.0000000180025095e-35 -1.0000000180025095e-35 6335.0000000000009 1.5000000000000002 1.5000000000000002 0.003699843640754606 1.5000000000000002 21.500000000000004 0.0072664608556481068 86.925646364718887 49.645480558772547 1.5000000000000002 1.0000000180025095e-35 1.0000000180025095e-35 1.5000000000000002 3.5000000000000004 75.949789039500601 5.8978332682307437 42.67382076970901 82.247602311362229 50.506573632544445 1.0000000180025095e-35 1.0000000180025095e-35 0.0058206738568424218 1.0000000180025095e-35 42.938070308371245 43.575602435280466 0.023057781902900826 1.0000000180025095e-35 76.217324448482103 3.5000000000000004 3.5000000000000004 10.642914471192386 11.084986703117535 1.0000000180025095e-35 49.842032466646053 1.5000000000000002 57.485208022596858 1.0000000180025095e-35 0.0035613056094694778 1.0000000180025095e-35 4952.9500000000016 36.500000000000007 47.156778617451515 5935.4000000000005 4.5000000000000009 1.0000000180025095e-35 8.5000000000000018 49.47800876788218 -0.025989638348541341 90.818263455462898 7.5000000000000009 0.0019478776125263677 6.5000000000000009 3.5000000000000004 5.5000000000000009 76.194562782076602 2.5000000000000004
decision_type=2 2 2 2 2 2 2 2 2 2 2 2 2 2 2 2 2 2 2 2 2 2 2 2 2 2 2 2 2 2 2 2 2 2 2 2 2 2 2 2 2 2 2 2 2 2 2 2 2 2 2 2 2 2 2 2 2 2 2 2 2 2
left_child=2 6 8 9 5 54 31 34 20 17 22 13 35 14 32 19 -12 18 -3 33 21 -1 25 -16 -22 49 -15 59 29 -13 -20 -2 36 39 52 57 -7 38 -38 -6 -27 60 46 47 45 -45 -39 -44 61 -11 51 -24 56 -14 -4 -55 -8 -5 -59 -9 -33 -10
right_child=1 3 4 12 15 11 7 27 48 10 16 28 53 26 23 -17 -18 -19 30 -21 24 -23 50 -25 -26 40 -28 -29 -30 -31 -32 41 -34 -35 -36 -37 37 42 -40 -41 -42 -43 43 44 -46 -47 -48 -49 -50 -51 -52 -53 -54 55 -56 -57 -58 58 -60 -61 -62 -63
leaf_value=0.0011507915003161635 0.0008445831342279638 -0.001165558785845941 7.4427168836781264e-05 -0.00034918410579305075 0.0014243715361715223 0.0019524057092754083 -0.0011099676508351608 0.00014832685920970984 0.00027931474873269023 -0.00149550684752528 -0.0020916953883917812 -0.00078103810449800515 -0.0016656293143935662 0.0023177029658543276 0.00034969613607027401 0.0022073644798766331 0.00027902344790637436 -0.00038734638315237468 -0.0010591796419070632 -7.308785553616043e-05 0.0012802858761219512 0.00021752467266747353 -0.0011232034362842756 0.0011695668583371391 0.00050506208604225494 -0.00081766525923740127 0.0011161721103076217 -0.0017079600115530989 0.0010870109218360502 0.0025042532629397651 -0.00045709497670056679 -0.00038150416111398252 -0.00064707760232904268 0.0017887816772310943 8.7393671146821815e-05 0.00010556382581735329 0.0025053841008187724 0.00066658930995837655 0.0008331908893802573 0.00077272413618760744 -0.0041798343093042995 2.2505019336497941e-05 0.00065447425733360359 0.001787465896352639 0.0010014231097627234 1.0078119464151154e-05 0.0016720922354552953 -0.00081034055984533545 0.00056386019803924159 -0.00099496730374085368 -0.00072801341750889563 -0.0033365502217325553 -0.00035761516560684474 -0.0031946953596884691 0.0014040171775702682 -0.0020673203410194485 -0.00053445302736827296 -0.0040441315629859914 -0.001457146152711168 -0.0010515172557737078 0.00031337310590855632 0.0016129750911413514
leaf_weight=4304 2135 18274 13114 1053 11876 1756 6064 1257 949 10101 6932 303 2663 2605 20724 5078 668 20038 8085 1417 5143 61803 6906 4287 16656 245 3687 4599 2896 3334 18784 26734 772 7460 6531 829 1982 36166 2727 6581 448 36534 9114 8416 26428 994 2451 922 3461 20272 33375 396 44385 2410 954 2502 20302 493 6353 5380 3405 5982
leaf_count=4304 2135 18274 13114 1053 11876 1756 6064 1257 949 10101 6932 303 2663 2605 20724 5078 668 20038 8085 1417 5143 61803 6906 4287 16656 245 3687 4599 2896 3334 18784 26734 772 7460 6531 829 1982 36166 2727 6581 448 36534 9114 8416 26428 994 2451 922 3461 20272 33375 396 44385 2410 954 2502 20302 493 6353 5380 3405 5982
internal_value=1.15245e-08 -0.000668868 0.000775708 -0.000995398 0.000951753 0.000843123 -0.000335073 -0.000522028 0.000460426 -0.000908143 -0.00107177 0.000916798 -0.0017689 0.000873954 0.000834088 0.00143314 -0.00188332 -0.000708958 -0.000851715 0.00128931 0.000379877 0.000278286 -0.000985804 0.000490226 0.000687959 -0.00120225 0.00161363 -0.00118598 0.00172364 0.00223055 -0.000638265 -9.45633e-05 0.000927847 0.00136379 -0.000425497 -0.00132117 0.000941214 0.000921308 0.00153701 0.00119202 -0.00299119 -0.000124637 0.000886992 0.00101881 0.00115852 0.00159972 0.000730408 0.000519903 0.00114178 -0.00116143 -0.000820502 -0.00124324 -0.000472842 -0.00228478 0.000164591 -0.00262045 -0.000666817 -0.00147091 -0.00164344 -0.000824275 -0.000302999 0.00143037
internal_weight=592495 318153 274342 160827 176044 143632 157326 88518 98298 144524 79343 129564 16303 123031 116739 32412 7600 65181 45143 27334 87906 66107 71743 25011 21799 31066 6292 11236 6533 3637 26869 68808 91728 25917 77282 8728 90956 89200 4709 18457 693 66673 84491 45874 35838 9410 38617 10036 10392 30373 40677 7302 70751 7575 14068 4912 26366 7899 6846 6637 30139 6931
internal_count=592495 318153 274342 160827 176044 143632 157326 88518 98298 144524 79343 129564 16303 123031 116739 32412 7600 65181 45143 27334 87906 66107 71743 25011 21799 31066 6292 11236 6533 3637 26869 68808 91728 25917 77282 8728 90956 89200 4709 18457 693 66673 84491 45874 35838 9410 38617 10036 10392 30373 40677 7302 70751 7575 14068 4912 26366 7899 6846 6637 30139 6931
is_linear=0
shrinkage=0.05


Tree=26
num_leaves=63
num_cat=0
split_feature=3 3 2 18 24 27 18 18 30 20 25 0 17 20 27 3 0 27 0 17 25 3 25 25 20 18 17 25 24 25 17 20 18 3 20 0 25 17 0 17 0 20 0 17 0 25 24 27 25 25 0 31 17 25 0 0 25 17 25 24 20 18
split_gain=111.011 11.3618 7.94058 3.81443 3.59097 3.36449 4.38663 3.05307 2.87987 2.80424 2.34262 1.88376 1.44548 1.41789 1.35076 1.32199 1.29355 1.24871 1.67085 1.20836 1.18984 1.06986 1.05657 0.995697 1.10891 1.05972 1.41462 1.04299 0.941161 0.924095 0.921654 0.91913 1.39253 1.01816 1.78066 0.783994 0.772324 0.758026 0.750781 0.746342 0.759848 0.713877 0.838551 0.704411 0.700147 1.20448 0.657555 0.657535 0.646157 0.62757 0.844669 0.585738 0.683365 1.10831 0.541094 0.61577 0.605565 0.540854 0.536149 0.528659 0.525533 0.842441
threshold=6178.4000000000005 5858.3000000000002 2.1300000000000003 1.5000000000000002 58.23426440022196 0.0053707699281525419 1.5000000000000002 1.5000000000000002 19.500000000000004 3.5000000000000004 11.696172029508606 110815.02484190404 1.0000000180025095e-35 3.5000000000000004 0.0058206738568424218 5450.7000000000007 389759.98454441462 0.0022656554865426574 251863.03268797896 2.5000000000000004 27.784150011257246 5450.7000000000007 34.048417741947297 4.5270828533787304 1.0000000180025095e-35 1.0000000180025095e-35 2.5000000000000004 62.048254932538917 91.629060008758941 50.093409079463548 1.0000000180025095e-35 1.5000000000000002 1.0000000180025095e-35 6427.6500000000005 1.0000000180025095e-35 167467.54050238203 75.408016294592116 1.5000000000000002 142591.86938210868 5.5000000000000009 624061.93202985357 1.5000000000000002 415416.15713706688 2.5000000000000004 147321.5112155641 33.655734194946916 86.123347076579208 0.0036331199381303453 13.158154252354018 35.725798426386255 99624.802617926776 28.500000000000004 1.0000000180025095e-35 28.534311772681225 105297.18060466945 446512.2233907851 91.92992604727192 2.5000000000000004 0.023057781902900826 69.562931579582781 1.5000000000000002 1.0000000180025095e-35
decision_type=2 2 2 2 2 2 2 2 2 2 2 2 2 2 2 2 2 2 2 2 2 2 2 2 2 2 2 2 2 2 2 2 2 2 2 2 2 2 2 2 2 2 2 2 2 2 2 2 2 2 2 2 2 2 2 2 2 2 2 2 2 2
left_child=1 3 7 4 10 20 9 13 11 44 -1 48 -12 17 39 49 36 29 22 -5 41 28 31 -3 25 26 -25 -28 51 -2 59 32 33 34 43 -27 -8 -26 -38 -9 -41 42 -4 -19 45 60 -32 -15 -6 50 -14 52 53 -13 -16 56 -56 -37 -20 -10 61 -7
right_child=2 23 5 19 8 6 16 14 30 -11 12 21 15 47 54 -17 -18 18 58 -21 -22 -23 -24 24 37 35 27 -29 -30 -31 46 -33 -34 -35 -36 57 38 -39 -40 40 -42 -43 -44 -45 -46 -47 -48 -49 -50 -51 -52 -53 -54 -55 55 -57 -58 -59 -60 -61 -62 -63
leaf_value=0.0013004358373761623 -0.00086562900335972854 0.00081586144565016702 -0.0017213946918618269 0.00040162272852178546 0.001652352483193292 -0.0024798454455875352 -0.0029097720807839725 0.00013245877974712834 0.0015974819912018023 -0.0021757435252798738 8.2585869261912823e-07 0.0024703059162388568 0.00023668148324522978 -0.00049879574111939124 0.00032217751219047372 0.00031108588525758513 -0.0014914355470065166 -0.00048656576682690211 0.00016839372913121978 0.0019630338695226096 -0.00071938213692349269 0.00068287719114209545 3.8952414832044166e-05 1.0050482234235537e-05 0.0023820801722824361 0.00067783163813532382 -0.001092390437351551 0.00011745828041004584 0.0018887584705756348 -0.00033049167158428821 0.0010422952611117374 0.0002336101466009342 0.00067081237231781505 -0.0015344523095168188 0.0013261583450248937 -0.00063072201199204517 -0.00016521302768667266 0.00047011792589871988 -0.002212232044832486 -0.001093583829414382 7.7478149410430973e-05 -0.00062893330655803235 -0.00083641081735265962 -0.0019390070422862966 -0.00099451480844178048 -4.8627971935379761e-05 0.0020342974339761862 -0.0014190856603883311 0.00049348428661621284 0.00066657638654959571 0.001628039217648859 0.0024712921809435925 0.0011436896724730274 0.00073257132665726895 -0.00222054498344225 -0.00089903112634653719 -0.00101402431513739 0.00019858679321440741 -0.00057939174348121882 0.0024454090031825527 -0.00028267118837571034 0.0003846222156532896
leaf_weight=8046 17180 5075 7449 1432 1245 1281 4455 2122 5773 4563 17061 955 1453 3331 365 27489 5918 2497 2588 9198 65166 25393 42548 33275 547 8225 5760 2579 3299 15209 10835 3538 1574 3993 1087 2322 508 9915 3788 8367 1660 3999 4178 1254 20717 5646 1975 4651 35526 14444 4376 689 35950 23407 4175 2011 1385 12824 32482 2697 724 321
leaf_count=8046 17180 5075 7449 1432 1245 1281 4455 2122 5773 4563 17061 955 1453 3331 365 27489 5918 2497 2588 9198 65166 25393 42548 33275 547 8225 5760 2579 3299 15209 10835 3538 1574 3993 1087 2322 508 9915 3788 8367 1660 3999 4178 1254 20717 5646 1975 4651 35526 14444 4376 689 35950 23407 4175 2011 1385 12824 32482 2697 724 321
internal_value=1.09487e-08 0.000649453 -0.000721228 0.000827569 0.000782993 -0.00101022 -0.00134214 -0.000476537 0.000924663 -0.00102441 0.000495754 0.000834109 0.000395874 -0.000389109 -0.00105083 0.000536989 -0.00206239 -0.000347513 -0.000253124 0.00175269 -0.000813342 0.000957668 -8.48327e-05 0.00013794 9.23391e-05 1.54265e-05 -0.000135887 -0.000718221 0.00106619 -0.000614343 0.00146281 -0.000462571 -0.000699293 -0.000943495 -0.000455753 0.000284853 -0.00244851 0.000570084 -0.00197017 -0.000719427 -0.000899711 -0.00120519 -0.00140339 -0.000972133 -0.000841291 -0.000443104 0.00119524 -0.00103504 0.000532721 0.0008433 0.00128121 0.0010217 0.00100514 0.000800691 -0.00155816 -0.00164881 -0.00192 7.14473e-05 -0.000524209 0.00186748 -0.00140063 -0.00190588
internal_weight=592495 311765 280730 231243 220613 128713 47921 152017 147744 33252 72869 126464 64823 131932 20085 47762 14669 123950 91561 10630 80792 89693 56491 80522 75447 64985 41614 8339 64300 32389 21280 13943 10405 8831 4838 23371 8751 10462 4296 12149 10027 15626 11627 3751 28689 7972 12810 7982 36771 20273 5829 61001 60312 24362 7936 7571 5560 15146 35070 8470 2326 1602
internal_count=592495 311765 280730 231243 220613 128713 47921 152017 147744 33252 72869 126464 64823 131932 20085 47762 14669 123950 91561 10630 80792 89693 56491 80522 75447 64985 41614 8339 64300 32389 21280 13943 10405 8831 4838 23371 8751 10462 4296 12149 10027 15626 11627 3751 28689 7972 12810 7982 36771 20273 5829 61001 60312 24362 7936 7571 5560 15146 35070 8470 2326 1602
is_linear=0
shrinkage=0.05


Tree=27
num_leaves=63
num_cat=0
split_feature=5 5 28 18 20 3 27 24 0 20 25 3 22 21 18 0 22 25 22 21 25 0 0 29 25 18 25 26 21 0 20 24 17 22 0 0 21 26 21 17 20 21 18 25 20 26 23 0 25 0 25 18 25 0 18 21 20 26 0 5 0 21
split_gain=100.436 12.1924 4.64063 4.33915 4.57672 3.68779 3.41188 3.19377 2.43657 2.43326 1.96883 1.75114 1.71939 1.59957 1.54833 1.44777 1.67247 1.40956 1.37502 1.37444 1.32713 1.70821 1.40106 1.31273 1.13752 1.07787 1.06536 1.06417 1.0515 2.34797 1.40007 1.20963 1.04726 1.0383 1.21909 0.991881 1.02259 0.915755 0.883213 0.847073 0.840119 1.11451 1.11372 0.961407 0.837301 0.832645 0.806652 1.10204 0.82084 0.788405 0.786119 0.910383 0.77551 0.77014 0.98471 0.89426 0.75813 0.748019 0.694529 0.647084 0.630672 0.605254
threshold=135.63150000000002 172.02650000000003 -1.0000000180025095e-35 2.5000000000000004 3.5000000000000004 5574.6500000000005 0.003699843640754606 75.949789039500601 95846.83658813838 2.5000000000000004 49.645480558772547 6304.4500000000016 2.5000000000000004 1.0000000180025095e-35 1.0000000180025095e-35 624061.93202985357 3.5000000000000004 77.162317985253239 1.0000000180025095e-35 1.5000000000000002 44.129414862940365 126929.4874171366 453431.71461718489 4.5000000000000009 15.274919497605277 1.5000000000000002 90.818263455462898 46.170705667930839 1.0000000180025095e-35 126929.4874171366 1.0000000180025095e-35 41.547803549865783 1.0000000180025095e-35 1.5000000000000002 325740.45058430365 188519.21871477322 1.0000000180025095e-35 79.978523933298803 1.0000000180025095e-35 2.5000000000000004 1.0000000180025095e-35 2.5000000000000004 1.0000000180025095e-35 68.879296131709864 2.5000000000000004 37.787068706809841 1.0000000180025095e-35 133452.95339150439 22.853723573072902 339120.69724918756 93.585418115352596 1.0000000180025095e-35 0.35505529831132049 257924.96212461303 2.5000000000000004 1.0000000180025095e-35 1.0000000180025095e-35 44.887566978080855 329127.71717540029 181.25600000000003 116210.84521968414 5.5000000000000009
decision_type=2 2 2 2 2 2 2 2 2 2 2 2 2 2 2 2 2 2 2 2 2 2 2 2 2 2 2 2 2 2 2 2 2 2 2 2 2 2 2 2 2 2 2 2 2 2 2 2 2 2 2 2 2 2 2 2 2 2 2 2 2 2
left_child=2 11 26 4 9 7 -6 8 -4 12 24 40 20 -12 38 16 18 -15 -5 33 22 -22 28 27 32 -13 52 -9 31 -30 -31 60 -10 -20 -35 36 -26 49 56 -34 41 43 -43 57 -42 -40 61 -48 -49 59 51 -29 -1 54 55 -16 -7 -2 -25 -8 -3 -14
right_child=1 3 5 15 6 14 37 23 10 -11 13 25 46 17 53 -17 -18 -19 19 -21 21 -23 -24 58 35 -27 -28 50 29 30 -32 -33 39 34 -36 -37 -38 -39 45 -41 44 42 -44 -45 -46 -47 47 48 -50 -51 -52 -53 -54 -55 -56 -57 -58 -59 -60 -61 -62 -63
leaf_value=0.0015821228215987877 -0.0006343719580965473 -0.0002908105929441807 0.00037350453391712197 -0.00036432393987614539 -0.00042803839614323339 0.00038663858798281041 -0.0017890062553494936 0.0019631287672230075 0.0027030403102000617 9.4809419275621498e-05 0.00025575335874771746 -0.00033880146436757554 -0.00043325054653866398 0.00071234523215722831 2.9476552039189914e-05 -0.00073034321603469398 7.8563262950720578e-05 0.0021362385045777116 0.00041256988353409658 -0.003621832577766622 -8.5139241061047628e-05 -0.00081687082696941865 -0.0005592098610163773 0.0021706357075870503 0.00072280774080157515 -0.00093582136564099088 0.0011380205891750302 0.00053642207149214537 -0.0029172890150575307 0.00014368981050635513 -0.0014249678606273537 -0.00044505655997185409 0.0011126250322350364 -0.0027830755650200814 -0.0016480025886672256 0.0011873332524105855 0.0013673077398614888 -0.00086793692526914074 -0.00048466807778170745 0.0029499711405805806 0.00051079291839928309 -0.00098139141097356407 0.0006285906704708705 0.00014209280252077704 -0.00036108741082253534 0.00028972948353989461 -0.0024752442153048674 -0.0028491862221138725 -5.3275782272471905e-05 -0.0013360502801765719 0.0020863657452985023 0.0014105080031151481 2.5527439844450868e-05 0.00049051764638603106 0.0021128467565371552 0.0010884715271814332 0.0011745918507178113 -0.00016392468733607876 0.0011462662582003801 -0.0026019335057594303 -0.0017231994653984306 0.00079359390707458904
leaf_weight=823 15541 940 24382 1227 5715 27949 4454 3453 1702 9546 16920 60784 37500 6782 2465 3945 1086 2337 452 1355 9612 46856 9969 6741 37786 8634 2528 8061 2484 1594 13216 6770 5826 3588 6943 33356 7352 2009 5482 703 10584 1266 7089 11985 3722 9463 1140 314 1601 3230 1454 4725 28830 11113 1873 10422 3427 18517 2193 5435 4211 1033
leaf_count=823 15541 940 24382 1227 5715 27949 4454 3453 1702 9546 16920 60784 37500 6782 2465 3945 1086 2337 452 1355 9612 46856 9969 6741 37786 8634 2528 8061 2484 1594 13216 6770 5826 3588 6943 33356 7352 2009 5482 703 10584 1266 7089 11985 3722 9463 1140 314 1601 3230 1454 4725 28830 11113 1873 10422 3427 18517 2193 5435 4211 1033
internal_value=1.04008e-08 -0.000591899 0.000715973 -0.000855909 -0.000775522 0.000792788 -0.00146884 0.000924025 0.000826735 -0.000677073 0.000924733 -0.000235943 -0.000730763 0.000543449 0.000495075 -0.00158054 -0.00180947 0.00107726 -0.00196063 -0.00211938 -0.000847458 -0.000692315 -0.00107103 0.00142513 0.00103921 -0.000413057 0.000152729 0.00117566 -0.00124568 -0.00149473 -0.00125613 -0.000884388 0.00159842 -0.00193401 -0.00203473 0.000980574 0.000827783 -0.00186204 0.000322019 0.00131046 -5.69877e-05 -0.000146651 0.000384636 -0.000243059 0.000283955 5.67144e-06 -0.000462365 -0.00124442 -0.000511717 -0.00201427 0.000984714 0.000859436 6.87297e-05 0.000804901 0.0010416 0.000885909 0.000472702 -0.000378594 0.00191919 -0.00223579 -0.0014618 -0.000400361
internal_weight=592495 324347 268148 186225 167629 235967 20843 163773 137146 146786 112764 138122 137240 26039 72194 18596 14651 9119 13565 12338 95652 56468 39184 26627 86725 69418 32181 17693 29215 17294 14810 11921 8231 10983 10531 78494 45138 15128 46321 6529 68704 54398 8355 46043 14306 14945 41588 3055 1915 13119 14240 12786 29653 25873 14760 12887 31376 34058 8934 9889 5151 38533
internal_count=592495 324347 268148 186225 167629 235967 20843 163773 137146 146786 112764 138122 137240 26039 72194 18596 14651 9119 13565 12338 95652 56468 39184 26627 86725 69418 32181 17693 29215 17294 14810 11921 8231 10983 10531 78494 45138 15128 46321 6529 68704 54398 8355 46043 14306 14945 41588 3055 1915 13119 14240 12786 29653 25873 14760 12887 31376 34058 8934 9889 5151 38533
is_linear=0
shrinkage=0.05


Tree=28
num_leaves=63
num_cat=0
split_feature=1 10 13 2 27 18 0 18 28 18 24 21 18 26 21 25 24 27 0 25 0 26 6 24 0 17 0 25 25 8 17 21 25 25 21 1 0 0 18 18 21 21 17 18 22 0 25 0 25 26 0 19 30 22 19 0 21 0 18 24 0 25
split_gain=59.7841 25.9469 8.23581 7.67881 2.93884 3.62736 2.7256 2.11519 2.03477 1.99482 1.75851 1.72266 2.76328 1.86608 1.38929 1.3773 1.27873 1.16689 1.05074 1.12378 1.04946 1.03004 1.01392 1.00819 0.978526 0.965294 1.06521 0.964176 0.92828 0.88401 0.876209 0.871211 0.902731 0.871078 0.959884 1.43784 1.0395 0.870911 0.834959 0.832705 0.824784 1.05514 0.8681 0.817466 1.01204 1.02595 1.17932 0.804725 0.802072 0.792519 0.773454 0.753947 0.729669 0.702072 0.701721 0.679907 0.679601 0.669525 0.896032 0.7008 0.646157 0.628231
threshold=6.7950000000000008 -0.32000000000000023 0.034999999999999927 2.1300000000000003 0.0043279727904390651 1.5000000000000002 109958.62175365254 1.5000000000000002 -2.754020857403949e-05 1.0000000180025095e-35 76.44297518130098 1.0000000180025095e-35 1.0000000180025095e-35 47.030452702029265 1.0000000180025095e-35 49.842032466646053 80.881073467656805 0.005710934944302198 170400.56836539897 42.67382076970901 492915.59179692791 37.787068706809841 196.35000000000005 58.034058036656653 167467.54050238203 1.5000000000000002 104396.6704931748 21.690229015155001 40.805317398552447 0.37500000000000006 8.5000000000000018 1.0000000180025095e-35 66.104511431942697 29.916260541180996 1.0000000180025095e-35 7.4400000000000004 259897.22589403568 468529.62639075407 1.0000000180025095e-35 1.5000000000000002 1.5000000000000002 2.5000000000000004 3.5000000000000004 1.0000000180025095e-35 1.5000000000000002 111703.15855293175 37.0859497707008 322476.50449600402 37.71323191509908 18.108939495791706 283669.27194147528 1.0000000180025095e-35 19.500000000000004 3.5000000000000004 1.0000000180025095e-35 298650.31923453935 2.5000000000000004 227456.03654495333 1.5000000000000002 36.097021653807005 107236.870322431 82.247602311362229
decision_type=2 2 2 2 2 2 2 2 2 2 2 2 2 2 2 2 2 2 2 2 2 2 2 2 2 2 2 2 2 2 2 2 2 2 2 2 2 2 2 2 2 2 2 2 2 2 2 2 2 2 2 2 2 2 2 2 2 2 2 2 2 2
left_child=1 2 22 7 29 18 39 11 -8 14 15 23 13 25 16 33 28 -9 19 -6 51 -16 -1 54 56 -13 48 50 -4 43 -26 -17 -33 47 36 38 49 -20 -36 -2 -28 42 -42 44 -5 46 -46 -10 -27 -35 -11 53 -12 -7 -3 -45 -14 58 -29 -59 -19 -23
right_child=6 3 9 4 5 20 8 17 10 27 52 12 24 -15 21 31 -18 60 37 -21 -22 61 -24 -25 30 26 40 57 -30 -31 -32 32 -34 34 35 -37 -38 -39 -40 -41 41 -43 -44 55 45 -47 -48 -49 -50 -51 -52 -53 -54 -55 -56 -57 -58 59 -60 -61 -62 -63
leaf_value=-0.0010149464701681918 0.00045682855541725234 -0.000208177626170976 0.00066034027319903646 -0.0011237208683244411 -0.0011315799321395146 -0.0021454875791821412 0.00016077525834452564 -0.00053411335832398595 0.0016515612925539992 0.001674424471296676 0.0013050457668909044 9.6863755163690394e-05 -2.6743104746358287e-06 -0.00035489385162415488 -0.00049097718557157349 0.00029271333327465061 0.0010614071574492035 0.00055565615305871085 -0.0012004854795313105 -0.00020319003906468487 -0.0011146222167740083 0.00013576815306251785 -0.00031427100420431672 0.00010052335381590774 -0.00018804664374851541 -0.0025770062152619924 -0.00062319720129911922 0.00058298380191636699 0.000182621146874799 4.2450085672480071e-05 -0.0013006889984485208 0.00047265063982699772 0.0016712670259647776 0.0020268006190794587 -8.1549919689984299e-05 0.0017141229844319312 0.0013555182631799266 -0.00063329337702244619 0.0014646061197440892 0.0019350985761019939 -0.0012625130530225616 -0.00081463758604552808 -0.0026968788699403283 -0.00022505881953468674 -0.0023772873441197887 -0.00046889426743731538 -0.00058261279606231246 0.00062570650781790076 -0.00063946080392855448 0.00071079122556782332 0.00075442267340834247 0.00030599715050172655 0.0020901406981894892 -0.00010613990305828255 -0.00095284332610793415 -0.00085441367818762319 0.00087859991636293668 -0.0010028323056951768 0.0014042302867811444 0.00042309442357956199 -0.0014227204528844172 0.0014526891340953853
leaf_weight=6485 41517 30857 15509 15440 4982 10915 7465 13543 8829 4466 13068 1740 5865 18870 7765 12099 7278 438 23363 9428 4738 12897 25329 33627 22845 1976 8224 12396 29533 4618 1918 3463 2875 1178 2223 8353 8534 9528 1438 975 2430 4961 1864 14084 1633 20670 2083 2440 732 39655 4677 345 3826 439 3525 6172 3489 950 4537 9267 7152 974
leaf_count=6485 41517 30857 15509 15440 4982 10915 7465 13543 8829 4466 13068 1740 5865 18870 7765 12099 7278 438 23363 9428 4738 12897 25329 33627 22845 1976 8224 12396 29533 4618 1918 3463 2875 1178 2223 8353 8534 9528 1438 975 2430 4961 1864 14084 1633 20670 2083 2440 732 39655 4677 345 3826 439 3525 6172 3489 950 4537 9267 7152 974
internal_value=9.88078e-09 -0.000302779 0.0002516 -0.000572039 -0.000861578 -0.00110255 0.000833116 -0.000345361 0.000959131 0.000456105 0.00101432 -0.000276325 -0.000441719 -0.000719416 0.000307115 0.000927426 0.000446473 -0.000812256 -0.000880196 -0.000524164 -0.00174242 -2.98815e-05 -0.000457097 -9.41377e-05 -0.000109649 -0.00103312 -0.00113052 0.000759711 0.000347111 -0.00062419 -0.000274226 0.000541477 0.00101636 0.00102537 0.000951188 0.001352 0.000853647 -0.00103618 0.000525763 0.000490748 -0.000987555 -0.00131132 -0.00188516 -0.00067543 -0.00080696 -0.000606403 -0.00137128 0.00142944 -0.00205327 0.000748757 0.00120381 -0.00199667 0.00148285 -0.00206664 -0.000284524 -0.000416823 0.000326037 0.000610158 0.000803027 0.000290508 -0.00130855 0.00022824
internal_weight=592495 434557 142063 292494 128438 63738 157938 164056 115446 110249 107981 142923 74914 40797 73956 91087 52320 21133 47301 14410 16437 21636 31814 68009 34117 21927 20187 36293 45042 64700 24763 18437 6338 72650 61381 12014 49367 32891 3661 42492 17479 9255 4294 60082 39826 24386 3716 11269 2708 40833 9143 11699 16894 11354 34382 20256 9354 27150 16933 10217 7590 13871
internal_count=592495 434557 142063 292494 128438 63738 157938 164056 115446 110249 107981 142923 74914 40797 73956 91087 52320 21133 47301 14410 16437 21636 31814 68009 34117 21927 20187 36293 45042 64700 24763 18437 6338 72650 61381 12014 49367 32891 3661 42492 17479 9255 4294 60082 39826 24386 3716 11269 2708 40833 9143 11699 16894 11354 34382 20256 9354 27150 16933 10217 7590 13871
is_linear=0
shrinkage=0.05


Tree=29
num_leaves=63
num_cat=0
split_feature=20 1 7 6 18 28 24 20 19 0 6 17 25 24 22 0 18 26 26 0 20 18 25 18 17 25 0 25 17 24 0 20 25 24 19 25 0 20 17 26 22 26 22 17 17 26 22 0 23 0 30 17 22 22 0 17 0 0 22 25 25 0
split_gain=65.0635 16.5849 9.13362 5.06663 4.33125 2.86751 2.80881 2.39607 2.15317 2.13774 1.85534 1.78382 1.65874 1.65395 1.62404 1.73649 1.56857 1.31826 1.31462 1.11395 1.09248 2.54579 1.97895 1.08219 2.12152 2.04251 1.12068 1.08997 0.957777 1.11237 0.936162 0.916926 0.8796 0.913069 0.865511 0.841818 1.6282 1.0896 1.25172 0.836207 0.827883 0.820344 0.812575 0.811718 1.38553 0.933293 0.811087 0.780815 0.76941 0.74541 0.710315 1.12817 0.791276 0.706297 1.02398 0.691939 1.08533 0.690947 0.720034 0.873948 0.688282 0.685328
threshold=1.0000000180025095e-35 6.5000000000000009 5.3500000000000005 171.50000000000003 1.5000000000000002 -1.0000000180025095e-35 81.209163264113684 4.5000000000000009 1.0000000180025095e-35 95846.83658813838 191.10000000000002 5.5000000000000009 30.306428860887348 47.668155349202813 3.5000000000000004 671865.11906460568 1.5000000000000002 23.455665173384805 74.204733893243585 247827.66546422656 1.5000000000000002 1.0000000180025095e-35 37.353817174790336 1.0000000180025095e-35 2.5000000000000004 67.720714275702207 166511.39409750554 11.084986703117535 1.5000000000000002 68.250691397436782 322476.50449600402 2.5000000000000004 5.8978332682307437 81.209163264113684 1.0000000180025095e-35 34.405898783828633 453431.71461718489 1.5000000000000002 7.5000000000000009 36.600650321526736 1.0000000180025095e-35 17.175091357952628 4.5000000000000009 2.5000000000000004 1.0000000180025095e-35 67.126810318823814 1.5000000000000002 212092.91937430226 1.0000000180025095e-35 264042.46991680219 19.500000000000004 1.0000000180025095e-35 1.0000000180025095e-35 3.5000000000000004 104396.6704931748 3.5000000000000004 107236.870322431 272407.94740532356 1.5000000000000002 16.923911151840063 40.155823803891224 213585.34734224662
decision_type=2 2 2 2 2 2 2 2 2 2 2 2 2 2 2 2 2 2 2 2 2 2 2 2 2 2 2 2 2 2 2 2 2 2 2 2 2 2 2 2 2 2 2 2 2 2 2 2 2 2 2 2 2 2 2 2 2 2 2 2 2 2
left_child=1 3 4 16 7 -3 9 10 14 -7 35 28 30 17 15 -6 32 60 -9 20 21 22 42 24 -5 53 -25 -28 29 -4 -11 -21 -1 -34 -23 36 37 38 -2 -24 -37 -39 55 44 -8 -46 48 -20 50 -42 51 -15 -52 54 -26 -12 -57 58 -30 -60 -14 -18
right_child=2 5 11 23 8 6 43 18 -10 12 19 -13 13 46 -16 -17 61 -19 47 31 -22 34 39 26 25 -27 27 -29 57 -31 -32 -33 33 -35 -36 40 -38 41 -40 -41 49 -43 -44 -45 45 -47 -48 -49 -50 -51 52 -53 -54 -55 -56 56 -58 -59 59 -61 -62 -63
leaf_value=0.001025880580916862 -0.0017946274849470712 0.00017883953291038875 -0.0013319805767696262 -0.00011603245462615971 -0.0015822882973830341 0.00034069582317706223 0.0019428065027017314 -0.001646505705505401 0.00029179189675442935 0.001494711835211411 -0.00099429212606967957 -0.00055673416786752557 0.0015843908678848072 0.0005928245165191361 7.1380275293823244e-05 -0.00044522013544992869 0.0015796314358764944 6.9359950416424968e-06 0.00070351212383356915 -0.00071521239788020991 3.6808190455953225e-05 0.00051529062574016927 -0.00094348175587791953 0.0005292613174259262 -0.0023633147010688606 0.00031278238336364248 0.00048378216046375484 -0.00027352058106923496 0.00010116318827469898 0.0024782079886020072 0.00058604663292428677 0.00067379654720697802 0.00017396701124850646 0.00069735498905344956 -0.0021115632557896133 -0.0011933814702735988 -0.00034644771369916986 -0.0021012193311031636 -0.0005082481150366344 -0.00020354758804736514 -0.00046682339429692958 -0.00036417355686192471 6.9885566260503429e-06 0.0020797273658586762 0.0013990328574301845 0.00046944547899844467 -8.4775668397853179e-05 -0.0011156419292664447 -0.00091678912881411063 -0.00087771541904553985 0.0015188649512865072 0.0010064365561333862 0.00068599867617967698 -0.00018943533722014005 -0.0010341163182573151 -0.0029493579092407561 -0.0012057437595293578 -0.00014781438728314904 0.0022701060508361916 0.00057883486408561379 0.00054390784947374823 0.00063804887137697025
leaf_weight=4047 9583 18705 240 42410 27278 25445 4891 8676 2109 13414 2848 7368 2286 27713 1879 3829 3535 11362 1044 31307 17159 6688 5295 9103 1742 3250 6066 21923 8829 949 3594 1235 48584 10058 329 6633 6401 816 2356 13691 34247 4069 928 3572 5334 5468 2191 1356 585 16287 8627 40697 4260 1819 8613 1709 1868 7452 840 8424 5216 4263
leaf_count=4047 9583 18705 240 42410 27278 25445 4891 8676 2109 13414 2848 7368 2286 27713 1879 3829 3535 11362 1044 31307 17159 6688 5295 9103 1742 3250 6066 21923 8829 949 3594 1235 48584 10058 329 6633 6401 816 2356 13691 34247 4069 928 3572 5334 5468 2191 1356 585 16287 8627 40697 4260 1819 8613 1709 1868 7452 840 8424 5216 4263
internal_value=9.38703e-09 0.000438008 -0.000626778 7.49949e-05 -0.000750236 0.000765489 0.000832133 -0.000648317 -0.00125707 0.000756961 -0.00060009 0.000132097 0.000845267 0.000769686 -0.0013561 -0.00144233 0.000396126 0.000346573 -0.00136001 -0.000434357 -0.000287388 -0.000454161 -0.000679621 -0.00016346 -0.00029866 -0.000800815 4.73444e-05 -0.000109392 0.000321942 0.00170912 0.0013027 -0.000662498 0.000312938 0.000263736 0.000392128 -0.000771317 -0.00102516 -0.00128339 -0.00154078 -0.000409908 -0.000668189 -0.000654333 -0.00137604 0.00139945 0.00124461 0.000928473 0.000864623 -0.00032431 0.000890027 -0.000599253 0.000903028 0.000838882 0.00124355 -0.0010981 -0.00125772 -0.0015758 -0.0020388 0.000257375 0.000424262 0.000732188 0.000860963 0.00106489
internal_weight=592495 348773 243722 165413 209620 183360 164655 174525 35095 145390 163449 34102 119945 102937 32986 31107 70487 18864 11076 83057 50515 33356 26339 94926 57834 15424 37092 27989 26734 1189 17008 32542 62689 58642 7017 80392 23225 16824 11939 18986 57167 4885 7353 19265 15693 10802 84073 2400 81882 50534 81297 68410 12887 12174 10355 6425 3577 25545 18093 9264 7502 7798
internal_count=592495 348773 243722 165413 209620 183360 164655 174525 35095 145390 163449 34102 119945 102937 32986 31107 70487 18864 11076 83057 50515 33356 26339 94926 57834 15424 37092 27989 26734 1189 17008 32542 62689 58642 7017 80392 23225 16824 11939 18986 57167 4885 7353 19265 15693 10802 84073 2400 81882 50534 81297 68410 12887 12174 10355 6425 3577 25545 18093 9264 7502 7798
is_linear=0
shrinkage=0.05


Tree=30
num_leaves=63
num_cat=0
split_feature=5 3 3 18 20 18 24 18 30 26 18 25 21 3 0 17 20 20 25 0 17 21 18 20 26 27 3 3 27 27 0 25 26 20 18 21 21 21 22 21 20 24 0 0 26 0 21 0 0 27 20 21 22 27 25 21 26 25 27 25 24 0
split_gain=75.0029 7.55672 5.48005 3.21452 2.66609 2.67434 2.42542 2.19154 1.98553 1.8586 1.48618 1.45524 1.44568 1.56687 1.30351 1.19164 1.09218 1.15664 1.22602 1.14879 1.10233 1.08729 1.48775 1.81803 1.41972 1.02197 0.987186 0.973234 0.964092 0.962259 0.933834 0.920903 0.899949 0.894908 1.16753 1.34816 0.869642 1.63675 1.05859 0.863797 1.13467 1.07238 0.856962 0.849099 0.843578 0.834977 0.820644 0.828059 0.811337 0.80702 0.882766 0.80043 0.792518 1.47207 0.776988 0.761673 1.08261 0.911914 0.782036 0.763163 0.760789 0.75658
threshold=145.82600000000002 5830.1500000000005 6742.4000000000005 1.0000000180025095e-35 4.5000000000000009 2.5000000000000004 60.941028550002507 1.5000000000000002 19.500000000000004 24.795636309664591 2.5000000000000004 40.805317398552447 1.0000000180025095e-35 4952.9500000000016 138965.97306008617 7.5000000000000009 3.5000000000000004 2.5000000000000004 44.373477090055182 453431.71461718489 6.5000000000000009 1.0000000180025095e-35 1.0000000180025095e-35 5.5000000000000009 46.170705667930839 0.0073745328568530404 5371.3000000000011 5195.0500000000011 0.001684528404086199 0.005710934944302198 127874.43293241467 88.52706699455301 66.852009378881561 1.0000000180025095e-35 1.0000000180025095e-35 1.5000000000000002 1.5000000000000002 2.5000000000000004 1.0000000180025095e-35 1.0000000180025095e-35 1.0000000180025095e-35 35.807269832058331 225889.56147798293 346567.40926292335 32.956356871028312 67731.532071111942 1.5000000000000002 141737.39989991425 101496.42786509595 0.0046828534947303208 2.5000000000000004 1.0000000180025095e-35 1.5000000000000002 0.0022656554865426574 16.923911151840063 1.0000000180025095e-35 26.03049435759127 1.3564258056496745 0.0019102463935093384 24.795111409690833 33.59039205611608 106259.42812028559
decision_type=2 2 2 2 2 2 2 2 2 2 2 2 2 2 2 2 2 2 2 2 2 2 2 2 2 2 2 2 2 2 2 2 2 2 2 2 2 2 2 2 2 2 2 2 2 2 2 2 2 2 2 2 2 2 2 2 2 2 2 2 2 2
left_child=1 3 7 6 5 15 11 21 9 51 12 48 13 -5 -11 16 17 18 19 39 -18 43 24 49 36 -7 -14 -16 -15 -9 -20 -29 -10 34 35 44 45 38 -38 41 -41 -4 -12 52 -3 -23 -6 -48 54 -24 -51 -8 53 -2 -1 56 58 -58 -50 -60 -30 -42
right_child=2 33 4 10 46 25 8 29 32 14 42 -13 26 28 27 -17 20 -19 30 -21 -22 22 23 -25 -26 -27 -28 31 60 -31 -32 -33 -34 -35 -36 -37 37 -39 -40 40 61 -43 -44 -45 -46 -47 47 -49 55 50 -52 -53 -54 -55 -56 -57 57 -59 59 -61 -62 -63
leaf_value=0.0010249342957433271 -0.00085312443928459961 -0.00041476322138864436 -0.0015059776471386061 0.0011942735150670012 -0.0018782104731571497 -0.0010198827208033714 0.0022869546590261049 -0.00059334309801786919 0.001027566132603004 0.00040157192099381011 0.0029842768538728658 0.00011470038731634737 0.0014525158225103313 0.001616166928032687 0.00091534507192295601 -0.00030210448983736894 -0.0003393294145480861 -2.964895768450232e-05 -0.00017010130814521142 -0.00048513494149867131 -0.0023608119956000841 -0.0022338126538680074 -0.00028134805125170292 -0.0021483594633827938 -0.0003228070176370434 -0.0018694432572305753 0.00090603852457900357 0.00032821429091523511 -0.0013795581222864296 -0.0013481235041698861 -0.00070352422789004025 0.0016395735132816369 0.0019101468089087242 0.00054880799731972182 0.00032823214236414665 -0.00087156053382849135 -0.00064456987910766254 -0.00074601791879552151 -0.0026989615826014928 6.6069640420776476e-05 -0.0023973956036213019 -0.00055512289829529992 0.0014130561215153629 -0.00064493827060684776 0.00012925616241282709 -0.00052529785205972918 0.0012774367794063486 -0.0012123735386976682 -0.00011694682462564797 0.00048391449085527976 -0.00093780667149274781 -0.00030053921365125403 0.0001112570472380683 1.0800320336285382e-05 -0.00015158939202479212 0.00020927562278576681 0.0025335049327886608 0.0004233330965727863 0.0007806101185935028 0.0020615019422868179 3.5717576065402944e-05 -0.0013668043226001373
leaf_weight=1919 7570 9081 4278 4281 7234 7988 2279 10725 13295 44917 1403 34211 13751 767 35684 18271 1018 5830 10196 9139 1998 773 18453 1116 16903 6357 20711 14693 1217 6965 42012 1473 3690 11459 28298 4808 834 4729 2527 1217 2111 9663 2275 7173 33097 9550 383 2607 691 8016 1264 344 28273 14143 5222 4251 552 7063 1678 3788 4321 11386
leaf_count=1919 7570 9081 4278 4281 7234 7988 2279 10725 13295 44917 1403 34211 13751 767 35684 18271 1018 5830 10196 9139 1998 773 18453 1116 16903 6357 20711 14693 1217 6965 42012 1473 3690 11459 28298 4808 834 4729 2527 1217 2111 9663 2275 7173 33097 9550 383 2607 691 8016 1264 344 28273 14143 5222 4251 552 7063 1678 3788 4321 11386
internal_value=-1.01468e-06 0.000533509 -0.00059365 0.000686665 -0.000812477 -0.000751992 0.000587039 -0.000370613 0.000719713 0.000634337 0.00104601 0.000326996 0.000967106 0.000456046 0.000598738 -0.000673068 -0.000741637 -0.000712152 -0.000756362 -0.000973258 -0.00167849 -0.000294806 -0.000436081 -0.000169698 -0.000653684 -0.00139637 0.00112409 0.000769541 -4.52001e-05 -0.000890519 -0.000599349 0.000447702 0.00121931 0.000137166 7.45095e-05 -7.82986e-05 -0.000957427 -0.00134558 -0.00218918 -0.00112894 -0.00139615 -0.000846907 0.00201241 -0.000136216 1.21278e-05 -0.000653234 -0.00159022 -0.000893445 0.000615618 -9.00748e-05 0.000290266 0.00194761 -6.32144e-05 -0.000290398 0.000164578 0.000794327 0.000974914 0.000576296 0.00146793 0.00166828 -0.000275296 -0.00152799
internal_weight=591921 311219 280702 224476 141688 131464 175750 139014 116375 99390 48726 59375 45048 10586 96767 117119 98848 95832 90002 37794 3016 121324 64165 28849 35316 14345 34462 51850 6305 17690 52208 16166 16985 86743 75284 46986 18413 8090 3361 28655 14714 13941 3678 57159 42178 10323 10224 2990 25164 27733 9280 2623 49986 21713 7141 18023 13772 7615 6157 5466 5538 13497
internal_count=591921 311219 280702 224476 141688 131464 175750 139014 116375 99390 48726 59375 45048 10586 96767 117119 98848 95832 90002 37794 3016 121324 64165 28849 35316 14345 34462 51850 6305 17690 52208 16166 16985 86743 75284 46986 18413 8090 3361 28655 14714 13941 3678 57159 42178 10323 10224 2990 25164 27733 9280 2623 49986 21713 7141 18023 13772 7615 6157 5466 5538 13497
is_linear=0
shrinkage=0.05


Tree=31
num_leaves=63
num_cat=0
split_feature=3 3 2 28 24 20 25 0 27 0 21 25 22 20 0 17 0 17 25 25 21 26 27 0 17 21 22 27 24 0 17 25 17 27 17 22 26 24 22 0 21 26 20 0 0 25 25 24 0 21 0 20 25 17 22 29 20 31 17 0 25 21
split_gain=67.6901 6.83444 5.02722 3.08048 2.38244 2.34557 2.0194 1.72516 1.79863 1.47854 1.5062 1.47262 1.46327 1.31622 1.12273 1.09967 1.51514 1.09019 1.06384 1.56 1.39425 1.0571 0.955007 1.06316 0.927117 2.07808 1.61215 0.917785 0.91565 0.905117 0.853924 0.845229 0.797767 0.781529 0.769002 0.757872 0.748986 0.972432 1.22201 0.865097 1.30001 0.706186 0.685027 0.676676 0.674994 0.642039 0.638875 0.621058 0.619114 0.618281 0.679937 0.608578 0.707945 0.606038 0.605176 0.603233 0.599559 0.57631 0.545211 0.533795 0.633632 0.529021
threshold=6178.4000000000005 5858.3000000000002 2.1500000000000008 -1.0000000180025095e-35 81.209163264113684 4.5000000000000009 16.923911151840063 94806.461533960624 0.0031213435107332829 188519.21871477322 2.5000000000000004 50.407446185996697 2.5000000000000004 1.5000000000000002 339120.69724918756 6.5000000000000009 446512.2233907851 1.0000000180025095e-35 71.332208275125808 47.156778617451515 1.0000000180025095e-35 58.270860326342699 0.0054619003799789108 166511.39409750554 3.5000000000000004 2.5000000000000004 1.5000000000000002 0.0074878947276151306 57.485208022596858 75240.629022410663 10.500000000000002 90.818263455462898 1.5000000000000002 0.0024597205126616231 2.5000000000000004 2.5000000000000004 14.828113515038339 40.70706840833703 1.0000000180025095e-35 192092.07090263377 1.0000000180025095e-35 81.725766375670403 3.5000000000000004 108100.09987019116 279114.48171261832 0.35505529831132049 1.3564258056496745 69.897637613627765 54169.048251842112 1.5000000000000002 141737.39989991425 1.0000000180025095e-35 0.023057781902900826 1.5000000000000002 2.5000000000000004 5.5000000000000009 6.5000000000000009 5.5000000000000009 1.5000000000000002 350393.98639212636 52.882366270353394 5.5000000000000009
decision_type=2 2 2 2 2 2 2 2 2 2 2 2 2 2 2 2 2 2 2 2 2 2 2 2 2 2 2 2 2 2 2 2 2 2 2 2 2 2 2 2 2 2 2 2 2 2 2 2 2 2 2 2 2 2 2 2 2 2 2 2 2 2
left_child=1 3 9 31 6 12 14 -8 18 10 11 28 13 24 46 54 35 41 19 -9 47 44 34 -24 26 27 -4 29 48 -26 -30 45 -22 -3 -15 -17 -10 38 53 40 -39 -6 61 -44 -19 -1 -5 -20 -2 59 -51 52 -35 -38 -11 -23 -52 -49 -53 60 -7 -14
right_child=2 33 5 4 17 49 7 8 36 15 -12 -13 42 22 -16 16 -18 21 20 -21 32 55 23 -25 25 -27 -28 -29 30 -31 -32 -33 -34 51 -36 -37 37 39 -40 -41 -42 -43 43 -45 -46 -47 -48 57 -50 50 56 58 -54 -55 -56 -57 -58 -59 -60 -61 -62 -63
leaf_value=0.001624095043884077 -0.0018118034445792617 -9.9173383793253167e-05 -0.00096015951531811721 0.0019108581691019415 0.001155016461696273 -0.0030097888636382315 0.00021952262932636095 0.0005979346128909544 0.0015071574255958941 -0.00045247968747212951 0.00075131101444447139 -3.7942442192702265e-05 -0.00045365631089611022 -0.0028923552570211011 0.0003385576239324565 -0.0012586115220901883 -0.00026135761562463995 0.0018259715479942884 4.6915133412508567e-05 -5.8087037546780079e-05 0.0035037912113855423 0.00055134337618921285 -0.00013581559828231297 -0.0013795288573596205 -0.0038014960191226251 -0.00063254033957188766 7.599390177767581e-05 -0.0019901676714733506 -0.00012891218421048943 -0.0011969981572739032 -0.0032506702453182022 0.0010926952081809413 0.0013699609726357924 0.0010473444585157058 -0.00031394274329329253 -0.00034843030839738927 -0.00081408168205919008 0.00055244290063971395 0.00085263861549276674 0.0010121563423567282 0.0012423906377888789 0.0022688787439461701 -0.0039685008798234465 -0.00066851674047294378 0.00078678256430895718 2.5158913131982202e-06 0.0011493196988670484 0.00071061147738550991 -0.00065880922315751103 0.0011811797428747401 -0.0018439642551133226 0.002366240382735571 0.0001135660514176964 0.00057190724703909011 9.9849427469525311e-05 0.0012640058084535206 -0.00012637059484254918 0.0034229186134525462 0.00054343712761004213 -0.0011724659760363513 -0.0017312394481085848 0.0007862841923095518
leaf_weight=627 1249 28632 17961 3954 2642 1475 26420 19071 3497 59538 3884 34646 29567 294 3226 12750 8385 4757 3543 17267 518 10987 2451 5748 341 12072 4746 5795 12395 15325 223 2097 2837 2131 17625 2787 2707 38331 3842 32243 8307 3084 271 364 2327 23077 9075 693 17164 330 1468 437 42739 1113 5410 4069 777 273 6696 1950 2825 886
leaf_count=627 1249 28632 17961 3954 2642 1475 26420 19071 3497 59538 3884 34646 29567 294 3226 12750 8385 4757 3543 17267 518 10987 2451 5748 341 12072 4746 5795 12395 15325 223 2097 2837 2131 17625 2787 2707 38331 3842 32243 8307 3084 271 364 2327 23077 9075 693 17164 330 1468 437 42739 1113 5410 4069 777 273 6696 1950 2825 886
internal_value=-9.6395e-07 0.000506833 -0.000563967 0.000645393 0.000710261 -0.00080483 0.000642577 0.000588845 0.000661531 -0.000378079 -0.000205431 -0.000262011 -0.000743751 -0.000854078 0.00117366 -0.000513215 -0.00080302 0.00113998 0.000400319 0.000286208 0.000927604 0.000980932 -0.000560763 -0.00100773 -0.000990294 -0.00115735 -0.000743593 -0.00145256 -0.000512182 -0.00125369 -0.000184084 0.000130528 0.00169942 0.000110609 -0.000356247 -0.00109534 0.000789764 0.000760776 0.000223003 0.000813012 0.000675334 0.00175494 -0.000451474 -0.00207686 0.00148461 4.54087e-05 0.00138043 0.000353322 -0.00073702 -0.00159001 -0.000937996 0.000226112 0.000157914 -0.000410258 -0.000406472 0.000743946 -0.0012495 0.00147713 0.00065511 -0.00185864 -0.00216981 -0.000417581
internal_weight=591921 311219 280702 230584 204783 122271 176917 160662 134242 158431 69561 65677 113446 82358 16255 88870 23922 27866 44202 36338 7864 22140 26118 8199 56240 33533 22707 21461 31031 15666 12618 25801 3355 80635 17919 15537 90040 86543 7662 78881 46638 5726 31088 635 7084 23704 13029 4509 18413 8825 2575 52003 44870 3820 64948 15056 2245 966 7133 6250 4300 30453
internal_count=591921 311219 280702 230584 204783 122271 176917 160662 134242 158431 69561 65677 113446 82358 16255 88870 23922 27866 44202 36338 7864 22140 26118 8199 56240 33533 22707 21461 31031 15666 12618 25801 3355 80635 17919 15537 90040 86543 7662 78881 46638 5726 31088 635 7084 23704 13029 4509 18413 8825 2575 52003 44870 3820 64948 15056 2245 966 7133 6250 4300 30453
is_linear=0
shrinkage=0.05


Tree=32
num_leaves=63
num_cat=0
split_feature=3 3 3 18 27 20 18 3 18 18 21 3 31 23 18 22 18 18 25 21 24 25 25 20 24 21 18 20 20 21 21 21 20 22 21 27 27 3 24 27 25 20 28 24 3 25 24 21 24 22 20 27 30 21 3 22 25 25 22 21 25 27
split_gain=61.0903 6.19994 4.54605 2.7878 2.33115 2.67622 2.33974 1.98088 1.85429 1.44226 1.27932 1.43019 1.08145 1.00357 0.922236 1.00182 0.916478 0.967346 0.903674 0.948228 1.06773 1.06119 0.901217 0.997708 0.973926 0.890645 1.22538 1.42651 1.0218 1.58404 1.41736 1.2938 1.16024 0.944177 0.877687 0.871599 0.793971 0.751183 0.72784 0.726547 0.717523 0.715584 0.713263 0.712273 0.70852 0.680364 0.678592 0.664497 0.652307 0.670278 0.615178 0.606317 0.604678 0.647713 1.46293 0.935796 0.805736 0.619209 0.565544 0.563156 0.560777 0.681572
threshold=6178.4000000000005 5795.7500000000009 6708.9500000000016 1.0000000180025095e-35 0.0040596271178116065 3.5000000000000004 2.5000000000000004 5226.9000000000005 1.5000000000000002 2.5000000000000004 1.0000000180025095e-35 4952.9500000000016 38.500000000000007 1.0000000180025095e-35 1.0000000180025095e-35 1.5000000000000002 3.5000000000000004 6.5000000000000009 86.92270272321089 1.0000000180025095e-35 80.881073467656805 47.156778617451515 10.037586843995081 1.0000000180025095e-35 49.47800876788218 1.0000000180025095e-35 1.0000000180025095e-35 5.5000000000000009 1.5000000000000002 1.5000000000000002 1.5000000000000002 2.5000000000000004 3.5000000000000004 1.0000000180025095e-35 2.5000000000000004 0.001704662683827097 0.0061168344459035934 5371.3000000000011 77.734842743113333 0.0046828534947303208 22.853723573072902 2.5000000000000004 -1.0000000180025095e-35 89.966553039347176 6938.7500000000009 76.194562782076602 34.983700679069493 1.5000000000000002 58.034058036656653 1.5000000000000002 6.5000000000000009 0.002193636626978824 36.500000000000007 1.0000000180025095e-35 4952.9500000000016 1.0000000180025095e-35 30.991437323761552 82.696815851359943 1.5000000000000002 2.5000000000000004 72.672455387628247 0.0045881354473684861
decision_type=2 2 2 2 2 2 2 2 2 2 2 2 2 2 2 2 2 2 2 2 2 2 2 2 2 2 2 2 2 2 2 2 2 2 2 2 2 2 2 2 2 2 2 2 2 2 2 2 2 2 2 2 2 2 2 2 2 2 2 2 2 2
left_child=1 3 8 7 14 6 44 12 25 10 11 -5 13 43 15 -4 -8 -18 19 20 21 42 -3 24 45 48 28 39 30 32 40 33 -30 -32 37 -13 -10 -12 -7 -28 58 -41 -9 52 -6 59 -37 -38 49 51 -16 -2 53 56 55 -55 -1 -56 -27 -24 61 -51
right_child=2 22 4 9 5 38 16 18 36 -11 34 35 -14 -15 50 -17 17 -19 -20 -21 -22 -23 23 -25 -26 26 27 -29 29 -31 31 -33 -34 -35 -36 46 47 -39 -40 41 -42 -43 -44 -45 -46 -47 -48 -49 -50 60 -52 -53 -54 54 57 -57 -58 -59 -60 -61 -62 -63
leaf_value=0.0011677914274167318 -0.00097759062608890487 0.00061150009271681953 -0.00093595384106286465 0.0011083084136275861 -0.00036701259846828047 -0.0019520984902819723 -0.0019786652091316314 -7.736693196663809e-05 -0.00056881441107106277 0.0019854179293057736 0.0013805235956975295 0.0015673000081753976 0.0022200527066394611 -0.00098382078464908881 -0.00021913504972797361 -0.00045387999542294565 0.00096483589274727697 -0.0012261444971874975 0.00099547130044874113 -4.7844682768063493e-05 0.0010139727720518148 6.1201039068084582e-05 -0.00041890984956808079 0.00052254230326542566 0.00015015537071640575 -0.00065076350113186946 -0.00024951421862209666 -0.0019588607814119219 9.259994735758619e-05 0.0014000303007846134 -0.00059228339755412198 -0.00071778893163559887 -0.0014109879362849507 -0.0023999569660410787 -0.00034268325270750215 -0.0012980226181840333 -0.0011007850987163087 0.00088843419927096378 -0.0011564767375159882 0.0004772900380609897 -0.0002811111508163315 -0.00088752346407207849 0.00068264197636068013 0.001482228292894543 -0.00076115924154019276 0.00047507202913865123 1.5311542381895215e-05 -0.002781221328796696 6.8031075357878425e-05 1.340033262805171e-05 -0.0023620392113362495 -0.00024352739473787108 0.0011058348871274789 0.0015160040056228473 0.0001434837489628969 0.00045428517990765645 0.00050811068246941029 0.0027126948598904669 -0.0018561996261343271 0.00045364048950113743 0.00063721432670766351 -0.00078643412285285563
leaf_weight=4968 5083 9108 17637 4281 16127 6638 4365 3722 10899 3253 13311 705 1122 921 22395 27708 536 8382 4781 16269 6057 22056 19405 11399 47922 3376 17478 1031 3655 1486 969 5024 1977 2838 1100 1298 4985 18581 5070 7713 13190 1097 18098 2655 38915 2942 4060 667 27146 10337 340 6299 6820 8028 5482 2799 67787 245 1367 2044 2384 3588
leaf_count=4968 5083 9108 17637 4281 16127 6638 4365 3722 10899 3253 13311 705 1122 921 22395 27708 536 8382 4781 16269 6057 22056 19405 11399 47922 3376 17478 1031 3655 1486 969 5024 1977 2838 1100 1298 4985 18581 5070 7713 13190 1097 18098 2655 38915 2942 4060 667 27146 10337 340 6299 6820 8028 5482 2799 67787 245 1367 2044 2384 3588
internal_value=-9.15752e-07 0.000481492 -0.000535769 0.000626979 -0.000726149 -0.000909099 -0.000789412 0.000533956 -0.000323099 0.00097003 0.00089381 0.000408638 0.000676406 0.000659035 -0.000511077 -0.000641383 -0.00138502 -0.00109446 0.000331614 0.000283671 0.000391684 0.000305779 0.000139169 8.77791e-05 1.92455e-05 -0.00025248 -0.000383604 -0.000134444 -0.000584501 -5.20687e-05 -0.000726103 -0.00124461 -0.000435204 -0.00193985 0.00104593 -8.53904e-05 -0.000818198 0.00109382 -0.00160756 -6.28912e-05 -0.000470767 0.000307347 0.000553002 0.000674352 -0.000645676 -0.000237958 -0.00030285 -0.0012991 -0.00010614 -0.000276883 -0.000251182 -0.000571347 0.000652039 0.000617386 0.000899675 0.00124153 0.000553156 0.000253394 -0.000998187 -0.000335759 -7.1377e-05 -0.00019269
internal_weight=591921 311219 280702 218399 148113 80033 68325 171810 132589 46589 43336 10344 100827 99705 68080 45345 13283 8918 70983 66202 49933 43876 92820 83712 72313 116038 61201 27319 33882 7118 26764 8831 5632 3807 32992 6063 16551 31892 11708 26288 17933 8810 21820 98784 55042 24391 5358 5652 54837 27691 22735 11382 96129 89309 16554 10827 72755 5727 4743 21449 16309 13925
internal_count=591921 311219 280702 218399 148113 80033 68325 171810 132589 46589 43336 10344 100827 99705 68080 45345 13283 8918 70983 66202 49933 43876 92820 83712 72313 116038 61201 27319 33882 7118 26764 8831 5632 3807 32992 6063 16551 31892 11708 26288 17933 8810 21820 98784 55042 24391 5358 5652 54837 27691 22735 11382 96129 89309 16554 10827 72755 5727 4743 21449 16309 13925
is_linear=0
shrinkage=0.05


Tree=33
num_leaves=63
num_cat=0
split_feature=5 3 28 20 20 22 1 27 0 17 20 0 0 17 22 0 0 26 31 20 17 17 22 27 26 20 31 3 23 17 26 30 17 0 17 23 0 3 5 0 27 0 27 23 17 0 26 0 17 5 0 0 26 17 22 17 0 6 0 27 26 27
split_gain=55.3417 6.55574 2.99392 2.46984 2.88 2.56037 2.40372 2.27745 1.96464 1.38747 1.22978 1.20221 1.32099 1.19834 2.00576 1.87571 1.43252 1.34994 1.092 1.03564 1.42285 2.63532 0.950192 0.864534 0.845333 0.797262 0.735995 0.719678 0.845761 0.726438 1.71441 0.68169 0.679943 0.645547 0.695529 0.639284 0.950877 0.630805 0.586186 0.560136 0.665285 0.538289 0.534718 0.526323 0.512927 0.50938 0.497016 0.484606 0.845021 0.481837 0.470765 0.459384 0.445385 0.435595 0.433726 0.384044 0.413169 0.382153 0.381969 0.520224 0.378917 0.402815
threshold=136.91400000000002 6443.6000000000013 -1.0000000180025095e-35 3.5000000000000004 2.5000000000000004 2.5000000000000004 6.3350000000000009 0.003699843640754606 95846.83658813838 2.5000000000000004 1.0000000180025095e-35 127874.43293241467 703512.22878528992 4.5000000000000009 1.5000000000000002 290740.95272651286 446512.2233907851 54.974476962867882 38.500000000000007 1.5000000000000002 3.5000000000000004 6.5000000000000009 1.5000000000000002 0.0028417159608883215 79.978523933298803 1.5000000000000002 8.5000000000000018 5226.9000000000005 1.0000000180025095e-35 1.0000000180025095e-35 76.330888448838451 36.500000000000007 3.5000000000000004 339120.69724918756 10.500000000000002 1.0000000180025095e-35 133452.95339150439 4952.9500000000016 181.96100000000004 173565.87356343996 0.0023201667136965682 316205.64241501404 0.0042974939411812929 1.0000000180025095e-35 10.500000000000002 75240.629022410663 40.448982035854115 285894.93746631203 3.5000000000000004 179.96850000000003 117115.67586742358 272407.94740532356 48.222719022508009 2.5000000000000004 1.0000000180025095e-35 5.5000000000000009 605210.3078708658 182.30000000000004 221179.04655210939 0.0028601482659554645 13.039491436389191 0.0048171015882745869
decision_type=2 2 2 2 2 2 2 2 2 2 2 2 2 2 2 2 2 2 2 2 2 2 2 2 2 2 2 2 2 2 2 2 2 2 2 2 2 2 2 2 2 2 2 2 2 2 2 2 2 2 2 2 2 2 2 2 2 2 2 2 2 2
left_child=2 39 42 4 5 10 23 44 26 18 54 19 13 14 43 -16 17 58 22 20 -12 45 27 -4 33 -17 -8 28 29 30 31 -10 37 34 38 -7 -37 -11 -9 40 46 53 -1 47 -5 -22 -2 48 57 -19 -6 -51 -33 -25 -3 -41 -57 -13 59 -15 -29 -62
right_child=1 3 6 7 50 35 8 24 9 32 11 12 -14 16 15 25 -18 49 -20 -21 21 -23 -24 41 -26 -27 -28 60 -30 -31 -32 52 -34 -35 -36 36 -38 -39 -40 55 -42 -43 -44 -45 -46 -47 -48 -49 -50 51 -52 -53 -54 -55 -56 56 -58 -59 -60 -61 61 -63
leaf_value=-0.00013787348449849579 -0.00070813599146482998 0.00010766857392675771 0.00015451656772996319 -9.8645591590519223e-05 -0.00030783360255966284 -0.00023276610884242805 0.00023016541853751712 -0.00122272532468047 0.00048507181342569654 -0.001139744388988499 -0.00026450743003633454 -0.0013025871990257072 -0.00019072446334700931 -0.0020417581309508629 -5.4227510562525635e-05 0.00020547671690378185 -0.00068528495621224597 -0.0014018517404759197 0.0020239028960267486 0.00014297688208484769 -0.0032220507512892038 0.0010152450705190037 -0.00030263429657318526 0.00045907509700288042 -0.00048983377049132532 -0.0012707153034736646 0.0011866059660825168 0.001118364483295905 -0.001459502666257322 0.00094600248263755236 0.001961725021549053 -0.00037715497697202887 0.00016236543269081835 -0.00093577595489545071 -0.002795764079887663 -0.0019986372203101041 -0.0003021861210913414 0.0015231005284948472 -0.0019942631235665823 -0.00016746520070534102 0.00011910640934944248 0.0001772734818692607 0.00026469213509575806 0.00011715684136794817 -0.0012459868643207375 -0.0017246360288271385 -6.6487424665992884e-05 -0.00073581106228653667 -0.0020929070184120551 -0.0028566847192366277 0.00040505222876872633 -0.0018098035615513903 0.00153953203382902 0.00085964687170493517 -0.00072913801302429925 -0.0006033171390547764 0.00024394356762712086 -0.00085038573330682146 -0.0011505754167956458 -0.00025013619613195283 0.00045296491496040267 0.00091434266527359647
leaf_weight=15639 4778 5857 33552 5390 3185 43635 26008 5334 30287 228 8096 8067 7677 480 15572 1083 14343 4334 1579 6204 733 885 2316 18117 2202 5884 2180 2784 410 46951 2314 346 1137 3389 1332 1313 2227 9062 4572 48349 33386 9609 17456 1077 1189 2522 8193 10927 2119 1493 8486 3515 2444 10852 2105 10246 1674 11102 12620 2599 35006 5470
leaf_count=15639 4778 5857 33552 5390 3185 43635 26008 5334 30287 228 8096 8067 7677 480 15572 1083 14343 4334 1579 6204 733 885 2316 18117 2202 5884 2180 2784 410 46951 2314 346 1137 3389 1332 1313 2227 9062 4572 48349 33386 9609 17456 1077 1189 2522 8193 10927 2119 1493 8486 3515 2444 10852 2105 10246 1674 11102 12620 2599 35006 5470
internal_value=-8.69965e-07 -0.000449312 0.000520351 -0.000610442 -0.00055018 -0.000600489 0.000581671 -0.00109479 0.000685054 0.000761567 -0.000715531 -0.000755033 -0.000821662 -0.000872533 -0.000723552 -0.000359323 -0.00108373 -0.00131195 0.000717025 -0.000383255 -0.00065007 -0.00140406 0.000700945 0.000340132 -0.00140316 -0.00104125 0.000304134 0.00071939 0.000805785 0.000817064 0.00064601 0.000553965 0.00131649 -0.00154065 -0.00172306 -0.000285192 -0.000931407 0.00145775 -0.00157882 -0.000129628 1.04151e-06 0.000501565 7.44603e-05 -0.000970139 -0.000306001 -0.00206184 -0.000302845 -0.00100649 -0.00114543 -0.00178785 0.000210507 -0.0021219 0.00130184 0.000609132 -0.000113567 -0.000230135 -0.000484331 -0.00104069 -0.00102875 -0.000529441 0.000554126 0.000515316
internal_weight=591921 318174 273747 211548 188140 176469 240652 23408 168522 140334 129294 121332 102892 95215 55831 22539 39384 25041 129907 18440 12236 4140 128328 72130 16829 6967 28188 126012 82752 82342 35391 33077 10427 14627 11238 47175 3540 9290 9906 106626 46357 38578 33095 33292 6579 3255 12971 32215 21288 9342 11671 5008 2790 28969 7962 60269 11920 19169 15699 3079 43260 40476
internal_count=591921 318174 273747 211548 188140 176469 240652 23408 168522 140334 129294 121332 102892 95215 55831 22539 39384 25041 129907 18440 12236 4140 128328 72130 16829 6967 28188 126012 82752 82342 35391 33077 10427 14627 11238 47175 3540 9290 9906 106626 46357 38578 33095 33292 6579 3255 12971 32215 21288 9342 11671 5008 2790 28969 7962 60269 11920 19169 15699 3079 43260 40476
is_linear=0
shrinkage=0.05


Tree=34
num_leaves=63
num_cat=0
split_feature=5 5 24 18 20 27 20 25 22 22 29 25 26 28 25 27 21 21 17 3 18 26 17 26 17 18 21 26 21 21 18 18 25 21 25 28 27 3 5 20 25 24 17 18 22 17 20 17 20 17 3 22 24 27 21 26 21 22 18 26 23 26
split_gain=49.9849 6.38173 2.80787 2.64452 2.80816 2.0195 1.99966 1.98002 1.54027 1.3323 1.26106 1.32855 1.19979 1.21823 1.10896 1.09207 1.11321 0.993861 0.93694 1.3526 0.878068 0.86619 0.860999 0.824077 0.775754 0.867859 1.7764 0.980602 0.725803 1.11394 1.05849 0.973731 0.71997 0.665651 0.640604 0.631467 0.637143 0.620481 0.615094 0.61422 0.878138 0.633407 0.66157 0.609696 0.606488 0.740481 0.690025 0.671468 0.662345 0.597986 0.59469 0.590772 0.577452 0.559901 0.559006 0.546988 0.747027 0.5371 0.719491 1.05207 0.523191 0.515551
threshold=135.63150000000002 162.31750000000002 58.23426440022196 2.5000000000000004 3.5000000000000004 0.0036101578943349469 2.5000000000000004 13.927933194169226 1.5000000000000002 2.5000000000000004 11.500000000000002 87.462986312676534 20.264741062633032 -1.0000000180025095e-35 50.093409079463548 0.005710934944302198 1.5000000000000002 1.0000000180025095e-35 1.0000000180025095e-35 5450.7000000000007 1.0000000180025095e-35 63.267885140914451 2.5000000000000004 79.978523933298803 1.5000000000000002 1.0000000180025095e-35 1.0000000180025095e-35 43.308004156692071 2.5000000000000004 1.0000000180025095e-35 1.0000000180025095e-35 1.0000000180025095e-35 68.618117584860457 1.5000000000000002 51.235262131058931 -1.0000000180025095e-35 0.0024597205126616231 5684.7000000000016 181.96100000000004 1.0000000180025095e-35 16.923911151840063 75.61417999482633 1.5000000000000002 1.0000000180025095e-35 1.5000000000000002 4.5000000000000009 1.5000000000000002 6.5000000000000009 1.0000000180025095e-35 6.5000000000000009 7099.2000000000016 1.0000000180025095e-35 91.629060008758941 0.0096333322092345842 1.0000000180025095e-35 23.455665173384805 1.0000000180025095e-35 1.0000000180025095e-35 1.0000000180025095e-35 47.648436203274677 1.0000000180025095e-35 65.775588847896202
decision_type=2 2 2 2 2 2 2 2 2 2 2 2 2 2 2 2 2 2 2 2 2 2 2 2 2 2 2 2 2 2 2 2 2 2 2 2 2 2 2 2 2 2 2 2 2 2 2 2 2 2 2 2 2 2 2 2 2 2 2 2 2 2
left_child=2 28 7 4 6 33 9 21 10 14 11 12 17 52 24 -5 -17 -4 -9 55 22 -1 34 38 -3 26 27 -26 29 30 39 -30 57 50 60 -21 51 -22 -7 -2 -41 -42 -43 -11 46 -46 48 -47 -16 -18 -6 -37 -14 -27 -10 56 -20 -31 59 -59 -15 -12
right_child=1 3 8 15 5 23 -8 18 54 43 61 -13 13 20 44 16 49 -19 19 35 37 -23 -24 -25 25 53 -28 -29 31 32 -32 -33 -34 -35 -36 36 -38 -39 -40 40 41 42 -44 -45 45 47 -48 -49 -50 -51 -52 -53 -54 -55 -56 -57 -58 58 -60 -61 -62 -63
leaf_value=0.00073337088144899767 -5.0058824775234499e-05 0.00060030959711076734 0.0022171230296683555 -0.00062940489505674527 -0.0011395823995531652 -0.00114179347243828 0.00018083088909137397 -0.00012287269181637155 -9.809704025173652e-05 -0.00038203956858306369 0.00086263895847154225 0.0012009334535984417 -6.072565096753324e-05 0.00062222748875622586 -0.00010324064950953804 -0.0012034187959997461 -5.6893900072471225e-05 0.00056351614231390081 0.001519231326677666 -0.00030810403574638607 0.0010142620055406963 0.0020434782340028302 -0.00062384495180568974 -0.00043387541616884219 -0.00079833963052596999 -0.00055432112868903055 -0.0012654004015707325 -5.1262993766329045e-05 -0.0006628775075567504 -0.00025355365646587407 -0.00045449772396899206 0.00043936444042109605 2.8858719009024144e-05 0.00071103453126717666 0.00028779657952570183 0.00044379783541030556 0.00038138098635599863 0.00048321504834114115 -0.0017861304968310905 0.0016827864673037115 7.448438776835642e-05 0.0023846740433349982 0.00052872731023456633 1.6128585225678758e-05 -7.2954202295357162e-05 -0.0013008557126668193 -2.1518910917943028e-05 -0.00030287250369474052 -0.00078869440101758345 -0.0029654292968802958 -6.167825092525738e-05 -0.00025967892204118668 0.0013470179026248584 0.00046460014777529104 0.0013159225456977125 0.00043804020183379686 0.00047388768887618167 -0.0012716734057986517 -0.00015762076022018419 -0.00022315509318960119 -0.00065303974208569596 0.0014228978967690412
leaf_weight=10039 27234 1065 1996 7882 2282 7816 11875 17899 8972 33185 12437 8935 10115 74832 4212 12096 202 1668 3340 6996 17908 1443 1609 2320 15818 16037 17611 6081 2444 13353 10730 11121 8981 1350 19604 4260 21731 7939 7040 1122 12870 574 2937 13536 18101 2672 4759 4565 21584 1412 2913 9967 785 1472 758 13881 3500 6991 4484 3637 813 6130
leaf_count=10039 27234 1065 1996 7882 2282 7816 11875 17899 8972 33185 12437 8935 10115 74832 4212 12096 202 1668 3340 6996 17908 1443 1609 2320 15818 16037 17611 6081 2444 13353 10730 11121 8981 1350 19604 4260 21731 7939 7040 1122 12870 574 2937 13536 18101 2672 4759 4565 21584 1412 2913 9967 785 1472 758 13881 3500 6991 4484 3637 813 6130
internal_value=-8.26467e-07 -0.000418128 0.000505075 -0.000573166 -0.000515393 -0.00102548 -0.000445278 0.000283267 0.000623358 -0.000491546 0.000659456 0.000610163 0.000571709 0.00054723 -0.000583721 -0.00109838 -0.001368 0.00146433 0.000196737 0.000286579 0.000592229 0.000898019 0.000523135 -0.00131027 -0.000736713 -0.000761686 -0.000891542 -0.000590888 -0.000100873 -0.000150752 -8.50392e-06 0.000240774 -0.000361459 -0.000278121 0.00054251 0.000126523 0.000211084 0.000851149 -0.00144713 9.8466e-05 0.000329565 0.000236877 0.000832149 -0.000266682 -0.000424731 -0.000243865 -0.000574716 -0.000671342 -0.000676773 -0.00260141 -0.000535168 -4.90364e-05 4.06577e-05 -0.000468659 1.20599e-05 0.000618371 0.000984333 -0.000484608 -0.000688768 -0.000912861 0.000608521 0.00104761
internal_weight=591921 324364 267557 217886 196294 23721 172573 93056 174501 160698 164771 146204 137269 133605 113977 21592 13710 3664 81574 63675 122705 11482 96858 17176 58084 57019 39510 21899 106478 92913 55467 13565 37446 6545 95249 42954 35958 25847 14856 44737 17503 16381 3511 46721 55893 25338 30555 7237 25796 1614 5195 14227 10900 17509 9730 20721 6840 28465 15112 10628 75645 18567
internal_count=591921 324364 267557 217886 196294 23721 172573 93056 174501 160698 164771 146204 137269 133605 113977 21592 13710 3664 81574 63675 122705 11482 96858 17176 58084 57019 39510 21899 106478 92913 55467 13565 37446 6545 95249 42954 35958 25847 14856 44737 17503 16381 3511 46721 55893 25338 30555 7237 25796 1614 5195 14227 10900 17509 9730 20721 6840 28465 15112 10628 75645 18567
is_linear=0
shrinkage=0.05


Tree=35
num_leaves=63
num_cat=0
split_feature=3 3 2 24 25 3 27 18 0 18 20 18 0 27 0 0 19 23 17 31 24 0 25 17 25 25 0 20 20 17 0 17 18 22 27 0 25 0 0 23 26 29 0 26 26 0 24 0 25 24 25 26 25 17 0 3 20 17 25 24 26 22
split_gain=45.3087 4.70553 3.75989 2.1969 1.98959 1.68437 1.66085 2.17383 1.40061 1.36673 1.28366 1.27426 1.09424 0.902042 1.15814 0.849344 0.902534 0.802029 0.906587 1.17974 0.802071 0.72952 1.09481 0.719579 0.642912 0.738704 0.722662 0.632061 0.63128 1.22376 0.783674 0.627578 1.2438 0.595637 0.570674 0.560439 0.551937 1.11224 0.947589 0.637357 0.547248 0.780227 0.570433 0.511961 0.508559 0.502385 0.599811 0.496221 0.629217 0.482399 0.481511 0.479974 0.475507 0.470023 0.469909 0.46578 1.06143 0.572731 0.463312 0.455789 0.445279 0.433978
threshold=6178.4000000000005 5886.9500000000007 2.1500000000000008 86.925646364718887 5.8978332682307437 5226.9000000000005 0.003699843640754606 1.5000000000000002 95846.83658813838 1.5000000000000002 3.5000000000000004 1.5000000000000002 361872.9183718139 0.0032163745652391529 512022.86734204221 624061.93202985357 1.0000000180025095e-35 1.0000000180025095e-35 1.0000000180025095e-35 19.500000000000004 42.938070308371245 199570.91652750914 42.67382076970901 5.5000000000000009 86.92270272321089 44.373477090055182 86342.75772710079 5.5000000000000009 1.5000000000000002 6.5000000000000009 54169.048251842112 1.0000000180025095e-35 1.0000000180025095e-35 3.5000000000000004 0.0029884893960010288 210727.90555787133 42.229355936840079 262010.48979377127 468529.62639075407 1.0000000180025095e-35 62.310239816804227 5.5000000000000009 257924.96212461303 46.788747085507786 10.642914471192386 207786.81899077081 38.975669384758923 285894.93746631203 74.93573124351505 42.169865851083777 30.684042307821773 48.991683760998932 87.462986312676534 10.500000000000002 115331.79263260768 6427.6500000000005 1.0000000180025095e-35 1.5000000000000002 0.023057781902900826 56.624918371384375 23.455665173384805 1.0000000180025095e-35
decision_type=2 2 2 2 2 2 2 2 2 2 2 2 2 2 2 2 2 2 2 2 2 2 2 2 2 2 2 2 2 2 2 2 2 2 2 2 2 2 2 2 2 2 2 2 2 2 2 2 2 2 2 2 2 2 2 2 2 2 2 2 2 2
left_child=1 3 11 4 12 8 23 10 -6 24 36 21 31 -13 54 16 33 18 19 20 -10 22 28 -4 25 26 -7 -23 29 30 59 51 -33 47 -3 -34 38 -38 39 -8 42 52 -5 -41 -28 -11 -47 48 -9 -21 -22 -1 -42 -30 -15 56 -32 -57 -36 -2 -20 -62
right_child=2 34 6 40 5 9 7 15 17 45 -12 13 -14 14 -16 -17 -18 -19 60 49 50 27 -24 -25 -26 -27 44 -29 53 -31 55 32 35 -35 58 -37 37 -39 -40 43 41 -43 -44 -45 -46 46 -48 -49 -50 -51 -52 -53 -54 -55 -56 57 -58 -59 -60 -61 61 -63
leaf_value=0.00019726252004087302 -0.0025802438640389436 -7.4164589863336781e-05 -0.00059202892772170748 0.0017739087114886885 0.00022412055894932776 -0.00011431053820000589 -0.00093171995811227194 -0.0024517139113807811 -0.00040621739617247319 0.0013926762353990521 -0.0013678052737765463 4.8960988607503165e-05 0.00013531262347807227 7.5392663563024487e-05 -9.7343125429108946e-05 -0.00051980349129504685 0.00048293872206363472 -0.001138299659784312 0.0013086527670129874 -0.000622294987162271 0.0015572251040631986 -0.00033142833364073785 1.498351142807872e-05 -0.00019607112430012212 0.00075142785647743481 8.2295609036108611e-05 0.0012636622634475394 -0.0011401297541311455 0.00011896245657041815 0.00045517591216549683 -0.00064273038251868979 0.00040843032915431735 0.0025225472464242091 0.00021789057327564667 0.0009520973290216791 0.0012935406466892503 -0.00017826791576366183 -0.00081340572051649847 -0.00026527394114402264 -0.0041303036556887716 0.00040961072427762201 0.0014040163554856636 0.00080217638238486546 -0.00087467394446125309 0.00042424601970851393 -0.0013522557830554741 0.00078931539250706837 -0.0013416950096427716 -0.0014077132892481039 0.0016733252347797692 0.00044680525860227386 0.0026086088207729645 0.0012127175246844763 -0.0022395641214722453 -0.0011196399557295981 0.0011471438426074029 0.00083020222290786929 -0.0010345662778782369 0.0001622640133472687 -0.00023294632403518664 0.00096550267394936379 0.0006468153944936898
leaf_weight=241 834 36288 30779 3922 22073 6217 14761 3036 2762 3585 5877 3704 2160 881 4311 2842 571 608 4337 251 1010 65283 45126 18294 5839 49228 1924 2509 5962 2597 6366 2953 1510 463 1957 2405 16619 11778 6381 286 7671 4343 2456 209 29021 379 2381 7644 2751 2593 29236 1436 2426 219 12412 316 1514 6259 36228 275 18129 26008
leaf_count=241 834 36288 30779 3922 22073 6217 14761 3036 2762 3585 5877 3704 2160 881 4311 2842 571 608 4337 251 1010 65283 45126 18294 5839 49228 1924 2509 5962 2597 6366 2953 1510 463 1957 2405 16619 11778 6381 286 7671 4343 2456 209 29021 379 2381 7644 2751 2593 29236 1436 2426 219 12412 316 1514 6259 36228 275 18129 26008
internal_value=-6.24516e-07 0.000414522 -0.000461176 0.000523421 0.000476202 0.000441597 -0.000669493 -0.000820345 0.000578961 0.000292482 -0.000668767 -0.000300518 0.00114076 -0.000660261 -0.000809486 -0.00131002 -0.00146528 0.000671178 0.000684225 0.000493595 0.000409404 -0.000244672 -0.000130801 -0.000444419 0.000243649 0.000209329 0.000377608 -0.000361359 -0.000401062 -0.000549609 -0.000717266 0.00139492 0.00118318 -0.00154535 6.78161e-05 0.00176756 -0.000586658 -0.000441699 -0.000776906 -0.000990901 0.00101399 0.000843616 0.00139972 -0.0027557 0.000476437 0.0010023 0.000495237 -0.00160613 -0.00195542 0.00147072 0.000483885 0.00226208 0.000602573 3.53971e-05 -0.00104044 -0.000618993 -0.000359733 -0.000929711 0.000202743 -0.00199818 0.000825218 0.000777714
internal_weight=592436 311577 280859 237104 216286 205581 122291 73218 107007 98574 55911 158568 10705 21308 17604 17307 14465 84934 84326 35852 33008 137260 69468 49073 92229 86390 37162 67792 24342 18161 15564 8545 6868 13894 74473 3915 50034 28397 21637 15256 20818 14440 6378 495 30945 6345 2760 13431 5787 2844 30246 1677 10097 6181 13293 14455 7880 6575 38185 1109 48474 44137
internal_count=592436 311577 280859 237104 216286 205581 122291 73218 107007 98574 55911 158568 10705 21308 17604 17307 14465 84934 84326 35852 33008 137260 69468 49073 92229 86390 37162 67792 24342 18161 15564 8545 6868 13894 74473 3915 50034 28397 21637 15256 20818 14440 6378 495 30945 6345 2760 13431 5787 2844 30246 1677 10097 6181 13293 14455 7880 6575 38185 1109 48474 44137
is_linear=0
shrinkage=0.05


Tree=36
num_leaves=63
num_cat=0
split_feature=3 3 3 18 27 0 18 18 28 17 3 25 18 20 30 26 24 27 0 0 24 0 27 26 25 20 24 19 28 17 19 25 0 25 17 25 25 0 28 22 25 0 0 30 17 24 26 27 26 0 0 22 24 20 20 26 30 24 20 17 17 0
split_gain=40.8911 4.29383 3.34955 2.05913 1.67456 1.60163 1.51284 1.48902 1.11106 1.12623 1.06907 1.03841 1.0301 1.00038 0.99675 0.92406 0.964193 0.846153 0.96746 0.817418 0.813796 0.812997 0.934895 1.10167 0.803166 0.84207 0.865213 0.759147 0.760851 0.739039 0.71553 0.649683 0.636436 0.631334 0.849631 0.628915 0.619212 1.12612 0.593195 0.595687 0.585725 1.36031 0.941366 0.582431 0.57934 0.57678 1.02409 0.558641 0.814525 0.55776 0.545542 0.534849 0.532748 0.532147 0.531884 0.626923 0.61096 0.531355 0.524941 0.510062 0.493181 0.490668
threshold=6178.4000000000005 5732.6000000000013 6788.1000000000013 1.0000000180025095e-35 0.0036776860911047989 172462.1622865258 1.5000000000000002 1.5000000000000002 -6.4259564664492772e-05 1.5000000000000002 4997.6500000000005 97.1294705127886 2.5000000000000004 3.5000000000000004 14.500000000000002 23.455665173384805 31.591757769953457 0.0029147897247777865 533358.46608628461 703512.22878528992 69.194259135338186 218092.28112315133 0.0020236436504750886 40.448982035854115 10.037586843995081 1.0000000180025095e-35 49.47800876788218 1.0000000180025095e-35 -0.038867510126359466 5.5000000000000009 1.0000000180025095e-35 68.879296131709864 75240.629022410663 6.5860832885237377 1.0000000180025095e-35 34.048417741947297 30.684042307821773 225889.56147798293 -0.0080389224458986535 1.5000000000000002 34.048417741947297 439764.81904768985 253920.6334798804 67.500000000000014 1.5000000000000002 60.941028550002507 42.777751806445202 0.0023735898278828067 58.794511253210594 187364.92728051436 115331.79263260768 3.5000000000000004 79.731569748091047 1.0000000180025095e-35 1.5000000000000002 17.175091357952628 13.500000000000002 37.428693435038632 5.5000000000000009 1.5000000000000002 3.5000000000000004 335776.12591383629
decision_type=2 2 2 2 2 2 2 2 2 2 2 2 2 2 2 2 2 2 2 2 2 2 2 2 2 2 2 2 2 2 2 2 2 2 2 2 2 2 2 2 2 2 2 2 2 2 2 2 2 2 2 2 2 2 2 2 2 2 2 2 2 2
left_child=1 3 7 5 29 11 13 21 -7 15 -11 14 32 40 33 43 -17 -9 50 27 -16 22 23 -2 -3 26 31 28 -8 38 47 -26 -5 34 -1 -24 37 -34 -4 53 41 54 -42 -10 -27 -35 52 48 -18 -14 -19 -30 -47 -40 56 -56 -6 59 -23 -38 -57 -12
right_child=2 24 4 12 6 8 19 17 9 10 61 -13 49 -15 20 16 30 18 -20 -21 -22 58 35 -25 25 44 -28 -29 51 -31 -32 -33 36 45 -36 -37 57 -39 39 -41 42 -43 -44 -45 -46 46 -48 -49 -50 -51 -52 -53 -54 -55 55 60 -58 -59 -60 -61 -62 -63
leaf_value=0.0022585434692978666 -0.00090449575082671499 0.00055100336987591169 -0.0010412038342514673 -1.6684640220607711e-05 -0.0016328740866969949 -0.00019167046907104894 -0.00077955147705343285 0.00013107440513137039 0.0015475863462238483 0.00095646974308957018 0.00014525988074586566 0.0021293524161759623 0.0029475362928044618 -0.0012427627821181813 0.00052378689509571016 -0.00069672530772456613 -2.5208786629740492e-05 0.00019058501598506568 -0.00011290907401147078 -0.00022898543170175504 0.001557105664466715 -0.0003282353691248898 -0.00030724856112891675 -7.9957754590840517e-05 -0.0003029748464123635 0.0019671104180479754 0.00014769784324989419 0.0004501949705634831 -0.0016279709611351193 -0.00015609774102357633 -0.00035712626922893638 0.00033203449715032095 0.0018180105158169557 1.6587669313252739e-05 0.00025517557950012346 8.0733782035588279e-05 -0.00087673166890454022 0.00074070050829839161 0.00011122317194164526 -0.00020938889698959474 -0.00022128014582205964 -0.0002354238303773949 -0.00073620388857087102 -0.00030479960541905172 0.00040476592461634791 0.00074518931310766029 0.0002521464455984664 0.00086405295650225601 0.00105378625762055 0.0013395155571190439 -0.0010974424787798043 0.00021968506302915658 0.00216472941601619 -0.00080884515441705422 -0.0019716571755259336 0.0015502830719113722 -0.00070186367501625182 0.00077997738187714498 -0.001119757343347855 0.00049432648314850006 -0.00050034179765173162 -0.00075181184334957509
leaf_weight=895 7189 10378 5147 2407 5780 3842 4244 2762 5083 3524 5759 783 740 6334 11153 1187 4574 880 3847 2064 2298 56074 13744 9281 23272 628 55092 607 11103 19114 1421 4871 3929 25447 1295 43515 945 6340 1815 12775 19053 6515 16617 463 10758 2093 52109 36154 2832 1988 12492 406 966 11717 640 341 2535 23874 2176 2404 2092 2073
leaf_count=895 7189 10378 5147 2407 5780 3842 4244 2762 5083 3524 5759 783 740 6334 11153 1187 4574 880 3847 2064 2298 56074 13744 9281 23272 628 55092 607 11103 19114 1421 4871 3929 25447 1295 43515 945 6340 1815 12775 19053 6515 16617 463 10758 2093 52109 36154 2832 1988 12492 406 966 11717 640 341 2535 23874 2176 2404 2092 2073
internal_value=-5.9329e-07 0.000393796 -0.000438118 0.000526127 -0.000625599 0.000445634 -0.000770399 -0.000279087 0.000633833 0.000684119 0.000233238 0.000315864 0.000835715 -0.000648541 0.000301113 0.000783129 0.000709875 -0.000681341 -0.000811656 -0.00116663 0.000700321 -0.000218188 -0.000107884 -0.000439861 0.000133445 8.76475e-05 3.24801e-05 -0.00128492 -0.00135178 -0.000401302 0.000746993 -0.000193067 0.000771445 0.000236264 0.0010739 -1.23944e-05 0.000822043 0.00115289 -0.000550308 -0.000454264 -0.000578286 -0.000811649 -0.000461159 0.00139294 0.000490938 0.000213509 0.000304341 0.000783012 0.000387391 0.00177571 -0.00101268 -0.00156279 0.00119347 -0.00068544 -0.0011413 -0.000579215 -0.00134904 0.000697242 -0.000357804 0.00010745 -0.000212934 -9.21801e-05
internal_weight=592436 311577 280859 206578 128899 163951 78331 151960 66912 63070 11356 97039 42627 59907 96256 51714 46168 19981 17219 18424 13451 131979 73729 16470 104999 94621 83235 16360 15753 50568 44981 28143 39899 82805 2190 57259 37492 10269 31454 26307 53573 17903 35670 5546 11386 80615 55168 43560 7406 2728 13372 11509 3059 13532 11388 3073 8315 27223 58250 3349 2433 7832
internal_count=592436 311577 280859 206578 128899 163951 78331 151960 66912 63070 11356 97039 42627 59907 96256 51714 46168 19981 17219 18424 13451 131979 73729 16470 104999 94621 83235 16360 15753 50568 44981 28143 39899 82805 2190 57259 37492 10269 31454 26307 53573 17903 35670 5546 11386 80615 55168 43560 7406 2728 13372 11509 3059 13532 11388 3073 8315 27223 58250 3349 2433 7832
is_linear=0
shrinkage=0.05


Tree=37
num_leaves=63
num_cat=0
split_feature=5 3 28 25 3 27 20 0 3 0 0 25 0 25 0 17 25 25 20 22 17 26 31 23 26 20 17 0 25 25 20 17 25 0 28 22 20 26 17 17 25 20 17 0 17 26 27 17 25 25 22 26 17 3 17 27 17 25 26 0 22 27
split_gain=37.0639 4.87546 2.31569 1.66227 1.52003 1.4949 1.64266 1.25705 1.2149 1.13842 0.907423 1.3537 0.865852 0.788014 0.720753 0.696479 0.664552 0.658934 0.657154 0.786605 0.649003 1.47962 0.857328 0.711347 0.643062 0.639682 0.731144 0.610574 0.597811 0.59717 0.581262 0.683956 0.581667 0.775705 0.559954 0.572409 0.677188 0.553066 0.541215 0.528266 0.521255 0.640001 1.05732 0.610453 0.557194 0.507107 0.498765 0.493558 0.682291 0.486737 0.482656 0.777718 0.568229 0.488896 1.61136 1.06261 0.481274 0.765184 0.534204 0.527235 0.480245 0.46815
threshold=135.63150000000002 6708.9500000000016 -1.0000000180025095e-35 21.335964421447656 5371.3000000000011 0.003699843640754606 3.5000000000000004 95846.83658813838 6366.0000000000009 253920.6334798804 136198.15831771065 42.67382076970901 671865.11906460568 83.166386055998018 197015.14506540005 5.5000000000000009 90.818263455462898 2.0912035667854103 2.5000000000000004 2.5000000000000004 1.0000000180025095e-35 79.495785469848116 19.500000000000004 1.0000000180025095e-35 19.972149105623817 1.5000000000000002 7.5000000000000009 339120.69724918756 52.156768324588036 4.5270828533787304 1.0000000180025095e-35 6.5000000000000009 60.409865562734048 150006.30631351381 -0.011613828561762849 1.5000000000000002 1.0000000180025095e-35 69.45347725893707 3.5000000000000004 1.0000000180025095e-35 42.67382076970901 1.5000000000000002 6.5000000000000009 106259.42812028559 2.5000000000000004 29.734080389557409 0.0022483447951639241 10.500000000000002 10.037586843995081 0.35505529831132049 1.0000000180025095e-35 20.264741062633032 1.5000000000000002 4952.9500000000016 1.5000000000000002 0.0017451741424280873 3.5000000000000004 19.022824333668101 56.561237854913109 357933.26511888386 2.5000000000000004 0.0058206738568424218
decision_type=2 2 2 2 2 2 2 2 2 2 2 2 2 2 2 2 2 2 2 2 2 2 2 2 2 2 2 2 2 2 2 2 2 2 2 2 2 2 2 2 2 2 2 2 2 2 2 2 2 2 2 2 2 2 2 2 2 2 2 2 2 2
left_child=2 8 16 9 7 15 10 -5 29 17 11 25 18 24 40 34 49 39 19 56 21 22 28 50 46 26 38 37 -9 61 32 -32 -31 -34 -3 36 -36 47 -7 -4 41 42 43 44 -10 -46 -6 48 -8 -1 53 52 -52 -22 55 -55 57 -12 -58 -60 -16 -2
right_child=1 5 3 4 13 6 27 20 14 -11 12 -13 -14 -15 60 -17 -18 -19 -20 -21 23 -23 -24 -25 -26 -27 -28 -29 -30 30 31 -33 33 -35 35 -37 -38 -39 -40 -41 -42 -43 -44 -45 45 -47 -48 -49 -50 -51 51 -53 -54 54 -56 -57 58 -59 59 -61 -62 -63
leaf_value=0.0011724809506821841 0.00016533271800527291 -0.0010703428605560389 0.0027156077871770823 0.00021234530824809796 -0.00011680732197977076 -0.00053646892227736571 0.0010114424167841319 0.00042534778811952674 -0.00026148292047663074 0.00046363456370888696 -0.0015652872150068772 0.00012346040176726357 -0.00016157641477661204 0.00067639995835107845 -0.0004767236315844305 -0.00016185687291357542 0.00080511136410551056 0.00091049543272533678 0.00027909389839835214 -0.00045115098167384572 0.0011736524390345564 0.0018325016939351735 0.0012637233666721412 -0.0012937745400675546 0.00017443517149872588 -0.00017945557171365691 -0.00011774378667515445 -0.00065106618079841568 -0.00017072729043471794 -0.00027087522406913029 0.00030237600672253001 -0.0006315222151450729 0.00042995361647232193 -0.0001814412863177782 0.00012420017046275969 -0.00022744142134534229 -0.00076674742679206363 -0.00077752988135213483 -0.0021471626085778446 0.0013448270018858136 -2.9178351498127931e-05 8.339653259558703e-05 0.00050534034811633118 -0.00051381075028546447 -0.0026494504050204367 -0.0011724147824177253 0.00074228516976940413 -0.002869934780487699 -0.0016307821703858774 -6.4379938073665961e-05 0.0018883040262827003 0.00056624982706733097 0.00032999169846446868 0.0021730261057221791 0.0011896794168161236 -0.00034801132299019103 -0.00083728535849305783 -0.0004249687556885036 -0.0016581851794081771 -0.00097638686362061283 8.1716106299778511e-05 0.0012055211012197669
leaf_weight=818 3533 4014 867 21159 2074 719 255 27807 825 12369 1766 8923 6634 11347 47050 22796 2589 13535 1461 12578 11351 1915 2690 423 69206 2171 1004 3298 4956 37052 14968 2256 8440 13464 2482 15860 15158 2323 1899 3712 28618 4831 1753 5345 972 1445 9113 762 5837 28806 2005 29652 826 471 6610 3713 17839 8811 5032 6496 4193 1559
leaf_count=818 3533 4014 867 21159 2074 719 255 27807 825 12369 1766 8923 6634 11347 47050 22796 2589 13535 1461 12578 11351 1915 2690 423 69206 2171 1004 3298 4956 37052 14968 2256 8440 13464 2482 15860 15158 2323 1899 3712 28618 4831 1753 5345 972 1445 9113 762 5837 28806 2005 29652 826 471 6610 3713 17839 8811 5032 6496 4193 1559
internal_value=-5.63625e-07 -0.000360022 0.000434549 0.000488871 0.000437718 -0.000571493 -0.000703136 0.000559987 -0.00018236 0.000833405 -0.000615132 -0.000262935 -0.000700634 0.000286345 -0.000303739 -0.000379827 3.69104e-05 0.0010859 -0.000766879 -0.000795975 0.000639579 0.000478757 0.000405634 0.000748743 0.000231291 -0.000858104 -0.00126488 -0.00123457 0.000335181 -4.04298e-05 -7.54704e-05 0.000180054 -0.000150122 5.414e-05 -0.00051228 -0.000445412 -0.000641388 -0.00144427 -0.00170481 0.00160437 -0.000154781 -0.000391714 -0.000613693 -0.000842139 -0.00138344 -0.00176641 0.000583015 -0.00167024 -0.00152018 -3.02268e-05 0.000764558 0.000641845 0.00143364 0.000944558 0.000703642 -6.42138e-05 -0.000904557 -0.000615363 -0.00100871 -0.00127399 -0.000431029 0.000483804
internal_weight=592436 324422 268014 235801 205318 148118 87808 113578 176304 30483 75333 14716 60617 91740 95032 60310 32213 18114 53983 52522 92419 37368 35453 55051 80393 5793 3622 12475 32763 81272 76180 17224 58956 21904 37514 33500 17640 9177 2618 4579 43789 15171 10340 8587 3242 2417 11187 6854 6092 29624 54628 32483 2831 22145 10794 4184 39944 10577 29367 11528 51243 5092
internal_count=592436 324422 268014 235801 205318 148118 87808 113578 176304 30483 75333 14716 60617 91740 95032 60310 32213 18114 53983 52522 92419 37368 35453 55051 80393 5793 3622 12475 32763 81272 76180 17224 58956 21904 37514 33500 17640 9177 2618 4579 43789 15171 10340 8587 3242 2417 11187 6854 6092 29624 54628 32483 2831 22145 10794 4184 39944 10577 29367 11528 51243 5092
is_linear=0
shrinkage=0.05


Tree=38
num_leaves=63
num_cat=0
split_feature=5 2 3 18 18 18 21 18 26 28 21 18 26 26 17 26 25 22 26 22 21 26 25 22 18 17 19 19 25 25 18 25 21 26 25 3 21 26 17 30 22 21 17 21 17 18 25 22 30 22 19 25 21 25 21 17 21 17 22 26 21 17
split_gain=33.4663 3.46177 2.70808 1.36285 1.26971 1.1335 1.54166 1.02034 0.999373 0.918677 0.851722 1.52795 1.19133 0.820409 1.09566 0.782229 0.773987 0.721138 0.695232 0.693114 0.792006 0.840868 0.678904 0.648416 0.739236 0.677114 0.630622 0.629039 0.612772 0.709785 0.573539 0.570991 0.928121 0.938554 0.635652 0.683923 0.981538 0.76499 0.76196 0.659827 0.56713 0.562434 0.543669 0.662404 0.533978 0.685707 0.529514 0.528042 0.480707 0.479771 0.650351 0.765905 0.937969 0.476597 0.465658 0.462793 0.459117 0.859702 0.45021 0.558412 0.446919 0.437073
threshold=140.9145 2.1500000000000008 5496.1000000000013 1.0000000180025095e-35 2.5000000000000004 1.0000000180025095e-35 1.0000000180025095e-35 1.5000000000000002 37.787068706809841 -6.4259564664492772e-05 1.0000000180025095e-35 1.0000000180025095e-35 33.463021696214888 89.023558443546904 1.0000000180025095e-35 29.116013396881122 15.274919497605277 1.5000000000000002 26.03049435759127 2.5000000000000004 1.0000000180025095e-35 43.308004156692071 8.5081251455146703 3.5000000000000004 3.5000000000000004 9.5000000000000018 1.0000000180025095e-35 1.0000000180025095e-35 5.0690339509305353 50.407446185996697 1.5000000000000002 29.916260541180996 1.0000000180025095e-35 56.561237854913109 83.166386055998018 4952.9500000000016 1.0000000180025095e-35 14.828113515038339 1.5000000000000002 36.500000000000007 1.0000000180025095e-35 2.5000000000000004 3.5000000000000004 1.5000000000000002 3.5000000000000004 2.5000000000000004 82.247602311362229 1.5000000000000002 39.500000000000007 1.0000000180025095e-35 1.0000000180025095e-35 22.853723573072902 1.5000000000000002 31.663758667122735 5.5000000000000009 3.5000000000000004 2.5000000000000004 8.5000000000000018 1.0000000180025095e-35 26.03049435759127 1.5000000000000002 1.5000000000000002
decision_type=2 2 2 2 2 2 2 2 2 2 2 2 2 2 2 2 2 2 2 2 2 2 2 2 2 2 2 2 2 2 2 2 2 2 2 2 2 2 2 2 2 2 2 2 2 2 2 2 2 2 2 2 2 2 2 2 2 2 2 2 2 2
left_child=2 7 3 9 19 6 18 10 -8 58 27 12 49 17 -15 -13 -7 31 -4 20 21 -3 47 24 40 -26 44 28 -2 -30 42 32 33 -11 35 36 39 -37 -38 -33 -6 -22 43 53 45 -18 -10 -20 -19 -12 51 -51 -53 -5 -21 61 57 -17 -1 -60 -42 -29
right_child=1 4 5 30 23 16 8 -9 46 13 11 15 -14 14 -16 56 26 48 22 54 41 -23 -24 -25 25 -27 -28 55 29 -31 -32 34 -34 -35 -36 37 38 -39 -40 -41 60 -43 -44 -45 -46 -47 -48 -49 -50 50 -52 52 -54 -55 -56 -57 -58 -59 59 -61 -62 -63
leaf_value=-0.00016187791676084581 0.0010200600341292764 -0.00066723433655727093 0.00058562086292162925 0.0011393728015663118 -0.00040596751066306904 0.00082670097099309776 -0.00059921826028051729 -0.00053807402157153648 -4.8798430756405584e-05 0.00067215611142319991 -0.00016509137372366085 0.00026573163049198475 -0.00030400849896920177 0.0020179704706022781 -0.00034437019160636081 -0.00027335302450357278 0.00041672491005413989 -0.00034127264919065663 0.0015138759352518101 -0.00035217277664920078 -0.00083109666753442436 -0.00015732021999464267 0.00013118801574022436 0.00024352020611090764 0.00065327558828324854 -0.001014868052984034 -0.0011284963103832828 -5.555949724615773e-05 -0.00021658649676271972 0.00012049636654601939 0.0014646146088279554 0.00039403255953823405 0.00020501380777456616 0.0017508929329409827 0.0011616798233557747 0.0011345370219844205 0.0011932375520525831 0.00017831990177552412 0.00026382673282034178 0.0010851983029638785 -0.0016177990899554767 -0.00043461249490710598 -0.00032114091862813816 0.0024290992943660585 9.191610914927758e-05 0.0014966188396169052 0.0010154065251464809 -0.00086277081372958394 0.0020718811239066989 -0.002199187270627886 -0.0004345045400140105 -0.00060876195968108653 -0.0018047465764730996 0.00061814938778536916 0.0008113135191811238 0.00032090587764731075 3.3736208256312792e-05 -0.0015514201941462676 0.0020555180722866494 0.00023848892978609347 -0.0029240429030965402 -0.0009437621698777191
leaf_weight=8410 1418 15962 12365 6146 674 9243 9971 23463 16328 4821 2203 12414 28975 1843 669 12840 20763 3579 1467 29274 35155 16383 47820 898 664 7255 742 2022 28357 34760 3295 51353 4119 3466 3120 2251 8426 29541 2987 3702 2213 11997 1108 617 13182 1582 1259 278 219 1574 4049 5182 2398 15313 886 1465 10279 1466 514 2384 930 4397
leaf_count=8410 1418 15962 12365 6146 674 9243 9971 23463 16328 4821 2203 12414 28975 1843 669 12840 20763 3579 1467 29274 35155 16383 47820 898 664 7255 742 2022 28357 34760 3295 51353 4119 3466 3120 2251 8426 29541 2987 3702 2213 11997 1108 617 13182 1582 1259 278 219 1574 4049 5182 2398 15313 886 1465 10279 1466 514 2384 930 4397
internal_value=-5.35444e-07 -0.000372125 0.000379516 0.000520106 -0.000576766 0.000215097 0.000111774 -0.000230945 -0.000199332 0.000454162 -0.000184091 -0.000295088 -0.000492904 0.00049473 0.00138883 -5.78034e-05 0.000418255 0.000475628 0.000250212 -0.00052208 -0.000599507 -0.000408959 0.000166537 -0.00105142 -0.0011505 -0.000874996 0.000314164 -5.93598e-05 -7.85379e-06 -3.09471e-05 0.000847356 0.000498251 0.000818436 0.00112333 0.000459069 0.00043676 0.00052799 0.000246024 0.000949993 0.000440508 -0.00172208 -0.000730218 0.000759629 0.000813873 0.000344294 0.00049318 2.73848e-05 0.00113525 -0.000202126 -0.00084817 -0.000962146 -0.00119553 -0.000987122 0.000767431 -0.000317993 -0.000480966 -0.00022117 -0.000404322 2.33198e-05 0.000560764 -0.00200431 -0.000663976
internal_weight=592436 299553 292883 157883 122291 135000 89488 177262 27558 131404 153799 81380 44381 120096 2512 36999 45512 117584 61930 109657 79497 32345 49565 12634 11736 7919 36269 72419 64535 63117 26479 113786 12406 8287 101380 98260 66468 31792 11413 55055 3817 47152 23184 22076 35527 22345 17587 1745 3798 15406 13203 9154 7580 21459 30160 7884 24585 14306 11308 2898 3143 6419
internal_count=592436 299553 292883 157883 122291 135000 89488 177262 27558 131404 153799 81380 44381 120096 2512 36999 45512 117584 61930 109657 79497 32345 49565 12634 11736 7919 36269 72419 64535 63117 26479 113786 12406 8287 101380 98260 66468 31792 11413 55055 3817 47152 23184 22076 35527 22345 17587 1745 3798 15406 13203 9154 7580 21459 30160 7884 24585 14306 11308 2898 3143 6419
is_linear=0
shrinkage=0.05


Tree=39
num_leaves=63
num_cat=0
split_feature=5 3 24 18 25 30 22 25 26 21 21 21 26 28 19 22 23 27 18 21 27 18 21 17 24 27 25 25 21 28 28 3 17 31 27 17 26 17 26 3 25 23 3 25 26 24 18 17 27 18 26 25 22 21 18 21 18 27 25 17 27 24
split_gain=30.2901 4.00814 2.07251 1.54208 1.52563 1.48448 0.969497 1.06176 0.903571 0.868425 0.8598 0.837199 0.980231 0.820208 0.784457 0.765239 0.83136 0.997223 0.707322 0.68028 0.835362 0.970475 0.839798 1.607 0.646747 0.645973 0.625264 0.796304 1.24325 0.708263 0.606739 0.597445 0.58726 0.566061 0.539135 0.508719 0.542086 0.495003 0.893666 0.67859 0.611767 0.504447 0.490534 0.485513 0.485117 0.495453 0.48123 0.454408 0.451638 0.4454 0.431385 0.524672 0.419817 0.412431 0.412324 0.409622 0.403605 0.398917 0.395713 0.385803 0.608341 0.520426
threshold=135.63150000000002 6527.6000000000013 58.23426440022196 2.5000000000000004 0.023057781902900826 19.500000000000004 1.5000000000000002 87.462986312676534 38.162199914703073 4.5000000000000009 1.0000000180025095e-35 1.0000000180025095e-35 43.308004156692071 -1.0000000180025095e-35 1.0000000180025095e-35 2.5000000000000004 1.0000000180025095e-35 0.0033338120219592389 10.500000000000002 2.5000000000000004 0.0038610425264624716 1.0000000180025095e-35 1.5000000000000002 5.5000000000000009 67.493497238168331 0.006386153327279989 40.805317398552447 66.104511431942697 1.0000000180025095e-35 -1.0000000180025095e-35 -0.010281589945250634 6335.0000000000009 1.5000000000000002 19.500000000000004 0.0023913583802915371 1.0000000180025095e-35 63.587574507895276 1.0000000180025095e-35 88.424960681379389 5226.9000000000005 5.0690339509305353 1.0000000180025095e-35 5795.7500000000009 34.405898783828633 23.455665173384805 36.631915544461656 1.0000000180025095e-35 10.500000000000002 0.0073745328568530404 3.5000000000000004 51.049071244597556 26.442192907434677 1.0000000180025095e-35 1.0000000180025095e-35 1.0000000180025095e-35 1.0000000180025095e-35 11.500000000000002 0.012823316282401883 0.023057781902900826 2.5000000000000004 0.0023201667136965682 35.807269832058331
decision_type=2 2 2 2 2 2 2 2 2 2 2 2 2 2 2 2 2 2 2 2 2 2 2 2 2 2 2 2 2 2 2 2 2 2 2 2 2 2 2 2 2 2 2 2 2 2 2 2 2 2 2 2 2 2 2 2 2 2 2 2 2 2
left_child=2 18 4 9 -1 6 7 8 10 11 24 12 59 -10 33 19 -17 -18 31 20 21 22 32 -24 -4 -5 29 44 -29 -6 -27 34 -13 37 53 36 -7 38 40 41 -15 52 -30 -34 -28 -46 55 -23 -21 -32 -31 -52 -39 -2 -12 -41 -51 -37 -36 60 61 -3
right_child=1 3 5 25 26 35 -8 -9 13 -11 54 15 -14 14 -16 16 17 -19 -20 48 -22 47 23 -25 -26 30 27 28 42 50 49 -33 43 -35 58 57 -38 39 -40 46 -42 -43 -44 -45 45 -47 -48 -49 -50 56 51 -53 -54 -55 -56 -57 -58 -59 -60 -61 -62 -63
leaf_value=0.0012731930324887894 -3.5015672581157471e-05 -0.00040807466128129711 0.00062056727268733911 -0.00057347164458551808 -0.00018945193896895244 0.00090033899127404395 -7.8647884123229862e-05 0.0010005064941361562 -5.9739612763874423e-05 0.00084094883410750138 -0.00020256353767438614 0.0014998912521104694 -0.00014400680595289171 0.0021336189113747039 -0.00039164058568257314 -0.00014503608383869721 -0.00054606610029553934 -0.0027728366125939884 -0.0017067031697390904 -0.00045785656420430445 -0.0008946912242012141 -8.5261978492874179e-05 -0.0020122661828674299 0.00052994419947687411 0.0017326681164159666 -0.0007314985093369433 0.00019757363029297766 1.8908831839503725e-05 0.0012068056808971104 0.00033751347828220774 -0.0019378094169201672 -0.00022704614103403163 -0.00099652718409381992 0.0010268574471302267 0.00073497192135069372 0.00071168912326480033 0.0017794815234112194 0.0008790906069768992 0.0020811846591278793 0.00042135295901741718 0.00021608134847518135 -0.00092329123725531893 0.00025955410425552078 -0.00034904928748955667 -0.00063719297887057766 -9.0111312214164398e-05 0.00056126484908291597 -0.0019636808252361804 0.00022271903563316327 -0.00056957651425343435 0.0012967590304636401 0.00018912537401961994 0.00053079237837346156 -0.00045384308176162676 0.00067992451774122786 -8.1832078648212887e-05 -0.0017290034972166158 -0.0014955522016673304 4.5277849357234732e-05 -0.00043774219576499224 -0.00051195855499020242 -0.0021921691298321987
leaf_weight=3213 13866 599 2142 8161 5782 6111 8749 8648 9537 1336 1728 337 39677 421 2869 18041 2121 659 700 16279 27741 10646 2729 805 3355 4559 10450 11595 4166 27411 2928 62722 4934 4038 2173 18441 2459 14381 671 7365 34658 504 2034 7007 5302 18858 12078 332 2867 1723 2748 1750 21716 10203 5656 8971 1330 207 48454 26699 3507 1287
leaf_count=3213 13866 599 2142 8161 5782 6111 8749 8648 9537 1336 1728 337 39677 421 2869 18041 2121 659 700 16279 27741 10646 2729 805 3355 4559 10450 11595 4166 27411 2928 62722 4934 4038 2173 18441 2459 14381 671 7365 34658 504 2034 7007 5302 18858 12078 332 2867 1723 2748 1750 21716 10203 5656 8971 1330 207 48454 26699 3507 1287
internal_value=-5.08672e-07 -0.000325463 0.000392838 -0.000476785 0.000202586 0.000494451 0.000431839 0.000464031 0.000428368 -0.000428734 0.000825866 -0.000438936 -0.000310193 0.000384684 0.000424049 -0.000536713 -0.00026906 -0.00107392 -0.00012135 -0.000612352 -0.000702377 -0.000503236 -0.000753988 -0.00143318 0.00129932 -0.000907431 0.000164406 5.26984e-05 0.000324514 0.000319722 -0.00116601 -0.000113274 -0.000558494 0.000446378 -1.77399e-05 0.000833728 0.00115259 0.000423116 0.000273669 0.000505293 0.000239095 0.00064762 0.000896046 -0.000616586 -8.70578e-05 -0.00021017 0.000321958 -0.00014207 -0.000355944 -0.00149722 0.000411985 0.000865821 0.000669554 -0.000212559 0.000473405 0.000145026 -0.00107467 0.000687188 7.48807e-05 -0.000515657 -0.00090139 -0.00162553
internal_weight=592436 324422 268014 186304 93309 174705 147487 138738 130090 167603 12881 166267 71769 117209 107672 94498 20821 2780 138118 73677 54531 26790 15812 3534 5497 18701 90096 52405 17795 37691 10540 137418 12278 104803 74696 27218 8570 100765 35750 65015 35079 36601 6200 11941 34610 24160 28414 10978 19146 5981 31909 4498 36097 24069 7384 16336 3053 18648 50627 32092 5393 1886
internal_count=592436 324422 268014 186304 93309 174705 147487 138738 130090 167603 12881 166267 71769 117209 107672 94498 20821 2780 138118 73677 54531 26790 15812 3534 5497 18701 90096 52405 17795 37691 10540 137418 12278 104803 74696 27218 8570 100765 35750 65015 35079 36601 6200 11941 34610 24160 28414 10978 19146 5981 31909 4498 36097 24069 7384 16336 3053 18648 50627 32092 5393 1886
is_linear=0
shrinkage=0.05


Tree=40
num_leaves=63
num_cat=0
split_feature=3 3 2 24 28 25 24 20 18 31 18 26 27 26 17 27 20 25 18 21 17 22 25 18 22 21 22 20 26 27 26 18 3 20 18 21 17 22 21 19 17 22 26 29 22 27 24 24 22 21 23 3 25 18 21 26 18 25 17 22 25 29
split_gain=27.6028 3.28002 2.14828 1.66526 1.61659 1.35574 1.2101 1.09601 1.18923 1.01799 0.754674 0.700093 0.700309 0.685461 0.677545 0.646475 0.643465 0.633228 0.690077 0.746875 0.609351 0.573776 0.571474 0.57111 0.566225 1.07664 0.559307 0.553692 0.622397 0.615534 0.68369 0.568368 0.548195 0.526287 0.67434 1.18279 0.720525 0.524038 1.06941 0.51148 0.515854 0.505632 0.50544 0.6045 0.475562 0.469361 0.462307 0.428053 0.423778 0.734576 0.65734 0.651772 0.592814 0.739556 0.52775 0.503547 0.42252 0.698413 0.502884 0.419353 0.416613 0.416044
threshold=6237.3000000000002 5886.9500000000007 2.1500000000000008 86.925646364718887 -1.0000000180025095e-35 30.991437323761552 48.926876128900055 4.5000000000000009 2.5000000000000004 21.500000000000004 1.5000000000000002 23.455665173384805 0.0022483447951639241 9.4312722849389008 7.5000000000000009 0.0025115518080189056 3.5000000000000004 34.405898783828633 1.0000000180025095e-35 1.0000000180025095e-35 6.5000000000000009 1.5000000000000002 84.220853030557961 2.5000000000000004 1.0000000180025095e-35 1.5000000000000002 1.0000000180025095e-35 3.5000000000000004 76.717570645409396 0.0020041078440419234 40.448982035854115 1.0000000180025095e-35 5371.3000000000011 1.0000000180025095e-35 1.0000000180025095e-35 1.0000000180025095e-35 2.5000000000000004 1.0000000180025095e-35 1.0000000180025095e-35 1.0000000180025095e-35 1.0000000180025095e-35 3.5000000000000004 62.310239816804227 5.5000000000000009 1.0000000180025095e-35 0.0044398696894899581 36.999006847389829 89.616105224488521 1.0000000180025095e-35 1.5000000000000002 1.0000000180025095e-35 4952.9500000000016 68.879296131709864 1.0000000180025095e-35 1.0000000180025095e-35 25.142674675854348 8.5000000000000018 76.634595483270701 2.5000000000000004 2.5000000000000004 80.48395640661262 16.500000000000004
decision_type=2 2 2 2 2 2 2 2 2 2 2 2 2 2 2 2 2 2 2 2 2 2 2 2 2 2 2 2 2 2 2 2 2 2 2 2 2 2 2 2 2 2 2 2 2 2 2 2 2 2 2 2 2 2 2 2 2 2 2 2 2 2
left_child=1 3 10 4 -1 23 11 8 14 13 27 12 -7 -8 16 -12 17 18 19 -4 -18 39 46 32 -10 41 -11 29 -29 30 59 -30 -6 34 35 -3 -37 -14 -39 40 61 -26 -5 -44 -21 -36 -13 -9 50 55 51 -42 53 -53 -54 -50 57 58 -17 -2 -31 -15
right_child=2 33 7 42 5 6 9 47 24 26 15 22 37 21 -16 56 20 -19 -20 44 -22 -23 -24 -25 25 -27 -28 28 31 60 -32 -33 -34 -35 45 36 -38 38 -40 -41 48 -43 43 -45 -46 -47 -48 -49 49 -51 -52 52 54 -55 -56 -57 -58 -59 -60 -61 -62 -63
leaf_value=-1.1592250467331541e-05 -0.00085106258750570259 8.6406581469078059e-05 -0.00055248435006641087 0.0012092406727291722 0.00090315385847957179 -0.00032495369294934656 0.0021474002564824089 -0.0012239923134408964 0.00039020598327925725 0.0013709004529010328 0.00035298827558297315 -0.0004971390199358601 0.00011173538194868835 0.00026265836091728302 -0.00012310434290405299 -0.0028900792538902906 -0.00015734562976458277 -0.00036940622487370068 -0.00033786852390289916 -0.00071459243325066527 -0.0017917989870750778 -9.5757350519114234e-05 0.00065312753978032578 0.0015575072328451367 -0.00099356745014983418 -0.0026732233430545593 0.00026654600532790993 -0.00078281950014487595 0.001288364309951377 -0.00014847272362551056 -0.00016487857795856729 -0.00078761876712037365 0.00048306446268998112 0.00034871849449081633 4.8891980618848164e-05 -0.00024366334618916997 -0.00095049452802198646 0.0014507826525847122 0.00010487384625438038 -0.00024106011192269041 0.00099361433019548974 0.00024043904366661688 0.00046207582836921724 0.0011678359831759587 -0.0015945783940972463 0.00051168167194482871 1.8639159670136727e-05 -0.00030235438277698579 0.0016607171069450662 -0.00069064185478307654 -0.0006426688607545115 -0.00034543190522218892 -2.6030990375998008e-05 0.00060215142265145332 0.0011452825515540315 0.00042933969223111129 -0.00028300014671216569 -0.0003547692518470159 -0.0010143257851527863 -6.4706440644008722e-05 0.00019866184380700632 0.001018169536650947
leaf_weight=24507 8563 25198 7490 6393 13263 2715 557 7201 747 4265 1908 7187 3657 40982 15727 378 848 59475 9128 2391 1741 5799 2288 1864 9793 918 1568 6959 764 88994 14087 580 18737 11932 17845 12439 5077 3424 2594 2901 11759 907 10056 4345 4290 7906 10985 1527 849 1448 919 3387 1230 5252 4408 37550 6363 5320 6531 2114 9573 1907
leaf_count=24507 8563 25198 7490 6393 13263 2715 557 7201 747 4265 1908 7187 3657 40982 15727 378 848 59475 9128 2391 1741 5799 2288 1864 9793 918 1568 6959 764 88994 14087 580 18737 11932 17845 12439 5077 3424 2594 2901 11759 907 10056 4345 4290 7906 10985 1527 849 1448 919 3387 1230 5252 4408 37550 6363 5320 6531 2114 9573 1907
internal_value=5.85937e-07 0.000318222 -0.000366697 0.000411909 0.000370769 0.000419703 0.000358039 -0.000522831 -0.000481296 0.00042912 -0.000241302 8.80383e-05 0.000384656 0.000397495 -0.000424681 -0.000523493 -0.000480242 -0.000455964 -0.000676918 -0.00089531 -0.00125645 0.000389262 -9.15851e-05 0.000706736 -0.000944154 -0.00102995 0.00107403 -0.000197355 -0.000592575 -0.000170748 -0.000393599 0.000392479 0.000657178 4.2283e-05 -1.11222e-05 -0.000132961 -0.000448538 0.000583787 0.000870642 0.000414243 0.000431573 -0.000888965 0.000839259 0.000675014 -0.00127965 0.000190976 -0.00018535 -0.00106275 0.000518455 0.000414877 0.000671571 0.000717961 0.000490923 0.000230643 0.000889746 0.000456565 -0.000613442 -0.000785378 -0.00111695 -0.000695367 -0.000114758 0.000296251
internal_weight=591510 317193 274317 236796 216002 191495 157631 122183 113455 124781 152134 32850 12390 118948 101090 20500 85363 82774 23299 14171 2589 118391 20460 33864 12365 11618 5833 131634 8303 123331 24764 1344 32000 80397 68465 42714 17516 9675 6018 112592 109691 10700 20794 14401 6681 25751 18172 8728 66802 39847 26955 26036 14277 8639 5638 38399 18592 12229 6909 10677 98567 42889
internal_count=591510 317193 274317 236796 216002 191495 157631 122183 113455 124781 152134 32850 12390 118948 101090 20500 85363 82774 23299 14171 2589 118391 20460 33864 12365 11618 5833 131634 8303 123331 24764 1344 32000 80397 68465 42714 17516 9675 6018 112592 109691 10700 20794 14401 6681 25751 18172 8728 66802 39847 26955 26036 14277 8639 5638 38399 18592 12229 6909 10677 98567 42889
is_linear=0
shrinkage=0.05


Tree=41
num_leaves=63
num_cat=0
split_feature=5 5 24 25 30 20 20 18 27 22 25 0 22 25 0 0 22 18 3 19 0 25 0 21 22 0 25 29 0 28 24 0 0 22 21 21 18 20 25 18 22 24 25 0 25 21 0 0 22 28 0 24 0 18 19 25 0 27 22 25 21 24
split_gain=24.9583 3.29786 1.65858 1.35831 1.20585 1.17943 1.58458 1.35906 1.04396 0.797989 0.928069 0.770231 0.763634 0.71319 0.995799 0.986078 1.12782 0.720392 0.711705 0.677964 0.610932 0.659528 0.598758 0.583908 0.600402 0.578441 0.577532 0.557866 0.557085 0.556735 0.546365 0.580642 0.539241 0.537423 0.525941 0.738227 0.671012 0.665533 0.633794 0.521785 0.528539 0.615297 0.517046 0.880928 0.760347 1.06468 1.01554 0.508056 0.741317 0.500986 0.49852 0.492661 0.490572 0.483173 0.481292 0.465318 0.449689 0.53249 0.708139 0.635953 0.533947 0.499087
threshold=135.63150000000002 176.53150000000002 58.23426440022196 0.023057781902900826 19.500000000000004 3.5000000000000004 2.5000000000000004 2.5000000000000004 0.0036101578943349469 1.5000000000000002 87.462986312676534 781283.69989834295 3.5000000000000004 34.405898783828633 492915.59179692791 262010.48979377127 1.5000000000000002 1.0000000180025095e-35 6366.0000000000009 1.0000000180025095e-35 361872.9183718139 5.8978332682307437 399983.16676808352 1.5000000000000002 2.5000000000000004 117115.67586742358 13.158154252354018 8.5000000000000018 109052.29978744902 -1.0000000180025095e-35 77.734842743113333 295815.08928529453 103390.47157934542 1.0000000180025095e-35 2.5000000000000004 1.0000000180025095e-35 1.0000000180025095e-35 1.0000000180025095e-35 16.923911151840063 1.0000000180025095e-35 1.0000000180025095e-35 55.738941187453989 41.289579252954283 101496.42786509595 66.104511431942697 1.0000000180025095e-35 251863.03268797896 194491.15550176226 1.0000000180025095e-35 -1.0000000180025095e-35 75240.629022410663 75.61417999482633 225889.56147798293 1.0000000180025095e-35 1.0000000180025095e-35 83.166386055998018 335776.12591383629 0.0022656554865426574 1.0000000180025095e-35 24.795111409690833 1.0000000180025095e-35 20.859423279250979
decision_type=2 2 2 2 2 2 2 2 2 2 2 2 2 2 2 2 2 2 2 2 2 2 2 2 2 2 2 2 2 2 2 2 2 2 2 2 2 2 2 2 2 2 2 2 2 2 2 2 2 2 2 2 2 2 2 2 2 2 2 2 2 2
left_child=2 18 3 52 9 6 7 13 -7 10 19 12 22 14 27 16 32 23 34 25 21 -6 33 -18 -25 26 -4 -3 -29 -27 31 55 -15 -9 35 37 -36 -2 -39 40 -37 -42 43 -5 -44 -46 -47 -12 -49 -45 -23 -40 -1 -32 56 -10 57 -51 59 -59 -60 -61
right_child=1 5 4 42 20 8 -8 11 30 -11 47 -13 -14 15 -16 -17 17 -19 -20 -21 -22 50 -24 24 -26 29 -28 28 -30 -31 53 -33 -34 -35 36 39 -38 38 51 -41 41 -43 44 49 45 46 -48 48 -50 54 -52 -53 -54 -55 -56 -57 -58 58 60 61 -62 -63
leaf_value=0.0019618110899174506 -7.1623413915623607e-05 -0.00085181019594745698 0.0012142537288687425 -0.00012183669997081614 0.0018501243359291678 -0.00019843181188444032 0.00025920685449796549 4.1678229998089946e-05 -0.0019401773966422065 -6.9824504507274662e-05 0.0012062175729097107 5.329472836365076e-05 0.00028578340423448579 0.00032223380737758981 -7.9842457857422981e-05 -0.0005435013822548268 -8.8355307861769596e-05 0.00039781490393228631 -0.00023974162823614558 -0.00028325155060317903 0.00027072440692576963 -0.00047433800237440887 -0.00078807393531568962 -0.0017721980059991192 0.00058120713487221868 -4.1534809612206505e-05 0.00020990518937715136 0.0015164067118057574 -0.00042353287966882488 0.00051025552540837288 7.7128039990425492e-05 -0.00064901575063882049 -0.00058118891994012652 -0.0016144133779981617 -0.00061341534440423427 -0.00016399605541893753 0.00048867060037422957 0.0017471005744091564 0.00010242159210152586 -5.0434565231730522e-06 -0.0010981444981222593 -0.00027018406803422189 -9.2635099855322128e-05 -0.00021729576219101438 2.955768648399045e-05 0.0011340184460911578 -0.00056506480714962491 -5.012283803915396e-05 0.0017772228397218912 0.00027505136200416385 0.00084258682563129812 0.00091382409723732142 0.00070367140502270505 -0.00096220466429522726 -0.00047925436667653704 -0.00096181582297067 7.8002162611674319e-05 0.00083911459312782297 0.0014106544284298731 -0.0017283279076869083 0.00046474709489443536 0.00013528849208677572
leaf_weight=1260 30166 20528 1488 9695 1595 4779 8403 536 3630 8776 5599 1923 1044 1825 7525 30034 26122 7996 82490 3650 5253 746 6585 1013 370 4840 37599 400 4946 82342 1506 2191 17398 5693 1653 8647 8398 779 8923 11038 4801 4213 33589 2709 11616 5116 1062 2257 736 6652 19581 2367 2012 4343 1203 1827 4266 3792 5403 434 2061 2086
leaf_count=1260 30166 20528 1488 9695 1595 4779 8403 536 3630 8776 5599 1923 1044 1825 7525 30034 26122 7996 82490 3650 5253 746 6585 1013 370 4840 37599 400 4946 82342 1506 2191 17398 5693 1653 8647 8398 779 8923 11038 4801 4213 33589 2709 11616 5116 1062 2257 736 6652 19581 2367 2012 4343 1203 1827 4266 3792 5403 434 2061 2086
internal_value=5.5664e-07 -0.000294468 0.000358106 0.000187515 0.000448999 -0.000455377 -0.000406828 -0.000448613 -0.000833502 0.000392535 0.00042183 -0.000884427 -0.00101455 -0.000390406 -0.000586096 -0.000313295 -0.000186951 -1.99228e-05 -0.000136371 0.000388547 0.000755029 0.000871079 -0.00112049 -0.000141364 -0.00114258 0.000407966 0.00024814 -0.00073333 -0.000278382 0.000479622 -0.00105837 -0.00133657 -0.000495419 -0.00147191 -3.108e-05 -7.90438e-05 0.00030742 5.39204e-05 0.000367712 -0.000274721 -0.000443268 -0.000711169 0.000151008 0.000290061 4.73573e-05 0.000311615 0.000841946 0.000925107 0.000399234 0.00042966 0.000794256 0.000272536 0.00118816 -0.000694597 0.000497336 -0.00161262 0.000544912 0.000642417 0.000819806 0.000429981 0.00114947 -0.000185668
internal_weight=591510 324092 267418 92956 174462 160617 142341 133938 18276 147287 138511 15781 13858 118157 33399 84758 54724 35501 163475 129919 27175 21922 12814 27505 1383 126269 39087 25874 5346 87182 13497 7648 19223 6229 80985 70934 10051 42235 12069 28699 17661 9014 89684 38301 51383 17794 6178 8592 2993 28606 20327 11290 3272 5849 25897 5457 24694 20428 13776 6312 7464 2520
internal_count=591510 324092 267418 92956 174462 160617 142341 133938 18276 147287 138511 15781 13858 118157 33399 84758 54724 35501 163475 129919 27175 21922 12814 27505 1383 126269 39087 25874 5346 87182 13497 7648 19223 6229 80985 70934 10051 42235 12069 28699 17661 9014 89684 38301 51383 17794 6178 8592 2993 28606 20327 11290 3272 5849 25897 5457 24694 20428 13776 6312 7464 2520
is_linear=0
shrinkage=0.05


Tree=42
num_leaves=63
num_cat=0
split_feature=3 3 28 24 30 27 0 0 21 25 17 19 22 25 17 31 17 21 17 0 26 25 26 25 21 0 21 21 27 25 26 27 21 0 22 30 0 0 0 28 0 26 21 26 22 25 24 21 0 17 17 24 25 25 25 24 17 0 19 22 19 0
split_gain=22.5644 3.38253 1.52354 1.1941 1.17561 1.0586 1.60108 1.37656 1.20677 1.23677 1.21718 0.821122 0.843947 0.815153 0.772898 0.765147 0.751977 0.729643 1.06932 0.662373 0.890658 0.625682 0.672432 0.753095 1.39066 0.623456 0.605503 0.852628 0.686789 0.60993 0.600549 0.794228 0.707709 0.644694 0.733665 0.706348 0.575771 0.572177 0.561523 0.548139 0.534265 0.748631 0.528055 0.524145 0.618824 0.509495 0.507124 0.438823 1.03879 1.05873 0.506572 0.628177 0.505361 0.435747 0.428004 0.42276 0.420511 0.41967 0.40244 0.399695 0.398765 0.421651
threshold=6025.6500000000005 6434.8500000000013 -1.0000000180025095e-35 48.926876128900055 19.500000000000004 0.0045881354473684861 137070.69666780901 605210.3078708658 1.5000000000000002 58.002045846989212 3.5000000000000004 1.0000000180025095e-35 1.5000000000000002 0.023057781902900826 1.0000000180025095e-35 28.500000000000004 10.500000000000002 2.5000000000000004 6.5000000000000009 415416.15713706688 63.267885140914451 87.462986312676534 28.051771392275359 28.534311772681225 1.0000000180025095e-35 128790.42997428129 2.5000000000000004 1.0000000180025095e-35 0.0055588131365907215 68.618117584860457 23.455665173384805 0.0022299499895785803 1.0000000180025095e-35 123405.97134820349 1.0000000180025095e-35 70.500000000000014 427260.95128988271 229073.78610854855 209305.8732067355 -0.023976806489939492 200947.40966706726 48.991683760998932 1.0000000180025095e-35 47.648436203274677 2.5000000000000004 90.818263455462898 41.547803549865783 1.5000000000000002 163447.27621693595 5.5000000000000009 2.5000000000000004 28.229802062472391 44.373477090055182 1.3564258056496745 2.7338772347005533 58.927637358926042 1.0000000180025095e-35 104396.6704931748 1.0000000180025095e-35 4.5000000000000009 1.0000000180025095e-35 293271.32167616423
decision_type=2 2 2 2 2 2 2 2 2 2 2 2 2 2 2 2 2 2 2 2 2 2 2 2 2 2 2 2 2 2 2 2 2 2 2 2 2 2 2 2 2 2 2 2 2 2 2 2 2 2 2 2 2 2 2 2 2 2 2 2 2 2
left_child=2 26 45 13 11 43 8 17 9 10 -7 12 15 -4 -15 21 39 18 -8 20 54 22 42 24 -24 -25 27 60 38 46 31 -16 33 -33 -35 -36 59 -19 -28 -12 41 -26 -5 44 47 -1 -29 50 49 57 51 -3 -52 -41 -6 -53 -22 -49 -54 -20 61 -2
right_child=1 5 3 4 19 6 7 -9 -10 -11 16 -13 -14 14 30 -17 -18 37 36 -21 56 -23 23 25 40 -27 28 29 -30 -31 -32 32 -34 34 35 -37 -38 -39 -40 53 -42 -43 -44 -45 -46 -47 -48 48 -50 -51 52 55 58 -55 -56 -57 -58 -59 -60 -61 -62 -63
leaf_value=-3.9821194350492904e-05 0.00013348718570885013 0.00024348926409991113 0.0011531763003842562 0.0013259277836952233 0.0019904578334197175 0.00020518288699778744 -0.0005911643632234855 -8.6549009904157831e-05 0.00079311142038507613 0.00017136426307959277 -0.0018330736406012194 -0.00032233327275488254 -8.9662809639682104e-05 -0.00024392356868216619 -0.00026028449600006882 0.001516529518340172 -0.0035316859458380599 0.00039231488071588775 -0.001257942359900668 0.00014894549703686215 0.001969721343426122 0.00090477945232085946 0.001434601113916133 0.00018137393322485381 0.0018725775759535004 0.0004353014448469887 0.00090214439987404459 -0.00069654172365085903 0.00075798070454247948 7.1653771798888769e-05 8.4453437854759028e-05 -0.00012142442516457333 0.00029302208617350717 -0.00085302349100180102 0.0015436025567561551 -0.00056881319178838773 -0.00061369695932728563 -0.0005174920102887432 -0.00013624886937847169 0.0011200300880635837 4.6168071583423538e-05 0.0003617481390132773 0.00046514517780738831 -0.00017926185264958237 -0.00013690491615290875 0.00072767996825216341 -0.00025249668544047066 -0.0048275753165086836 -0.00057634483104233977 0.0010560396840106629 -0.00051808213210506561 -0.0012423565447194172 1.3629237979656797e-05 -0.00081898508612001882 0.00063031745416716235 -0.00016262981957894311 0.0010902677781743171 -0.0022829964024919935 -0.00088460785226612696 -0.00011961047750646213 -0.00038177272769808913 -0.00020423978119361549
leaf_weight=27619 44246 1252 2117 3489 598 2666 28824 10326 3088 7928 1352 3774 7535 9926 3040 1674 296 2104 15688 3869 1966 6882 4672 38776 1176 64186 1531 8885 4541 10015 23628 1075 7403 399 4836 431 5561 9673 8701 311 5265 2708 3641 57476 18373 2346 23269 207 15850 214 11387 4087 13025 4239 17637 1165 4404 746 1379 811 5540 11682
leaf_count=27619 44246 1252 2117 3489 598 2666 28824 10326 3088 7928 1352 3774 7535 9926 3040 1674 296 2104 15688 3869 1966 6882 4672 38776 1176 64186 1531 8885 4541 10015 23628 1075 7403 399 4836 431 5561 9673 8701 311 5265 2708 3641 57476 18373 2346 23269 207 15850 214 11387 4087 13025 4239 17637 1165 4404 746 1379 811 5540 11682
internal_value=5.28809e-07 -0.000268364 0.000355197 0.00039978 0.000463571 -0.0003852 -0.000513104 -0.000621454 -0.000115308 -0.000282364 -0.00068818 0.000405441 0.000425059 0.00019189 0.000151781 0.000454337 -0.00107245 -0.000709602 -0.000791685 0.000757094 0.000852722 0.000440743 0.000414971 0.000386191 0.000732747 0.000339671 -5.32346e-05 -9.59231e-05 0.000246238 -0.000269072 0.000248022 0.000472928 0.000630519 0.00100116 0.00121415 0.00137074 -0.00105369 -0.000354952 1.91245e-05 -0.000949113 0.00037434 0.000819198 0.000886361 -0.000290298 -0.000384586 2.02675e-05 -0.000375198 -0.000476869 -0.000682347 -0.00212205 -0.000368598 -0.000762935 -0.000269154 -0.00068645 0.000674922 -0.00100285 0.0013617 -0.0028357 -7.23656e-05 -0.00120199 2.28627e-05 6.29442e-05
internal_weight=591510 336438 255072 225107 172252 218028 92867 72987 19880 16792 8864 143778 140004 52855 50738 132469 6198 62661 50884 28474 24605 130795 123913 116783 13821 102962 118410 103637 14773 42169 40812 17184 14144 6741 5666 5267 22060 11777 10232 5902 9149 3884 7130 125161 67685 29965 32154 49312 17017 1167 32295 6504 25791 4550 18235 5252 6370 953 14404 16499 61468 55928
internal_count=591510 336438 255072 225107 172252 218028 92867 72987 19880 16792 8864 143778 140004 52855 50738 132469 6198 62661 50884 28474 24605 130795 123913 116783 13821 102962 118410 103637 14773 42169 40812 17184 14144 6741 5666 5267 22060 11777 10232 5902 9149 3884 7130 125161 67685 29965 32154 49312 17017 1167 32295 6504 25791 4550 18235 5252 6370 953 14404 16499 61468 55928
is_linear=0
shrinkage=0.05


Tree=43
num_leaves=63
num_cat=0
split_feature=3 3 2 18 0 25 20 18 18 27 28 17 3 17 18 0 27 31 25 17 20 17 25 0 20 0 0 20 0 25 27 20 18 30 3 20 17 17 0 17 25 20 0 25 0 27 25 17 18 20 25 17 0 27 0 17 25 20 18 20 28 27
split_gain=20.4226 2.53886 1.69025 1.39631 1.03541 0.859277 0.82608 0.922985 0.716481 0.681622 0.665239 0.716762 0.852631 0.635603 0.603165 0.659666 0.762398 0.594072 0.567463 0.561798 0.511095 0.509629 0.507007 0.711399 0.745518 0.593123 0.472357 0.486031 0.468586 0.709911 0.465026 0.457296 0.834283 0.490094 0.465266 1.04891 0.488776 0.491333 0.442993 0.435413 0.434795 0.474167 0.431457 0.431199 0.859895 0.430279 0.53184 0.428175 0.545107 0.423268 0.422106 0.418066 0.410806 0.557968 0.408139 0.404653 0.396896 0.392562 0.508282 0.748877 0.391253 0.384119
threshold=6237.3000000000002 5650.3000000000011 2.1500000000000008 1.0000000180025095e-35 171421.39701055989 96.047472766735694 4.5000000000000009 2.5000000000000004 2.5000000000000004 0.0027009366083069254 -0.00084407758410726108 1.5000000000000002 4952.9500000000016 1.0000000180025095e-35 1.5000000000000002 624061.93202985357 0.0030832624120077125 41.500000000000007 13.927933194169226 7.5000000000000009 3.5000000000000004 6.5000000000000009 34.405898783828633 512022.86734204221 1.5000000000000002 106259.42812028559 830890.13581422891 2.5000000000000004 237431.4337875488 34.048417741947297 0.0019478776125263677 1.5000000000000002 1.0000000180025095e-35 16.500000000000004 6427.6500000000005 1.0000000180025095e-35 7.5000000000000009 3.5000000000000004 67731.532071111942 1.0000000180025095e-35 1.0000000180025095e-35 1.0000000180025095e-35 134341.99747856901 30.684042307821773 227456.03654495333 0.0021368093580971747 69.729536353675968 3.5000000000000004 1.0000000180025095e-35 3.5000000000000004 50.093409079463548 1.5000000000000002 329127.71717540029 0.0036776860911047989 225889.56147798293 2.5000000000000004 5.0690339509305353 3.5000000000000004 1.0000000180025095e-35 5.5000000000000009 -0.12732442096699134 0.0036032443516257466
decision_type=2 2 2 2 2 2 2 2 2 2 2 2 2 2 2 2 2 2 2 2 2 2 2 2 2 2 2 2 2 2 2 2 2 2 2 2 2 2 2 2 2 2 2 2 2 2 2 2 2 2 2 2 2 2 2 2 2 2 2 2 2 2
left_child=1 3 14 4 5 17 7 19 38 -3 -6 45 -13 -7 28 16 -16 18 39 20 22 -22 23 24 25 47 27 61 29 31 50 32 33 34 35 -2 37 -36 -5 56 -11 -42 -39 44 -40 46 -12 -4 -49 -33 -31 -43 53 -14 -10 -18 -1 -32 -59 -60 -8 -9
right_child=2 9 6 8 10 13 60 26 54 40 11 12 52 -15 15 -17 55 -19 -20 -21 21 -23 -24 -25 -26 -27 -28 -29 -30 30 57 49 -34 -35 36 -37 -38 42 43 -41 41 51 -44 -45 -46 -47 -48 48 -50 -51 -52 -53 -54 -55 -56 -57 -58 58 59 -61 -62 -63
leaf_value=0.0020746262098079969 -0.00078210704491689679 -4.6798069287239352e-05 -0.00048873149408183638 -0.00028047982587624091 -0.00023750496037372619 0.0026386711962539736 0.00079612164974098064 -3.1763938076649102e-05 0.0023561839517719898 0.0007837917401336237 1.9657231050417146e-05 0.00080618985430481397 -0.00034969889028013527 0.00036789458957026258 0.00017369707399606492 0.00026992498005724657 -0.0021384488533123711 0.001842515522727857 0.00015436796216732805 -9.3365186262358494e-05 -0.00010519425307753616 -0.0015999339838937033 -0.00031948036733054816 -3.3569062284555697e-05 -0.00023707325845038097 -0.00077509846053174306 0.00010842539962904212 0.0015085513632756425 -0.00028049229371018678 -0.0006245303455703566 0.00010737184869373696 0.00033231707169776767 0.00050168777464643826 3.7498967161588229e-05 -0.00078658204620340913 0.001257018079701184 0.00012669690988393947 -0.0022008258431379544 0.001508468695336642 0.00032209538088131553 0.00012197366127611779 0.0019528603115206531 -0.00060401082704424677 0.00053150498978564551 0.00053362355159185043 0.0006465046272679997 0.0012534980001424438 -0.002338246960440851 0.000388304179327004 -0.00078522381065531809 -4.2757091958526871e-05 0.00044027224489543121 -0.00075838039926434426 0.00068119311544554816 0.00096209929605652858 -0.00066419280185299131 0.00061728747094318072 0.00036167172481805696 -0.00059773759501732901 -0.0037379595168095317 -0.00098785313443129868 -0.0010658775578640542
leaf_weight=892 3682 49706 604 1364 3128 627 319 987 897 2987 5564 3331 3207 606 2905 2712 481 543 84972 15727 848 1741 59475 4547 5433 10906 1220 201 52626 5111 44126 3549 1776 2071 2258 761 677 1779 3797 2739 62644 487 555 25546 5596 43633 1036 1602 207 1113 7995 7371 2051 2222 1266 14402 981 1273 2073 209 8409 9957
leaf_count=892 3682 49706 604 1364 3128 627 319 987 897 2987 5564 3331 3207 606 2905 2712 481 543 84972 15727 848 1741 59475 4547 5433 10906 1220 201 52626 5111 44126 3549 1776 2071 2258 761 677 1779 3797 2739 62644 487 555 25546 5596 43633 1036 1602 207 1113 7995 7371 2051 2222 1266 14402 981 1273 2073 209 8409 9957
internal_value=5.02369e-07 0.00027372 -0.00031542 0.000386447 0.000319737 0.000211615 -0.000453913 -0.000417853 0.000656179 9.62072e-05 0.000473666 0.000510108 0.000140792 0.00152262 -0.000204192 -0.000456472 -0.00056722 0.00019368 0.000183686 -0.000367976 -0.00041857 -0.00111035 -0.000396932 -0.000594642 -0.000730692 -0.000932045 -0.00082562 -0.000927867 -0.000164903 -8.79116e-05 -5.85426e-06 -0.000361663 -0.00050854 -0.000660807 -0.000809715 -0.000432844 -0.0011275 -0.00131241 0.000603506 0.000723839 0.000192932 0.000167899 -0.00182112 0.000638016 0.000927692 0.000589591 0.000213333 -0.0016414 -0.00202625 6.55168e-05 -0.000269634 0.000534015 -0.000155523 7.22282e-05 0.00154023 -0.000711839 0.00131133 6.66503e-05 -0.0004388 -0.000885339 -0.000922651 -0.000972615
internal_weight=591510 317193 274317 193998 155532 91360 122183 113455 38466 123195 64172 61044 10811 1233 152134 20500 17788 90127 89584 101090 85363 2589 82774 23299 18752 13319 12365 11145 131634 79008 60787 18221 13559 11783 9712 4443 5269 4592 36303 4612 73489 70502 2334 34939 9393 50233 6600 2413 1809 4662 13106 7858 7480 5429 2163 14883 1873 47681 3555 2282 8728 10944
internal_count=591510 317193 274317 193998 155532 91360 122183 113455 38466 123195 64172 61044 10811 1233 152134 20500 17788 90127 89584 101090 85363 2589 82774 23299 18752 13319 12365 11145 131634 79008 60787 18221 13559 11783 9712 4443 5269 4592 36303 4612 73489 70502 2334 34939 9393 50233 6600 2413 1809 4662 13106 7858 7480 5429 2163 14883 1873 47681 3555 2282 8728 10944
is_linear=0
shrinkage=0.05


Tree=44
num_leaves=63
num_cat=0
split_feature=3 7 24 28 25 0 24 18 20 18 31 0 0 21 25 21 25 19 17 0 18 3 22 25 0 20 0 24 17 22 0 22 21 0 19 17 18 17 25 18 22 0 3 24 24 24 22 22 25 24 0 22 17 0 22 17 0 22 18 21 0 24
split_gain=18.5076 2.7654 1.32488 1.31328 0.996587 1.14597 0.96457 0.848485 0.798148 0.8082 0.784711 0.771102 0.716809 1.03735 1.22189 0.793928 0.767356 0.622075 0.589859 0.582125 0.568923 0.562354 0.550897 0.54689 0.804708 0.756006 0.716655 0.573218 0.597937 0.534718 0.693573 0.789011 0.529148 0.716457 0.788113 0.524295 0.682749 0.500875 0.499324 0.487921 0.876733 0.47055 0.448144 0.445778 0.443293 0.437618 0.53221 0.650054 0.801374 0.433299 0.428265 0.649537 0.422582 0.410967 0.403685 0.619886 0.534733 0.392619 0.390729 0.792062 0.447754 0.534513
threshold=6025.6500000000005 4.9500000000000011 86.925646364718887 -1.0000000180025095e-35 30.991437323761552 322476.50449600402 47.668155349202813 1.0000000180025095e-35 4.5000000000000009 2.5000000000000004 21.500000000000004 128790.42997428129 183652.3765976998 2.5000000000000004 68.618117584860457 1.0000000180025095e-35 4.5270828533787304 1.0000000180025095e-35 7.5000000000000009 59684.192089584518 10.500000000000002 7356.7500000000009 1.0000000180025095e-35 34.405898783828633 522015.39771869255 1.5000000000000002 107236.870322431 31.871972957154203 3.5000000000000004 3.5000000000000004 492915.59179692791 1.0000000180025095e-35 1.0000000180025095e-35 111703.15855293175 1.0000000180025095e-35 3.5000000000000004 1.0000000180025095e-35 1.0000000180025095e-35 10.037586843995081 1.0000000180025095e-35 1.0000000180025095e-35 216649.2531801264 5371.3000000000011 71.010930919044185 75.306777215588383 69.372859920511146 3.5000000000000004 1.0000000180025095e-35 38.388587603311059 89.616105224488521 310158.0586648396 1.5000000000000002 1.5000000000000002 121617.97428665181 2.5000000000000004 4.5000000000000009 573165.44022945 2.5000000000000004 1.0000000180025095e-35 1.5000000000000002 103390.47157934542 20.110999338770498
decision_type=2 2 2 2 2 2 2 2 2 2 2 2 2 2 2 2 2 2 2 2 2 2 2 2 2 2 2 2 2 2 2 2 2 2 2 2 2 2 2 2 2 2 2 2 2 2 2 2 2 2 2 2 2 2 2 2 2 2 2 2 2 2
left_child=2 8 3 -1 5 7 37 32 9 18 11 39 13 14 15 16 -3 -13 23 57 38 29 -12 24 25 26 35 -27 -29 30 31 -11 33 43 -35 -2 -37 -6 -14 -8 -41 -9 -4 -5 -21 46 47 -17 58 -10 51 -25 -28 -16 55 -40 -57 -18 59 60 61 -49
right_child=1 12 42 4 6 -7 10 41 49 21 22 17 20 -15 53 45 19 -19 -20 44 -22 -23 -24 50 -26 27 52 28 -30 -31 -32 -33 -34 34 -36 36 -38 -39 54 40 -42 -43 -44 -45 -46 -47 -48 48 -50 -51 -52 -53 -54 -55 -56 56 -58 -59 -60 -61 -62 -63
leaf_value=-3.9415439661798445e-05 -0.00041603402326449447 0.0012839617912628932 0.00098165898857238134 4.3312836751848733e-05 -0.00033291394435143624 3.0189795100672142e-05 7.7492974118237214e-05 0.001464749149382963 -0.00093644089300219191 0.00037741312893357405 0.0011764763842204734 0.00043030516034368551 0.00010164516726375666 0.00075268030226888737 0.00053113581363731623 -0.00021602037746405557 -0.00028589438164896262 -0.00034282986017366939 -7.2053382574434341e-05 -7.5452847496358758e-05 -0.0016167388735211356 -3.5748996457454477e-05 0.00014133509361486028 -0.00040685433398706127 -4.7202958609524692e-06 -0.00095657945004348419 0.00084197419246599551 0.0013421956147007296 -0.00019541024053660368 0.00035170970974231105 -0.00046951424581848127 -0.0013917543987765652 0.00016583509716577291 0.0011458432861330085 -0.00046518778806335772 -0.0021698403812418043 0.00046938264963830372 0.00013822334692568404 -0.00016056893944832345 0.00092099627614684485 -0.00019573709943454998 0.00075250427761727116 0.00052046231281724798 0.0014590266084366175 0.00047094511825366745 -6.2055241094460464e-05 0.00043484127336162039 0.00034693500877318778 -0.00038975454505427561 -0.00012659541396496532 -0.00050517388323350102 -8.2551725077183979e-05 -0.00073832698666308942 8.6672262699397771e-05 0.00016236013954608631 -0.0005626781682019406 3.6781450783818963e-05 -0.0017402270132758229 -7.6041681914883717e-05 -0.0033363456009125009 -0.00068977671880032267 -0.0021782237934851643
leaf_weight=27388 823 1120 8132 4283 7153 7965 39053 4552 9461 696 4514 77641 12855 4376 9384 5917 1109 2692 20105 24434 702 2685 1797 28861 5741 2200 436 716 5407 896 5183 6667 6819 7631 843 2185 276 26692 49618 4839 2760 4727 14952 639 4377 7144 1303 244 4106 2001 18906 33202 14221 11667 5970 21861 4483 798 529 523 1765 1485
leaf_count=27388 823 1120 8132 4283 7153 7965 39053 4552 9461 696 4514 77641 12855 4376 9384 5917 1109 2692 20105 24434 702 2685 1797 28861 5741 2200 436 716 5407 896 5183 6667 6819 7631 843 2185 276 26692 49618 4839 2760 4727 14952 639 4377 7144 1303 244 4106 2001 18906 33202 14221 11667 5970 21861 4483 798 529 523 1765 1485
internal_value=4.7725e-07 -0.000243048 0.000321685 0.000285739 0.000329264 0.000562362 0.000277023 0.000706078 -0.000392983 -0.000362095 0.000337548 0.000310503 -0.000105995 4.12618e-06 -3.90287e-05 -0.000163304 -1.57073e-06 0.000404397 -0.000321586 -4.84422e-05 -0.000198577 -0.000696378 0.000881729 -0.000365993 -0.00054097 -0.000658188 -0.0008409 -0.000264333 -1.56085e-05 -0.000828337 -0.000912613 -0.00122452 0.000524385 0.000706898 0.000985577 -0.00150851 -0.00187385 3.86504e-05 -0.000188074 0.000148821 0.000515392 0.00110191 0.000682932 0.000227108 7.55656e-06 -0.000387029 -0.000533299 -0.000619886 -0.000896086 -0.000795061 -0.000296829 -0.000233361 -0.000691318 0.000284803 -0.000233531 -0.000264645 -0.000460667 -0.000894472 -0.00135341 -0.00152163 -0.00124999 -0.00182187
internal_weight=591510 336438 255072 231988 204600 37459 167141 29494 160668 149206 133296 126985 175770 80281 75905 54854 31838 80333 133079 30718 95489 16127 6311 112974 32005 26264 17941 8323 6123 13442 12546 7363 20215 13396 8474 3284 2461 33845 94787 46652 7599 9279 23084 4922 28811 23016 15872 14569 8652 11462 80969 62063 14657 21051 81932 75962 26344 1907 4546 4017 3494 1729
internal_count=591510 336438 255072 231988 204600 37459 167141 29494 160668 149206 133296 126985 175770 80281 75905 54854 31838 80333 133079 30718 95489 16127 6311 112974 32005 26264 17941 8323 6123 13442 12546 7363 20215 13396 8474 3284 2461 33845 94787 46652 7599 9279 23084 4922 28811 23016 15872 14569 8652 11462 80969 62063 14657 21051 81932 75962 26344 1907 4546 4017 3494 1729
is_linear=0
shrinkage=0.05


Tree=45
num_leaves=63
num_cat=0
split_feature=3 3 18 7 0 21 25 21 27 0 0 25 0 0 25 18 25 21 0 0 18 3 31 25 3 18 25 0 20 25 21 18 24 18 21 22 24 22 21 24 22 24 22 18 21 25 27 18 20 22 20 25 22 0 25 0 27 0 0 24 27 0
split_gain=16.7049 2.51681 1.24643 1.3974 0.974806 1.21963 1.10889 1.00865 0.899349 0.860412 0.801427 0.723499 0.67321 0.746197 0.851365 0.635837 0.635523 0.712045 0.633797 0.600281 0.571971 0.662819 0.570139 0.570048 0.566849 0.838244 0.613918 0.550006 0.540017 0.516722 0.501299 0.496877 0.4672 0.464123 0.463046 0.477262 0.459219 0.454316 0.452768 0.443528 0.432036 0.490593 0.489957 0.848118 1.49887 0.570129 0.424608 0.606073 0.579095 0.466263 0.519115 0.658335 0.420156 0.624515 0.626957 0.420069 0.419836 0.409967 0.406717 0.603798 0.405207 0.404979
threshold=6025.6500000000005 6788.1000000000013 1.5000000000000002 5.2500000000000009 199570.91652750914 2.5000000000000004 68.618117584860457 1.0000000180025095e-35 0.0036101578943349469 95846.83658813838 213585.34734224662 4.5270828533787304 605210.3078708658 136198.15831771065 42.67382076970901 10.500000000000002 35.725798426386255 1.0000000180025095e-35 268175.05163201824 59684.192089584518 1.5000000000000002 7356.7500000000009 38.500000000000007 86.92270272321089 4952.9500000000016 1.0000000180025095e-35 82.247602311362229 131583.93625897355 5.5000000000000009 41.289579252954283 1.0000000180025095e-35 1.0000000180025095e-35 75.949789039500601 2.5000000000000004 1.5000000000000002 1.5000000000000002 35.807269832058331 2.5000000000000004 1.5000000000000002 91.629060008758941 3.5000000000000004 69.372859920511146 1.0000000180025095e-35 1.0000000180025095e-35 1.5000000000000002 33.655734194946916 0.0020236436504750886 1.0000000180025095e-35 1.0000000180025095e-35 1.5000000000000002 1.5000000000000002 49.842032466646053 1.5000000000000002 111703.15855293175 37.0859497707008 251863.03268797896 0.0041377344593615702 107236.870322431 142591.86938210868 20.110999338770498 0.0021745115478220317 427260.95128988271
decision_type=2 2 2 2 2 2 2 2 2 2 2 2 2 2 2 2 2 2 2 2 2 2 2 2 2 2 2 2 2 2 2 2 2 2 2 2 2 2 2 2 2 2 2 2 2 2 2 2 2 2 2 2 2 2 2 2 2 2 2 2 2 2
left_child=2 4 3 9 5 6 7 11 31 -1 33 -2 13 14 34 28 55 18 22 37 -15 -22 32 29 38 26 -26 -8 -6 61 -25 52 60 -4 35 -10 -12 -13 -19 -31 41 42 -9 44 45 58 49 48 -48 50 -21 -52 -3 54 -54 -11 -49 -46 59 -44 -18 -5
right_child=1 8 10 23 15 -7 27 40 12 16 36 19 -14 20 -16 -17 17 24 -20 46 21 -23 -24 30 25 -27 -28 -29 -30 39 -32 -33 -34 -35 -36 -37 -38 -39 -40 -41 -42 -43 43 -45 57 -47 47 56 -50 -51 51 -53 53 -55 -56 -57 -58 -59 -60 -61 -62 -63
leaf_value=0.00013091339189941461 0.0011636881307242352 -0.00056811760861336742 0.0009000073109593714 0.00030118976489498252 -0.00019956771778972639 0.00070863315628789567 0.00045441055649180585 -0.0002675888811733819 -0.00019178869501585392 0.00095752422656016707 -0.0012185856745615582 -0.00021098566993349809 -9.606833148078549e-05 -0.0005495638559315563 8.3826873087565997e-05 -0.0015708768596884503 -0.00022902789918306153 0.0010062749309845118 0.000719697559332749 -0.00039078844382521029 -0.001101947452897308 -0.00027135320290612767 0.0018667001225408247 0.00031901918909948306 -0.00021803808886662341 0.00085595582654805671 0.0019647501413415183 2.0045813422707644e-06 -0.00088950013607153381 1.5453590419080393e-06 0.0012127026232008542 -9.0591259100073459e-06 0.0007587597283541395 0.0018224535072929524 0.00031866307797702009 -0.0012570287191952128 0.00047486716964798492 -0.0016666395403557997 -0.0011845950083580114 0.00058560271806558362 0.00024523209858720504 -0.00012575515899646177 0.00015176820153820967 9.3043263540494085e-05 -0.0044267335097945525 -0.00035754663659881856 -0.00010010230399434596 0.00010521920705652382 0.00041839958621695526 6.8564588388523724e-05 -0.003338593135296164 0.0001179949998403205 -0.001632348049228049 -8.5168848528152115e-05 -0.00021568076970300638 0.0004054876641646811 -0.0013756332480175273 -0.0021483355303084516 -0.00024064042581566417 -0.0018630812014546435 0.00025634646895420014 -0.00023385070370746686
leaf_weight=24819 1303 13056 5342 40843 101156 5531 12869 7562 1568 9625 431 1242 8824 42841 8458 877 4720 9236 9014 5364 10860 3084 553 5681 4494 5124 347 14056 2918 60208 2168 16160 4237 1831 921 3192 5625 943 242 3436 2547 8740 448 2200 243 4337 9035 866 13330 6514 348 228 1415 17109 1743 5368 1070 1053 812 2187 48317 3872
leaf_count=24819 1303 13056 5342 40843 101156 5531 12869 7562 1568 9625 431 1242 8824 42841 8458 877 4720 9236 9014 5364 10860 3084 553 5681 4494 5124 347 14056 2918 60208 2168 16160 4237 1831 921 3192 5625 943 242 3436 2547 8740 448 2200 243 4337 9035 866 13330 6514 348 228 1415 17109 1743 5368 1070 1053 812 2187 48317 3872
internal_value=4.01696e-07 -0.00023077 0.000305283 0.00027948 -0.00012301 -1.35981e-05 -5.46544e-05 -0.000159065 -0.000404027 0.00039475 0.000777887 4.72499e-06 -0.000507928 -0.000559169 -0.000234151 -0.000230209 0.000459407 0.000407196 0.000329729 -3.40559e-05 -0.000640096 -0.000918245 0.000268941 0.000154401 0.000673513 0.000410218 -6.15771e-05 0.000218235 -0.000218912 0.000124597 0.000565867 -0.000236578 0.000253514 0.00113547 -0.000707564 -0.000906126 0.000354346 -0.000839215 0.000950336 3.30773e-05 -0.000377837 -0.000435373 -0.000578991 -0.000787752 -0.00100116 -0.000739035 1.38089e-05 0.000135469 0.000208935 -0.000223582 -0.000543959 -0.00197036 -0.000346914 -0.000204414 -0.000850445 0.000759877 -0.000713227 -0.00257554 -0.00121902 -0.00152052 0.000213151 0.000254859
internal_weight=592543 337010 255533 242304 207779 102828 97297 70372 129231 126096 13229 40243 79748 70924 14139 104951 101277 86284 66841 38940 56785 13944 57827 116208 19443 9965 4841 26925 104074 108359 7849 49483 57274 7173 5681 4760 6056 2185 9478 63644 30129 27582 18842 11280 9080 7784 36755 24301 22365 12454 5940 576 33323 20267 3158 14993 1936 1296 3447 2635 53037 44715
internal_count=592543 337010 255533 242304 207779 102828 97297 70372 129231 126096 13229 40243 79748 70924 14139 104951 101277 86284 66841 38940 56785 13944 57827 116208 19443 9965 4841 26925 104074 108359 7849 49483 57274 7173 5681 4760 6056 2185 9478 63644 30129 27582 18842 11280 9080 7784 36755 24301 22365 12454 5940 576 33323 20267 3158 14993 1936 1296 3447 2635 53037 44715
is_linear=0
shrinkage=0.05


Tree=46
num_leaves=63
num_cat=0
split_feature=3 3 7 24 25 24 0 28 25 18 27 0 0 25 24 26 26 25 22 27 18 0 0 25 30 22 26 17 27 26 0 18 0 0 31 24 0 26 17 18 18 28 27 0 23 0 25 17 22 26 25 25 17 0 26 17 26 0 18 24 26 18
split_gain=15.1394 2.10048 1.18362 0.909892 0.763143 0.814076 0.755797 0.707457 0.791345 0.695696 0.843575 0.908011 0.688839 0.611969 0.595012 0.609256 0.574047 0.569617 0.544877 0.530611 0.677643 0.513529 0.468324 0.623944 0.495442 0.478238 0.558363 0.765429 0.473456 0.589681 0.461686 0.534769 0.46104 0.45577 0.450365 0.442449 0.431419 0.546062 0.4313 0.421932 0.415362 0.413795 0.557159 0.439189 0.407896 0.40441 0.411794 0.382687 0.381403 0.378575 0.37247 0.370777 0.407879 0.39922 0.366648 0.393924 0.514442 0.411363 0.390406 0.365346 0.356755 0.894485
threshold=6276.8000000000002 5496.1000000000013 4.6500000000000012 86.925646364718887 13.927933194169226 68.668003952775805 80276.791259404054 -0.00038635573025069808 31.93260589932947 1.5000000000000002 0.002878298264103019 446512.2233907851 251863.03268797896 76.634595483270701 42.505120397946691 26.537283457073329 34.082171247225212 75.408016294592116 1.0000000180025095e-35 0.0053707699281525419 1.5000000000000002 249893.51834805563 244246.74233044256 34.048417741947297 13.500000000000002 1.5000000000000002 73.81375026222895 8.5000000000000018 0.0019478776125263677 46.788747085507786 230677.22461716292 1.0000000180025095e-35 137974.91001495474 218092.28112315133 38.500000000000007 11.592981464271849 81570.530580228136 61.960062972583735 2.5000000000000004 1.0000000180025095e-35 5.5000000000000009 -1.0000000180025095e-35 0.0022483447951639241 100574.42022184067 1.0000000180025095e-35 285894.93746631203 74.93573124351505 2.5000000000000004 1.0000000180025095e-35 48.222719022508009 50.093409079463548 48.437888756385043 1.5000000000000002 235723.19924998403 67.527533235512877 1.0000000180025095e-35 81.725766375670403 247827.66546422656 1.5000000000000002 47.905683434042722 24.795636309664591 1.0000000180025095e-35
decision_type=2 2 2 2 2 2 2 2 2 2 2 2 2 2 2 2 2 2 2 2 2 2 2 2 2 2 2 2 2 2 2 2 2 2 2 2 2 2 2 2 2 2 2 2 2 2 2 2 2 2 2 2 2 2 2 2 2 2 2 2 2 2
left_child=1 3 19 6 30 17 -1 18 12 22 -11 13 38 47 15 -10 33 35 -8 -2 -21 -19 23 60 -24 26 27 28 29 50 31 36 -15 -7 44 -6 37 -3 59 -32 -34 -37 49 -44 -16 46 -22 -12 -45 -43 -25 52 -50 -54 -5 56 -56 -58 -57 -9 61 -4
right_child=2 4 9 54 5 16 7 8 14 10 11 -13 -14 32 34 -17 -18 21 -20 20 45 -23 24 25 -26 -27 -28 -29 -30 -31 39 -33 40 -35 -36 41 -38 -39 -40 -41 -42 42 43 48 -46 -47 -48 -49 51 -51 -52 -53 53 -55 55 58 57 -59 -60 -61 -62 -63
leaf_value=2.2068098413951209e-05 -0.00033179510452370953 0.00040832360641726654 -0.0010195867809760016 0.0011792882961620729 0.00085208765920960115 0.0011705748338398728 -0.00030079193216001597 0.00051536626855248977 0.00033707325715028155 0.00027917633290573603 -0.0027255866839422712 -9.8902669256232419e-05 0.00029069716045339317 0.00067270290349018659 0.00039020308635938529 -0.000389200310237708 0.00016404892939285583 0.00039786605529750071 0.00057863139615698181 -0.00044098395965704517 -0.0018442427386474527 -0.00044482015555391243 -0.00036434506745985787 -0.0014689613944092253 -5.603101203175109e-05 8.9509427469224798e-05 0.0002941109547511708 -0.0026191911557284092 -0.00011705035522528171 4.2497822833221511e-05 -0.00027635048593454626 0.0012474741403767286 -0.00031547545365618609 0.00026509004926661406 0.0015309751300990075 -0.00035285375361687369 0.00014569724337465528 0.0023187573911404901 0.0019989212718771405 0.0003850268836778264 -0.0013241471420128773 -0.00036201252333269406 -0.00031119452544585766 -7.4928028005998587e-05 -0.00099320999682683429 -0.00068045002171514594 -0.0008091715395389603 -0.00096354065910112484 0.0009707308254157369 7.2355787233454742e-05 -0.00049955608676117177 4.3956827975095851e-05 0.00064754734909465699 -4.1636948452313221e-05 -0.00023428002873619342 0.00011244107345492342 0.0019932456736656257 0.00060094643024619456 0.0016382595108272785 0.0011240150575433465 -0.00022310391464959228 0.00077188540036760012
leaf_weight=17736 50930 1031 4017 4017 1256 2671 6450 4349 6492 3528 319 7545 6071 880 89975 5201 49629 11800 2423 23098 1959 2135 43900 1960 18530 40101 5486 339 21300 2196 3450 2738 4232 2897 861 12832 4370 587 907 8011 1345 16699 6187 12099 536 6036 1886 9052 2993 7170 2004 9291 4063 4352 614 3814 1255 919 471 5693 17012 843
leaf_count=17736 50930 1031 4017 4017 1256 2671 6450 4349 6492 3528 319 7545 6071 880 89975 5201 49629 11800 2423 23098 1959 2135 43900 1960 18530 40101 5486 339 21300 2196 3450 2738 4232 2897 861 12832 4370 587 907 8011 1345 16699 6187 12099 536 6036 1886 9052 2993 7170 2004 9291 4063 4352 614 3814 1255 919 471 5693 17012 843
internal_value=3.81611e-07 0.000230437 -0.000277267 0.000361111 0.000106425 6.66025e-05 0.000328097 0.000370186 0.00040202 -0.000206488 -0.000441501 -0.000550282 0.000717872 -0.000765449 0.000349861 1.40297e-05 0.000218058 -2.53888e-05 -6.06429e-05 -0.000432973 -0.000589224 0.000268757 -0.000166395 -9.6638e-05 -0.000272834 -2.67778e-05 -0.000166878 -0.000257852 -0.000228701 -0.000614765 0.000394581 0.000668619 -0.000390908 0.000699456 0.000392837 -7.86617e-05 0.000403939 0.00110142 0.000954733 0.000185939 -0.000558736 -9.41074e-05 -4.12828e-05 7.51999e-05 0.000382011 -0.000935752 -0.00133653 -0.00102352 0.000148089 -0.000231533 -0.000978879 0.000278447 0.000469423 0.000291121 0.000797801 0.000581142 0.00104374 0.00140469 0.000280156 0.000860421 -0.000331036 -0.000708844
internal_weight=592543 324045 268498 157784 166261 146074 146694 128958 120085 184589 26901 23373 17020 15828 103065 11693 55197 90877 8873 83909 32979 13935 157688 95258 62430 73386 33285 27799 27460 6160 20187 8726 6457 5568 91372 76942 5988 1618 10949 11461 5577 75686 62854 38985 90511 9881 3845 9371 32798 23869 3964 20699 11408 8415 11090 7073 2788 2174 4285 10042 21872 4860
internal_count=592543 324045 268498 157784 166261 146074 146694 128958 120085 184589 26901 23373 17020 15828 103065 11693 55197 90877 8873 83909 32979 13935 157688 95258 62430 73386 33285 27799 27460 6160 20187 8726 6457 5568 91372 76942 5988 1618 10949 11461 5577 75686 62854 38985 90511 9881 3845 9371 32798 23869 3964 20699 11408 8415 11090 7073 2788 2174 4285 10042 21872 4860
is_linear=0
shrinkage=0.05


Tree=47
num_leaves=63
num_cat=0
split_feature=3 3 18 7 18 20 20 27 26 0 21 17 22 0 22 21 0 25 0 22 0 17 21 24 17 0 22 24 26 0 20 24 21 21 18 18 25 19 25 21 25 18 27 17 25 21 0 3 25 18 17 25 28 25 18 21 17 0 0 25 27 17
split_gain=13.7343 2.22117 1.14325 1.06047 0.888546 1.07016 1.33902 0.878509 0.731684 0.721625 0.72114 1.28569 0.749329 0.897658 0.893 0.674712 0.654144 0.561463 0.90988 0.993288 0.756353 0.570196 0.566028 1.10651 0.685845 0.652009 0.861514 0.603492 0.555184 0.55174 0.680084 0.540801 0.517433 0.749459 0.635495 0.577303 0.532438 0.516806 0.565694 0.569033 0.532647 0.502625 0.525024 0.492357 0.47387 0.605469 0.606274 0.575313 0.685817 0.527587 0.51905 0.468376 0.464476 0.457747 0.451325 0.448739 0.454412 0.446258 0.500723 0.708875 0.534951 0.429489
threshold=5983.7500000000009 6443.6000000000013 1.5000000000000002 5.2500000000000009 2.5000000000000004 3.5000000000000004 2.5000000000000004 0.0029692662694502455 69.45347725893707 95846.83658813838 1.5000000000000002 6.5000000000000009 1.5000000000000002 427260.95128988271 3.5000000000000004 4.5000000000000009 212092.91937430226 40.155823803891224 264042.46991680219 1.5000000000000002 453431.71461718489 1.5000000000000002 1.0000000180025095e-35 31.591757769953457 7.5000000000000009 124326.37906049102 2.5000000000000004 18.711608254643412 34.290944528238342 59684.192089584518 1.5000000000000002 91.269519519535649 2.5000000000000004 1.0000000180025095e-35 1.0000000180025095e-35 1.0000000180025095e-35 68.618117584860457 1.0000000180025095e-35 83.166386055998018 1.0000000180025095e-35 47.156778617451515 1.0000000180025095e-35 0.0042702124964706621 5.5000000000000009 35.725798426386255 1.0000000180025095e-35 268175.05163201824 4952.9500000000016 80.48395640661262 1.0000000180025095e-35 2.5000000000000004 65.785213736258157 -1.0000000180025095e-35 10.741717422610598 1.0000000180025095e-35 1.5000000000000002 5.5000000000000009 342636.31370139902 103390.47157934542 10.741717422610598 0.0023735898278828067 10.500000000000002
decision_type=2 2 2 2 2 2 2 2 2 2 2 2 2 2 2 2 2 2 2 2 2 2 2 2 2 2 2 2 2 2 2 2 2 2 2 2 2 2 2 2 2 2 2 2 2 2 2 2 2 2 2 2 2 2 2 2 2 2 2 2 2 2
left_child=2 32 3 9 5 6 15 -7 61 -1 12 -12 -6 14 -14 17 -4 20 19 43 21 -3 23 -23 25 26 27 -24 41 30 -25 44 33 35 -34 -2 -35 38 40 -40 52 42 -28 -19 50 46 -46 -47 49 -49 -11 -42 -5 -27 55 -21 -57 58 59 -54 -60 -9
right_child=1 4 16 37 10 7 -8 8 -10 31 11 -13 13 -15 -16 -17 -18 18 -20 54 -22 22 24 29 -26 53 28 -29 -30 -31 -32 -33 34 36 -36 -37 -38 -39 39 -41 51 -43 -44 -45 45 47 -48 48 -50 -51 -52 -53 57 -55 -56 56 -58 -59 60 -61 -62 -63
leaf_value=0.00011567976135206948 9.703237091063592e-05 0.00084131739833593613 0.0010781407593432994 -0.00013300989773128274 0.0007916376746089879 0.00012214126761498872 0.00029462284297621116 -0.00079071453321128836 -0.00024388476268666099 0.00059717109839387309 0.00018908986376229046 -0.0022409797260763364 -0.0011765816054546965 -0.00025216335891387536 0.0003420929917871253 0.0007883975484110486 0.00035300599256793348 -0.00038474840044605937 -0.00041792332233122595 5.9948946654059672e-06 -8.333733351500479e-05 -0.000973519359492628 0.00041243754201831313 -0.0028193790890692558 -0.00016435479835613683 -0.0010327238890357835 -0.00087032673003714861 -0.0021906674355216564 0.0010794875723409601 2.7509600272087449e-05 0.00014305049984386642 0.0010254907943801131 -0.00047360780712907134 -0.00032801679654259792 0.00036053896382923418 -0.00027168626550441342 6.7129731783631291e-05 -0.00032170561094724997 0.00029510542325827412 0.0011516232235835898 -0.00011063737021445687 0.00076285755209158917 -0.0034757642871813947 0.0012410811500035619 0.00021899152966229208 0.00087591308396994306 0.00066869586573168314 -0.00022903421397745384 0.0014951422177607214 0.00058637237551987902 0.0020411793639092375 0.00022407810513047521 0.0011621147488657406 -0.00045556250251185419 0.00036889375566656287 -0.0018025952237856616 -8.1490453007502543e-05 -5.524635069477581e-05 0.00018695989538110953 -0.00020584936700792462 0.00063514281975003825 -0.0015251707312270062
leaf_weight=24819 54790 766 6832 6960 1048 3653 11467 11435 5662 13243 821 1615 7051 9430 1122 1505 5709 23685 33225 31758 13850 4581 246 391 4912 5447 738 2346 420 11308 384 3519 2745 35846 13576 13167 11185 5625 6881 2700 29120 306 262 475 56755 9426 8635 4193 1088 3765 653 16303 1121 9302 8757 705 841 7094 10465 6102 18302 2410
leaf_count=24819 54790 766 6832 6960 1048 3653 11467 11435 5662 13243 821 1615 7051 9430 1122 1505 5709 23685 33225 31758 13850 4581 246 391 4912 5447 738 2346 420 11308 384 3519 2745 35846 13576 13167 11185 5625 6881 2700 29120 306 262 475 56755 9426 8635 4193 1088 3765 653 16303 1121 9302 8757 705 841 7094 10465 6102 18302 2410
internal_value=3.62531e-07 -0.000204795 0.00028281 0.000258168 -0.000304916 -0.000270883 -0.000226879 -0.000589472 -0.000722733 0.000357303 -0.000612911 -0.00142198 -0.000507239 -0.000584568 -0.000968096 -0.000265161 0.00074804 -0.00027541 -0.000204406 -9.72777e-05 -0.000403192 -0.000510174 -0.000535645 -0.000311813 -0.000691196 -0.000826919 -0.00136729 -0.00194361 -0.000501815 -6.09424e-05 -0.00135154 0.000416515 -4.32073e-05 -8.06009e-05 0.000220245 2.55913e-05 -0.000234042 0.000145218 0.00017022 0.000536479 0.000133463 -0.00101035 -0.00155295 -0.000352784 0.000394594 0.000349783 0.000278377 0.000602556 0.000317717 0.000156742 0.000665028 9.49706e-06 0.000245981 -0.000668716 4.94859e-05 -3.44997e-05 -0.000866341 0.000307205 0.000378648 6.45685e-06 0.000472101 -0.000918561
internal_weight=592543 343233 249310 236769 211924 190837 167677 23160 19507 126096 21087 2436 18651 17603 8173 156210 12541 154705 99446 66221 55259 41409 40643 16664 23979 19067 4318 2592 1726 12083 775 101277 131309 114988 16321 67957 47031 110673 105048 9581 95467 1306 1000 24160 97758 83862 65390 18472 9046 7958 13896 45423 50044 14749 42061 33304 1546 43084 35990 7223 28767 13845
internal_count=592543 343233 249310 236769 211924 190837 167677 23160 19507 126096 21087 2436 18651 17603 8173 156210 12541 154705 99446 66221 55259 41409 40643 16664 23979 19067 4318 2592 1726 12083 775 101277 131309 114988 16321 67957 47031 110673 105048 9581 95467 1306 1000 24160 97758 83862 65390 18472 9046 7958 13896 45423 50044 14749 42061 33304 1546 43084 35990 7223 28767 13845
is_linear=0
shrinkage=0.05


Tree=48
num_leaves=63
num_cat=0
split_feature=5 2 24 25 30 26 27 20 25 0 25 0 24 25 0 25 27 26 0 24 0 25 0 17 26 24 17 24 26 0 26 22 24 0 24 0 26 0 19 20 0 0 22 17 25 25 0 0 22 0 28 17 20 22 28 22 24 24 0 24 24 27
split_gain=12.4066 1.45989 1.27442 1.03235 0.74166 0.756431 0.59866 0.675764 0.570112 0.569243 0.524122 0.513068 0.51666 0.513845 0.501574 0.626339 0.501394 0.523944 0.659836 0.558132 0.476735 0.774078 0.528497 0.669195 0.472236 0.52631 0.470148 0.463404 0.471802 0.454588 0.446433 0.444319 0.432638 0.44908 0.421913 0.421425 0.433951 0.408083 0.39474 0.413632 0.388107 0.385845 0.422047 0.384243 0.454717 0.418036 0.489859 0.37862 0.488778 0.435628 0.369161 0.368337 0.366738 0.382819 0.349384 0.346928 0.341719 0.460554 0.337944 0.318807 0.318678 0.311156
threshold=140.9145 2.1500000000000008 58.23426440022196 0.023057781902900826 19.500000000000004 38.162199914703073 0.0036101578943349469 3.5000000000000004 90.818263455462898 295815.08928529453 5.8978332682307437 307127.34211167309 79.413865213169416 48.647058489250789 136198.15831771065 42.67382076970901 0.002718235402933377 26.537283457073329 99624.802617926776 36.999006847389829 175805.61493698289 68.618117584860457 671865.11906460568 6.5000000000000009 52.358557884278625 83.373641719565981 2.5000000000000004 49.47800876788218 28.605975656875938 703512.22878528992 48.991683760998932 1.0000000180025095e-35 77.734842743113333 335776.12591383629 93.826968129450265 77789.048050275567 81.236338159201424 187364.92728051436 1.0000000180025095e-35 2.5000000000000004 218092.28112315133 427260.95128988271 2.5000000000000004 6.5000000000000009 50.407446185996697 0.81217448231731881 54169.048251842112 202283.06676310155 1.0000000180025095e-35 87438.417878299137 -0.0097563208308373266 10.500000000000002 2.5000000000000004 2.5000000000000004 -0.12732442096699134 1.0000000180025095e-35 24.396749273379374 38.533362994374279 298650.31923453935 11.592981464271849 34.690976756524371 0.0036032443516257466
decision_type=2 2 2 2 2 2 2 2 2 2 2 2 2 2 2 2 2 2 2 2 2 2 2 2 2 2 2 2 2 2 2 2 2 2 2 2 2 2 2 2 2 2 2 2 2 2 2 2 2 2 2 2 2 2 2 2 2 2 2 2 2 2
left_child=2 20 3 40 5 11 50 14 24 10 -6 12 13 -4 15 60 30 18 -18 26 21 27 23 38 25 37 -19 43 31 52 59 -29 33 -9 -26 -12 -37 -7 -22 -40 -1 42 51 44 45 -2 56 48 49 -10 -3 -25 53 -16 -34 -49 -47 -58 -27 -5 -8 -39
right_child=1 6 4 16 9 8 7 32 47 -11 35 -13 -14 -15 29 -17 17 19 -20 -21 22 -23 -24 41 34 58 -28 28 -30 -31 -32 -33 54 -35 -36 36 -38 61 39 -41 -42 -43 -44 -45 -46 46 -48 55 -50 -51 -52 -53 -54 -55 -56 -57 57 -59 -60 -61 -62 -63
leaf_value=0.0016530481983977883 0.0012216158231111703 -0.0006215622992206426 0.00095067553488051282 0.00091162567519351048 0.0016018064972843416 0.0001791306096444417 -0.0011873187884681819 -0.0013156701224859271 0.002687014236428132 0.00021183915276527061 -0.00045750896845919226 5.362504681679947e-05 0.0012330807137783647 0.00015198276856950326 -0.00060625196601443081 0.0001852562017099407 -0.00019434181034995581 -0.00047870657289862092 0.00045976674113218933 0.00014942945293946845 -0.00012150908312467124 0.0002425171970105558 0.00020098110066084298 -0.00057003724033036164 5.0371935201674981e-05 0.0012817905683438517 0.00051312115821115095 0.0021709020264838049 -6.7883344734998035e-05 -9.4592023183150136e-07 0.00021743246448968314 0.0003582643285680995 0.0013744394281891273 -0.00023062212307501067 0.00051992545365289495 0.00059244344889631791 0.0014589601158169414 3.6289901582234831e-05 -0.00061645053963218675 0.00077802111863088436 0.00055408867537837453 -0.00013207598182106013 -6.5406159280304214e-05 0.00020822433640797696 1.4253063868591648e-05 0.00019565567074087133 -0.00049358503506169199 -0.00018983075385684621 0.00031589286990794111 0.001008109530167945 -0.00017167507742174611 -0.0011874343864979476 0.00035768776455456005 -0.00026946684576020178 -0.00055594474710953152 0.0012099583225289065 -0.0030424016121227034 -0.00055111981851348755 6.9345993544508324e-05 -0.00018258160101596128 -0.0002864857300098192 0.00050785743974599083
leaf_weight=1212 331 5107 3808 680 1454 51206 1380 4768 441 9128 871 3337 3834 4274 34775 7530 4784 7265 19864 25021 67094 18650 7563 10786 50651 2088 1430 393 27926 5010 10376 2419 248 1192 5283 16449 1584 4223 6786 577 2383 6294 3127 3142 5151 201 12830 2031 2616 3119 42559 3113 1209 11141 4274 566 497 296 793 31623 3402 20378
leaf_count=1212 331 5107 3808 680 1454 51206 1380 4768 441 9128 871 3337 3834 4274 34775 7530 4784 7265 19864 25021 67094 18650 7563 10786 50651 2088 1430 393 27926 5010 10376 2419 248 1192 5283 16449 1584 4223 6786 577 2383 6294 3127 3142 5151 201 12830 2031 2616 3119 42559 3113 1209 11141 4274 566 497 296 793 31623 3402 20378
internal_value=3.44404e-07 -0.000225759 0.000231853 9.19743e-05 0.000309652 0.000266853 -0.000358407 -0.000446533 0.000231245 0.000539927 0.000687034 0.000601608 0.000755067 0.000528303 -0.000385976 -9.89397e-05 6.23508e-05 0.000157596 0.000332809 2.95063e-05 -0.000133974 -3.46556e-05 -0.000201704 -0.000232852 0.000205794 0.000284749 -0.000315588 -0.000131848 -5.7227e-06 -0.000453761 -6.78974e-05 0.000611595 -0.000818857 -0.00109866 9.47215e-05 0.000616674 0.000668557 0.00025954 -0.000159647 -0.000507173 0.000924586 -0.000466583 -0.00059024 -0.000304551 -0.000388004 -0.000534385 -0.00057643 0.000621786 0.000834787 0.00121609 -0.000219877 -0.000708317 -0.000501901 -0.000524535 -0.000450077 0.000115245 -0.00164575 -0.00211249 0.000948063 -0.000159548 -0.00054645 0.000426908
internal_weight=592543 299771 292772 104638 188134 158648 122595 74929 143395 29486 20358 15253 11916 8082 64447 12312 101043 58364 24648 33716 177176 71836 105340 97777 134622 78688 8695 53186 30738 52135 42679 2812 10482 5960 55934 18904 18033 75807 74457 7363 3595 23320 17026 22448 19306 14155 13824 8773 6176 3560 47666 13899 47125 45916 4522 2597 994 793 2881 32303 4782 24601
internal_count=592543 299771 292772 104638 188134 158648 122595 74929 143395 29486 20358 15253 11916 8082 64447 12312 101043 58364 24648 33716 177176 71836 105340 97777 134622 78688 8695 53186 30738 52135 42679 2812 10482 5960 55934 18904 18033 75807 74457 7363 3595 23320 17026 22448 19306 14155 13824 8773 6176 3560 47666 13899 47125 45916 4522 2597 994 793 2881 32303 4782 24601
is_linear=0
shrinkage=0.05


Tree=49
num_leaves=63
num_cat=0
split_feature=5 5 18 7 20 20 18 0 0 23 24 5 26 21 24 26 17 24 26 0 21 21 20 18 26 18 17 18 24 19 19 28 0 0 21 29 26 18 0 19 21 20 17 21 26 0 18 17 21 24 17 26 21 18 24 0 0 0 0 26 24 0
split_gain=11.3163 1.87374 1.00036 0.922717 0.732847 1.08858 0.870779 0.625274 0.574024 0.567677 0.47119 0.465584 0.44492 0.433694 0.421189 0.561532 0.518716 0.595964 0.462556 0.405265 0.399172 0.624274 0.495915 0.441632 0.558194 0.427426 0.396943 0.395826 0.394751 0.388886 0.378042 0.435138 0.404647 0.441886 0.358073 0.350672 0.389438 0.571107 0.625153 0.569772 0.745299 0.449329 0.449193 0.465788 0.342908 0.336562 0.37128 0.561097 0.408105 0.333838 0.333788 0.330032 0.549366 0.460947 0.432231 0.32384 0.359496 0.318803 0.316448 0.315647 0.314606 0.314184
threshold=132.19200000000004 178.07250000000002 1.5000000000000002 4.9500000000000011 3.5000000000000004 2.5000000000000004 2.5000000000000004 80276.791259404054 212092.91937430226 1.0000000180025095e-35 91.269519519535649 153.40600000000003 69.45347725893707 4.5000000000000009 75.949789039500601 50.506573632544445 1.0000000180025095e-35 42.938070308371245 75.515929002906773 830890.13581422891 2.5000000000000004 1.0000000180025095e-35 1.0000000180025095e-35 1.0000000180025095e-35 37.787068706809841 1.0000000180025095e-35 1.5000000000000002 2.5000000000000004 35.807269832058331 1.0000000180025095e-35 1.0000000180025095e-35 -1.0000000180025095e-35 433272.79972490965 110815.02484190404 1.0000000180025095e-35 12.500000000000002 35.38477949016702 1.0000000180025095e-35 187364.92728051436 1.0000000180025095e-35 1.0000000180025095e-35 1.0000000180025095e-35 3.5000000000000004 1.5000000000000002 49.655873355980837 740631.75672323303 2.5000000000000004 5.5000000000000009 1.5000000000000002 75.61417999482633 1.5000000000000002 19.311080645211138 1.0000000180025095e-35 1.0000000180025095e-35 42.938070308371245 325740.45058430365 135268.19078405967 120733.66765096645 129725.12518982917 29.734080389557409 49.47800876788218 415416.15713706688
decision_type=2 2 2 2 2 2 2 2 2 2 2 2 2 2 2 2 2 2 2 2 2 2 2 2 2 2 2 2 2 2 2 2 2 2 2 2 2 2 2 2 2 2 2 2 2 2 2 2 2 2 2 2 2 2 2 2 2 2 2 2 2 2
left_child=2 11 3 7 5 6 13 -1 27 14 30 20 29 35 16 -16 17 -9 -19 44 21 22 -2 24 26 -22 -23 -4 -10 -6 31 -5 33 -33 -34 36 37 60 -39 40 -38 -42 -43 -44 -8 46 -13 -48 61 -24 -51 52 -35 -54 59 56 -46 -7 -28 -53 -3 -49
right_child=1 4 8 10 12 57 19 9 28 -11 -12 45 -14 -15 15 -17 -18 18 -20 -21 25 23 49 -25 -26 -27 58 -29 -30 -31 -32 32 34 51 -36 -37 39 38 -40 -41 41 42 43 -45 55 -47 47 48 -50 50 -52 54 53 -55 -56 -57 -58 -59 -60 -61 -62 -63
leaf_value=2.6514530620702834e-05 -2.3125396777363264e-05 -0.0006693374725695062 0.00078216319828503043 -9.293044189587477e-05 -0.00088134714807827814 -0.00022589853980071176 -0.00017524656116518658 -0.00037545394889925636 -0.0011867867263979535 -0.0010131255093058901 0.00053165093271033317 -0.00014763273290833924 -0.00022567193304293956 0.0007564242962028382 0.0012801411130858756 0.0004762367976535232 0.00044843018048876346 0.00024483463406355007 0.0014141449803306407 0.00010948177613881183 -0.00052178453037210893 0.0001038268941696646 0.00021116542652731415 2.0996739249475003e-05 -0.00015659307410353143 0.00039487303443811513 -0.0014839232514004823 0.001662631173598811 0.00043642606158558598 0.00042042221277742322 -0.00028924108328641805 -1.7548189596158338e-05 0.00044298941081730592 0.0009130582958539247 -0.00052284592218346867 1.6162658320655342e-05 -5.8764366342820297e-06 0.00053520884562850398 -0.00033901573590471051 -0.0007702291747267862 0.00032851145757010081 -0.00082894489241005414 9.3467365255184081e-05 -0.00050043266241437789 3.6504895241695305e-05 0.00030528457474022542 0.0013371217339857566 -0.00076031686455140446 -0.0016606463194103302 0.001958156819302787 0.00055674364620744265 0.00019136683192254257 -0.00054066900463708837 0.00052578656133260939 0.000289495903961353 -0.0007022535290561509 -0.0014850039961657611 0.00049554723966521773 -0.00065724919393711501 -0.00034732108304095534 -0.00028975529157604813 -9.3332858845641151e-05
leaf_weight=14807 36366 19120 5133 18120 10768 2123 1952 3931 403 733 6980 95962 4522 1014 2791 9798 52858 34516 867 1412 1464 1291 9854 12816 13273 9682 1531 1699 5306 606 5680 17664 1310 4786 3588 8962 28010 2637 9108 4435 1994 5860 4808 10536 445 3772 398 4019 796 539 2007 5763 1592 2787 43049 7078 3043 5494 4747 5149 7640 3149
leaf_count=14807 36366 19120 5133 18120 10768 2123 1952 3931 403 733 6980 95962 4522 1014 2791 9798 52858 34516 867 1412 1464 1291 9854 12816 13273 9682 1531 1699 5306 606 5680 17664 1310 4786 3588 8962 28010 2637 9108 4435 1994 5860 4808 10536 445 3772 398 4019 796 539 2007 5763 1592 2787 43049 7078 3043 5494 4747 5149 7640 3149
internal_value=3.27184e-07 -0.000185898 0.000256709 0.000233658 -0.000325331 -0.000284871 -0.000322251 0.000330779 0.000691895 0.000373485 0.000133342 -8.80175e-05 -0.000645197 -0.000272582 0.000383187 0.000654464 0.000346135 0.000208599 0.000273487 -0.000693515 -6.36132e-06 -4.43378e-05 6.99807e-05 -0.00020997 -0.000351994 0.000274472 -0.00069465 0.00100112 0.000321843 -0.00081199 0.000107949 0.000129682 0.000176756 0.00020351 -0.000264527 -0.000282701 -0.00031115 -0.000433395 -0.000142734 -0.000226557 -0.000179471 -0.000389074 -0.000456555 -0.000314336 -0.000784091 -0.000158701 -0.000175477 -0.000495015 -0.000586576 0.000343037 0.000853429 0.000265366 0.000542773 0.000138073 0.00021825 -0.000896571 -0.00129089 0.000294467 -0.000858848 -6.28216e-05 -0.000560966 -0.000467302
internal_weight=592543 343233 249310 236769 141567 125671 118054 120301 12541 105494 116468 201666 15896 104124 104761 12589 92172 39314 35383 13930 93570 82424 48766 33658 20842 11146 7569 6832 5709 11374 109488 103808 85688 80790 4898 103110 94148 38505 11745 55643 51208 23198 21204 15344 12518 108096 104324 8362 7964 12400 2546 63126 9165 4379 53961 10566 3488 7617 6278 10912 26760 7168
internal_count=592543 343233 249310 236769 141567 125671 118054 120301 12541 105494 116468 201666 15896 104124 104761 12589 92172 39314 35383 13930 93570 82424 48766 33658 20842 11146 7569 6832 5709 11374 109488 103808 85688 80790 4898 103110 94148 38505 11745 55643 51208 23198 21204 15344 12518 108096 104324 8362 7964 12400 2546 63126 9165 4379 53961 10566 3488 7617 6278 10912 26760 7168
is_linear=0
shrinkage=0.05


Tree=50
num_leaves=63
num_cat=0
split_feature=3 3 18 20 20 18 0 17 27 0 25 22 21 3 26 25 30 27 3 26 17 17 21 17 19 25 17 21 18 21 0 0 22 27 20 18 21 26 27 0 25 27 22 25 0 20 25 24 25 22 24 30 26 26 24 26 21 26 22 27 25 25
split_gain=10.2435 1.4952 1.00947 0.818574 1.15031 0.882141 0.799941 0.71948 0.708057 0.674452 0.774617 0.86896 0.772437 2.81435 1.09168 0.959229 0.657892 0.657416 0.651942 0.640466 0.60021 0.92054 0.565043 1.01185 0.557623 0.576452 0.618269 0.671405 0.890101 2.19236 0.768207 0.663083 0.536461 0.572803 0.535905 0.581218 1.23933 0.569736 0.533207 0.531107 0.537515 0.531039 0.527302 0.635798 0.518599 0.504186 0.503458 0.497963 0.49113 0.525408 0.476525 0.552633 0.583904 0.476004 0.473217 0.844482 0.589832 1.09323 0.458163 0.6781 0.451471 0.449815
threshold=6284.5000000000009 5768.7500000000009 1.0000000180025095e-35 3.5000000000000004 2.5000000000000004 2.5000000000000004 740631.75672323303 5.5000000000000009 0.0030832624120077125 156531.08555493044 96.047472766735694 1.0000000180025095e-35 1.0000000180025095e-35 4952.9500000000016 23.455665173384805 82.696815851359943 67.500000000000014 0.0039111927464633477 6872.7000000000016 69.45347725893707 3.5000000000000004 2.5000000000000004 1.5000000000000002 6.5000000000000009 1.0000000180025095e-35 67.43384151425245 6.5000000000000009 1.0000000180025095e-35 1.0000000180025095e-35 1.5000000000000002 166511.39409750554 319313.98310733744 1.0000000180025095e-35 0.0018073293461143265 1.0000000180025095e-35 1.0000000180025095e-35 1.5000000000000002 32.956356871028312 0.0021194551443233229 181349.2959676834 21.690229015155001 0.0054619003799789108 1.5000000000000002 13.927933194169226 133452.95339150439 1.0000000180025095e-35 13.158154252354018 57.485208022596858 34.807761520690029 1.0000000180025095e-35 48.182231027630202 36.500000000000007 49.292015125519271 29.734080389557409 60.941028550002507 41.732392049947784 1.0000000180025095e-35 40.110388326242244 1.5000000000000002 0.002193636626978824 26.818171979817098 41.698423149703359
decision_type=2 2 2 2 2 2 2 2 2 2 2 2 2 2 2 2 2 2 2 2 2 2 2 2 2 2 2 2 2 2 2 2 2 2 2 2 2 2 2 2 2 2 2 2 2 2 2 2 2 2 2 2 2 2 2 2 2 2 2 2 2 2
left_child=1 2 9 4 5 18 7 -7 -5 10 42 -12 14 -14 16 -15 32 50 24 -10 21 -4 -9 -24 25 26 27 31 29 44 -31 45 -11 -34 35 36 37 -3 -38 -37 -41 -30 43 -1 53 -2 -44 58 -23 -50 -16 61 -53 60 56 -56 -45 -58 59 -47 -29 -52
right_child=3 34 20 8 -6 6 -8 22 19 12 11 -13 13 15 17 -17 -18 -19 -20 -21 -22 48 23 -25 -26 -27 -28 28 41 30 -32 -33 33 -35 -36 39 38 -39 -40 40 -42 -43 46 54 -46 47 -48 -49 49 -51 51 52 -54 -55 55 -57 57 -59 -60 -61 -62 -63
leaf_value=0.00070404768499800902 -0.00036132693331036771 -0.0003191752180834551 0.00035352772049908679 3.3528325338541699e-05 0.00023472228521642722 0.0010148893508133824 0.00021713320374552107 -0.00059038826951761283 -0.00079985706044489666 0.0002554094856107929 0.002725541646429689 2.8943629898164475e-05 0.00086839526379963697 -0.00043971431204740995 -0.00014186313578336458 0.0017673198838179219 -0.00069366101260604407 0.00081270175534383423 -0.00030634107592117219 -0.00019665192613566981 -0.0002717034075714276 0.001276166500965441 0.00035127952823016785 -0.0020673666950668012 -0.00047454314610508735 0.00014060861889695082 0.00021496570664835524 -0.0021912706777064022 -0.00019381247964080127 -0.0030141741167934027 -0.0012418989885665719 -0.00046866935531120142 -0.00083915499883005409 0.0015313781386713486 0.00030216844407670012 0.00040767916459437116 -0.0016962073822379114 6.4270285191562633e-05 -0.00053324895200815639 0.00033455874159292785 -0.00015759492206291663 0.00058573503607919561 -0.0028215759539325321 -0.00018774969543402826 -0.00010659017119143545 -0.0010671294239510002 -0.00028462127336904597 0.0003911595812668056 0.00099478519545738182 0.00025850699016165024 0.00080274041597489887 -0.0008663408646928044 0.0010180710478848996 -0.00030292964278407815 0.0010176503264379484 0.00012871777361902182 -0.00025267065532166274 0.0016634255311927344 0.00018335967404382972 6.0841562166871203e-05 -0.00069834698224857542 0.00020360254088030441
leaf_weight=4503 5992 12418 27835 5074 14083 643 3206 17863 15073 1306 597 598 7014 13465 6248 511 523 6195 80360 6215 2532 4550 586 1650 10214 21949 10379 832 12162 724 3933 7661 270 4536 16983 13316 1219 44055 5148 8544 15821 2663 203 20734 11635 2283 5335 11505 5126 4595 3463 455 4259 2975 2825 49245 1762 1289 8079 3200 1294 32846
leaf_count=4503 5992 12418 27835 5074 14083 643 3206 17863 15073 1306 597 598 7014 13465 6248 511 523 6195 80360 6215 2532 4550 586 1650 10214 21949 10379 832 12162 724 3933 7661 270 4536 16983 13316 1219 44055 5148 8544 15821 2663 203 20734 11635 2283 5335 11505 5126 4595 3463 455 4259 2975 2825 49245 1762 1289 8079 3200 1294 32846
internal_value=3.22505e-07 0.000185549 0.000264593 -0.000233 -0.000203467 -0.000231291 -0.000517902 -0.000631513 -0.000497243 0.000208492 0.000111875 0.00137611 0.000312258 5.11325e-05 0.000403455 -0.000359019 0.00100837 0.000328387 -0.000196597 -0.000623752 0.000475966 0.000520926 -0.000684184 -0.0014335 -0.000121529 -8.7915e-05 -0.000146706 -0.000196798 -0.000351543 -0.000557885 -0.00151743 -5.20521e-05 0.00115401 0.0013982 4.23867e-05 -1.50333e-06 -9.46043e-05 -2.00466e-05 -0.000755904 0.00015376 1.49871e-05 -5.37831e-05 9.42862e-05 0.000126808 -0.000290881 5.07106e-05 -0.000377615 0.000149204 0.000847429 0.000646755 0.000264916 0.00032687 0.000836186 -0.000711236 9.25413e-05 0.000176946 -9.22368e-05 0.00055685 -5.60537e-05 -0.000408821 -0.0012826 0.000260746
internal_weight=592557 330324 212820 262233 235871 221788 23948 20742 26362 168182 87091 1195 81091 20990 60101 13976 6635 53466 197840 21288 44638 42106 20099 2236 117480 107266 85317 74938 36218 21393 4657 38720 6112 4806 117504 100521 62840 56473 6367 37681 24365 14825 85896 80358 16736 31059 5538 25067 14271 9721 47271 41023 4714 5101 75855 52070 23785 3051 13562 5483 2126 36309
internal_count=592557 330324 212820 262233 235871 221788 23948 20742 26362 168182 87091 1195 81091 20990 60101 13976 6635 53466 197840 21288 44638 42106 20099 2236 117480 107266 85317 74938 36218 21393 4657 38720 6112 4806 117504 100521 62840 56473 6367 37681 24365 14825 85896 80358 16736 31059 5538 25067 14271 9721 47271 41023 4714 5101 75855 52070 23785 3051 13562 5483 2126 36309
is_linear=0
shrinkage=0.05


Tree=51
num_leaves=63
num_cat=0
split_feature=3 3 5 19 25 25 28 24 0 0 25 21 0 31 26 22 17 0 27 0 0 25 26 17 25 3 17 24 30 17 21 0 27 26 17 0 17 25 21 28 17 27 0 17 25 21 25 24 22 21 26 0 26 0 22 0 22 24 31 26 0 29
split_gain=9.25069 1.22049 0.835814 0.721003 0.69306 0.746569 0.740144 0.69 0.670703 0.531187 0.500664 0.523464 0.585406 0.495365 0.503062 0.486666 0.489215 0.956987 0.473734 0.584659 0.58761 0.570156 0.532736 0.451176 0.44827 0.573876 0.463957 0.431164 0.443841 0.412283 0.380997 0.893069 0.623998 0.683701 0.478845 0.44097 0.458676 0.381686 0.380173 0.363668 0.36153 0.641834 0.352049 0.344784 0.388665 0.342591 0.343208 0.335863 0.322249 0.32005 0.433342 0.374846 0.361141 0.319743 0.31822 0.314986 0.311273 0.401371 0.292388 0.271535 0.320973 0.270452
threshold=6237.3000000000002 5371.3000000000011 178.61200000000005 1.0000000180025095e-35 13.927933194169226 72.180393832584613 -1.0000000180025095e-35 86.925646364718887 230677.22461716292 80276.791259404054 31.93260589932947 1.0000000180025095e-35 276873.79316260328 44.500000000000007 14.828113515038339 2.5000000000000004 10.500000000000002 433272.79972490965 0.0023008866250400378 100574.42022184067 298650.31923453935 51.599959332840051 56.868369811826327 3.5000000000000004 82.247602311362229 4952.9500000000016 2.5000000000000004 57.485208022596858 33.500000000000007 2.5000000000000004 1.0000000180025095e-35 127874.43293241467 0.0064610893991250305 43.308004156692071 3.5000000000000004 476429.750826061 1.5000000000000002 34.048417741947297 1.5000000000000002 -0.001558946117340587 1.5000000000000002 0.0016160569925177553 645392.3334050366 10.500000000000002 91.92992604727192 1.0000000180025095e-35 44.988367296870969 75.949789039500601 2.5000000000000004 1.0000000180025095e-35 63.845874561687715 79073.686524652498 53.561027681660185 251863.03268797896 2.5000000000000004 98746.82223009826 1.0000000180025095e-35 41.547803549865783 1.5000000000000002 29.954841490012416 92784.571430231983 7.5000000000000009
decision_type=2 2 2 2 2 2 2 2 2 2 2 2 2 2 2 2 2 2 2 2 2 2 2 2 2 2 2 2 2 2 2 2 2 2 2 2 2 2 2 2 2 2 2 2 2 2 2 2 2 2 2 2 2 2 2 2 2 2 2 2 2 2
left_child=1 7 42 4 8 6 -6 9 49 -1 29 12 13 14 -12 16 30 -18 22 -20 21 56 38 -7 25 26 -13 61 -29 39 31 -4 33 -33 -34 36 -32 -38 47 -11 41 -27 43 44 -2 46 48 -8 -24 50 54 -52 59 -41 -3 -5 57 -21 -14 60 -51 -16
right_child=2 3 15 55 5 23 18 -9 -10 10 11 24 58 -15 27 -17 17 -19 19 20 -22 -23 45 -25 -26 40 -28 28 -30 -31 35 32 34 -35 -36 -37 37 -39 -40 53 -42 -43 -44 -45 -46 -47 -48 -49 -50 52 51 -53 -54 -55 -56 -57 -58 -59 -60 -61 -62 -63
leaf_value=-3.0603733644783575e-06 -0.00014508107059198945 0.00078627745650300905 0.00023518360423953989 0.00049226309189174817 -0.00026968142841172457 0.0003766805972866346 -0.00018883057168374035 0.00074711320081763313 0.00013827096169220427 -0.00039986239698734568 0.0011887808578846732 0.00074282447825289638 0.00015410528905896337 0.0018707677958037777 -3.4560271506814523e-05 -0.00013380203029888276 -0.0013665634962971296 -0.0003239829815246021 -0.00019399033872708477 -0.00034075028010222756 -3.2798434388182922e-05 0.00010801729091053806 0.0011150651887230102 -8.8177163227753165e-05 0.0012861386510271426 0.0023611407530081657 -0.0011797340546247231 0.00014871458269714318 0.00074804808670009878 0.001694580189001057 0.00074798438525662233 -0.00046911894883850281 -0.00016120179351183217 8.586222777551637e-05 -0.00098383480730673909 -7.883304912949566e-05 -0.00070846261703031549 -0.00039094741532595575 -0.00085738743527420539 0.00078765969523999103 0.0003284852779331048 -0.00057941785555448396 0.00022544039625432469 -0.0004937818525490267 0.00027354401270420642 -0.00011823744314895027 0.00017511181232444017 0.00055256440260154853 -0.00097705040098659108 -0.0011232610659576683 0.00273229566806041 0.0011557778646233824 -0.0001142040913460085 0.00024241978542221033 -0.00075116934976282622 -0.00042801683358366556 0.00065439568927824743 0.00044931708852925161 0.00081451478910721318 0.0011589369280389748 0.00069117353145884417 -0.00065724451323834719
leaf_weight=15592 120481 2275 9023 1046 17957 28090 21400 8067 12120 985 1137 9972 2415 419 8483 32936 3414 6195 9918 2063 15917 16790 2184 6411 1609 201 324 51062 3288 798 760 11254 2647 10948 5333 8600 13816 30054 1983 7805 7527 2417 6763 6704 5812 4164 3841 1645 201 338 487 1670 1963 4102 395 8370 12810 7281 5477 1749 874 2195
leaf_count=15592 120481 2275 9023 1046 17957 28090 21400 8067 12120 985 1137 9972 2415 419 8483 32936 3414 6195 9918 2063 15917 16790 2184 6411 1609 201 324 51062 3288 798 760 11254 2647 10948 5333 8600 13816 30054 1983 7805 7527 2417 6763 6704 5812 4164 3841 1645 201 338 487 1670 1963 4102 395 8370 12810 7281 5477 1749 874 2195
internal_value=3.0638e-07 0.000183987 -0.000212174 0.000100397 0.00012339 8.56758e-05 2.59254e-05 0.00029884 0.000386627 0.000270096 0.000308739 0.000268606 0.00020525 0.000156988 0.000146136 -0.000300915 -0.000354852 -0.000694403 7.89031e-05 0.000159294 0.000223162 0.000327777 -6.81299e-05 0.0002903 0.000482597 0.000419346 0.000682324 0.000127905 0.000184972 0.000591709 -0.000319555 -0.000201272 -0.000331752 -0.000195453 -0.000710964 -0.000406672 -0.000469845 -0.000490943 -0.000193072 0.000523443 0.000152454 -0.000353653 -0.000126469 -0.000144364 -0.000125816 0.000232837 0.000467639 -0.000135908 0.000938749 0.00069532 0.000984638 0.00151172 0.000411702 0.000599823 0.000558827 -0.000325785 0.000494327 0.000274883 0.000612425 0.000760353 0.000185168 -0.000162561
internal_weight=592557 317817 274740 183942 174526 152655 118154 133875 21871 125808 110216 96526 74476 66584 66165 134980 102044 9609 100197 64779 54861 38944 35418 34501 22050 20441 10296 65028 54350 13690 92435 39205 30182 22202 7980 53230 44630 43870 25028 12892 10145 2618 139760 132997 126293 10390 6226 23045 2385 9751 4827 2157 4924 11907 2670 9416 22154 9344 7892 2961 1212 10678
internal_count=592557 317817 274740 183942 174526 152655 118154 133875 21871 125808 110216 96526 74476 66584 66165 134980 102044 9609 100197 64779 54861 38944 35418 34501 22050 20441 10296 65028 54350 13690 92435 39205 30182 22202 7980 53230 44630 43870 25028 12892 10145 2618 139760 132997 126293 10390 6226 23045 2385 9751 4827 2157 4924 11907 2670 9416 22154 9344 7892 2961 1212 10678
is_linear=0
shrinkage=0.05


Tree=52
num_leaves=63
num_cat=0
split_feature=3 3 18 20 20 22 18 0 27 31 17 29 25 27 25 0 26 25 19 0 0 25 24 24 19 0 25 22 26 0 21 22 27 25 21 0 6 25 27 0 26 22 22 25 21 25 0 20 21 31 21 21 20 25 18 17 24 26 17 3 22 0
split_gain=8.36116 1.24396 0.856985 0.708602 1.05131 0.768756 0.691167 0.792016 0.915902 0.669685 0.755362 0.725114 0.642516 0.633381 0.611273 0.806119 0.574536 0.574151 0.883207 0.722208 0.523291 0.755956 0.580422 0.521297 0.5201 0.513768 0.466582 0.451122 0.512 0.456241 0.445685 0.437542 0.433645 0.424445 0.414264 0.500157 0.40027 0.433317 0.415471 0.537528 0.427847 0.3977 0.396088 0.623659 0.451925 0.395311 0.391278 0.363636 0.441708 0.357961 0.350894 0.591827 0.416972 0.492138 0.392791 0.375323 0.353907 0.344657 0.364631 0.333688 0.728954 0.461624
threshold=6284.5000000000009 5886.9500000000007 1.0000000180025095e-35 3.5000000000000004 2.5000000000000004 2.5000000000000004 1.5000000000000002 439764.81904768985 0.0035197751813570177 19.500000000000004 1.0000000180025095e-35 7.5000000000000009 93.585418115352596 0.0030072527422770764 49.645480558772547 114459.16040086666 69.45347725893707 50.093409079463548 1.0000000180025095e-35 310158.0586648396 244246.74233044256 11.696172029508606 81.209163264113684 47.33794631657657 1.0000000180025095e-35 559015.31011372828 96.047472766735694 1.0000000180025095e-35 39.080828684342563 124326.37906049102 1.5000000000000002 1.5000000000000002 0.0053707699281525419 8.5081251455146703 1.0000000180025095e-35 97783.098613016991 186.80000000000004 10.037586843995081 0.0020041078440419234 164447.93010507483 46.788747085507786 1.5000000000000002 5.5000000000000009 57.428232621938143 1.0000000180025095e-35 65.785213736258157 170400.56836539897 1.5000000000000002 1.5000000000000002 5.5000000000000009 2.5000000000000004 1.0000000180025095e-35 1.0000000180025095e-35 16.923911151840063 1.0000000180025095e-35 2.5000000000000004 42.169865851083777 37.787068706809841 1.5000000000000002 6427.6500000000005 1.0000000180025095e-35 147321.5112155641
decision_type=2 2 2 2 2 2 2 2 2 2 2 2 2 2 2 2 2 2 2 2 2 2 2 2 2 2 2 2 2 2 2 2 2 2 2 2 2 2 2 2 2 2 2 2 2 2 2 2 2 2 2 2 2 2 2 2 2 2 2 2 2 2
left_child=1 2 9 4 5 6 17 8 -8 12 11 -11 14 -5 15 33 42 25 19 41 21 -4 27 -13 30 36 -10 28 34 -30 -17 -14 -22 -1 -23 -36 37 -2 39 40 47 -19 44 -44 -15 -16 -18 48 -38 -47 51 52 -3 -54 57 56 -56 58 -53 60 -6 -61
right_child=3 50 20 13 59 -7 7 -9 26 10 -12 23 31 16 45 24 46 18 -20 -21 32 22 -24 -25 -26 -27 -28 -29 29 -31 -32 -33 -34 -35 35 -37 38 -39 -40 -41 -42 -43 43 -45 -46 49 -48 -49 -50 -51 -52 54 53 -55 55 -57 -58 -59 -60 61 -62 -63
leaf_value=0.0007112390274950438 -0.0010228083427830355 1.0003352185876276e-05 0.0012304425297616581 6.8844334728815568e-05 0.00055689721199654607 -4.6964683334345068e-05 0.00016701582888913928 -0.00018892615149228469 -0.0010609281684706207 0.0019981418801668085 0.00018821029888129706 -0.00068449819885721495 0.001123031136098156 0.00078650646633112722 -0.00013813799215083432 0.00032312568012958753 0.00053452777432660601 -9.8055003580576071e-05 -0.00062358443489468748 -0.00038156503695467217 7.7465267517378913e-05 -0.00074239141049043062 0.00085136409121738463 0.00092118244778561533 -0.0004858141709529239 5.7660829893176647e-05 -0.00024425465534858623 -2.9631459874730206e-06 0.0010281832071115228 0.0004007175776621478 -0.0010027868963036713 -0.00012713417008126661 0.00077529889397679158 -2.7924276214365412e-05 -0.00064588047963079031 0.0005698381491767568 -0.00072973028355603786 -0.00043563772282778157 -0.00018582617207200266 -0.00030908382066937608 -6.763259721123918e-05 0.00019167821996491705 -0.0035604696453625435 -0.00020154897704901129 -0.00073837306959968708 6.764070128511747e-05 -0.00038946043601536455 -0.0026100436777117611 -0.0026390924859445845 0.00064505234763598078 0.00027998347345254375 0.00015343906773508447 0.0017080836123140927 0.00027717986505781332 -0.0014197837633174639 0.0001406335070127849 5.2565168588367369e-05 -0.00016083506775942612 -0.00073984230382050087 -1.9565046628091409e-05 -0.001702802780941602 0.00058830185591090363
leaf_weight=2053 3791 37549 3353 4714 773 54716 2310 11420 10059 1366 6179 613 2757 503 26715 77568 1505 24995 7581 12983 14877 1201 6806 2882 2096 8146 2117 7218 4843 7210 639 938 2618 35966 1093 3744 1558 18356 32363 7222 781 22511 306 252 14282 21453 4800 503 376 3068 10849 1391 638 10335 803 11056 830 13225 6392 5626 663 7021
leaf_count=2053 3791 37549 3353 4714 773 54716 2310 11420 10059 1366 6179 613 2757 503 26715 77568 1505 24995 7581 12983 14877 1201 6806 2882 2096 8146 2117 7218 4843 7210 639 938 2618 35966 1093 3744 1558 18356 32363 7222 781 22511 306 252 14282 21453 4800 503 376 3068 10849 1391 638 10335 803 11056 830 13225 6392 5626 663 7021
internal_value=2.91061e-07 0.000167636 0.000228407 -0.000210506 -0.000183028 -0.000209628 -0.0002629 -0.000500297 -0.000745765 0.000177464 0.000555042 0.00102134 0.000153404 -0.000456359 0.00013919 0.000201662 -0.000570726 -0.000219335 -0.000114842 -5.10816e-05 0.000405669 0.00051605 0.000441463 0.000639557 0.000291461 -0.000316643 -0.000918936 0.000331234 0.000464572 0.000652839 0.000312292 0.000805668 0.000181891 1.199e-05 8.8757e-05 0.000295126 -0.000363588 -0.000536146 -0.000274303 -0.000548572 -0.00108604 3.92368e-05 -0.000735849 -0.00204354 -0.000686495 -5.07924e-06 -0.000168905 -0.00141242 -0.00110094 0.000139885 1.27141e-05 -2.25528e-05 8.92384e-05 0.000360376 -0.000183527 3.61247e-05 -0.000671437 -0.000316198 -0.000580193 0.000235881 -0.000486404 0.000317893
internal_weight=592557 330324 237256 262233 235871 221788 167072 25906 14486 184293 11040 4861 173253 26362 169558 118322 21648 141166 68070 60489 52963 35468 32115 3495 80303 73096 12176 25309 18091 12053 78207 3695 17495 38019 6038 4837 64950 22147 42803 10440 3218 47506 15343 558 14785 51236 6305 2437 1934 24521 93068 82219 48522 10973 33697 12689 1633 21008 7783 14083 1436 12647
internal_count=592557 330324 237256 262233 235871 221788 167072 25906 14486 184293 11040 4861 173253 26362 169558 118322 21648 141166 68070 60489 52963 35468 32115 3495 80303 73096 12176 25309 18091 12053 78207 3695 17495 38019 6038 4837 64950 22147 42803 10440 3218 47506 15343 558 14785 51236 6305 2437 1934 24521 93068 82219 48522 10973 33697 12689 1633 21008 7783 14083 1436 12647
is_linear=0
shrinkage=0.05


Tree=53
num_leaves=63
num_cat=0
split_feature=3 3 31 25 0 21 25 21 28 0 19 25 0 27 0 25 25 21 0 25 27 0 25 0 0 21 26 23 22 0 26 22 22 26 20 27 23 21 22 21 26 0 28 27 22 26 20 20 25 22 27 28 22 28 28 0 25 28 21 27 3 20
split_gain=7.55012 1.25524 0.766789 0.640024 0.624928 1.03275 0.714206 0.796208 0.585492 0.597718 0.615984 0.549273 0.531172 0.516574 0.499561 0.480008 1.05906 0.563889 0.620378 0.474798 0.550487 0.463744 0.460897 0.573594 0.542248 0.440648 0.432909 0.430667 0.410401 0.469132 0.429892 0.400262 0.384928 0.479264 0.468187 0.34531 0.345295 0.332215 0.401802 0.368779 0.323364 0.376345 0.315723 0.314871 0.431445 0.496896 0.431089 0.407723 0.374799 0.355066 0.311386 0.455159 0.309579 0.367346 0.299261 0.314681 0.298176 0.29274 0.321826 0.290986 0.290314 0.388707
threshold=6025.6500000000005 6810.3000000000002 19.500000000000004 0.14101705785422838 219600.7121919468 2.5000000000000004 68.618117584860457 1.0000000180025095e-35 -1.0000000180025095e-35 80276.791259404054 1.0000000180025095e-35 4.5270828533787304 131583.93625897355 0.0036101578943349469 605210.3078708658 49.645480558772547 65.785213736258157 1.0000000180025095e-35 253920.6334798804 13.158154252354018 0.0071588121431447336 59684.192089584518 34.048417741947297 385038.71797718812 136198.15831771065 1.0000000180025095e-35 45.50719339153013 1.0000000180025095e-35 1.0000000180025095e-35 125209.23293425527 56.868369811826327 2.5000000000000004 3.5000000000000004 72.306440846969011 6.5000000000000009 0.0049244752968747489 1.0000000180025095e-35 1.5000000000000002 1.5000000000000002 2.5000000000000004 44.079733353461229 189656.90889442517 -0.036904951954198843 0.002193636626978824 1.5000000000000002 46.170705667930839 1.0000000180025095e-35 1.5000000000000002 49.438206565786196 4.5000000000000009 0.0071588121431447336 -0.0653898086029117 2.5000000000000004 -0.12732442096699134 -0.00079924474750103769 162495.81210183841 90.818263455462898 -6.4259564664492772e-05 2.5000000000000004 0.0036101578943349469 6427.6500000000005 1.5000000000000002
decision_type=2 2 2 2 2 2 2 2 2 2 2 2 2 2 2 2 2 2 2 2 2 2 2 2 2 2 2 2 2 2 2 2 2 2 2 2 2 2 2 2 2 2 2 2 2 2 2 2 2 2 2 2 2 2 2 2 2 2 2 2 2 2
left_child=2 4 3 25 5 6 7 11 56 -10 15 -2 -8 54 22 36 59 -18 -19 20 -6 31 23 27 -24 26 -1 52 29 30 -4 -13 33 -9 -35 37 -11 -21 -39 -40 41 -27 -25 44 45 47 -45 -23 -49 60 -26 -52 53 -15 55 -3 -5 -37 -59 -17 -48 -62
right_child=1 13 28 8 19 -7 12 32 9 10 -12 21 -14 14 -16 16 17 18 -20 35 -22 43 24 42 50 40 -28 -29 -30 -31 -32 -33 -34 34 -36 57 -38 38 39 -41 -42 -43 -44 46 -46 -47 49 48 -50 -51 51 -53 -54 -55 -56 -57 -58 58 -60 -61 61 -63
leaf_value=-0.00056419260424329075 0.00096316325839645447 -0.00060941689818350304 0.00093454590182586372 -9.2287955269645077e-05 -6.3072764685323819e-05 0.00061657121846568391 0.00040576224071482312 -0.00042885180221342406 -6.5401194224120598e-05 0.0003116534746913451 -0.00026906761776193097 -0.00014183783193147859 -1.3859654991978007e-05 0.0011724329542369487 -1.1017317932640975e-06 -0.00018535725746216292 0.00015227610703725801 0.0007600082899544816 -4.5679757887070641e-05 -8.3964510469370222e-05 0.00069986213206435261 -0.00057165985584457909 2.5818456237405835e-05 0.00032076961935791933 -0.00029463883082565681 0.0019886931724070098 0.0016354848915343147 -0.0023626117078616657 0.00018430711956824071 0.00057266710984044632 0.0026373047942839585 -0.0015126870044305356 0.00025783132981569578 -2.5982972909465461e-05 0.0018148620255027136 0.0001845898543440678 -0.00051313418010736668 -0.00019762887213880962 -0.0011887934383931404 -0.00038594319259047945 -0.00020417351158286213 0.00045681331905105113 -0.00043411825355296995 -0.00012696728143664704 0.00010453180092109085 3.8046688321221934e-05 0.00066827816646935795 -0.0027907448195045974 -0.00018877508777489024 -0.00092471395470673269 -1.9564189045860703e-05 -0.00073900690451733381 -0.00036033403006767504 -0.00094757437278661274 -6.2857362680996263e-05 -0.00014399973487703766 0.0004982346046895034 -0.00059562774891395466 5.8660988932603841e-05 0.00015629961362276928 -0.00011617718355315442 0.00048515439906828673
leaf_weight=260 1489 6148 1168 26021 14633 6331 13103 27200 19402 115921 6071 1253 17768 209 8476 21000 18878 10421 3100 39008 2820 3750 9111 1804 23670 482 1601 426 5483 9119 543 926 2840 4121 377 1742 1283 17606 2179 4163 1439 2384 5965 9977 8031 3370 4638 426 205 578 2752 10929 3706 9153 31206 8874 2329 12863 2201 8862 5192 5571
leaf_count=260 1489 6148 1168 26021 14633 6331 13103 27200 19402 115921 6071 1253 17768 209 8476 21000 18878 10421 3100 39008 2820 3750 9111 1804 23670 482 1601 426 5483 9119 543 926 2840 4121 377 1742 1283 17606 2179 4163 1439 2384 5965 9977 8031 3370 4638 426 205 578 2752 10929 3706 9153 31206 8874 2329 12863 2201 8862 5192 5571
internal_value=2.76508e-07 -0.000155257 0.000205081 0.000182484 -8.23075e-05 -4.53702e-06 -4.00217e-05 -0.000118901 0.000169195 0.000198656 0.000226269 1.87189e-05 0.000164246 -0.000282985 -0.000362981 0.000243025 0.000130832 0.00032881 0.000575286 -0.000176023 6.01998e-05 -1.33023e-05 -0.000408271 -0.000601083 -0.000320032 0.000685292 0.00132817 -0.000798131 0.000536769 0.000715213 0.00147493 -0.000724402 -0.000299826 -0.00034979 0.000128308 -0.000227711 0.000302625 -0.00017396 -0.000320549 -0.000661788 0.000407384 0.000714443 -0.00025883 2.38217e-05 -0.000152298 -0.000418406 0.000130908 -0.000769523 -0.00194541 0.00029192 -0.000404395 -0.000594287 -0.000747131 -0.000900247 -0.000151122 -0.000334479 -4.37755e-05 -0.000429066 -0.00050003 -8.39654e-05 0.000337581 0.000195076
internal_weight=592557 336790 255767 239454 214361 117146 110815 79944 233288 204938 185536 45406 30871 122429 76201 179465 62261 32399 13521 97215 17453 43917 67725 21263 46462 6166 1861 13494 16313 10830 1711 2179 34538 31698 4498 79762 117204 62956 23948 6342 4305 2866 7769 41738 15782 7751 25956 4381 631 15979 37351 13681 13068 9362 46228 15022 28350 16806 15064 29862 15401 10763
internal_count=592557 336790 255767 239454 214361 117146 110815 79944 233288 204938 185536 45406 30871 122429 76201 179465 62261 32399 13521 97215 17453 43917 67725 21263 46462 6166 1861 13494 16313 10830 1711 2179 34538 31698 4498 79762 117204 62956 23948 6342 4305 2866 7769 41738 15782 7751 25956 4381 631 15979 37351 13681 13068 9362 46228 15022 28350 16806 15064 29862 15401 10763
is_linear=0
shrinkage=0.05


Tree=54
num_leaves=63
num_cat=0
split_feature=3 3 20 20 22 19 25 25 28 20 21 0 25 0 31 21 20 0 13 0 19 17 22 25 0 20 25 21 0 21 25 17 25 25 0 22 17 28 0 0 17 21 23 25 0 30 17 17 25 21 23 7 17 22 21 25 30 17 30 20 30 17
split_gain=6.86813 1.10437 0.593078 0.98507 0.681739 0.573792 0.557467 0.564215 0.569271 0.538152 0.747176 1.42376 1.26425 1.22162 0.532825 0.527774 1.07596 0.701567 0.542984 0.526941 0.520766 0.910521 0.669591 0.613209 0.81564 0.983909 0.516948 0.481951 0.657016 0.604992 0.700347 0.466446 0.829812 0.478237 0.638961 0.457179 0.448492 0.446069 0.434128 0.422712 0.406387 0.393624 0.38955 0.939452 0.552188 0.421957 0.420943 0.380077 0.444163 0.373178 0.370543 0.368041 0.403306 0.416494 0.57325 0.462305 0.387619 0.356803 0.341485 0.338847 0.336683 0.331971
threshold=6304.4500000000016 5496.1000000000013 3.5000000000000004 2.5000000000000004 2.5000000000000004 1.0000000180025095e-35 13.927933194169226 72.180393832584613 -1.0000000180025095e-35 1.0000000180025095e-35 1.0000000180025095e-35 385038.71797718812 37.353817174790336 127874.43293241467 19.500000000000004 1.5000000000000002 6.5000000000000009 140820.08675990006 0.44500000000000001 106259.42812028559 1.0000000180025095e-35 3.5000000000000004 1.5000000000000002 50.093409079463548 171421.39701055989 1.5000000000000002 33.25095532359687 2.5000000000000004 245944.27829954261 1.5000000000000002 60.409865562734048 1.0000000180025095e-35 1.3564258056496745 92.531797498000699 104396.6704931748 1.5000000000000002 10.500000000000002 -6.4259564664492772e-05 94806.461533960624 81570.530580228136 4.5000000000000009 1.0000000180025095e-35 1.0000000180025095e-35 22.853723573072902 135268.19078405967 7.5000000000000009 7.5000000000000009 4.5000000000000009 3.7182813124880369 1.0000000180025095e-35 1.0000000180025095e-35 3.9500000000000006 2.5000000000000004 1.0000000180025095e-35 1.5000000000000002 20.217416093951574 83.500000000000014 1.0000000180025095e-35 4.5000000000000009 1.5000000000000002 41.500000000000007 6.5000000000000009
decision_type=2 2 2 2 2 2 2 2 2 2 2 2 2 2 2 2 2 2 2 2 2 2 2 2 2 2 2 2 2 2 2 2 2 2 2 2 2 2 2 2 2 2 2 2 2 2 2 2 2 2 2 2 2 2 2 2 2 2 2 2 2 2
left_child=1 14 3 4 9 6 39 8 -8 41 13 12 19 -11 31 18 17 -17 36 26 21 22 23 24 25 -15 47 29 -29 -14 -31 32 -1 -34 -35 50 49 -27 -38 -3 -9 -2 -6 45 -45 -44 -47 48 -12 -4 51 -33 56 -54 55 -55 -53 58 -16 -41 -37 -21
right_child=2 5 15 -5 42 -7 7 40 -10 10 11 -13 27 20 57 16 -18 -19 -20 61 -22 -23 -24 -25 -26 37 -28 28 -30 30 -32 35 33 34 -36 60 38 -39 -40 59 -42 -43 43 44 -46 46 -48 -49 -50 -51 -52 52 53 54 -56 -57 -58 -59 -60 -61 -62 -63
leaf_value=0.0015974136726036401 -0.00028024837436319537 0.0010531773469548383 0.00050560386105437209 0.00023960358503272787 -2.1932371866531027e-06 -0.00030655724727174404 -0.00026919005523826951 0.00030954910934356112 4.4601799898521703e-05 0.00021339206799090465 5.1056711873899998e-05 -0.00012132614535581911 -0.00025533394067847663 -0.00033393607791609221 0.0019715913604524014 0.001081950965310993 0.0010193179138463808 -0.00077890519575454255 -0.001136105212491044 -0.00074188143759367419 -0.0007566336515554533 -0.00042669105767684652 0.00037635755032178664 5.8774006651762369e-05 -0.0001747671376528723 -0.0039922843359164696 -0.0039910721556480622 0.00065761691757914036 -0.00042650117553897699 -0.0012807652467587075 -0.00033022337007055351 0.00058372337140761026 5.8768168942412852e-05 0.0035712531589148244 0.00055563163000638019 -0.00028735551244861532 -0.0026675652811107842 -0.0017636457470194249 -0.00077820325733953227 0.00029793750764528038 -0.00015586642740253096 0.0001051977237639396 -0.0037055355280181143 -0.00095354756885741301 0.00036317303084604279 -0.0022908622600455049 0.00057270209716496273 0.00038838642963431392 -0.0021560076710006675 -0.00039782368206561455 -0.00052410047695666752 0.00026014496965871126 0.0010494757182660614 0.0022195657732369772 -0.00065133084324927269 0.00042876199527001337 -0.0008046996260787537 0.0003309576966180272 0.00075007549661538369 -0.00081738673234907583 0.0017808187907947075 -0.001436910178120833
leaf_weight=920 10912 1825 1248 13840 49615 9895 16980 27878 97143 15514 279 24374 9509 1092 678 606 1794 3085 3196 9346 5340 28917 7649 9670 4260 334 228 2310 3538 4267 3550 12175 53860 203 1304 4398 353 685 2192 18511 5639 16854 257 1284 2096 355 201 240 1246 13594 1292 65027 3327 406 1151 3208 866 5358 3665 707 206 2105
leaf_count=920 10912 1825 1248 13840 49615 9895 16980 27878 97143 15514 279 24374 9509 1092 678 606 1794 3085 3196 9346 5340 28917 7649 9670 4260 334 228 2310 3538 4267 3550 12175 53860 203 1304 4398 353 685 2192 18511 5639 16854 257 1284 2096 355 201 240 1246 13594 1292 65027 3327 406 1151 3208 866 5358 3665 707 206 2105
internal_value=2.62683e-07 0.000148691 -0.00019496 -0.000169328 -0.000195527 6.34931e-05 8.52004e-05 5.08845e-05 -2.0863e-06 -0.000246683 -0.000288068 -0.000417425 -0.000614517 -0.000180668 0.000244959 -0.000420979 1.48398e-05 -0.000473384 -0.000537117 -0.00100024 -0.000286169 -0.000238413 -8.59362e-06 -0.000192154 -0.000573016 -0.00137668 -0.00175057 -0.000390746 1.73289e-06 -0.000523219 -0.000849088 0.000221482 0.000108096 8.33486e-05 0.00096185 0.000290811 -0.000427014 -0.00249413 -0.00104026 0.000325965 0.000231246 -4.62821e-05 -4.13029e-05 -0.000504081 -0.000137025 -0.00203009 -0.00125565 -0.00146115 -0.00175222 -0.000321858 0.000316377 0.00032898 0.00028706 0.000620185 0.000320447 0.000629942 0.00024615 0.000603962 0.00094077 0.000256906 -0.000194818 -0.000869646
internal_weight=592557 336622 255935 229867 216027 178578 168683 147640 114123 162219 134453 60992 36618 73461 158044 26068 5485 3691 20583 13444 57947 52607 23690 16041 6371 2111 1993 23174 5848 17326 7817 148343 56287 55367 1507 92056 17387 1019 2545 21043 33517 27766 53808 4193 3380 813 556 1765 1525 14842 87452 86160 73985 8092 4765 3614 65893 9701 4343 19218 4604 11451
internal_count=592557 336622 255935 229867 216027 178578 168683 147640 114123 162219 134453 60992 36618 73461 158044 26068 5485 3691 20583 13444 57947 52607 23690 16041 6371 2111 1993 23174 5848 17326 7817 148343 56287 55367 1507 92056 17387 1019 2545 21043 33517 27766 53808 4193 3380 813 556 1765 1525 14842 87452 86160 73985 8092 4765 3614 65893 9701 4343 19218 4604 11451
is_linear=0
shrinkage=0.05


Tree=55
num_leaves=63
num_cat=0
split_feature=5 5 24 28 25 0 18 24 26 20 20 18 27 26 0 24 25 22 25 25 0 27 17 22 22 0 17 22 30 26 22 24 30 25 0 27 27 27 17 26 19 27 18 18 22 23 17 0 26 22 25 29 17 18 24 0 25 17 18 26 0 25
split_gain=6.16959 1.23027 0.692704 0.646306 0.645846 0.888922 0.59918 0.557773 0.512892 0.505227 0.763272 0.577592 0.482681 0.477422 0.449897 0.449676 0.439412 0.421646 0.410842 0.39317 0.575664 0.38659 0.460099 0.620035 0.383409 0.471587 0.38932 0.565025 0.361072 0.38815 0.412896 0.350637 0.466027 0.447811 0.550711 0.37968 0.435458 0.342816 0.337262 0.409095 0.407646 0.400208 0.328154 0.590502 0.340202 0.372319 0.316689 0.31163 0.394488 0.44161 0.329959 0.304853 0.445665 0.299878 0.298619 0.339539 0.323205 0.32894 0.298738 0.296611 0.290211 0.289445
threshold=131.30950000000004 178.61200000000005 91.269519519535649 -1.0000000180025095e-35 31.663758667122735 290740.95272651286 1.0000000180025095e-35 47.668155349202813 8.8165262027375029 3.5000000000000004 2.5000000000000004 2.5000000000000004 0.0032566740400001401 23.455665173384805 156531.08555493044 15.078661583663008 1.0000000180025095e-35 1.5000000000000002 66.352636180701879 89.642542044469565 114459.16040086666 0.0018276000179594635 1.5000000000000002 1.0000000180025095e-35 3.5000000000000004 325740.45058430365 6.5000000000000009 1.5000000000000002 19.500000000000004 62.310239816804227 1.0000000180025095e-35 57.485208022596858 14.500000000000002 52.387250125170759 122478.81271653248 0.0048171015882745869 0.001766002263047724 0.0096333322092345842 5.5000000000000009 37.787068706809841 1.0000000180025095e-35 0.0080939128700912022 1.5000000000000002 1.0000000180025095e-35 1.0000000180025095e-35 1.0000000180025095e-35 2.5000000000000004 163447.27621693595 37.787068706809841 1.0000000180025095e-35 10.037586843995081 4.5000000000000009 1.5000000000000002 4.5000000000000009 77.734842743113333 335776.12591383629 82.696815851359943 6.5000000000000009 1.0000000180025095e-35 39.78258077583488 190926.96777620536 87.462986312676534
decision_type=2 2 2 2 2 2 2 2 2 2 2 2 2 2 2 2 2 2 2 2 2 2 2 2 2 2 2 2 2 2 2 2 2 2 2 2 2 2 2 2 2 2 2 2 2 2 2 2 2 2 2 2 2 2 2 2 2 2 2 2 2 2
left_child=2 16 3 -1 5 6 51 13 -9 10 11 38 -11 14 15 -6 37 28 -15 31 -21 -16 23 -23 25 26 27 -13 61 30 -30 32 33 35 -35 36 -18 -2 39 -3 -41 -40 43 44 -37 -46 -8 48 49 -33 -50 52 -5 -22 55 56 57 -14 -56 -53 -29 -10
right_child=1 9 -4 4 7 -7 46 8 17 12 -12 24 54 18 21 -17 19 -19 -20 20 53 22 -24 -25 -26 -27 -28 60 29 -31 -32 47 -34 34 -36 42 -38 -39 41 40 -42 -43 -44 -45 45 -47 -48 -49 50 -51 -52 59 -54 -55 58 -57 -58 -59 -60 -61 -62 -63
leaf_value=-5.7796215299654265e-05 0.00019728823653167448 -0.00042860963616435128 0.00056338313976791825 0.00037808040382638578 0.0013401555305385178 -1.1334667594764079e-05 0.0006117491670557479 0.0016982047134823015 0.00016691323660066422 5.1185351658480444e-05 0.00027061211219482287 0.00062237081786146358 9.0976702872665009e-05 -0.00033666946910602209 -0.00078334612862405485 -0.00029520415286838947 -0.00058929014916980738 -0.00018059504155597795 0.00018027136957862191 0.0008149145642535404 0.0001543625145317319 -9.8104903762398314e-05 0.00017057278489329868 0.0014339704798951214 0.00043431582386584626 -0.00043952225056103662 -0.0016822974831661544 -0.0026411055856135112 0.00051979935092322834 0.00093917717986553959 -2.9836595564263478e-05 0.0013769800042535149 3.8870812256397198e-05 0.00031653439114083244 -0.00019886156287411452 -1.5315355539536842e-05 -0.00014769544302626583 0.0012305587184119086 -0.00013824504632920623 -0.00012796414274568693 -0.00072889596561434317 0.00044042890349175876 -0.0016182377140280717 0.00016421376793626747 -0.00085319292781706559 -0.0027680297947040005 0.0012291298174040627 -9.2333935577738516e-05 0.00075231182598774335 0.00024839957240766847 -1.1440471297407919e-05 0.00028208532792230043 -0.00038572532914978415 -0.00047865792384345042 0.00024022224234586471 -0.0001499019359565001 -0.00051321613915771144 -0.0014848782152581455 -0.00061222030372676435 0.00089172071503396903 -0.00082272239366514314 0.00053703939498121462
leaf_weight=26639 4774 26316 12006 9172 462 10161 4644 573 103902 2901 7461 608 368 13384 573 4663 7256 6934 5392 2866 8898 923 3484 2321 900 8817 1655 284 9491 3075 5339 1120 21751 6858 21221 1191 24207 965 30027 36584 3058 3318 747 2277 4811 268 3758 67448 1483 3834 30460 3607 2412 2369 1403 1270 1826 3307 3843 4465 965 5565
leaf_count=26639 4774 26316 12006 9172 462 10161 4644 573 103902 2901 7461 608 368 13384 573 4663 7256 6934 5392 2866 8898 923 3484 2321 900 8817 1655 284 9491 3075 5339 1120 21751 6858 21221 1191 24207 965 30027 36584 3058 3318 747 2277 4811 268 3758 67448 1483 3834 30460 3607 2412 2369 1403 1270 1826 3307 3843 4465 965 5565
internal_value=-4.57134e-07 -0.000134917 0.000193095 0.000173845 0.000204049 0.000389368 0.00053448 0.000161403 0.000205474 -0.000253251 -0.000219134 -0.000251605 -0.000527669 -2.91082e-05 0.000211309 -0.000147782 -6.05953e-05 0.000199106 -0.000188217 -7.24437e-05 0.000182206 0.000463377 0.000569556 0.000998056 -0.000561961 -0.000634688 -0.00112466 -0.000627679 0.000219776 0.00042793 0.000321923 -9.09064e-05 -0.000162878 -0.000226627 -7.29815e-05 -0.000332479 -0.000249536 0.00037103 -0.00021026 -0.000275777 -0.00017432 -8.0664e-05 -0.000613266 -0.000525432 -0.000775883 -0.000954232 0.000887888 -2.84245e-05 8.84024e-05 0.000503549 2.40178e-05 0.000383415 0.000219042 2.12636e-05 -0.000667409 -0.0008868 -0.00105693 -0.00132708 -0.000384241 0.000619303 -0.00123619 0.000185729
internal_weight=592660 349715 242945 230939 204300 38219 28058 166081 134879 134911 119993 112532 14918 31202 12426 5125 214804 134306 18776 209065 14133 7301 6728 3244 13229 12329 3512 1857 127372 17905 14830 194932 90587 68836 28079 40757 31463 5739 99303 65958 39642 33345 9294 8547 6270 5079 8402 104345 36897 4954 31943 19656 11584 11267 12017 6771 5501 3675 5246 8072 1249 109467
internal_count=592660 349715 242945 230939 204300 38219 28058 166081 134879 134911 119993 112532 14918 31202 12426 5125 214804 134306 18776 209065 14133 7301 6728 3244 13229 12329 3512 1857 127372 17905 14830 194932 90587 68836 28079 40757 31463 5739 99303 65958 39642 33345 9294 8547 6270 5079 8402 104345 36897 4954 31943 19656 11584 11267 12017 6771 5501 3675 5246 8072 1249 109467
is_linear=0
shrinkage=0.05


Tree=56
num_leaves=63
num_cat=0
split_feature=3 3 21 7 24 25 31 19 21 24 26 24 25 21 24 22 25 28 25 0 26 17 24 30 22 24 29 27 0 20 20 22 26 27 0 17 22 0 21 21 25 27 22 0 24 0 24 25 0 26 0 0 25 27 3 3 22 0 30 0 27 28
split_gain=5.59364 0.982517 0.542006 0.539751 0.499838 0.496436 0.458185 0.451848 0.405539 0.437071 0.844729 0.458454 0.409209 0.489193 0.504501 0.383441 0.433322 0.463761 0.50881 0.526011 0.410463 0.389795 0.572126 0.548654 0.374494 0.364401 0.35213 0.349073 0.342097 0.334342 0.560745 0.359158 0.326452 0.336156 0.32409 0.370514 0.579182 0.417962 0.417241 0.649038 0.786392 0.611917 0.606494 0.46606 0.429723 0.393287 0.378602 0.359882 0.341838 0.316014 0.314057 0.309199 0.577676 0.302227 0.300099 0.297995 0.581957 0.312048 0.289344 0.280853 0.279359 0.482467
threshold=6304.4500000000016 5502.0500000000011 4.5000000000000009 4.6500000000000012 91.269519519535649 1.0000000180025095e-35 38.500000000000007 1.0000000180025095e-35 1.0000000180025095e-35 68.668003952775805 38.162199914703073 20.110999338770498 83.166386055998018 2.5000000000000004 42.505120397946691 1.5000000000000002 88.52706699455301 -2.754020857403949e-05 31.93260589932947 255948.20164305691 51.957279005663295 1.0000000180025095e-35 46.351391751124524 33.500000000000007 1.0000000180025095e-35 48.46807029478024 9.5000000000000018 0.0017867514521918667 221179.04655210939 3.5000000000000004 2.5000000000000004 2.5000000000000004 80.414135076016322 0.002878298264103019 740631.75672323303 3.5000000000000004 1.5000000000000002 92784.571430231983 2.5000000000000004 1.5000000000000002 60.409865562734048 0.0036331199381303453 1.0000000180025095e-35 210727.90555787133 57.485208022596858 128790.42997428129 16.065101122168944 6.5860832885237377 61769.244099068477 24.384696572752951 98746.82223009826 106259.42812028559 37.0859497707008 0.0064610893991250305 5795.7500000000009 6427.6500000000005 1.0000000180025095e-35 116210.84521968414 41.500000000000007 81570.530580228136 0.0064610893991250305 -0.033922552433626123
decision_type=2 2 2 2 2 2 2 2 2 2 2 2 2 2 2 2 2 2 2 2 2 2 2 2 2 2 2 2 2 2 2 2 2 2 2 2 2 2 2 2 2 2 2 2 2 2 2 2 2 2 2 2 2 2 2 2 2 2 2 2 2 2
left_child=1 4 3 60 6 -3 15 8 9 11 28 -7 13 14 -10 16 17 20 19 25 24 22 -20 -24 -1 -19 -25 -27 -11 30 31 34 33 -31 35 36 37 -5 39 41 42 51 -41 -40 45 -44 49 -48 -38 -39 -9 52 -37 -18 -14 56 -32 -57 -17 -29 -2 -62
right_child=2 5 -4 29 -6 7 -8 50 12 10 -12 -13 54 -15 -16 58 53 18 21 -21 -22 -23 23 26 -26 27 -28 59 -30 32 55 -33 -34 -35 -36 38 48 46 43 40 -42 -43 44 -45 -46 -47 47 -49 -50 -51 -52 -53 -54 -55 -56 57 -58 -59 -60 -61 61 -63
leaf_value=-0.00011336183112516168 -0.00023084993504038218 0.0005582882800089598 0.00068100558506344402 0.00041561096338997247 0.0006488489467767174 0.00053343455810041999 0.0010335037398124488 0.00056957378112782234 -0.00038211411451280855 0.0015157450649338404 0.00019578655348240337 4.7230273465784085e-06 0.00090872505008539415 0.00023220196982981392 -3.8670941881542487e-05 -0.00030511151993063809 0.00052491971546000081 0.00032756144618003929 -0.00047873815018848148 7.1548624128101211e-05 -0.00042420237282015977 0.00025687485689584267 7.3209692334500612e-05 0.0027524296788424881 0.00064911664008086075 0.0017404784422799574 0.0006222466290252515 -8.5157015812909723e-05 0.00042225488148769929 0.00014746171945392476 0.00050535752226640559 1.2766068413076109e-05 0.0002417872202230905 -0.00053860945964910383 0.00020112424994266914 -0.0021685431490999856 -0.0013069380045706959 -0.00050929428179073667 0.0007811754789606596 3.6961710156189357e-06 -0.00016481377553184963 -0.0004208700002626592 -0.0036313462183972332 -0.00015997751658322244 -0.00074444776013166299 -0.0015382038282338926 -0.00092862023515169847 -0.0002242953676812827 0.00026517481292205987 0.0010964007308829603 -0.00039305280857647142 0.00017393673834274423 0.00024095815887161928 0.0017059270889800975 0.00014441757283082396 -0.00011731295837634972 -0.0017193243994650647 0.0005417702719125899 0.001551751975184494 0.00084418532170486187 -7.3746303108430697e-05 -0.00058162697449464548
leaf_weight=4596 60219 4681 1829 2681 6561 4458 1645 940 14495 1802 27039 51077 1736 11307 40764 4991 4065 6020 4338 6291 5428 66869 38485 208 2479 953 2883 937 1186 2101 657 32209 2038 11887 5408 421 357 453 1436 1029 3690 19135 245 15664 1879 2671 1913 34923 10997 947 8591 8315 608 625 4936 2515 532 6281 219 6141 6554 16320
leaf_count=4596 60219 4681 1829 2681 6561 4458 1645 940 14495 1802 27039 51077 1736 11307 40764 4991 4065 6020 4338 6291 5428 66869 38485 208 2479 953 2883 937 1186 2101 657 32209 2038 11887 5408 421 357 453 1436 1029 3690 19135 245 15664 1879 2671 1913 34923 10997 947 8591 8315 608 625 4936 2515 532 6281 219 6141 6554 16320
internal_value=-4.34277e-07 0.000133475 -0.000176639 -0.000182813 0.000221267 5.03903e-05 0.000203418 3.62666e-05 5.63357e-05 0.00013026 0.000283946 4.71647e-05 -3.00285e-05 -6.74461e-05 -0.00012876 0.000194639 0.000209255 0.00019402 0.000221365 0.000451532 -9.71304e-05 0.000179851 6.76733e-05 0.000124685 0.000153802 0.00062166 0.000765591 0.000842115 0.00108172 -0.000132012 -0.000109528 -0.000134489 -0.000349424 -0.000435561 -0.000176546 -0.00019557 -0.000100211 -0.000187885 -0.000286044 -0.000378357 -0.000735905 -0.000258911 -0.00109774 -8.09427e-05 -0.00133411 -0.00171407 -0.0002302 -0.000260873 0.000215743 0.000576844 -0.000298113 7.27558e-05 -0.000744853 0.000682303 0.000343284 0.000252895 -0.000490043 0.000353322 -0.000227059 0.000721157 -0.000287353 -0.000436106
internal_weight=592660 336746 255914 254085 163734 173012 157173 168331 158800 85562 30027 55535 73238 66566 55259 155528 150318 145628 133125 20342 12503 112783 45914 41576 7075 14051 3091 8031 2988 170992 154966 144981 16026 13988 112772 107364 52271 40917 55093 37993 9514 28479 5824 17100 4795 2916 38236 36836 11354 1400 9531 9344 1029 4690 6672 9985 1189 8796 5210 7078 83093 22874
internal_count=592660 336746 255914 254085 163734 173012 157173 168331 158800 85562 30027 55535 73238 66566 55259 155528 150318 145628 133125 20342 12503 112783 45914 41576 7075 14051 3091 8031 2988 170992 154966 144981 16026 13988 112772 107364 52271 40917 55093 37993 9514 28479 5824 17100 4795 2916 38236 36836 11354 1400 9531 9344 1029 4690 6672 9985 1189 8796 5210 7078 83093 22874
is_linear=0
shrinkage=0.05


Tree=57
num_leaves=63
num_cat=0
split_feature=3 3 24 20 0 21 20 31 21 18 21 26 24 24 19 0 18 3 27 0 0 17 0 23 17 26 26 26 24 0 18 0 21 18 18 24 9 30 29 27 18 27 17 0 26 18 26 18 18 17 17 24 21 17 18 22 0 21 18 0 19 19
split_gain=5.06916 0.956386 0.589127 0.580107 0.553741 0.752653 0.584596 0.516806 0.507183 0.797187 1.59224 0.755913 0.81539 0.712211 0.546434 0.446034 0.44209 0.541412 0.409038 0.42465 0.409028 0.380399 0.3785 0.372557 0.372775 0.473815 0.41702 0.357393 0.346179 0.33724 0.46589 0.32801 0.359159 0.32308 0.320775 0.310111 0.301747 0.296929 0.3037 0.282702 0.281494 0.26923 0.621595 0.420168 0.257438 0.336897 0.254158 0.253368 0.253187 0.251208 0.250354 0.246012 0.245326 0.284932 0.435242 0.324948 0.266238 0.363601 0.242162 0.423101 0.376233 0.234177
threshold=5983.7500000000009 6832.7500000000009 91.269519519535649 3.5000000000000004 242537.55674504765 2.5000000000000004 1.5000000000000002 38.500000000000007 1.0000000180025095e-35 1.0000000180025095e-35 1.5000000000000002 24.384696572752951 22.027585509928084 83.035423761354295 1.0000000180025095e-35 104396.6704931748 1.5000000000000002 5226.9000000000005 0.0036101578943349469 587852.8870595413 56917.347622519876 7.5000000000000009 210727.90555787133 1.0000000180025095e-35 1.0000000180025095e-35 75.126338128538606 76.330888448838451 49.924300653180758 35.807269832058331 671865.11906460568 2.5000000000000004 370733.78167759435 1.0000000180025095e-35 1.0000000180025095e-35 8.5000000000000018 29.751697095856162 -0.23499999999999985 31.500000000000004 9.5000000000000018 0.0034152973713545017 10.500000000000002 0.0020236436504750886 3.5000000000000004 161524.32375921449 85.095012968998972 1.0000000180025095e-35 72.658058523859196 1.0000000180025095e-35 10.500000000000002 3.5000000000000004 6.5000000000000009 61.555906732437471 5.5000000000000009 10.500000000000002 3.5000000000000004 7.5000000000000009 385038.71797718812 1.5000000000000002 1.5000000000000002 262010.48979377127 1.0000000180025095e-35 1.0000000180025095e-35
decision_type=2 2 2 2 2 2 2 2 2 2 2 2 2 2 2 2 2 2 2 2 2 2 2 2 2 2 2 2 2 2 2 2 2 2 2 2 2 2 2 2 2 2 2 2 2 2 2 2 2 2 2 2 2 2 2 2 2 2 2 2 2 2
left_child=2 3 7 4 5 6 8 16 14 10 11 20 -13 15 48 -12 17 23 21 52 -10 -3 46 24 26 36 35 -16 -24 30 -6 61 -33 -7 50 -1 -26 -37 -39 -28 -36 42 43 -8 -5 -46 -18 -34 -2 -17 -32 -35 53 54 58 56 57 -55 -20 60 -60 -19
right_child=1 18 -4 44 29 33 41 -9 9 -11 13 12 -14 -15 27 49 22 31 19 -21 -22 -23 28 -25 25 -27 39 -29 -30 -31 34 32 47 51 40 37 -38 38 -40 -41 -42 -43 -44 -45 45 -47 -48 -49 -50 -51 -52 -53 -54 55 -56 -57 -58 -59 59 -61 -62 -63
leaf_value=-0.00057483154253357919 8.2472774566867194e-05 -0.00019108373702817058 0.00050677348566429521 -0.00044441250646596052 -0.00012666938705775782 -0.0005807104612312766 -0.0023513673721681856 0.00086705141009068339 -0.0023518676934281635 0.00015510260742445758 -0.00343018090446859 0.0013997067257321368 -0.00012932646020533497 0.00061301679758876497 -0.00094972268268745167 -0.00097301346183694076 0.00051850059191583381 9.6947070413409023e-05 -0.00029725198403832359 1.3337970326642948e-05 -0.00061824428956075385 0.00018902097137908438 -0.0012823721762689436 -0.00079061263858758082 0.00048755210625461522 -0.00040304174651476155 0.0013847271502126974 -0.00013604417837684784 0.00025136490929867733 0.00014962107327205979 -0.00048868951572127682 0.00023008863065674532 -0.00086095190480977462 0.00088897416077261197 -4.6728591173662355e-05 6.6507632168091941e-05 0.00024819934332246144 0.002152435284920253 0.00041086378130990986 0.00025307540842264673 -0.0010653425541296664 0.00032048166143222573 0.00026959811294388679 -0.00017454187198837802 0.0014414815154682233 -0.0003600170630040968 0.0012409406590822816 -0.00019688368496757251 -0.0014141233094589142 -0.0019277421894140238 -0.0011728579962317935 0.0002978102834348011 0.00066139194109970413 -0.0014649098411273036 0.0013787686472563577 0.00072348394068679454 -0.00041799056765586185 -0.00042789685869957015 -0.0010508967828591982 -0.00020586566157055017 0.00048665848139669898 -0.00024038154814300279
leaf_weight=1741 57339 35260 12435 12606 64958 634 461 2512 367 11096 302 917 17732 410 2126 1516 4347 99315 47301 8713 4666 8093 408 922 19501 2315 1036 3695 3744 8756 3747 2807 2345 3572 4585 39568 40544 271 3281 1181 796 16449 2134 427 432 650 1691 3707 284 1263 2079 3469 584 2106 370 397 3191 1412 4246 3983 439 5426
leaf_count=1741 57339 35260 12435 12606 64958 634 461 2512 367 11096 302 917 17732 410 2126 1516 4347 99315 47301 8713 4666 8093 408 922 19501 2315 1036 3695 3744 8756 3747 2807 2345 3572 4585 39568 40544 271 3281 1181 796 16449 2134 427 432 650 1691 3707 284 1263 2079 3469 584 2106 370 397 3191 1412 4246 3983 439 5426
internal_value=-4.12563e-07 -0.000124926 0.000171321 -6.53283e-05 -4.51236e-05 2.02029e-05 -1.02078e-05 0.000153695 -5.82564e-05 -0.000202016 -0.000347844 -0.000200893 -5.41415e-05 -0.00134472 2.84582e-05 -0.00160524 0.000146042 0.000131387 -0.000241698 -0.000314151 -0.000744658 -0.000120127 0.000468131 0.000210261 0.000218693 0.000298873 0.000112486 -0.000433223 0.000100651 -0.00014425 -0.000178034 5.47629e-05 -0.000237377 0.000500371 -0.000475752 7.94041e-05 0.000325935 0.000105819 0.000543737 0.000781894 -0.00019741 0.00024079 -0.000192981 -0.00130463 -0.000380885 0.00035925 0.000720827 -0.000454194 7.50967e-05 -0.00140692 -0.000732834 0.000597716 -0.000358716 -0.000368106 -0.000330474 -0.000666461 -0.00074871 -0.00104869 -0.000341774 -0.000584729 -0.000906823 7.94721e-05
internal_weight=592660 343563 249097 227468 213780 128859 121184 236662 101713 38269 27173 23682 18649 3491 63444 3081 234150 223960 116095 72742 5033 43353 10190 110360 109438 62360 47078 5821 4152 84921 76165 113600 8859 7675 11207 44861 60045 43120 3552 2217 5381 19471 3022 888 13688 1082 6038 6052 57623 2779 5826 7041 64029 63445 56339 7106 6709 3518 55969 8668 4685 104741
internal_count=592660 343563 249097 227468 213780 128859 121184 236662 101713 38269 27173 23682 18649 3491 63444 3081 234150 223960 116095 72742 5033 43353 10190 110360 109438 62360 47078 5821 4152 84921 76165 113600 8859 7675 11207 44861 60045 43120 3552 2217 5381 19471 3022 888 13688 1082 6038 6052 57623 2779 5826 7041 64029 63445 56339 7106 6709 3518 55969 8668 4685 104741
is_linear=0
shrinkage=0.05


Tree=58
num_leaves=63
num_cat=0
split_feature=3 3 25 24 26 21 21 7 24 0 23 25 27 0 21 0 17 27 21 26 25 3 17 17 27 26 27 30 0 26 24 0 0 17 0 25 25 0 20 25 21 27 0 21 20 0 20 19 0 24 25 17 25 0 0 17 20 21 20 21 26 3
split_gain=4.60925 0.812379 0.53556 0.471382 0.466563 0.665586 0.450338 0.448475 0.409933 0.361464 0.397658 0.3592 0.357415 0.356675 0.350679 0.438533 0.343304 0.338304 0.44782 0.337194 0.329838 0.492395 0.340779 0.334033 0.470392 0.31277 0.299897 0.298159 0.293913 0.289593 0.288757 0.286911 0.2703 0.431385 0.390192 0.338732 0.269888 0.253928 0.251891 0.253258 0.249847 0.244751 0.241565 0.241447 0.432603 0.380057 0.336768 0.565304 0.577527 0.462104 0.365337 0.310707 0.399065 0.631939 0.526294 0.299833 0.269156 0.909094 0.459158 0.300319 0.367465 0.259874
threshold=6304.4500000000016 5371.3000000000011 1.0000000180025095e-35 67.493497238168331 31.079495574872254 1.0000000180025095e-35 4.5000000000000009 4.6500000000000012 86.925646364718887 80276.791259404054 1.0000000180025095e-35 31.93260589932947 0.011971218028469562 830890.13581422891 1.0000000180025095e-35 249893.51834805563 2.5000000000000004 0.0023008866250400378 1.5000000000000002 16.372961962592225 82.247602311362229 4952.9500000000016 2.5000000000000004 1.5000000000000002 0.0016160569925177553 47.030452702029265 0.0076048848079528957 35.500000000000007 175805.61493698289 69.45347725893707 46.652199553497901 253920.6334798804 740631.75672323303 10.500000000000002 404982.30205976602 93.163827962046369 90.818263455462898 50989.594365617719 1.0000000180025095e-35 16.923911151840063 2.5000000000000004 0.0036331199381303453 251863.03268797896 1.0000000180025095e-35 1.0000000180025095e-35 353945.15045855014 1.5000000000000002 1.0000000180025095e-35 59684.192089584518 42.938070308371245 39.515292840412457 3.5000000000000004 45.551147317904245 105297.18060466945 232279.04786341064 2.5000000000000004 6.5000000000000009 1.5000000000000002 5.5000000000000009 1.5000000000000002 67.126810318823814 6427.6500000000005
decision_type=2 2 2 2 2 2 2 2 2 2 2 2 2 2 2 2 2 2 2 2 2 2 2 2 2 2 2 2 2 2 2 2 2 2 2 2 2 2 2 2 2 2 2 2 2 2 2 2 2 2 2 2 2 2 2 2 2 2 2 2 2 2
left_child=1 8 13 17 5 28 7 -2 9 -1 11 12 16 26 15 19 31 18 25 -13 21 22 -16 24 -23 -4 -3 -21 -5 -10 -29 -11 33 35 -35 43 -6 -37 -19 -40 -20 -17 -25 45 61 46 47 48 50 51 -9 52 53 -48 -55 -46 58 -58 -57 -60 -61 -45
right_child=6 2 3 4 36 -7 -8 32 29 10 -12 14 -14 -15 20 41 -18 38 40 27 -22 23 -24 42 -26 -27 -28 30 -30 -31 -32 -33 -34 34 -36 37 -38 -39 39 -41 -42 -43 -44 44 55 -47 49 -49 -50 -51 -52 -53 -54 54 -56 56 57 -59 59 60 -62 -63
leaf_value=-3.1558331579480661e-05 -0.0002612619705033495 0.00043553142256822489 -0.00020940093218587124 0.0016106649903753576 6.9667049809367767e-05 8.9194707186097618e-05 0.00062141968761246068 -0.0017528511304904519 0.00093819082775497458 0.00061512881052408648 -0.00088068914694101105 0.00091586376580593217 -0.0015507206165723539 -0.0014863520097186176 0.00061954637656387763 0.00035566436409719142 0.0015593138941423395 1.2348455849820447e-05 -0.0010621738937859539 5.3498755590638771e-05 0.0010667634352395613 0.0019135701282775161 -0.0010614526609429183 0.00040972382836416456 -0.00059666588963925172 9.0869051709080743e-05 0.0013739171505030637 -0.00071917448384619807 0.00062158696542228165 0.00032293451926158684 0.00069878554538117463 0.00010600892227364021 0.00019675658327660708 -0.00071168173733954156 -0.00010045320296603639 0.001946564774106116 0.00038932417276618691 0.00019620295997294703 0.0013086698729906864 0.00023220510724242553 7.0941903606424573e-05 0.0011121666697607913 -0.00023669434833045513 -4.4531701787678234e-05 -0.00065223243712109668 -0.00034801859419233549 0.0006658919331786015 -0.00058940679125845351 1.5724951708623727e-05 0.00028315530302622363 0.00019508957214737653 3.7784924905275675e-05 -3.0488789806794236e-05 -0.0031392208259998135 -0.00015468661436725164 -0.00020241194808819367 -0.00081172009579444544 0.0013756106128431748 -0.0006140320316981294 -0.0034619227615920868 -0.00078896801434517525 0.00048401793108279078
leaf_weight=15472 83093 4230 22522 1426 64910 3708 1829 766 3137 8403 805 1232 214 208 9863 10011 735 71988 1925 57915 1601 202 311 5693 2452 14103 1066 407 1587 4900 3047 4126 6493 5895 4687 215 7351 5713 594 6817 651 1197 1937 11171 4130 9673 251 5077 32208 15911 351 3115 916 498 210 56504 878 1035 1837 231 290 2937
leaf_count=15472 83093 4230 22522 1426 64910 3708 1829 766 3137 8403 805 1232 214 208 9863 10011 735 71988 1925 57915 1601 202 311 5693 2452 14103 1066 407 1587 4900 3047 4126 6493 5895 4687 215 7351 5713 594 6817 651 1197 1937 11171 4130 9673 251 5077 32208 15911 351 3115 916 498 210 56504 878 1035 1837 231 290 2937
internal_value=-3.91936e-07 0.000121165 5.81619e-05 4.461e-05 0.000139247 0.000537718 -0.000160343 -0.00016597 0.000216892 0.000194744 0.000226531 0.000234682 0.000476373 0.000544646 0.000200703 0.000148424 0.000509078 -1.84137e-05 -0.000138596 9.6855e-05 0.000375627 0.00032154 0.000568161 7.75571e-05 -0.000405608 -9.37775e-05 0.000624413 8.04132e-05 0.0010897 0.000563081 0.000531701 0.000447467 -0.000119664 -0.000132153 -0.000440955 -0.000110923 0.000102185 0.000259686 4.09228e-05 0.000318485 -0.000775816 0.000436458 0.00024562 -0.000125768 -0.000185439 -5.74136e-05 -1.00126e-05 -9.79156e-05 -2.30379e-05 0.000151494 -0.00114074 -0.000268318 -0.000776856 -0.00148976 -0.00225398 -0.000239985 -0.00021197 0.000371702 -0.00023094 -0.000914538 -0.0019741 6.55016e-05
internal_weight=592660 336746 203086 197582 78982 6721 255914 254085 133660 125623 110151 109346 13478 5504 95868 73809 13264 118600 39201 62601 22059 20458 10174 10284 2654 36625 5296 61369 3013 8037 3454 12529 170992 164499 10582 153917 72261 5928 79399 7411 2576 11208 7630 147989 79013 68976 59303 38402 33325 20901 1117 4990 1875 959 708 64905 60775 1913 58862 2358 521 14108
internal_count=592660 336746 203086 197582 78982 6721 255914 254085 133660 125623 110151 109346 13478 5504 95868 73809 13264 118600 39201 62601 22059 20458 10174 10284 2654 36625 5296 61369 3013 8037 3454 12529 170992 164499 10582 153917 72261 5928 79399 7411 2576 11208 7630 147989 79013 68976 59303 38402 33325 20901 1117 4990 1875 959 708 64905 60775 1913 58862 2358 521 14108
is_linear=0
shrinkage=0.05


Tree=59
num_leaves=63
num_cat=0
split_feature=5 5 31 25 0 24 25 18 27 20 20 18 27 0 24 17 27 21 25 26 25 0 22 0 25 21 0 17 22 25 22 19 29 25 0 0 19 21 18 21 17 0 24 0 17 20 25 27 0 24 0 25 24 21 0 21 18 26 27 24 24 18
split_gain=4.18726 0.867281 0.532422 0.505298 0.420818 0.468726 0.483689 0.424399 0.4108 0.394418 0.624036 0.47027 0.390452 0.367195 0.537826 0.678382 0.36952 0.452121 0.361817 0.343637 0.336124 0.488794 0.328764 0.398174 0.321875 0.649842 0.352204 0.317334 0.481706 0.315946 0.609989 0.307341 0.305862 0.359634 0.445211 0.442175 0.61821 0.404873 0.380466 1.09148 0.595775 0.363076 0.318523 0.330348 0.300864 0.296618 0.295734 0.294843 0.282279 0.280589 0.378116 0.45066 0.414139 0.325162 0.608173 0.559896 0.822266 0.70173 0.500114 0.322085 0.28801 0.279165
threshold=131.30950000000004 178.61200000000005 7.5000000000000009 1.0000000180025095e-35 93781.096076523871 91.629060008758941 49.842032466646053 1.5000000000000002 0.013311456583267404 3.5000000000000004 2.5000000000000004 2.5000000000000004 0.0030072527422770764 295815.08928529453 67.232829684842827 1.0000000180025095e-35 0.0023008866250400378 1.0000000180025095e-35 1.0000000180025095e-35 23.069658369948637 89.642542044469565 114459.16040086666 3.5000000000000004 325740.45058430365 74.93573124351505 1.0000000180025095e-35 329127.71717540029 6.5000000000000009 1.5000000000000002 90.818263455462898 1.0000000180025095e-35 1.0000000180025095e-35 12.500000000000002 27.257703399610858 385038.71797718812 264042.46991680219 1.0000000180025095e-35 1.0000000180025095e-35 1.0000000180025095e-35 1.5000000000000002 5.5000000000000009 165489.2010463789 34.690976756524371 123405.97134820349 1.0000000180025095e-35 1.0000000180025095e-35 94.676288673565523 0.0096333322092345842 34739.908005921272 57.485208022596858 56917.347622519876 60.17684014397782 24.396749273379374 2.5000000000000004 212092.91937430226 1.5000000000000002 1.0000000180025095e-35 52.358557884278625 0.0023201667136965682 38.533362994374279 51.698713252043255 2.5000000000000004
decision_type=2 2 2 2 2 2 2 2 2 2 2 2 2 2 2 2 2 2 2 2 2 2 2 2 2 2 2 2 2 2 2 2 2 2 2 2 2 2 2 2 2 2 2 2 2 2 2 2 2 2 2 2 2 2 2 2 2 2 2 2 2 2
left_child=2 18 3 44 7 6 8 29 31 10 11 32 -11 14 16 -16 17 -4 47 -19 49 -22 23 27 -8 -26 -27 28 -13 48 46 -6 33 34 37 36 38 42 39 -35 41 -41 43 -3 -1 -39 -31 -2 -5 50 51 52 -20 55 -55 -52 58 -58 -57 -54 -59 -17
right_child=1 9 13 4 5 -7 24 -9 -10 12 -12 22 -14 -15 15 61 -18 19 20 -21 21 -23 -24 -25 25 26 -28 -29 -30 30 -32 -33 -34 35 -36 -37 -38 45 -40 40 -42 -43 -44 -45 -46 -47 -48 -49 -50 -51 53 -53 59 54 -56 56 57 60 -60 -61 -62 -63
leaf_value=0.0017568785815812199 0.00018179628412811927 -0.0021047569495316167 -0.00029813055265430813 0.00065616916900009448 0.00021639922777957345 0.00051216715470449802 -7.608457497644593e-05 0.0011269600004574275 -0.0015865452958813938 0.00013799815628893537 0.00026247426285830056 0.0005955739655558478 -0.00056368605222577078 -2.5289203765163122e-06 0.0013648476298481851 0.00036952738244448713 0.00036452320195449914 -0.0014055358838660594 0.00046656265516090601 0.00072912602709099435 0.00075897636021287826 2.7655836954131758e-05 0.00043279514341828775 -0.00037776960870161322 -3.608722080923828e-05 0.00072345965498380696 -0.00061805406266114953 -0.0015107754953173052 -0.0011204921856709023 0.00099868110835429533 1.4214601249891118e-05 -0.00039765386952002346 0.00011186563856968983 -1.9889258176605436e-05 -9.2245196957865214e-05 -0.00031858831652522006 -0.00080861293978905062 0.00085546693010265054 0.00027566078316233251 -0.0028644849058055938 0.00044422379584088239 -0.0011804577492589164 0.00010000128218144179 -0.0001928462938624089 0.00050612923447394419 -0.00090275979965551102 0.0036287095074975257 0.0011400454905825602 -0.00012375789767523891 -2.0671463975691816e-05 -0.00010860530197961033 0.0013596778412312759 -0.0020718649519155794 0.00081345492993803903 -6.3522972415080823e-05 -0.0016343313441134375 9.8813386096670332e-05 -0.0033558879377098881 -0.00059106960108676809 -0.00071925554449105578 -0.00077108127754230886 0.0014209407233673182
leaf_weight=562 4774 382 5306 1202 89893 8330 36709 762 322 2354 7461 608 12564 7862 2629 8198 20351 207 406 2113 2866 11267 900 8817 11518 5504 537 1655 1249 227 1100 2085 8639 34074 6846 25683 2616 249 8863 421 456 1335 2639 553 3328 6547 202 965 33314 104345 65743 228 773 2488 9624 1793 4881 206 3197 1022 226 684
leaf_count=562 4774 382 5306 1202 89893 8330 36709 762 322 2354 7461 608 12564 7862 2629 8198 20351 207 406 2113 2866 11267 900 8817 11518 5504 537 1655 1249 227 1100 2085 8639 34074 6846 25683 2616 249 8863 421 456 1335 2639 553 3328 6547 202 965 33314 104345 65743 228 773 2488 9624 1793 4881 206 3197 1022 226 684
internal_value=-3.72339e-07 -0.000111144 0.000159082 0.000122663 0.000111215 0.000147326 0.000126591 -4.07552e-05 0.000196238 -0.000210499 -0.000180355 -0.000209715 -0.000452963 0.000309521 0.00037165 0.000659325 0.000253288 -4.35593e-05 -4.87425e-05 0.000538663 -5.9494e-05 0.000175959 -0.000489757 -0.000557102 8.13344e-06 0.0001842 0.000604209 -0.00100732 -0.000558635 -6.5441e-05 0.000637891 0.00020248 -0.000172408 -0.000199496 -0.000405183 -0.000151283 -6.13242e-05 -0.000611776 -1.80252e-05 -8.97591e-05 -0.00116605 -0.0015842 -0.000180962 -0.000973969 0.000686829 -0.00083834 0.00223706 0.000342924 -9.65974e-05 -7.65649e-05 -0.000140947 -0.000756361 -0.000975559 -0.000123991 0.000116622 -0.000162314 -0.000505025 -7.2138e-05 -0.000965933 -0.00130174 -0.00200365 0.000450496
internal_weight=592660 349715 242945 195595 191705 154898 146568 36807 92300 134911 119993 112532 14918 47350 39488 11511 27977 7626 214804 2320 209065 14133 13229 12329 54268 17559 6041 3512 1857 36045 1529 91978 99303 90664 17216 73448 47765 10370 45149 36286 2212 1756 3574 935 3890 6796 429 5739 34516 194932 90587 2429 2201 88158 12112 76046 10303 5313 4990 1795 432 8882
internal_count=592660 349715 242945 195595 191705 154898 146568 36807 92300 134911 119993 112532 14918 47350 39488 11511 27977 7626 214804 2320 209065 14133 13229 12329 54268 17559 6041 3512 1857 36045 1529 91978 99303 90664 17216 73448 47765 10370 45149 36286 2212 1756 3574 935 3890 6796 429 5739 34516 194932 90587 2429 2201 88158 12112 76046 10303 5313 4990 1795 432 8882
is_linear=0
shrinkage=0.05


Tree=60
num_leaves=63
num_cat=0
split_feature=1 7 18 19 0 0 18 21 22 22 28 18 28 21 18 26 26 22 21 22 0 0 27 28 22 27 24 26 0 24 18 26 21 30 24 18 0 21 10 0 0 29 21 0 24 19 18 0 27 18 21 26 21 24 0 22 0 30 24 22 22 26
split_gain=2.88066 1.37707 0.471617 0.443144 0.371848 0.364449 0.441274 0.393483 0.787646 0.59245 0.425757 0.358381 0.354673 0.349402 1.22155 0.775772 0.466043 0.429268 0.342395 0.333118 0.585543 0.333046 0.384588 0.345655 0.331201 0.326745 0.315952 0.798856 0.479373 0.413981 0.327617 0.310135 0.489008 0.456396 0.445279 0.300454 0.289015 0.287851 0.619665 0.465514 0.309895 0.283054 0.315762 0.545261 0.494171 0.334893 0.358717 0.317125 0.324869 0.439041 0.399813 0.818251 0.368018 0.360483 0.326358 0.310115 0.286489 0.277375 0.356485 0.273482 0.278427 0.272931
threshold=6.7950000000000008 5.2500000000000009 1.0000000180025095e-35 1.0000000180025095e-35 166511.39409750554 1022354.2797967971 2.5000000000000004 1.5000000000000002 1.0000000180025095e-35 1.5000000000000002 -0.033922552433626123 1.0000000180025095e-35 -0.0045737954512122805 1.0000000180025095e-35 1.0000000180025095e-35 37.787068706809841 61.250644959927634 1.0000000180025095e-35 4.5000000000000009 3.5000000000000004 329127.71717540029 227456.03654495333 0.0056084329799548542 -1.0000000180025095e-35 1.5000000000000002 0.0035613056094694778 68.668003952775805 38.162199914703073 215083.29333372859 20.110999338770498 10.500000000000002 20.264741062633032 1.0000000180025095e-35 70.500000000000014 24.981131576255525 2.5000000000000004 81570.530580228136 1.0000000180025095e-35 -0.97000000000000053 158581.43124620407 79073.686524652498 20.500000000000004 1.0000000180025095e-35 389759.98454441462 30.555217382421656 1.0000000180025095e-35 1.5000000000000002 446512.2233907851 0.0036101578943349469 1.0000000180025095e-35 1.5000000000000002 48.222719022508009 2.5000000000000004 17.013793729400849 162495.81210183841 1.5000000000000002 301357.76458690496 14.500000000000002 69.194259135338186 2.5000000000000004 1.5000000000000002 23.069658369948637
decision_type=2 2 2 2 2 2 2 2 2 2 2 2 2 2 2 2 2 2 2 2 2 2 2 2 2 2 2 2 2 2 2 2 2 2 2 2 2 2 2 2 2 2 2 2 2 2 2 2 2 2 2 2 2 2 2 2 2 2 2 2 2 2
left_child=1 5 4 13 24 6 18 9 -9 -8 -11 -5 -6 26 15 17 21 36 41 20 -12 23 -23 25 57 -16 29 28 -28 -3 -29 32 33 -14 -33 37 -15 38 -4 -40 -39 42 43 44 -1 61 -47 48 49 50 53 52 -52 -44 -55 -56 -51 -2 -59 60 -45 -46
right_child=2 3 35 11 12 -7 7 8 -10 10 19 -13 31 14 16 -17 -18 -19 -20 -21 -22 22 -24 -25 -26 -27 27 30 -30 -31 -32 34 -34 -35 -36 -37 -38 40 39 -41 -42 -43 47 59 45 46 -48 -49 -50 56 51 -53 -54 54 55 -57 -58 58 -60 -61 -62 -63
leaf_value=-0.00043271507170410247 5.466570365496106e-05 0.00045273127004873934 -0.0010946653507480173 -0.00017555094220116752 -0.00049671354677962925 0.00037888747078706879 0.00084526921835174906 0.00025444516497300618 -0.0016552453556883361 0.00017391622331605611 -0.0011124963544462739 -0.0010698909931149629 0.0012270970487525306 0.0016295263444772023 -0.0012515658641943565 -6.6771912479750764e-05 -0.00016073146709222105 -0.00067102996469326544 0.00061221490565389371 0.0003751456319852563 -0.00035346232372714917 -3.5498433320034251e-05 0.00051230801769947671 0.00044750390447886228 -0.00037198145067711625 0.00010432828255825514 0.0014279958612001464 0.00016207906210351133 0.00027223414222192022 2.5577285455458354e-06 -0.0011413823581552256 -0.0008651271953983115 -0.00024622175736994668 -0.00080082876681004684 0.00024796837424739864 0.0011911951909795286 -0.00018850289008598257 -0.00027272355648241966 0.00058662781031811506 -0.00032602903930071799 0.00049482240186823803 0.00014413967025464546 0.00087843941814068837 -0.00015556974546236942 0.00041964178818597645 -0.00048885348708348913 0.00035831478523872521 -1.8747724389419683e-05 -0.00034595171588559879 0.00017125018984422467 -0.0014237137845095232 0.00026957401452629972 -0.00047681571346696222 -0.00048104328502611638 -0.00029364959075414763 0.00025149382854293048 -0.00032013960348111327 0.00021168990934794215 0.0010428851104147042 -4.2580217165084705e-05 -0.00085949771684724853 1.2988776019268457e-05
leaf_weight=7202 60249 5553 991 11768 1588 3143 1051 828 1552 2874 3529 1238 2642 230 521 29225 10470 11099 1499 1016 9074 16586 3971 17129 4020 3019 2049 34014 1596 63575 489 915 1041 310 49760 1074 4412 1420 3838 2197 17795 8036 784 2087 4471 5932 1583 16878 46332 12123 2410 1738 1787 7030 5624 4866 3927 8222 1530 2882 4297 53496
leaf_count=7202 60249 5553 991 11768 1588 3143 1051 828 1552 2874 3529 1238 2642 230 521 29225 10470 11099 1499 1016 9074 16586 3971 17129 4020 3019 2049 34014 1596 63575 489 915 1041 310 49760 1074 4412 1420 3838 2197 17795 8036 784 2087 4471 5932 1583 16878 46332 12123 2410 1738 1787 7030 5624 4866 3927 8222 1530 2882 4297 53496
internal_value=-5.42037e-07 -6.68957e-05 0.000182611 2.22932e-05 0.000143005 -0.000155632 -0.000163449 -0.000387584 -0.000990866 -0.000305743 -0.00037909 -0.00026068 0.000239902 4.03396e-05 -2.86061e-05 -0.000219189 0.000137166 -0.000502169 -0.000140546 -0.00049579 -0.000566001 0.000212822 7.03215e-05 0.00035455 6.9363e-05 -9.52256e-05 0.000102464 0.000217974 0.000921934 3.87198e-05 0.000143606 0.0002613 0.000685554 0.00101414 0.00022787 0.000371511 -9.84239e-05 0.000337963 6.41017e-05 0.000254381 0.0004381 -0.000146378 -0.000158967 -8.56457e-05 -3.95963e-05 3.64069e-06 -0.000310401 -0.000217023 -0.000255656 -0.000151818 -0.000286128 -0.000642746 -0.00102054 -0.000170496 -0.000217434 -4.07737e-05 5.10204e-05 9.47084e-05 0.000342097 -0.000446865 -0.000629376 4.4354e-05
internal_weight=592587 434995 157592 216944 130277 218051 214908 19924 2380 17544 16493 13006 56256 203938 96662 44966 51696 15741 194984 13619 12603 41226 20557 20669 74021 3540 107276 38148 3645 69128 34503 54668 3993 2952 50675 27315 4642 26241 7026 6035 19215 193485 185449 81950 72684 65482 7515 103499 86621 40289 24239 5935 4197 18304 17520 10490 16050 70001 9752 9266 6384 57967
internal_count=592587 434995 157592 216944 130277 218051 214908 19924 2380 17544 16493 13006 56256 203938 96662 44966 51696 15741 194984 13619 12603 41226 20557 20669 74021 3540 107276 38148 3645 69128 34503 54668 3993 2952 50675 27315 4642 26241 7026 6035 19215 193485 185449 81950 72684 65482 7515 103499 86621 40289 24239 5935 4197 18304 17520 10490 16050 70001 9752 9266 6384 57967
is_linear=0
shrinkage=0.05


Tree=61
num_leaves=63
num_cat=0
split_feature=5 3 31 25 20 0 24 17 24 22 30 0 19 20 27 26 21 27 0 25 20 21 25 27 21 22 24 17 24 25 25 0 29 0 3 20 22 27 0 26 26 17 25 22 21 26 22 21 26 25 26 26 19 27 30 26 26 30 17 25 24 17
split_gain=3.51401 0.585384 0.490851 0.46769 0.439166 0.413679 0.456822 0.649463 0.397871 0.386321 0.380048 0.370318 0.394789 0.360664 0.356051 0.347618 0.456559 0.328083 0.568171 0.478881 0.477316 0.549362 0.48988 0.394951 0.377583 0.452095 0.428592 0.328583 0.326 0.395375 0.352 0.323633 0.347324 0.355381 0.320938 1.02144 0.469133 0.318232 0.37796 0.310862 0.321733 0.298638 0.292198 0.346029 0.289847 0.315278 0.285565 0.359447 0.332439 0.294036 0.283486 0.280505 0.274511 0.274491 0.270096 0.269347 0.25752 0.257401 0.261928 0.354072 0.249492 0.246753
threshold=136.91400000000002 6832.7500000000009 7.5000000000000009 1.0000000180025095e-35 3.5000000000000004 288381.35103417368 67.232829684842827 1.0000000180025095e-35 48.926876128900055 3.5000000000000004 66.500000000000014 94806.461533960624 1.0000000180025095e-35 1.0000000180025095e-35 0.0024772891463510326 28.051771392275359 1.0000000180025095e-35 0.0020041078440419234 255948.20164305691 21.335964421447656 1.5000000000000002 2.5000000000000004 33.655734194946916 0.016729694521560371 1.5000000000000002 1.5000000000000002 17.013793729400849 5.5000000000000009 91.629060008758941 51.235262131058931 70.537595511203946 605210.3078708658 5.5000000000000009 138965.97306008617 6427.6500000000005 1.0000000180025095e-35 2.5000000000000004 0.0036101578943349469 1022354.2797967971 63.845874561687715 43.308004156692071 7.5000000000000009 90.818263455462898 1.0000000180025095e-35 1.0000000180025095e-35 18.108939495791706 1.5000000000000002 1.0000000180025095e-35 47.300527285418262 35.725798426386255 23.069658369948637 52.358557884278625 1.0000000180025095e-35 0.0074878947276151306 16.500000000000004 53.206409029581074 24.384696572752951 12.500000000000002 1.0000000180025095e-35 97.1294705127886 51.698713252043255 7.5000000000000009
decision_type=2 2 2 2 2 2 2 2 2 2 2 2 2 2 2 2 2 2 2 2 2 2 2 2 2 2 2 2 2 2 2 2 2 2 2 2 2 2 2 2 2 2 2 2 2 2 2 2 2 2 2 2 2 2 2 2 2 2 2 2 2 2
left_child=2 4 3 31 9 6 14 39 10 17 13 42 15 -5 44 16 -13 24 20 53 21 22 23 34 26 -26 -2 -27 29 60 -31 32 -1 -34 35 36 56 41 -39 40 -8 -3 -10 -44 45 -4 48 -48 -28 -49 -46 -9 -23 -20 -36 -47 -19 58 59 -32 -17 -24
right_child=1 37 5 8 -6 -7 7 51 11 -11 -12 12 -14 -15 -16 28 -18 18 19 -21 -22 52 61 -25 25 27 46 -29 -30 30 57 -33 33 -35 54 -37 -38 38 -40 -41 -42 -43 43 -45 50 55 47 49 -50 -51 -52 -53 -54 -55 -56 -57 -58 -59 -60 -61 -62 -63
leaf_value=0.00043378591790737935 0.0008697067264043074 -0.0001583427482919747 0.0011299858894961376 -3.1639041601213868e-05 -0.00033526334759870132 -1.9007147865469858e-05 0.0015871070179179015 0.00084270263317908281 -6.7639734976285149e-05 0.0002124045999642672 -0.00082545831961779886 0.00095192498701926237 -0.00032380825419454299 0.00074365362034368001 0.00034975020315065967 0.00082491566522183222 0.00016844068784252031 -0.00097959254585564415 -4.3227240864537264e-06 -0.00023488421713044013 0.00029673259747011019 0.00058217228490618452 5.3967894674610228e-05 -0.0021637317448247426 -0.00028251673452852911 -0.0017756215734337885 -0.00052994798748021968 -0.00030584799482256454 0.00045072617061013651 -0.00013800206035629732 -0.00053910850940452827 -0.0010942999701364898 0.0032797894659678502 0.0010266107898480971 -0.00076974302766393075 0.0011449726587819758 -0.0016785563921186048 -0.0002839366780036641 0.00048084795610969788 0.0017372616234650109 -0.00015949590300697622 0.00017864127764088646 0.0016439303901998948 0.0001161828768113841 -0.001008151064761424 -0.00047917362500626902 0.00018598076401850848 -0.0012297432309632879 -8.7562759622509479e-05 -0.00011550664570516973 0.00052034374124520176 0.00025242013049504391 -0.00058979872115809493 0.00056329752464227259 0.00011261873190881528 0.00024711963251156419 -8.0643891523884861e-05 0.00074557265761077227 0.00020135902797592016 0.00085736761994988076 0.0001894277883274627 -0.00064663775285429392
leaf_weight=3119 1040 35230 420 50492 13711 10273 480 2713 28935 13810 1464 3272 4039 1546 20080 1579 4307 922 14622 42499 16694 5093 42568 280 3953 1090 7936 584 8783 20336 2667 265 216 922 4045 1419 585 71215 1653 1550 585 8083 546 1154 337 4740 8727 871 9135 1849 3038 7796 554 2493 1104 1747 5861 1725 13346 547 70647 1295
leaf_count=3119 1040 35230 420 50492 13711 10273 480 2713 28935 13810 1464 3272 4039 1546 20080 1579 4307 922 14622 42499 16694 5093 42568 280 3953 1090 7936 584 8783 20336 2667 265 216 922 4045 1419 585 71215 1653 1550 585 8083 546 1154 337 4740 8727 871 9135 1849 3038 7796 554 2493 1104 1747 5861 1725 13346 547 70647 1295
internal_value=-5.14935e-07 -0.000113303 0.000130925 9.78162e-05 -6.20235e-05 0.000266359 0.000333773 0.000580264 8.72508e-05 -4.22043e-05 -3.09577e-05 0.000126318 0.000162854 -8.60583e-06 0.000227227 0.000178306 0.000506686 -6.22715e-05 -2.79763e-05 -0.000144953 5.87368e-05 -3.60979e-06 -4.9386e-05 -0.00030446 -0.000198764 -0.000574166 -0.000127298 -0.00126287 0.000157502 0.000134269 5.13239e-06 0.000601052 0.000706589 0.00145428 -0.000267104 -8.34275e-05 -0.000320005 -0.000202788 -0.000266588 0.00128538 0.000627705 -9.54554e-05 -3.02104e-05 0.000606859 -1.20515e-05 -0.000197621 -0.000163657 2.95602e-05 -0.00029322 -0.000472308 0.000367721 0.000404807 0.000467196 7.83578e-05 -0.000580555 -0.000283577 -0.000202836 0.000164322 0.000103775 -0.000301438 0.000203321 3.32834e-05
internal_weight=592587 318921 273666 219907 202740 53759 43486 13124 215385 189029 53502 161883 131248 52038 30362 127209 7579 175219 140034 59614 80420 63726 58079 14216 35185 5627 29558 1674 119630 110847 38621 4522 4257 1138 13936 8787 7368 116181 72868 2615 1065 43313 30635 1700 10282 6907 28518 11447 17071 2720 3375 10509 5647 17115 5149 6487 6783 18285 16560 3214 72226 43863
internal_count=592587 318921 273666 219907 202740 53759 43486 13124 215385 189029 53502 161883 131248 52038 30362 127209 7579 175219 140034 59614 80420 63726 58079 14216 35185 5627 29558 1674 119630 110847 38621 4522 4257 1138 13936 8787 7368 116181 72868 2615 1065 43313 30635 1700 10282 6907 28518 11447 17071 2720 3375 10509 5647 17115 5149 6487 6783 18285 16560 3214 72226 43863
is_linear=0
shrinkage=0.05


Tree=62
num_leaves=63
num_cat=0
split_feature=20 1 7 20 18 26 21 0 22 23 27 0 18 24 17 17 20 27 18 0 21 0 21 26 20 20 21 18 17 22 0 17 0 24 31 26 0 0 18 17 18 17 20 26 0 22 0 27 22 0 21 28 28 0 24 27 22 30 24 17 29 18
split_gain=2.45387 0.931947 0.86681 0.590841 0.491755 0.410662 0.397025 0.664632 0.656921 0.546788 0.815512 0.752866 0.498069 0.448664 0.655584 0.368612 0.52474 0.580013 0.561474 0.753569 0.706326 0.620169 0.462242 0.550582 0.370987 0.464832 1.04096 0.359777 1.1879 0.701918 0.631185 0.506367 0.408783 0.40761 0.358439 0.357566 0.511744 0.488754 0.349648 0.436098 0.347429 0.34496 1.79367 0.574151 0.382903 0.459053 0.347883 0.36525 0.425263 0.342084 0.341268 0.325241 0.316806 0.315446 0.310561 0.306213 0.303899 0.404159 0.319518 0.366948 0.309889 0.30378
threshold=1.0000000180025095e-35 6.3250000000000011 5.4500000000000011 1.5000000000000002 1.0000000180025095e-35 10.642914471192386 1.0000000180025095e-35 468529.62639075407 2.5000000000000004 1.0000000180025095e-35 0.0031213435107332829 255948.20164305691 2.5000000000000004 58.034058036656653 3.5000000000000004 10.500000000000002 1.5000000000000002 0.0033338120219592389 1.0000000180025095e-35 193309.15167388722 1.5000000000000002 266104.73367248866 1.5000000000000002 63.845874561687715 3.5000000000000004 6.5000000000000009 1.5000000000000002 1.0000000180025095e-35 2.5000000000000004 3.5000000000000004 166511.39409750554 2.5000000000000004 100574.42022184067 58.453563392807666 38.500000000000007 55.288121637178584 67731.532071111942 92784.571430231983 3.5000000000000004 5.5000000000000009 11.500000000000002 2.5000000000000004 1.5000000000000002 36.820623672163727 54169.048251842112 2.5000000000000004 255948.20164305691 0.0029147897247777865 2.5000000000000004 310158.0586648396 2.5000000000000004 -0.0045737954512122805 -0.028141913600048193 46964.12294112995 11.592981464271849 0.0017243911181308799 1.5000000000000002 46.500000000000007 47.668155349202813 1.0000000180025095e-35 6.5000000000000009 2.5000000000000004
decision_type=2 2 2 2 2 2 2 2 2 2 2 2 2 2 2 2 2 2 2 2 2 2 2 2 2 2 2 2 2 2 2 2 2 2 2 2 2 2 2 2 2 2 2 2 2 2 2 2 2 2 2 2 2 2 2 2 2 2 2 2 2 2
left_child=1 27 6 49 5 -3 13 8 12 11 -11 -10 15 41 -15 16 18 -18 19 20 35 50 23 -21 -19 -26 -27 28 54 32 -29 -32 33 -30 56 36 -8 -37 -33 -40 53 42 43 -2 45 -43 -46 -48 -49 55 -20 -14 -9 -16 -1 -4 58 -58 59 60 -7 -6
right_child=2 4 3 -5 61 34 7 52 9 10 -12 -13 51 14 40 -17 17 24 21 22 -22 -23 -24 -25 25 26 -28 30 29 -31 31 38 -34 -35 -36 37 -38 -39 39 -41 -42 44 -44 -45 46 -47 47 48 -50 -51 -52 -53 -54 -55 -56 -57 57 -59 -60 -61 -62 -63
leaf_value=0.00086237045074823062 -0.00078969707212063792 0.00071447844536367134 -0.00011832049929617075 -0.00024626514303301112 0.00028538456831236989 -0.00012508291081759319 -0.0018971695192746504 0.00039044791165491143 0.00026638311809757076 -0.00015265325790371641 -0.0019398006836701773 -0.00045944380150332614 -0.00051307724677843169 0.00026181504206150623 0.0016205077573770443 -0.00095371690688671618 0.0002277799390896515 7.2356945750996855e-05 -0.00014574476634241404 0.00019979831974622819 -0.0017179405645728466 -0.00036684172270362597 -0.00059117906458900542 -0.00064925882820239631 -0.00051978749823385951 -0.00086592843302089146 0.0013354977595058878 0.00034786136239229069 -0.0015559079219877293 0.00018889085927087937 -0.00034361584823501318 0.00017359529715150291 -0.00045022640685063404 -0.00018449541954639878 0.00085617424911089111 0.0011294510952769871 -0.000335233857659997 -0.0014502840152486457 -0.0011913527423370843 -6.9013441325727182e-05 -0.0010782758456551269 0.00060803583179997497 -0.0044497146019794043 9.3435587824974408e-05 1.5048920034215165e-06 -0.0016666803526730713 0.00024129114040260903 -0.00061799173603461132 6.369130115904033e-05 -8.1826621636599264e-05 0.00075496163852062934 -0.0014822866797117927 -6.6400978481606545e-05 -9.1667352715013042e-05 1.0579835833685137e-05 0.00058519972855387284 -0.00033243836599890073 0.0016603868915268335 0.00015061123003938892 0.00010303601719028471 -0.00077730371832261159 0.00090382223486709992
leaf_weight=1085 3707 2840 1831 5800 36174 7725 577 4971 13781 2444 864 4823 2089 18318 271 2154 8284 5729 1878 5926 1976 9509 8526 2817 12442 1035 1116 17145 1790 3862 9041 24645 12973 777 1582 202 5753 2016 980 7409 891 305 277 3655 25602 813 2475 8242 3167 3584 2390 1478 16038 36636 77885 9962 5845 266 115069 16656 2383 2101
leaf_count=1085 3707 2840 1831 5800 36174 7725 577 4971 13781 2444 864 4823 2089 18318 271 2154 8284 5729 1878 5926 1976 9509 8526 2817 12442 1035 1116 17145 1790 3862 9041 24645 12973 777 1582 202 5753 2016 980 7409 891 305 277 3655 25602 813 2475 8242 3167 3584 2390 1478 16038 36636 77885 9962 5845 266 115069 16656 2383 2101
internal_value=-4.89188e-07 8.47412e-05 -0.000121952 0.000183761 0.00015911 0.000118861 -0.000150961 -0.000213461 -0.000268268 -2.71059e-05 -0.000619429 7.82159e-05 -0.000337893 -7.98021e-05 1.63236e-05 -0.000309448 -0.000289673 -0.000124853 -0.000403092 -0.000532468 -0.000865977 -0.000142095 -0.000329223 -7.37684e-05 -0.0002686 -0.000402454 0.000276234 -5.22345e-06 -6.38397e-05 -0.000414376 9.21456e-05 -1.20552e-05 -0.0005643 -0.0011408 0.000107549 -0.000669033 -0.000477609 -0.00121534 7.86889e-05 -0.000200125 -0.000102649 -0.000191615 -0.000499865 -0.00035125 -0.000133623 -0.00104612 -0.000107786 -0.000309319 -0.000428765 0.000345961 0.000358634 -0.000914673 4.16954e-05 -7.90952e-05 2.22829e-05 0.00047597 9.95433e-05 -0.000245695 0.000114418 -4.11901e-05 -0.000278846 0.000319332
internal_weight=592587 348233 244354 21177 190641 152366 223177 118818 97809 21912 3308 18604 75897 104359 56116 72330 70176 28606 41570 27793 10524 13777 17269 8743 20322 14593 2151 157592 98372 19402 59220 42075 15540 2567 149526 8548 6330 2218 33034 8389 37798 48243 7639 7362 40604 1118 39486 13884 11409 15377 4268 3567 21009 36907 78970 11793 147944 6111 141833 26764 10108 38275
internal_count=592587 348233 244354 21177 190641 152366 223177 118818 97809 21912 3308 18604 75897 104359 56116 72330 70176 28606 41570 27793 10524 13777 17269 8743 20322 14593 2151 157592 98372 19402 59220 42075 15540 2567 149526 8548 6330 2218 33034 8389 37798 48243 7639 7362 40604 1118 39486 13884 11409 15377 4268 3567 21009 36907 78970 11793 147944 6111 141833 26764 10108 38275
is_linear=0
shrinkage=0.05


Tree=63
num_leaves=63
num_cat=0
split_feature=3 7 0 18 17 20 18 0 18 0 26 25 0 30 0 22 28 25 0 24 26 0 27 17 0 22 23 0 25 17 22 18 25 18 0 24 28 0 24 22 25 27 26 0 3 26 22 25 27 25 27 18 28 25 0 25 18 0 27 20 22 20
split_gain=2.89547 0.524033 0.372479 0.539655 0.510676 0.452284 0.795166 0.580015 0.438694 0.516401 0.434596 0.395599 0.626913 0.560599 0.390374 0.41632 0.376808 0.361773 0.397153 0.366294 0.589683 0.454795 0.365417 0.353622 0.353201 0.349468 0.323408 0.317797 0.337292 0.375967 0.317054 0.364766 0.624875 0.510831 0.38835 0.311236 0.300587 0.299357 0.294353 0.350493 0.274465 0.262521 0.42177 0.257143 0.254991 0.251866 0.248452 0.240613 0.240146 0.236851 0.245919 0.250314 0.234924 0.230396 0.226821 0.375198 0.28813 0.223216 0.282255 0.442255 0.402028 0.341432
threshold=6276.8000000000002 5.2500000000000009 740631.75672323303 2.5000000000000004 5.5000000000000009 5.5000000000000009 1.0000000180025095e-35 165489.2010463789 1.5000000000000002 257924.96212461303 53.561027681660185 67.43384151425245 146426.10107205156 14.500000000000002 59684.192089584518 1.5000000000000002 -0.036904951954198843 0.14101705785422838 830890.13581422891 74.675450047135456 51.328693046146391 227456.03654495333 0.0076048848079528957 4.5000000000000009 46964.12294112995 4.5000000000000009 1.0000000180025095e-35 79073.686524652498 41.289579252954283 2.5000000000000004 3.5000000000000004 3.5000000000000004 92.531797498000699 4.5000000000000009 399983.16676808352 40.926797454446273 -0.0025089256319552606 50989.594365617719 53.965530008082254 1.0000000180025095e-35 10.741717422610598 0.0023735898278828067 48.991683760998932 399983.16676808352 6434.8500000000013 23.455665173384805 1.0000000180025095e-35 90.818263455462898 0.00081604770110023665 68.879296131709864 0.001704662683827097 1.0000000180025095e-35 -1.0000000180025095e-35 51.599959332840051 193309.15167388722 86.92270272321089 1.0000000180025095e-35 281425.39189247001 0.002193636626978824 3.5000000000000004 1.5000000000000002 1.5000000000000002
decision_type=2 2 2 2 2 2 2 2 2 2 2 2 2 2 2 2 2 2 2 2 2 2 2 2 2 2 2 2 2 2 2 2 2 2 2 2 2 2 2 2 2 2 2 2 2 2 2 2 2 2 2 2 2 2 2 2 2 2 2 2 2 2
left_child=1 26 3 5 46 11 7 -7 9 -8 -9 13 37 14 15 -2 -6 18 22 41 21 -21 -3 24 -17 -25 27 -1 29 36 31 32 38 -33 -35 -30 -29 -13 39 -18 -4 42 49 -38 -26 -37 -5 -22 -44 50 51 -19 -16 -40 55 56 -47 58 60 61 -54 -60
right_child=2 17 40 4 16 6 8 10 -10 -11 -12 12 -14 -15 52 23 30 19 -20 20 47 -23 -24 25 44 -27 -28 28 35 -31 -32 33 -34 34 -36 45 43 -39 53 -41 -42 -43 48 -45 -46 54 -48 -49 -50 -51 -52 -53 57 -55 -56 -57 -58 -59 59 -61 -62 -63
leaf_value=-3.359533529879778e-05 0.00035032665501343952 0.00029142857382971789 0.00063505224557724581 0.0001514034038013351 0.00011433093054663412 0.0012381120575879903 -0.002503069804484055 -0.001027792301917599 -0.00042980977595355463 -0.00089852397620680802 0.00012461962152543932 0.0014765019774961384 -9.6627495951798084e-05 3.2299066893843577e-05 -0.00026460814069287976 -0.00076230244758762177 -0.00026003311309018181 -0.00053153189171490918 -0.0017746821162864348 0.00072066060535212685 1.0948771416817561e-05 0.00011222424437729007 0.001231922039205172 0.00013811222666057821 -0.00096180826729505499 -0.0013056755453702848 -0.00070981800019751244 -0.00042577601660657017 -0.00017229033547459574 0.0011904045036260171 0.00035474926513345009 0.00082934434242297223 0.0003288435698577247 -0.00086962465096690966 -0.00026803572299393774 0.00081941570688036966 0.00045559084026328535 0.00023261913000146642 -0.00046953150831192887 -0.0023085025782507568 2.9473328741625116e-05 4.2006834337113569e-05 0.00091141454935770444 -0.00020475506928561575 -0.0031268323032418266 5.7550157351103152e-05 0.0020860038473609105 0.00036160150878846603 4.4397072352523633e-05 0.00022071795996287787 -0.00013136484316190116 0.00016305192099078767 -0.00047630788711205117 -0.0013693542087628188 0.000301113011034006 0.00072975751901994403 0.0004198273701495537 -0.00024479865104080916 -5.4097036912562038e-05 -0.00060618172281281277 -2.5827179652269147e-05 0.00026365920301888384
leaf_weight=14546 769 5437 2439 388 2898 809 713 1191 2514 1690 2613 498 36616 39037 42754 639 271 10111 203 6842 37598 5573 1275 970 200 738 1015 1195 6050 1402 1025 784 834 4247 7283 1604 15797 16838 1488 910 8035 87645 838 1626 425 46889 290 5624 17011 2695 14051 1488 8824 1363 28689 2475 6216 25878 26183 2764 11289 12485
leaf_count=14546 769 5437 2439 388 2898 809 713 1191 2514 1690 2613 498 36616 39037 42754 639 271 10111 203 6842 37598 5573 1275 970 200 738 1015 1195 6050 1402 1025 784 834 4247 7283 1604 15797 16838 1488 910 8035 87645 838 1626 425 46889 290 5624 17011 2695 14051 1488 8824 1363 28689 2475 6216 25878 26183 2764 11289 12485
internal_value=-4.64729e-07 0.0001002 -0.000121811 -0.000133668 -0.00037182 -0.000111729 -0.000449168 2.23636e-05 -0.000891547 -0.00137461 -0.000236191 -9.75567e-05 2.06485e-05 -0.00013443 -0.000183031 -0.000686607 -0.000415215 4.89556e-05 0.000404185 3.59914e-05 0.000143816 0.000447538 0.000470083 -0.000954911 -0.00158891 -0.000485726 0.000179131 0.000186264 0.000214833 0.000400808 -0.000499512 -0.000550479 -0.000916984 -0.000405652 -0.000489627 0.000174329 0.000341349 0.000268351 -0.00117468 -0.00183845 0.00017049 -8.83134e-06 -0.000105288 0.000393964 -0.00243402 0.00019875 0.000978887 5.65753e-05 8.5103e-05 -0.000225178 -0.000272027 -0.000442426 -0.00016856 -0.000899717 0.000186936 0.000128 9.99551e-05 -0.000121587 -6.97803e-05 4.8242e-06 -0.000223463 4.84991e-05
internal_weight=592587 323895 268692 258218 21781 236437 9530 4613 4917 2403 3804 226907 53952 172955 133918 3741 21103 196391 6915 189476 55637 12415 6712 2972 1264 1708 127504 126489 111943 20020 18205 17180 4866 12314 11530 91923 18618 17336 4032 1181 10474 133839 46194 17423 625 85873 678 43222 17849 28345 25650 11599 130177 2851 84269 55580 53105 87423 61545 41432 20113 38668
internal_count=592587 323895 268692 258218 21781 236437 9530 4613 4917 2403 3804 226907 53952 172955 133918 3741 21103 196391 6915 189476 55637 12415 6712 2972 1264 1708 127504 126489 111943 20020 18205 17180 4866 12314 11530 91923 18618 17336 4032 1181 10474 133839 46194 17423 625 85873 678 43222 17849 28345 25650 11599 130177 2851 84269 55580 53105 87423 61545 41432 20113 38668
is_linear=0
shrinkage=0.05


Tree=64
num_leaves=63
num_cat=0
split_feature=5 5 24 28 19 20 20 27 18 21 27 26 17 21 24 24 18 26 21 17 24 30 30 26 21 24 20 27 22 18 30 27 24 21 27 26 27 3 28 26 17 21 18 19 18 26 27 24 3 26 24 22 21 27 21 18 24 22 26 27 24 18
split_gain=2.61964 0.49987 0.417125 0.432263 0.38653 0.357472 0.377873 0.338004 0.333254 0.533299 0.334219 0.718959 0.783775 0.444035 0.441718 0.319331 0.30608 0.287 0.79537 0.513187 0.500397 0.389703 0.314361 0.285335 0.27769 0.270139 0.269421 0.265113 0.25971 0.262482 0.254569 0.256704 0.253939 0.298582 0.298285 0.249142 0.248567 0.244034 0.225187 0.219791 0.219176 0.402835 0.795784 0.348676 0.314629 0.331379 0.282463 0.217865 0.214404 0.209568 0.30806 0.327636 0.208408 0.391243 0.281577 0.361772 0.296741 0.313087 0.337 0.327832 0.264887 0.252526
threshold=136.91400000000002 181.25600000000003 91.269519519535649 -1.0000000180025095e-35 1.0000000180025095e-35 3.5000000000000004 2.5000000000000004 0.01388394373773493 1.0000000180025095e-35 1.5000000000000002 0.0027694135428903053 55.78696178984967 1.5000000000000002 1.0000000180025095e-35 81.209163264113684 11.592981464271849 2.5000000000000004 26.03049435759127 1.0000000180025095e-35 1.0000000180025095e-35 36.999006847389829 70.500000000000014 11.500000000000002 63.267885140914451 1.0000000180025095e-35 46.011452850199547 1.0000000180025095e-35 0.0027874260782511759 3.5000000000000004 3.5000000000000004 34.500000000000007 0.0009441512409406077 77.243685041205509 1.0000000180025095e-35 0.0036032443516257466 41.732392049947784 0.0064610893991250305 5858.3000000000002 -0.08131521213321373 64.470658190694465 5.5000000000000009 1.5000000000000002 1.0000000180025095e-35 1.0000000180025095e-35 1.5000000000000002 35.38477949016702 0.0074878947276151306 56.214361124972527 5159.6000000000013 41.444318493360804 57.485208022596858 1.0000000180025095e-35 2.5000000000000004 0.0073745328568530404 1.0000000180025095e-35 10.500000000000002 58.034058036656653 1.5000000000000002 48.7991264692645 0.0046192124670603437 29.751697095856162 4.5000000000000009
decision_type=2 2 2 2 2 2 2 2 2 2 2 2 2 2 2 2 2 2 2 2 2 2 2 2 2 2 2 2 2 2 2 2 2 2 2 2 2 2 2 2 2 2 2 2 2 2 2 2 2 2 2 2 2 2 2 2 2 2 2 2 2 2
left_child=2 52 3 -1 7 6 16 8 9 10 11 14 13 30 15 -5 40 18 19 25 -19 36 32 -24 -25 -12 -17 -7 29 47 31 -13 33 35 -35 -22 37 -21 -29 -40 41 43 -43 44 45 -3 -42 -18 -20 -36 51 -51 54 -54 55 56 57 58 61 -59 -60 -2
right_child=1 5 -4 4 -6 27 -8 -9 -10 -11 17 12 -14 -15 -16 26 28 20 48 21 22 -23 23 24 -26 -27 -28 38 -30 -31 -32 -33 -34 34 49 -37 -38 -39 39 -41 46 42 -44 -45 -46 -47 -48 -49 -50 50 -52 -53 53 -55 -56 -57 -58 59 60 -61 -62 -63
leaf_value=-7.4691051973583837e-05 -0.00033125035256360798 -0.00027821624429843556 0.00037726814684522402 0.0013522857143750341 -0.00024103246112539852 0.00018821188741248424 0.0002242642931998776 -0.00074683893017427256 0.00025075694509188857 -0.00050870993946131461 -0.00042123068014987552 0.0013488129031405127 -0.0003479466450954197 -1.6941394943974042e-05 0.0011438983439915028 -0.00021032235514208361 -0.0016119716352671265 -0.00045362627693388159 0.0004262337247780396 0.0011592245074606795 0.00043196865397941459 -0.00035559633455885947 0.00025256792161583452 0.0010732861042738581 -8.0360283100254769e-05 0.00063968027563591741 0.00049047729984423854 0.0011025969346449261 0.00042121715447525267 -0.00032847289474837111 0.0013681654790668888 0.00044967830518971466 -0.0001760834873037844 -0.00026058990630591913 -0.00016100863257000712 5.417722799863729e-05 -0.00022018495376674208 0.00036564192850163402 -0.00074688083376930707 -0.00027277836575935786 -8.8685639920306424e-05 -0.0011802889130490398 -0.00013086978979142305 -0.00064808656788180438 -0.0012454769979539108 1.372794523084785e-05 0.00040820876882922985 -0.00063981324553703291 -0.00044468939980484468 0.00019754021952234947 0.00044816374651589826 0.0026151615985419495 -1.1250585441117709e-05 0.000474685947826777 -0.00014404058293368232 -0.0010005635564992049 7.0895887004616924e-05 0.00013131050560888095 0.0010278212597793588 -0.00024760883506646641 -3.257121481859285e-05 -0.0018130570776349747
leaf_weight=31596 15363 15344 14164 345 7079 1463 6220 1083 50929 3469 1528 888 3934 3576 663 29221 770 3490 933 5191 4767 643 19637 2128 691 988 1439 207 831 6934 1058 7485 7161 1748 1291 51619 438 1191 6304 3993 23783 2966 4621 3235 601 26519 3251 2291 2913 236 9799 345 24793 4973 78426 928 54013 18070 701 8344 3684 293
leaf_count=31596 15363 15344 14164 345 7079 1463 6220 1083 50929 3469 1528 888 3934 3576 663 29221 770 3490 933 5191 4767 643 19637 2128 691 988 1439 207 831 6934 1058 7485 7161 1748 1291 51619 438 1191 6304 3993 23783 2966 4621 3235 601 26519 3251 2291 2913 236 9799 345 24793 4973 78426 928 54013 18070 701 8344 3684 293
internal_value=-4.41492e-07 -9.78246e-05 0.000113045 9.86238e-05 0.000122651 -0.000184494 -0.000152798 0.00013431 0.000138653 0.000104832 0.000117705 7.54208e-06 0.000270451 0.000457486 -0.000133102 -0.000160409 -0.000178529 0.000163576 0.000377474 0.000612916 0.000134842 0.000821107 0.000155498 0.000320097 0.000790502 -4.62495e-06 -0.000177431 -0.000442379 -0.000428102 -0.000498715 0.000637377 0.000545036 0.000107474 0.000136563 0.000348538 8.61166e-05 0.000932049 0.00101113 -0.000530208 -0.000563032 -0.00014489 -0.000203721 -0.000541121 -0.000147705 -0.000109585 -9.3278e-05 -2.89311e-05 -0.000884361 -0.000233412 0.000439769 0.00051449 0.00163313 -5.2613e-05 6.99347e-05 -7.28984e-05 -1.78726e-05 -8.79566e-06 -0.000101453 -0.000250472 1.16125e-05 0.000136946 -0.000358982
internal_weight=592587 318921 273666 259502 227906 109333 97366 220827 219744 168815 165346 48609 16941 13007 31668 31005 91146 116737 13825 9979 102912 7463 99422 22456 2819 2516 30660 11967 10826 9995 9431 8373 76966 69805 13419 56386 6820 6382 10504 10297 80320 53286 7587 45699 42464 41863 27034 3061 3846 11671 10380 581 209588 29766 179822 101396 100468 46455 20041 26414 4385 15656
internal_count=592587 318921 273666 259502 227906 109333 97366 220827 219744 168815 165346 48609 16941 13007 31668 31005 91146 116737 13825 9979 102912 7463 99422 22456 2819 2516 30660 11967 10826 9995 9431 8373 76966 69805 13419 56386 6820 6382 10504 10297 80320 53286 7587 45699 42464 41863 27034 3061 3846 11671 10380 581 209588 29766 179822 101396 100468 46455 20041 26414 4385 15656
is_linear=0
shrinkage=0.05


Tree=65
num_leaves=63
num_cat=0
split_feature=3 5 31 25 26 24 26 0 20 20 3 27 18 29 31 25 0 0 18 6 27 22 26 28 0 25 25 27 19 0 29 24 18 0 22 0 29 0 31 29 18 25 0 27 0 29 25 24 19 18 0 25 25 24 24 26 31 22 0 0 26 27
split_gain=2.30233 0.53722 0.471292 0.365788 0.328714 0.327101 0.467995 0.376405 0.30694 0.38702 0.308634 0.361903 0.30545 0.297865 0.386591 0.287095 0.453212 0.285564 0.28548 0.338663 0.461969 0.315965 0.314193 0.280993 0.339871 0.375953 0.451703 0.352313 0.31038 0.27455 0.274559 0.271725 0.269701 0.26515 0.261883 0.260227 0.25445 0.329677 0.248736 0.244615 0.243603 0.271324 0.273737 0.363044 0.241412 0.240863 0.305089 0.271542 0.238674 0.336433 0.320497 0.491218 0.337783 0.307243 0.352736 0.323691 0.371852 0.23014 0.291651 0.222134 0.220628 0.238105
threshold=5983.7500000000009 179.96850000000003 19.500000000000004 0.14101705785422838 10.642914471192386 86.925646364718887 67.527533235512877 257924.96212461303 3.5000000000000004 2.5000000000000004 7099.2000000000016 0.0061828334216753123 2.5000000000000004 7.5000000000000009 28.500000000000004 89.642542044469565 120733.66765096645 605210.3078708658 1.5000000000000002 183.50000000000003 0.0080939128700912022 1.5000000000000002 28.317415971378832 -1.0000000180025095e-35 80276.791259404054 49.842032466646053 62.663865710011684 0.0036101578943349469 1.0000000180025095e-35 361872.9183718139 5.5000000000000009 80.407710744626755 4.5000000000000009 120733.66765096645 1.0000000180025095e-35 150006.30631351381 45.500000000000007 205030.2629957092 3.5000000000000004 5.5000000000000009 1.0000000180025095e-35 82.696815851359943 251863.03268797896 0.0029147897247777865 178066.46342952756 5.5000000000000009 87.462986312676534 93.826968129450265 1.0000000180025095e-35 1.0000000180025095e-35 59684.192089584518 2.7338772347005533 59.911353531984879 20.859423279250979 38.533362994374279 19.972149105623817 1.5000000000000002 3.5000000000000004 298650.31923453935 72427.139998684099 52.606316231073613 0.0022483447951639241
decision_type=2 2 2 2 2 2 2 2 2 2 2 2 2 2 2 2 2 2 2 2 2 2 2 2 2 2 2 2 2 2 2 2 2 2 2 2 2 2 2 2 2 2 2 2 2 2 2 2 2 2 2 2 2 2 2 2 2 2 2 2 2 2
left_child=2 15 3 4 -1 23 7 34 9 12 40 -12 -3 14 59 17 -17 18 48 -20 22 -22 -21 -5 -25 28 27 -27 -26 30 31 -6 -18 -11 -7 -29 60 -38 -28 -16 -10 42 43 -42 -43 46 47 -8 50 -50 51 -2 53 -53 55 -55 -57 58 -14 -4 61 -15
right_child=1 8 13 5 29 6 45 -9 10 33 11 -13 57 36 39 16 32 -19 19 20 21 -23 -24 24 25 26 38 35 -30 -31 -32 -33 -34 -35 -36 -37 37 -39 -40 -41 41 44 -44 -45 -46 -47 -48 -49 49 -51 -52 52 -54 54 -56 56 -58 -59 -60 -61 -62 -63
leaf_value=-0.00084315910916494565 0.0016923796332834499 -0.00013310892447567513 0.001970122318114689 -8.8243321125757172e-05 0.00075659919859308691 0.00061287935422479824 -0.00045994155719311397 0.00013126602807935018 -0.00012116002830905738 -0.00026484253599419472 0.00031558338001208422 -0.00048611992951157543 -0.00093215393112468627 -0.00063072310089286473 0.00088119438363594015 0.00069892191456844693 0.00015628386727859476 0.00019678525597852103 1.1574851646196854e-05 0.00090035456329070783 -0.0017839890103031769 -0.00038635763589117212 -0.00035442704009352988 -0.00011487447800447658 0.00017819449413989785 -0.00029366717615866947 5.0625375442504048e-05 -0.0002822013213295644 -0.00037700013410740953 -8.5084632098043694e-05 0.0014054581503703863 -0.00042665843991580767 -0.00043654333731718705 0.00042327159503574119 0.0014181291073997848 0.0004229457927678134 0.002552768252128097 0.00049434749943658661 0.00039279950945090799 0.0022860198214136409 -7.0808301042888741e-05 0.00098136858111047337 -0.00053393077952813709 -0.0016967558503032346 -0.00052414470584368075 0.00046494691483372314 0.0004413239432537019 0.00018933737025445194 -0.00017275862093917618 -0.001086411532860476 -1.7949905465617155e-05 0.00087402230560146711 0.00062517431343716732 -0.00058085408295354985 -0.00055635174044977849 -0.0035964791253621496 -0.0010948410042716113 0.00039153936009658254 -0.00032314257032443368 0.00033740578120535793 0.00047488260986080317 0.00013139045570765854
leaf_weight=431 248 89744 222 24999 2450 3106 4146 2703 2002 1969 2639 3017 2543 1283 769 3235 8844 10858 7632 526 952 703 9678 18140 108756 15872 24633 2058 2577 1178 1236 605 2450 4844 1496 3592 248 902 6771 519 428 320 1750 1735 1586 3268 2470 2633 13176 1091 157899 259 489 391 2133 319 278 851 8662 3381 3440 5094
leaf_count=431 248 89744 222 24999 2450 3106 4146 2703 2002 1969 2639 3017 2543 1283 769 3235 8844 10858 7632 526 952 703 9678 18140 108756 15872 24633 2058 2577 1178 1236 605 2450 4844 1496 3592 248 902 6771 519 428 320 1750 1735 1586 3268 2470 2633 13176 1091 157899 259 489 391 2133 319 278 851 8662 3381 3440 5094
internal_value=-2.11484e-07 -8.41737e-05 0.000115542 9.76002e-05 0.00048628 8.75077e-05 0.000281559 0.000599581 -0.000168362 -0.000140436 -0.000393424 -0.000112058 -0.000164853 0.000379297 0.000703786 -3.76979e-05 0.000177139 -5.28039e-05 -6.66466e-05 -0.000248227 -0.000415425 -0.00119031 -0.000289745 6.89613e-05 9.05073e-05 0.000113189 3.4778e-06 -0.000172969 0.000165344 0.000591051 0.000776669 0.000522272 2.76823e-05 0.000224402 0.000874647 0.000166098 0.000234583 0.00093825 0.000124401 0.00144727 -0.000596902 -0.000760579 -0.000998864 -0.00137502 -0.000271383 9.59594e-05 -3.44169e-05 -0.000207758 -4.65699e-05 -0.000242626 -2.93053e-05 -0.00046482 -0.000603095 -0.000780794 -0.000918121 -0.00169915 -0.00243156 -0.000401155 -0.000461359 0.000438006 0.000152153 -2.19405e-05
internal_weight=592229 343251 248978 233120 5900 227220 19822 7305 122090 108613 13477 5656 101800 15858 4891 221161 14529 206632 195774 19491 11859 1655 10204 207398 182399 164259 52926 21522 111333 5469 4291 3055 11294 6813 4602 5650 10967 1150 31404 1288 7821 5819 3913 2163 1906 12517 9249 6779 176283 14267 162016 4117 3869 3380 3121 988 597 12056 11205 3603 9817 6377
internal_count=592229 343251 248978 233120 5900 227220 19822 7305 122090 108613 13477 5656 101800 15858 4891 221161 14529 206632 195774 19491 11859 1655 10204 207398 182399 164259 52926 21522 111333 5469 4291 3055 11294 6813 4602 5650 10967 1150 31404 1288 7821 5819 3913 2163 1906 12517 9249 6779 176283 14267 162016 4117 3869 3380 3121 988 597 12056 11205 3603 9817 6377
is_linear=0
shrinkage=0.05


Tree=66
num_leaves=63
num_cat=0
split_feature=3 5 19 0 18 21 0 26 27 17 18 17 17 27 29 21 0 18 17 21 17 26 21 17 28 23 0 22 21 0 17 26 26 18 3 6 22 26 0 17 27 0 29 28 21 29 0 26 21 28 27 27 29 0 0 21 17 3 18 26 21 21
split_gain=2.08294 0.438214 0.351323 0.326789 0.359292 0.923608 0.69435 0.683538 0.487397 0.351342 0.597295 0.338134 0.330993 0.329233 0.35991 0.32759 0.308225 0.380237 0.353585 0.376841 0.605004 0.301944 0.297282 0.320977 0.293983 0.280566 0.270803 0.266627 0.364102 0.426334 0.262336 0.663231 0.316306 0.346039 0.259644 0.2457 0.299671 0.241395 0.236261 0.233109 0.261734 0.278237 0.228423 0.226434 0.223289 0.219364 0.306515 0.218165 0.356893 0.266577 0.213929 0.213646 0.202324 0.20128 0.19878 0.245731 0.240365 0.41352 0.229237 0.648189 0.806778 0.643962
threshold=6335.0000000000009 115.06150000000001 1.0000000180025095e-35 346567.40926292335 1.0000000180025095e-35 1.0000000180025095e-35 165489.2010463789 29.954841490012416 0.0020819841961169506 4.5000000000000009 2.5000000000000004 2.5000000000000004 3.5000000000000004 0.001684528404086199 4.5000000000000009 1.0000000180025095e-35 781283.69989834295 2.5000000000000004 5.5000000000000009 1.5000000000000002 6.5000000000000009 55.78696178984967 4.5000000000000009 10.500000000000002 -0.038867510126359466 1.0000000180025095e-35 97783.098613016991 8.5000000000000018 1.5000000000000002 94806.461533960624 1.0000000180025095e-35 81.725766375670403 75.126338128538606 1.5000000000000002 5795.7500000000009 191.10000000000002 4.5000000000000009 28.051771392275359 149098.16971117884 7.5000000000000009 0.0051947138990633655 131583.93625897355 7.5000000000000009 -0.0020315347938537061 1.5000000000000002 11.500000000000002 162495.81210183841 23.455665173384805 1.0000000180025095e-35 -2.754020857403949e-05 0.0021009290949095521 0.0069726508512808162 14.500000000000002 91734.908281404161 276873.79316260328 1.0000000180025095e-35 1.5000000000000002 6427.6500000000005 1.0000000180025095e-35 57.1291852897373 1.5000000000000002 1.5000000000000002
decision_type=2 2 2 2 2 2 2 2 2 2 2 2 2 2 2 2 2 2 2 2 2 2 2 2 2 2 2 2 2 2 2 2 2 2 2 2 2 2 2 2 2 2 2 2 2 2 2 2 2 2 2 2 2 2 2 2 2 2 2 2 2 2
left_child=1 25 3 4 5 6 -3 -7 21 10 11 13 -12 -6 15 43 17 22 -19 24 -21 -8 23 35 -20 30 -4 28 29 -25 31 -1 47 -34 -17 39 54 -11 -36 -2 -41 44 -18 -15 -42 -9 -47 48 49 -32 -33 -5 -53 -50 55 -37 57 -57 59 61 -61 -58
right_child=16 2 26 51 9 7 8 45 -10 37 12 -13 -14 14 -16 34 42 18 19 20 -22 -23 -24 27 -26 -27 -28 -29 -30 -31 32 50 33 -35 38 36 -38 -39 -40 40 41 -43 -44 -45 -46 46 -48 -49 53 -51 -52 52 -54 -55 -56 56 58 -59 -60 60 -62 -63
leaf_value=3.1727415240782219e-05 -0.00019526301756109249 9.955767100692187e-06 0.00049312384408698687 -0.00014634856837483266 0.00059276310676748131 -0.00056068223356829378 -0.00015134427210822458 -9.6176684298024287e-05 0.00044621886552372665 0.00037787888130382495 0.0011834840320791456 0.00035585078969672333 -0.00047875384488503851 0.0005900738660239626 -0.00042042478526406409 0.00040719845328204596 -4.2033320736895494e-05 0.00091076788133757447 0.00022205692701995398 0.00039126693736252373 -0.0014502037079192362 0.00040382371049061056 0.00053905847746951675 -0.0023537905356010723 -0.00036127853726199475 -0.00068048810819589141 -0.00031222851932005517 0.00067213537113502281 -0.00014666458680339094 -0.00068570623181496231 0.0023647953593448571 0.0019674611669984838 -0.00031105255018528148 0.0013907723809432366 0.00062452221133163543 6.5817901142092055e-05 0.00038767678939889911 -0.00011977145309154873 -0.0011198123022795505 0.0001843527560150687 -0.00026507206485809886 -0.0003496650878596483 0.0004790177708988467 -0.00063324503185883344 0.0013231732397838004 0.0012890578997548621 -1.0854340538617678e-05 0.00021566059962501306 -0.00064479291975416339 0.00075077588297635769 0.0006496102467679842 0.00057841494874015097 -0.00057494698087286547 0.00033595625960381652 -0.0001577898681974107 -6.6473504486937074e-05 -0.00025651580106088637 0.0016530714039213424 4.042141405460021e-06 -0.00012721308694908613 0.0012216506241313624 -0.0010688783908403352
leaf_weight=49756 74729 53160 1160 26211 2342 8892 7295 26092 20968 3060 2409 18832 342 474 4423 6249 4830 565 2503 607 1682 3687 1799 452 15755 1001 10421 481 2823 2511 279 350 4128 322 296 41386 3801 11965 564 9420 407 5836 3726 1873 485 702 1281 61684 609 3080 2563 1906 475 3711 37809 1080 10348 517 16157 5369 1397 3192
leaf_count=49756 74729 53160 1160 26211 2342 8892 7295 26092 20968 3060 2409 18832 342 474 4423 6249 4830 565 2503 607 1682 3687 1799 452 15755 1001 10421 481 2823 2511 279 350 4128 322 296 41386 3801 11965 564 9420 407 5836 3726 1873 485 702 1281 61684 609 3080 2563 1906 475 3711 37809 1080 10348 517 16157 5369 1397 3192
internal_value=-2.0091e-07 7.98514e-05 3.63132e-05 5.15579e-05 7.71758e-05 3.00334e-05 0.000120672 -0.000178646 0.000304888 0.000186112 0.000267402 0.000211725 0.000976837 4.43997e-05 -4.81335e-05 0.000126004 -0.000110039 -0.000120504 -0.000323195 -0.000357127 -0.00096188 3.50429e-05 -0.000101053 -0.000106331 -0.000281309 0.000153306 -0.000231561 -0.000458985 -0.000553017 -0.000940169 0.000159904 7.46586e-05 0.000220731 -0.000187909 0.0002951 -9.59023e-05 -4.92571e-05 -1.84197e-05 -0.000519437 -0.000158038 1.42316e-05 -0.000223958 0.000184876 -0.000386184 0.000598492 -5.76466e-05 0.000449326 0.000246948 0.000498271 0.000884837 0.000807951 -0.000105155 0.000348324 0.000197698 -6.3421e-05 -1.85101e-05 -0.000110207 0.000490198 -0.000136504 -0.000248333 0.000151292 -0.000448027
internal_weight=592229 342562 215079 203498 174906 122077 85110 36967 31950 52829 37804 35053 2751 16221 13879 9456 249667 241111 21112 20547 2289 10982 219999 218200 18258 127483 11581 6267 5786 2963 126482 52669 73813 4450 7109 211933 121056 15025 860 90877 16148 6728 8556 2347 892 28075 1983 69363 7679 3359 2913 28592 2381 4320 117255 79446 38060 1597 36463 20306 6766 13540
internal_count=592229 342562 215079 203498 174906 122077 85110 36967 31950 52829 37804 35053 2751 16221 13879 9456 249667 241111 21112 20547 2289 10982 219999 218200 18258 127483 11581 6267 5786 2963 126482 52669 73813 4450 7109 211933 121056 15025 860 90877 16148 6728 8556 2347 892 28075 1983 69363 7679 3359 2913 28592 2381 4320 117255 79446 38060 1597 36463 20306 6766 13540
is_linear=0
shrinkage=0.05


Tree=67
num_leaves=63
num_cat=0
split_feature=3 25 24 17 24 0 18 29 0 25 0 20 0 24 17 21 20 19 18 21 20 28 30 17 21 18 25 0 20 18 20 18 29 30 17 21 18 25 25 30 25 25 23 25 17 0 25 0 3 18 24 17 25 0 0 17 3 24 0 30 0 25
split_gain=1.87998 0.513708 0.486451 0.458132 0.374594 0.331256 0.310086 0.298399 0.288282 0.279378 0.693657 0.570973 0.464688 0.423433 0.569283 0.360391 0.333755 0.421103 0.413071 0.577929 0.366231 0.323697 0.317636 0.317538 0.40601 0.4179 0.302398 0.402546 0.350496 0.364226 0.301387 0.28034 0.270747 0.273734 0.263904 0.424063 0.924892 0.507922 0.407495 0.253416 0.255881 0.276004 0.253102 0.490925 0.259389 0.419731 0.437421 0.312703 0.292181 0.288539 0.301129 0.250505 0.249466 0.402432 0.249122 0.241092 0.312065 0.297105 0.241849 0.37425 0.238785 0.374649
threshold=6366.0000000000009 1.0000000180025095e-35 57.485208022596858 4.5000000000000009 91.269519519535649 210727.90555787133 2.5000000000000004 16.500000000000004 168428.39638596773 34.048417741947297 420898.6070948402 1.5000000000000002 274623.31395841134 24.981131576255525 3.5000000000000004 4.5000000000000009 3.5000000000000004 1.0000000180025095e-35 1.0000000180025095e-35 1.5000000000000002 2.5000000000000004 -0.083475315122085933 13.500000000000002 6.5000000000000009 1.5000000000000002 1.0000000180025095e-35 82.696815851359943 158581.43124620407 5.5000000000000009 1.5000000000000002 4.5000000000000009 10.500000000000002 6.5000000000000009 46.500000000000007 6.5000000000000009 1.5000000000000002 1.0000000180025095e-35 66.352636180701879 37.71323191509908 119.00000000000001 90.025874321308081 51.235262131058931 1.0000000180025095e-35 16.923911151840063 7.5000000000000009 146426.10107205156 8.5081251455146703 187364.92728051436 6938.7500000000009 1.5000000000000002 54.484365085304084 4.5000000000000009 76.194562782076602 116210.84521968414 85174.409413210771 2.5000000000000004 7058.6500000000005 17.013793729400849 176910.00909940901 18.500000000000004 100574.42022184067 47.156778617451515
decision_type=2 2 2 2 2 2 2 2 2 2 2 2 2 2 2 2 2 2 2 2 2 2 2 2 2 2 2 2 2 2 2 2 2 2 2 2 2 2 2 2 2 2 2 2 2 2 2 2 2 2 2 2 2 2 2 2 2 2 2 2 2 2
left_child=1 5 52 4 6 32 39 9 -8 10 11 15 16 -13 -15 22 17 31 19 -18 -19 -14 42 -16 30 -26 28 -28 54 -30 -25 34 -1 -34 35 55 37 38 -37 40 41 -4 44 -44 45 -2 48 -46 -47 -48 -51 -45 60 -54 -20 56 57 -11 59 -57 -3 -62
right_child=7 2 3 -5 -6 -7 8 -9 -10 12 -12 13 21 14 23 -17 18 20 26 -21 -22 -23 -24 24 25 -27 27 -29 29 -31 -32 -33 33 -35 -36 36 -38 -39 -40 -41 -42 -43 43 51 47 46 49 -49 -50 50 -52 -53 53 -55 -56 58 -58 -59 -60 -61 61 -63
leaf_value=0.00060630468145661054 -0.0008936699193153177 -0.00019175346127825707 0.00012915940321564455 -0.00013457525549867946 0.00036565108382696153 0.00025710044357413734 0.0019037478477634902 9.1223298428020581e-05 0.00042528743667530252 0.0010340593572303498 4.8107235670437333e-05 -0.00079231991080689192 0.00048925090901572336 0.0012922816888681684 0.00019680556736265912 0.0010348631597106065 -0.00071133130694092791 -0.00060038329754028941 -0.0013361224513172522 0.0010393620819015624 0.00036526448828446605 -0.00023305324111562461 -0.00015353164609694875 -0.00022883475247408632 0.0010009125158879357 -0.0010899233298035911 0.00091867576900528662 -0.00032556253174541912 -0.0027638298223024039 -0.00083890255480840645 -0.0011443346492396309 -0.0011178120401775533 0.0024142766590221003 0.00038506314062703356 0.00022221497678994478 -0.0032390453330704682 0.00012933415228767039 0.00088104994523767954 -0.001002992766438704 0.00073381608891789733 0.00037597384645471355 -7.0670063940444967e-06 -0.0032188302659934553 0.00040840189472846902 0.00040745368546402008 -0.00050828829206464967 -7.4410604510396277e-05 -0.00060091744313258712 -0.0013967843220821503 -0.0020042811366686548 -0.00013036161692758709 -0.0011557725846404231 0.00054840561558916413 -1.4477206054204463e-05 -0.00030299408216340261 4.2387184302741538e-05 -0.0006109455303963552 -8.8631863768575043e-05 0.00023434507067934324 -0.00078552309755861049 8.4908907815413345e-05 -0.0001225813483801232
leaf_weight=1641 6573 20819 118535 17584 15752 5239 413 17634 1635 621 18060 1691 1600 860 6156 408 755 4821 662 1255 1233 50748 6546 2213 903 325 854 2722 334 930 1514 532 508 247 15398 219 4409 338 2926 1587 7983 54176 243 335 1600 2663 7055 1480 1418 419 439 1085 4930 8922 4921 34641 2870 11541 17957 1421 50978 37952
leaf_count=1641 6573 20819 118535 17584 15752 5239 413 17634 1635 621 18060 1691 1600 860 6156 408 755 4821 662 1255 1233 50748 6546 2213 903 325 854 2722 334 930 1514 532 508 247 15398 219 4409 338 2926 1587 7983 54176 243 335 1600 2663 7055 1480 1418 419 439 1085 4930 8922 4921 34641 2870 11541 17957 1421 50978 37952
internal_value=-1.90864e-07 7.42046e-05 6.51299e-05 0.000110114 0.000131618 0.000479824 0.000111619 -0.000106864 0.000723434 -0.000122341 -0.000212747 -0.000319996 -8.81106e-05 -5.16945e-05 5.29248e-05 -0.000441115 -3.0354e-05 3.32692e-07 -0.000274522 0.000381763 -0.000403713 -0.000210976 -0.000461285 -4.30024e-05 -0.000340935 0.000447556 -0.000401082 -2.84206e-05 -0.000595713 -0.00134755 -0.000600734 2.66707e-05 0.000966824 0.00175041 3.32644e-05 -4.54884e-06 -0.000351759 -0.000960756 -0.0011587 0.000104745 9.92199e-05 8.64279e-05 -0.000547709 -0.00114214 -0.000502043 -0.000572537 -0.000396548 -7.70883e-05 -0.000817009 -0.000179703 -0.00104548 -0.00078676 -1.40886e-05 0.000185856 -0.000425496 3.51346e-05 -0.000141975 -3.13065e-05 8.44192e-05 9.76391e-06 -3.93246e-05 -3.64018e-06
internal_weight=592229 348901 341266 217665 200081 7635 184329 243328 2048 225694 61986 43926 163708 13662 11971 30264 111360 98927 12433 2010 6054 52348 29856 11111 4955 1228 10423 3576 6847 1264 3727 92873 2396 755 92341 76943 7892 3483 3145 182281 180694 172711 23310 1663 21647 18567 11994 3080 4081 7913 858 1420 123601 13852 5583 69051 15032 12162 54019 36062 109749 88930
internal_count=592229 348901 341266 217665 200081 7635 184329 243328 2048 225694 61986 43926 163708 13662 11971 30264 111360 98927 12433 2010 6054 52348 29856 11111 4955 1228 10423 3576 6847 1264 3727 92873 2396 755 92341 76943 7892 3483 3145 182281 180694 172711 23310 1663 21647 18567 11994 3080 4081 7913 858 1420 123601 13852 5583 69051 15032 12162 54019 36062 109749 88930
is_linear=0
shrinkage=0.05


Tree=68
num_leaves=63
num_cat=0
split_feature=5 3 31 28 18 18 25 0 25 17 17 17 26 25 17 0 27 0 27 25 0 25 27 26 25 0 0 0 28 27 26 27 26 31 25 0 0 26 25 28 27 25 26 18 0 25 19 23 3 17 17 28 0 0 27 18 26 0 26 18 18 19
split_gain=1.7134 0.444713 0.413074 0.316148 0.312606 0.305282 0.430856 0.372195 0.514582 0.405394 0.375242 0.368445 0.3328 0.446102 0.300201 0.349061 0.29037 0.293474 0.288409 0.287244 0.295507 0.281882 0.292596 0.280622 0.377429 0.297347 0.28042 0.314488 0.417735 0.411779 0.543839 0.294883 0.28091 0.297082 0.265046 0.342933 0.330084 0.255506 0.255252 0.248291 0.239289 0.230102 0.23755 0.258565 0.22314 0.220118 0.260117 0.247278 0.220106 0.218945 0.216736 0.244958 0.251918 0.210165 0.313132 0.517387 0.36675 0.350408 0.307658 0.28584 0.352239 0.241014
threshold=131.30950000000004 6832.7500000000009 19.500000000000004 -0.09133267138415245 10.500000000000002 1.0000000180025095e-35 93.585418115352596 209305.8732067355 9.0950400029819587 1.5000000000000002 3.5000000000000004 2.5000000000000004 10.642914471192386 24.795111409690833 1.0000000180025095e-35 82752.080123748587 0.0041377344593615702 645392.3334050366 0.0051947138990633655 93.163827962046369 120733.66765096645 1.0000000180025095e-35 0.0073745328568530404 38.51293859927658 74.93573124351505 92784.571430231983 34739.908005921272 123405.97134820349 -9.83740777371067e-05 0.0023008866250400378 48.562965590403451 0.0010386594941602853 25.445651163859036 1.0000000180025095e-35 53.456474071262896 135268.19078405967 385038.71797718812 39.313937371931125 7.9110373345266707 -0.0063716441279793026 0.0012530831201899857 45.827374786406651 32.438226792941045 1.5000000000000002 232279.04786341064 53.763756967242429 1.0000000180025095e-35 1.0000000180025095e-35 5450.7000000000007 1.5000000000000002 7.5000000000000009 -0.013032380560547173 159522.8956612758 259897.22589403568 0.0020041078440419234 1.5000000000000002 54.974476962867882 59684.192089584518 37.480100031631245 8.5000000000000018 2.5000000000000004 1.0000000180025095e-35
decision_type=2 2 2 2 2 2 2 2 2 2 2 2 2 2 2 2 2 2 2 2 2 2 2 2 2 2 2 2 2 2 2 2 2 2 2 2 2 2 2 2 2 2 2 2 2 2 2 2 2 2 2 2 2 2 2 2 2 2 2 2 2 2
left_child=2 4 5 44 19 6 12 8 -7 37 11 23 13 -1 15 -4 50 34 -11 21 -21 22 -2 24 25 -10 -14 38 -29 30 40 49 33 -31 36 -36 -18 -9 -28 -38 -30 42 -13 -44 -3 46 47 -34 -39 -32 51 52 -5 54 58 57 -57 -56 -23 60 -55 -60
right_child=1 3 14 16 -6 7 -8 9 10 18 -12 41 26 -15 -16 -17 17 -19 -20 20 -22 53 -24 -25 -26 -27 27 28 29 32 31 -33 45 -35 35 -37 39 48 -40 -41 -42 -43 43 -45 -46 -47 -48 -49 -50 -51 -52 -53 -54 59 55 56 -58 -59 61 -61 -62 -63
leaf_value=-0.00058025750238994425 9.0528272985115468e-05 -0.000159752042753031 0.0027181909861221485 -0.00089542542521102225 -0.0008627690962054557 0.0011141568935413566 0.00058244235717858962 -0.0020161897779665205 -0.0012742363468260746 2.0079388848398453e-06 -0.00018493238433768116 0.00028864272326887435 0.00081320789959694623 0.00076587586637134756 0.00020307216873045482 0.00058990804309623686 -0.00050633639992260818 9.3559171405048144e-05 0.0005060378315384287 0.000742508992845529 8.9117912439183489e-05 -0.00034738992292016719 0.00087269650539439783 0.00032323022420095601 0.00074941674338569267 -0.00015651414813197024 0.00048269386244135029 -0.00025116740218808216 -0.00081620127597514325 1.3141998878083662e-05 0.0011442609910917113 7.0247690148451958e-05 0.00019353433081772579 0.00061698703219739237 0.00021768553530364908 -0.00024740013395786953 2.1605399278314056e-05 -0.0010891050022962248 -8.7473292753415064e-05 -0.00047377413799469694 -0.000221284646587607 0.00041148885417639975 0.0019123311227197057 0.00072847718102223187 0.00062445822698109878 -5.3539398381262308e-05 -0.00044815940452535251 -0.0011284922972341581 0.00034475887059634477 -0.00065039208082816921 0.00013125410539378148 -8.2462929721207394e-05 -0.00017991407309754563 -0.00011108927143942545 -0.00037240942942430311 7.0272955315515788e-05 -0.00061644319183800094 8.1791483818721228e-05 1.5177461916710326e-05 0.00024806234729810565 -0.00054330567160165147 -0.00058341826546983919
leaf_weight=767 4646 1544 201 1967 1125 1849 3771 326 742 16200 4165 921 1140 3115 10600 4641 18574 5954 3441 2230 7725 12064 1610 8990 926 3004 2034 8945 2088 3050 1131 7919 54951 6132 4905 20650 6910 572 56179 3990 8873 7386 851 1007 2199 14205 1671 356 503 200 9932 36130 3284 64744 4447 3163 5046 94123 20479 5020 5084 1832
leaf_count=767 4646 1544 201 1967 1125 1849 3771 326 742 16200 4165 921 1140 3115 10600 4641 18574 5954 3441 2230 7725 12064 1610 8990 926 3004 2034 8945 2088 3050 1131 7919 54951 6132 4905 20650 6910 572 56179 3990 8873 7386 851 1007 2199 14205 1671 356 503 200 9932 36130 3284 64744 4447 3163 5046 94123 20479 5020 5084 1832
internal_value=-1.81321e-07 -7.10866e-05 0.000101826 -0.00015108 -3.13059e-05 8.48333e-05 5.37308e-05 0.000192737 0.000306292 3.16972e-05 0.000252928 0.000329467 4.21898e-05 0.000499909 0.000352071 0.000678257 -0.000166147 -0.000239899 9.03113e-05 -2.72778e-05 0.000235483 -3.90469e-05 0.000291822 0.00015987 -0.000154472 -0.00037791 3.1668e-05 2.63562e-05 7.62703e-05 0.000105392 -9.63493e-05 0.000185986 0.000156128 0.000416407 -0.000275979 -0.000158132 -0.000378156 -0.00079003 -6.75513e-05 -0.000159731 -0.000334612 0.000557409 0.000945236 0.00127071 0.000300969 0.000122554 0.000166455 0.000185025 -0.00041819 0.000874591 -7.84969e-05 -0.00012884 -0.000447941 -4.86297e-05 -1.27156e-05 2.95382e-05 -0.000351845 6.13001e-05 -0.000143968 -0.000116359 -0.000142558 -3.39744e-05
internal_weight=592229 349377 242852 116039 233338 227410 176527 50883 29841 21042 27992 23827 172756 3882 15442 4842 112296 60983 19641 232213 9955 222258 6256 13662 4672 3746 168874 167734 109521 100576 20211 9250 80365 9182 55029 25555 29474 1401 58213 10900 10961 10165 2779 1858 3743 71183 56978 55307 1075 1331 51313 41381 5251 216002 141154 106779 8209 98570 34375 74848 69828 22311
internal_count=592229 349377 242852 116039 233338 227410 176527 50883 29841 21042 27992 23827 172756 3882 15442 4842 112296 60983 19641 232213 9955 222258 6256 13662 4672 3746 168874 167734 109521 100576 20211 9250 80365 9182 55029 25555 29474 1401 58213 10900 10961 10165 2779 1858 3743 71183 56978 55307 1075 1331 51313 41381 5251 216002 141154 106779 8209 98570 34375 74848 69828 22311
is_linear=0
shrinkage=0.05


Tree=69
num_leaves=63
num_cat=0
split_feature=5 25 5 0 25 18 21 18 26 20 25 25 0 28 26 0 22 26 17 25 29 25 0 20 17 0 26 0 17 17 25 26 0 20 22 22 0 20 0 25 0 20 28 17 0 25 26 17 19 26 25 0 25 0 18 26 25 28 20 0 23 17
split_gain=1.551 0.44481 0.394109 0.290205 0.28127 0.342074 0.302546 1.07163 0.552343 0.375466 0.459703 0.337212 0.300018 0.371155 0.294371 0.29041 0.288247 0.345485 0.343477 0.317713 0.274023 0.360434 0.523599 0.733591 0.467533 0.455141 0.462641 0.359002 0.522442 0.446207 0.361713 0.350734 0.336734 0.324606 0.398165 0.285908 0.327689 0.271674 0.270307 0.269413 0.405434 0.293216 0.265434 0.363614 0.304872 0.293708 0.26356 0.257062 0.256361 0.267668 0.25517 0.254552 0.261064 0.251008 0.466919 0.311222 0.423911 0.250409 0.233097 0.256591 0.23307 0.267191
threshold=156.63850000000002 1.0000000180025095e-35 115.06150000000001 906796.42707333993 83.166386055998018 3.5000000000000004 1.0000000180025095e-35 1.0000000180025095e-35 37.787068706809841 1.0000000180025095e-35 16.923911151840063 60.17684014397782 316205.64241501404 -1.0000000180025095e-35 60.923306343641563 107236.870322431 2.5000000000000004 63.267885140914451 4.5000000000000009 24.795111409690833 8.5000000000000018 34.405898783828633 385038.71797718812 1.5000000000000002 7.5000000000000009 262010.48979377127 16.372961962592225 61769.244099068477 6.5000000000000009 4.5000000000000009 22.853723573072902 48.222719022508009 671865.11906460568 3.5000000000000004 1.5000000000000002 2.5000000000000004 192092.07090263377 4.5000000000000009 194491.15550176226 67.43384151425245 155578.84102085701 5.5000000000000009 -1.0000000180025095e-35 2.5000000000000004 232279.04786341064 12.360736652926464 61.960062972583735 5.5000000000000009 1.0000000180025095e-35 64.145699927739301 24.38141590321619 76533.276913775844 8.5081251455146703 183652.3765976998 1.0000000180025095e-35 28.891471227441773 15.763643920596115 -0.011210390982289651 1.5000000000000002 215083.29333372859 1.0000000180025095e-35 1.0000000180025095e-35
decision_type=2 2 2 2 2 2 2 2 2 2 2 2 2 2 2 2 2 2 2 2 2 2 2 2 2 2 2 2 2 2 2 2 2 2 2 2 2 2 2 2 2 2 2 2 2 2 2 2 2 2 2 2 2 2 2 2 2 2 2 2 2 2
left_child=1 3 60 58 6 -6 9 8 11 16 15 -8 13 -12 42 -11 17 18 53 51 21 22 23 24 27 26 -23 29 30 -2 -29 33 37 34 -25 36 -36 -22 -26 -28 47 48 43 45 -44 -9 -18 -41 -42 -50 -33 52 -19 -4 55 56 -55 -48 59 -1 61 -3
right_child=20 2 4 -5 5 -7 7 14 -10 10 12 -13 -14 -15 -16 -17 46 19 -20 -21 32 25 -24 31 38 -27 39 28 -30 -31 -32 50 -34 -35 35 -37 -38 -39 -40 40 41 -43 44 -45 -46 -47 57 -49 49 -51 -52 -53 -54 54 -56 -57 -58 -59 -60 -61 -62 -63
leaf_value=0.00096211441893501301 -0.0019296047277496857 4.8013740521858368e-05 -8.7857751214891395e-05 -0.0012913874152365409 0.00023115456691854766 -0.00042300998367073749 -0.00058777498974842786 0.00080380217001679269 -0.00010675076527280554 0.0026679801688579896 -0.00037456765252414401 -3.5747694715386721e-05 -0.00020243963968039088 0.0004362236027949335 -0.00018536323291098978 0.00073167824623900351 -0.00010838881499104021 0.0023844856907917523 -0.00088983770928769627 8.2103442917001019e-05 7.0041562452756239e-06 0.00044266196579810881 -8.1839972099172226e-06 0.00056643287168079413 0.00027500179011100292 -0.00020949948287603748 -0.00011726051397869082 -0.00064886169552868687 -0.0013556157374923629 -0.00015934271570153366 -0.0001624821809230823 0.00047816735030791559 0.00041615912917982085 -0.00090670942411716382 -8.2685086981734083e-05 4.4470985479443505e-05 -0.0018581779873992636 -0.00047613702837980904 -0.00059948782579164828 8.6271378025485983e-05 2.2730627153066957e-05 -0.00078538112419630963 0.00036230868853617923 7.4889441088703574e-05 5.4440375753083718e-05 -0.0012615619229034438 -0.002470512174361499 0.0004829634381546065 -0.0010969908515043676 9.7626337478809672e-05 -0.00020117457422314739 0.00037157749584295968 0.00056796022245574008 -0.0010646922738892996 -0.00049993322335400092 7.3585647711402533e-05 0.00061059672019556229 -0.00060275875283228328 -0.0011915600189677208 0.00033316703514958294 -0.00063170767453202346 0.00019630943243134012
leaf_weight=2407 1052 52205 37347 235 23064 2188 13300 206 26619 296 1630 3493 3422 10529 7452 560 5028 334 1126 17191 34575 5106 16774 1517 2657 47731 54038 9613 1793 538 6346 3941 4676 1618 462 1210 594 3177 1324 11226 15160 1456 16279 3388 15891 1047 201 6419 1106 814 2129 6282 485 404 2649 13660 5779 1674 200 4970 1001 72635
leaf_count=2407 1052 52205 37347 235 23064 2188 13300 206 26619 296 1630 3493 3422 10529 7452 560 5028 334 1126 17191 34575 5106 16774 1517 2657 47731 54038 9613 1793 538 6346 3941 4676 1618 462 1210 594 3177 1324 11226 15160 1456 16279 3388 15891 1047 201 6419 1106 814 2129 6282 485 404 2649 13660 5779 1674 200 4970 1001 72635
internal_value=-1.72255e-07 6.59321e-05 5.75409e-05 0.00043905 1.74001e-05 0.000174473 -2.80869e-06 -7.18975e-05 -0.000248408 5.29696e-05 0.000273113 -0.000472951 0.000211136 0.000327531 0.000101219 0.00140124 1.37064e-05 3.88678e-05 -2.4667e-05 0.000198319 -9.92169e-05 -0.000124317 -0.000237647 -0.00034827 -0.000509281 -8.34639e-05 -2.03555e-05 -0.000610842 -0.000546374 -0.00133061 -0.000455456 -2.09022e-05 1.59197e-05 -0.000314002 -6.04995e-05 -0.000480207 -0.0010814 -3.36543e-05 -1.58358e-05 -4.65603e-05 5.90338e-05 -0.000104269 0.000159235 -0.000194257 0.000210231 -0.000922005 -0.000297055 0.000230582 -4.62065e-05 -0.000590523 0.000239894 0.000479669 0.00130877 -8.3869e-06 0.000123571 0.000206808 0.000501133 -0.000802982 0.00049272 0.000538383 0.000128203 0.000134296
internal_weight=592229 355177 347365 7812 221524 25252 196272 87675 43412 108597 16437 16793 15581 12159 44263 856 92160 85257 60965 24292 237052 194624 51568 34794 23323 143056 95325 19342 17752 1590 15959 11471 42428 5401 3783 2266 1056 37752 3981 90219 36181 18536 36811 4641 32170 1253 6903 17645 17080 1920 6070 7101 819 59839 22492 19843 6183 1875 7577 7377 125841 124840
internal_count=592229 355177 347365 7812 221524 25252 196272 87675 43412 108597 16437 16793 15581 12159 44263 856 92160 85257 60965 24292 237052 194624 51568 34794 23323 143056 95325 19342 17752 1590 15959 11471 42428 5401 3783 2266 1056 37752 3981 90219 36181 18536 36811 4641 32170 1253 6903 17645 17080 1920 6070 7101 819 59839 22492 19843 6183 1875 7577 7377 125841 124840
is_linear=0
shrinkage=0.05


Tree=70
num_leaves=63
num_cat=0
split_feature=5 5 18 26 31 17 29 24 30 20 20 5 17 24 26 18 23 8 25 25 18 30 24 25 25 26 21 22 19 18 17 21 20 18 10 25 17 24 26 20 25 26 17 20 30 29 17 21 18 19 18 26 23 25 17 25 25 29 21 25 21 28
split_gain=1.44965 0.397746 0.369764 0.337824 0.299907 0.317717 0.562917 0.3734 0.382538 0.285292 0.262458 0.260446 0.339205 0.268407 0.268699 0.257621 0.225337 0.221273 0.214952 0.230233 0.23872 0.217376 0.309599 0.274997 0.214928 0.211754 0.275241 0.198145 0.19441 0.188394 0.200473 0.187664 0.248275 0.396669 0.187218 0.275523 0.216354 0.183698 0.180407 0.177927 0.17742 0.170628 0.312978 0.27993 0.16956 0.361805 0.169544 0.33075 0.639399 0.304021 0.276004 0.277856 0.209822 0.347753 0.208507 0.198839 0.175948 0.17169 0.16779 0.307892 0.16728 0.24468
threshold=131.30950000000004 181.25600000000003 2.5000000000000004 54.313560499016333 19.500000000000004 1.0000000180025095e-35 7.5000000000000009 42.169865851083777 13.500000000000002 3.5000000000000004 2.5000000000000004 113.14450000000001 1.0000000180025095e-35 36.999006847389829 81.725766375670403 2.5000000000000004 1.0000000180025095e-35 -0.43999999999999945 1.0000000180025095e-35 89.642542044469565 4.5000000000000009 16.500000000000004 58.034058036656653 52.387250125170759 13.927933194169226 69.45347725893707 1.5000000000000002 3.5000000000000004 1.0000000180025095e-35 3.5000000000000004 8.5000000000000018 1.5000000000000002 4.5000000000000009 1.0000000180025095e-35 0.2349999999999999 58.002045846989212 10.500000000000002 86.696626027687984 65.775588847896202 4.5000000000000009 97.961027016796464 28.317415971378832 2.5000000000000004 1.0000000180025095e-35 36.500000000000007 10.500000000000002 5.5000000000000009 1.5000000000000002 1.0000000180025095e-35 1.0000000180025095e-35 1.5000000000000002 35.38477949016702 1.0000000180025095e-35 22.853723573072902 3.5000000000000004 60.17684014397782 2.7338772347005533 16.500000000000004 1.5000000000000002 60.64346278970033 2.5000000000000004 -0.035100637949991124
decision_type=2 2 2 2 2 2 2 2 2 2 2 2 2 2 2 2 2 2 2 2 2 2 2 2 2 2 2 2 2 2 2 2 2 2 2 2 2 2 2 2 2 2 2 2 2 2 2 2 2 2 2 2 2 2 2 2 2 2 2 2 2 2
left_child=2 18 4 -4 11 6 -6 -8 -9 10 15 12 13 -1 24 46 17 -14 38 21 -21 22 23 60 -15 37 -27 29 -25 40 -31 34 -33 -34 36 39 -11 58 -2 -36 -17 42 43 -24 -26 -46 47 49 54 50 51 -3 57 -54 -49 -55 -53 -48 -19 -60 61 -20
right_child=1 9 3 -5 5 -7 7 8 -10 31 -12 -13 16 14 -16 27 -18 25 19 20 -22 -23 41 28 44 26 -28 -29 -30 30 -32 32 33 -35 35 -37 -38 -39 -40 -41 -42 -43 -44 -45 45 -47 52 48 -50 -51 -52 56 53 55 -56 -57 -58 -59 59 -61 -62 -63
leaf_value=-0.00048339012523061916 0.00042428419871593794 -0.00022854647356670261 -0.001121501072016196 0.00062983720505399143 0.0014854344771126138 0.0001360080680019181 -0.0009046830810972526 -0.0008346722336525763 0.00075022004711058443 -0.00013235285321879962 0.00019711995781194542 1.9784147973171367e-05 0.00066833704251281995 0.00081502919306357933 0.00067726246342676233 -0.00085749378783988152 -0.00060841473601131661 0.00021860294993283075 -0.0007212639864176961 0.00023748333377509191 -0.00026424649737498375 4.8006956884780811e-05 -6.6379206822425948e-05 2.7819428819556886e-06 -1.6712620974193821e-05 -0.00027123537426460785 0.0014505629249235369 0.0003737791315567899 -0.00040496716002424928 0.00085513906562756684 -0.00034961782059788151 0.001387177909402516 0.00056162553464527299 -0.00079972842066125191 -0.0018576705455695846 -0.00035624865465366156 -0.0011168219315709359 0.00077378520839638623 -0.00015642182770254259 -0.00083677970804931889 0.00067916515170201544 -3.4702515576977196e-05 2.6990620402666358e-05 0.0011893278627102862 0.0022902369544781902 0.00021338379337980894 -5.4285726483432473e-06 -0.00047108424154160592 -9.8183597061836256e-05 -0.00058119624540886269 -0.0011663472340277575 -0.00054098519771462431 -0.0019481072763430829 -0.00046718214684865039 -0.0013490822691110112 0.001044628025851694 6.7890716203316938e-05 0.00049891069638911194 -0.00097232954332541934 0.0012414656139496175 2.0133788740003857e-05 -0.00022796748179990079
leaf_weight=2479 4569 15263 293 4572 1384 9555 547 447 2568 4226 6220 120450 2594 845 1651 2869 839 50172 2685 12971 2901 43876 678 29991 36437 3622 248 827 3239 365 6398 290 994 1159 605 2505 643 1468 1891 1449 201 84849 5914 1285 235 1948 23506 1045 4624 3170 570 1245 348 1173 1916 267 25249 1818 694 203 6130 39412
leaf_count=2479 4569 15263 293 4572 1384 9555 547 447 2568 4226 6220 120450 2594 845 1651 2869 839 50172 2685 12971 2901 43876 678 29991 36437 3622 248 827 3239 365 6398 290 994 1159 605 2505 643 1468 1891 1449 201 84849 5914 1285 235 1948 23506 1045 4624 3170 570 1245 348 1173 1916 267 25249 1818 694 203 6130 39412
internal_value=-8.79499e-07 -6.61371e-05 9.28378e-05 0.000524361 8.40313e-05 0.000304393 0.00062969 0.000297194 0.000515246 -0.000145388 -0.000117094 6.97585e-05 0.000127954 2.18708e-05 5.23344e-05 -0.000138605 0.000205238 0.000216808 -3.02204e-05 -3.80774e-05 0.00014578 -5.14599e-05 -7.65152e-05 -0.000147637 2.61908e-05 0.000196043 -0.000160898 -0.000369536 -3.69622e-05 -0.000432052 -0.000284597 -0.000376765 1.37749e-05 -0.000171217 -0.000477962 -0.000708223 -0.000262362 0.000222336 0.000254297 -0.00113748 -0.000756885 -1.40367e-05 0.00020857 0.00075562 8.93111e-06 0.000436957 -0.000107908 -0.000159866 -0.000465541 -0.000108905 -7.35341e-05 -5.86167e-05 -6.18231e-06 -0.000529659 -0.00103922 -0.000186867 3.92786e-05 3.07777e-05 0.000206485 -0.000471326 -0.000223896 -0.000259431
internal_weight=592587 349336 243251 4865 238386 14501 4946 3562 3015 108945 97074 223885 103435 43595 41116 90854 59840 59001 240391 233931 15872 218059 174183 81457 39465 56407 3870 10660 33230 9833 6763 11871 2443 2153 9428 4559 4869 52537 6460 2054 3070 92726 7877 1963 38620 2183 80194 53082 7585 45497 42327 41757 27112 1788 2961 1440 26494 25324 51069 897 48227 42097
internal_count=592587 349336 243251 4865 238386 14501 4946 3562 3015 108945 97074 223885 103435 43595 41116 90854 59840 59001 240391 233931 15872 218059 174183 81457 39465 56407 3870 10660 33230 9833 6763 11871 2443 2153 9428 4559 4869 52537 6460 2054 3070 92726 7877 1963 38620 2183 80194 53082 7585 45497 42327 41757 27112 1788 2961 1440 26494 25324 51069 897 48227 42097
is_linear=0
shrinkage=0.05


Tree=71
num_leaves=63
num_cat=0
split_feature=3 24 25 0 3 25 0 21 0 26 26 20 25 21 18 26 0 24 26 27 20 22 21 26 27 0 18 20 18 21 25 18 0 0 28 0 18 3 26 21 25 28 0 0 18 5 21 25 30 0 0 22 21 27 0 30 25 0 22 27 3 30
split_gain=1.3154 0.403986 0.35791 0.587888 0.404101 0.326657 0.362961 0.365509 0.326236 0.347983 0.314626 0.343937 0.285784 0.274551 0.514323 0.714069 0.494887 0.733416 0.402321 0.317093 0.269944 0.518339 0.306691 0.278277 0.261204 0.250731 0.30094 0.273836 0.499942 0.912632 0.396235 0.35828 0.443889 0.248256 0.265578 0.241333 0.241988 0.240866 0.237024 0.251467 0.441586 0.25778 0.242262 0.235726 0.246677 0.232099 0.231955 0.252869 0.405814 0.368203 0.254419 0.418712 0.290548 0.228511 0.226591 0.226121 0.243304 0.214094 0.213455 0.588894 0.395099 0.356136
threshold=6335.0000000000009 93.826968129450265 13.927933194169226 218092.28112315133 5159.6000000000013 66.352636180701879 255948.20164305691 1.0000000180025095e-35 56917.347622519876 8.8165262027375029 18.517829348366202 1.5000000000000002 48.437888756385043 1.0000000180025095e-35 1.0000000180025095e-35 37.787068706809841 129725.12518982917 75.949789039500601 51.629729011186967 0.004383700559638143 1.0000000180025095e-35 1.5000000000000002 1.0000000180025095e-35 82.230506646773435 0.0059322746055099004 740631.75672323303 2.5000000000000004 5.5000000000000009 1.0000000180025095e-35 1.5000000000000002 50.652750733138483 1.5000000000000002 322476.50449600402 181349.2959676834 -1.0000000180025095e-35 199570.91652750914 1.0000000180025095e-35 5795.7500000000009 31.3735237314907 1.5000000000000002 78.633017864782772 -0.038867510126359466 274623.31395841134 830890.13581422891 1.0000000180025095e-35 140.9145 4.5000000000000009 67.43384151425245 14.500000000000002 150932.42291239515 61769.244099068477 1.5000000000000002 1.5000000000000002 0.0055588131365907215 46964.12294112995 10.500000000000002 34.405898783828633 46964.12294112995 1.0000000180025095e-35 0.0020634117636140017 5886.9500000000007 22.500000000000004
decision_type=2 2 2 2 2 2 2 2 2 2 2 2 2 2 2 2 2 2 2 2 2 2 2 2 2 2 2 2 2 2 2 2 2 2 2 2 2 2 2 2 2 2 2 2 2 2 2 2 2 2 2 2 2 2 2 2 2 2 2 2 2 2
left_child=1 2 3 10 35 8 7 -7 -6 -10 -1 20 13 16 15 -15 17 55 -19 -17 21 23 -23 45 -5 26 27 46 29 30 -29 32 -30 -16 -35 36 -4 -9 -28 41 42 -40 -41 44 -26 -12 47 48 50 54 51 -2 57 -8 -49 -11 -57 -53 -18 -60 61 -61
right_child=25 -3 4 24 5 6 53 37 9 12 11 -13 -14 14 33 19 58 18 -20 -21 -22 22 -24 -25 43 -27 38 28 31 -31 -32 -33 -34 34 -36 -37 -38 -39 39 40 -42 -43 -44 -45 -46 -47 -48 49 -50 -51 -52 52 -54 -55 -56 56 -58 -59 59 60 -62 -63
leaf_value=-0.00028495592170635321 0.0004818363517632544 0.00034140128633193214 3.6082264354008435e-05 -7.6060785677116953e-05 -0.00052578829899498471 5.1493864158634011e-05 -0.00024910781212605676 0.00055014385317679615 0.00045856048797004463 -0.00036731502850719335 0.00077717305536636984 -0.00088931960361190217 -0.0001331508007916572 -0.000675885684294395 0.00041061737272660186 -0.0001554431206686176 3.5845181271357564e-05 0.0022387930272800434 0.00040717746675633269 0.00050256563411470287 0.0019339350741175852 -0.0011475094381786888 0.00071214601303261685 -0.00012471344257312605 -0.00018913142215156562 0.0001577936109689725 0.0005271302842998494 -0.001025293728208224 -0.0018334262536023123 0.00090539990200414519 0.00018499823330157469 -0.00027908712929441764 -0.00046497304906502964 -0.0013145975267233505 3.3457215380274788e-05 0.00024320919707830472 0.00033005282872722796 0.00016792964504885183 0.00023042893426886816 -0.0023717144928721411 0.00015571061107263445 -0.00032911136759358501 -0.00093137690041811554 -0.00119023088001187 0.00078705924401153776 -8.5937867710649048e-05 0.00049752785569849166 0.0017040759355286224 4.4307774739817026e-05 -7.2627011980447295e-05 -0.00013566135931504479 -0.00051030900368458814 0.00043951734286389515 0.00049119382703000341 0.00019327122847000728 0.00051690711381173102 -0.00042445088917325655 -0.0014653588894128029 -8.308827054930624e-05 0.00099171943393793014 0.00021996713421500717 0.00014506115085081444
leaf_weight=1336 749 12526 62592 14374 3465 30674 9557 7595 3487 10410 9433 419 56472 6775 5121 10380 10663 409 1123 2223 351 693 326 1118 896 9945 868 1671 1166 1806 1136 2489 1205 380 9481 27674 7882 9014 2386 396 780 14991 1111 216 2330 849 1789 252 35309 32842 119414 1031 377 1170 16370 1694 1154 1362 6212 4942 6067 1659
leaf_count=1336 749 12526 62592 14374 3465 30674 9557 7595 3487 10410 9433 419 56472 6775 5121 10380 10663 409 1123 2223 351 693 326 1118 896 9945 868 1671 1166 1806 1136 2489 1205 380 9481 27674 7882 9014 2386 396 780 14991 1111 216 2330 849 1789 252 35309 32842 119414 1031 377 1170 16370 1694 1154 1362 6212 4942 6067 1659
internal_value=-8.35524e-07 6.26789e-05 5.2119e-05 0.000210108 3.49888e-05 -5.7675e-06 9.42175e-05 0.000153789 -4.65799e-05 -3.46041e-05 0.000446203 0.000520267 -4.73268e-05 1.42625e-05 -9.18216e-05 -0.000261917 9.64823e-05 -0.000139621 0.000896166 -3.93792e-05 0.000566518 0.00052787 -0.000552566 0.000624446 1.76245e-05 -8.82074e-05 -9.84223e-05 -8.12598e-05 -0.000344207 2.86244e-05 -0.000535486 -0.00069809 -0.00113794 0.000128183 -1.84909e-05 0.000118092 6.89607e-05 0.000342709 -0.000281456 -0.000317149 -0.000810015 -0.000252282 -0.00130986 0.00040886 0.000515929 0.000705905 -6.93698e-05 -7.42525e-05 -0.000105097 2.4423e-05 -0.000148009 -0.000567023 -0.000850632 -0.000168363 0.000216176 -0.000259309 0.000135472 -0.00105389 0.000214682 0.000315685 0.000511231 0.000778933
internal_weight=592587 343142 330616 32341 298275 200127 58010 47283 142117 138652 14525 13189 135165 78693 34360 19378 44333 14790 1532 12603 12770 12419 1019 11400 17816 249445 239500 218968 9473 4613 2807 4860 2371 14982 9861 98148 70474 16609 20532 19664 2287 17377 1507 3442 3226 10282 209495 207706 158242 49464 122933 3519 2770 10727 16622 13258 2848 2393 29543 18880 12668 6601
internal_count=592587 343142 330616 32341 298275 200127 58010 47283 142117 138652 14525 13189 135165 78693 34360 19378 44333 14790 1532 12603 12770 12419 1019 11400 17816 249445 239500 218968 9473 4613 2807 4860 2371 14982 9861 98148 70474 16609 20532 19664 2287 17377 1507 3442 3226 10282 209495 207706 158242 49464 122933 3519 2770 10727 16622 13258 2848 2393 29543 18880 12668 6601
is_linear=0
shrinkage=0.05


Tree=72
num_leaves=63
num_cat=0
split_feature=5 24 25 0 5 26 25 0 21 24 28 19 17 0 27 0 22 24 25 26 24 27 5 20 26 17 31 26 29 0 25 0 20 0 26 26 24 26 25 0 17 0 17 24 25 17 27 0 30 29 24 29 17 5 24 24 22 24 26 22 26 27
split_gain=1.18714 0.364597 0.323014 0.532939 0.364701 0.3201 0.294808 0.327572 0.329872 0.298008 0.314294 0.278536 0.273726 0.269498 0.394061 0.351179 0.433502 0.707754 0.345708 0.340071 0.362121 0.265804 0.265234 0.260606 0.261442 0.292443 0.285229 0.253327 0.244564 0.303252 0.298552 0.47095 0.430879 0.419977 0.415421 0.350775 0.307321 0.487382 0.415157 0.314196 0.291554 0.33071 0.37246 0.473624 0.307053 0.291475 0.258251 0.25495 0.370156 0.368439 0.365097 0.392152 0.243646 0.36821 0.357978 0.321473 0.439556 0.419706 0.460367 0.399942 0.279014 0.248775
threshold=153.40600000000003 93.826968129450265 13.927933194169226 202283.06676310155 112.48000000000002 18.517829348366202 66.352636180701879 255948.20164305691 1.0000000180025095e-35 11.592981464271849 -1.0000000180025095e-35 1.0000000180025095e-35 1.5000000000000002 99624.802617926776 0.0023008866250400378 293271.32167616423 1.0000000180025095e-35 28.229802062472391 46.641688291960016 48.991683760998932 72.089152491414637 0.0055588131365907215 132.19200000000004 1.5000000000000002 82.230506646773435 1.0000000180025095e-35 11.500000000000002 34.082171247225212 8.5000000000000018 671865.11906460568 34.405898783828633 433272.79972490965 1.5000000000000002 274623.31395841134 16.372961962592225 48.222719022508009 45.097832031202039 28.317415971378832 51.599959332840051 46964.12294112995 7.5000000000000009 162495.81210183841 6.5000000000000009 44.369326752990723 5.8978332682307437 3.5000000000000004 0.0056564489441892308 108100.09987019116 12.500000000000002 5.5000000000000009 29.751697095856162 1.5000000000000002 3.5000000000000004 160.30950000000004 77.734842743113333 17.013793729400849 2.5000000000000004 58.667443560290884 58.794511253210594 3.5000000000000004 41.732392049947784 0.0043279727904390651
decision_type=2 2 2 2 2 2 2 2 2 2 2 2 2 2 2 2 2 2 2 2 2 2 2 2 2 2 2 2 2 2 2 2 2 2 2 2 2 2 2 2 2 2 2 2 2 2 2 2 2 2 2 2 2 2 2 2 2 2 2 2 2 2
left_child=1 2 3 5 -4 -1 9 8 -8 -6 -11 23 21 -12 19 16 17 -16 22 20 -15 -9 -18 24 25 -7 -26 -19 30 -30 31 32 40 34 -32 45 38 -38 47 -39 41 52 43 -43 -45 -34 -47 50 -49 -50 -36 -52 54 -54 -2 -55 -57 58 59 60 -58 -60
right_child=28 -3 4 -5 6 11 7 12 -10 10 13 -13 -14 14 15 -17 18 27 -20 -21 -22 -23 -24 -25 26 -27 -28 -29 29 -31 33 -33 35 -35 36 -37 37 39 -40 -41 -42 42 -44 44 -46 46 -48 48 49 -51 51 -53 53 55 -56 56 57 -59 61 -61 -62 -63
leaf_value=-0.00032789493808854122 -0.0001601884534965518 0.00032433122190091021 0.00011218754820220049 3.1254346383227442e-05 0.00061163585221167549 0.0012479784347487228 4.8919170979544349e-05 6.6881647563906075e-05 0.00032557392758169744 -0.00023174678603492477 -0.00020854882387061054 -0.00061804265752645198 -0.0003164488600334565 -0.00028913179634736471 -0.00091998545526642504 -9.7939831433969455e-05 0.00065738091504368009 0.00035081653083228551 0.00010322033651540932 6.5024746410276122e-05 0.00051324683126592802 0.0014827502628022079 0.00020393466936451761 -0.00078345764778736801 -0.00058304017904611512 0.00056216574036244778 0.0014919080572478802 -4.6159165205370661e-05 -2.3329051392855174e-05 0.00039496391363276538 0.00040399752252308406 4.5591170101101239e-05 0.00063954664969028514 -0.00019736243865637571 -0.0017285222311745948 0.0002105831952857101 0.00049183957912338227 0.0014290100240749951 -4.1794214151850631e-05 -3.1794852839180015e-05 -3.8225839682606291e-05 0.00022422089173011517 -0.0010213151743870604 -0.00089880893925137033 -0.00022930938812165975 -0.00022860221297998416 -0.001008636988252394 -0.00016878763890239035 -0.0030965307287822894 -0.00059519373188256361 -0.0020288163229814321 1.4429428353573615e-05 0.00042881300455822695 5.1969884935449406e-05 -0.0012883288531825589 -0.0016891998743665552 -0.00060657535249403118 0.00038062254367744226 -0.0012562551371853 -0.0019244160333771886 0.001273098615078864 -0.0036291983880801129
leaf_weight=1218 3322 12526 98148 19160 1711 1919 30674 2596 16609 20777 16521 512 7751 21824 1945 18655 7901 5962 12091 15448 1503 380 5449 343 798 8182 209 12330 39819 4862 5586 13749 691 45564 889 6401 4886 370 14564 71375 4654 4066 1625 2494 5466 3674 1492 5120 220 445 300 1081 480 622 892 2133 801 649 210 448 262 233
leaf_count=1218 3322 12526 98148 19160 1711 1919 30674 2596 16609 20777 16521 512 7751 21824 1945 18655 7901 5962 12091 15448 1503 380 5449 343 798 8182 209 12330 39819 4862 5586 13749 691 45564 889 6401 4886 370 14564 71375 4654 4066 1625 2494 5466 3674 1492 5120 220 445 300 1081 480 622 892 2133 801 649 210 448 262 233
internal_value=-7.93748e-07 5.9545e-05 4.95131e-05 0.000199603 3.32393e-05 0.000444315 -5.47912e-06 8.95066e-05 0.000146099 -4.42509e-05 -5.22436e-05 0.000522937 -0.000159945 -2.10677e-05 8.97244e-06 8.48589e-05 0.000159514 -1.3191e-05 0.000296893 -0.000116934 -0.000237433 0.000247671 0.0004723 0.000573952 0.000615867 0.000692457 -0.000152391 8.3229e-05 -8.3797e-05 2.21878e-05 -0.000106924 -0.000207344 -0.000292968 -7.06255e-05 -1.55428e-05 -4.52685e-05 -3.91555e-05 8.64538e-06 -0.0002011 -2.42613e-05 -0.000400042 -0.000471083 -0.000310819 -0.000214814 -0.000439075 -0.000324884 -0.000453885 -0.000489136 -0.000312928 -0.0014227 -0.000938195 -0.000429433 -0.000688728 -0.000897868 -0.000398988 -0.00101672 -0.00115708 -0.000721032 -0.00108693 -0.000671379 -0.000143288 -0.00250433
internal_weight=592587 343142 330616 32341 298275 13181 200127 58010 47283 142117 140406 11963 10727 119629 103108 64333 45678 20237 25441 38775 23327 2976 13350 11451 11108 10101 1007 18292 249445 44681 204764 54364 40615 150400 104836 12258 99250 76631 22619 71745 28357 23703 13651 12026 7960 5857 5166 8055 5785 665 2270 1381 10052 5838 4214 5358 4736 2603 1954 1511 1063 443
internal_count=592587 343142 330616 32341 298275 13181 200127 58010 47283 142117 140406 11963 10727 119629 103108 64333 45678 20237 25441 38775 23327 2976 13350 11451 11108 10101 1007 18292 249445 44681 204764 54364 40615 150400 104836 12258 99250 76631 22619 71745 28357 23703 13651 12026 7960 5857 5166 8055 5785 665 2270 1381 10052 5838 4214 5358 4736 2603 1954 1511 1063 443
is_linear=0
shrinkage=0.05


Tree=73
num_leaves=63
num_cat=0
split_feature=3 24 25 3 0 0 25 31 26 0 26 0 7 0 0 25 0 23 17 24 31 26 6 30 25 24 0 25 30 24 26 24 25 22 24 31 30 0 25 30 18 25 26 0 25 30 30 25 28 18 25 25 30 23 22 0 26 24 24 26 26 17
split_gain=1.0714 0.329049 0.3068 0.308338 0.29235 0.263838 0.296356 0.323823 0.240353 0.235357 0.274345 0.221135 0.224865 0.217954 0.212261 0.193275 0.28699 0.19178 0.215759 0.347319 0.371023 0.224225 0.227763 0.189893 0.178166 0.223591 0.207278 0.295111 0.220064 0.195609 0.348904 0.300236 0.174825 0.189216 0.173817 0.172482 0.218171 0.168084 0.17759 0.162724 0.159556 0.154855 0.174023 0.154114 0.149677 0.147996 0.19828 0.147605 0.145159 0.173069 0.171248 0.148548 0.179706 0.288633 0.173786 0.174585 0.168841 0.1797 0.144037 0.246907 0.143424 0.20145
threshold=6335.0000000000009 93.826968129450265 1.0000000180025095e-35 5195.0500000000011 906796.42707333993 342636.31370139902 89.642542044469565 7.5000000000000009 8.2326004100409431 109958.62175365254 74.695384745427631 1022354.2797967971 4.6500000000000012 183652.3765976998 301357.76458690496 22.183019641471613 86342.75772710079 1.0000000180025095e-35 1.0000000180025095e-35 29.062067821456424 19.500000000000004 69.45347725893707 180.25000000000003 31.500000000000004 13.927933194169226 11.592981464271849 56917.347622519876 60.64346278970033 10.500000000000002 36.999006847389829 28.051771392275359 50.66757566353391 74.93573124351505 1.5000000000000002 81.565817782891244 1.5000000000000002 6.5000000000000009 276873.79316260328 90.025874321308081 112.50000000000001 1.5000000000000002 66.104511431942697 39.313937371931125 118044.73883935287 24.795111409690833 4.5000000000000009 13.500000000000002 29.502890963035501 -0.058087231391279963 2.5000000000000004 4.5270828533787304 27.784150011257246 9.5000000000000018 1.0000000180025095e-35 1.0000000180025095e-35 298650.31923453935 16.372961962592225 49.25863323583841 78.52156859297736 50.506573632544445 64.816361591324934 1.0000000180025095e-35
decision_type=2 2 2 2 2 2 2 2 2 2 2 2 2 2 2 2 2 2 2 2 2 2 2 2 2 2 2 2 2 2 2 2 2 2 2 2 2 2 2 2 2 2 2 2 2 2 2 2 2 2 2 2 2 2 2 2 2 2 2 2 2 2
left_child=1 2 4 17 13 6 7 24 -9 10 -8 12 48 34 60 16 -10 18 19 -4 23 22 -20 37 -5 -26 27 28 -27 32 31 47 33 -28 35 36 -1 38 -21 -18 -23 58 -43 -38 -32 -22 -47 -31 50 51 -2 52 53 -50 -53 56 -56 -58 -17 -60 -3 -62
right_child=11 14 3 5 -6 -7 9 8 15 -11 -12 -13 -14 -15 -16 41 39 -19 21 20 45 40 -24 -25 25 26 29 -29 -30 30 44 -33 -34 -35 -36 -37 43 -39 -40 -41 -42 42 -44 -45 -46 46 -48 -49 49 -51 -52 54 -54 -55 55 -57 57 -59 59 -61 61 -63
leaf_value=0.00032234455447463663 0.0015074554904410862 0.00085538612420593858 -0.0007153135649420663 0.00015614180986986596 -0.0015032090696424768 -0.00014099826828524434 0.001107639652922955 0.0012815502621784972 0.0018271481676057624 0.00012102559314431719 0.00023076950298387195 0.00031571672244326467 -5.1371358187627087e-05 0.00025597422135221207 5.5089676293265862e-05 -2.9291693692433941e-05 0.00023477230177044051 -0.00062961174575013913 0.00029357155026125834 -5.5799722472552364e-05 0.0014149363901364616 -0.00028815024659860621 9.1576032191711162e-05 0.00040017933756181516 0.00054039325812891713 -0.00044363140159045734 -0.0002771907233563707 0.00073535521708519534 -0.0016942636349405215 -0.00058968059605453318 0.00019267274932166213 0.00047887556139271701 0.00028104229490798015 9.7235012355835322e-05 -5.8415814093178397e-05 0.00061417331220726794 0.0033257346653891269 0.00033789835616401896 0.000876008657698079 0.0013366791445302958 0.00099851308666169879 0.00094465124088547446 0.00018939750286516409 0.0015392203497012816 -6.4306673399076183e-05 -0.00035024550905757133 0.00068232607280575527 9.3131363755673423e-05 -0.00037821814403825533 -0.00039856110480679624 4.8192861298064047e-05 -0.00028233569064810374 -6.9564843182419434e-05 -0.0019801157280189443 0.00041537886564813758 -0.0002312458555284978 -0.00021911160975679911 4.5261803492764781e-05 0.0012409314130491112 0.00010823508963598175 0.0009605258809153276 0.00020472929940402131
leaf_weight=205 210 1869 1497 12420 203 26915 1541 457 326 8568 2118 3488 163853 5233 4988 20825 5448 871 30960 34619 461 3457 25408 3037 1626 2591 17992 469 407 897 6105 6319 2001 4153 386 767 202 3174 519 357 259 884 5559 300 78852 605 2008 6728 8351 7453 4716 11365 5652 291 2234 11427 9229 21176 610 2277 1092 4577
leaf_count=205 210 1869 1497 12420 203 26915 1541 457 326 8568 2118 3488 163853 5233 4988 20825 5448 871 30960 34619 461 3457 25408 3037 1626 2591 17992 469 407 897 6105 6319 2001 4153 386 767 202 3174 519 357 259 884 5559 300 78852 605 2008 6728 8351 7453 4716 11365 5652 291 2234 11427 9229 21176 610 2277 1092 4577
internal_value=-7.54061e-07 5.65677e-05 4.70374e-05 3.9802e-05 0.000367671 5.49118e-06 2.6294e-05 9.87528e-06 0.000142038 0.000264381 0.000600066 -7.96072e-05 -8.52134e-05 0.000421215 0.000308115 0.000127687 0.000383605 0.000109289 0.00011536 3.37636e-05 5.90066e-05 0.000177721 0.000202522 1.96075e-05 -2.46727e-05 -4.21981e-05 -4.96858e-05 -0.000430958 -0.000613414 -3.8943e-05 -7.79349e-06 0.000224015 -0.00016653 -0.000206972 0.000886112 0.00113346 0.00169681 -1.05605e-05 -4.20366e-05 0.000302538 -0.000198472 7.56542e-05 0.000293021 0.0022581 -4.58402e-05 0.000588971 0.00044325 1.28058e-05 -0.000152751 -0.000169547 0.000110403 -0.000145068 -0.000288785 -0.000432158 -0.000108007 -6.30465e-05 -4.15946e-06 -3.49849e-05 1.65916e-05 0.000347565 0.000475545 0.000350316
internal_weight=592587 343142 330616 323320 7296 216445 189530 177303 36743 12227 3659 249445 245957 7093 12526 36286 6131 106875 106004 45920 44423 60084 56368 41349 140560 128140 126514 3467 2998 123047 98901 13944 24146 22145 1860 1474 707 38312 35138 5805 3716 30155 6443 502 84957 3074 2613 7625 82104 77178 4926 69725 14294 8642 55431 44066 32639 30405 23712 2887 7538 5669
internal_count=592587 343142 330616 323320 7296 216445 189530 177303 36743 12227 3659 249445 245957 7093 12526 36286 6131 106875 106004 45920 44423 60084 56368 41349 140560 128140 126514 3467 2998 123047 98901 13944 24146 22145 1860 1474 707 38312 35138 5805 3716 30155 6443 502 84957 3074 2613 7625 82104 77178 4926 69725 14294 8642 55431 44066 32639 30405 23712 2887 7538 5669
is_linear=0
shrinkage=0.05


Tree=74
num_leaves=63
num_cat=0
split_feature=3 18 0 7 31 29 29 26 0 30 24 24 26 25 25 30 24 0 27 25 31 26 19 30 26 27 28 26 25 0 24 27 26 17 27 27 30 26 24 0 25 27 22 0 18 0 0 25 0 0 25 26 0 26 31 26 17 25 30 31 27 27
split_gain=0.971703 0.349589 0.334344 0.311706 0.24671 0.508917 0.284774 0.243431 0.241703 0.22498 0.212508 0.206047 0.206708 0.198888 0.566958 0.436887 0.307901 0.26271 0.333091 0.333025 0.298526 0.251897 0.215736 0.206627 0.243051 0.201632 0.199254 0.411357 0.213594 0.371863 0.472807 0.341127 0.237319 0.420297 0.289359 0.222044 0.21794 0.21275 0.551092 0.188148 0.187445 0.357414 0.230082 0.229519 0.228552 0.379702 0.345438 0.34517 0.226886 0.225386 0.326642 0.186368 0.183536 0.400462 0.401817 0.27263 0.211917 0.207445 0.243998 0.210055 0.180892 0.175173
threshold=5886.9500000000007 2.5000000000000004 342636.31370139902 4.6500000000000012 28.500000000000004 7.5000000000000009 5.5000000000000009 56.868369811826327 545296.39330405358 80.500000000000014 29.751697095856162 93.826968129450265 4.464030017233088 49.842032466646053 66.352636180701879 12.500000000000002 42.505120397946691 80276.791259404054 0.012823316282401883 13.927933194169226 5.5000000000000009 65.187918344657405 1.0000000180025095e-35 12.500000000000002 70.834934289243137 0.0017867514521918667 -1.0000000180025095e-35 29.734080389557409 41.289579252954283 218092.28112315133 47.905683434042722 0.002193636626978824 73.400657051180517 1.0000000180025095e-35 0.0035827459462572735 0.0012817685215883716 3.5000000000000004 22.6904847603024 35.36737249996289 227456.03654495333 13.927933194169226 0.0073745328568530404 2.5000000000000004 512022.86734204221 4.5000000000000009 545296.39330405358 132498.57196860635 89.642542044469565 46964.12294112995 59684.192089584518 59.911353531984879 46.788747085507786 119858.6061479718 26.03049435759127 2.5000000000000004 29.954841490012416 1.5000000000000002 35.45971449613068 3.5000000000000004 2.5000000000000004 0.0021194551443233229 0.006709376877265691
decision_type=2 2 2 2 2 2 2 2 2 2 2 2 2 2 2 2 2 2 2 2 2 2 2 2 2 2 2 2 2 2 2 2 2 2 2 2 2 2 2 2 2 2 2 2 2 2 2 2 2 2 2 2 2 2 2 2 2 2 2 2 2 2
left_child=1 4 7 -2 8 6 -6 -3 11 10 -7 12 -1 17 23 21 -17 19 22 20 -14 -16 26 24 -15 -23 27 -19 29 30 52 51 35 34 -34 -32 -37 -33 -39 -40 41 42 43 -5 47 46 -46 49 -49 50 -42 -30 55 54 -54 -28 60 58 -55 -59 -56 -27
right_child=3 2 -4 40 5 9 -8 -9 -10 -11 -12 -13 13 14 15 16 -18 18 -20 -21 -22 25 -24 -25 -26 61 28 -29 31 -31 32 37 33 -35 -36 36 -38 38 39 -41 44 -43 -44 -45 45 -47 -48 48 -50 -51 -52 -53 53 57 56 -57 -58 59 -60 -61 -62 -63
leaf_value=0.00090834149675809875 -0.00013756076669201655 -0.00085587744028169869 -0.00011121840271806348 -0.00012191935309223996 0.00071365984056680502 -0.0012718959053311283 0.0023593726206487049 0.00093706775763975104 -0.00028181332635410542 0.00085023663735142672 9.858079465385839e-05 0.00035275145283827241 0.00029720076190764598 -4.9355503206288234e-05 0.00017346735197381575 -0.00028587460764238664 0.00076495253620323053 0.00052859881844526764 -0.0010034391310145853 -0.00015430348185124492 0.0021527241861020422 0.00044530613761670711 -0.00030960826564298076 -0.00039611436295589948 -0.00058246445441158853 -0.00026448004740675608 -0.00056978290428887817 -0.00040040264620758631 -0.00049593618321079245 6.5328867841522531e-05 0.0013974888559866721 0.00060634612946624123 0.001849905960623322 -0.0003199379016260148 -0.00020488902839350712 7.8348806228948826e-05 0.00070214143087247104 -0.001368512550684836 8.0271444342252315e-05 0.00028526395631032429 -0.00059911661133453097 0.00043912867544788453 0.00041270645919075724 0.0002652571136091352 0.00074627284431773473 0.00016201756470855276 -0.00057026427529431904 0.0014701830040839792 0.00017255573704448416 -4.0777304245901882e-05 0.00067553328927534215 0.00012389241145566114 0.00025769042762454497 0.0010462498487761659 0.00064633745444513373 0.0003359982421070897 0.00041665200666111892 -7.013430330095239e-05 -0.00011558387614956966 -0.0014707650482801444 0.002298254632248903 0.00025752556826186002
leaf_weight=717 83433 203 1435 19133 669 310 433 2808 5022 936 3231 6217 1824 26450 20028 850 3875 1642 657 16853 246 1460 2785 6956 2326 9708 1947 4344 3550 17456 948 2258 475 1676 268 1685 8285 622 49063 14502 3496 5852 3110 4785 538 3479 6743 345 14275 209646 587 1842 2304 580 230 1449 386 615 2046 474 593 1926
leaf_count=717 83433 203 1435 19133 669 310 433 2808 5022 936 3231 6217 1824 26450 20028 850 3875 1642 657 16853 246 1460 2785 6956 2326 9708 1947 4344 3550 17456 948 2258 475 1676 268 1685 8285 622 49063 14502 3496 5852 3110 4785 538 3479 6743 345 14275 209646 587 1842 2304 580 230 1449 386 615 2046 474 593 1926
internal_value=-7.16358e-07 7.76641e-05 0.000516857 -5.30178e-05 6.92735e-05 0.000397759 0.0013603 0.000816188 6.12052e-05 0.000160833 -2.13988e-05 6.89607e-05 6.07888e-05 5.79648e-05 -8.72078e-06 0.000126139 0.000575915 9.2615e-05 0.000119362 -8.07912e-05 0.000517712 6.19761e-05 0.000125407 -0.000151563 -9.24474e-05 -0.000108556 0.000135568 -0.000145571 0.000150427 0.000240859 0.000368736 9.82893e-05 0.000566968 0.000118883 0.00110874 0.000666246 0.000596716 0.000129328 0.000112547 0.000127039 -2.70842e-05 8.48501e-05 8.14301e-06 -4.44614e-05 -4.24763e-05 -0.000267671 -0.000472984 -3.18649e-05 0.000203177 -4.79428e-05 -0.000415864 -0.000284192 0.000119882 0.000262332 0.000645052 -0.000183306 0.00138325 -9.95787e-05 0.000141028 -0.000679775 0.0018366 -0.000178062
internal_weight=592587 237165 4446 355422 232719 5579 1102 3011 227140 4477 3541 222118 215901 215184 73579 37847 4725 141605 122682 18923 2070 33122 122025 35732 28776 13094 119240 5986 113254 41417 23961 71837 13337 2419 743 10918 9970 66445 64187 63565 271989 32880 27028 23918 239109 10760 7281 228349 14620 213729 4083 5392 10624 7228 3513 3396 1209 3715 2626 1089 823 11634
internal_count=592587 237165 4446 355422 232719 5579 1102 3011 227140 4477 3541 222118 215901 215184 73579 37847 4725 141605 122682 18923 2070 33122 122025 35732 28776 13094 119240 5986 113254 41417 23961 71837 13337 2419 743 10918 9970 66445 64187 63565 271989 32880 27028 23918 239109 10760 7281 228349 14620 213729 4083 5392 10624 7228 3513 3396 1209 3715 2626 1089 823 11634
is_linear=0
shrinkage=0.05


Tree=75
num_leaves=63
num_cat=0
split_feature=5 0 25 20 26 24 26 29 25 28 20 27 3 0 26 24 25 21 26 0 30 25 21 17 3 24 25 26 5 17 20 20 0 25 0 18 18 27 0 25 19 24 21 30 21 18 18 18 30 27 0 24 17 25 24 24 26 3 27 21 17 18
split_gain=0.923159 0.26723 0.414513 0.515023 0.4891 0.373562 0.604409 0.503844 0.32056 0.313614 0.311849 0.339872 0.310838 0.296714 0.377674 0.637957 0.365814 0.29402 0.297072 0.290407 0.25197 0.247957 0.48696 0.829684 0.544837 0.347977 0.256586 0.237305 0.234868 0.233619 0.231404 0.252299 0.226422 0.219962 0.217163 0.236038 0.454451 0.460563 0.307487 0.27879 0.21577 0.214916 0.218071 0.217744 0.209977 0.362656 0.208576 0.203304 0.200144 0.199498 0.286314 0.262141 0.228396 0.201709 0.257462 0.386786 0.201086 0.197001 0.234501 0.195091 0.194869 0.193287
threshold=140.9145 366201.24531548796 16.923911151840063 1.5000000000000002 15.278686639645693 74.675450047135456 45.227102298587774 5.5000000000000009 90.818263455462898 -0.00042175369100738708 1.0000000180025095e-35 0.0031396719981650681 4952.9500000000016 95846.83658813838 26.203065638040794 36.097021653807005 49.641759607705417 1.0000000180025095e-35 45.227102298587774 259897.22589403568 36.500000000000007 68.618117584860457 1.0000000180025095e-35 1.5000000000000002 5795.7500000000009 11.592981464271849 40.805317398552447 86.303945456073123 181.25600000000003 1.5000000000000002 3.5000000000000004 2.5000000000000004 147321.5112155641 96.047472766735694 645392.3334050366 4.5000000000000009 8.5000000000000018 0.0062449164192453178 395025.46561632113 93.163827962046369 1.0000000180025095e-35 39.967868878596384 1.0000000180025095e-35 14.500000000000002 1.0000000180025095e-35 1.0000000180025095e-35 2.5000000000000004 1.5000000000000002 11.500000000000002 0.005710934944302198 218092.28112315133 77.478589140969845 1.5000000000000002 0.35505529831132049 24.981131576255525 34.004588803743601 29.954841490012416 7099.2000000000016 0.0056084329799548542 1.0000000180025095e-35 1.5000000000000002 1.0000000180025095e-35
decision_type=2 2 2 2 2 2 2 2 2 2 2 2 2 2 2 2 2 2 2 2 2 2 2 2 2 2 2 2 2 2 2 2 2 2 2 2 2 2 2 2 2 2 2 2 2 2 2 2 2 2 2 2 2 2 2 2 2 2 2 2 2 2
left_child=1 2 3 4 -1 10 59 8 61 -9 11 21 -3 16 -15 -16 -13 19 -19 20 -17 25 -23 24 -24 -4 60 -10 34 -11 31 46 -33 -29 35 39 37 -37 -38 -2 49 -18 48 -44 -14 -46 -30 -28 -43 50 -6 53 -53 -51 -55 -56 -57 -32 -59 -7 -27 -8
right_child=28 12 5 -5 40 6 7 9 27 29 -12 13 44 14 15 17 41 18 -20 -21 -22 22 23 -25 -26 26 47 33 30 -31 57 32 -34 -35 -36 36 38 -39 -40 -41 -42 42 43 -45 45 -47 -48 -49 -50 51 -52 52 -54 54 55 56 -58 58 -60 -61 -62 -63
leaf_value=-0.00045983844080865505 -3.8144058110793988e-05 0.00031620789055111022 0.0010954946328835711 -0.001390306617822459 0.00048162285801541709 0.00083579694118964671 -0.00014784632429395387 -0.00069708889943491305 0.00072158105629135938 0.00080842190514909297 0.00049242015626211287 -0.00038709003841765316 2.4483178640389346e-05 0.00036433672293262315 -0.00056986837448628157 -1.4523507164265169e-05 0.00062306270557053219 -5.5571772084290428e-06 0.00042338070246816182 0.00037349312231682428 0.00045904513349410704 -0.00012203709333805859 0.0029691717249549494 0.00020855369877742903 0.00049840832147120208 0.00012643487523674419 -0.00024214454001916173 -0.00077905496702784511 -8.6531765178313495e-05 0.00027187094700038833 -0.00048946901321151844 -0.00012187250614997161 0.00048543041983280282 0.0003165390180651297 0.000212101523838904 -0.001331590377453276 -0.00046081077534901207 -5.5984307586403455e-06 0.00025808345049289195 0.00029873465736762311 -0.00050560785666144907 1.6910113323650349e-05 -0.0002228229879278281 -0.0014265099433558885 -0.00064774550016660803 -9.6162143507130595e-05 -0.00032127745077464344 0.00054972478243852361 0.00070428493927722176 0.0014696819535357287 8.2884400710047393e-05 -0.0010095902172581608 0.00056268395886898152 0.0020929614398218122 -0.0012539057319260146 -0.00045020469662102589 0.0010400835524613083 0.00032225700996011309 -0.00039013827288600931 0.000340016614791885 -0.00020094911900755239 0.00014276722174506876
leaf_weight=1957 166256 4020 581 459 11104 3882 18228 566 2521 3774 3549 6978 8971 12748 3699 50862 1421 6086 11987 6181 2973 8175 503 4353 401 12508 31434 627 80332 4387 7259 2766 3448 1701 9069 1703 2595 1064 3485 6377 694 15815 3240 425 4589 8499 10726 832 1135 1118 7572 358 651 261 291 282 1147 2080 2598 4059 7140 8339
leaf_count=1957 166256 4020 581 459 11104 3882 18228 566 2521 3774 3549 6978 8971 12748 3699 50862 1421 6086 11987 6181 2973 8175 503 4353 401 12508 31434 627 80332 4387 7259 2766 3448 1701 9069 1703 2595 1064 3485 6377 694 15815 3240 425 4589 8499 10726 832 1135 1118 7572 358 651 261 291 282 1147 2080 2598 4059 7140 8339
internal_value=1.51265e-06 6.46126e-05 7.95338e-05 0.000269636 0.000299592 5.91178e-05 0.000183813 0.00010497 1.16076e-05 0.00044106 2.80553e-05 1.93575e-05 -8.81549e-05 6.82745e-05 0.000111201 7.17453e-05 -7.15916e-05 0.000102138 0.000278938 4.88971e-05 1.1629e-05 -7.2315e-05 0.000119382 0.000494805 0.00187318 -0.000121365 -0.000134983 0.000385455 -6.01822e-05 0.000519995 -0.000118644 -9.31473e-05 0.000215105 2.14628e-05 -2.66763e-05 -3.86086e-05 -0.000290498 -0.000821704 -4.87472e-05 -2.56999e-05 0.000362894 2.83153e-05 -1.26809e-05 -0.000362405 -0.000161845 -0.000289562 -0.000114183 -0.000221726 6.29379e-05 0.000389348 0.000319958 0.000704813 4.83049e-06 0.00093272 0.000629679 0.000407635 0.000745989 -0.000326409 -7.33828e-05 0.000582381 7.46492e-06 -5.66269e-05
internal_weight=592841 293083 267004 25894 25435 241110 48084 40143 31416 8727 193026 189477 26079 123550 94536 81788 29014 78089 18073 60016 53835 65927 13432 5257 904 52495 51914 4849 299758 8161 109209 97272 6214 2328 190549 181480 8847 2767 6080 172633 23478 22036 20615 3665 22059 13088 91058 32266 16950 22784 18676 4108 1009 3099 1981 1720 1429 11937 4678 7941 19648 26567
internal_count=592841 293083 267004 25894 25435 241110 48084 40143 31416 8727 193026 189477 26079 123550 94536 81788 29014 78089 18073 60016 53835 65927 13432 5257 904 52495 51914 4849 299758 8161 109209 97272 6214 2328 190549 181480 8847 2767 6080 172633 23478 22036 20615 3665 22059 13088 91058 32266 16950 22784 18676 4108 1009 3099 1981 1720 1429 11937 4678 7941 19648 26567
is_linear=0
shrinkage=0.05


Tree=76
num_leaves=63
num_cat=0
split_feature=20 21 7 25 0 25 23 30 7 22 28 18 24 18 21 0 22 19 25 25 20 0 26 24 25 21 26 25 24 0 24 25 19 25 0 20 27 26 25 24 27 29 24 26 22 0 21 26 20 18 21 20 0 25 0 21 31 18 24 26 22 26
split_gain=0.63832 0.506103 0.515652 0.464415 0.419913 0.522901 0.375251 0.379349 0.366727 0.348371 0.347729 0.32955 0.316814 0.307777 0.837247 0.51704 0.446173 0.421379 0.371525 0.359415 0.304991 0.397765 0.379683 0.372613 0.292764 0.293344 0.514521 0.410495 0.398612 0.35089 0.30087 0.517173 0.297202 0.320732 0.292566 0.29081 0.278202 0.273761 0.269154 0.261741 0.260413 0.27262 0.263752 0.255455 0.250417 0.397016 0.291776 0.252923 0.275348 0.253797 0.364352 0.551665 0.296309 0.476124 0.25267 0.243141 0.24108 0.241046 0.240657 0.242264 0.237469 0.224496
threshold=1.0000000180025095e-35 1.0000000180025095e-35 5.3500000000000005 16.923911151840063 433272.79972490965 22.853723573072902 1.0000000180025095e-35 7.5000000000000009 5.3500000000000005 2.5000000000000004 -0.043848699440159893 2.5000000000000004 30.555217382421656 1.0000000180025095e-35 1.5000000000000002 213585.34734224662 1.5000000000000002 1.0000000180025095e-35 11.696172029508606 21.335964421447656 2.5000000000000004 357933.26511888386 48.222719022508009 18.711608254643412 71.332208275125808 1.0000000180025095e-35 29.734080389557409 35.725798426386255 23.254251647472028 181349.2959676834 49.774232039553659 2.7338772347005533 1.0000000180025095e-35 52.882366270353394 101496.42786509595 3.5000000000000004 0.0017243911181308799 20.264741062633032 60.890292323121493 80.881073467656805 0.001766002263047724 5.5000000000000009 63.008607222743031 55.536679449739871 2.5000000000000004 266104.73367248866 1.5000000000000002 85.625664967638258 5.5000000000000009 1.0000000180025095e-35 1.5000000000000002 1.5000000000000002 193309.15167388722 66.632216202319967 107236.870322431 3.5000000000000004 1.5000000000000002 11.500000000000002 34.983700679069493 20.973511132889961 1.5000000000000002 55.288121637178584
decision_type=2 2 2 2 2 2 2 2 2 2 2 2 2 2 2 2 2 2 2 2 2 2 2 2 2 2 2 2 2 2 2 2 2 2 2 2 2 2 2 2 2 2 2 2 2 2 2 2 2 2 2 2 2 2 2 2 2 2 2 2 2 2
left_child=8 2 12 34 5 6 9 -8 -1 20 -6 44 -2 14 24 17 36 18 -15 -17 21 23 35 -3 25 29 27 -27 -28 30 -10 -32 33 40 -4 -22 -16 -33 -13 -5 43 42 -42 -31 47 -46 -47 48 49 50 61 52 53 54 -52 -51 -9 -14 59 -21 -41 -7
right_child=1 4 3 39 10 11 7 56 13 -11 -12 38 57 15 16 19 -18 -19 -20 58 22 -23 -24 -25 -26 26 28 -29 -30 32 31 37 -34 -35 -36 -37 -38 -39 -40 60 41 -43 -44 -45 45 46 -48 -49 -50 55 51 -53 -54 -55 -56 -57 -58 -59 -60 -61 -62 -63
leaf_value=0.00010666330972679488 -0.00029356183668253409 0.00049841088891288429 0.0022084736657271395 9.2433088302139798e-05 0.000505106567243167 4.3068001954007629e-05 -0.0032555544423456179 0.00037247364040619385 -0.00021756930438918555 0.00026861603937791136 -2.4813282477388087e-05 -0.0013601839553368958 3.3034231202364556e-06 0.00084679405627578427 -0.0013769906617447057 0.00015825579437917853 -0.0017620146019985657 -0.00093204688541060135 0.00020796505585109825 6.5739626607566116e-05 0.00014867078200135129 -0.00011068657063833197 0.00020508226891651854 -0.00086334032459936018 0.00015004636122203753 -0.00098011278974805493 0.0010767749580924027 -0.00023947374914788175 -9.2191773042891417e-05 -0.00031299363363548709 0.0015840948187230614 0.0010304087292859895 -0.00023525689847676411 -2.6684064449186084e-05 0.00064472463095995806 -0.0011644907568503741 -0.00032344842802709163 -1.5735542410317854e-05 -0.00027092239302745779 0.0011081471696580659 0.0010014205724502353 0.00022314574165928963 0.00025953829099114993 0.00070735171675634736 0.00017204736546720025 0.00060753623439694932 -0.00059643716111491439 0.00028698589510873119 -0.0005192224071167733 -6.4022998590487553e-05 -0.0030723718835824086 0.0007270368431772043 -0.00044978788286717162 0.00052858851901768373 -0.0012515285904710421 0.00065125854131982527 -0.0017728519671221952 -0.0008443613810328979 -0.00010194286035588484 -0.00098533053350047337 0.00023795696108985174 -0.00034408619156147438
leaf_weight=142138 10695 538 417 17630 3606 9974 220 243 19291 1921 21876 939 85303 2460 682 14760 657 764 30416 834 656 3144 3232 7580 23427 3002 752 4965 24123 2080 534 642 3771 6811 1058 1180 7715 24125 1432 1287 3660 4222 1781 870 14864 599 3147 3082 5356 23621 220 859 7304 353 1422 1251 284 847 22618 1600 2006 5995
leaf_count=142138 10695 538 417 17630 3606 9974 220 243 19291 1921 21876 939 85303 2460 682 14760 657 764 30416 834 656 3144 3232 7580 23427 3002 752 4965 24123 2080 534 642 3771 6811 1058 1180 7715 24125 1432 1287 3660 4222 1781 870 14864 599 3147 3082 5356 23621 220 859 7304 353 1422 1251 284 847 22618 1600 2006 5995
internal_value=1.43701e-06 -6.05678e-05 1.31089e-05 0.000229314 -0.000130909 -0.000177324 -0.000413249 -0.00151165 4.48495e-05 -0.000368293 5.01766e-05 -0.000121589 -3.68943e-05 2.31456e-06 -4.30231e-05 8.44756e-05 -0.000507196 0.00022879 0.000255766 -3.74658e-05 -0.000443216 -0.00058817 -0.000121102 -0.000773094 -9.14626e-06 -4.62072e-05 -0.000168854 -0.00051855 -5.68526e-05 1.32136e-05 -6.88312e-05 4.45757e-05 0.000170943 0.000249803 0.00108682 -0.0006953 -0.000409017 1.13822e-05 -0.000702309 0.000168863 0.000399106 0.000524636 0.000758581 -1.20782e-05 -0.000103947 5.61117e-05 -0.000403917 -0.000154062 -0.000178183 -0.000142366 -0.000251195 -0.000485305 -0.000597296 -0.00113735 -0.00149549 -2.80461e-05 -0.000783641 -5.03055e-06 -0.00015278 -0.000625186 0.000578053 -0.000102275
internal_weight=592841 244141 119243 22398 124898 99416 18998 747 348700 18251 25482 80418 96845 206562 133110 73452 9054 33640 32876 39812 16330 11262 5068 8118 124056 100629 32842 7967 24875 67787 44592 25301 23195 19424 1475 1836 8397 24767 2371 20923 12613 9663 5441 2950 78047 18610 3746 59437 56355 50999 26127 10158 9299 1995 1642 24872 527 86150 25052 2434 3293 15969
internal_count=592841 244141 119243 22398 124898 99416 18998 747 348700 18251 25482 80418 96845 206562 133110 73452 9054 33640 32876 39812 16330 11262 5068 8118 124056 100629 32842 7967 24875 67787 44592 25301 23195 19424 1475 1836 8397 24767 2371 20923 12613 9663 5441 2950 78047 18610 3746 59437 56355 50999 26127 10158 9299 1995 1642 24872 527 86150 25052 2434 3293 15969
is_linear=0
shrinkage=0.05


Tree=77
num_leaves=63
num_cat=0
split_feature=3 25 24 26 0 24 25 17 30 25 26 24 27 24 0 0 27 29 25 0 20 26 0 26 28 17 23 24 0 26 25 26 25 26 27 0 18 3 25 22 24 24 26 0 25 30 20 31 24 24 22 0 3 18 18 20 0 24 24 22 0 3
split_gain=0.756693 0.283057 0.282512 0.404735 0.28504 0.279599 0.292922 0.269482 0.333263 0.264923 0.261762 0.399116 0.242764 0.288511 0.231853 0.218235 0.273338 0.210526 0.245631 0.447939 0.618025 0.328875 0.283224 0.393375 0.251252 0.24381 0.340284 0.247587 0.254473 0.453948 0.404943 0.278791 0.274926 0.262503 0.241468 0.233155 0.209517 0.209256 0.208974 0.305292 0.306875 0.299858 0.506359 0.388094 0.232571 0.219764 0.206207 0.204915 0.249501 0.201552 0.198595 0.195041 0.194722 0.193843 0.193592 0.191165 0.206048 0.188379 0.186037 0.183012 0.404661 0.392675
threshold=6393.0500000000011 1.0000000180025095e-35 57.485208022596858 30.747751234254899 272407.94740532356 79.413865213169416 48.437888756385043 4.5000000000000009 19.500000000000004 87.462986312676534 52.358557884278625 81.798544610906774 0.0028965348465457498 15.078661583663008 288381.35103417368 906796.42707333993 0.0074878947276151306 8.5000000000000018 27.784150011257246 389759.98454441462 1.5000000000000002 48.222719022508009 262010.48979377127 15.278686639645693 -0.085956040152375998 7.5000000000000009 1.0000000180025095e-35 15.078661583663008 141737.39989991425 30.563990171441326 8.5081251455146703 22.6904847603024 15.274919497605277 55.288121637178584 0.0029884893960010288 671865.11906460568 2.5000000000000004 7019.4500000000007 67.43384151425245 1.5000000000000002 78.067257765177004 38.975669384758923 25.142674675854348 73843.300186490946 97.1294705127886 21.500000000000004 1.5000000000000002 17.500000000000004 45.388011103842381 79.731569748091047 1.5000000000000002 67731.532071111942 7099.2000000000016 1.5000000000000002 1.5000000000000002 4.5000000000000009 290740.95272651286 38.533362994374279 37.428693435038632 1.0000000180025095e-35 111703.15855293175 5795.7500000000009
decision_type=2 2 2 2 2 2 2 2 2 2 2 2 2 2 2 2 2 2 2 2 2 2 2 2 2 2 2 2 2 2 2 2 2 2 2 2 2 2 2 2 2 2 2 2 2 2 2 2 2 2 2 2 2 2 2 2 2 2 2 2 2 2
left_child=1 15 12 4 5 6 51 8 9 10 11 -5 13 -3 53 16 -1 18 19 20 25 -22 23 -20 -24 26 27 -2 29 31 37 -29 52 -34 46 55 -12 -30 41 40 44 43 -43 -25 58 57 -26 48 -32 -41 -36 -4 -31 -13 -15 -19 -57 -45 -40 -14 -61 -62
right_child=17 2 3 7 -6 -7 -8 -9 -10 -11 36 14 59 54 -16 -17 -18 35 22 -21 21 -23 24 38 34 -27 -28 28 30 32 47 -33 33 -35 50 -37 -38 -39 39 49 -42 42 -44 45 -46 -47 -48 -49 -50 -51 -52 -53 -54 -55 -56 56 -58 -59 -60 60 61 -63
leaf_value=0.00024461780993719959 0.00042683211124531074 0.00041730634385217887 -0.0008192540014047775 5.9458259664508427e-05 1.5109051643879196e-05 0.00086230501136460311 -0.00011757498650935238 -0.0001316475549424601 0.00023513895838462415 0.00026669103340127431 -6.1437878646434298e-05 0.00092575111431750375 -4.4283039469475773e-05 -0.00013802088659814138 6.484442040694452e-06 -0.0011949287128897727 0.0010079046494318007 2.6449503841219966e-05 0.00042276873389822026 3.1710787158833869e-05 -0.00035890134433098816 0.0003099298757791441 0.00050709271679730923 -0.0013324367877253235 -9.5963472786065712e-05 -6.8419480811697162e-05 -0.0018730891945011299 -0.0010610838340938799 -0.00057865503256416346 0.00022490405598556032 0.00043474118587899681 -0.0025074780660017332 -0.0003299337057640701 -0.0015959028124413622 -0.0001031004332624094 0.0003670855718630708 0.00068035980201792013 -0.0014094343092891563 0.00013128095659987335 0.00029451354502022214 0.00026138596159965195 0.00047739121950627706 -8.6375719214053465e-05 -0.00016748452219130072 0.00061414108132396093 -0.0016754828959691761 0.00038158640310744407 -0.0016382589178895368 -0.00031736878905621262 -9.8227915544464006e-05 -0.00033529578959631731 0.00073061064293823306 -0.0012046895909765172 -0.00026782954562373356 0.00027500639676961933 -0.00079753653898598979 -4.3188860056379422e-06 -0.0014398854090231482 -0.00035732177299894037 -0.00012439427672539016 0.00044281843595260148 4.699585328378426e-05
leaf_weight=6229 645 2652 219 84137 4441 3395 2477 17238 27699 12720 60927 2759 30424 53804 1407 224 1445 34654 4907 13265 3038 4653 1387 869 10116 2837 488 845 2483 1203 1612 550 780 862 15760 4647 967 1091 2416 14054 4677 4361 45939 10721 805 259 2911 220 3490 4256 22153 2777 297 388 2995 1527 1765 299 10061 11474 11874 13266
leaf_count=6229 645 2652 219 84137 4441 3395 2477 17238 27699 12720 60927 2759 30424 53804 1407 224 1445 34654 4907 13265 3038 4653 1387 869 10116 2837 488 845 2483 1203 1612 550 780 862 15760 4647 967 1091 2416 14054 4677 4361 45939 10721 805 259 2911 220 3490 4256 22153 2777 297 388 2995 1527 1765 299 10061 11474 11874 13266
internal_value=1.36516e-06 4.74501e-05 4.07333e-05 7.47712e-05 0.00034209 0.000505839 0.000284717 5.76865e-05 7.47738e-05 4.75735e-05 2.90645e-05 8.41347e-05 -1.88857e-05 -9.24414e-05 0.000540042 0.000343439 0.000388343 -6.78757e-05 -8.99436e-05 -0.000203294 -0.000327521 4.57368e-05 -6.20629e-05 -1.41808e-05 -0.000156885 -0.000492477 -0.00057507 -0.000530075 -0.000576022 -0.000880753 -0.000420608 -0.00163135 -0.000547502 -0.000994529 -0.000174963 3.2798e-05 -4.98484e-05 -0.000832259 -3.59005e-05 5.95572e-05 -8.69176e-05 -9.13412e-05 -3.74972e-05 -0.000314288 -0.000209566 -0.000235843 1.07493e-05 -0.000144162 -7.97362e-05 0.000203224 -0.000238775 0.000617319 -5.81555e-05 0.000778592 -0.000116242 -8.13999e-06 -0.000372254 -0.000202008 -0.000262711 4.63454e-05 0.000121652 0.000233949
internal_weight=592841 355938 348040 221551 13309 8868 5473 208242 191004 163305 150585 88691 126489 59451 4554 7898 7674 236903 194310 38359 25094 7691 155951 103624 52327 17403 14566 14078 13433 4537 8896 1395 3142 1642 50940 42593 61894 3574 98717 36269 17959 62448 50300 12148 13282 11279 13027 5322 5102 18310 37913 2996 1500 3147 56799 37946 3292 11020 12477 67038 36614 25140
internal_count=592841 355938 348040 221551 13309 8868 5473 208242 191004 163305 150585 88691 126489 59451 4554 7898 7674 236903 194310 38359 25094 7691 155951 103624 52327 17403 14566 14078 13433 4537 8896 1395 3142 1642 50940 42593 61894 3574 98717 36269 17959 62448 50300 12148 13282 11279 13027 5322 5102 18310 37913 2996 1500 3147 56799 37946 3292 11020 12477 67038 36614 25140
is_linear=0
shrinkage=0.05


Tree=78
num_leaves=63
num_cat=0
split_feature=5 25 24 5 21 29 27 20 21 20 28 20 22 23 21 22 21 26 24 26 24 23 26 25 20 20 22 26 26 24 26 23 26 21 26 27 28 20 22 18 20 18 24 26 6 25 18 21 25 24 25 21 25 25 22 21 28 20 19 18 21 18
split_gain=0.682916 0.255459 0.263656 0.20026 0.198579 0.187591 0.203892 0.285562 0.315065 0.280851 0.251951 0.246988 0.456366 0.425054 0.265567 0.281243 0.394139 0.26104 0.229193 0.227577 0.213176 0.188424 0.362978 0.408256 0.193089 0.184718 0.183221 0.176036 0.173103 0.179475 0.186337 0.176303 0.171345 0.287699 0.187407 0.168954 0.165688 0.247092 0.294801 0.234614 0.348228 0.278881 0.288965 0.30866 0.243553 0.224082 0.33935 0.427688 0.206828 0.20378 0.200956 0.179079 0.172858 0.167321 0.165187 0.290759 0.187596 0.164852 0.161397 0.183729 0.17295 0.79224
threshold=156.63850000000002 1.0000000180025095e-35 91.269519519535649 113.14450000000001 4.5000000000000009 20.500000000000004 0.0045881354473684861 1.5000000000000002 1.5000000000000002 5.5000000000000009 -0.017764372705351191 1.0000000180025095e-35 1.5000000000000002 1.0000000180025095e-35 1.5000000000000002 2.5000000000000004 2.5000000000000004 26.03049435759127 55.120856414194996 67.943890070756694 48.691343797730831 1.0000000180025095e-35 39.313937371931125 45.222439772312704 1.5000000000000002 1.5000000000000002 1.0000000180025095e-35 10.642914471192386 26.537283457073329 35.36737249996289 67.126810318823814 1.0000000180025095e-35 31.916327557483886 1.0000000180025095e-35 27.502653919046033 0.013311456583267404 -0.094290532495402243 3.5000000000000004 5.5000000000000009 1.5000000000000002 2.5000000000000004 3.5000000000000004 53.681667233676571 56.868369811826327 181.65000000000001 82.696815851359943 1.0000000180025095e-35 1.5000000000000002 98.632894960001437 89.269388997849674 37.71323191509908 1.5000000000000002 1.0000000180025095e-35 34.405898783828633 1.0000000180025095e-35 1.0000000180025095e-35 -1.0000000180025095e-35 5.5000000000000009 1.0000000180025095e-35 1.0000000180025095e-35 1.0000000180025095e-35 1.0000000180025095e-35
decision_type=2 2 2 2 2 2 2 2 2 2 2 2 2 2 2 2 2 2 2 2 2 2 2 2 2 2 2 2 2 2 2 2 2 2 2 2 2 2 2 2 2 2 2 2 2 2 2 2 2 2 2 2 2 2 2 2 2 2 2 2 2 2
left_child=1 25 3 28 5 6 7 11 9 10 -9 26 13 -13 17 16 18 -14 -16 -19 -21 36 23 -23 -25 27 -2 -1 54 30 -30 -31 34 -34 -29 -35 -8 39 45 44 41 42 43 -41 53 46 47 -39 -44 51 -43 -48 -46 -38 -3 56 -56 -53 60 -60 -5 -62
right_child=4 2 -4 58 -6 -7 21 8 -10 -11 -12 12 14 -15 15 -17 -18 19 -20 20 -22 22 -24 24 -26 -27 -28 32 29 31 -32 -33 33 35 -36 -37 37 38 -40 40 -42 50 48 -45 52 -47 49 -49 -50 -51 -52 57 -54 -55 55 -57 -58 -59 59 -61 61 -63
leaf_value=-0.0004868551590814267 0.00030296291113900977 8.8499480886754483e-05 0.00021983829009266794 5.2243574604374743e-05 0.00046987108441497296 0.00012052995350261559 0.00021474721732749887 -0.0012445118937621097 0.00059889423690673489 -0.00054941192090796607 7.9455246797876871e-05 -0.00029560216589527479 -0.00027933296811808529 0.00064451067409812589 -0.0011827885991944429 2.3654447186681366e-05 -0.00012129615429517268 0.00021396674431307149 -0.00019762476435414571 -0.001140655900162188 -4.1637968421785446e-05 -0.0024649316120991618 6.2816077846623058e-05 0.00023562804748713503 -0.0013370472663050655 -0.0011476477760317396 -9.563841887442841e-05 0.00056332567813006051 -0.00021002213146966402 8.38535676041925e-05 -0.001712444244169294 -0.00067047852099821079 0.00066827137779016418 2.5100276356508248e-05 0.0017003601388349992 -0.0014515491231922304 -0.00033798821200326277 -0.00050108414740852706 -0.0018020591751699271 -0.00065273151773894409 0.0011724717485217633 0.00011665097148149656 -0.00044512388773875784 -0.0021954615942720761 0.00060623218082759666 -2.4014747634744957e-05 -0.00068928750393589162 0.00090863849652787266 0.00099411980343241881 -4.3460782029736785e-05 -0.00034568880312712424 -0.00052220756027259818 1.8870752053521414e-05 -7.3128292013151258e-05 0.0021808684597311822 -6.0419396484306804e-05 0.00070903773032140072 -0.0021245777932111464 -0.0001059419750891163 -0.00072147059003285514 -0.00019298236835173111 9.9153936044867746e-05
leaf_weight=561 6506 4266 18992 117056 1726 12443 3452 363 2644 1954 35607 32178 4723 1249 1938 7254 4357 19401 849 471 6982 411 1125 407 375 207 5177 1736 2493 94416 225 781 2361 2364 458 211 9078 1382 337 970 410 4494 5283 487 1311 4533 3728 881 262 1020 4927 248 28128 17377 238 1350 2396 455 11372 1357 44049 49049
leaf_count=561 6506 4266 18992 117056 1726 12443 3452 363 2644 1954 35607 32178 4723 1249 1938 7254 4357 19401 849 471 6982 411 1125 407 375 207 5177 1736 2493 94416 225 781 2361 2364 458 211 9078 1382 337 970 410 4494 5283 487 1311 4533 3728 881 262 1020 4927 248 28128 17377 238 1350 2396 455 11372 1357 44049 49049
internal_value=1.2969e-06 4.50776e-05 3.86966e-05 2.82415e-05 -6.4482e-05 -6.84037e-05 -7.89584e-05 -3.91682e-05 7.11726e-05 3.43807e-05 6.60941e-05 -8.83125e-05 -0.000119895 -0.000260475 -1.76838e-05 -0.000195647 -0.000418325 6.34612e-05 -0.000882679 0.000123751 -0.000111092 -0.000136473 -0.000581497 -0.00118909 -0.000518532 0.000326267 0.000126334 0.000365937 8.47592e-05 6.62267e-05 -0.000334395 7.7665e-05 0.000433036 0.000269621 0.000800683 -9.5899e-05 -0.000124851 -0.000138593 -0.00034316 -0.000103197 -0.000266841 -0.000302773 -0.000541769 -0.00116839 -5.39135e-05 -0.000303015 -0.000466966 4.77297e-05 -0.00037712 -0.000680643 -0.000125144 -0.00082732 4.50276e-05 -0.000164015 0.000304712 0.000536229 0.000842028 -0.0015593 1.32059e-06 -0.000171562 1.1792e-05 -3.90694e-05
internal_weight=592841 355938 348040 329048 236903 235177 222734 131653 40568 37924 35970 91085 79402 33427 45975 14398 7144 31577 2787 26854 7453 91081 2318 1193 782 7898 11683 7691 106165 97915 2718 95197 7130 4936 2194 2575 88763 85311 12584 72727 16833 16423 7002 1457 55894 12247 7714 2263 5545 5451 9421 4431 29439 26455 8250 3984 2634 703 222883 12729 210154 93098
internal_count=592841 355938 348040 329048 236903 235177 222734 131653 40568 37924 35970 91085 79402 33427 45975 14398 7144 31577 2787 26854 7453 91081 2318 1193 782 7898 11683 7691 106165 97915 2718 95197 7130 4936 2194 2575 88763 85311 12584 72727 16833 16423 7002 1457 55894 12247 7714 2263 5545 5451 9421 4431 29439 26455 8250 3984 2634 703 222883 12729 210154 93098
is_linear=0
shrinkage=0.05


Tree=79
num_leaves=63
num_cat=0
split_feature=3 24 25 31 0 26 25 31 0 30 25 27 21 24 0 30 21 0 27 26 0 5 0 21 17 0 25 0 0 20 17 25 0 17 0 20 0 25 21 18 20 0 25 26 21 0 24 17 26 17 0 17 0 27 18 18 27 0 20 5 24 0
split_gain=0.616332 0.230932 0.236815 0.223744 0.349531 0.291748 0.343267 0.305566 0.288385 0.301338 0.275921 0.369214 0.252953 0.218762 0.215376 0.222258 0.199962 0.196549 0.218533 0.18974 0.187632 0.18434 0.224131 0.183019 0.25105 0.339187 0.199243 0.348622 0.243331 0.346265 0.192112 0.224448 0.312201 0.360978 0.679252 0.338215 0.243068 0.240649 0.251643 0.61241 0.394019 0.333681 0.310827 0.220819 0.385707 0.618432 0.46623 0.283964 0.280603 0.312945 0.22673 0.275315 0.224691 0.219286 0.214518 0.265509 0.215676 0.305282 0.225833 0.219873 0.210304 0.202323
threshold=6393.0500000000011 93.826968129450265 1.0000000180025095e-35 7.5000000000000009 293271.32167616423 18.517829348366202 22.183019641471613 61.000000000000007 108100.09987019116 112.50000000000001 89.642542044469565 0.0067946243851289374 1.0000000180025095e-35 49.25863323583841 186170.96516272944 10.500000000000002 1.0000000180025095e-35 906796.42707333993 0.0074878947276151306 51.328693046146391 1022354.2797967971 111.90800000000002 199570.91652750914 4.5000000000000009 10.500000000000002 433272.79972490965 53.763756967242429 163447.27621693595 94806.461533960624 3.5000000000000004 7.5000000000000009 34.405898783828633 59684.192089584518 6.5000000000000009 385038.71797718812 2.5000000000000004 410154.77685098827 97.1294705127886 1.5000000000000002 1.0000000180025095e-35 1.5000000000000002 193309.15167388722 59.593660446311183 17.175091357952628 1.0000000180025095e-35 161524.32375921449 26.759712859771174 4.5000000000000009 19.311080645211138 1.5000000000000002 446512.2233907851 2.5000000000000004 357933.26511888386 0.004888556510748699 3.5000000000000004 1.5000000000000002 0.0064610893991250305 233999.117664383 3.5000000000000004 182.45750000000001 53.681667233676571 82752.080123748587
decision_type=2 2 2 2 2 2 2 2 2 2 2 2 2 2 2 2 2 2 2 2 2 2 2 2 2 2 2 2 2 2 2 2 2 2 2 2 2 2 2 2 2 2 2 2 2 2 2 2 2 2 2 2 2 2 2 2 2 2 2 2 2 2
left_child=1 2 17 10 5 12 8 13 16 -10 21 14 -5 -8 15 19 -7 18 -1 -12 23 22 -4 24 30 26 28 -28 29 -26 31 32 -2 35 -35 43 37 38 54 40 41 42 -40 47 53 48 -47 50 -46 -50 51 -34 60 -45 55 -33 58 -58 -57 -60 -48 -55
right_child=20 -3 3 4 -6 6 7 -9 9 -11 11 -13 -14 -15 -16 -17 -18 -19 -20 -21 -22 -23 -24 -25 25 -27 27 -29 -30 -31 -32 36 33 34 -36 -37 -38 -39 39 -41 -42 -43 -44 44 45 46 52 -49 49 -51 -52 -53 -54 61 -56 56 57 -59 59 -61 -62 -63
leaf_value=0.0002231037389537411 -0.00078136233326772187 0.00024991634389696476 8.2280367710909818e-06 0.00099458400422387469 -0.00011706105026681152 0.0020975319937949688 -0.00010997573080549224 0.0014147261644008491 0.00025876303881622683 0.0017880860825864346 0.00086850912079856749 0.00077669796784248456 8.4547754465032579e-05 0.00014304199514879066 -0.00018683856318881998 0.0013512817113141597 0.00052746727944404884 -0.0011693423095744246 0.00091727444366891523 9.5482494029262843e-05 0.00031034125197153636 -3.1942631653223033e-05 0.00019811956486655573 0.00044637753012982825 -0.00025356081371327217 -1.0739117323958667e-05 0.0002207730914457485 -0.0005635016020168436 -0.00055557956865419486 -0.0030159500842853459 6.1498195195778906e-05 2.7213303379107492e-05 0.00047438815000922538 -0.00088550924978529622 9.2047492278823169e-05 0.00034428128024695644 -0.00023088410315338372 0.00052897688928583585 -0.0017092559002206053 3.5905844706051562e-05 0.00076304147182269019 -0.00046994959897509218 0.00010140934838273097 0.00033761260951043414 0.00074084267518463262 0.00078359305743382784 -8.3745343135977902e-07 -6.4078956607473863e-05 0.00084204751317803236 -0.0010923113417087265 4.7465907918531305e-05 -0.0012458997387113286 -1.5380918546294201e-05 0.00074121735642955055 0.001319444355933603 0.00026690796258893752 -0.0012071333754222232 -0.00021389786338232505 -7.0058845084629092e-05 -0.0015110340576414345 -0.00063122768830408229 -0.00018293004548722896
leaf_weight=6017 1962 12971 56579 1915 13498 431 11667 430 5287 343 913 2488 1270 31905 4081 443 383 218 1397 6080 3349 176199 21423 1726 207 8646 2432 3395 4333 251 30453 88159 266 4123 3123 4188 14712 1997 1129 11550 532 5402 300 6547 264 1401 2026 2770 225 2957 635 1851 9134 666 311 2279 1240 2057 728 416 3813 5348
leaf_count=6017 1962 12971 56579 1915 13498 431 11667 430 5287 343 913 2488 1270 31905 4081 443 383 218 1397 6080 3349 176199 21423 1726 207 8646 2432 3395 4333 251 30453 88159 266 4123 3123 4188 14712 1997 1129 11550 532 5402 300 6547 264 1401 2026 2770 225 2957 635 1851 9134 666 311 2279 1240 2057 728 416 3813 5348
internal_value=1.23206e-06 4.28237e-05 3.49915e-05 2.87235e-05 0.00011036 0.000167598 0.000138295 8.83824e-05 0.00047912 0.000351935 8.29074e-06 0.000224351 0.000631712 7.5293e-05 0.000105028 0.00026521 0.00135879 0.000310395 0.000353904 0.000196408 -6.12579e-05 -3.61293e-06 6.03811e-05 -6.65863e-05 -7.04054e-05 -0.000243243 -0.000432566 -0.000236171 -0.000671429 -0.00176745 -5.47417e-05 -7.41796e-05 -0.00016282 -0.000138222 -0.000464186 -8.21067e-05 -3.94187e-05 -1.51566e-05 -2.46798e-05 -0.000191262 -0.000547611 -0.000649685 -0.00132913 -0.000129219 -7.93822e-05 -0.000216759 -8.8631e-05 -0.000421465 -0.000825572 -0.000955532 -0.000781189 -0.00102975 -0.000170244 0.000137385 8.41792e-06 4.12056e-06 -0.000298831 -0.000587453 -2.08325e-05 -0.00059405 -0.000412497 -8.05885e-05
internal_weight=592841 355938 342967 335335 67129 53631 50446 44002 6444 5630 268206 14005 3185 43572 11517 7436 814 7632 7414 6993 236903 254201 78002 233554 231828 19264 10618 5827 4791 458 212564 182111 51299 49337 7246 42091 130812 116100 114103 18913 7363 6831 1429 37903 32381 19820 16374 5522 3446 3182 2752 2117 14973 12561 95190 94879 6720 3297 3423 1144 5839 6014
internal_count=592841 355938 342967 335335 67129 53631 50446 44002 6444 5630 268206 14005 3185 43572 11517 7436 814 7632 7414 6993 236903 254201 78002 233554 231828 19264 10618 5827 4791 458 212564 182111 51299 49337 7246 42091 130812 116100 114103 18913 7363 6831 1429 37903 32381 19820 16374 5522 3446 3182 2752 2117 14973 12561 95190 94879 6720 3297 3423 1144 5839 6014
is_linear=0
shrinkage=0.05


Tree=80
num_leaves=63
num_cat=0
split_feature=3 0 25 17 25 24 25 20 0 27 19 0 28 18 21 0 25 27 20 18 18 25 0 30 25 29 20 25 28 24 24 25 3 27 0 17 27 25 24 0 25 24 27 28 25 21 30 21 27 30 27 20 27 25 3 5 25 18 0 24 29 20
split_gain=0.530495 0.333997 0.369088 0.361015 0.354706 0.344044 0.326927 0.390794 0.318479 0.317966 0.301824 0.393297 0.330755 0.320987 1.08441 0.522409 0.466101 0.414415 0.407178 0.402564 0.327404 0.292617 0.439495 0.325642 0.307991 0.317926 0.291407 0.287757 0.25938 0.245663 0.245379 0.276591 0.234805 0.225985 0.220988 0.397892 0.364807 0.261518 0.297545 0.217802 0.217722 0.208745 0.20562 0.257926 0.20194 0.201052 0.204997 0.195954 0.191942 0.189806 0.187848 0.18702 0.178686 0.177664 0.18728 0.177343 0.211203 0.17553 0.175517 0.172714 0.172682 0.172475
threshold=6832.7500000000009 298650.31923453935 1.0000000180025095e-35 1.5000000000000002 21.335964421447656 93.826968129450265 89.642542044469565 3.5000000000000004 123405.97134820349 0.0078413997693469618 1.0000000180025095e-35 98746.82223009826 -1.0000000180025095e-35 1.0000000180025095e-35 1.5000000000000002 171421.39701055989 61.473364877244727 0.0072664608556481068 2.5000000000000004 1.5000000000000002 7.5000000000000009 37.71323191509908 114459.16040086666 46.500000000000007 5.8978332682307437 1.5000000000000002 1.5000000000000002 36.667831880934891 -0.085956040152375998 47.905683434042722 42.505120397946691 50.093409079463548 5768.7500000000009 0.0067946243851289374 200947.40966706726 1.5000000000000002 0.0019675567589798036 46.134002750315965 25.563346894393661 230677.22461716292 27.257703399610858 15.078661583663008 0.0069726508512808162 -0.016975586824475138 66.104511431942697 1.0000000180025095e-35 13.500000000000002 2.5000000000000004 0.0019280881802362006 44.500000000000007 0.0059322746055099004 2.5000000000000004 0.0025803827645244103 16.383846685899247 5886.9500000000007 140.9145 13.927933194169226 1.0000000180025095e-35 34739.908005921272 71.010930919044185 5.5000000000000009 1.0000000180025095e-35
decision_type=2 2 2 2 2 2 2 2 2 2 2 2 2 2 2 2 2 2 2 2 2 2 2 2 2 2 2 2 2 2 2 2 2 2 2 2 2 2 2 2 2 2 2 2 2 2 2 2 2 2 2 2 2 2 2 2 2 2 2 2 2 2
left_child=1 2 9 40 -5 6 7 10 29 -1 12 -12 44 14 15 21 18 20 -16 32 34 22 23 24 25 -14 27 -26 39 -8 31 41 -19 -31 37 36 -36 38 -15 -2 -3 -23 -30 -44 -4 61 -47 -45 -17 -43 -42 57 -9 -48 -55 -22 -57 -13 -32 -27 -49 -24
right_child=28 3 5 4 -6 -7 8 52 -10 -11 11 51 13 17 16 48 -18 19 -20 -21 55 30 45 -25 26 59 -28 -29 42 33 58 -33 -34 -35 35 -37 -38 -39 -40 -41 50 49 43 47 -46 46 53 60 -50 -51 -52 -53 -54 54 -56 56 -58 -59 -60 -61 -62 -63
leaf_value=0.00031028526506195957 -0.00015219134452558881 -0.00016144089826738604 -0.00014337637136573573 5.9467394263046295e-05 -0.00017056342504420023 0.00033840242420853594 0.0011238280355849223 0.0001188343974949591 7.614985195824407e-05 0.0014621852871909433 0.00051792772440612 -0.00024961817418203187 -0.0010845501999921807 -0.00017203472016694707 -0.00092633073625861598 9.3793399615916971e-06 0.00022499913873356652 -0.00059258067624476298 0.0012977077350626851 -0.00099183578931971391 0.00055719920022722421 0.00094074845152344573 0.0003678301392572265 0.0011015665233981436 -0.00026099449934426978 0.00062836422968205654 0.00066268121421828605 0.0008357025829787779 -7.4847505200959907e-05 0.00017095043429670839 0.00085248433785697648 -4.8815813942502766e-05 0.00034035262916952321 0.00086140824014168988 0.00092909404077989508 0.00014611541783014211 -0.0011660671728559115 0.00020236159947569369 0.00060163068614791965 0.00055946797950677258 0.00019472837673753019 -0.00049102713191837553 -6.875997265609588e-05 -0.00046714455747531869 8.912648002344924e-05 -5.4013479641349383e-05 -0.00035932110478851083 -0.00013589755767685782 0.00019590345935047287 -0.0018646013866994928 0.0010607983420395778 0.00043906326386730367 -0.00044795164747839147 0.0018585598098664526 0.0003735134088523398 0.00018340570102671271 -0.0016726892855169558 -0.00079810638068222048 -2.562625163174912e-05 0.0020722008867716706 0.0011690426434534888 0.0009217336370524505
leaf_weight=4504 1783 4585 35352 23637 57589 9360 1271 1783 12507 691 1773 11623 220 1432 4808 17828 1319 1012 215 1416 209 244 6678 595 13433 804 1021 626 87615 4363 573 7967 2022 1627 258 14875 1067 23442 9404 2708 13734 5754 11642 11209 12692 4482 297 1235 60930 263 656 868 6318 395 459 222 495 1668 82863 279 319 1780
leaf_count=4504 1783 4585 35352 23637 57589 9360 1271 1783 12507 691 1773 11623 220 1432 4808 17828 1319 1012 215 1416 209 244 6678 595 13433 804 1021 626 87615 4363 573 7967 2022 1627 258 14875 1067 23442 9404 2708 13734 5754 11642 11209 12692 4482 297 1235 60930 263 656 868 6318 395 459 222 495 1668 82863 279 319 1780
internal_value=-2.92189e-08 2.33648e-05 4.4977e-05 -5.77526e-05 -0.000103624 3.91148e-05 3.13663e-05 1.99312e-05 0.000229065 0.000463502 2.82622e-05 -0.000184105 3.89109e-05 6.04429e-05 3.25641e-05 5.22495e-05 -0.000611482 0.000167175 -0.000831135 -0.000295716 0.000207247 -9.8057e-06 0.000123847 -4.74739e-05 -8.92049e-05 0.00064831 -0.00015293 -0.000212162 -9.56624e-05 0.00049246 -5.23236e-05 -0.000244246 2.91699e-05 0.000358492 0.000224338 7.21592e-05 -0.000758104 0.000296258 0.000499389 0.000276928 0.000138607 -0.000492927 -0.0001106 -0.000238953 -8.1955e-05 0.000330269 9.88402e-05 -0.000394197 0.000153681 -0.000551065 0.00023421 -0.000272014 -0.000323204 0.000694053 0.00106039 -0.000724417 -0.001098 -0.000318453 -1.95958e-05 0.00100032 0.000131976 0.0004844
internal_weight=592799 476288 376087 100201 81226 370892 361532 341764 19768 5195 333663 15932 317731 269687 213833 207491 6342 55854 5023 4450 51404 128733 31069 16978 16383 1303 15080 14059 116511 7261 97664 14228 3034 5990 50478 16200 1325 34278 10836 4491 18975 6261 112020 24405 48044 14091 5633 12763 78758 6017 14390 14159 8101 1151 854 926 717 13291 83436 1083 1554 8458
internal_count=592799 476288 376087 100201 81226 370892 361532 341764 19768 5195 333663 15932 317731 269687 213833 207491 6342 55854 5023 4450 51404 128733 31069 16978 16383 1303 15080 14059 116511 7261 97664 14228 3034 5990 50478 16200 1325 34278 10836 4491 18975 6261 112020 24405 48044 14091 5633 12763 78758 6017 14390 14159 8101 1151 854 926 717 13291 83436 1083 1554 8458
is_linear=0
shrinkage=0.05


Tree=81
num_leaves=63
num_cat=0
split_feature=5 18 0 31 21 21 18 24 17 26 25 25 22 26 0 22 0 25 28 22 27 17 24 0 20 25 26 24 18 17 0 5 25 0 20 25 20 5 18 17 21 22 26 25 28 18 0 25 23 30 22 18 17 20 19 24 27 0 0 25 22 0
split_gain=0.470152 0.267992 0.305224 0.211411 0.198304 0.221653 0.349815 0.283626 0.285146 0.480074 0.303603 0.276124 0.269322 0.677108 0.476802 0.519152 0.756666 0.678095 0.575108 0.498329 0.428781 0.405627 0.350476 0.297975 0.35868 0.295359 0.270009 0.260611 0.258209 0.359626 0.2666 0.297155 0.271046 0.542758 1.75116 0.257481 0.230554 0.382574 0.384737 0.483904 0.360038 0.346391 0.280795 0.391676 0.260307 0.246209 0.244411 0.342435 0.284115 0.321826 0.319431 0.261461 0.251244 0.225573 0.3509 0.222713 0.214396 0.209679 0.266402 0.251759 0.202109 0.226029
threshold=130.51600000000002 2.5000000000000004 143532.94795260011 38.500000000000007 3.5000000000000004 1.0000000180025095e-35 10.500000000000002 58.034058036656653 3.5000000000000004 31.079495574872254 21.690229015155001 4.5270828533787304 1.5000000000000002 48.991683760998932 295815.08928529453 2.5000000000000004 105297.18060466945 64.312638964933242 -0.00053968497372136593 2.5000000000000004 0.0015953749839173897 4.5000000000000009 23.254251647472028 164447.93010507483 1.5000000000000002 70.922700232676036 58.794511253210594 29.751697095856162 4.5000000000000009 3.5000000000000004 116210.84521968414 172.02650000000003 45.551147317904245 221179.04655210939 1.5000000000000002 26.818171979817098 1.0000000180025095e-35 160.30950000000004 1.0000000180025095e-35 2.5000000000000004 1.5000000000000002 1.5000000000000002 24.384696572752951 40.155823803891224 -1.0000000180025095e-35 1.0000000180025095e-35 476429.750826061 22.853723573072902 1.0000000180025095e-35 7.5000000000000009 3.5000000000000004 2.5000000000000004 7.5000000000000009 1.0000000180025095e-35 1.0000000180025095e-35 31.871972957154203 0.0039364926606797494 212092.91937430226 415416.15713706688 59.021123051895351 2.5000000000000004 264042.46991680219
decision_type=2 2 2 2 2 2 2 2 2 2 2 2 2 2 2 2 2 2 2 2 2 2 2 2 2 2 2 2 2 2 2 2 2 2 2 2 2 2 2 2 2 2 2 2 2 2 2 2 2 2 2 2 2 2 2 2 2 2 2 2 2 2
left_child=1 3 -3 -1 5 6 7 12 9 -9 -10 -11 13 20 15 21 17 18 26 -16 22 -14 -2 24 -24 28 -17 -15 29 30 31 -22 33 34 -32 -20 37 38 40 44 42 -42 43 -7 -40 -39 47 48 50 -50 -38 60 -51 -13 -55 -27 -41 59 -59 -6 -49 -62
right_child=4 2 -4 -5 57 36 -8 8 10 11 -12 53 14 27 19 16 -18 -19 35 -21 25 -23 23 -25 -26 55 -28 -29 -30 -31 32 -33 -34 -35 -36 -37 46 45 39 56 41 -43 -44 -45 -46 -47 -48 51 49 52 -52 -53 -54 54 -56 -57 -58 58 -60 -61 61 -63
leaf_value=4.2300838154507453e-05 0.00045941942393646544 0.0014749983262724918 0.00027336242686052607 0.00052138441537194285 0.00064516980424667123 -0.00098802478726843176 -0.00079574566096425939 0.00069020243085805811 0.00024919060571268833 0.0015216125043180536 -8.4719752949835212e-05 -2.4300905710983376e-05 0.00035483218409063376 0.0010248182664930581 -0.00046382630332809417 -0.00126210427177676 0.0001698879322437108 0.00036526102571904058 1.8169842104388329e-05 0.00025921215837151158 -0.00010125355369895817 -0.00066109220790212765 -0.0010122278723271243 -0.0005748167820421948 -0.0029388900541517586 0.00039554608011088156 -0.0027679406361863241 0.00014437705465774565 -0.0014779330586926725 0.00083075394132361426 -0.00038930738367660869 0.00080347936161480999 -3.8559834556639522e-05 -2.6233572405688557e-07 -0.0035221234075073823 -0.00097031978839330765 -0.00034440195517962716 0.00096823169918102141 -0.0015035300926095564 3.5250112431602456e-05 -0.0003634182154749112 -0.001559207939409734 1.8720984397750702e-05 0.00010142031666080375 -0.00027663221810682 0.00020238693025649169 4.1243242647001936e-05 -0.00013469771348882895 -0.0028575564745186291 -0.0015092398551183968 0.00077764056567376707 -0.00058822270379066193 0.00069913166080368691 0.00028582865979759781 -0.00037511888350515963 -0.00076473844336944646 0.00035077880351316041 -0.00021123528149901905 0.00036050130786068589 -3.7846208409483251e-05 0.00016132593609181312 -0.00034241513082274868
leaf_weight=230298 596 611 3912 2326 3491 1785 1383 3797 8300 340 37857 20835 16686 981 8412 983 9197 1425 1342 3325 2515 1044 1082 3419 311 479 427 5868 336 1024 2379 1420 7063 2769 549 1294 18363 1334 600 12925 6997 663 16825 1534 1547 4920 18235 56378 229 319 657 2747 216 17706 2265 3028 9227 5719 3165 2199 12427 2713
leaf_count=230298 596 611 3912 2326 3491 1785 1383 3797 8300 340 37857 20835 16686 981 8412 983 9197 1425 1342 3325 2515 1044 1082 3419 311 479 427 5868 336 1024 2379 1420 7063 2769 549 1294 18363 1334 600 12925 6997 663 16825 1534 1547 4920 18235 56378 229 319 657 2747 216 17706 2265 3028 9227 5719 3165 2199 12427 2713
internal_value=-2.7758e-08 5.45027e-05 0.000435688 4.70912e-05 -3.63884e-05 -4.41061e-05 -3.77496e-06 2.70401e-06 6.26128e-05 0.000152259 -2.46756e-05 0.000102617 -6.73076e-05 -0.000173477 1.40458e-05 0.000112962 -0.000107091 -0.000572706 -0.000903057 -0.000258995 -0.00028622 0.000295011 -0.000684303 -0.000825961 -0.00144237 -0.000186376 -0.00171813 0.000270485 -0.000104818 -7.878e-05 -0.000134567 0.000225232 -0.000245524 -0.000502112 -0.00097671 -0.000467075 -8.4389e-05 -3.7719e-06 -4.81255e-05 9.72129e-05 -0.000175142 -0.000466918 -6.41911e-05 -0.000484497 -0.000619501 0.000365744 -0.000126288 -0.00015877 -0.000343619 -0.00128903 -0.000305644 -0.000109527 -0.000617636 9.07937e-05 0.000210868 -0.000606262 0.000166678 0.000144229 -7.54929e-06 0.000381206 -9.11402e-05 7.10585e-05
internal_weight=592799 237147 4523 232624 355652 341078 170437 169054 91100 44943 46157 41146 77954 33819 44135 32398 14668 5471 4046 11737 26970 17730 5408 4812 1393 21562 1410 6849 18055 17719 16695 3935 12760 5697 2928 2636 170641 58357 52103 24299 27804 7660 20144 3319 2147 6254 112284 94049 19784 764 19020 74265 535 40806 19971 3507 22152 14574 8884 5690 71518 15140
internal_count=592799 237147 4523 232624 355652 341078 170437 169054 91100 44943 46157 41146 77954 33819 44135 32398 14668 5471 4046 11737 26970 17730 5408 4812 1393 21562 1410 6849 18055 17719 16695 3935 12760 5697 2928 2636 170641 58357 52103 24299 27804 7660 20144 3319 2147 6254 112284 94049 19784 764 19020 74265 535 40806 19971 3507 22152 14574 8884 5690 71518 15140
is_linear=0
shrinkage=0.05


Tree=82
num_leaves=63
num_cat=0
split_feature=3 0 25 17 27 25 24 25 20 0 26 19 0 28 27 18 21 0 25 18 25 0 29 24 21 18 3 23 26 24 26 22 28 24 26 26 21 3 24 27 25 21 22 25 3 26 26 24 0 17 27 25 24 17 22 5 20 0 24 25 24 20
split_gain=0.45284 0.289046 0.325871 0.314169 0.311402 0.309209 0.303845 0.28346 0.334447 0.30318 0.282344 0.252299 0.347214 0.28474 0.297468 0.382302 0.958535 0.453211 0.401694 0.375567 0.320408 0.36538 0.402934 0.321728 0.622879 0.313614 0.305582 0.279255 0.24404 0.311549 0.317778 0.242026 0.238895 0.237986 0.346246 0.235105 0.426549 0.330972 0.25304 0.237085 0.258006 0.233851 0.380981 0.339782 0.557467 0.300543 0.222115 0.21959 0.217076 0.363355 0.343109 0.23208 0.290665 0.211453 0.200522 0.217395 0.19818 0.275698 0.195627 0.19307 0.192004 0.19176
threshold=6832.7500000000009 310158.0586648396 1.0000000180025095e-35 1.5000000000000002 0.0078413997693469618 21.335964421447656 93.826968129450265 89.642542044469565 3.5000000000000004 182486.53719261909 7.4377195804676122 1.0000000180025095e-35 99624.802617926776 -1.0000000180025095e-35 0.0072664608556481068 1.0000000180025095e-35 1.5000000000000002 171421.39701055989 61.473364877244727 1.5000000000000002 37.71323191509908 114459.16040086666 12.500000000000002 71.010930919044185 1.0000000180025095e-35 7.5000000000000009 5617.1500000000005 1.0000000180025095e-35 25.739688749451936 18.711608254643412 14.270477396105283 1.5000000000000002 -0.085956040152375998 58.667443560290884 19.972149105623817 23.455665173384805 1.0000000180025095e-35 5795.7500000000009 31.05028650661939 0.0018276000179594635 26.442192907434677 1.0000000180025095e-35 1.5000000000000002 59.911353531984879 5795.7500000000009 40.110388326242244 59.811681109376799 44.076073685457693 200947.40966706726 1.5000000000000002 0.001766002263047724 45.222439772312704 25.563346894393661 2.5000000000000004 1.0000000180025095e-35 140.9145 6.5000000000000009 255948.20164305691 47.905683434042722 66.104511431942697 87.181963322163838 5.5000000000000009
decision_type=2 2 2 2 2 2 2 2 2 2 2 2 2 2 2 2 2 2 2 2 2 2 2 2 2 2 2 2 2 2 2 2 2 2 2 2 2 2 2 2 2 2 2 2 2 2 2 2 2 2 2 2 2 2 2 2 2 2 2 2 2 2
left_child=1 2 4 -3 -1 -5 7 8 10 58 -4 13 -13 59 15 16 17 20 46 26 21 22 23 28 60 48 -16 -23 29 30 -15 35 56 41 -35 36 37 39 -39 -19 -41 42 -22 -43 45 -45 -18 -31 51 50 -50 52 -17 -21 -53 -56 57 -2 -9 -12 -25 -34
right_child=32 3 6 5 -6 -7 -8 9 -10 -11 11 12 -14 14 19 25 18 31 -20 53 33 27 -24 24 -26 -27 -28 -29 -30 47 -32 -33 61 34 -36 -37 -38 38 -40 40 -42 43 -44 44 -46 -47 -48 -49 49 -51 -52 54 -54 -55 55 -57 -58 -59 -60 -61 -62 -63
leaf_value=0.00027468590760839457 -0.00023750188063420471 0.00013823228365760211 0.00047866115702132304 5.5091809551755816e-05 0.0013779768538053972 -0.00016587473708765704 0.00031080592403051247 0.0007789279821794194 -0.00029545259944315297 -5.9264560535640365e-05 -0.00014254535585491181 0.00047912063501486386 -0.00025372620534515843 -0.00067185819415251395 -0.00051974582316076324 -0.00023664475321668582 -0.00090732356592142628 -0.00050820386188450391 0.00018710622587568015 -0.0024395639240157915 -0.00036703958681521078 0.0003884272544105845 0.0010141753135114952 0.001594373921070852 -0.00024481942048255526 -0.00068924983980277676 7.8142842451653236e-05 -0.00051337228253255606 -5.5250474741475252e-05 -0.0010866058438749637 0.0012383284321392162 0.00032058168580512809 -8.9456674975874867e-05 0.0011764748395019387 -1.2781726183568897e-05 6.7631323219633977e-05 -0.00026620660844549294 -0.0011798936803640902 0.00043931685933664512 -0.0002191646869257304 0.0011397012991987247 -0.0001656226375352266 6.8354859628162073e-05 0.0007159910342139841 0.00011477190447390792 0.0030790107122932874 0.0001812500430191687 -9.7541918682307304e-05 0.0011664551390871737 0.00012224090182672814 -0.0010624774838003377 0.00031241456492368618 0.00056847007947202495 -0.00069767767912936294 -0.00021509571129909536 0.00024960670281945805 0.0017918072604730054 0.00056698362808064236 0.00026399798772238828 8.4408867518894512e-05 -0.00010371703088069276 -0.00042541529104836597
leaf_weight=4753 1973 16792 3396 22455 739 53679 9743 2214 8340 6871 35189 1820 14438 440 2953 1278 4362 291 1339 201 17070 12457 864 925 1603 1013 7735 922 7632 2007 431 15408 107598 618 63363 57523 1815 379 664 396 2963 3449 7120 244 1309 300 525 779 203 16168 1155 13427 9127 1308 5034 5033 204 2314 11051 12772 203 4422
leaf_count=4753 1973 16792 3396 22455 739 53679 9743 2214 8340 6871 35189 1820 14438 440 2953 1278 4362 291 1339 201 17070 12457 864 925 1603 1013 7735 922 7632 2007 431 15408 107598 618 63363 57523 1815 379 664 396 2963 3449 7120 244 1309 300 525 779 203 16168 1155 13427 9127 1308 5034 5033 204 2314 11051 12772 203 4422
internal_value=-2.63698e-08 2.15877e-05 4.07648e-05 -5.75265e-05 0.000423144 -0.000100703 3.52073e-05 2.79132e-05 1.73591e-05 0.000210309 2.50401e-05 2.04587e-05 -0.000171688 3.02211e-05 5.0025e-05 6.1353e-05 3.08573e-05 4.9767e-05 -0.000580156 -0.0001913 -1.08564e-05 0.000136662 -3.37832e-05 -9.8365e-05 0.000388611 0.000181969 -8.70485e-05 0.000326281 -0.000216173 -0.00055201 0.000273366 0.000142669 -8.83831e-05 -5.54609e-05 -1.29456e-06 9.98575e-05 0.000384699 0.000636434 -0.000149064 0.000860893 0.000979502 -0.000172971 -0.000238887 0.000127765 0.000673849 0.00201913 -0.00079038 -0.000810051 0.00019913 5.62604e-05 -0.000729287 0.000272995 0.000469581 -0.000929698 0.000185931 1.72324e-05 0.000269191 0.000196736 0.000349943 -8.21075e-05 0.00128878 -0.000102719
internal_weight=592799 476288 383362 92926 5492 76134 377870 368127 347991 20136 339651 336255 16258 319997 272036 259839 207401 201175 6226 12197 121736 28263 14884 14020 2731 52438 10688 13379 11289 3657 871 79439 116511 93473 63981 64031 6508 4693 1043 3650 3359 29492 24190 5302 1853 544 4887 2786 51425 17526 1358 33899 10405 1509 23494 10067 4491 4287 13265 47961 1128 112020
internal_count=592799 476288 383362 92926 5492 76134 377870 368127 347991 20136 339651 336255 16258 319997 272036 259839 207401 201175 6226 12197 121736 28263 14884 14020 2731 52438 10688 13379 11289 3657 871 79439 116511 93473 63981 64031 6508 4693 1043 3650 3359 29492 24190 5302 1853 544 4887 2786 51425 17526 1358 33899 10405 1509 23494 10067 4491 4287 13265 47961 1128 112020
is_linear=0
shrinkage=0.05


Tree=83
num_leaves=63
num_cat=0
split_feature=3 0 25 31 0 20 24 25 27 25 24 0 30 18 28 0 27 3 30 21 3 25 27 30 29 0 0 0 25 25 25 24 30 29 31 30 24 24 18 21 0 25 25 18 22 0 27 27 29 19 22 27 18 18 18 6 27 0 25 25 27 18
split_gain=0.408688 0.261432 0.296327 0.289644 0.313649 0.271408 0.26645 0.272907 0.260207 0.254501 0.334586 0.287089 0.353036 0.23819 0.218416 0.371405 0.251558 0.218271 0.215257 0.203639 0.202444 0.195528 0.183642 0.195167 0.179493 0.175824 0.175145 0.228965 0.418849 0.442033 0.339749 0.382285 0.218874 0.204397 0.194836 0.256446 0.27978 0.223625 0.283809 0.607448 0.238827 0.219984 0.177898 0.170822 0.17008 0.258159 0.169537 0.166718 0.166534 0.165167 0.163031 0.162003 0.161491 0.183526 0.207026 0.288901 0.24742 0.167402 0.156283 0.213069 0.201592 0.156534
threshold=6832.7500000000009 298650.31923453935 1.0000000180025095e-35 7.5000000000000009 85174.409413210771 3.5000000000000004 71.010930919044185 29.502890963035501 0.0078413997693469618 89.642542044469565 93.826968129450265 165489.2010463789 1.0000000180025095e-35 7.5000000000000009 -0.055709627072703875 304324.69923211733 0.0076048848079528957 4952.9500000000016 139.00000000000003 2.5000000000000004 6139.8500000000013 8.5081251455146703 0.0061168344459035934 9.5000000000000018 48.500000000000007 502253.41274272633 34739.908005921272 56917.347622519876 5.8978332682307437 9.0950400029819587 60.64346278970033 24.396749273379374 10.500000000000002 7.5000000000000009 1.5000000000000002 104.50000000000001 60.941028550002507 58.23426440022196 1.0000000180025095e-35 1.5000000000000002 114459.16040086666 35.123859273259029 23.946262301417708 7.5000000000000009 1.5000000000000002 80276.791259404054 0.01388394373773493 0.0057641868714962833 6.5000000000000009 1.0000000180025095e-35 2.5000000000000004 0.020642464222777511 8.5000000000000018 4.5000000000000009 5.5000000000000009 183.50000000000003 0.0059322746055099004 404982.30205976602 66.104511431942697 73.012955696434787 0.0022841449137158947 1.0000000180025095e-35
decision_type=2 2 2 2 2 2 2 2 2 2 2 2 2 2 2 2 2 2 2 2 2 2 2 2 2 2 2 2 2 2 2 2 2 2 2 2 2 2 2 2 2 2 2 2 2 2 2 2 2 2 2 2 2 2 2 2 2 2 2 2 2 2
left_child=1 2 8 9 6 13 -5 -8 48 10 26 12 47 18 15 51 21 -3 58 -18 -15 25 23 -14 -20 -16 33 28 -28 -30 31 42 49 -4 37 -36 41 38 39 44 -41 -37 -31 46 -29 -46 -39 -11 -1 -33 -24 -2 53 -19 -55 -56 -57 -54 60 -60 61 -6
right_child=14 17 3 4 5 -7 7 -9 -10 11 -12 -13 22 20 16 -17 19 52 24 -21 -22 -23 50 -25 -26 -27 27 34 29 30 -32 32 -34 -35 35 36 -38 43 -40 40 -42 -43 -44 -45 45 -47 -48 -49 -50 -51 -52 -53 57 54 55 56 -58 -59 59 -61 -62 -63
leaf_value=8.3208418418108545e-05 -0.00023474735844312923 0.00021538279974057527 0.00069766160313585715 0.00032195776657642245 -0.00011143714980242526 -0.00038104272338381406 0.0028209658224253101 0.00082613545776066214 0.0013180730408152549 -0.00016993410614888043 0.00036663930826366561 -4.8882965005462241e-05 0.00020887771420612214 0.00028005460863402655 -0.00049357858576839662 0.00040053704281216599 -0.00034682194260616086 -7.2269392936111839e-05 0.0020553087416366671 0.00017599016771845414 -0.001376460938719821 -5.0422381297538898e-05 0.00084938653434868741 0.0014006587946178897 0.00047794697834561923 4.8067797459377056e-05 0.0013871356605901783 -0.00012049277969585916 -0.0020619850509828535 0.0018609805977745455 0.0007386984956457654 -0.00045461918458949068 -0.0013276610027441638 -0.0009259712611752991 -2.9360237146616353e-05 -0.0028277866248752762 0.0003118137205364895 0.00014551445448472691 0.00021125694212373246 -0.0026659338753774191 -0.00082201911203569691 -0.00074933673400508205 0.00015806960167886758 -0.0011572791626522905 -0.00071556558948464495 0.00021603564856959327 -0.00068784403916051636 -0.0020741381882616061 0.00075541409795283653 0.0008299178182799901 -0.00011611419472279828 0.0010612122332603624 -0.00029021568752251318 -0.00112476485523257 0.00022236198029010665 -0.0011918049294116727 -0.00012465994561467581 0.00030448940698864658 0.00062629561930998352 0.0001430670802562555 0.00015981850411772266 0.00028411035252645932
leaf_weight=3212 5147 7129 1528 2831 15406 2800 222 753 691 265 6127 7536 7095 298 4835 5870 14981 81650 242 2127 484 81127 2960 361 708 2171 365 23265 358 236 760 5161 707 222 171530 217 297 48956 9759 202 1344 308 438 257 816 8387 618 203 1292 263 513 253 1542 800 1815 1035 1143 5087 3346 7168 32594 2986
leaf_count=3212 5147 7129 1528 2831 15406 2800 222 753 691 265 6127 7536 7095 298 4835 5870 14981 81650 242 2127 484 81127 2960 361 708 2171 365 23265 358 236 760 5161 707 222 171530 217 297 48956 9759 202 1344 308 438 257 816 8387 618 203 1292 263 513 253 1542 800 1815 1035 1143 5087 3346 7168 32594 2986
internal_value=-2.50518e-08 2.05083e-05 3.96292e-05 3.43765e-05 0.000126116 0.000100676 0.000567472 0.00128034 0.000414639 1.3095e-05 1.18574e-06 0.000190555 0.000348878 0.000122008 -8.3964e-05 0.000125235 -0.000106367 -5.12583e-05 0.000132867 -0.000281822 -0.000745206 -7.23079e-05 0.000406464 0.000266581 0.000879759 -0.000325735 -6.92724e-06 -1.0109e-05 -0.00026891 -0.000345201 -0.000263958 -0.000375937 -0.000500192 0.000491692 -2.04399e-06 -3.35823e-05 -0.000914619 5.60272e-05 -2.64302e-05 -9.46254e-05 -0.00106294 -0.00160843 0.000754341 0.00012846 -4.85178e-05 0.000133434 0.000135126 -0.000995903 0.000276035 -0.000392334 0.000706772 -0.000174029 -7.16821e-05 -8.99208e-05 -0.000390617 -0.000243531 -0.000631774 0.000166153 0.00012133 0.000296851 8.51347e-05 -4.72187e-05
internal_weight=592799 476288 376087 370892 69838 66032 3806 975 5195 301054 282121 18933 11397 63232 116511 11270 105241 100201 62450 17108 782 88133 10929 7456 950 7006 275994 274244 8288 7923 7565 6805 6131 1750 265956 172352 822 93604 43773 34014 1546 525 674 49831 32468 9203 49574 468 4504 5424 3473 5400 93072 86443 4793 3993 2178 6629 61500 10514 50986 18392
internal_count=592799 476288 376087 370892 69838 66032 3806 975 5195 301054 282121 18933 11397 63232 116511 11270 105241 100201 62450 17108 782 88133 10929 7456 950 7006 275994 274244 8288 7923 7565 6805 6131 1750 265956 172352 822 93604 43773 34014 1546 525 674 49831 32468 9203 49574 468 4504 5424 3473 5400 93072 86443 4793 3993 2178 6629 61500 10514 50986 18392
is_linear=0
shrinkage=0.05


Tree=84
num_leaves=63
num_cat=0
split_feature=5 3 17 26 31 29 30 27 25 8 31 31 24 30 29 0 0 26 21 30 31 20 22 17 25 27 22 19 26 0 24 17 21 18 18 0 0 0 17 0 18 27 25 23 0 20 20 18 27 25 21 26 30 27 17 0 26 30 25 0 17 26
split_gain=0.368884 0.187571 0.168254 0.329054 0.263345 0.213087 0.283643 0.201637 0.19717 0.193811 0.186649 0.211618 0.162093 0.16099 0.223748 0.393813 0.241591 0.154186 0.274962 0.161049 0.147621 0.139131 0.146 0.283973 0.235142 0.244983 0.371348 0.260806 0.247033 0.243864 0.236066 0.217313 0.453359 0.318297 0.304109 0.276077 0.275894 0.208977 0.279287 0.244645 0.19263 0.191355 0.191348 0.18333 0.234977 0.247276 0.33235 0.245132 0.294655 0.18792 0.182815 0.254888 0.180579 0.166769 0.164385 0.289771 0.299701 0.162196 0.160564 0.384862 0.328563 0.277373
threshold=178.61200000000005 5226.9000000000005 1.0000000180025095e-35 81.725766375670403 19.500000000000004 7.5000000000000009 80.500000000000014 0.0018276000179594635 1.3564258056496745 -0.10000000000000007 28.500000000000004 21.500000000000004 29.062067821456424 13.500000000000002 16.500000000000004 190926.96777620536 150932.42291239515 26.03049435759127 1.0000000180025095e-35 61.500000000000007 1.5000000000000002 1.0000000180025095e-35 1.0000000180025095e-35 3.5000000000000004 5.0690339509305353 0.0023201667136965682 1.5000000000000002 1.0000000180025095e-35 47.300527285418262 268175.05163201824 34.690976756524371 5.5000000000000009 1.5000000000000002 1.0000000180025095e-35 2.5000000000000004 124326.37906049102 395025.46561632113 130657.01393075653 2.5000000000000004 162495.81210183841 1.5000000000000002 0.018118430090742144 94.676288673565523 1.0000000180025095e-35 313230.26700726774 2.5000000000000004 3.5000000000000004 1.5000000000000002 0.0041639095064517915 85.219237183195602 1.5000000000000002 59.176033785183769 28.500000000000004 0.0036032443516257466 1.5000000000000002 194491.15550176226 46.433000921616078 9.5000000000000018 37.353817174790336 109958.62175365254 4.5000000000000009 55.288121637178584
decision_type=2 2 2 2 2 2 2 2 2 2 2 2 2 2 2 2 2 2 2 2 2 2 2 2 2 2 2 2 2 2 2 2 2 2 2 2 2 2 2 2 2 2 2 2 2 2 2 2 2 2 2 2 2 2 2 2 2 2 2 2 2 2
left_child=1 2 3 4 8 10 13 -5 -1 -4 11 -6 20 -7 16 -16 -15 18 19 -11 -10 -2 43 24 -24 26 28 -27 29 30 -26 32 36 35 40 -34 42 -32 -39 -40 41 52 58 44 45 49 -47 -48 -49 53 51 -36 -33 54 -23 56 -56 -50 59 60 61 -25
right_child=21 -3 9 7 5 6 -8 -9 12 17 -12 -13 -14 14 15 -17 -18 -19 -20 -21 -22 22 23 31 25 27 -28 -29 -30 -31 37 34 33 -35 50 -37 -38 38 39 -41 -42 -43 -44 -45 -46 46 47 48 57 -51 -52 -53 -54 -55 55 -57 -58 -59 -60 -61 -62 -63
leaf_value=0.0010750425896211054 0.00018408273716888468 2.7912546784327652e-06 0.0002692543671074579 0.0020192689331863666 0.0019645092058150722 -0.0011363896641476592 0.0012383172761579501 0.00043308843983416441 -0.0012100996768400739 0.00086309428678023607 0.0023198666358069274 -3.0041823462664883e-05 -4.5442872129071235e-05 0.0021664970605988275 -0.0020230161098933261 0.00048307631932894353 0.00013745854405868035 4.496225160885553e-05 2.3185903846797475e-05 -0.00061707052008210645 -0.00020441736915316022 -3.5678657476312054e-05 -0.001026472345828041 -0.00087097014522880066 -3.6705940278122543e-05 0.00033821175729437016 0.00051273341184453669 -0.00066462552624076067 0.00020769773716249713 0.00036964111889098037 6.2834655522413913e-05 -5.2801584755300359e-05 -0.0026511742646675887 -6.8075923639029126e-05 0.00026357943628138391 -0.00087760442512401318 -0.00048531342395811863 -0.0022326114543064156 -0.0022638264082087442 -0.00035456509295837184 0.00038809010641565234 0.0012676612574204829 -0.0010557886485099048 0.00034926749210152425 3.2387175678797973e-06 0.00028067454127511567 -6.4933853978419335e-05 -0.0022753424314530496 -0.00026976215338656007 -0.001474560771238975 -0.0008964531951617589 -0.00031330875029210908 0.00027312906743487511 -0.00021439349964530053 -0.0031056827906376589 -0.00056442399392139548 -0.0010371431692402196 -0.0011329230981974294 3.9103593587736467e-05 2.698196120270047e-05 -1.6746262361886321e-05 -0.0025449617763229752
leaf_weight=383 5081 341914 17819 221 201 324 484 2145 563 2144 231 393 41590 203 272 370 529 43404 3193 201 1037 677 436 955 704 11244 1722 688 1352 529 310 34536 244 1228 2410 2178 4596 570 222 687 3416 294 474 1463 7406 2845 2971 274 1689 524 1008 9317 4846 2939 258 1851 545 803 16752 3996 804 334
leaf_count=383 5081 341914 17819 221 201 324 484 2145 563 2144 231 393 41590 203 272 370 529 43404 3193 201 1037 677 436 955 704 11244 1722 688 1352 529 310 34536 244 1228 2410 2178 4596 570 222 687 3416 294 474 1463 7406 2845 2971 274 1689 524 1008 9317 4846 2939 258 1851 545 803 16752 3996 804 334
internal_value=-2.3799e-08 2.14131e-05 7.64405e-05 6.02368e-06 -2.31945e-05 0.000429364 0.000170553 0.000581248 -5.44258e-05 0.000128067 0.00111388 0.000644882 -6.44417e-05 -0.000133803 0.000102615 -0.000578695 0.000700156 7.66625e-05 0.000325113 0.000736223 -0.000558292 -7.25945e-05 -8.26191e-05 -5.72693e-05 0.000120896 0.000148644 -0.000109224 0.000280388 -0.000354083 -0.000605416 -0.000812317 -9.49133e-05 -0.000199779 -0.00072381 -3.5629e-05 -0.00105628 -0.00013125 -0.00111753 -0.00136494 -0.000820853 2.78111e-05 -3.20798e-06 -6.14548e-05 -0.000193295 -0.000228137 -0.000339581 -0.000161176 -0.000380291 -0.00071902 -0.000564937 -0.000250294 -0.000194753 -1.26954e-05 -0.000488918 -0.000731136 -0.000908537 -0.00170175 -0.000547899 -4.08202e-05 -0.000260706 -0.000809965 -0.00130473
internal_weight=592799 457621 115707 48946 46580 3007 2182 2366 43573 66761 825 594 43190 1698 1374 642 732 48942 5538 2345 1600 135178 130097 105852 18464 18028 6096 11932 4374 3022 2493 87388 31561 3650 55827 2422 27911 1789 1479 909 43092 39676 23315 24245 22782 15376 8582 5737 2766 6794 12735 11727 39382 6270 3331 2654 803 2492 22841 6089 2093 1289
internal_count=592799 457621 115707 48946 46580 3007 2182 2366 43573 66761 825 594 43190 1698 1374 642 732 48942 5538 2345 1600 135178 130097 105852 18464 18028 6096 11932 4374 3022 2493 87388 31561 3650 55827 2422 27911 1789 1479 909 43092 39676 23315 24245 22782 15376 8582 5737 2766 6794 12735 11727 39382 6270 3331 2654 803 2492 22841 6089 2093 1289
is_linear=0
shrinkage=0.05


Tree=85
num_leaves=63
num_cat=0
split_feature=3 0 18 26 0 30 25 0 18 0 31 28 20 0 22 26 25 25 30 27 27 31 29 29 30 17 30 26 30 3 30 30 25 18 27 29 29 26 25 25 26 17 27 17 20 25 17 0 0 26 17 0 25 25 0 22 17 0 22 25 28 26
split_gain=0.339099 0.22881 0.268971 0.257248 0.229352 0.195198 0.212265 0.624707 0.265808 0.263939 0.217145 0.189342 0.198457 0.207592 0.185297 0.607189 0.306027 0.268663 0.244571 0.217137 0.203607 0.191107 0.306094 0.280823 0.30409 0.274665 0.194805 0.189969 0.180758 0.179582 0.175025 0.171101 0.170148 0.168259 0.189191 0.166531 0.192048 0.165437 0.175848 0.282381 0.230724 0.217094 0.270429 0.176199 0.168113 0.17979 0.196268 0.172934 0.26955 0.231729 0.171111 0.235118 0.170195 0.161084 0.159577 0.283157 0.297258 0.198847 0.196569 0.148853 0.146776 0.194393
threshold=5935.4000000000005 522015.39771869255 2.5000000000000004 54.313560499016333 175805.61493698289 16.500000000000004 67.43384151425245 148219.14656636358 4.5000000000000009 50989.594365617719 12.500000000000002 -0.054399519132676481 5.5000000000000009 353945.15045855014 1.5000000000000002 39.558554857017462 20.800470767966221 87.462986312676534 2.5000000000000004 0.0066239101710610501 0.0020634117636140017 19.500000000000004 36.500000000000007 7.5000000000000009 14.500000000000002 1.0000000180025095e-35 140.50000000000003 51.328693046146391 7.5000000000000009 5684.7000000000016 174.50000000000003 1.0000000180025095e-35 96.644779444093828 3.5000000000000004 0.0035197751813570177 52.500000000000007 59.500000000000007 7.4377195804676122 51.599959332840051 62.663865710011684 70.470689871759632 1.0000000180025095e-35 0.0014133650800666772 4.5000000000000009 1.5000000000000002 5.0690339509305353 1.0000000180025095e-35 79073.686524652498 34739.908005921272 15.278686639645693 1.5000000000000002 166511.39409750554 7.9110373345266707 95.308857180611383 59684.192089584518 1.5000000000000002 4.5000000000000009 34739.908005921272 4.5000000000000009 97.961027016796464 -0.00016397266001805241 54.313560499016333
decision_type=2 2 2 2 2 2 2 2 2 2 2 2 2 2 2 2 2 2 2 2 2 2 2 2 2 2 2 2 2 2 2 2 2 2 2 2 2 2 2 2 2 2 2 2 2 2 2 2 2 2 2 2 2 2 2 2 2 2 2 2 2 2
left_child=1 2 14 -4 32 6 54 9 33 -8 -10 -7 -13 -14 17 20 29 21 -19 -20 -16 22 26 25 28 -23 37 35 -25 -17 -26 -27 -5 59 -35 -24 -37 -1 43 -40 41 -41 -43 44 45 46 -39 48 -47 -50 -48 -52 -46 -6 55 -2 57 -57 -58 -9 61 -49
right_child=5 -3 3 4 53 11 7 8 10 -11 -12 12 13 -15 15 16 -18 18 19 -21 -22 23 27 24 30 31 -28 -29 -30 -31 -32 -33 -34 34 -36 36 -38 38 39 40 -42 42 -44 -45 52 47 50 60 49 -51 51 -53 -54 -55 -56 56 58 -59 -60 -61 -62 -63
leaf_value=0.00049656107898323485 0.00020770432006206801 -0.00024326825943715922 -0.0010357616061013768 0.0016661485980793717 0.00044442358113511979 0.00040842909016194651 0.0011559095424690268 -7.5803046396733331e-05 -0.00029090424622925577 0.00018880951488105198 -0.0012149923783834572 4.1202849334684481e-05 -0.00094047126440358053 3.8572781440920465e-05 -0.00019786436076410166 -0.002412850723423174 -0.00026996996117714439 -0.00023801873749885262 0.00030039234484655666 0.00097383996661498456 0.00068033670376709367 0.0012115551830786195 -0.0013016984249430126 0.00039761421599563145 0.00016636130438627721 -0.00057584422441215883 0.0014713994142555688 0.00047937942944559735 -0.00080702451716805625 -0.00047769407655090784 0.0013209536385450824 0.00048910825249193592 0.00019803405816010548 4.7318577692688753e-05 0.0018084693507106561 0.0008593366348724241 -0.00084418864777749804 0.00082149037603830057 -0.00017636975729323312 -0.00014275594954652661 -0.00021190303402989584 0.00092063782633310944 0.00014954756166520131 -0.0007769887069639372 -0.0019387878377412492 0.00071490755623920344 -0.00015098707712376841 8.8922170539675128e-05 -0.00097958898592506727 -0.00010252159110345984 0.0012473457695389612 0.00021594446019266536 -0.00018287949664429779 -0.00089479660254270497 -7.0086827099337674e-05 0.00013785906025337423 0.00027075579074821373 -0.0013218517133087118 -0.00069555072405200918 0.00036787082485364249 9.2167846406596775e-05 -0.0005006225166192561
leaf_weight=1939 1621 6679 274 663 2815 3388 725 46272 3623 26240 771 63247 1071 1095 902 271 9373 1754 7506 1424 2460 1217 848 409 6754 458 237 340 1305 215 345 2137 281 375 257 248 497 1472 23049 6197 6675 1208 19362 621 203 961 2428 3199 795 14290 654 3562 431 244 195075 280 1111 1399 1000 1971 104328 2484
leaf_count=1939 1621 6679 274 663 2815 3388 725 46272 3623 26240 771 63247 1071 1095 902 271 9373 1754 7506 1424 2460 1217 848 409 6754 458 237 340 1305 215 345 2137 281 375 257 248 497 1472 23049 6197 6675 1208 19362 621 203 961 2428 3199 795 14290 654 3562 431 244 195075 280 1111 1399 1000 1971 104328 2484
internal_value=4.55822e-08 4.53424e-05 5.34815e-05 0.000446394 0.000547846 -3.15131e-05 -5.00113e-05 1.87168e-05 -8.05472e-05 0.000214812 -0.000453051 4.39631e-05 2.5086e-05 -0.000445525 4.62554e-05 -0.000135531 -0.000333402 5.7213e-05 0.00030176 0.000407782 0.000444722 4.46911e-05 3.25473e-05 0.000233247 7.81562e-05 0.000591802 3.87824e-05 -0.000593532 -0.00051957 -0.00155676 0.000222473 0.000301151 0.00122914 -4.70581e-05 0.000763483 -0.000822528 -0.000277109 3.7031e-05 3.23883e-05 -4.17162e-05 5.10902e-05 0.000116674 0.000194831 6.32994e-05 6.71703e-05 7.10085e-05 0.000299112 5.63223e-05 -9.70199e-05 -0.000148744 0.000183378 0.000375939 -0.000745103 0.000337601 -7.75162e-05 -0.000345356 -0.000581903 -0.00107842 -0.000186992 -5.76765e-05 7.86885e-05 -0.000168764
internal_weight=593035 243514 236835 4277 4003 349521 280720 80234 53269 26965 4394 68801 65413 2166 232558 13221 9859 219337 10684 8930 3362 208653 196028 12625 8813 3812 194095 1933 1714 486 7099 2595 944 48875 632 1593 745 193858 191919 56491 33442 26767 20570 135428 134807 134173 8116 126057 16046 15085 6644 4216 634 3059 200486 5411 3790 1679 2111 48243 110011 5683
internal_count=593035 243514 236835 4277 4003 349521 280720 80234 53269 26965 4394 68801 65413 2166 232558 13221 9859 219337 10684 8930 3362 208653 196028 12625 8813 3812 194095 1933 1714 486 7099 2595 944 48875 632 1593 745 193858 191919 56491 33442 26767 20570 135428 134807 134173 8116 126057 16046 15085 6644 4216 634 3059 200486 5411 3790 1679 2111 48243 110011 5683
is_linear=0
shrinkage=0.05


Tree=86
num_leaves=63
num_cat=0
split_feature=3 0 17 22 29 26 25 27 25 25 24 31 0 21 21 26 18 20 20 25 24 24 26 22 26 30 26 28 17 30 25 26 24 25 31 25 24 24 24 25 28 0 29 25 24 25 22 30 20 25 0 22 26 25 17 26 26 0 24 0 3 0
split_gain=0.322129 0.211863 0.339353 0.395858 0.498911 0.275357 0.3041 0.30331 0.264828 0.243256 0.312518 0.255765 0.24532 0.217942 0.222452 0.527462 0.523545 0.937279 0.687992 0.436152 0.235301 0.260059 0.339834 0.498554 0.548044 0.319534 0.270082 0.333671 0.269548 0.23557 0.231833 0.222914 0.446892 0.282093 0.244624 0.223001 0.289791 0.215574 0.217849 0.262226 0.209394 0.217087 0.205343 0.203851 0.20365 0.28616 0.19884 0.198583 0.197442 0.197131 0.196736 0.285298 0.235009 0.385099 0.238504 0.186519 0.183617 0.182082 0.180656 0.312187 0.18032 0.179267
threshold=6832.7500000000009 264042.46991680219 1.5000000000000002 1.0000000180025095e-35 5.5000000000000009 8.8165262027375029 1.0000000180025095e-35 0.01093242518841467 21.335964421447656 89.642542044469565 94.111871068922298 7.5000000000000009 88534.073246888307 2.5000000000000004 1.5000000000000002 77.995891677364469 1.0000000180025095e-35 3.5000000000000004 2.5000000000000004 61.473364877244727 18.711608254643412 36.999006847389829 61.250644959927634 1.0000000180025095e-35 69.026595959258302 21.500000000000004 15.632722427728462 -0.079105216555649768 6.5000000000000009 25.500000000000004 40.155823803891224 25.739688749451936 75.949789039500601 28.855629950460415 1.5000000000000002 24.795111409690833 58.034058036656653 28.229802062472391 24.396749273379374 20.217416093951574 -0.072637459424205228 230677.22461716292 21.500000000000004 26.144076857925583 71.010930919044185 29.502890963035501 1.5000000000000002 73.500000000000014 5.5000000000000009 32.519642590747594 122478.81271653248 1.0000000180025095e-35 85.095012968998972 96.047472766735694 1.0000000180025095e-35 72.658058523859196 44.361915929469205 370733.78167759435 22.027585509928084 140820.08675990006 5795.7500000000009 34739.908005921272
decision_type=2 2 2 2 2 2 2 2 2 2 2 2 2 2 2 2 2 2 2 2 2 2 2 2 2 2 2 2 2 2 2 2 2 2 2 2 2 2 2 2 2 2 2 2 2 2 2 2 2 2 2 2 2 2 2 2 2 2 2 2 2 2
left_child=1 5 3 -3 -5 37 7 -7 -4 10 11 13 44 14 20 16 18 -18 19 -16 -8 22 25 -24 -25 26 30 -28 31 -27 58 32 33 46 35 -33 55 38 39 -1 41 -2 -14 -44 -13 -46 -23 49 -42 -31 51 52 54 -54 -11 -37 -6 -50 -22 -60 -15 -29
right_child=40 2 8 4 56 6 9 -9 -10 50 -12 12 42 60 15 -17 17 -19 -20 -21 21 28 23 24 -26 29 27 61 -30 47 -32 34 -34 -35 -36 36 -38 -39 -40 -41 48 -43 43 -45 45 -47 -48 -49 57 -51 -52 -53 53 -55 -56 -57 -58 -59 59 -61 -62 -63
leaf_value=-0.0010865018979396991 -0.00018829777100032614 9.7675222643209759e-08 5.1318083332156509e-05 0.00072791935046257275 -0.00044921679015408333 0.00034755214012468588 0.00028706422411123924 0.0021330879964376157 -0.00013099751032594623 0.0024018874445934906 0.00039067382753011189 0.00030480672411805547 4.5013464557091923e-05 -0.00042174703667561544 -0.0010669764814199133 0.00080182725025040478 0.00010927793837867127 -0.0018617482506603307 0.00099739740280187532 0.00018952652537278545 -0.0016717513068667288 -0.00018805868320251161 -0.00013763510969965864 -0.0041913573120475117 -0.0008497976862314058 -0.0017179985925145495 0.0018385020531252072 0.0014198556004390614 -0.00035443506361032464 0.00053082491813037159 -9.5985858980039655e-05 0.00030761237169199681 0.00098714939090148988 0.00022177173546219644 -4.0507314700000553e-05 -0.00011991049579452723 0.00011779113059413465 0.0008266195816587972 -0.0011694919794805918 0.00043624949522467978 -7.7851019928182907e-05 0.00040486438811176029 0.00094203562670861982 0.0002064486873493707 0.0026850597847009171 0.00059408191195733234 -0.0014574352180968236 -0.0011520556142174559 -0.00064430466915277914 -0.00052657800644288451 7.4914395764463242e-05 0.00016680074984825555 -0.0010200905879155194 0.0013230242476667995 0.00085720228269001619 -0.0011421338601292014 0.00035810553703479744 6.2837213207405759e-05 -0.001017931761135111 0.00066979844180718414 0.00030777654338941897 -2.4659547575089298e-05
leaf_weight=315 2384 20133 27581 4886 1639 3970 6567 253 71696 292 5499 3074 49992 947 4138 1196 7757 654 556 829 487 1384 760 201 315 408 247 217 5092 663 2335 9398 1652 8398 119912 13085 34811 1881 283 2759 104996 4370 1201 4365 231 561 397 700 2938 1315 12613 4847 394 316 1733 462 1235 1319 989 379 8025 21003
leaf_count=315 2384 20133 27581 4886 1639 3970 6567 253 71696 292 5499 3074 49992 947 4138 1196 7757 654 556 829 487 1384 760 201 315 408 247 217 5092 663 2335 9398 1652 8398 119912 13085 34811 1881 283 2759 104996 4370 1201 4365 231 561 397 700 2938 1315 12613 4847 394 316 1733 462 1235 1319 989 379 8025 21003
internal_value=4.33028e-08 1.82158e-05 -3.70529e-05 0.000117039 0.000420439 3.83055e-05 3.28368e-05 0.000454524 -8.03468e-05 2.76053e-05 1.69903e-05 1.04607e-05 0.000103886 -1.1287e-05 -2.01044e-05 -0.000205843 -0.000292335 -4.39798e-05 -0.000670556 -0.000857264 -7.9482e-06 -1.65736e-05 -0.000153553 -0.000952 -0.00215145 -0.000118107 -6.02898e-05 1.138e-05 4.55783e-06 -0.0005988 -0.000427482 1.42043e-05 0.000224354 0.000100556 2.10282e-07 8.47474e-05 4.14354e-05 0.000398104 0.000157998 0.00028021 -7.46832e-05 0.000195492 7.70878e-05 0.000365169 0.000489008 0.00120395 -0.000471013 -0.000428287 -9.13854e-05 -0.00017215 0.000195911 0.000397194 0.0008055 2.27605e-05 0.00107994 -0.000154772 -0.000102299 -0.000425202 -0.000844757 -0.000550352 0.000230775 -9.88764e-06
internal_weight=593035 477028 127170 27893 7760 349858 344620 4223 99277 340397 320202 314703 59424 255279 246307 15130 13934 8411 5523 4967 231177 224610 30019 1276 516 28743 25657 21467 194591 3086 4190 189499 11831 10179 177668 57756 48358 5238 3357 3074 116007 6754 55558 5566 3866 792 1781 2678 109253 1978 20195 7582 2735 710 2025 13547 2874 4257 1855 1368 8972 21220
internal_count=593035 477028 127170 27893 7760 349858 344620 4223 99277 340397 320202 314703 59424 255279 246307 15130 13934 8411 5523 4967 231177 224610 30019 1276 516 28743 25657 21467 194591 3086 4190 189499 11831 10179 177668 57756 48358 5238 3357 3074 116007 6754 55558 5566 3866 792 1781 2678 109253 1978 20195 7582 2735 710 2025 13547 2874 4257 1855 1368 8972 21220
is_linear=0
shrinkage=0.05


Tree=87
num_leaves=63
num_cat=0
split_feature=3 0 17 22 29 26 25 27 25 25 31 20 0 28 29 27 0 20 22 20 0 25 0 22 26 25 17 0 21 3 25 28 26 27 0 25 21 29 3 17 20 21 17 22 18 3 25 17 20 5 0 19 27 26 25 22 22 17 25 25 25 5
split_gain=0.290722 0.191207 0.306266 0.357262 0.450267 0.24851 0.27445 0.273737 0.239007 0.219538 0.225296 0.236585 0.222849 0.190853 0.187606 0.181948 0.192713 0.214929 0.276429 0.191553 0.179576 0.179024 0.177554 0.257482 0.212096 0.347552 0.21525 0.1765 0.175998 0.192555 0.173204 0.166889 0.165714 0.164726 0.163889 0.16175 0.1593 0.158055 0.156249 0.154466 0.204741 0.245083 0.49243 0.48373 0.711103 0.507858 0.392806 0.304736 0.333863 0.281175 0.187702 0.320287 0.235798 0.219054 0.294557 0.202518 0.197459 0.329777 0.253457 0.241026 0.213721 0.22937
threshold=6832.7500000000009 264042.46991680219 1.5000000000000002 1.0000000180025095e-35 5.5000000000000009 8.8165262027375029 1.0000000180025095e-35 0.01093242518841467 21.335964421447656 89.642542044469565 7.5000000000000009 3.5000000000000004 88534.073246888307 -0.083475315122085933 21.500000000000004 0.0036101578943349469 152761.6676525597 2.5000000000000004 1.5000000000000002 1.0000000180025095e-35 65770.868918998967 26.144076857925583 122478.81271653248 1.0000000180025095e-35 85.095012968998972 96.047472766735694 1.0000000180025095e-35 1022354.2797967971 2.5000000000000004 5795.7500000000009 31.275554194054802 -0.01510011517620624 44.361915929469205 0.004888556510748699 230677.22461716292 24.795111409690833 1.0000000180025095e-35 6.5000000000000009 5732.6000000000013 10.500000000000002 6.5000000000000009 1.5000000000000002 8.5000000000000018 1.0000000180025095e-35 1.0000000180025095e-35 5450.7000000000007 61.473364877244727 6.5000000000000009 2.5000000000000004 138.16400000000002 171421.39701055989 1.0000000180025095e-35 0.010116235579600921 15.632722427728462 29.502890963035501 1.0000000180025095e-35 2.5000000000000004 3.5000000000000004 36.667831880934891 13.158154252354018 31.663758667122735 140.9145
decision_type=2 2 2 2 2 2 2 2 2 2 2 2 2 2 2 2 2 2 2 2 2 2 2 2 2 2 2 2 2 2 2 2 2 2 2 2 2 2 2 2 2 2 2 2 2 2 2 2 2 2 2 2 2 2 2 2 2 2 2 2 2 2
left_child=1 5 3 -3 -5 20 7 37 33 10 28 12 -12 34 -14 16 31 18 19 -18 -1 -16 23 24 26 -26 -11 -17 39 30 -30 -15 -6 -4 -2 -22 -37 -7 -25 40 41 50 43 45 46 -43 -45 48 -47 -46 53 52 -52 54 -8 -56 60 58 -58 -59 61 -55
right_child=13 2 8 4 32 6 9 -9 -10 22 11 -13 14 15 21 27 17 -19 -20 -21 35 -23 -24 38 25 -27 -28 -29 29 -31 -32 -33 -34 -35 -36 36 -38 -39 -40 -41 -42 42 -44 44 49 47 -48 -49 -50 -51 51 -53 -54 56 55 -57 57 59 -60 -61 -62 -63
leaf_value=-0.00060074759021687028 -0.0001323378968115469 9.2791784233606021e-08 -3.9272942990668359e-05 0.00069152337945592446 -0.00042675595165262499 0.00012599216409024761 -0.00090046471353239291 0.0020264336026366617 -0.00012444763525193878 0.0022817930807670491 0.00048716854724413185 -0.00040702824215707687 6.456888215663368e-05 -0.00067381086000592417 0.00091061763344374436 -0.00014721639543282357 0.0002534452563608222 0.0004096487009324793 0.00018041222597860935 -0.00026446485550701913 -0.00015125397124497744 0.00022230183951717211 7.1168675599436767e-05 -0.00022656547035408418 -0.00096908605614563911 0.001256873044471227 0.00081434216804970947 0.00039046629819011714 -0.0016094777739944306 0.00029248560004950492 -6.6212219423374295e-05 -9.4432441294107586e-05 0.00034020026014273047 0.00021837545979733761 0.00047132644976836794 0.00087155424559900671 0.00022680198782385237 0.00081763380724169115 0.00036777271659865155 -0.00061220269815897221 0.00080473703310700957 0.001856119104681999 -0.0020604026459872592 -0.0011566008401137802 -0.00059772609514076574 1.1767387106065182e-05 0.00028874847388147081 -0.0015822751367673882 0.0013344335473620909 0.00018431244523473196 0.0001076636978873989 -0.00030516777857300263 -0.00064638348149507953 0.00024277270982382411 -0.00049693627314309084 0.00022929023381715267 -0.0014557061712931452 0.00066170837098092664 -0.00037041146386328135 -0.00015792072701027927 -2.8156749579901573e-05 -0.00010157001740028384
leaf_weight=430 1826 20133 18158 4886 1639 2798 1642 253 71696 292 3905 2190 48679 1365 1203 66731 2225 4090 12350 9035 870 4399 12613 1707 394 316 1733 1562 243 8073 722 13897 1235 9423 2926 2292 1646 1172 3140 1067 770 431 350 3042 1598 4277 556 265 537 4094 67265 5365 1053 15995 1762 2109 802 984 1634 10139 118119 6932
leaf_count=430 1826 20133 18158 4886 1639 2798 1642 253 71696 292 3905 2190 48679 1365 1203 66731 2225 4090 12350 9035 870 4399 12613 1707 394 316 1733 1562 243 8073 722 13897 1235 9423 2926 2292 1646 1172 3140 1067 770 431 350 3042 1598 4277 556 265 537 4094 67265 5365 1053 15995 1762 2109 802 984 1634 10139 118119 6932
internal_value=4.11377e-08 1.7305e-05 -3.52003e-05 0.000111187 0.000399417 3.63902e-05 3.11949e-05 0.000431797 -7.63295e-05 2.6225e-05 1.61408e-05 0.000103146 0.000122348 -7.0949e-05 9.61023e-05 -8.42033e-05 -3.58572e-06 7.50191e-05 1.70507e-05 -0.000162125 0.000378199 0.000370114 0.000186115 0.000377334 0.000765225 2.16225e-05 0.00102594 -0.000134918 -4.07663e-06 0.000212694 -0.000454827 -0.000146251 -9.71836e-05 4.87522e-05 0.000239363 0.00046575 0.000602062 0.000330175 0.000158461 -1.18887e-05 -9.3237e-06 -1.18416e-05 -0.00020673 -0.000162893 -0.000383038 0.000208277 -0.000933251 6.8442e-05 0.00015931 -3.52409e-05 7.86965e-07 6.68286e-05 9.60414e-05 -2.9604e-05 -0.000339306 -0.000101273 -1.85605e-05 -0.000200809 -0.000727721 -8.5412e-05 -1.04066e-06 0.00013866
internal_weight=593035 477028 127170 27893 7760 349858 344620 4223 99277 340397 320202 60376 58186 116007 54281 111255 42962 27700 23610 11260 5238 5602 20195 7582 2735 710 2025 68293 259826 9038 965 15262 2874 27581 4752 4808 3938 3970 4847 250788 249721 248951 15150 14800 9290 5510 3598 5079 4814 5692 233801 73683 68318 160118 5513 3871 154605 13559 2436 11123 141046 22927
internal_count=593035 477028 127170 27893 7760 349858 344620 4223 99277 340397 320202 60376 58186 116007 54281 111255 42962 27700 23610 11260 5238 5602 20195 7582 2735 710 2025 68293 259826 9038 965 15262 2874 27581 4752 4808 3938 3970 4847 250788 249721 248951 15150 14800 9290 5510 3598 5079 4814 5692 233801 73683 68318 160118 5513 3871 154605 13559 2436 11123 141046 22927
is_linear=0
shrinkage=0.05


Tree=88
num_leaves=63
num_cat=0
split_feature=5 7 21 18 25 17 21 20 20 0 6 0 25 0 20 25 3 0 0 25 20 22 25 25 22 18 30 27 0 20 19 0 27 25 18 0 22 25 0 22 0 27 25 27 0 18 6 27 17 25 20 3 0 25 0 23 30 27 17 17 18 18
split_gain=0.264982 0.176854 0.164777 0.480487 0.596124 0.406412 0.339192 0.621867 0.322587 0.319679 0.28595 0.281405 0.235016 0.217357 0.337493 0.242659 0.212343 0.280674 0.261201 0.217517 0.217546 0.20597 0.352835 0.303492 0.204185 0.200843 0.196899 0.274489 0.194047 0.20695 0.189219 0.208591 0.183419 0.182379 0.181064 0.359039 0.175425 0.17133 0.168813 0.160076 0.197388 0.200441 0.159967 0.234155 0.154802 0.17786 0.218073 0.236762 0.174797 0.402788 0.174601 0.244872 0.162503 0.190359 0.149707 0.149445 0.149401 0.148853 0.148339 0.147778 0.144559 0.142787
threshold=115.06150000000001 4.5500000000000007 1.0000000180025095e-35 1.0000000180025095e-35 68.618117584860457 7.5000000000000009 1.5000000000000002 2.5000000000000004 5.5000000000000009 189656.90889442517 186.80000000000004 259897.22589403568 13.927933194169226 181349.2959676834 2.5000000000000004 46.378179701569898 5795.7500000000009 229073.78610854855 141737.39989991425 4.5270828533787304 3.5000000000000004 1.5000000000000002 22.183019641471613 13.927933194169226 1.0000000180025095e-35 10.500000000000002 13.500000000000002 0.0040854548366188268 207786.81899077081 1.0000000180025095e-35 1.0000000180025095e-35 80276.791259404054 0.002193636626978824 2.7338772347005533 1.5000000000000002 310158.0586648396 3.5000000000000004 61.158175199162415 335776.12591383629 1.5000000000000002 65770.868918998967 0.0025451926790975537 81.854369342706732 0.0058206738568424218 370733.78167759435 8.5000000000000018 179.30000000000004 0.0037686493473692889 10.500000000000002 49.641759607705417 1.0000000180025095e-35 6077.6000000000013 126106.87100563801 44.661005842268331 107236.870322431 1.0000000180025095e-35 8.5000000000000018 0.0083756215122932423 4.5000000000000009 1.5000000000000002 3.5000000000000004 7.5000000000000009
decision_type=2 2 2 2 2 2 2 2 2 2 2 2 2 2 2 2 2 2 2 2 2 2 2 2 2 2 2 2 2 2 2 2 2 2 2 2 2 2 2 2 2 2 2 2 2 2 2 2 2 2 2 2 2 2 2 2 2 2 2 2 2 2
left_child=55 -2 12 4 5 6 16 9 13 10 -8 -6 30 14 15 39 17 26 21 28 -21 -18 23 -23 -7 44 -4 -28 29 -20 31 -3 -11 -26 35 37 -15 -10 -22 40 -5 -42 43 -16 48 46 -46 -48 50 -50 -14 52 53 -52 -12 -1 -24 61 -25 -19 -53 -51
right_child=1 2 3 8 11 24 7 -9 34 32 54 -13 25 36 42 -17 18 59 19 20 38 22 56 58 33 -27 27 -29 -30 -31 -32 -33 -34 -35 -36 -37 -38 -39 -40 -41 41 -43 -44 -45 45 -47 47 -49 49 57 51 60 -54 -55 -56 -57 -58 -59 -60 -61 -62 -63
leaf_value=6.8628852585071384e-05 -0.00010497426412077709 0.00074169107954970628 -0.0002610032727115409 -0.00063893776378416299 0.00039705188345337148 0.00099747485770314932 -0.00050012925851747347 0.0010896569897358612 -0.00094191087450177168 -0.0007788169623868719 -0.0024998401856020139 -0.00011984533163336873 -9.4644180398469655e-06 1.0433053283005224e-05 -0.00012614144238223138 0.00013795790120428104 -0.00012427089568289553 -0.00030918000957656219 -0.00038765275612988114 6.7718417733246287e-05 -0.001046352944876843 -0.00055431184929452537 7.3515368443889998e-05 -0.0026010700278953393 0.0010834035164996884 -0.00061903457037240466 -4.1525987823127299e-05 0.0015886199809361152 -0.00018513547127642233 -0.0020998156237278841 -0.00039653741022644469 0.00017830571296807029 -0.00026281703878069083 2.7052032706831124e-05 -7.740926720329774e-05 -0.00015636852487935525 -0.00049838874130091063 -0.0023665984296028716 0.00017673203829826579 0.00075875072958741076 -4.6587722105667795e-05 0.00064271141231787962 0.00028007126970220909 -0.00097426117926170642 5.0736563788607715e-05 0.00023287394757155451 -3.7020372510347622e-05 -0.00048637616597747293 -0.0014739988646549074 0.00015745507530054317 0.0021143773350161535 6.6439794006135111e-05 0.00035348989659245969 0.00015973715080862057 -0.0011913877365398748 -0.00053695670948003483 -0.00051769021053721311 0.00093153318230663497 -0.0010376956855812751 -0.00087970197583315006 0.0011400454890468927 -0.00081870511825527154
leaf_weight=126901 51386 1843 6696 510 7448 663 1903 659 559 2099 266 4073 96697 65391 5224 20212 9937 1953 403 24603 796 884 1841 386 432 1269 920 359 2106 314 1256 15136 9594 7543 2238 1194 1739 339 437 2913 1636 2968 1776 964 7082 3207 5031 7024 635 956 302 67734 3356 212 1227 1027 2547 338 250 2710 315 616
leaf_count=126901 51386 1843 6696 510 7448 663 1903 659 559 2099 266 4073 96697 65391 5224 20212 9937 1953 403 24603 796 884 1841 386 432 1269 920 359 2106 314 1256 15136 9594 7543 2238 1194 1739 339 437 2913 1636 2968 1776 964 7082 3207 5031 7024 635 956 302 67734 3356 212 1227 1027 2547 338 250 2710 315 616
internal_value=3.9081e-08 -1.74894e-05 -6.62338e-06 -3.91304e-05 -0.000122345 -0.00016992 -0.00020835 -0.000413808 3.27891e-05 -0.000479471 -0.000906518 0.000214314 2.4007e-05 5.05059e-05 0.000149253 0.000230325 -0.000151727 -0.000332599 -0.000100364 -1.02952e-05 3.52381e-05 -0.000263272 -0.000497066 -0.00115358 0.000154366 7.93736e-06 -0.000152422 0.000416036 -0.000427014 -0.00113747 0.000195652 0.000239459 -0.000355444 8.42738e-05 -0.000390012 -0.000724431 -2.74796e-06 -0.00147974 -0.000612867 0.000462904 0.000294386 0.000397774 -0.000138215 -0.000258266 1.2049e-05 -0.000111726 -0.000169475 -0.000298843 2.82071e-05 -0.000383075 3.44148e-05 9.34116e-05 0.000480289 0.00130818 -0.00142451 6.37672e-05 -0.000269648 -2.03859e-05 -0.00198654 -0.000640751 7.14095e-05 -0.000225061
internal_weight=593035 465107 413721 200712 93049 81528 72890 15748 107663 15089 3396 11521 213009 103333 36203 28239 57142 12638 44504 28659 25836 15845 5908 1520 8638 194774 7975 1279 2823 717 18235 16979 11693 7975 4330 2092 67130 898 1233 8027 5114 4604 7964 6188 193505 22344 19137 12055 171161 2545 168616 71919 3870 514 1493 127928 4388 1910 636 4663 68049 1572
internal_count=593035 465107 413721 200712 93049 81528 72890 15748 107663 15089 3396 11521 213009 103333 36203 28239 57142 12638 44504 28659 25836 15845 5908 1520 8638 194774 7975 1279 2823 717 18235 16979 11693 7975 4330 2092 67130 898 1233 8027 5114 4604 7964 6188 193505 22344 19137 12055 171161 2545 168616 71919 3870 514 1493 127928 4388 1910 636 4663 68049 1572
is_linear=0
shrinkage=0.05


Tree=89
num_leaves=63
num_cat=0
split_feature=3 28 0 20 18 20 0 31 0 25 29 0 17 26 18 30 20 25 21 0 22 26 22 0 21 18 22 25 18 26 30 25 0 30 17 29 22 21 22 30 0 18 21 25 22 25 22 20 3 25 25 0 25 0 0 17 17 26 26 25 25 21
split_gain=0.243039 0.179418 0.299186 0.174041 0.162385 0.159312 0.172951 0.218832 0.224794 0.20929 0.283454 0.231614 0.19461 0.189911 0.184894 0.183091 0.178503 0.196159 0.295152 0.193262 0.233322 0.19327 0.190455 0.189054 0.278538 0.747318 0.281636 0.250558 0.248396 0.244582 0.210082 0.217621 0.206916 0.183951 0.176589 0.214044 0.227811 0.204035 0.285431 0.176213 0.304778 0.172135 0.397656 0.373014 0.259525 0.279061 0.262633 0.324358 0.954437 0.413156 0.390686 0.225783 0.187525 0.219806 0.177278 0.234828 0.295429 0.228166 0.200812 0.167217 0.166433 0.165825
threshold=6832.7500000000009 -0.055709627072703875 395025.46561632113 5.5000000000000009 10.500000000000002 3.5000000000000004 329127.71717540029 7.5000000000000009 85174.409413210771 1.0000000180025095e-35 6.5000000000000009 130657.01393075653 10.500000000000002 8.2326004100409431 8.5000000000000018 139.00000000000003 1.5000000000000002 72.180393832584613 1.0000000180025095e-35 69337.619618890269 1.0000000180025095e-35 69.026595959258302 1.0000000180025095e-35 137070.69666780901 1.5000000000000002 1.0000000180025095e-35 1.0000000180025095e-35 54.012269386054356 2.5000000000000004 93.933378629101995 78.500000000000014 46.857733672380377 194491.15550176226 20.500000000000004 1.5000000000000002 4.5000000000000009 1.0000000180025095e-35 2.5000000000000004 2.5000000000000004 12.500000000000002 153712.86198200806 1.0000000180025095e-35 1.5000000000000002 37.71323191509908 1.5000000000000002 60.890292323121493 4.5000000000000009 1.0000000180025095e-35 6427.6500000000005 34.405898783828633 19.484636596632892 34739.908005921272 50.918004934977837 63828.350945854407 106259.42812028559 3.5000000000000004 4.5000000000000009 55.288121637178584 39.558554857017462 61.473364877244727 9.0950400029819587 2.5000000000000004
decision_type=2 2 2 2 2 2 2 2 2 2 2 2 2 2 2 2 2 2 2 2 2 2 2 2 2 2 2 2 2 2 2 2 2 2 2 2 2 2 2 2 2 2 2 2 2 2 2 2 2 2 2 2 2 2 2 2 2 2 2 2 2 2
left_child=4 2 -2 -3 5 6 7 9 60 10 -1 -12 13 -10 34 -15 17 23 19 20 21 -19 39 29 26 59 27 33 -27 41 31 -28 -33 -25 35 36 -8 38 -36 -21 -41 42 44 -44 51 46 47 50 49 -49 -46 -11 53 -43 55 -50 57 58 -57 -26 -9 -54
right_child=1 3 -4 -5 -6 -7 14 8 12 16 11 -13 -14 15 -16 -17 -18 18 -20 22 -22 -23 -24 24 25 28 30 -29 -30 -31 -32 32 -34 -35 37 -37 -38 -39 -40 40 -42 52 43 -45 45 -47 -48 48 54 -51 -52 -53 61 -55 -56 56 -58 -59 -60 -61 -62 -63
leaf_value=0.00011755950712103038 -6.3323056631013196e-05 -7.2304797356826145e-05 0.00047975822297938696 -0.00040759071634162132 -0.00057786755027672396 -0.00015034849325418957 8.7205666407850224e-05 0.0018841092276218633 0.00091055543181035685 0.00065382111650323183 0.0024891120879546409 0.00068301054942267886 -0.001154212218661002 7.9491611584530051e-05 0.00022792794529735586 0.00069273317656083123 0.0001599497036149965 0.00041500491041486206 0.00027940373012420888 -0.00020995649645446583 0.0002113899056550126 0.0024537573404518494 7.9272839799752074e-05 -1.2185016572548871e-05 -0.0006988128991726357 0.0001347934387550732 0.00026992111100368574 -0.00022018438388357199 -0.0016444107211245865 0.0013303295493665829 -0.00059389063518296311 -4.827378717410772e-05 0.0001931104664840023 0.0002802703216940445 -0.00020312622967637433 -0.0001058703100026701 0.00068966204700854263 3.0054992006754343e-05 0.00034023699483539549 0.001947151058943589 -3.5916598498009452e-05 -0.00029531825557503545 -0.0020078343691910471 -0.00026991783504004877 -0.0015149324578722922 0.0001780000584878941 0.00028507002258437269 0.0018661490475472575 7.7101834714049294e-06 0.00017140316524380251 -0.00049591564656186133 -5.592455196534946e-05 -0.00024980802547782842 0.00034782962672697671 -0.00010152178035357229 -0.0015418736884976357 -0.00028517566710156727 -0.0027606168329420864 0.00021680339653121686 -8.0133021932821431e-05 0.00040951164422687838 0.00021046624306969306
leaf_weight=3575 7293 100801 3888 4025 1149 13768 4755 202 714 1140 214 1041 311 66049 5750 1240 19306 231 14813 12837 2266 234 20879 37743 5401 10244 20915 13023 200 312 987 18639 16953 6270 37587 6845 2342 19175 2583 261 752 1623 520 760 1133 2942 1422 668 708 779 5539 65624 5797 7321 1523 739 774 289 208 1369 3630 2954
leaf_count=3575 7293 100801 3888 4025 1149 13768 4755 202 714 1140 214 1041 311 66049 5750 1240 19306 231 14813 12837 2266 234 20879 37743 5401 10244 20915 13023 200 312 987 18639 16953 6270 37587 6845 2342 19175 2583 261 752 1623 520 760 1133 2942 1422 668 708 779 5539 65624 5797 7321 1523 739 774 289 208 1369 3630 2954
internal_value=3.71271e-08 -6.48708e-05 0.000125524 -8.51788e-05 1.58219e-05 1.72553e-05 2.22489e-05 3.61431e-05 0.000114596 1.79393e-05 0.000344505 0.000990983 9.36925e-05 9.93995e-05 -4.5093e-05 9.07924e-05 1.27864e-05 2.87975e-06 9.04671e-05 1.57549e-05 0.000420745 0.00144096 -1.60925e-05 -1.6643e-05 2.30078e-05 -0.00016452 5.11935e-05 -2.75276e-05 0.000100722 -6.74701e-05 0.000129288 0.000141919 6.67011e-05 2.94776e-05 -6.65138e-05 9.36142e-05 0.000286015 -0.000104133 -0.000168187 -0.000159857 0.000475022 -7.17264e-05 -0.000101336 -0.000975946 -8.79267e-05 -0.000264063 -0.000358429 -0.000432463 -0.000155053 0.000953774 -0.000668959 -4.38056e-05 7.01181e-05 0.000231122 -0.000533377 -0.000775362 -0.00105119 -0.00153088 -0.0011556 -0.000573706 0.000487244 -9.44372e-05
internal_weight=593035 116007 11181 104826 477028 475879 462111 383074 72146 310928 4830 1255 68314 68003 79037 67289 306098 286792 52273 37460 2731 465 34729 234519 131744 17214 114530 57036 10444 102775 57494 56507 35592 44013 73287 13942 7097 59345 40170 13850 1013 102463 84768 1280 83488 16724 13782 12360 5688 1447 6672 66764 17695 8944 4241 2718 2010 1236 947 6770 3832 8751
internal_count=593035 116007 11181 104826 477028 475879 462111 383074 72146 310928 4830 1255 68314 68003 79037 67289 306098 286792 52273 37460 2731 465 34729 234519 131744 17214 114530 57036 10444 102775 57494 56507 35592 44013 73287 13942 7097 59345 40170 13850 1013 102463 84768 1280 83488 16724 13782 12360 5688 1447 6672 66764 17695 8944 4241 2718 2010 1236 947 6770 3832 8751
is_linear=0
shrinkage=0.05


Tree=90
num_leaves=63
num_cat=0
split_feature=3 19 27 28 27 21 28 18 24 30 29 26 30 26 27 30 18 24 27 17 27 26 3 5 22 24 24 26 27 21 22 18 17 3 18 22 26 27 21 18 24 22 22 17 29 30 26 29 5 31 3 26 27 24 17 26 21 27 18 24 24 27
split_gain=0.218241 0.157207 0.171542 0.154424 0.157067 0.224091 0.172301 0.144087 0.166455 0.144288 0.144444 0.143376 0.122252 0.212256 0.176499 0.116039 0.113923 0.112794 0.185254 0.196271 0.398725 0.248625 0.263382 0.196118 0.229594 0.153097 0.250048 0.195739 0.276491 0.202736 0.207809 0.530561 0.486991 0.367754 0.270643 0.199314 0.184972 0.172324 0.167783 0.433939 0.3915 0.253993 0.227391 0.183915 0.173139 0.153359 0.153039 0.150137 0.149372 0.148021 0.146427 0.142188 0.177523 0.178417 0.152273 0.150234 0.238496 0.22573 0.278746 0.244916 0.197866 0.187618
threshold=6832.7500000000009 1.0000000180025095e-35 0.0025115518080189056 -0.083475315122085933 0.0080939128700912022 2.5000000000000004 -0.028141913600048193 10.500000000000002 91.269519519535649 254.00000000000003 80.500000000000014 4.464030017233088 1.5000000000000002 92.397620940082945 0.0072664608556481068 10.500000000000002 1.0000000180025095e-35 19.407863127836613 0.011244776775483807 1.5000000000000002 0.003476763753555745 19.62986475536156 5795.7500000000009 140.9145 1.0000000180025095e-35 29.751697095856162 28.740835284213198 28.317415971378832 0.001363705154149085 1.5000000000000002 1.0000000180025095e-35 1.0000000180025095e-35 6.5000000000000009 5450.7000000000007 2.5000000000000004 1.5000000000000002 15.278686639645693 0.018118430090742144 1.0000000180025095e-35 1.0000000180025095e-35 47.905683434042722 1.0000000180025095e-35 1.5000000000000002 1.0000000180025095e-35 21.500000000000004 17.500000000000004 27.112613424049531 5.5000000000000009 139.48850000000002 5.5000000000000009 5450.7000000000007 34.911395100267761 0.001704662683827097 42.169865851083777 2.5000000000000004 54.974476962867882 1.0000000180025095e-35 0.0037686493473692889 1.0000000180025095e-35 60.649232127919909 63.008607222743031 0.0016619907830895447
decision_type=2 2 2 2 2 2 2 2 2 2 2 2 2 2 2 2 2 2 2 2 2 2 2 2 2 2 2 2 2 2 2 2 2 2 2 2 2 2 2 2 2 2 2 2 2 2 2 2 2 2 2 2 2 2 2 2 2 2 2 2 2 2
left_child=1 7 16 -2 -5 6 -6 8 9 10 11 -1 13 -10 -14 -7 -3 18 19 20 23 49 -23 24 50 26 -19 28 -27 45 33 32 35 -31 48 -32 -28 38 40 41 -30 46 43 -42 -41 51 -40 -21 -33 -22 -13 52 53 -29 -55 56 57 -53 -59 -60 -58 -57
right_child=3 2 -4 4 5 15 -8 -9 12 -11 -12 17 14 -15 -16 -17 -18 25 -20 47 21 22 -24 -25 -26 27 36 29 37 30 31 34 -34 -35 -36 -37 -38 -39 39 44 42 -43 -44 -45 -46 -47 -48 -49 -50 -51 -52 55 -54 54 -56 61 60 58 59 -61 -62 -63
leaf_value=0.00049926920545608367 0.000218555288959618 -0.00022494323294026445 -1.3325080193219163e-05 -4.8661235594240006e-05 -6.8757411817457718e-05 3.6283257410188086e-05 -0.00041897651673414131 -0.00054590245379151729 -6.2092007039028121e-05 0.00066702879566248692 -0.00092196935780119267 -0.00048660784315787773 0.00011635973331569914 -0.0018019647348610308 0.00049275931352903959 0.00086660897433583906 -0.00079387147917732372 -4.1141129497955488e-05 0.0012259988637785459 8.0808974010690668e-05 -2.9729985119889159e-05 -0.0012497519718095761 0.00056616743327140282 0.0013193770779171008 0.0010036279068567949 -0.00043816131812678062 0.00036442011077074854 0.00014106715172685036 8.6540581941182507e-05 0.0012688487048585408 -0.00068848968183167394 -0.0003416907680485247 0.00083545394734056222 -1.7241592603487511e-05 -0.0010544233924963547 -0.0015437135901608474 -0.00058315705119145911 -0.0010727193433303789 5.8003836481452267e-05 0.00017069932971822019 0.00031165989644301611 -0.00035820430049530528 5.9550609065198948e-05 0.00089403095095518101 0.00093989967366800344 9.6054255543276913e-05 0.0011834468215923101 -0.00039251880810483171 3.9013999389788889e-05 0.0012086683857160099 0.00043888306610628705 -2.9286556702608414e-05 -6.2702967118684097e-05 -0.00098214666182368845 -0.00014700119620548397 0.00014114677466309626 0.00023991877412370312 0.0002621021576389427 -0.00083555448206977545 0.00058271877848273235 -2.0490720076680844e-05 -6.5986628489558317e-05
leaf_weight=1521 4709 7327 15963 94278 5752 1467 9018 1117 1419 847 412 659 21329 200 3647 590 1000 24192 385 7431 981 751 272 842 1181 2249 597 887 14960 579 3102 3243 464 13900 685 873 3750 297 2707 17234 2142 7458 1975 3693 764 48942 340 2163 12537 320 1216 77953 16779 1555 841 12659 23500 12875 1120 418 10578 80152
leaf_count=1521 4709 7327 15963 94278 5752 1467 9018 1117 1419 847 412 659 21329 200 3647 590 1000 24192 385 7431 981 751 272 842 1181 2249 597 887 14960 579 3102 3243 464 13900 685 873 3750 297 2707 17234 2142 7458 1975 3693 764 48942 340 2163 12537 320 1216 77953 16779 1555 841 12659 23500 12875 1120 418 10578 80152
internal_value=-3.22425e-07 1.46267e-05 -0.000109293 -6.18906e-05 -7.37769e-05 -0.000214494 -0.000282588 2.12758e-05 2.26788e-05 1.50848e-05 1.37829e-05 1.46927e-05 0.000144028 -0.000277024 0.000171322 0.000274442 -0.000293267 1.2947e-05 0.00014232 0.000115941 0.000334659 -0.000183717 -0.000766927 0.000643717 0.000457556 7.78451e-06 -0.000103878 1.6227e-05 0.000104522 1.54427e-06 -0.000111408 -0.000212255 -0.000697388 3.41878e-05 -8.14616e-05 -0.000876316 -0.000453021 0.000128189 0.000135145 5.43036e-05 0.000236341 -0.000201057 0.000523284 0.000680245 0.000203351 1.54089e-05 0.000183587 -2.59044e-05 -3.92259e-05 0.000274872 0.000113604 -1.08362e-06 -0.000128493 -0.000464739 -0.000689009 1.05745e-05 4.60337e-05 4.32351e-06 0.000186104 -0.000450094 0.000159086 -3.77346e-05
internal_weight=592797 476983 24290 115814 111105 16827 14770 452693 451576 424981 424134 423722 26595 1619 24976 2057 8327 422201 16201 15816 6222 2324 1023 3898 3056 406000 28539 377461 53819 323642 35383 20904 4439 14479 16465 3975 4347 51570 51273 28503 22770 10505 7810 5835 17998 288259 3047 9594 15780 1301 1875 239317 20062 3283 2396 219255 126444 92366 14413 1538 34078 92811
internal_count=592797 476983 24290 115814 111105 16827 14770 452693 451576 424981 424134 423722 26595 1619 24976 2057 8327 422201 16201 15816 6222 2324 1023 3898 3056 406000 28539 377461 53819 323642 35383 20904 4439 14479 16465 3975 4347 51570 51273 28503 22770 10505 7810 5835 17998 288259 3047 9594 15780 1301 1875 239317 20062 3283 2396 219255 126444 92366 14413 1538 34078 92811
is_linear=0
shrinkage=0.05


Tree=91
num_leaves=63
num_cat=0
split_feature=3 20 28 27 23 26 25 17 26 24 25 22 18 3 24 26 25 24 21 26 26 17 22 3 28 27 31 29 25 18 26 17 22 29 3 22 27 29 25 26 27 24 20 21 21 27 26 31 24 24 26 24 3 25 27 27 26 25 18 21 26 25
split_gain=0.196963 0.14655 0.142085 0.143331 0.156544 0.30309 0.205078 0.155661 0.488066 0.36584 0.144188 0.134879 0.17027 0.326204 0.137714 0.141596 0.138734 0.153598 0.140399 0.210796 0.135336 0.136185 0.134459 0.133496 0.165129 0.129116 0.123462 0.211114 0.152108 0.15325 0.146566 0.125045 0.136813 0.122096 0.171928 0.151499 0.154027 0.121936 0.119691 0.228143 0.189945 0.152184 0.117731 0.260014 0.117056 0.136281 0.155601 0.116158 0.112319 0.202751 0.194244 0.220723 0.214661 0.17808 0.322105 0.164454 0.155446 0.278258 0.271158 0.191134 0.156484 0.176312
threshold=6832.7500000000009 3.5000000000000004 -0.10538628878302995 0.0036101578943349469 1.0000000180025095e-35 48.562965590403451 28.534311772681225 2.5000000000000004 40.110388326242244 28.229802062472391 39.515292840412457 5.5000000000000009 1.0000000180025095e-35 6427.6500000000005 91.269519519535649 68.644261676419333 1.0000000180025095e-35 54.818972468780977 1.0000000180025095e-35 37.083846441232311 10.642914471192386 6.5000000000000009 1.0000000180025095e-35 7204.4500000000007 -0.013896395625726253 0.0042442758188668108 7.5000000000000009 77.500000000000014 21.690229015155001 4.5000000000000009 6.3938455344194898 1.0000000180025095e-35 1.0000000180025095e-35 9.5000000000000018 5983.7500000000009 1.0000000180025095e-35 0.0096333322092345842 36.500000000000007 83.166386055998018 85.095012968998972 0.002631577874103239 40.926797454446273 6.5000000000000009 1.5000000000000002 1.0000000180025095e-35 0.0047507417750393003 93.933378629101995 61.000000000000007 36.999006847389829 20.110999338770498 29.411356765434977 19.407863127836613 5475.5500000000002 2.0912035667854103 0.010372319918134367 0.01388394373773493 28.891471227441773 28.855629950460415 1.0000000180025095e-35 1.0000000180025095e-35 34.911395100267761 40.155823803891224
decision_type=2 2 2 2 2 2 2 2 2 2 2 2 2 2 2 2 2 2 2 2 2 2 2 2 2 2 2 2 2 2 2 2 2 2 2 2 2 2 2 2 2 2 2 2 2 2 2 2 2 2 2 2 2 2 2 2 2 2 2 2 2 2
left_child=1 11 -2 7 -5 6 -6 8 9 -4 -11 14 -13 -14 16 33 17 20 -19 -20 -1 25 -10 24 -9 -22 27 48 31 30 -30 -28 37 35 -35 36 -16 -33 39 40 -3 -40 -42 -44 -17 -46 -47 -32 49 50 -18 52 -52 54 -51 -55 57 58 59 -50 61 -58
right_child=2 38 3 4 5 -7 -8 23 22 10 -12 12 13 -15 15 44 26 18 19 -21 21 -23 -24 -25 -26 -27 28 -29 29 -31 47 32 -34 34 -36 -37 -38 -39 41 -41 42 -43 43 -45 45 46 -48 -49 56 53 51 -53 -54 55 -56 -57 60 -59 -60 -61 -62 -63
leaf_value=-0.00026127003534828991 0.00032444639318383449 0.00014386879278414111 0.0006034587147457517 -0.00010003003611735256 -0.002526897931347436 0.0003487383372723508 -0.00075969666996094894 -0.00062212875086574155 -0.00016755273519691399 -0.00029576565810357546 -0.0016782911373534335 0.00061719865807745614 -0.00078895156828654627 0.0005750704051161223 0.00035085995069141787 0.00014273028428666437 -3.0624446128464389e-06 0.00036981180465078898 0.00051335956029668884 -0.00043386685325625676 0.00023008830721807646 -0.00042149409659941739 0.00048080272743139399 0.00014334605321338065 -1.0911909383219468e-05 0.00079531048600932754 0.00067474694151513077 -0.001512952819473461 0.0011179440621051048 -0.00032776001810803365 3.4376062301860947e-05 -5.3547278324595332e-05 0.00035309613956463839 0.0014876030788138067 2.2292554058465959e-05 -4.1612369834565627e-06 0.0015471247723629253 0.00072877975982507421 0.00085457467287916871 0.00076604577155878716 -0.00055099479202403183 -4.167848944232022e-05 -0.00041083507937449842 0.00096293306484735049 -0.00024888147417733217 0.00055276358270048428 -0.00082988069969411923 0.00075747073276456181 -7.2310100620357699e-05 -0.00035254467170479426 -0.00052568890098657057 0.0017827728491039291 0.00053856398691154092 -0.00012213403965299693 -0.0025528372602685967 0.00062346242773694078 6.0448940117207912e-05 0.00017971673923633503 0.00014492259087820275 -0.00078071296313204474 4.1472470545567527e-06 -0.00024192846710268247
leaf_weight=713 2369 1853 280 68946 214 510 705 1170 2242 235 955 2099 808 958 4096 11036 12220 1604 776 2416 1718 384 1243 17046 19899 2453 1331 233 317 2868 67507 6020 5279 475 346 3727 288 543 543 525 5106 3708 1490 448 4980 1155 247 560 1749 942 605 279 2185 41455 202 753 7361 27054 3627 2090 223881 13970
leaf_count=713 2369 1853 280 68946 214 510 705 1170 2242 235 955 2099 808 958 4096 11036 12220 1604 776 2416 1718 384 1243 17046 19899 2453 1331 233 317 2868 67507 6020 5279 475 346 3727 288 543 543 525 5106 3708 1490 448 4980 1155 247 560 1749 942 605 279 2185 41455 202 753 7361 27054 3627 2090 223881 13970
internal_value=-3.06303e-07 1.38953e-05 -5.87961e-05 -6.67991e-05 -0.000110766 -0.000628751 -0.00117121 5.04133e-06 -0.000258591 -0.00102266 -0.00140527 1.86564e-05 0.000312793 -4.90121e-05 1.61821e-05 0.000127162 9.42993e-06 0.000192903 -1.18176e-05 -0.000203589 0.00037928 0.000479547 6.36971e-05 3.93139e-05 -4.48539e-05 0.0005625 5.06508e-06 -8.42263e-06 5.91606e-05 3.03034e-05 4.53205e-05 0.000215248 0.000163601 0.000289018 0.000870067 0.000230204 0.000429447 1.11798e-05 -0.000147435 -0.000246802 -0.000306569 7.28041e-05 -0.000425061 -9.32664e-05 4.41614e-05 -0.000126288 0.000309174 4.03251e-05 -7.38662e-06 -7.03037e-05 8.6251e-05 0.000441875 0.000307785 -0.000125516 -0.000741058 -0.000108832 5.80285e-06 0.000105143 -0.000165085 -0.000457974 -8.18184e-06 -0.000137583
internal_weight=592797 476983 115814 113445 70375 1429 919 43070 4955 1470 1190 463310 3865 1766 459445 26350 433095 10064 4796 3192 5268 4555 3485 38115 21069 4171 423031 338606 84425 71252 68384 13173 11842 8932 821 8111 4384 6563 13673 9422 8897 4251 7044 1938 17418 6382 1402 68067 338373 58641 15289 3069 2790 43352 1144 42208 279732 34520 7466 3839 245212 21331
internal_count=592797 476983 115814 113445 70375 1429 919 43070 4955 1470 1190 463310 3865 1766 459445 26350 433095 10064 4796 3192 5268 4555 3485 38115 21069 4171 423031 338606 84425 71252 68384 13173 11842 8932 821 8111 4384 6563 13673 9422 8897 4251 7044 1938 17418 6382 1402 68067 338373 58641 15289 3069 2790 43352 1144 42208 279732 34520 7466 3839 245212 21331
is_linear=0
shrinkage=0.05


Tree=92
num_leaves=63
num_cat=0
split_feature=3 0 17 24 25 27 25 31 20 0 22 26 25 0 30 31 31 21 30 26 3 24 30 26 17 1 18 18 21 17 31 25 24 27 30 26 26 24 26 24 25 25 0 0 21 31 24 30 0 25 21 22 0 24 22 26 21 22 26 26 27 27
split_gain=0.177759 0.146536 0.216506 0.195971 0.203464 0.21351 0.189697 0.193428 0.235529 0.185181 0.213809 0.171991 0.176692 0.283989 0.299483 0.272345 0.203723 0.169103 0.164947 0.163858 0.161072 0.15597 0.13346 0.188529 0.206123 0.132075 0.148696 0.130062 0.127306 0.186948 0.126095 0.120696 0.120473 0.234988 0.199899 0.263145 0.244945 0.180415 0.270786 0.378585 0.264546 0.232348 0.210168 0.192187 0.196593 0.181439 0.161855 0.159814 0.165068 0.147467 0.141437 0.150499 0.183452 0.3922 0.433914 0.280786 0.215891 0.212067 0.447392 0.209282 0.198025 0.196454
threshold=6832.7500000000009 329127.71717540029 10.500000000000002 93.826968129450265 1.0000000180025095e-35 0.0077243936823136773 89.642542044469565 7.5000000000000009 3.5000000000000004 113534.26264484892 1.0000000180025095e-35 19.311080645211138 21.690229015155001 109052.29978744902 112.50000000000001 19.500000000000004 61.000000000000007 1.0000000180025095e-35 232.50000000000003 51.049071244597556 5830.1500000000005 20.110999338770498 7.5000000000000009 85.095012968998972 1.5000000000000002 7.8050000000000006 8.5000000000000018 2.5000000000000004 3.5000000000000004 11.500000000000002 21.500000000000004 96.047472766735694 15.078661583663008 0.0031972393374460669 5.5000000000000009 20.264741062633032 6.3938455344194898 36.999006847389829 25.739688749451936 80.650491874484274 28.855629950460415 74.93573124351505 175805.61493698289 132498.57196860635 1.0000000180025095e-35 1.5000000000000002 28.229802062472391 80.500000000000014 242537.55674504765 49.842032466646053 2.5000000000000004 3.5000000000000004 69337.619618890269 20.110999338770498 1.5000000000000002 19.972149105623817 1.5000000000000002 1.5000000000000002 60.033938062710249 19.62986475536156 0.01388394373773493 0.0013081769027742207
decision_type=2 2 2 2 2 2 2 2 2 2 2 2 2 2 2 2 2 2 2 2 2 2 2 2 2 2 2 2 2 2 2 2 2 2 2 2 2 2 2 2 2 2 2 2 2 2 2 2 2 2 2 2 2 2 2 2 2 2 2 2 2 2
left_child=1 2 3 4 5 -1 7 32 11 10 22 17 13 15 -15 -13 -14 30 -16 -4 -12 -19 -8 24 -24 26 27 -3 -2 -30 -9 -21 33 -6 36 -36 -35 41 39 40 43 47 -41 44 -39 49 -43 50 -49 -40 51 52 53 -34 60 -56 57 -54 61 -58 -55 -59
right_child=28 25 19 -5 6 -7 9 8 -10 -11 20 12 16 14 18 -17 -18 21 -20 31 -22 -23 23 -25 -26 -27 -28 -29 29 -31 -32 -33 37 34 35 -37 -38 38 45 42 -42 46 -44 -45 -46 -47 -48 48 -50 -51 -52 -53 56 54 55 -57 59 58 -60 -61 -62 -63
leaf_value=0.00019456849651741087 -6.8516959543034065e-05 -6.0902875675373542e-05 7.1130385239396757e-05 0.00024485583018085433 0.00054429567084253179 0.0010667820534804339 3.2604186662436682e-05 0.00076809490383489547 -0.0003950393772314514 6.8294941001612372e-05 -0.00018925214947699634 0.00066884532843379963 3.8346925595153212e-05 0.00011322256357321935 0.0024981050655090561 0.0027536321241499518 0.0011853229453864071 -0.0010383582561050108 0.0004897382970144949 -0.00083359068274602144 0.00044952753721755995 0.00020942306905420485 0.0023031353278693788 -0.00012606179414736591 0.0008969335055053646 0.00023218285063263309 0.00017305626363214586 -0.00029340599852993024 0.00023545449109349807 -0.00082487871405449373 -0.00010229724915941966 6.1518468877337228e-05 0.0010426328362030301 0.00061258207196774694 0.00045247491290715842 -0.00066122522236275601 -0.0013219576096938559 -0.00011358027377953179 0.00010861738047966615 0.0012252039735314536 0.0001920780658625565 0.00067041119076466501 0.00030727994035930701 1.6249638951887303e-05 -0.0013500785706975534 -4.3921471575014053e-05 -3.3501915149532174e-05 -0.0011823699437271797 0.00043460807027108746 -3.6529262592142924e-05 0.00034431036624957024 0.00030173695916756133 -0.00015354189869612307 -0.00045610836642350877 -0.00019374108449053231 -0.002072280920704256 -4.0475118057214315e-05 -0.00051851028230445078 -0.001921506332581495 -0.00080685523029366552 0.001090764613630607 0.00036154041680844066
leaf_weight=4758 109431 65030 1331 10269 2853 823 424 2505 2457 14015 1658 710 52830 6819 207 201 390 287 202 1685 2438 1966 361 288 937 4009 6188 6628 5936 447 499 485 365 230 1892 737 567 593 45324 1227 13876 1550 1268 1785 702 143178 1726 675 206 28505 1553 1816 22809 1912 275 719 1521 719 245 2150 232 5373
leaf_count=4758 109431 65030 1331 10269 2853 823 424 2505 2457 14015 1658 710 52830 6819 207 201 390 287 202 1685 2438 1966 361 288 937 4009 6188 6628 5936 447 499 485 365 230 1892 737 567 593 45324 1227 13876 1550 1268 1785 702 143178 1726 675 206 28505 1553 1816 22809 1912 275 719 1521 719 245 2150 232 5373
internal_value=-2.90988e-07 1.32006e-05 2.58143e-05 2.93137e-05 2.35097e-05 0.000323189 1.90589e-05 1.06092e-05 8.57171e-05 0.000168416 0.000398222 0.000103449 7.99329e-05 0.000296899 0.000192045 0.00112883 4.6752e-05 0.000377924 0.0015062 -0.000365635 0.000190959 5.04736e-05 0.000820586 0.00103124 0.00128803 -4.76882e-05 -6.21013e-05 -8.24082e-05 -5.58563e-05 0.0001612 0.000623512 -0.000633532 -7.49358e-06 0.000209106 -7.00223e-05 0.000140266 -0.000763684 -1.23456e-05 4.92793e-06 0.000183648 9.90312e-05 -0.0001055 0.0007587 -0.000320163 -0.000783867 -1.10913e-05 0.000299546 -0.000138207 -0.00080428 5.2577e-05 -0.000123422 -0.000142469 -0.00016468 -0.000508624 -0.00068906 -0.00155256 -0.000127966 -8.24524e-05 0.000173423 -0.000489322 -0.000288723 0.000257674
internal_weight=592797 476983 395128 391627 381358 5581 375777 355656 69073 20121 6106 66616 61359 8139 7228 911 53220 5257 409 3501 4096 2253 2010 1586 1298 81855 77846 71658 115814 6383 3004 2170 286583 6279 3426 2629 797 280304 236458 19451 16956 43846 2495 3080 1295 217007 3276 40570 881 73829 39689 38136 36320 3503 3138 994 32817 29146 6337 3671 2144 6092
internal_count=592797 476983 395128 391627 381358 5581 375777 355656 69073 20121 6106 66616 61359 8139 7228 911 53220 5257 409 3501 4096 2253 2010 1586 1298 81855 77846 71658 115814 6383 3004 2170 286583 6279 3426 2629 797 280304 236458 19451 16956 43846 2495 3080 1295 217007 3276 40570 881 73829 39689 38136 36320 3503 3138 994 32817 29146 6337 3671 2144 6092
is_linear=0
shrinkage=0.05


Tree=93
num_leaves=63
num_cat=0
split_feature=3 21 19 20 17 23 27 17 20 27 3 17 31 26 27 22 26 22 27 3 5 30 21 27 22 20 28 17 5 31 20 3 26 3 22 22 20 26 17 26 21 20 20 3 17 29 28 26 22 5 3 17 26 17 3 31 21 26 29 26 29 3
split_gain=0.163414 0.150864 0.198969 0.511233 0.253433 0.314331 0.220118 0.237468 0.397687 0.382362 0.426778 0.215395 0.188833 0.18379 0.433864 0.480222 0.359834 0.357987 0.253321 0.216506 0.194764 0.18231 0.180361 0.202065 0.168955 0.297921 0.194334 0.176141 0.221585 0.207046 0.193473 0.162268 0.154684 0.179756 0.145304 0.14719 0.257361 0.293873 0.268597 0.230256 0.32798 0.62279 0.27009 0.241897 0.24057 0.292864 0.200312 0.205039 0.188336 0.341805 0.227444 0.256682 0.161214 0.152141 0.166218 0.16546 0.146208 0.311042 0.142843 0.154524 0.142796 0.141316
threshold=5226.9000000000005 1.0000000180025095e-35 1.0000000180025095e-35 2.5000000000000004 1.5000000000000002 1.0000000180025095e-35 0.0036032443516257466 3.5000000000000004 1.0000000180025095e-35 0.0036101578943349469 6178.4000000000005 1.0000000180025095e-35 15.500000000000002 56.561237854913109 0.0015953749839173897 1.5000000000000002 29.411356765434977 1.5000000000000002 0.00081604770110023665 6059.5500000000011 138.16400000000002 81.500000000000014 2.5000000000000004 0.0068832129031013867 2.5000000000000004 3.5000000000000004 -0.030637790968529862 5.5000000000000009 135.63150000000002 3.5000000000000004 2.5000000000000004 5795.7500000000009 36.820623672163727 6810.3000000000002 5.5000000000000009 1.0000000180025095e-35 6.5000000000000009 47.940780825358061 8.5000000000000018 33.463021696214888 1.5000000000000002 2.5000000000000004 6.5000000000000009 6427.6500000000005 2.5000000000000004 11.500000000000002 -0.017518798662065124 29.116013396881122 1.5000000000000002 135.63150000000002 7099.2000000000016 5.5000000000000009 14.270477396105283 6.5000000000000009 6427.6500000000005 1.5000000000000002 1.5000000000000002 67.126810318823814 16.500000000000004 27.112613424049531 37.500000000000007 5795.7500000000009
decision_type=2 2 2 2 2 2 2 2 2 2 2 2 2 2 2 2 2 2 2 2 2 2 2 2 2 2 2 2 2 2 2 2 2 2 2 2 2 2 2 2 2 2 2 2 2 2 2 2 2 2 2 2 2 2 2 2 2 2 2 2 2 2
left_child=-1 2 6 4 -4 -6 13 8 9 11 -11 -8 -12 14 15 32 21 18 -15 -19 -17 -16 34 58 26 -26 -9 29 -29 -28 -30 -25 33 -2 35 36 37 -3 -39 44 42 -42 48 -43 -37 46 47 -46 50 -50 -41 -52 -48 55 -55 -51 -40 -58 -24 -60 -23 -18
right_child=1 22 3 -5 5 -7 7 24 -10 10 12 -13 -14 17 16 20 61 19 -20 -21 -22 60 23 31 25 -27 27 28 30 -31 -32 -33 -34 -35 -36 39 -38 38 56 40 41 43 -44 -45 45 -47 52 -49 49 53 51 -53 -54 54 -56 -57 57 -59 59 -61 -62 -63
leaf_value=5.2961906012118068e-05 -0.00046249175261840958 7.6201844243527867e-05 -6.5069593610778431e-08 0.00044133008879058787 -0.00043964527052387133 0.00081226803008048725 -0.0012476068887430532 0.00025535409570701464 0.00022118205613755917 7.8556970408851282e-05 -0.00030697732430739685 -0.00032889690271487569 -0.0013275483600404155 0.0012319374678515065 0.0003004148668583029 -0.000349276425495656 -0.00015121229592794769 -0.00041488550440813249 0.00025958751482872569 6.7204780441245879e-05 0.00024184010298468019 -0.0014944970119272116 -3.6387211425386193e-05 -0.00061264433133475995 5.8720770948678486e-05 -0.0012682234512455333 -0.00021723417169598275 0.00047713389745840639 -0.00017909847200758868 -0.00066336911841888171 0.0011285768994639511 0.0002830624220311682 -0.00018818462637685109 -0.001266637059908047 0.00044257816040783226 -0.0005353398373338518 0.00084626537802875903 -8.2871603527557994e-05 -0.00031337006090932602 3.4384005246936242e-05 -0.00040723336982116529 -0.0008622476733310307 -0.00043196921183399732 0.00048986232289702128 -0.00038034968252439474 0.00025970124266903351 0.00011407700491002738 -0.0013095656241333565 0.0017078393382820691 0.000624642206281479 -0.00073421277488663276 0.00010568085801383883 -0.00023480430347390231 -0.00087025210282091038 5.0981384603962676e-05 0.00014690847682900942 -0.0022929939328112793 -0.00042074067084526385 0.00063545684431507874 -2.6667324708901593e-05 -2.259823364849909e-05 7.0419465197570167e-05
leaf_weight=115946 4967 36621 7133 3316 10718 526 831 2496 20897 28847 5148 2747 497 690 19266 1789 10311 2842 22916 12900 6303 241 39096 533 16682 434 9027 1513 15826 3653 288 9850 4678 808 1396 5135 841 49989 1571 18373 12741 370 3058 3121 3340 3573 4219 722 361 2636 2233 1535 15389 528 6740 5801 347 615 1718 1809 521 23779
leaf_count=115946 4967 36621 7133 3316 10718 526 831 2496 20897 28847 5148 2747 497 690 19266 1789 10311 2842 22916 12900 6303 241 39096 533 16682 434 9027 1513 15826 3653 288 9850 4678 808 1396 5135 841 49989 1571 18373 12741 370 3058 3121 3340 3573 4219 722 361 2636 2233 1535 15389 528 6740 5801 347 615 1718 1809 521 23779
internal_value=-2.76439e-07 -1.32213e-05 1.44153e-05 -0.000130082 -0.00023319 -0.00038108 2.86056e-05 -2.20174e-05 4.5921e-05 -5.02816e-05 7.54439e-07 -0.00054227 -0.000396831 7.78163e-05 3.06854e-05 -0.000178027 0.000102206 0.000164852 0.000288009 -1.98299e-05 0.000111155 0.000270414 -4.18406e-05 3.92881e-05 -0.00010227 2.50743e-05 -0.000168716 -0.000203641 -0.000101406 -0.000345762 -0.000155727 0.000237082 -0.000401891 -0.000575002 -6.55657e-05 -6.95097e-05 -2.43054e-05 -3.25186e-05 -0.000108324 -0.000114769 -5.47126e-05 -0.000245117 2.01847e-05 0.000346556 -0.000221417 -0.000162246 -0.000225939 -0.000545513 5.63741e-05 0.000186694 -3.81889e-05 -0.000392059 -0.000159736 0.000151728 -1.59437e-05 0.000296168 -0.000610631 -0.00109608 -8.89475e-06 0.000295853 -0.00048812 3.38382e-06
internal_weight=592797 476851 242590 21693 18377 11244 220897 108886 58967 38070 34492 3578 5645 112011 72663 18545 54118 39348 23606 15742 8092 20028 234261 53006 49919 17116 32803 30307 17627 12680 16114 10383 10453 5775 181255 179859 89984 89143 52522 89875 57497 16232 41265 3491 32378 27243 23670 4062 38207 16066 22141 3768 19608 15705 7268 8437 2533 962 42623 3527 762 34090
internal_count=592797 476851 242590 21693 18377 11244 220897 108886 58967 38070 34492 3578 5645 112011 72663 18545 54118 39348 23606 15742 8092 20028 234261 53006 49919 17116 32803 30307 17627 12680 16114 10383 10453 5775 181255 179859 89984 89143 52522 89875 57497 16232 41265 3491 32378 27243 23670 4062 38207 16066 22141 3768 19608 15705 7268 8437 2533 962 42623 3527 762 34090
is_linear=0
shrinkage=0.05


Tree=94
num_leaves=63
num_cat=0
split_feature=3 20 19 20 18 28 27 30 26 30 17 26 24 25 25 18 25 27 26 24 18 18 24 28 27 24 27 25 18 21 26 26 20 18 27 17 21 24 26 25 17 3 17 26 24 24 17 25 18 31 18 26 24 26 30 3 28 28 27 18 7 21
split_gain=0.152378 0.153808 0.142026 0.233366 0.221172 0.134587 0.138545 0.133551 0.149158 0.134697 0.133541 0.368956 0.245949 0.233009 0.133418 0.218447 0.15603 0.243103 0.295196 0.529056 0.280813 0.249546 0.19671 0.185788 0.312566 0.19641 0.185477 0.182228 0.165094 0.16099 0.208605 0.191643 0.151777 0.147777 0.218878 0.14724 0.3012 0.145509 0.238739 0.143444 0.166884 0.148161 0.142856 0.140683 0.161022 0.135913 0.242637 0.137914 0.147048 0.181324 0.132671 0.167531 0.131115 0.169262 0.130379 0.127069 0.143885 0.125814 0.122817 0.122553 0.218892 0.122172
threshold=6872.7000000000016 3.5000000000000004 1.0000000180025095e-35 2.5000000000000004 1.0000000180025095e-35 -0.10538628878302995 0.0040332640021202562 2.5000000000000004 96.480185198186078 3.5000000000000004 2.5000000000000004 42.530689344533776 28.229802062472391 34.048417741947297 89.642542044469565 3.5000000000000004 13.927933194169226 0.0051947138990633655 15.278686639645693 23.836946178788434 1.0000000180025095e-35 1.0000000180025095e-35 11.592981464271849 -1.0000000180025095e-35 0.0092067825157089288 94.111871068922298 0.018118430090742144 65.785213736258157 4.5000000000000009 1.0000000180025095e-35 50.770565477094898 51.049071244597556 1.5000000000000002 2.5000000000000004 0.0035613056094694778 5.5000000000000009 1.5000000000000002 36.999006847389829 55.998385002094842 37.353817174790336 1.5000000000000002 6080.9000000000005 5.5000000000000009 51.957279005663295 74.371605000056476 81.798544610906774 1.5000000000000002 2.7338772347005533 1.0000000180025095e-35 1.5000000000000002 1.0000000180025095e-35 86.303945456073123 48.691343797730831 32.956356871028312 8.5000000000000018 7204.4500000000007 -0.013032380560547173 -6.4259564664492772e-05 0.0028601482659554645 1.5000000000000002 5.1500000000000012 1.5000000000000002
decision_type=2 2 2 2 2 2 2 2 2 2 2 2 2 2 2 2 2 2 2 2 2 2 2 2 2 2 2 2 2 2 2 2 2 2 2 2 2 2 2 2 2 2 2 2 2 2 2 2 2 2 2 2 2 2 2 2 2 2 2 2 2 2
left_child=1 2 7 4 57 -2 10 8 52 -9 11 12 -7 -14 16 -16 17 29 21 20 -20 -19 58 27 28 59 37 32 33 31 -31 -11 35 -25 -35 36 39 38 -21 40 41 -24 -17 44 -29 47 -47 48 49 -39 51 -33 -1 -54 -48 56 -12 -4 -18 -26 -61 -34
right_child=5 -3 3 -5 -6 6 -8 9 -10 14 55 -13 13 -15 15 42 22 18 19 26 -22 -23 23 24 25 -27 -28 43 -30 30 -32 50 61 34 -36 -37 -38 45 -40 -41 -42 -43 -44 -45 -46 46 54 -49 -50 -51 -52 -53 53 -55 -56 -57 -58 -59 -60 60 -62 -63
leaf_value=-0.00014555397074202244 0.00032215678713060661 -0.00014989380756147668 0.0001636294783016016 0.00047437039567743954 -0.00061669385033405401 0.00055375018967830051 -0.00011138431055639684 0.00023776491796980608 -0.0011162531966237171 -0.0001894033828098162 -0.00052158740953177221 6.6128968186361339e-05 0.00046116987275237947 -0.0013599075951109879 0.00022526619990608068 -0.0011881014255631765 0.00083109066294790766 -0.0011278047873613771 0.0026302357100646393 0.00013591215071830751 0.00082082066249653982 0.00020098087591278411 -0.00024501862611794097 3.3654724433344868e-05 -0.00025049790899281355 0.00091471754945909108 -0.00057478564461435177 0.00017425227039743517 -0.00023059743200685512 5.6573834525153668e-05 -0.00033377060475631707 0.00067103315505314309 7.3114966715828771e-05 0.00089476733260008721 -8.2859079284499417e-05 9.9060741927106072e-05 -0.00077123003525540984 0.0017975483903977492 -0.0017165979865676672 -8.3708829191230251e-05 -0.00064468185185441093 0.00084561636544924377 -0.00011211695644209833 -8.1664875255569582e-05 0.0010851914625435112 -0.0013431401995672566 -0.00069131343107011194 0.00026669582983534986 0.00052112284278258249 0.00052105780385418472 0.00011018136921879513 -0.00011822215762005608 0.00028937359504069391 -2.2935149684159059e-05 0.00046600695010628633 0.00012418152493586906 -1.5689146202873052e-05 -0.00014966644075670873 0.0001599655284139062 -0.00043570696955008654 -0.0018316094705033857 0.0011327640934309113
leaf_weight=19480 2333 14273 3950 1652 2208 267 60763 8010 321 2749 1512 3328 205 1227 17039 349 1125 622 362 1251 526 818 3480 250780 4690 308 590 4551 5884 10337 5117 3134 2515 1221 1078 3576 2436 615 202 12890 3021 342 2657 6328 543 264 290 2573 2280 508 4727 856 4814 43916 1513 19851 19953 16979 1730 1207 366 305
leaf_count=19480 2333 14273 3950 1652 2208 267 60763 8010 321 2749 1512 3328 205 1227 17039 349 1125 622 362 1251 526 818 3480 250780 4690 308 590 4551 5884 10337 5117 3134 2515 1221 1078 3576 2436 615 202 12890 3021 342 2657 6328 543 264 290 2573 2280 508 4727 856 4814 43916 1513 19851 19953 16979 1730 1207 366 305
internal_value=-2.62617e-07 1.17997e-05 1.67196e-05 -9.97559e-05 -0.000140749 -5.3538e-05 -6.17215e-05 2.32182e-05 -4.09725e-05 3.49251e-05 3.39433e-06 -0.000239932 -0.000839444 -0.00109921 3.05071e-05 0.000155938 2.32762e-05 0.000117059 0.000300106 0.000388428 0.00155844 -0.000372981 1.13141e-05 7.45372e-06 2.25844e-05 -0.000317968 0.000285416 -9.30214e-05 3.12256e-05 3.26477e-05 -7.26738e-05 0.000174601 -0.000160516 3.73129e-05 0.000436359 -0.000198661 -0.000246686 0.000338862 -0.000121629 -0.000181932 -0.000366951 -0.000147426 -0.00023704 7.57753e-05 0.000271355 0.000422051 7.25683e-05 0.000542931 0.000751792 0.00122012 0.000289394 0.000501709 -3.59121e-05 7.9176e-06 0.00027986 3.30003e-05 -5.13247e-05 -9.05371e-05 0.000424419 -0.000378589 -0.000760501 0.000187722
internal_weight=592797 483358 469085 24789 23137 109439 107106 444296 68531 375765 46343 5027 1699 1432 367755 20045 347710 39334 12414 10974 888 1440 308376 305521 265534 6571 10086 39987 258963 26920 15454 11466 28565 253079 2299 25745 22169 9496 1453 19733 6843 3822 3006 11422 5094 8043 2067 5976 3403 1123 8717 3990 68210 48730 1803 41316 21465 20929 2855 6263 1573 2820
internal_count=592797 483358 469085 24789 23137 109439 107106 444296 68531 375765 46343 5027 1699 1432 367755 20045 347710 39334 12414 10974 888 1440 308376 305521 265534 6571 10086 39987 258963 26920 15454 11466 28565 253079 2299 25745 22169 9496 1453 19733 6843 3822 3006 11422 5094 8043 2067 5976 3403 1123 8717 3990 68210 48730 1803 41316 21465 20929 2855 6263 1573 2820
is_linear=0
shrinkage=0.05


Tree=95
num_leaves=63
num_cat=0
split_feature=3 18 26 22 28 24 17 27 29 31 0 24 23 28 22 25 17 0 31 26 3 29 0 22 26 7 17 24 31 24 27 25 19 0 25 0 0 28 28 25 19 20 18 27 26 31 22 24 20 0 3 25 20 20 6 26 6 18 22 17 26 27
split_gain=0.153811 0.138525 0.149476 0.154073 0.249849 0.144615 0.142389 0.146463 0.143739 0.174556 0.141453 0.141131 0.120098 0.121684 0.123145 0.173022 0.153019 0.135611 0.116831 0.116764 0.116587 0.113533 0.181034 0.129813 0.136543 0.117182 0.116421 0.1178 0.107118 0.107186 0.161127 0.182153 0.169798 0.138848 0.108786 0.106753 0.101292 0.227751 0.181053 0.325319 0.239843 0.198532 0.226476 0.301687 0.324273 0.295492 0.278435 0.303297 0.253019 0.311526 0.299797 0.298022 0.290653 0.284293 0.270291 0.220991 0.228581 0.369793 0.219934 0.225844 0.208193 0.190877
threshold=5226.9000000000005 1.0000000180025095e-35 26.537283457073329 1.0000000180025095e-35 -2.754020857403949e-05 77.734842743113333 1.5000000000000002 0.0035412156963754919 11.500000000000002 9.5000000000000018 155578.84102085701 45.388011103842381 1.0000000180025095e-35 -0.001794678132556071 1.5000000000000002 83.166386055998018 2.5000000000000004 164447.93010507483 9.5000000000000018 49.369631948024455 4952.9500000000016 22.500000000000004 95846.83658813838 2.5000000000000004 14.828113515038339 4.5500000000000007 4.5000000000000009 25.563346894393661 38.500000000000007 42.938070308371245 0.0020634117636140017 20.800470767966221 1.0000000180025095e-35 134341.99747856901 48.437888756385043 101496.42786509595 255948.20164305691 -0.043848699440159893 -1.0000000180025095e-35 65.785213736258157 1.0000000180025095e-35 3.5000000000000004 1.0000000180025095e-35 0.0022656554865426574 36.820623672163727 19.500000000000004 1.5000000000000002 65.95335542820159 1.0000000180025095e-35 129725.12518982917 6427.6500000000005 52.882366270353394 1.5000000000000002 1.5000000000000002 183.50000000000003 61.571443134601914 175.05000000000004 2.5000000000000004 1.0000000180025095e-35 1.0000000180025095e-35 24.384696572752951 0.0015075793251756219
decision_type=2 2 2 2 2 2 2 2 2 2 2 2 2 2 2 2 2 2 2 2 2 2 2 2 2 2 2 2 2 2 2 2 2 2 2 2 2 2 2 2 2 2 2 2 2 2 2 2 2 2 2 2 2 2 2 2 2 2 2 2 2 2
left_child=1 2 3 11 -5 -3 8 -8 10 -10 -6 20 13 19 15 16 28 -16 -17 -4 -1 25 -23 24 26 -2 27 -24 29 30 34 -32 33 -33 -15 -21 38 -38 39 -27 41 42 43 44 46 48 47 61 49 -45 53 54 60 -50 58 -44 57 -57 59 -51 -52 -40
right_child=21 5 12 4 6 -7 7 -9 9 -11 -12 -13 -14 14 17 18 -18 -19 -20 35 -22 22 23 -25 -26 36 -28 -29 -30 -31 31 32 -34 -35 -36 -37 37 -39 40 -41 -42 -43 55 45 -46 -47 -48 -49 50 51 52 -53 -54 -55 -56 56 -58 -59 -60 -61 -62 -63
leaf_value=0.00041632361656207621 -9.1853098860074657e-05 0.00010871609373997637 0.00013215545248366402 0.0018145248690369699 0.00018708612879360471 0.00048152173655421611 -0.0012374530023640774 0.00017005306932441641 -0.0010873661090437723 0.00075423082236998856 0.0010297102119608199 0.00047947735387966224 -0.00055626162555354262 0.00093581801973617563 -0.00043814109248235355 0.00030972717854890557 -0.00084496112771865377 0.00072958822978416791 0.0012692817873158676 -8.3686156896582624e-05 -0.00043674024731525375 0.001195876419000081 -0.00020371705060782545 0.00045279370625999829 7.7214915083220485e-05 -0.00014533533109459411 0.00042263482059710298 -0.001203564285891364 0.00054874240880629834 3.989499039999511e-05 0.0003294598916285737 -0.00028452852926592626 0.00065466401426595431 -0.0011466596860889853 -0.0002936554497777112 -0.00072407953279908987 0.0002353543560363115 -6.1235598547072439e-05 -0.00071874893190429295 9.4923948236828575e-05 -0.00019503261745927272 -0.0001659888723792417 0.00021264580140151228 -0.00014392884853835997 1.4775171362965516e-05 0.00054758244780932512 1.0363596929096509e-05 0.0008607651787015452 0.00054375964202265097 0.00047767947092685042 -0.00063544365811122596 -6.4450423051064931e-05 0.00027570230561619035 -0.00029721908289166222 -0.00015830435712316525 -2.4558028242649238e-05 -0.00019589265399494061 0.0007991826486143036 0.00058285019917274285 -0.00021154845992336224 -5.710005596037039e-06 -0.00028259748752620088
leaf_weight=526 49146 11450 1316 312 792 3366 240 804 271 245 1342 1014 918 425 2284 1946 498 279 379 1156 1679 369 668 2095 17846 42885 325 527 999 79046 633 799 228 1124 312 1489 6824 125747 4268 20983 11229 10796 35640 23414 33414 3224 6339 452 7198 2348 1472 13182 10567 1168 2924 5131 8123 1855 6073 2407 12111 6085
leaf_count=526 49146 11450 1316 312 792 3366 240 804 271 245 1342 1014 918 425 2284 1946 498 279 379 1156 1679 369 668 2095 17846 42885 325 527 999 79046 633 799 228 1124 312 1489 6824 125747 4268 20983 11229 10796 35640 23414 33414 3224 6339 452 7198 2348 1472 13182 10567 1168 2924 5131 8123 1855 6073 2407 12111 6085
internal_value=-1.03494e-06 5.0635e-05 2.97022e-05 0.000248846 0.000455821 0.000193413 0.000341063 -0.000153512 0.000535907 -0.000212964 0.000716984 -8.73272e-06 1.28281e-05 1.84508e-05 3.05255e-05 4.06586e-05 2.88908e-05 -0.000311026 0.000466145 -0.000252709 -0.000233243 -1.35909e-05 9.77945e-05 7.89141e-05 3.84681e-05 -1.89348e-05 -0.000416451 -0.000644654 3.40984e-05 2.78715e-05 -0.000242053 -0.000416082 -0.000635481 -0.000788447 0.000415335 -0.000444195 -1.01051e-05 -4.59688e-05 7.29229e-06 -6.64013e-05 2.9767e-05 4.25036e-05 5.45151e-05 2.10172e-05 -7.5928e-05 7.79514e-05 -0.00025271 -0.000407049 5.96794e-05 -1.05342e-05 0.000168399 0.000105427 7.90401e-05 0.000426348 0.000268264 0.000144711 -1.55377e-05 0.000194171 0.000383454 0.00012879 -7.39547e-05 -0.0004624
internal_weight=592707 115872 101056 7225 4006 14816 3694 1044 2650 516 2134 3219 93831 92913 88952 86389 84064 2563 2325 3961 2205 476835 21830 21461 19366 455005 1520 1195 83566 82567 3521 2784 2151 1923 737 2645 405859 132571 273288 63868 209420 198191 187395 136646 50558 86088 17144 10805 82864 50348 32516 26934 24150 8366 13752 50749 15109 6986 10828 4755 13583 10353
internal_count=592707 115872 101056 7225 4006 14816 3694 1044 2650 516 2134 3219 93831 92913 88952 86389 84064 2563 2325 3961 2205 476835 21830 21461 19366 455005 1520 1195 83566 82567 3521 2784 2151 1923 737 2645 405859 132571 273288 63868 209420 198191 187395 136646 50558 86088 17144 10805 82864 50348 32516 26934 24150 8366 13752 50749 15109 6986 10828 4755 13583 10353
is_linear=0
shrinkage=0.05


Tree=96
num_leaves=63
num_cat=0
split_feature=3 21 27 0 3 17 17 0 25 30 26 22 24 0 30 0 30 26 31 0 0 31 0 18 30 0 26 25 24 21 18 25 17 26 17 24 26 0 25 26 24 25 24 22 0 26 0 26 25 25 22 21 24 24 17 26 25 18 0 0 0 0
split_gain=0.139316 0.145665 0.34445 0.26652 0.290519 0.888853 0.214844 0.297989 0.197781 0.186402 0.152127 0.295424 0.222802 0.235008 0.167395 0.185465 0.230552 0.175172 0.148247 0.222539 0.145631 0.139265 0.136578 0.182293 0.136071 0.136755 0.125524 0.126207 0.123536 0.118489 0.436695 0.661015 0.403685 0.395312 0.366408 0.285666 0.341938 0.525018 0.327274 0.270963 1.00923 0.485319 0.651222 0.456629 0.455096 0.296337 0.267493 0.263741 0.256168 0.243615 0.220467 0.218365 0.457949 0.290125 0.231376 0.221675 0.209097 0.200992 0.25187 0.235425 0.225325 0.302509
threshold=5195.0500000000011 1.0000000180025095e-35 0.0013887530720027444 87438.417878299137 4952.9500000000016 1.5000000000000002 1.5000000000000002 245944.27829954261 68.126295530883496 2.5000000000000004 28.605975656875938 1.0000000180025095e-35 25.563346894393661 137070.69666780901 36.500000000000007 270306.21565045882 8.5000000000000018 48.222719022508009 1.0000000180025095e-35 224367.99428329989 46964.12294112995 28.500000000000004 244246.74233044256 1.0000000180025095e-35 19.500000000000004 113534.26264484892 82.230506646773435 15.274919497605277 45.388011103842381 1.0000000180025095e-35 1.0000000180025095e-35 68.618117584860457 7.5000000000000009 29.116013396881122 6.5000000000000009 58.034058036656653 38.162199914703073 281425.39189247001 23.946262301417708 29.954841490012416 28.229802062472391 26.818171979817098 12.802271805531104 2.5000000000000004 153712.86198200806 22.6904847603024 259897.22589403568 31.741589829432982 2.7338772347005533 43.887092180881687 1.5000000000000002 1.5000000000000002 49.47800876788218 76.681123932539535 4.5000000000000009 72.306440846969011 2.7338772347005533 4.5000000000000009 512022.86734204221 235723.19924998403 114459.16040086666 439764.81904768985
decision_type=2 2 2 2 2 2 2 2 2 2 2 2 2 2 2 2 2 2 2 2 2 2 2 2 2 2 2 2 2 2 2 2 2 2 2 2 2 2 2 2 2 2 2 2 2 2 2 2 2 2 2 2 2 2 2 2 2 2 2 2 2 2
left_child=1 9 -3 20 6 8 7 -5 -6 -1 11 28 13 -12 15 16 21 -16 19 -18 -4 26 -7 -24 25 -13 27 -14 -11 35 31 32 39 -32 -35 -2 37 50 -38 41 47 42 -31 51 45 -44 -33 -41 -34 -45 -37 53 -53 -42 -54 -56 -55 58 59 -40 -59 -62
right_child=29 2 3 4 5 22 -8 -9 -10 10 12 24 14 -15 17 -17 18 -19 -20 -21 -22 -23 23 -25 -26 -27 -28 -29 -30 30 33 46 48 34 -36 36 38 -39 57 40 43 -43 44 49 -46 -47 -48 -49 -50 -51 -52 52 54 56 55 -57 -58 60 -60 -61 61 -63
leaf_value=-0.00017393661156375081 -4.566530673127872e-05 0.0014787053437933552 -0.0014097324490735662 0.00073845415355206032 -0.00087146956814105692 0.00041452796358238677 -7.2439305585940818e-05 0.00012935314181463674 0.00038510867583938028 -0.00032412697585459022 0.00037621482172797097 8.977205754792604e-05 0.0011699911653760249 -0.0014658601709426524 -0.00056351656195706868 0.00027540599368770693 0.00033954540190512926 0.00038836661820120557 -9.4634062734157118e-05 -0.00070884004469164586 -0.00020028400266973806 0.0012496053208010157 -0.00061057011763548268 0.00023650766182765123 8.4173349030755411e-05 0.0011302385721133075 0.001269256191172387 0.00010582344665038316 0.00047769249863362337 0.0016587563896098029 0.00016639631306696138 0.00039049687318533095 0.0010267282636687821 4.926291543371805e-05 -0.0001538198273150624 0.00062735921099465108 0.00024178562449071086 -0.00018789543875085226 -7.3669725619426518e-06 0.002532480358971881 -8.9114340939138305e-05 -0.00021405853062798487 -0.00098100861321335163 0.0010323795327126567 -0.0003981555106871348 -0.0021301226637247678 -7.8351266877017172e-05 0.00066320542735415775 5.9976529000741767e-05 0.00010970231905581692 7.7289023930000964e-05 -0.0011014227465256158 -0.00044816624378267179 -0.00092804221103752786 -4.6391040206306529e-05 0.0013196864474977667 -0.00029905312440621121 0.0010182804514409294 -0.00043421571425887058 0.00018435012955383154 -0.00056414940665153299 2.5040995984901711e-05
leaf_weight=11018 115176 481 273 5008 2656 5779 2091 3352 355 1654 266 402 287 496 534 6077 3977 5093 40647 580 2819 305 869 2360 686 1473 251 9535 677 270 35474 8371 733 57166 36323 7451 16377 3973 67574 204 30030 19392 1948 982 2714 788 4779 2516 10514 2635 2411 2061 4389 1485 1653 362 11986 351 2916 20986 4421 4295
leaf_count=11018 115176 481 273 5008 2656 5779 2091 3352 355 1654 266 402 287 496 534 6077 3977 5093 40647 580 2819 305 869 2360 686 1473 251 9535 677 270 35474 8371 733 57166 36323 7451 16377 3973 67574 204 30030 19392 1948 982 2714 788 4779 2516 10514 2635 2411 2061 4389 1485 1653 362 11986 351 2916 20986 4421 4295
internal_value=-9.8319e-07 4.97969e-05 0.000153105 0.000128161 0.000188052 2.04027e-05 0.000380853 0.000494231 -0.000723318 1.77517e-05 4.67073e-05 0.000316019 2.73463e-05 -0.000822826 3.69744e-05 1.31501e-05 -1.55234e-05 0.000298033 -6.43161e-05 0.00020611 -0.000307069 0.000197006 0.000268998 8.53907e-06 0.000686713 0.000907163 0.000165134 0.000136919 -9.12519e-05 -1.25552e-05 -3.7802e-05 -0.000112068 -0.000158212 2.42838e-05 -2.96402e-05 1.17517e-05 6.23277e-05 0.000297383 3.45139e-05 -0.000196126 -0.000136984 -0.000333438 -0.000738159 -0.000183002 -0.000856906 -0.00131197 0.000220107 0.000803401 0.000122983 0.000360205 0.000492881 -0.000220811 -0.000453159 -0.000175598 -0.000244528 0.000199028 -0.000368391 7.52374e-07 2.30091e-05 3.80641e-05 -0.000223794 -0.000273813
internal_weight=592707 110001 26043 25562 22470 12019 10451 8360 3011 83958 72940 4892 68048 762 67286 61659 55582 5627 45204 4557 3092 10378 9008 3229 2561 1875 10073 9822 2331 482706 236775 107812 94662 128963 93489 245931 130755 13835 116920 83415 58303 25112 5720 55583 5450 2736 13150 2720 11247 3617 9862 51966 8465 43501 6404 2015 13471 100543 91476 88560 9067 8716
internal_count=592707 110001 26043 25562 22470 12019 10451 8360 3011 83958 72940 4892 68048 762 67286 61659 55582 5627 45204 4557 3092 10378 9008 3229 2561 1875 10073 9822 2331 482706 236775 107812 94662 128963 93489 245931 130755 13835 116920 83415 58303 25112 5720 55583 5450 2736 13150 2720 11247 3617 9862 51966 8465 43501 6404 2015 13471 100543 91476 88560 9067 8716
is_linear=0
shrinkage=0.05


Tree=97
num_leaves=63
num_cat=0
split_feature=0 30 25 25 3 20 0 19 0 20 31 17 0 24 0 25 25 24 24 31 25 30 24 24 0 25 3 24 24 28 25 24 30 25 30 31 25 17 21 0 28 23 0 25 21 0 25 25 30 25 21 22 24 3 30 31 25 24 23 17 21 21
split_gain=0.132628 0.19959 0.242594 0.204889 0.131135 0.139564 0.139096 0.183801 0.265362 0.176482 0.167416 0.215631 0.180955 0.289906 0.155617 0.515131 0.447803 0.300931 0.229096 0.164662 0.222809 0.193329 0.220929 0.174885 0.253138 0.237712 0.220549 0.15541 0.194063 0.152282 0.151061 0.179503 0.149198 0.142659 0.14104 0.187909 0.140989 0.247884 0.138022 0.187337 0.137863 0.137249 0.132003 0.130289 0.239236 0.165873 0.239053 0.20874 0.141624 0.13881 0.133392 0.185915 0.131032 0.130612 0.130076 0.236801 0.176494 0.129983 0.129636 0.128926 0.124109 0.12403
threshold=34739.908005921272 3.5000000000000004 16.923911151840063 49.641759607705417 6872.7000000000016 3.5000000000000004 332436.70644229586 1.0000000180025095e-35 109052.29978744902 2.5000000000000004 7.5000000000000009 10.500000000000002 85174.409413210771 88.08583555685972 56917.347622519876 2.0912035667854103 60.64346278970033 24.396749273379374 38.533362994374279 1.5000000000000002 1.0000000180025095e-35 104.50000000000001 60.941028550002507 48.926876128900055 162495.81210183841 51.235262131058931 5935.4000000000005 74.10649523981003 32.269914762711764 -0.18853749084783392 22.183019641471613 67.818097378099296 254.00000000000003 35.123859273259029 6.5000000000000009 3.5000000000000004 66.104511431942697 1.5000000000000002 1.0000000180025095e-35 144504.31266262205 -0.018627824175896254 1.0000000180025095e-35 1022354.2797967971 78.048191268455341 1.0000000180025095e-35 135268.19078405967 9.6104273990911153 21.335964421447656 11.500000000000002 2.0912035667854103 1.5000000000000002 1.0000000180025095e-35 65.679052424202595 5795.7500000000009 42.500000000000007 5.5000000000000009 38.995222687295801 94.111871068922298 1.0000000180025095e-35 2.5000000000000004 2.5000000000000004 2.5000000000000004
decision_type=2 2 2 2 2 2 2 2 2 2 2 2 2 2 2 2 2 2 2 2 2 2 2 2 2 2 2 2 2 2 2 2 2 2 2 2 2 2 2 2 2 2 2 2 2 2 2 2 2 2 2 2 2 2 2 2 2 2 2 2 2 2
left_child=1 -1 -3 -4 5 6 7 10 -9 41 14 12 13 30 15 -2 17 40 -19 20 27 29 33 24 61 -26 -27 28 -16 -21 31 -12 36 -23 35 -31 59 38 -38 -40 -17 -10 -6 45 52 46 49 48 -48 -36 51 -47 -45 -46 55 57 -56 60 -25 -14 -49 -22
right_child=4 2 3 -5 42 -7 -8 8 9 -11 11 -13 32 -15 19 16 -18 18 -20 21 23 22 -24 58 25 26 -28 -29 -30 34 -32 -33 -34 -35 43 -37 37 -39 39 -41 -42 -43 -44 44 53 50 47 54 -50 -51 -52 -53 -54 -55 56 -57 -58 -59 -60 -61 -62 -63
leaf_value=-0.0010741384178384785 0.0019113425919209213 0.0013649775109195053 -0.00049517678617226916 0.00073665477376462073 -5.8696748919306326e-05 -0.00014475668211078608 -4.6539550739507828e-05 0.00034963710215997316 -0.00027051319081458218 0.00045010543252836459 0.00038184425178779509 -0.00090518904257900947 -1.7282742996880914e-07 0.0022576285244865816 -5.5137572124589225e-05 0.0016601465639250819 0.00052422852166484691 -0.0011118987729695309 -0.00037749579368789974 -0.0012591057840230313 -0.00018115132424339507 -0.0023792987758157478 0.00024485522387233813 0.00012186168570635342 0.00027070170905491107 -0.00048108699500563505 0.00012268311177604491 -0.00022884475956360179 0.0010836558367924201 -0.00028100813647342551 0.00020399579737850001 0.002250219673711158 0.0012846891133567869 -0.00071267762595711133 -0.00014655590271021621 -7.9708451018354608e-06 0.00042961030678167366 7.9629577090374503e-05 0.0021584196098053043 0.00053941265340498677 0.00011829950567042196 0.00071913561472668598 0.00038407907432713609 0.00018070871704601297 0.00062858936260820012 -1.6283132421049389e-05 -0.0006932528577253558 -7.8628595849341852e-05 0.00050076492597561759 0.00081243292441167999 -0.00012425063572461643 0.00015270673566826116 -8.2196786033678247e-05 0.00018481675461435535 0.0017797309284732265 -0.00079337041748061231 -4.5465971225945309e-05 0.00078421360379780512 -0.00034221113984301649 0.00016372094380587911 0.00029087288647526642 0.0007579763900944994
leaf_weight=211 283 618 625 734 107718 14344 79758 2506 14519 968 329 526 36425 209 519 200 1516 1342 5088 240 17000 214 344 64145 9610 2568 3680 498 1340 9652 3023 211 261 321 550 18153 2995 7246 299 444 527 359 1710 8377 2935 30413 2028 49885 283 1202 9732 35012 10914 3811 225 1107 322 458 1541 17894 2381 359
leaf_count=211 283 618 625 734 107718 14344 79758 2506 14519 968 329 526 36425 209 519 200 1516 1342 5088 240 17000 214 344 64145 9610 2568 3680 498 1340 9652 3023 211 261 321 550 18153 2995 7246 299 444 527 359 1710 8377 2935 30413 2028 49885 283 1202 9732 35012 10914 3811 225 1107 322 458 1541 17894 2381 359
internal_value=-9.3403e-07 0.000387629 0.000543639 0.000170139 -2.37374e-06 8.86357e-06 1.35846e-05 2.59761e-05 -0.000128461 -0.000204071 3.36645e-05 0.000103347 0.000110998 0.000447759 1.73709e-05 -0.000187902 -0.000256401 -0.000421754 -0.000530772 2.37143e-05 7.51433e-05 -3.90415e-06 -0.000743697 6.36937e-05 -2.98032e-05 0.00011461 -0.000125473 0.000555587 0.000765725 -4.39331e-07 0.000341595 0.00111189 9.16231e-05 -0.00137933 1.17228e-06 -0.000102751 8.68547e-05 0.000250232 0.000580939 0.00119094 0.000542467 -0.000246633 -5.17776e-05 1.92734e-05 0.000121594 -6.67903e-07 -6.38485e-05 -8.16263e-05 -0.000547036 0.00051138 4.84605e-05 7.41513e-05 3.19683e-05 0.00037789 -6.18469e-05 -6.96422e-05 0.000705301 -5.44467e-05 0.000110974 5.38178e-05 -6.17958e-05 -0.000161729
internal_weight=592707 2188 1977 1359 590519 481091 466747 386989 18352 15846 368637 69862 69336 3772 298775 8956 8673 7157 6430 289819 101260 188559 879 98903 33217 15858 6248 2357 1859 187680 3563 540 65564 535 187440 27805 65303 10984 3738 743 727 14878 109428 159635 26037 133598 58441 56689 2311 1752 75157 65425 19291 6746 54378 53831 547 52724 65686 54319 52266 17359
internal_count=592707 2188 1977 1359 590519 481091 466747 386989 18352 15846 368637 69862 69336 3772 298775 8956 8673 7157 6430 289819 101260 188559 879 98903 33217 15858 6248 2357 1859 187680 3563 540 65564 535 187440 27805 65303 10984 3738 743 727 14878 109428 159635 26037 133598 58441 56689 2311 1752 75157 65425 19291 6746 54378 53831 547 52724 65686 54319 52266 17359
is_linear=0
shrinkage=0.05


Tree=98
num_leaves=63
num_cat=0
split_feature=3 26 24 18 26 3 28 20 29 20 26 25 29 22 17 25 24 26 27 25 28 17 31 26 17 22 18 26 26 18 24 26 24 24 25 29 27 18 17 26 25 22 27 28 19 20 18 20 3 17 27 25 3 20 3 17 17 27 6 3 24 22
split_gain=0.121885 0.121378 0.107383 0.126176 0.116996 0.10883 0.100005 0.163451 0.13863 0.135385 0.181008 0.114838 0.145106 0.153625 0.522186 0.149815 0.118144 0.117309 0.109818 0.0977429 0.0965341 0.10433 0.0953271 0.0939478 0.0925785 0.0974749 0.0912754 0.184872 0.141866 0.19635 0.191247 0.17795 0.125098 0.106512 0.104887 0.0930903 0.0905295 0.0867481 0.172657 0.115611 0.107464 0.227168 0.107567 0.105355 0.162333 0.282376 0.186263 0.105877 0.190617 0.23543 0.159857 0.148778 0.132523 0.105556 0.101286 0.0976689 0.175432 0.262566 0.247358 0.186975 0.179509 0.160289
threshold=5195.0500000000011 26.537283457073329 31.05028650661939 1.0000000180025095e-35 65.489141580406383 4770.7000000000016 -0.0653898086029117 6.5000000000000009 20.500000000000004 5.5000000000000009 90.282657664694327 48.17196067272279 4.5000000000000009 2.5000000000000004 4.5000000000000009 18.07019732464958 36.631915544461656 93.933378629101995 0.01388394373773493 99.092893815221657 -0.001794678132556071 2.5000000000000004 38.500000000000007 49.369631948024455 3.5000000000000004 4.5000000000000009 1.0000000180025095e-35 53.561027681660185 62.662362433562919 1.5000000000000002 49.25863323583841 69.45347725893707 81.565817782891244 44.369326752990723 72.672455387628247 7.5000000000000009 0.010645221979359609 10.500000000000002 18.500000000000004 98.723537875009015 89.642542044469565 5.5000000000000009 0.0044130898714936848 -1.0000000180025095e-35 1.0000000180025095e-35 2.5000000000000004 1.0000000180025095e-35 3.5000000000000004 7099.2000000000016 11.500000000000002 0.0030832624120077125 79.710081798490663 6742.4000000000005 4.5000000000000009 6427.6500000000005 5.5000000000000009 1.5000000000000002 0.0031396719981650681 179.90000000000001 7204.4500000000007 27.864012423627337 4.5000000000000009
decision_type=2 2 2 2 2 2 2 2 2 2 2 2 2 2 2 2 2 2 2 2 2 2 2 2 2 2 2 2 2 2 2 2 2 2 2 2 2 2 2 2 2 2 2 2 2 2 2 2 2 2 2 2 2 2 2 2 2 2 2 2 2 2
left_child=1 -1 4 19 -3 -5 7 8 11 18 26 12 13 15 -15 -2 -17 24 37 20 23 22 -22 -4 -13 -26 27 32 29 30 -28 34 -11 -31 -30 -32 -16 40 39 -39 43 -42 -43 55 47 46 -46 -45 50 53 54 52 -52 -50 -49 56 58 59 -8 -58 -60 -57
right_child=6 2 3 5 -6 -7 9 -9 -10 10 -12 17 -14 14 36 16 -18 -19 -20 -21 21 -23 -24 -25 25 -27 28 -29 31 33 35 -33 -34 -35 -36 -37 -38 38 -40 -41 41 42 -44 44 45 -47 -48 48 49 -51 51 -53 -54 -55 -56 61 57 -59 60 -61 -62 -63
leaf_value=0.00022535199574590925 0.00048529726855357888 -0.00019855234446824923 0.00013664587594275083 -0.00015477156150091258 -0.0014270169733008348 0.00027260062399396881 -4.690834813423744e-05 0.0012926205372043289 0.00068349225673945788 -0.00090229721404190555 0.00070253631644795846 0.00050248096046288991 0.00021178270982726987 -0.0029889126213971206 0.00019158409695129672 -0.001127813783678732 -0.00014876927083235067 -0.00087661818986031986 -0.00020630579480821786 0.0010350619800207777 2.6007384249257501e-05 -0.00055359480710800806 0.00051832554483334026 -0.00042935277925986164 4.040845854624283e-05 0.0010423650132494469 -0.0018509303372211267 0.00015119479512289591 -0.0022120332119841984 0.0007470597300504126 -0.00064534018264598568 -0.00038482801022262611 0.00031775081858577062 -0.00054163818002485819 -0.00092291469540695776 9.2280562858865802e-05 -0.0010625497405219019 -0.00072938956079822491 3.0731818553864157e-05 0.00046533020435004878 5.7569564515682901e-05 0.00043123991504620047 0.0014209711133518436 1.5076931400865186e-05 -0.00015142672856300525 0.00038323550155889235 -0.00069790413825946719 -0.00024312580287253046 0.00034686308389890246 -0.0011881980253225346 -0.0004017199889953802 -3.4509293544474045e-05 -0.0010713381403422834 0.001461933729704123 0.00034204172114458281 6.6899504944508065e-05 -0.00043206333734996366 -6.429108659973869e-05 0.0011145131046216966 -3.7124196831431449e-05 0.00023011809239646371 -0.00023473810262032913
leaf_weight=8743 733 1747 1082 1790 218 8877 13829 292 935 870 518 2120 2089 221 472 394 1414 248 7142 236 83271 768 995 2274 4103 258 218 2673 241 678 860 1351 277 210 457 851 207 1693 2758 230 26200 880 399 296589 16055 2309 1727 1584 1345 230 2226 1577 1106 252 1387 25223 10505 32148 761 4193 2332 5336
leaf_count=8743 733 1747 1082 1790 218 8877 13829 292 935 870 518 2120 2089 221 472 394 1414 248 7142 236 83271 768 995 2274 4103 258 218 2673 241 678 860 1351 277 210 457 851 207 1693 2758 230 26200 880 399 296589 16055 2309 1727 1584 1345 230 2226 1577 1106 252 1387 25223 10505 32148 761 4193 2332 5336
internal_value=-8.87329e-07 4.66099e-05 3.11767e-05 3.84201e-05 -0.00033484 0.000200884 -1.17112e-05 0.00012253 9.66347e-05 -1.55695e-05 -0.000205443 5.18748e-05 -0.000116935 -0.000316497 -0.000877855 -0.000117668 -0.000362123 0.000190605 -1.17705e-05 1.88659e-05 1.61527e-05 2.65333e-05 3.18206e-05 -0.00024687 0.000231444 9.9685e-05 -0.000259592 -7.66591e-05 -0.000403201 -0.000172951 -0.000456177 -0.000719753 -0.000607656 0.0004423 -0.00136801 -0.00027847 -0.000190751 -8.70258e-06 -0.000222831 -0.000586495 -6.46618e-06 8.9333e-05 0.000739999 -1.27233e-05 7.27693e-07 -0.000136954 -0.000204501 9.75872e-06 -0.000152735 0.000307418 -0.000259422 -0.00043462 -0.000623988 0.000522817 3.00574e-05 -5.92661e-05 -9.44868e-05 -0.000144331 4.34987e-05 -0.000319396 0.000447714 1.42296e-05
internal_weight=592707 110001 101258 99293 1965 10667 482706 13486 13194 469220 9204 12259 5530 3441 900 2541 1808 6729 460016 88626 88390 85034 84266 3356 6481 4361 8686 3820 4866 2817 1929 2049 1147 888 698 1711 679 452874 4681 1923 448193 27479 1279 420714 326387 20091 17782 306296 9707 1827 7880 4909 3332 1597 2971 94327 63768 46846 16922 14698 3093 30559
internal_count=592707 110001 101258 99293 1965 10667 482706 13486 13194 469220 9204 12259 5530 3441 900 2541 1808 6729 460016 88626 88390 85034 84266 3356 6481 4361 8686 3820 4866 2817 1929 2049 1147 888 698 1711 679 452874 4681 1923 448193 27479 1279 420714 326387 20091 17782 306296 9707 1827 7880 4909 3332 1597 2971 94327 63768 46846 16922 14698 3093 30559
is_linear=0
shrinkage=0.05


Tree=99
num_leaves=63
num_cat=0
split_feature=0 30 25 25 30 17 20 21 25 20 0 25 0 25 0 30 17 20 0 17 21 25 17 21 26 0 25 0 27 25 0 24 23 20 26 18 24 24 27 26 21 25 24 17 24 0 17 25 17 20 25 18 27 26 18 29 18 18 17 5 17 24
split_gain=0.119926 0.180204 0.220098 0.122193 0.119183 0.142134 0.202132 0.185825 0.153256 0.151006 0.294299 0.212348 0.17348 0.138284 0.275428 0.302364 0.348531 0.229474 0.227623 0.225202 0.194971 0.261571 0.211306 0.150801 0.156167 0.137319 0.148233 0.135116 0.270174 0.141674 0.251299 0.141247 0.14075 0.141702 0.133458 0.142995 0.132557 0.133513 0.132139 0.131779 0.272207 0.344632 0.305219 0.276968 0.268306 0.306997 0.388223 0.40709 0.249316 0.334345 0.239927 0.227759 0.22252 0.378863 0.192619 0.164337 0.152019 0.146075 0.260091 0.256939 0.142986 0.190853
threshold=34739.908005921272 3.5000000000000004 10.741717422610598 49.641759607705417 15.500000000000002 10.500000000000002 6.5000000000000009 1.5000000000000002 58.768639260177757 3.5000000000000004 94806.461533960624 51.599959332840051 163447.27621693595 83.166386055998018 158581.43124620407 9.5000000000000018 5.5000000000000009 5.5000000000000009 307127.34211167309 1.5000000000000002 1.0000000180025095e-35 97.1294705127886 1.0000000180025095e-35 1.5000000000000002 65.187918344657405 433272.79972490965 99.73067797693254 50989.594365617719 0.0068832129031013867 32.929816754267627 176910.00909940901 91.269519519535649 1.0000000180025095e-35 2.5000000000000004 87.308206407221036 1.5000000000000002 70.186808927243874 82.722870784525512 0.0018276000179594635 64.145699927739301 1.0000000180025095e-35 4.5270828533787304 48.691343797730831 2.5000000000000004 81.209163264113684 219600.7121919468 4.5000000000000009 1.3564258056496745 3.5000000000000004 1.0000000180025095e-35 51.822742284035776 1.5000000000000002 0.0015953749839173897 39.558554857017462 1.0000000180025095e-35 1.5000000000000002 1.0000000180025095e-35 1.5000000000000002 2.5000000000000004 140.9145 3.5000000000000004 27.864012423627337
decision_type=2 2 2 2 2 2 2 2 2 2 2 2 2 2 2 2 2 2 2 2 2 2 2 2 2 2 2 2 2 2 2 2 2 2 2 2 2 2 2 2 2 2 2 2 2 2 2 2 2 2 2 2 2 2 2 2 2 2 2 2 2 2
left_child=1 -1 -3 -4 5 6 13 8 -8 12 11 -11 -7 17 15 16 20 39 23 -17 21 -15 -23 -19 -25 26 -14 28 -6 30 32 -32 33 -29 35 -22 -24 -38 -16 44 41 -41 43 -43 52 46 47 -46 49 -42 55 -49 53 60 -50 -45 -55 -54 59 -59 61 -2
right_child=4 2 3 -5 27 9 7 -9 -10 10 -12 -13 25 14 38 19 -18 18 -20 -21 34 22 36 24 -26 -27 -28 29 -30 -31 31 -33 -34 -35 -36 -37 37 -39 -40 40 48 42 -44 50 45 -47 -48 51 54 -51 -52 -53 57 56 -56 -57 -58 58 -60 -61 -62 -63
leaf_value=-0.0010203191090095976 -6.1294790784052823e-05 0.0015000320969097444 -0.00019325126736369346 0.00069981360671065294 -0.0017049753080636137 0.00025404035286341316 -0.00079673994093930941 0.00079464742240414193 0.00051340307820531251 -0.0027454182117321482 -0.00027664776735074592 -0.00058978280734703261 -0.00053028043363536411 -8.7256408022589043e-05 0.00030262248430192528 0.0021758108173660696 0.00059277399109197368 -0.00055872394155002784 0.00017061477122759302 0.00047219849724514817 0.00063334742162868447 0.0015847204328593653 -0.00055760825385596719 -0.0026994637273439889 -0.00081636717930014735 1.610470666270585e-05 0.00042668968459519245 0.00043272488349531619 0.00044730747185153796 2.1655015792077202e-06 2.125039780781866e-05 0.0003569691462928182 -0.00042585996309412821 -0.00027332110119289156 -0.00062764491175628452 -2.5081453664868705e-05 0.0016382984886956255 -5.174058363452112e-05 -8.2437087159327184e-05 0.0006762850935646107 -0.00018712875356932771 -0.00010528171401049511 1.4532566097238558e-05 -0.0026095472296930864 -0.0015734745857618724 7.2957813990472751e-06 -0.00015886622402464629 0.00068585362457299016 0.00028419467299869625 -0.00067950707925222521 0.00011214702434998456 -0.00032926673944082258 1.9106540396974944e-06 -4.5622740688213391e-05 -0.00014368748096549061 -0.0010945380849282638 0.00041443439743613054 -0.00027784663828888436 -0.0001233297736058578 -0.0021730716449155098 -9.9877615471644982e-05 -0.00059676510685654008
leaf_weight=211 2217 442 801 734 317 2734 431 1481 463 227 2411 230 3418 12920 2467 319 3830 960 744 495 2828 421 335 202 242 3467 459 8941 270 74049 33814 3453 579 772 315 1164 221 248 22998 1840 15261 1518 34929 262 221 15107 2667 6856 3803 4454 283 601 269472 12084 8529 565 2109 407 8224 319 3894 6672
leaf_count=211 2217 442 801 734 317 2734 431 1481 463 227 2411 230 3418 12920 2467 319 3830 960 744 495 2828 421 335 202 242 3467 459 8941 270 74049 33814 3453 579 772 315 1164 221 248 22998 1840 15261 1518 34929 262 221 15107 2667 6856 3803 4454 283 601 269472 12084 8529 565 2109 407 8224 319 3894 6672
internal_value=-8.42962e-07 0.000368645 0.000516886 0.000233791 -2.212e-06 -1.3686e-05 -9.04159e-06 0.000451025 -0.000118221 -0.000177053 -0.000497161 -0.00166053 -8.59562e-05 -1.14536e-05 6.82704e-05 0.000193306 0.000158728 -2.1026e-05 -0.000536448 0.00113983 6.86349e-05 -2.105e-05 0.000677225 -0.000911131 -0.00167309 -0.000212529 -0.000416984 4.17631e-05 -0.000714999 4.5416e-05 0.000112757 5.23567e-05 0.000331463 0.000376608 0.000363177 0.000441361 0.000202032 0.000744632 -4.51333e-05 -1.8274e-05 -7.98561e-05 8.16755e-06 -2.4565e-05 -0.000544214 -4.9759e-06 0.000150994 0.00036084 0.000541363 -0.000188068 -0.000298367 -0.00114448 0.00060404 -1.79745e-05 -0.000155089 -1.17352e-05 -0.0015745 2.27392e-05 -4.68961e-06 -0.000203414 -0.0011106 -0.000352533 -0.000463214
internal_weight=592707 2188 1977 1535 590519 468324 455378 2375 894 12946 2868 457 10078 453003 48561 23096 22282 404442 2148 814 18452 14145 1225 1404 444 7344 3877 122195 587 121608 47559 37267 10292 9713 4307 3992 804 469 25465 402294 71444 39397 37557 2628 330850 25452 10345 7678 32047 19715 1110 7457 305398 26976 12332 827 14193 278422 8950 726 12783 8889
internal_count=592707 2188 1977 1535 590519 468324 455378 2375 894 12946 2868 457 10078 453003 48561 23096 22282 404442 2148 814 18452 14145 1225 1404 444 7344 3877 122195 587 121608 47559 37267 10292 9713 4307 3992 804 469 25465 402294 71444 39397 37557 2628 330850 25452 10345 7678 32047 19715 1110 7457 305398 26976 12332 827 14193 278422 8950 726 12783 8889
is_linear=0
shrinkage=0.05


Tree=100
num_leaves=63
num_cat=0
split_feature=3 26 21 27 30 31 3 17 17 27 29 24 30 30 31 29 28 30 20 25 17 22 26 20 26 25 29 27 22 21 22 25 24 22 18 17 26 28 19 20 18 25 23 22 17 21 18 22 17 30 24 17 24 30 17 21 28 30 27 18 3 29
split_gain=0.131869 0.120577 0.143669 0.356835 0.167841 0.156954 0.148033 0.593562 0.216487 0.151962 0.148596 0.144491 0.154025 0.125775 0.213519 0.123744 0.0991578 0.147431 0.17088 0.174785 0.128162 0.456091 0.119621 0.116523 0.149182 0.10722 0.162698 0.102435 0.0935182 0.088025 0.120944 0.105025 0.098215 0.0874453 0.0861854 0.140991 0.0932702 0.0880793 0.129946 0.312305 0.176587 0.129767 0.0950067 0.0924828 0.097218 0.194337 0.38327 0.268222 0.0936961 0.0857602 0.0850637 0.0846867 0.106144 0.0844984 0.0844978 0.124003 0.183494 0.0968646 0.0934823 0.138755 0.0843523 0.083725
threshold=5195.0500000000011 26.537283457073329 1.0000000180025095e-35 0.0014615757889765494 112.50000000000001 13.500000000000002 4952.9500000000016 1.5000000000000002 1.5000000000000002 0.0019478776125263677 5.5000000000000009 17.703305879052554 2.5000000000000004 4.5000000000000009 9.5000000000000018 48.500000000000007 -0.052382485240229863 10.500000000000002 6.5000000000000009 48.17196067272279 4.5000000000000009 2.5000000000000004 92.397620940082945 5.5000000000000009 90.282657664694327 13.927933194169226 7.5000000000000009 0.01388394373773493 1.0000000180025095e-35 1.5000000000000002 1.0000000180025095e-35 20.217416093951574 39.614810540960256 3.5000000000000004 10.500000000000002 21.500000000000004 98.723537875009015 -1.0000000180025095e-35 1.0000000180025095e-35 2.5000000000000004 1.0000000180025095e-35 66.352636180701879 1.0000000180025095e-35 6.5000000000000009 5.5000000000000009 1.5000000000000002 1.0000000180025095e-35 1.0000000180025095e-35 3.5000000000000004 31.500000000000004 28.229802062472391 3.5000000000000004 87.464397827901664 56.500000000000007 1.0000000180025095e-35 1.0000000180025095e-35 -1.0000000180025095e-35 70.500000000000014 0.0030651843560652579 1.0000000180025095e-35 5732.6000000000013 4.5000000000000009
decision_type=2 2 2 2 2 2 2 2 2 2 2 2 2 2 2 2 2 2 2 2 2 2 2 2 2 2 2 2 2 2 2 2 2 2 2 2 2 2 2 2 2 2 2 2 2 2 2 2 2 2 2 2 2 2 2 2 2 2 2 2 2 2
left_child=1 54 4 -4 11 15 8 9 53 -8 -10 -3 -13 14 -14 -6 17 18 19 20 21 28 51 27 -25 26 -19 34 -2 31 -31 -9 -33 -22 37 36 -36 41 -39 40 42 43 -40 44 45 -18 47 48 -47 -46 -43 52 -21 -5 -1 56 -56 -58 59 -57 -42 -16
right_child=16 2 3 6 5 -7 7 29 10 -11 -12 12 13 -15 61 -17 23 25 -20 22 33 -23 -24 24 -26 -27 -28 -29 -30 30 -32 32 -34 -35 35 -37 -38 38 39 -41 60 50 -44 -45 49 46 -48 -49 -50 -51 -52 -53 -54 -55 55 58 57 -59 -60 -61 -62 -63
leaf_value=-3.6888681233133451e-05 0.0002166688988164639 -0.00099425188089536146 0.0014028413308130006 0.00039403375081024938 0.00090213044063173857 0.0012751427676970977 0.00043226512605888331 0.00058832168842167768 5.025568418750331e-05 -0.00071622849971970189 -0.0008218402521075022 -0.00018122366287753576 0.00013193701263569449 7.3602406358600921e-06 0.00071263868770295386 -0.00072268204988919747 -8.2907513618639791e-05 0.0019861739810689222 0.001389995513863022 0.00028826103766990566 0.00011671437432921255 -0.0024919411328422807 -0.00072787657312494358 -0.00024508571230280298 0.00063887289603972101 0.00020818383846607415 0.00045774688192682674 -0.00020934057725986827 -0.00048323833772452492 0.0013611293621101869 -6.0565294484149495e-05 -0.00069920451463995558 0.00013718571614394214 -0.00073011028292223118 -0.00060893516579950803 8.3392561533707544e-05 0.00030904388463753787 1.1926085666722912e-05 -0.00015661689161196253 0.00039351728603429295 -9.414787528464372e-05 0.00039500657700221141 0.00066037707927330057 -0.00091904996433149434 -3.4382307532236836e-05 -0.0004354072912667005 4.5783314706765807e-05 -0.0010770767945773444 0.00052736470919907696 0.00025393539551261122 2.2481425921441234e-05 4.6390730629071642e-05 0.0013024303609085225 -0.00052316752008176373 0.0018938165436011485 -0.0013724230365313936 0.00053635689723458382 -0.00058893702329302104 0.0002736758752945735 4.5654992101344105e-05 -0.00085714957832044771 0.0018854433145423647
leaf_weight=2242 689 368 551 8240 212 498 321 1239 2404 2803 613 10298 4120 62414 515 262 40279 217 221 2635 2276 257 385 8416 506 4455 881 6514 1553 377 248 379 4750 352 2087 1968 319 327004 15876 2615 494 1637 364 331 20140 837 2821 2163 362 2958 23983 4821 286 259 239 230 2373 208 2739 690 1358 216
leaf_count=2242 689 368 551 8240 212 498 321 1239 2404 2803 613 10298 4120 62414 515 262 40279 217 221 2635 2276 257 385 8416 506 4455 881 6514 1553 377 248 379 4750 352 2087 1968 319 327004 15876 2615 494 1637 364 331 20140 837 2821 2163 362 2958 23983 4821 286 259 239 230 2373 208 2739 690 1358 216
internal_value=-1.46636e-07 4.93029e-05 3.39136e-05 0.00014633 2.30703e-06 0.000655278 0.000114326 -2.52191e-05 0.000236919 -0.000598217 -0.000126938 -5.8372e-06 -1.14764e-06 2.64213e-05 0.000271665 4.02733e-06 -1.14107e-05 0.000100454 1.11094e-05 -1.18824e-05 -0.000240486 -0.000496844 0.000132334 -1.60077e-05 -0.000194953 0.000317258 0.000759813 -1.24919e-05 -0.000268146 0.000230758 0.000797001 0.000175183 7.53819e-05 3.28885e-06 -9.62712e-06 -0.000230486 -0.000487225 -7.44754e-06 4.23436e-06 -0.000117233 -0.000191056 -4.99759e-05 -0.000138305 -8.5262e-05 -8.12945e-05 -0.000122972 -0.000383971 -0.000744571 -0.000144729 2.54053e-06 4.62841e-05 0.000175111 0.00038756 0.000366083 0.000227685 0.000319238 0.000568404 0.000445671 0.000127205 -0.000308865 -0.000653628 0.00105919
internal_weight=591868 109808 101087 22184 78903 972 21633 10117 11516 3124 3017 77931 77563 67265 4851 474 482060 19028 13475 13254 5127 2499 8127 463032 8922 5553 1098 454110 2242 6993 625 6368 5129 2628 447596 4374 2406 443222 347711 20707 18092 95511 16240 69891 69560 46462 6183 3362 1199 23098 25620 7742 2921 8499 8721 6479 2820 2581 3659 920 1852 731
internal_count=591868 109808 101087 22184 78903 972 21633 10117 11516 3124 3017 77931 77563 67265 4851 474 482060 19028 13475 13254 5127 2499 8127 463032 8922 5553 1098 454110 2242 6993 625 6368 5129 2628 447596 4374 2406 443222 347711 20707 18092 95511 16240 69891 69560 46462 6183 3362 1199 23098 25620 7742 2921 8499 8721 6479 2820 2581 3659 920 1852 731
is_linear=0
shrinkage=0.05


Tree=101
num_leaves=63
num_cat=0
split_feature=0 25 25 0 25 25 25 25 3 26 21 26 27 21 27 25 30 3 17 0 29 0 0 17 0 25 22 27 26 26 30 26 27 3 26 30 19 25 25 30 29 17 29 22 31 22 22 26 30 31 30 29 0 18 21 18 25 26 17 17 25 21
split_gain=0.121742 0.17141 0.147594 0.120148 0.502787 0.46212 0.371521 0.215064 0.138779 0.137453 0.134477 0.168879 0.177949 0.133845 0.258438 0.192448 0.185128 0.178271 0.549949 0.259121 0.345584 0.190971 0.189938 0.173171 0.167816 0.151318 0.145176 0.207079 0.247215 0.135938 0.135861 0.146713 0.125889 0.13345 0.122913 0.198312 0.120368 0.117389 0.117288 0.114699 0.189329 0.217554 0.156553 0.113586 0.109288 0.107306 0.106814 0.105134 0.102355 0.0995615 0.154515 0.102587 0.0994973 0.144023 0.096723 0.343643 0.50078 0.3489 0.347143 0.304239 0.244874 0.234325
threshold=34739.908005921272 16.923911151840063 49.641759607705417 56917.347622519876 5.8978332682307437 9.0950400029819587 60.64346278970033 10.037586843995081 5195.0500000000011 71.550136866586314 1.5000000000000002 79.158208864458558 0.0052351575153070243 1.0000000180025095e-35 0.001363705154149085 40.805317398552447 2.5000000000000004 4952.9500000000016 1.5000000000000002 117115.67586742358 4.5000000000000009 120733.66765096645 239106.01370400234 1.5000000000000002 259897.22589403568 68.126295530883496 1.0000000180025095e-35 0.0034564862207892896 58.794511253210594 51.957279005663295 8.5000000000000018 82.230506646773435 0.005710934944302198 6059.5500000000011 57.98865496168272 7.5000000000000009 1.0000000180025095e-35 17.606805955796379 25.801416009665232 37.500000000000007 26.500000000000004 1.0000000180025095e-35 22.500000000000004 1.0000000180025095e-35 28.500000000000004 1.0000000180025095e-35 1.5000000000000002 68.644261676419333 112.50000000000001 21.500000000000004 88.500000000000014 37.500000000000007 319313.98310733744 1.0000000180025095e-35 1.0000000180025095e-35 1.0000000180025095e-35 68.618117584860457 29.116013396881122 7.5000000000000009 6.5000000000000009 2.7338772347005533 1.5000000000000002
decision_type=2 2 2 2 2 2 2 2 2 2 2 2 2 2 2 2 2 2 2 2 2 2 2 2 2 2 2 2 2 2 2 2 2 2 2 2 2 2 2 2 2 2 2 2 2 2 2 2 2 2 2 2 2 2 2 2 2 2 2 2 2 2
left_child=1 -1 -3 4 9 -6 7 -7 13 -2 11 12 36 15 -15 26 -17 19 21 20 -16 29 23 -21 30 -23 27 28 -5 -19 31 44 33 -8 35 38 -9 -37 -14 -32 41 -41 -43 -34 -18 48 -12 -28 -26 51 -51 -42 -20 -54 -10 56 58 -57 61 -59 -60 -56
right_child=3 2 -4 8 5 6 32 10 54 -11 46 -13 34 14 17 16 24 18 52 22 -22 25 -24 -25 45 -27 47 -29 -30 -31 39 -33 43 -35 -36 37 -38 -39 -40 40 49 42 -44 -45 -46 -47 -48 -49 -50 50 -52 -53 53 -55 55 57 -58 59 60 -61 -62 -63
leaf_value=0.001022806490711996 0.0018967189764286939 -0.00048722500187931288 0.00050140843845583735 -1.2009990805455571e-05 -0.0017313172711621477 0.0010312108817743138 -0.00056977840318029455 -0.00033085192549822131 1.2424021660116392e-05 0.00025860439314419635 -0.00060177685504748165 0.00086584947308363891 -0.0006311617592414118 0.0013189956741700268 0.00012815724747920935 -0.00021140406440246762 0.00010978502972841926 0.00085936868056410074 0.00027042058552329527 0.00075906678498504504 -0.0012754631882263912 -0.00092947721310140854 0.00014463503090596672 6.587531469301402e-06 5.2965728284667807e-05 0.00036485489402873382 0.00058226664575756397 -0.00020366403549128346 0.00097603612000602227 -0.00035699449621838763 -6.3056016777099852e-05 0.0014698445865139863 0.0018925160394990762 0.00053991381835216353 -0.0013119607644956916 8.3499849563312421e-05 0.00080401485850034669 -0.0010558137316199899 0.00088860515225772574 0.0011158403085487565 -6.0493665356014118e-05 -0.00043578053964886035 0.0011812158860770483 0.00057149543062609152 0.0012376327677057735 0.00048321604119373746 0.00052937465450336577 -0.00055424882143889685 0.0010724496193179362 -0.00056017938160984003 0.0013908742622588764 -0.0012399706552029014 -0.00089646003502549191 0.00013094678191333988 -0.00013138367261172996 0.00015757497931388862 0.00019046176742463592 4.3901959588763266e-05 0.0010147035260060005 -0.00014211612336599891 6.130238355683304e-05 -0.00033732242379210984
leaf_weight=691 356 664 875 1477 492 291 442 4037 239024 200 297 245 215 467 2297 9445 9067 329 8115 3987 542 2101 3806 946 4982 253 3056 2906 1108 761 41845 211 220 700 775 274 248 1293 310 928 426 578 202 625 220 2881 702 218 259 206 200 325 468 1258 64085 34747 13052 56685 721 35903 10221 17608
leaf_count=691 356 664 875 1477 492 291 442 4037 239024 200 297 245 215 467 2297 9445 9067 329 8115 3987 542 2101 3806 946 4982 253 3056 2906 1108 761 41845 211 220 700 775 274 248 1293 310 928 426 578 202 625 220 2881 702 218 259 206 200 325 468 1258 64085 34747 13052 56685 721 35903 10221 17608
internal_value=-1.39304e-07 0.000368598 7.48635e-05 -1.53386e-06 -0.000160011 -0.000233083 -0.000164025 -0.000305104 1.68057e-06 0.00130747 -0.000351419 -0.000424957 -0.000469176 5.3418e-05 0.000153665 2.18899e-05 -5.11914e-06 0.000131777 6.78863e-06 0.000275193 -0.000139811 -0.00053701 0.000410014 0.000614764 2.61397e-05 -0.000790367 0.000243062 8.59336e-05 0.000411493 1.01463e-05 -5.61726e-06 0.000166123 0.000452761 0.000110418 -0.000774081 -0.000574819 -0.00026517 -0.000856597 0.000266224 -4.2101e-05 0.000263959 0.000598492 -1.70199e-05 0.00091543 0.000136503 0.000238092 0.000193086 0.000506592 0.000103347 -0.00022989 0.000400931 -0.00057092 0.000197099 -0.000147632 -9.92304e-06 -3.28457e-05 -9.94939e-05 2.24718e-05 -0.000140348 -2.82306e-05 0.000124125 -0.000175771
internal_weight=591868 2230 1539 589638 11722 11166 10674 8687 577916 556 8396 7397 7152 105870 25330 80540 71775 24863 13285 11578 2839 3444 8739 4933 62330 2354 8765 5491 2585 1090 54208 9498 1987 1142 2867 2092 4285 1567 525 44710 2865 1708 780 845 9287 8122 999 3274 5241 1157 406 751 9841 1726 472046 233022 105687 127335 92635 92588 10942 81693
internal_count=591868 2230 1539 589638 11722 11166 10674 8687 577916 556 8396 7397 7152 105870 25330 80540 71775 24863 13285 11578 2839 3444 8739 4933 62330 2354 8765 5491 2585 1090 54208 9498 1987 1142 2867 2092 4285 1567 525 44710 2865 1708 780 845 9287 8122 999 3274 5241 1157 406 751 9841 1726 472046 233022 105687 127335 92635 92588 10942 81693
is_linear=0
shrinkage=0.05


Tree=102
num_leaves=63
num_cat=0
split_feature=0 25 24 27 0 25 25 25 24 24 29 27 26 3 26 28 21 27 25 24 0 27 27 26 26 0 0 3 22 18 22 26 27 25 29 0 0 31 26 29 21 22 26 27 3 27 26 29 31 22 25 22 29 24 28 28 0 0 21 24 28 25
split_gain=0.109872 0.154698 0.191151 0.134788 0.108434 0.453765 0.417063 0.335298 0.255427 0.173549 0.205381 0.147462 0.130953 0.125248 0.126043 0.154117 0.157204 0.358115 0.176256 0.162761 0.143681 0.151278 0.126894 0.149536 0.124051 0.123462 0.210583 0.145411 0.189914 0.180402 0.319206 0.195251 0.132502 0.123009 0.120732 0.202469 0.180717 0.154856 0.136257 0.119452 0.125425 0.121214 0.115067 0.113615 0.120439 0.109607 0.103341 0.105357 0.108531 0.103181 0.196242 0.102511 0.101207 0.0988078 0.0961048 0.0960852 0.237778 0.141774 0.259593 0.244002 0.205331 0.22366
threshold=34739.908005921272 16.923911151840063 48.182231027630202 0.0036331199381303453 56917.347622519876 5.8978332682307437 9.0950400029819587 60.64346278970033 24.396749273379374 38.533362994374279 3.5000000000000004 0.0086994330509465988 72.306440846969011 5195.0500000000011 31.916327557483886 -0.00084407758410726108 1.0000000180025095e-35 0.0015953749839173897 29.502890963035501 56.214361124972527 148219.14656636358 0.001704662683827097 0.0032955442329082891 55.536679449739871 71.550136866586314 108100.09987019116 251863.03268797896 4952.9500000000016 1.0000000180025095e-35 1.0000000180025095e-35 1.0000000180025095e-35 44.361915929469205 0.0026672757698392958 23.946262301417708 4.5000000000000009 112606.3426449547 313230.26700726774 1.0000000180025095e-35 48.991683760998932 6.5000000000000009 1.0000000180025095e-35 1.0000000180025095e-35 38.51293859927658 0.005710934944302198 6059.5500000000011 0.0046828534947303208 62.310239816804227 51.500000000000007 11.500000000000002 2.5000000000000004 37.353817174790336 1.0000000180025095e-35 4.5000000000000009 78.842348051051886 -0.00075999705157542275 -0.052382485240229863 389759.98454441462 262010.48979377127 2.5000000000000004 62.368333696806083 -1.0000000180025095e-35 56.665806250660118
decision_type=2 2 2 2 2 2 2 2 2 2 2 2 2 2 2 2 2 2 2 2 2 2 2 2 2 2 2 2 2 2 2 2 2 2 2 2 2 2 2 2 2 2 2 2 2 2 2 2 2 2 2 2 2 2 2 2 2 2 2 2 2 2
left_child=1 2 -1 -3 5 24 -7 8 33 10 -10 12 53 14 20 45 18 -18 22 -20 54 -22 23 -17 -2 32 27 28 -27 30 -29 -32 -19 -8 36 -36 -21 -38 -37 40 41 -23 -12 44 -9 -16 47 48 -40 50 -13 -45 -34 -11 -6 56 -15 58 60 -60 61 -57
right_child=4 3 -4 -5 13 6 7 43 9 11 42 49 -14 55 15 16 17 25 19 34 21 39 -24 -25 -26 26 -28 29 -30 -31 31 -33 52 -35 35 38 37 -39 46 -41 -42 -43 -44 51 -46 -47 -48 -49 -50 -51 -52 -53 -54 -55 -56 57 -58 -59 59 -61 -62 -63
leaf_value=0.0016915574204035045 0.0018018830231391874 0.00052674103592662621 1.1000461379169153e-05 -0.00040944083475247885 0.00044110252645441036 -0.0016447514068559253 0.0014427315016660956 -0.00054128948038653841 -0.0018400883893346376 -0.00014205106665891995 -0.00086594143117245934 -0.00081272419593693759 0.00078489907513807689 -7.1023826052495794e-06 -0.00048886900231991223 -0.00011740556602330565 0.0012805096713555421 0.00064421521880804597 -0.00031071083827474238 -5.1589042880662647e-05 -0.00053097200866766326 0.0003750693628973927 9.0613596679195305e-05 0.0010311597084126474 0.0002456741709313519 0.00065021566335105626 -6.1360536680590494e-05 -0.00065714063418855515 -7.1600681756715147e-05 0.00042892306137062473 -0.00036451863938498889 0.0014337973192713464 -0.00012088212777548117 0.0001229391368958334 0.00051391882098000027 -0.00068434835468617278 -0.00030375902024565668 0.00060818685199871619 0.00012540544484816398 7.6718056023568291e-05 0.00029531957887504094 0.0011291062161208308 0.0002722222261882737 0.0017978902382707351 0.0005129181277022456 5.0053993304987928e-05 0.00052785927685785976 0.00086725760424583736 -0.0001873242447368799 -0.0013090815487489006 0.0008922834755888771 0.00054292065886405914 -0.00087375105736935783 -0.00098603672192562304 -0.00011995914645042859 -0.00017459386042309097 0.00040817221412209901 -5.2750599381027837e-05 0.00040318127269597785 -1.9382536885860336e-05 1.8274108040715061e-05 1.5261901411828506e-05
leaf_weight=395 356 790 296 749 960 492 266 442 398 4327 692 714 356 12672 2371 388 702 477 4123 44284 449 893 1787 1051 200 4375 5248 1380 1151 2123 254 372 2598 525 2823 604 617 1896 7876 1813 2254 1322 327 220 700 1567 1192 374 4283 484 221 625 539 377 3724 32656 4735 154535 7773 6095 224031 29549
leaf_count=395 356 790 296 749 960 492 266 442 398 4327 692 714 356 12672 2371 388 702 477 4123 44284 449 893 1787 1051 200 4375 5248 1380 1151 2123 254 372 2598 525 2823 604 617 1896 7876 1813 2254 1322 327 220 700 1567 1192 374 4283 484 221 625 539 377 3724 32656 4735 154535 7773 6095 224031 29549
internal_value=-1.32339e-07 0.000350168 0.000971666 7.11204e-05 -1.45717e-06 -0.000152011 -0.000221429 -0.000155823 -0.000289848 -0.000375661 -0.000876902 -0.000266037 -0.000139717 1.59655e-06 5.07471e-05 3.17814e-05 4.5103e-05 0.000172017 1.08921e-05 -6.22186e-06 0.000207681 0.00035566 0.000372015 0.00072147 0.0012421 0.000129993 0.000193571 0.00033214 0.00049987 0.000107662 -0.000232338 0.000704129 -0.000132184 0.000566763 1.34095e-05 0.000126889 -2.81827e-05 0.000384283 5.06385e-05 0.000419031 0.000557902 0.000825109 -0.000500701 0.000430123 0.000104897 -0.000274422 8.29833e-05 4.06717e-05 1.52466e-05 -0.000716481 -0.000409722 0.000869658 -0.00025024 -0.000209692 -4.96786e-06 -9.42689e-06 0.000105859 -1.38409e-05 6.19517e-06 0.000217464 -4.04071e-06 -8.44074e-05
internal_weight=591868 2230 691 1539 589638 11722 11166 10674 8687 7896 1417 6479 5060 577916 105870 94455 90517 19219 71298 68072 11415 6731 3226 1439 556 18517 14903 9655 5526 4129 2006 626 3614 791 63949 17152 46797 2513 14329 6282 4469 2215 1019 1987 1142 3938 13725 12533 12159 1419 935 845 3137 4704 4684 472046 17407 454639 300104 13868 286236 62205
internal_count=591868 2230 691 1539 589638 11722 11166 10674 8687 7896 1417 6479 5060 577916 105870 94455 90517 19219 71298 68072 11415 6731 3226 1439 556 18517 14903 9655 5526 4129 2006 626 3614 791 63949 17152 46797 2513 14329 6282 4469 2215 1019 1987 1142 3938 13725 12533 12159 1419 935 845 3137 4704 4684 472046 17407 454639 300104 13868 286236 62205
is_linear=0
shrinkage=0.05


Tree=103
num_leaves=63
num_cat=0
split_feature=5 24 30 27 17 19 0 25 26 21 27 24 17 24 0 17 27 20 20 0 21 25 0 28 0 27 25 0 21 3 27 0 20 25 0 27 26 3 17 0 0 0 27 26 0 21 25 0 21 0 24 26 24 24 26 25 27 17 30 30 30 26
split_gain=0.100175 0.111175 0.119908 0.109715 0.105278 0.225995 0.155179 0.143613 0.129974 0.2513 0.163404 0.181779 0.158245 0.155064 0.129044 0.114664 0.148552 0.131745 0.286553 0.215329 0.243358 0.21624 0.159291 0.174187 0.147269 0.144346 0.155109 0.27573 0.137176 0.224672 0.194826 0.17887 0.153949 0.126113 0.125163 0.126826 0.116091 0.124878 0.114124 0.110916 0.110542 0.109665 0.106549 0.103207 0.111423 0.249882 0.165042 0.12161 0.120008 0.175167 0.106905 0.10316 0.102649 0.100057 0.0994584 0.130867 0.170326 0.100891 0.0993842 0.123057 0.139951 0.0994209
threshold=181.25600000000003 91.629060008758941 1.0000000180025095e-35 0.0071588121431447336 3.5000000000000004 1.0000000180025095e-35 87438.417878299137 5.0690339509305353 43.034875662704444 1.0000000180025095e-35 0.0015300902562697357 34.690976756524371 2.5000000000000004 39.614810540960256 194491.15550176226 5.5000000000000009 0.020642464222777511 3.5000000000000004 1.5000000000000002 213585.34734224662 1.5000000000000002 68.879296131709864 399983.16676808352 -0.0077547338722385164 353945.15045855014 0.0029147897247777865 72.672455387628247 182486.53719261909 1.5000000000000002 7099.2000000000016 0.0053707699281525419 218092.28112315133 6.5000000000000009 93.163827962046369 111703.15855293175 0.0064610893991250305 29.954841490012416 7099.2000000000016 6.5000000000000009 126929.4874171366 259897.22589403568 122478.81271653248 0.0019867104682744058 26.800355132552038 172462.1622865258 1.5000000000000002 79.710081798490663 46964.12294112995 1.5000000000000002 410154.77685098827 50.119530929992131 29.116013396881122 45.651188161068468 82.131048410986907 62.966239533421934 27.784150011257246 0.0085306821659845693 6.5000000000000009 254.00000000000003 232.50000000000003 208.00000000000003 28.317415971378832
decision_type=2 2 2 2 2 2 2 2 2 2 2 2 2 2 2 2 2 2 2 2 2 2 2 2 2 2 2 2 2 2 2 2 2 2 2 2 2 2 2 2 2 2 2 2 2 2 2 2 2 2 2 2 2 2 2 2 2 2 2 2 2 2
left_child=1 58 -3 -4 5 6 -2 40 10 -10 11 -9 -13 -11 -15 43 17 18 19 20 21 34 33 -24 25 39 28 -28 29 31 -31 -27 -30 42 36 38 -17 -38 -36 -19 -8 -20 -21 -6 45 47 48 -45 49 52 -47 -22 -46 -23 55 56 -44 -57 59 60 61 -1
right_child=4 2 3 -5 15 -7 7 8 9 13 -12 12 -14 14 -16 16 -18 24 41 22 51 53 23 -25 -26 26 27 -29 32 30 -32 -33 -34 -35 35 -37 37 -39 -40 -41 -42 -43 54 44 46 50 -48 -49 -50 -51 -52 -53 -54 -55 -56 57 -58 -59 -60 -61 -62 -63
leaf_value=4.8920624913673122e-05 0.0005983120181778642 -0.00036932006075034727 8.4900417609080079e-05 0.00035943459930367212 -0.00030820999427803598 -0.00038161942349852404 -0.0010540338125114962 0.00018025465099246786 0.00038520308942953971 0.00049129113876966583 4.4780122569387828e-05 -0.0015658535471207284 -0.00026958230214758948 -0.00079563592177553399 -7.7724175666896112e-05 -0.0012204067014610902 0.0012083669052200012 -0.00055653716100485849 -7.4776335286174615e-05 0.00031876798519382042 0.00064689670817320562 0.0005276914000324161 0.00019756695242603464 -0.00016173077420281103 0.00015131498945149507 -0.0015761818292127701 0.00076198027433511321 -0.00035094777446432817 -0.0007859907718779746 0.00037621292996798436 -0.0007430528182891307 -0.00061202176572413506 0.00048181903358870504 0.00034217479360487273 0.00044497238217277912 -0.00092608791399509654 3.9201449696175134e-05 -0.001190700009429971 -0.00024637459352521129 0.00041900361366192904 -3.8536293675059502e-05 0.00041828229012818229 -0.00086956169842123147 0.00099187329098378275 0.00072818174116911041 -0.0020133792050541061 -0.00043269511468432506 -0.0001932697980807505 -0.00018050074007174149 -0.00034880997240026637 -0.0005274743126388381 0.0001837205577427069 0.00020401754219666882 -0.00040316609203697054 -0.00071310543955634088 0.00020301101796904738 0.00058780087968224163 -0.00030491277503795012 0.00052415255388446364 -0.00099303528190507824 0.00097421598674841178 -9.1249803370517724e-06
leaf_weight=92650 1438 1248 20890 4407 7669 2782 491 572 7172 893 7703 495 449 820 2645 540 242 392 1443 573 2261 1626 5398 8993 2597 898 724 2406 403 688 894 1036 590 731 1085 373 722 289 1327 1135 590 5162 1476 222 1155 262 1827 8667 3048 1237 225 2567 4882 351 1819 1358 232 3491 916 310 371 362010
leaf_count=92650 1438 1248 20890 4407 7669 2782 491 572 7172 893 7703 495 449 820 2645 540 242 392 1443 573 2261 1626 5398 8993 2597 898 724 2406 403 688 894 1036 590 731 1085 373 722 289 1327 1135 590 5162 1476 222 1155 262 1827 8667 3048 1237 225 2567 4882 351 1819 1358 232 3491 916 310 371 362010
internal_value=-1.25722e-07 9.65109e-06 0.000109124 0.000132727 -4.34047e-05 4.42896e-05 9.52128e-05 6.20723e-05 9.13444e-05 0.000203244 -4.86054e-05 -0.00052311 -0.000949301 -9.6209e-05 -0.00024762 -7.09227e-05 -2.76445e-05 -3.32271e-05 8.35613e-06 -4.83313e-05 0.000133413 -7.0947e-05 -0.00013245 -2.69598e-05 -0.000181054 -0.000275224 -0.000363936 -9.35165e-05 -0.000551653 -0.000698214 -0.000256292 -0.0010597 -3.271e-05 -0.000289279 -0.000268543 -6.807e-05 -0.000628516 -0.000312373 6.46169e-05 0.00016857 -0.000499784 0.000310563 -0.000340859 -0.00015071 -9.45958e-05 -0.000224089 5.3408e-06 -0.000163671 8.28734e-05 0.000193234 -0.00132687 0.000400631 0.000304301 0.000362425 -0.000385984 -0.000295236 -0.000671606 -0.000162665 3.86378e-06 2.81713e-06 3.49558e-06 2.70347e-06
internal_weight=591868 482802 26545 25297 109066 26050 23268 21830 20749 11530 9219 1516 944 4358 3465 83016 53822 53580 41817 35212 11141 6313 24071 14391 11763 9166 7639 3130 4509 3516 1582 1934 993 9680 4336 2785 1551 1011 2412 1527 1081 6605 8949 29194 21525 9376 12149 8889 10322 7274 487 4828 6037 1977 8376 6557 1708 4849 456257 455341 455031 454660
internal_count=591868 482802 26545 25297 109066 26050 23268 21830 20749 11530 9219 1516 944 4358 3465 83016 53822 53580 41817 35212 11141 6313 24071 14391 11763 9166 7639 3130 4509 3516 1582 1934 993 9680 4336 2785 1551 1011 2412 1527 1081 6605 8949 29194 21525 9376 12149 8889 10322 7274 487 4828 6037 1977 8376 6557 1708 4849 456257 455341 455031 454660
is_linear=0
shrinkage=0.05


Tree=104
num_leaves=63
num_cat=0
split_feature=0 30 25 25 0 25 25 25 24 24 29 5 23 26 24 0 0 29 26 19 25 26 30 25 24 30 26 24 24 24 24 21 28 24 30 0 5 0 28 21 24 26 28 21 25 22 0 25 24 0 20 22 0 0 30 26 19 20 20 30 5 5
split_gain=0.0980733 0.159511 0.186593 0.179179 0.0997028 0.409764 0.374949 0.301337 0.229785 0.156111 0.185245 0.113515 0.123814 0.113147 0.125065 0.142897 0.118068 0.116562 0.111573 0.11146 0.111154 0.104851 0.102957 0.109928 0.099708 0.117997 0.115385 0.114942 0.138969 0.114499 0.170249 0.0920323 0.0917888 0.0901538 0.0875381 0.0870828 0.12335 0.111685 0.290436 0.243152 0.221388 0.200557 0.186846 0.286909 0.361331 0.218981 0.352618 0.179765 0.228355 0.165246 0.374037 0.255104 0.178975 0.382857 0.169818 0.162167 0.153437 0.156543 0.149489 0.236466 0.135083 0.134006
threshold=34739.908005921272 3.5000000000000004 16.923911151840063 49.641759607705417 56917.347622519876 5.8978332682307437 9.0950400029819587 60.64346278970033 24.396749273379374 38.533362994374279 3.5000000000000004 112.48000000000002 1.0000000180025095e-35 31.916327557483886 41.24220133320545 148219.14656636358 146426.10107205156 6.5000000000000009 71.550136866586314 1.0000000180025095e-35 23.946262301417708 38.51293859927658 2.5000000000000004 87.462986312676534 42.505120397946691 3.5000000000000004 79.158208864458558 77.734842743113333 58.034058036656653 50.66757566353391 54.253822994930999 1.0000000180025095e-35 -1.0000000180025095e-35 52.865088465474585 119.00000000000001 781283.69989834295 129.75250000000003 259897.22589403568 -0.044596889777979869 2.5000000000000004 64.128291230635099 8.8165262027375029 -1.0000000180025095e-35 1.0000000180025095e-35 52.387250125170759 2.5000000000000004 112606.3426449547 20.217416093951574 30.555217382421656 109052.29978744902 1.5000000000000002 1.5000000000000002 126929.4874171366 147321.5112155641 2.5000000000000004 58.794511253210594 1.0000000180025095e-35 2.5000000000000004 3.5000000000000004 12.500000000000002 182.45750000000001 164.58050000000003
decision_type=2 2 2 2 2 2 2 2 2 2 2 2 2 2 2 2 2 2 2 2 2 2 2 2 2 2 2 2 2 2 2 2 2 2 2 2 2 2 2 2 2 2 2 2 2 2 2 2 2 2 2 2 2 2 2 2 2 2 2 2 2 2
left_child=1 -1 33 -4 5 18 -7 8 20 10 -10 12 13 16 15 -15 -6 32 -2 24 -8 -12 31 34 -11 -26 27 28 29 -27 -31 -16 -18 -3 -24 37 -37 39 -39 41 -41 47 43 44 45 49 55 48 -13 54 -51 52 -52 -54 -43 -47 58 -58 -44 -60 -61 -56
right_child=4 2 3 -5 11 6 7 -9 9 19 21 35 -14 14 22 -17 17 -19 -20 -21 -22 -23 23 -25 25 26 -28 -29 -30 30 -32 -33 -34 -35 -36 36 -38 38 -40 40 -42 42 56 -45 -46 46 -48 -49 -50 50 51 -53 53 -55 61 -57 57 -59 59 60 -62 -63
leaf_value=-0.00098415162097964786 0.0017099405057001351 0.0016186590376454332 -0.00046796734998599978 0.00066758344547936186 3.9551097628551095e-06 -0.0015612510951896405 0.0013686126037705812 0.000405982116382855 -0.0017480912693484348 0.00048613958736352383 -0.00082470361759338744 -0.0015095369973754896 -0.00056079348838402015 5.0735869743603928e-05 -0.00017056943353567955 -0.00069854588110815049 0.0014918275501619425 1.3274814825777831e-05 0.00023407689727537219 0.00071105880715867582 0.00011402598915806483 0.00026176107196512988 5.2617440409744536e-05 0.00043743666382646654 0.00014617470102049521 -0.00039009866752924061 0.00057654635097006653 -0.0011408148517133645 -0.00018047606134786087 -0.0021944239900019767 -0.00058803031183200934 0.00015844371548627925 0.00044666648866852087 0.00034722146805791273 0.00052884062447363235 -0.00038523347853497864 0.00018222296302869022 0.00022333715042978418 -6.4101952966740135e-05 0.00036473750233238171 -3.4561713594939883e-05 -0.00055233943780961191 3.3284463322084063e-05 -0.00019688968503316198 0.0001232652204063301 -0.00075496028242928617 -8.7183462809555404e-05 0.00043322917804237922 0.00068820963721258994 -8.4706792934517727e-05 -0.0002239439221976195 0.00012464516656604353 -0.0037185464862523076 -0.0011194795305037501 4.2217683715650759e-05 -0.0019255024498458012 -0.00023919717186578456 0.00025784197841405694 -3.9734673515540481e-05 -0.00038540453295592418 -0.0012750699670626936 0.00062102412574310437
leaf_weight=209 356 411 642 757 3912 492 266 1987 398 380 692 281 823 1330 8803 1220 222 1723 200 286 525 327 72458 1970 994 801 258 624 2462 288 386 2802 3909 211 978 1057 10190 9355 145045 8700 5776 809 198398 30234 25096 754 1574 4070 204 5717 215 340 200 486 3012 487 10095 1879 9943 1792 560 1497
leaf_count=209 356 411 642 757 3912 492 266 1987 398 380 692 281 823 1330 8803 1220 222 1723 200 286 525 327 72458 1970 994 801 258 624 2462 288 386 2802 3909 211 978 1057 10190 9355 145045 8700 5776 809 198398 30234 25096 754 1574 4070 204 5717 215 340 200 486 3012 487 10095 1879 9943 1792 560 1497
internal_value=-1.19436e-07 0.000330839 0.000466827 0.00014648 -1.37111e-06 -0.000145736 -0.000211703 -0.000149498 -0.000276554 -0.000357946 -0.000833338 1.55708e-06 4.99572e-05 5.50178e-05 3.73957e-05 -0.000307744 0.000216624 0.000358742 0.00117905 -0.000253975 0.000535922 -0.000476054 4.75106e-05 6.88475e-05 -0.000298541 -0.000349836 -0.000452147 -0.000510336 -0.000410408 -0.000794199 -0.00127444 -9.113e-05 0.000502833 0.00118735 5.89596e-05 -8.58863e-06 0.000128893 -1.19031e-05 -4.66862e-05 5.30353e-06 0.000205415 -4.42899e-06 -9.54565e-06 -8.05343e-05 7.00361e-06 -0.000186337 -0.00058408 0.000324799 -0.000585124 -9.51306e-05 -0.000255506 -0.00104234 -0.00148271 -0.00187722 0.000114703 -0.00121431 1.29053e-05 -0.0001612 2.28e-05 -0.000146382 -0.00059723 0.000234383
internal_weight=591868 2230 2021 1399 589638 11722 11166 10674 8687 7896 1417 577916 100150 99327 89561 2550 9766 5854 556 6479 791 1019 87011 75406 6193 5813 4819 4561 3937 1475 674 11605 4131 622 73436 477766 11247 466519 154400 312119 14476 297643 293088 70421 40187 15091 2815 4555 485 12276 6958 1241 901 686 5318 1241 222667 11974 210693 12295 2352 4509
internal_count=591868 2230 2021 1399 589638 11722 11166 10674 8687 7896 1417 577916 100150 99327 89561 2550 9766 5854 556 6479 791 1019 87011 75406 6193 5813 4819 4561 3937 1475 674 11605 4131 622 73436 477766 11247 466519 154400 312119 14476 297643 293088 70421 40187 15091 2815 4555 485 12276 6958 1241 901 686 5318 1241 222667 11974 210693 12295 2352 4509
is_linear=0
shrinkage=0.05


Tree=105
num_leaves=63
num_cat=0
split_feature=24 20 0 0 26 18 18 0 18 24 20 21 0 3 17 29 29 17 26 31 27 31 0 3 24 24 27 31 29 0 0 19 0 20 23 21 24 28 27 18 0 26 21 20 3 17 27 28 26 29 18 21 17 0 17 3 18 24 17 27 24 26
split_gain=0.0857444 0.100322 0.216207 0.170008 0.130758 0.162491 0.111499 0.107284 0.0924062 0.236309 0.222496 0.387357 0.121915 0.108243 0.106903 0.0827605 0.115566 0.178077 0.340839 0.179195 0.141462 0.175538 0.120503 0.100052 0.109316 0.0979465 0.0976762 0.0939295 0.0911002 0.121561 0.089538 0.203933 0.203095 0.226096 0.21249 0.180353 0.216263 0.196866 0.292749 0.189918 0.288748 0.191087 0.18602 0.170585 0.227301 0.17344 0.199777 0.17417 0.155985 0.21271 0.146196 0.268556 0.311268 0.253954 0.179875 0.252366 0.21494 0.188757 0.184566 0.385469 0.175643 0.173199
threshold=91.629060008758941 5.5000000000000009 128790.42997428129 339120.69724918756 76.717570645409396 1.0000000180025095e-35 1.0000000180025095e-35 232279.04786341064 1.5000000000000002 40.70706840833703 6.5000000000000009 1.5000000000000002 192092.07090263377 7099.2000000000016 8.5000000000000018 22.500000000000004 27.500000000000004 2.5000000000000004 44.887566978080855 5.5000000000000009 0.0033944299402460603 3.5000000000000004 125209.23293425527 5795.7500000000009 55.120856414194996 55.359154095519038 0.0033742576008909449 3.5000000000000004 41.500000000000007 182486.53719261909 298650.31923453935 1.0000000180025095e-35 102416.78988930429 2.5000000000000004 1.0000000180025095e-35 2.5000000000000004 44.778029586822576 -1.0000000180025095e-35 0.0072664608556481068 1.5000000000000002 115331.79263260768 77.995891677364469 1.0000000180025095e-35 2.5000000000000004 6427.6500000000005 1.5000000000000002 0.0054619003799789108 -0.038867510126359466 29.954841490012416 5.5000000000000009 1.0000000180025095e-35 1.5000000000000002 5.5000000000000009 171421.39701055989 6.5000000000000009 6427.6500000000005 1.5000000000000002 28.229802062472391 1.5000000000000002 0.0020236436504750886 62.719166861854752 29.411356765434977
decision_type=2 2 2 2 2 2 2 2 2 2 2 2 2 2 2 2 2 2 2 2 2 2 2 2 2 2 2 2 2 2 2 2 2 2 2 2 2 2 2 2 2 2 2 2 2 2 2 2 2 2 2 2 2 2 2 2 2 2 2 2 2 2
left_child=1 15 6 4 8 -6 -3 -7 10 13 14 -12 -13 -10 -4 30 22 18 19 -18 -20 28 27 24 -19 -21 -24 -17 29 -22 31 35 -33 34 -34 37 -37 42 50 48 -41 -42 -1 45 -45 46 -32 -47 -40 -50 51 53 -53 -39 57 60 -57 58 59 -52 -56 -55
right_child=-2 2 3 -5 5 7 -8 -9 9 -11 11 12 -14 -15 -16 16 17 23 20 25 21 -23 26 -25 -26 -27 -28 -29 -30 -31 43 32 33 -35 -36 36 -38 38 39 40 41 -43 -44 44 -46 47 -48 -49 49 -51 54 52 -54 61 55 56 -58 -59 -60 -61 -62 -63
leaf_value=3.7510629177041012e-06 7.8274087240216302e-05 0.0015120789374425026 -0.00093243365048007387 0.00011512220512268223 0.0006516565213808503 -0.0012552851024208525 8.0420989987752562e-05 2.9821583698932465e-05 0.0012572009746341234 -0.00067867587433561357 -0.00077322698159170648 -9.4472821531286304e-05 0.0014276340365031968 -0.00020491756123350307 -0.0020527215389623279 0.0017356233250026326 -0.0010358781340306705 0.001531099256435482 0.00058385265142522002 -4.0066726999987072e-06 -0.0020181999236192675 0.00018054716701725954 0.0004347955794148442 0.00011090846356050109 0.00030580340445898854 -0.00071753232222412304 3.290889907233018e-05 0.00048868959809937054 2.9494641250263188e-05 -0.00048399434071952048 5.1354310881728465e-05 0.00028849328561010167 -0.00029297511601121063 0.00034636163635472667 0.00076831935444217998 0.00051021916312466429 7.6060873650714083e-05 -1.5992887838473854e-05 -0.00041643423590187467 0.00069857089676211837 -0.0010090019642695067 5.211454204320696e-05 -0.00015431612573619486 -0.0007053601413743 0.0004641306610380291 0.00015073605118844872 0.00079452436667194455 -0.0001032010977934297 -8.2775846072581454e-05 0.00071997397763736023 0.00061628371034589378 -0.0004108116980398544 0.00074485170678672598 0.0002443687700479827 -7.5806472575235499e-06 0.00026950380011870251 -0.00017911987210958544 0.00018613015306165413 -6.0711993905121315e-06 -0.0016659330847511172 -0.00068086072368316519 6.0301394487797481e-05
leaf_weight=42391 33873 271 690 2430 611 266 273 417 312 872 1543 228 311 213 308 221 1194 260 1221 1307 201 2293 2495 9021 607 761 3837 477 315 361 14833 2355 15958 1686 486 3751 12189 134581 3040 391 1856 550 33183 483 2972 7343 963 83962 8410 915 292 5942 646 15744 1701 6176 4703 42393 4634 505 2250 67884
leaf_count=42391 33873 271 690 2430 611 266 273 417 312 872 1543 228 311 213 308 221 1194 260 1221 1307 201 2293 2495 9021 607 761 3837 477 315 361 14833 2355 15958 1686 486 3751 12189 134581 3040 391 1856 550 33183 483 2972 7343 963 83962 8410 915 292 5942 646 15744 1701 6176 4703 42393 4634 505 2250 67884
internal_value=1.03098e-06 -3.65394e-06 -0.000171674 -0.000235705 -0.000383429 5.92673e-05 0.000793618 -0.000470674 -0.000511382 -0.000174092 -0.000664368 -0.000370142 0.000783774 0.000663999 -0.00127817 -9.8115e-07 8.87082e-05 2.00608e-05 -0.000161025 -0.000548166 0.000126575 -4.95567e-05 0.000259995 0.000160216 0.000673251 -0.000266576 0.000191264 0.000883492 -0.000651185 -0.0010327 -5.17744e-06 5.48348e-06 -0.000148329 -0.00020507 -0.000261609 1.3478e-05 0.000178227 6.53408e-06 2.4562e-05 -0.000189568 -0.000561639 -0.000766436 -6.5653e-05 -4.51585e-05 0.000300639 -5.63137e-05 9.66615e-05 -8.27788e-05 -0.000105405 -4.00736e-06 3.58565e-05 1.70315e-05 -0.000297491 2.65273e-05 0.000103399 -4.87375e-05 7.55634e-05 0.000150576 -0.000126952 -0.000829788 -0.000390998 9.49543e-05
internal_weight=592357 558484 8745 8201 5771 1294 544 683 4477 1397 3080 2082 539 525 998 549739 24571 17541 7653 3262 4391 3170 7030 9888 867 2068 6332 698 877 562 525168 414612 20485 18130 16444 394127 15940 378187 302613 15162 2797 2406 75574 110556 3455 107101 15796 91305 12365 9325 287451 224797 6588 218209 62654 14830 10879 47824 5431 797 3951 83628
internal_count=592357 558484 8745 8201 5771 1294 544 683 4477 1397 3080 2082 539 525 998 549739 24571 17541 7653 3262 4391 3170 7030 9888 867 2068 6332 698 877 562 525168 414612 20485 18130 16444 394127 15940 378187 302613 15162 2797 2406 75574 110556 3455 107101 15796 91305 12365 9325 287451 224797 6588 218209 62654 14830 10879 47824 5431 797 3951 83628
is_linear=0
shrinkage=0.05


Tree=106
num_leaves=63
num_cat=0
split_feature=30 0 25 0 25 25 25 24 26 0 24 26 0 25 0 25 30 29 30 31 29 3 24 25 22 25 27 25 27 21 22 3 26 27 27 24 27 0 30 0 25 26 24 24 24 25 25 0 24 21 3 0 22 24 25 26 26 3 25 29 0 22
split_gain=0.0971528 0.133671 0.171286 0.134129 0.384603 0.350269 0.249098 0.221834 0.132032 0.179764 0.130978 0.159763 0.14452 0.245666 0.137042 0.125738 0.123204 0.134565 0.122021 0.160137 0.120201 0.203837 0.117901 0.111506 0.110022 0.180878 0.152482 0.113211 0.109604 0.142026 0.123507 0.107726 0.1459 0.101461 0.0996841 0.123688 0.207216 0.0943531 0.129763 0.092147 0.180409 0.133021 0.209613 0.127513 0.148127 0.112996 0.122276 0.110599 0.158846 0.192515 0.108207 0.0953217 0.0912616 0.0889307 0.108675 0.0977778 0.214974 0.0859844 0.0916915 0.0863912 0.250772 0.180323
threshold=2.5000000000000004 34739.908005921272 16.923911151840063 54169.048251842112 5.8978332682307437 60.64346278970033 9.0950400029819587 24.396749273379374 96.480185198186078 174663.50994027403 58.23426440022196 49.292015125519271 149098.16971117884 54.012269386054356 105297.18060466945 32.15636798234592 3.5000000000000004 6.5000000000000009 10.500000000000002 5.5000000000000009 4.5000000000000009 6080.9000000000005 91.629060008758941 49.641759607705417 1.5000000000000002 49.438206565786196 0.0078413997693469618 88.52706699455301 0.0086994330509465988 1.5000000000000002 1.5000000000000002 6059.5500000000011 77.543989086928647 0.018118430090742144 0.0030459717963636514 12.802271805531104 0.005039054616948359 253920.6334798804 7.5000000000000009 109052.29978744902 35.725798426386255 17.759883273820051 29.062067821456424 24.981131576255525 29.751697095856162 45.551147317904245 54.012269386054356 151873.46741561705 43.25276643450092 1.0000000180025095e-35 5858.3000000000002 146426.10107205156 1.0000000180025095e-35 33.207797856477406 53.146075699242594 29.411356765434977 40.907246458054509 5195.0500000000011 88.990457059209874 15.500000000000002 95846.83658813838 2.5000000000000004
decision_type=2 2 2 2 2 2 2 2 2 2 2 2 2 2 2 2 2 2 2 2 2 2 2 2 2 2 2 2 2 2 2 2 2 2 2 2 2 2 2 2 2 2 2 2 2 2 2 2 2 2 2 2 2 2 2 2 2 2 2 2 2 2
left_child=8 2 -2 4 -3 6 -6 15 10 -10 34 12 13 14 -12 -8 17 20 28 52 -5 -22 57 -4 26 -26 37 -28 -9 30 -30 32 -7 -13 39 36 -36 38 -24 43 41 -41 50 -1 -45 47 -47 48 49 -42 -43 -44 -20 -46 55 -55 -57 58 -18 -59 -61 -62
right_child=1 3 23 16 5 31 7 18 9 -11 11 33 -14 -15 -16 -17 22 -19 19 -21 21 -23 24 -25 25 -27 27 -29 29 -31 -32 -33 -34 -35 35 -37 -38 -39 -40 40 45 42 51 44 53 46 -48 -49 -50 -51 -52 -53 -54 54 -56 56 -58 59 -60 60 61 -63
leaf_value=0.00020165565631749622 0.0011060566736614847 0.0014966042877824961 -0.00036506495961448034 0.00016842369107484479 -0.0015542219706760829 0.00068262435358014449 0.0015610500706812176 -0.00017325083591266405 -0.0020134317776599178 9.3530784290079489e-05 0.00039743082184583005 -4.3925813123456395e-05 4.1290760031967354e-05 3.8533524690202681e-05 0.001220216466770313 -4.1374990506364673e-05 3.8195697441441327e-05 -0.0010972814183918276 -0.0021524153414783581 0.00022213923994098927 0.0021916451474155918 8.8633363797001682e-05 0.00076192550606446767 0.0005224754311385269 0.00029127988075768502 -0.00022555558654094901 0.00071325122189067731 6.9258746510424371e-07 -0.00051985599195356481 0.00038930372426909383 -0.0017279961584489184 0.00085529976068099097 -0.00077403687963185333 0.0010526947235979056 3.15404992585441e-05 -8.5274468016002327e-06 -0.0017175604068887713 1.8783859004203427e-05 0.00016466982950534244 -0.00049006613553247722 -0.0022110357345819947 0.002001054782823032 0.00073946938954922087 -0.001500253363546302 0.000294422047174478 0.00019931105278125363 -0.00025836087955989081 -0.00028607198731153162 -7.2658608478350179e-05 -0.00044341291856262978 0.00058463764161084935 -3.3536065095659608e-05 -0.00093904081588986612 7.6325155037077332e-05 -0.00011365855957261023 -0.0020444650679210664 -0.00058524631552276253 -1.7432891409335806e-05 0.00039329487312698405 0.00088707381585251895 3.6580271508536525e-06 0.00037103723835921947
leaf_weight=710 621 322 660 9827 457 360 220 3171 200 205 1031 41527 7868 2205 994 276 86335 202 219 227 201 270 1065 763 2523 5145 1979 776 487 216 374 742 329 212 413 18549 287 10724 6226 676 347 228 483 356 379 1910 6186 1729 332 277 330 2288 530 276 990 339 988 327193 1857 903 31100 3742
leaf_count=710 621 322 660 9827 457 360 220 3171 200 205 1031 41527 7868 2205 994 276 86335 202 219 227 201 270 1065 763 2523 5145 1979 776 487 216 374 742 329 212 413 18549 287 10724 6226 676 347 228 483 356 379 1910 6186 1729 332 277 330 2288 530 276 990 339 988 327193 1857 903 31100 3742
internal_value=9.79435e-07 9.67983e-06 0.000413193 8.02363e-06 -0.000195967 -0.000267603 -0.000430896 -0.000341147 -4.61479e-05 -0.000946945 -4.21786e-05 8.01591e-06 0.000168002 0.000403691 0.000801307 0.000669378 1.13245e-05 0.000180752 -0.000437093 -0.000941235 0.000205822 0.000986097 7.61491e-06 0.000110826 0.000106358 -5.55014e-05 0.000166114 0.000512545 -0.000321264 -0.000757057 -0.00104465 0.00043726 -1.29367e-05 -3.83559e-05 -0.000113156 -3.31492e-05 -0.000685591 0.000113135 0.000251911 -0.000194969 -0.000137158 0.000149393 0.000279244 -0.000406657 -0.000536436 -0.000243607 -0.000150387 -0.000524691 -0.000956253 -0.00142637 0.00116339 0.000101203 -0.00129382 -0.000420985 -0.000525551 -0.000779932 -0.000958023 1.39044e-06 4.56728e-05 -9.36994e-06 6.44346e-05 4.31142e-05
internal_weight=592357 500042 2044 497998 7930 7608 6177 5720 92315 405 91910 53837 12098 4230 2025 496 490068 10500 5224 976 10298 471 479568 1423 28438 7668 20770 2755 4248 1077 861 1431 689 41739 38073 19249 700 18015 7291 18824 14786 4005 3329 4038 3328 10781 8096 2685 956 624 558 2771 749 2972 2593 1603 1327 451130 88192 362938 35745 34842
internal_count=592357 500042 2044 497998 7930 7608 6177 5720 92315 405 91910 53837 12098 4230 2025 496 490068 10500 5224 976 10298 471 479568 1423 28438 7668 20770 2755 4248 1077 861 1431 689 41739 38073 19249 700 18015 7291 18824 14786 4005 3329 4038 3328 10781 8096 2685 956 624 558 2771 749 2972 2593 1603 1327 451130 88192 362938 35745 34842
is_linear=0
shrinkage=0.05


Tree=107
num_leaves=63
num_cat=0
split_feature=25 0 24 26 26 26 0 24 0 24 26 21 0 25 18 25 0 26 24 0 31 24 25 18 24 26 26 26 28 24 26 25 0 25 31 27 25 24 22 5 0 27 0 25 18 21 25 26 25 25 0 5 25 25 24 22 5 0 26 0 22 24
split_gain=0.0847636 0.184123 0.179052 0.140932 0.187927 0.114037 0.106548 0.103418 0.179595 0.101304 0.220095 0.343001 0.448711 0.279247 0.155334 0.147707 0.209766 0.182144 0.146782 0.135288 0.261358 0.311983 0.188751 0.296065 0.190949 0.440718 0.214818 0.369531 0.276669 0.202907 0.18379 0.180202 0.176907 0.218205 0.190582 0.175376 0.166993 0.157237 0.147307 0.146584 0.144039 0.14494 0.139511 0.182999 0.133836 0.465077 0.358655 0.226332 0.601099 0.338129 0.249412 0.325274 0.207239 0.186274 0.173067 0.188321 0.220234 0.167774 0.152313 0.147784 0.356632 0.150034
threshold=1.0000000180025095e-35 183652.3765976998 82.445626344154292 31.916327557483886 27.502653919046033 31.916327557483886 624061.93202985357 46.351391751124524 90710.052401173903 49.47800876788218 28.891471227441773 1.0000000180025095e-35 290740.95272651286 15.763643920596115 1.0000000180025095e-35 87.462986312676534 159522.8956612758 51.049071244597556 50.395763389745916 162495.81210183841 1.0000000180025095e-35 20.859423279250979 50.093409079463548 1.0000000180025095e-35 48.926876128900055 41.732392049947784 14.828113515038339 24.795636309664591 -0.088314881071077309 29.751697095856162 24.011061026622809 22.183019641471613 46964.12294112995 23.946262301417708 1.5000000000000002 0.005992807847128045 13.927933194169226 28.229802062472391 2.5000000000000004 129.75250000000003 82752.080123748587 0.01388394373773493 124326.37906049102 17.606805955796379 1.0000000180025095e-35 1.5000000000000002 30.684042307821773 18.517829348366202 22.183019641471613 31.663758667122735 56917.347622519876 139.48850000000002 17.606805955796379 25.308008999869596 31.05028650661939 1.5000000000000002 140.9145 111703.15855293175 41.444318493360804 81570.530580228136 1.5000000000000002 30.176692136026457
decision_type=2 2 2 2 2 2 2 2 2 2 2 2 2 2 2 2 2 2 2 2 2 2 2 2 2 2 2 2 2 2 2 2 2 2 2 2 2 2 2 2 2 2 2 2 2 2 2 2 2 2 2 2 2 2 2 2 2 2 2 2 2 2
left_child=1 2 5 4 6 -1 -3 8 -7 15 11 12 13 -11 -13 19 17 -17 -12 20 44 32 23 24 26 -26 -23 29 -29 37 42 38 -22 36 -35 -33 -34 -28 -21 -40 41 -24 43 -31 45 47 -47 48 52 50 51 -49 -2 -52 55 56 -50 -57 -55 60 -51 -61
right_child=9 3 -4 -5 -6 7 -8 -9 -10 10 18 14 -14 -15 -16 16 -18 -19 -20 31 21 22 40 -25 25 -27 27 28 -30 30 -32 35 33 34 -36 -37 -38 -39 39 -41 -42 -43 -44 -45 -46 46 -48 49 54 59 53 -53 -54 58 -56 57 -58 -59 -60 61 -62 -63
leaf_value=0.0016885820396466526 -0.0011105516005756814 -9.0398759469865954e-06 -0.00026878391238278708 -0.0001110659563182842 0.00098450870850383897 -0.0010373026895999478 0.00069043747577911783 0.00086416152451833253 0.000662251155199654 -0.0012729726327087715 0.00028077293587999068 -0.00018749723306914917 -0.00017611143866994247 0.00060054970522853196 0.00012156671080516324 0.00082528203032193994 -5.6306884581615144e-05 7.8872300957815377e-05 -1.9089478479634226e-06 8.2264646450026021e-05 0.001730694446847355 0.00043032757237286751 0.00024218296723918745 0.00020077689433449717 -0.0021537600979755697 0.00068449429306009541 -0.00074421260924393997 -0.00192885619645711 -0.00010043357864391171 0.00093573399910169158 -0.0017260227768541672 -1.0699928744535644e-05 0.000335573319537281 0.0017412558985696277 0.00034079653370549162 -0.00025061711120561965 -0.00081989656464530206 -0.0017816443477175526 0.0017712339428236684 0.00038253975579012226 -1.8520551525709348e-05 0.001403484771645592 0.00024915686999294644 -0.00062945921223452321 -4.6079539720479133e-06 -0.0007152075821735349 -0.0032484375773846642 0.00034682056033927467 -0.00039997640127449895 -0.00010416678281073569 0.00011109557894949023 -0.0015544263843570458 -0.00258073222468444 0.0012530341100379398 0.00045037828593529798 -0.0006368630197502148 -0.0017561244155904208 0.00072304034671790557 0.00013278350781643225 0.0002363570764143896 -0.0017318214135609395 -0.00037931311930003458
leaf_weight=261 849 3225 600 6775 728 234 655 1145 463 204 4650 6414 2842 7938 11103 1779 4009 1512 369137 15581 211 1198 2731 4521 379 214 1170 210 13988 204 244 69214 551 258 4159 8559 723 531 208 2199 16588 298 846 2208 4724 366 226 473 1190 760 2458 429 334 840 760 390 400 542 475 1260 604 4610
leaf_count=261 849 3225 600 6775 728 234 655 1145 463 204 4650 6414 2842 7938 11103 1779 4009 1512 369137 15581 211 1198 2731 4521 379 214 1170 210 13988 204 244 69214 551 258 4159 8559 723 531 208 2199 16588 298 846 2208 4724 366 226 473 1190 760 2458 429 334 840 760 390 400 542 475 1260 604 4610
internal_value=9.30463e-07 0.000122117 0.000493085 3.40274e-05 0.000247354 0.000710451 0.000109042 0.000571856 9.16692e-05 -2.0215e-06 1.182e-05 0.000145753 0.0003648 0.000553608 8.40029e-06 -3.36625e-05 0.000186534 0.000482355 1.60768e-06 -4.31918e-05 -9.4505e-05 -3.29139e-05 -7.74355e-05 -0.000166553 -0.000244917 -0.0011295 -0.000219452 -0.000259576 -0.000127477 -0.000620046 -0.000402433 -4.11681e-06 0.000309032 0.000256323 0.000422598 -3.71031e-05 -0.00032016 -0.00106807 0.000138503 0.000502543 3.93751e-05 0.000356435 -0.000303306 -0.00049708 -0.000239984 -0.000305522 -0.00168229 -0.000255745 -0.000559338 -0.00014192 0.000189495 -0.000557431 -0.00152563 0.000368061 -0.000211037 -0.000410353 -0.000741146 0.000153982 0.000848381 -0.000356098 -0.000824917 -0.000247159
internal_weight=592357 14086 2703 11383 4608 2103 3880 1842 697 578271 402288 28501 10984 8142 17517 175983 7300 3291 373787 168683 72922 51232 45330 25713 21192 593 20599 19401 14198 5203 3502 95761 5902 5691 4417 77773 1274 1701 17988 2407 19617 3029 3258 2412 21690 16966 592 16374 4465 11909 4675 902 1183 3773 3282 2522 1590 932 1315 7234 1364 5870
internal_count=592357 14086 2703 11383 4608 2103 3880 1842 697 578271 402288 28501 10984 8142 17517 175983 7300 3291 373787 168683 72922 51232 45330 25713 21192 593 20599 19401 14198 5203 3502 95761 5902 5691 4417 77773 1274 1701 17988 2407 19617 3029 3258 2412 21690 16966 592 16374 4465 11909 4675 902 1183 3773 3282 2522 1590 932 1315 7234 1364 5870
is_linear=0
shrinkage=0.05


Tree=108
num_leaves=63
num_cat=0
split_feature=30 30 29 29 17 0 30 0 25 25 25 26 0 24 26 26 31 30 27 21 22 25 24 17 24 27 3 25 23 25 0 24 26 5 24 22 25 27 25 27 25 26 24 27 24 0 31 27 26 0 24 21 30 21 21 24 24 22 25 3 30 22
split_gain=0.0857892 0.1209 0.121952 0.126831 0.227676 0.119419 0.158413 0.122856 0.439617 0.372013 0.250724 0.118904 0.16249 0.113131 0.141203 0.121945 0.112118 0.161566 0.132107 0.158384 0.14746 0.144335 0.117615 0.104405 0.101003 0.104867 0.170508 0.265664 0.150962 0.139218 0.152625 0.125997 0.214153 0.114277 0.10759 0.101699 0.165823 0.132797 0.101786 0.0959969 0.0954507 0.0930347 0.0955612 0.165762 0.153251 0.128965 0.0980486 0.0907735 0.0904459 0.318248 0.223743 0.215784 0.233972 0.274732 0.203664 0.347898 0.442299 0.302942 0.278992 0.224929 0.44663 0.867591
threshold=2.5000000000000004 3.5000000000000004 6.5000000000000009 4.5000000000000009 4.5000000000000009 34739.908005921272 6.5000000000000009 59684.192089584518 5.8978332682307437 60.409865562734048 7.1952068010447539 96.480185198186078 174663.50994027403 58.23426440022196 47.648436203274677 47.030452702029265 5.5000000000000009 14.500000000000002 0.0086994330509465988 1.5000000000000002 2.5000000000000004 26.442192907434677 45.097832031202039 3.5000000000000004 91.629060008758941 0.012823316282401883 5795.7500000000009 46.378179701569898 1.0000000180025095e-35 18.07019732464958 81570.530580228136 71.010930919044185 53.206409029581074 140.9145 49.47800876788218 1.5000000000000002 49.438206565786196 0.0078413997693469618 88.52706699455301 0.014650204975171497 10.741717422610598 45.98918321847075 61.32125079804873 0.0049244752968747489 63.325626068191646 130657.01393075653 1.5000000000000002 0.018118430090742144 21.615971806361078 240752.55564188873 80.407710744626755 2.5000000000000004 81.500000000000014 1.0000000180025095e-35 1.0000000180025095e-35 38.975669384758923 37.428693435038632 1.0000000180025095e-35 21.335964421447656 5935.4000000000005 13.500000000000002 1.5000000000000002
decision_type=2 2 2 2 2 2 2 2 2 2 2 2 2 2 2 2 2 2 2 2 2 2 2 2 2 2 2 2 2 2 2 2 2 2 2 2 2 2 2 2 2 2 2 2 2 2 2 2 2 2 2 2 2 2 2 2 2 2 2 2 2 2
left_child=11 2 3 -2 -5 6 -3 8 -7 10 -10 13 -13 -1 15 23 17 18 21 20 -20 -12 -18 41 25 48 27 -27 29 31 34 32 33 -28 -31 37 -37 -26 -39 -11 -8 42 43 45 -44 -15 -47 -16 49 50 51 52 54 -54 55 56 57 -9 -59 -60 -61 -62
right_child=1 5 -4 4 -6 7 40 24 9 39 16 12 -14 14 47 -17 22 -19 19 -21 -22 -23 -24 -25 35 26 28 -29 -30 30 -32 -33 -34 -35 -36 36 -38 38 -40 -41 -42 -43 44 -45 -46 46 -48 -49 -50 -51 -52 -53 53 -55 -56 -57 -58 58 59 60 61 -63
leaf_value=-0.00010559928603576044 0.00016105295129937368 0.0015723270780742264 -0.0010412411684876926 0.0022014839238173132 6.0599323960698417e-06 0.0013886790734705052 0.0009781726035747488 -0.00029273890777922637 -0.0019670110543131129 0.0002761640235271683 0.000254879724913299 -0.0019121977025206432 9.0976126033105763e-05 0.0022540713686175877 -3.9269654872276279e-05 0.00097447102424469889 0.0013377129136007144 -0.0011334786236214052 -0.00061282041991117314 0.00029878328801221168 -0.0017949780663210344 -0.00031546503375356208 -0.00025245104791891769 -2.8462691578869766e-05 0.00010782172921046412 -0.0013743567153147458 -0.00044670771123747459 -0.00016489864258039679 -0.0012399713098599175 0.0015307657378518624 -0.00019290937160166595 0.0014376874215543914 -0.0011066141975159273 0.00082692765276488824 0.00018923881573818728 0.00027512501592347747 -0.00022068358949911909 0.00067926755330346197 7.5340426191519566e-07 0.0013679104258839457 4.5573264937474674e-05 -0.00073612186294165992 -0.00074087509782042916 -0.00044255701165576007 0.00032298253692589684 0.001405635757037973 -6.5834843114956452e-05 0.00099309014705081583 -3.0578517604045492e-06 -5.9152448409422724e-05 0.00080998506725758832 0.00055747479813376467 -0.0016998737418361999 0.00027381666220481401 -1.9729472031081442e-05 0.00070080128958256997 -0.0018437960779667647 -0.00073654053530861671 0.00078109979648119366 0.00049779694373447815 -0.0028928044537994543 0.00044063778513894823
leaf_weight=38073 9985 248 202 215 262 443 339 2557 234 1782 1451 200 205 200 42585 448 206 612 1071 339 350 4710 267 5170 18000 675 228 1387 261 208 6268 252 247 774 531 2519 5102 1921 776 227 1439 214 370 202 3978 247 209 214 379201 27311 1333 2884 384 326 12189 3383 281 545 2736 2556 317 508
leaf_count=38073 9985 248 202 215 262 443 339 2557 234 1782 1451 200 205 200 42585 448 206 612 1071 339 350 4710 267 5170 18000 675 228 1387 261 208 6268 252 247 774 531 2519 5102 1921 776 227 1439 214 370 202 3978 247 209 214 379201 27311 1333 2884 384 326 12189 3383 281 545 2736 2556 317 508
internal_value=8.8394e-07 9.05969e-06 0.000175609 0.000199103 0.000995612 5.43043e-06 0.000388508 3.83792e-06 -0.000156284 -0.000217127 -0.000351201 -4.34016e-05 -0.000898246 -3.96347e-05 7.01478e-06 0.000166464 -0.000309218 -0.000350754 -0.000290278 -0.000672321 -0.000903992 -0.000181141 0.000440094 0.000132282 7.77381e-06 1.97686e-06 -0.000151708 -0.000560817 -5.55077e-05 -1.91719e-05 -0.000112783 0.000417826 0.000212057 0.000537118 0.000566827 9.93489e-05 -5.6802e-05 0.000156846 0.000484041 0.000399522 0.000223386 0.000285613 0.000327613 0.000809849 0.000232452 0.0011955 0.000731212 -3.41077e-05 5.79019e-06 6.43347e-05 0.000176757 0.000147311 0.00010143 -0.000793644 0.000126777 0.000265392 0.00011034 0.000169903 0.000347473 0.000444055 0.000171308 -0.000840212
internal_weight=592357 500042 10664 10462 477 489378 2026 487352 11692 11249 9240 92315 405 91910 53837 11038 9006 8533 7921 1760 1421 6161 473 10590 475660 447342 10831 2062 8769 8508 7007 1501 1249 1002 739 28318 7621 20697 2697 2009 1778 5420 5206 858 4348 656 456 42799 436511 57310 29999 28666 25782 710 25072 12883 9500 9219 6662 6117 3381 825
internal_count=592357 500042 10664 10462 477 489378 2026 487352 11692 11249 9240 92315 405 91910 53837 11038 9006 8533 7921 1760 1421 6161 473 10590 475660 447342 10831 2062 8769 8508 7007 1501 1249 1002 739 28318 7621 20697 2697 2009 1778 5420 5206 858 4348 656 456 42799 436511 57310 29999 28666 25782 710 25072 12883 9500 9219 6662 6117 3381 825
is_linear=0
shrinkage=0.05


Tree=109
num_leaves=63
num_cat=0
split_feature=28 0 22 17 21 25 25 22 20 3 25 0 0 17 22 29 24 25 17 26 26 24 26 25 31 25 0 30 26 31 24 24 26 30 0 30 26 24 25 0 19 25 30 24 30 29 24 31 20 17 30 17 31 17 24 31 30 31 31 31 30 25
split_gain=0.0828964 0.185502 0.128593 0.262195 0.187218 0.176834 0.14711 0.157222 0.137888 0.114808 0.10436 0.17247 0.0909648 0.185329 0.362579 0.372979 0.171746 0.168253 0.165119 0.193376 0.160226 0.152798 0.137966 0.131212 0.126469 0.178379 0.176745 0.187274 0.133999 0.157895 0.133499 0.262365 0.22165 0.240742 0.228198 0.171697 0.133323 0.30774 0.218443 0.174789 0.164793 0.191903 0.161984 0.196262 0.157584 0.142546 0.141497 0.136356 0.135154 0.156636 0.133718 0.133274 0.128153 0.178932 0.124188 0.139356 0.133127 0.122148 0.122065 0.121072 0.120339 0.117282
threshold=-0.052382485240229863 389759.98454441462 2.5000000000000004 4.5000000000000009 1.0000000180025095e-35 37.0859497707008 67.720714275702207 4.5000000000000009 6.5000000000000009 6872.7000000000016 8.5081251455146703 502253.41274272633 251863.03268797896 1.5000000000000002 1.0000000180025095e-35 5.5000000000000009 93.826968129450265 1.0000000180025095e-35 1.0000000180025095e-35 92.397620940082945 8.8165262027375029 84.539065800215866 66.209614359070486 89.642542044469565 7.5000000000000009 22.183019641471613 108100.09987019116 112.50000000000001 19.311080645211138 35.500000000000007 18.711608254643412 21.571518082368886 28.891471227441773 9.5000000000000018 99624.802617926776 6.5000000000000009 63.845874561687715 81.209163264113684 1.3564258056496745 77789.048050275567 1.0000000180025095e-35 49.641759607705417 73.500000000000014 29.062067821456424 56.500000000000007 15.500000000000002 36.097021653807005 1.5000000000000002 6.5000000000000009 8.5000000000000018 60.500000000000007 4.5000000000000009 5.5000000000000009 2.5000000000000004 75.157626439447483 5.5000000000000009 1.0000000180025095e-35 59.500000000000007 52.500000000000007 19.500000000000004 8.5000000000000018 21.335964421447656
decision_type=2 2 2 2 2 2 2 2 2 2 2 2 2 2 2 2 2 2 2 2 2 2 2 2 2 2 2 2 2 2 2 2 2 2 2 2 2 2 2 2 2 2 2 2 2 2 2 2 2 2 2 2 2 2 2 2 2 2 2 2 2 2
left_child=1 2 4 5 -1 -4 -5 -8 -6 12 11 -11 16 14 -14 60 17 21 19 -18 -19 -2 -20 24 30 26 59 -28 29 -27 -22 32 33 35 -34 -32 37 39 -39 40 41 54 45 -44 46 50 -38 -45 49 -48 -41 -40 53 -49 55 56 -33 58 -30 -26 -16 -15
right_child=9 -3 3 6 8 -7 7 -9 -10 10 -12 -13 13 61 15 -17 18 20 22 -21 23 -23 -24 -25 25 28 27 -29 57 -31 31 36 34 -35 -36 -37 44 38 51 42 -42 -43 43 47 -46 -47 48 52 -50 -51 -52 -53 -54 -55 -56 -57 -58 -59 -60 -61 -62 -63
leaf_value=0.00031903889531408915 0.00048251947450170599 0.00037287145723036586 -0.0022087276846046132 -0.00030418809919768527 -0.00012126230054685156 -0.00033477631672874881 -0.00012925082497629577 0.0014818928337440363 0.0010980277934565189 -0.00038203764985036623 -3.614189125030286e-05 9.6310935313684512e-05 -2.4877994370487351e-05 2.8357103797008043e-05 0.00032999981771222051 -7.6695326096048842e-05 0.00030510351695342959 0.0003002569085117734 0.00060640950931489053 0.0016669933328549156 0.00020132084725907313 -0.00039606481684769149 4.0041016556393563e-05 0.00014101218508196506 0.00057859121735140114 0.00044045856816503283 0.00013365568606603007 0.0013732949291052391 1.2589291521144592e-05 -0.001003957142126124 -0.00089005780153213632 -0.0012805235914003126 0.0016327149428227385 -0.0018921494799062867 -0.0002295760330981583 0.00012238529200661109 -0.00077954943606364324 -0.0012251297019557046 0.00042343277028184645 6.8455375396689619e-06 0.00075132801968294028 -3.0888593408783855e-05 -0.0018598153164605894 0.00018879273723047065 0.00099272217585414106 0.00030238992939886567 -8.6296893170530783e-05 -0.0020778684457595314 0.00081306209951524189 -0.00082067838238122708 -0.0010100035146136594 -2.4891057102444056e-05 -0.00010913156888698046 -0.00026405786970657059 -0.001066235752420456 0.00088735718561473167 -0.00028003445091095627 0.00091647832966717982 -0.001129823994749731 0.0018108253344014105 0.00079665195024031894 -8.8911556626087592e-05
leaf_weight=5023 3212 4777 266 1689 6848 239 334 277 240 5573 89123 2847 23078 29151 2418 3237 687 4762 1366 420 6907 585 5052 17538 692 2986 5368 323 46666 202 1128 346 202 385 886 666 758 235 7085 151582 503 12029 213 912 331 4130 41543 276 410 739 324 2164 565 268 541 246 8516 372 235 280 3223 79378
leaf_count=5023 3212 4777 266 1689 6848 239 334 277 240 5573 89123 2847 23078 29151 2418 3237 687 4762 1366 420 6907 585 5052 17538 692 2986 5368 323 46666 202 1128 346 202 385 886 666 758 235 7085 151582 503 12029 213 912 331 4130 41543 276 410 739 324 2164 565 268 541 246 8516 372 235 280 3223 79378
internal_value=8.39743e-07 0.000101705 1.48607e-05 -0.000290193 8.55136e-05 -0.00132185 -6.36779e-05 0.000601169 -7.99771e-05 -2.62884e-06 -5.20383e-05 -0.000220297 7.51499e-06 -2.62507e-05 7.95829e-05 0.000351125 2.16903e-05 1.62574e-05 0.000257859 0.00082181 1.23713e-05 0.000347157 0.000160586 8.06775e-06 3.22001e-07 6.72883e-05 0.000310439 0.000204013 3.51821e-05 0.000348937 -1.53629e-05 -2.16782e-05 -0.000466651 -0.000757666 0.00011618 -0.000514201 -1.54582e-05 2.67271e-06 0.000280288 -1.1918e-05 -0.000143367 -0.000164127 6.50413e-06 -0.00041624 -9.41154e-05 1.25567e-05 -0.000102395 -0.000264097 -9.03719e-05 -9.91323e-05 4.6767e-06 0.000318538 -0.000636536 -0.0011843 -0.000330229 -0.000286511 -0.000319097 1.40231e-05 6.86517e-06 0.000933556 0.000596623 -5.74131e-05
internal_weight=592357 19693 14916 2805 12111 505 2300 611 7088 572664 97543 8420 475121 140485 31956 8878 334636 327111 7525 1107 323314 3797 6418 318552 301014 57124 6663 5691 50461 3188 243890 236983 3267 2179 1088 1794 233716 189935 9484 180451 22181 21678 158270 2234 43781 156036 43450 2021 42692 42282 151906 9249 1109 544 9649 9108 8862 47273 46901 972 5641 108529
internal_count=592357 19693 14916 2805 12111 505 2300 611 7088 572664 97543 8420 475121 140485 31956 8878 334636 327111 7525 1107 323314 3797 6418 318552 301014 57124 6663 5691 50461 3188 243890 236983 3267 2179 1088 1794 233716 189935 9484 180451 22181 21678 158270 2234 43781 156036 43450 2021 42692 42282 151906 9249 1109 544 9649 9108 8862 47273 46901 972 5641 108529
is_linear=0
shrinkage=0.05


Tree=110
num_leaves=63
num_cat=0
split_feature=30 17 22 0 17 24 22 0 25 0 30 17 24 5 25 21 24 31 25 30 25 0 7 21 5 18 18 17 24 21 0 5 0 24 21 0 22 30 25 24 0 0 25 18 25 25 23 25 22 22 24 25 25 25 24 0 30 0 25 24 29 31
split_gain=0.0893444 0.113009 0.109565 0.128007 0.211339 0.142285 0.107369 0.116684 0.0980555 0.16634 0.186306 0.211735 0.184407 0.232431 0.175134 0.148311 0.146053 0.15425 0.146959 0.141109 0.242505 0.126898 0.120131 0.108844 0.41207 0.495442 0.26678 0.261281 0.206846 0.199155 0.181556 0.174114 0.317702 0.210053 0.209988 0.186848 0.315522 0.21547 0.202518 0.179181 0.173091 0.151761 0.204489 0.191258 0.14948 0.280887 0.149222 0.369289 0.19015 0.33672 0.339772 0.25441 0.406897 0.223999 0.225473 0.524474 0.357681 0.228019 0.164087 0.158432 0.148615 0.193004
threshold=15.500000000000002 10.500000000000002 2.5000000000000004 83957.134976897636 4.5000000000000009 36.631915544461656 7.5000000000000009 740631.75672323303 66.352636180701879 158581.43124620407 11.500000000000002 5.5000000000000009 61.84536766451361 125.25850000000001 82.247602311362229 1.5000000000000002 78.52156859297736 1.5000000000000002 88.52706699455301 2.5000000000000004 85.219237183195602 41774.57154821053 5.6500000000000012 1.0000000180025095e-35 109.49550000000001 1.0000000180025095e-35 2.5000000000000004 8.5000000000000018 75.949789039500601 1.5000000000000002 92784.571430231983 121.26950000000001 125209.23293425527 67.818097378099296 1.5000000000000002 161524.32375921449 1.5000000000000002 6.5000000000000009 38.064757982534317 87.464397827901664 339120.69724918756 276873.79316260328 58.306993901503787 1.5000000000000002 1.3564258056496745 2.0912035667854103 1.0000000180025095e-35 19.484636596632892 2.5000000000000004 1.5000000000000002 24.981131576255525 25.801416009665232 35.123859273259029 33.655734194946916 39.967868878596384 80276.791259404054 8.5000000000000018 77789.048050275567 41.289579252954283 43.25276643450092 7.5000000000000009 28.500000000000004
decision_type=2 2 2 2 2 2 2 2 2 2 2 2 2 2 2 2 2 2 2 2 2 2 2 2 2 2 2 2 2 2 2 2 2 2 2 2 2 2 2 2 2 2 2 2 2 2 2 2 2 2 2 2 2 2 2 2 2 2 2 2 2 2
left_child=1 8 -2 4 -4 -5 7 -3 23 10 11 15 -12 -14 -13 16 21 18 -18 20 -19 -10 -17 28 30 27 41 31 44 -29 -25 32 33 -26 35 46 -37 -38 -39 40 -36 42 43 -27 -1 -46 48 -48 49 -33 51 -51 -53 54 57 -56 -57 -52 -50 -55 61 -47
right_child=2 6 3 5 -6 -7 -8 -9 9 -11 12 14 13 -15 -16 22 17 19 -20 -21 -22 -23 -24 24 25 26 -28 29 -30 -31 -32 34 -34 -35 39 36 37 38 -40 -41 -42 -43 -44 -45 45 60 47 -49 58 50 53 52 -54 59 55 56 -58 -59 -60 -61 -62 -63
leaf_value=0.00041907690299446663 2.2865892792572407e-05 -0.00023622319072536424 -0.0017389451699802356 0.00054370435424980473 5.393566441707138e-05 0.00012559818081104695 0.00035440479177684337 0.00040626887983787903 0.00095010464621332776 -2.1030783633428703e-05 0.00011649726866583037 8.0291621329120675e-05 0.0020411413000904679 0.00020706468683736497 0.0005500071098864652 0.00093167695948649643 9.4900167362089048e-05 -0.00017224974456967205 0.0014534011302587647 -0.00015259702343321948 -0.0018280553802066991 5.9554520892708394e-05 0.00015504610929693797 -0.00023388458596260172 0.00052778587460256411 0.00023403330571723031 -0.00077491233959353493 -0.00061309424545023111 0.00014699527048157301 0.00049496642810760742 0.00036156522215845743 -7.35934257081844e-05 -0.00052951820518399044 -0.00031403778722054209 -0.00045500211696096449 -9.6062294821515782e-05 -6.1194461953988311e-05 0.0012930362587621619 0.00037079894392871084 0.00025275583025100311 -6.013188339497769e-05 -4.3415345627767377e-05 -9.9673891409178913e-05 -0.00013186995049591993 -0.0016211374876747668 -8.6816081732201167e-06 -0.0017709789661261759 -0.00029055290479186742 0.00064371925627441972 0.0010838130727685851 -0.0014708079187066786 -0.0020402790997835155 0.00068500476721094009 -0.0012215119509495925 -0.00042601739688195395 -0.0014740186220502955 -0.0042970708826062633 0.00037347697139265335 -0.00012744808809713725 -9.9506747672739509e-05 -0.00023618946364875821 0.00097234872542616775
leaf_weight=1974 110877 11258 220 2721 650 8069 957 754 405 63891 764 3880 395 307 4062 801 934 581 253 7634 357 32504 1316 1522 1384 22934 1020 488 22934 2399 8056 11593 7839 1595 10784 19135 2217 756 2800 1331 3737 29851 8851 4230 273 152952 490 3002 1319 443 372 246 309 453 350 207 245 305 1446 1030 7312 503
leaf_count=1974 110877 11258 220 2721 650 8069 957 754 405 63891 764 3880 395 307 4062 801 934 581 253 7634 357 32504 1316 1522 1384 22934 1020 488 22934 2399 8056 11593 7839 1595 10784 19135 2217 756 2800 1331 3737 29851 8851 4230 273 152952 490 3002 1319 443 372 246 309 453 350 207 245 305 1446 1030 7312 503
internal_value=1.75842e-07 -9.74266e-06 3.8198e-05 0.000183993 -0.000399437 0.000231035 -0.000155286 -0.000195894 -5.61027e-06 3.36235e-05 9.80584e-05 8.26001e-05 0.000654041 0.00123906 0.000320531 4.04063e-05 2.01388e-05 -0.000149736 0.000384454 -0.000223707 -0.000802444 7.05142e-05 0.000448897 -1.92892e-05 -5.0564e-05 -7.18065e-05 2.75229e-05 -0.000158909 6.40008e-06 0.000307667 0.000266945 -0.000177264 -0.000362482 7.70612e-05 -0.00014524 -9.18843e-05 1.68429e-06 0.000325672 0.000566865 -0.000302488 -0.000353382 3.99494e-05 0.000109046 0.000177055 -1.33799e-05 -1.86809e-05 -0.000198744 -0.000498287 -0.000141641 -0.000209565 -0.000607624 0.000190268 -0.000522959 -0.000876461 -0.00131186 -0.00187907 -0.00300421 -0.000639926 0.000240425 -0.000442237 -1.59597e-05 -5.46595e-06
internal_weight=592277 469740 122537 11660 870 10790 12969 12012 456771 118084 54193 52727 1466 702 7942 44785 42668 9759 1187 8572 938 32909 2117 338687 152739 143161 66886 76275 185948 2887 9578 73388 10818 2979 62570 46718 24908 5773 3556 15852 14521 65866 36015 27164 163014 161040 21810 3492 18318 15553 3960 998 555 2962 1479 802 452 677 2765 1483 160767 153455
internal_count=592277 469740 122537 11660 870 10790 12969 12012 456771 118084 54193 52727 1466 702 7942 44785 42668 9759 1187 8572 938 32909 2117 338687 152739 143161 66886 76275 185948 2887 9578 73388 10818 2979 62570 46718 24908 5773 3556 15852 14521 65866 36015 27164 163014 161040 21810 3492 18318 15553 3960 998 555 2962 1479 802 452 677 2765 1483 160767 153455
is_linear=0
shrinkage=0.05


Tree=111
num_leaves=63
num_cat=0
split_feature=30 25 0 25 0 0 25 25 27 30 30 24 5 31 24 0 17 20 20 0 25 0 21 25 0 24 3 17 3 0 17 24 24 30 17 17 0 24 0 0 24 27 30 20 25 0 19 0 21 3 18 18 24 25 20 21 24 25 21 0 17 3
split_gain=0.0806333 0.10785 0.156263 0.10966 0.348629 0.195407 0.182745 0.146104 0.141142 0.171098 0.166997 0.111298 0.117158 0.105956 0.104545 0.104323 0.10199 0.144372 0.122385 0.247727 0.167551 0.12705 0.120397 0.130136 0.109415 0.0995482 0.0980607 0.0965755 0.112344 0.119097 0.10893 0.145173 0.119651 0.0961553 0.095746 0.125729 0.167844 0.0939562 0.0958257 0.111666 0.0976533 0.0933224 0.0924696 0.0916294 0.0902433 0.173693 0.140375 0.117221 0.113218 0.383693 0.503241 0.240769 0.178186 0.2046 0.173629 0.22758 0.195704 0.262556 0.236898 0.255422 0.199312 0.195664
threshold=15.500000000000002 32.929816754267627 176910.00909940901 5.0690339509305353 96825.21273569265 63828.350945854407 9.0950400029819587 16.383846685899247 0.0033944299402460603 39.500000000000007 21.500000000000004 36.999006847389829 136.91400000000002 9.5000000000000018 92.016394279019167 108100.09987019116 10.500000000000002 6.5000000000000009 3.5000000000000004 94806.461533960624 51.599959332840051 161524.32375921449 1.5000000000000002 58.768639260177757 740631.75672323303 40.926797454446273 6593.2000000000016 2.5000000000000004 5795.7500000000009 740631.75672323303 1.0000000180025095e-35 48.46807029478024 60.337337082258664 100.50000000000001 6.5000000000000009 7.5000000000000009 433272.79972490965 31.591757769953457 88534.073246888307 126106.87100563801 44.076073685457693 0.011609380626590839 98.500000000000014 6.5000000000000009 66.352636180701879 399983.16676808352 1.0000000180025095e-35 150932.42291239515 1.0000000180025095e-35 4952.9500000000016 1.0000000180025095e-35 2.5000000000000004 68.951378783627788 51.235262131058931 2.5000000000000004 1.5000000000000002 76.681123932539535 2.7338772347005533 1.5000000000000002 104396.6704931748 5.5000000000000009 6427.6500000000005
decision_type=2 2 2 2 2 2 2 2 2 2 2 2 2 2 2 2 2 2 2 2 2 2 2 2 2 2 2 2 2 2 2 2 2 2 2 2 2 2 2 2 2 2 2 2 2 2 2 2 2 2 2 2 2 2 2 2 2 2 2 2 2 2
left_child=16 2 3 4 -2 6 -5 -8 9 37 41 12 -6 -12 27 -15 17 44 21 20 -20 -18 23 -19 -23 -11 -24 30 -29 34 31 -4 -33 -32 -30 36 -36 -7 -39 -40 -41 -10 -27 -21 48 46 -46 -48 52 -50 54 -52 -1 -54 56 61 58 -58 -51 60 -60 -56
right_child=1 -3 14 5 11 8 7 -9 10 25 13 -13 -14 15 -16 -17 18 22 19 43 -22 24 26 -25 -26 42 -28 28 29 -31 33 32 -34 -35 35 -37 -38 38 39 40 -42 -43 -44 -45 45 -47 47 -49 49 50 51 -53 53 -55 55 -57 57 -59 59 -61 -62 -63
leaf_value=-1.8585003629007978e-05 0.0021181003557522505 -1.786093049451749e-06 -0.0004487507015958406 -0.0016081904225862928 -0.001219352995401561 -0.00019401307733637595 0.00097556519491129627 -0.0005179329382683232 0.00082983526159484248 0.0015442370937857283 -0.00031396270249668874 0.00057952479774209037 0.00046574580198898737 0.0013146320926997522 0.00033699062998698506 4.5004121017245539e-05 0.00022578457275533771 -0.00072508321672121027 -0.0024711378244247229 0.00011918696264426315 -0.00051874392411434928 -0.00023571049808856625 0.0013508168449259325 0.00049361369639601741 0.00042760623953517877 0.00095403218709024212 0.00041951094270072862 0.00048155888026034561 9.675457733053863e-05 0.00033442963747455255 -0.00012038166787117359 0.001455732579555282 0.00028100447281656011 -0.00065676491303611286 -0.00087815717349302861 -1.8914255469022268e-05 7.2875345746480907e-05 -0.00049967595310495259 0.001041373017137735 0.0012706738661376329 7.6984703468356924e-05 -0.00036099506433843293 -0.00029206581578400089 -0.00049734206904819263 6.3975446504302929e-05 -0.00018454852618712662 0.00018021939657709654 -0.00025499511349665402 0.00025359753876001234 -8.0593524483297348e-05 3.795189656240921e-05 -0.00073616672253967199 0.000205808103993006 -3.37187883990635e-05 -0.00098352295174752684 0.0010661721050835198 -0.00095311105472723498 -0.00027012521797931122 -0.0019076666107967271 -0.00027128197879259315 -0.00011517576992117942 0.00014833222677631741
leaf_weight=149387 319 73870 563 258 213 795 233 551 868 470 2158 952 200 206 2836 754 2737 408 227 1039 213 6632 388 473 686 551 1041 1607 11032 3128 7998 266 1171 933 1120 6032 792 243 737 204 1070 203 204 1435 100473 8704 2046 6346 9578 42545 65866 1020 21099 15439 439 589 1578 12996 435 12748 241 2932
leaf_count=149387 319 73870 563 258 213 795 233 551 868 470 2158 952 200 206 2836 754 2737 408 227 1039 213 6632 388 473 686 551 1041 1607 11032 3128 7998 266 1171 933 1120 6032 792 243 737 204 1070 203 204 1435 100473 8704 2046 6346 9578 42545 65866 1020 21099 15439 439 589 1578 12996 435 12748 241 2932
internal_value=1.6705e-07 3.62881e-05 9.40795e-05 0.000258053 0.000629934 0.000192167 -0.000453923 -7.40744e-05 0.000271716 0.000473866 6.54645e-05 0.00028215 -0.000403325 -0.000119559 4.51255e-05 0.000317445 -9.25552e-06 -5.32975e-06 -0.000147522 -0.000432838 -0.001526 -6.48356e-05 0.000388949 -7.07772e-05 -0.00017353 0.000972965 0.000672378 2.12317e-05 7.79152e-05 4.85696e-05 -0.000101724 0.000231817 0.000498456 -0.000176416 1.44851e-06 -0.000130905 -0.000484215 0.000273343 0.000438182 0.000551508 0.000268125 0.000604122 0.000617338 -0.00023842 -7.33385e-06 3.03824e-05 4.75666e-05 -0.000148888 -2.04961e-05 -5.2663e-05 -7.34098e-05 2.61467e-05 5.62271e-06 0.000104597 -0.000162788 0.000159373 -0.000180873 -0.000344076 -0.000138376 -0.000321506 -0.00126863 9.32516e-07
internal_weight=592277 122537 48667 11189 1684 9505 1042 784 8463 4274 4189 1365 413 3118 37478 960 469740 456771 12969 2914 440 10055 2310 881 7318 1225 1429 34642 23711 22104 10931 2000 1437 8931 18976 7944 1912 3049 2254 2011 1274 1071 755 2474 454461 117569 108865 8392 336892 150967 141389 66886 185925 36538 74503 3960 70543 14574 55969 13424 676 3371
internal_count=592277 122537 48667 11189 1684 9505 1042 784 8463 4274 4189 1365 413 3118 37478 960 469740 456771 12969 2914 440 10055 2310 881 7318 1225 1429 34642 23711 22104 10931 2000 1437 8931 18976 7944 1912 3049 2254 2011 1274 1071 755 2474 454461 117569 108865 8392 336892 150967 141389 66886 185925 36538 74503 3960 70543 14574 55969 13424 676 3371
is_linear=0
shrinkage=0.05


Tree=112
num_leaves=63
num_cat=0
split_feature=26 17 30 17 20 20 21 21 26 1 20 21 24 26 17 17 27 31 26 29 29 24 26 21 26 24 24 24 21 29 27 3 24 24 26 24 24 16 24 17 31 31 30 17 30 29 24 24 31 24 21 31 30 31 17 31 29 31 24 26 26 26
split_gain=0.0813496 0.085104 0.0746814 0.0932091 0.131155 0.108727 0.108658 0.0927725 0.124076 0.0887973 0.0868513 0.192468 0.445795 0.0830348 0.307725 0.159975 0.169881 0.15605 0.248007 0.209849 0.175595 0.249374 0.145766 0.197976 0.150838 0.118105 0.155291 0.110185 0.13523 0.107221 0.0982214 0.106893 0.107035 0.138838 0.0968594 0.096708 0.0965237 0.0876624 0.0819932 0.119737 0.0807306 0.0807186 0.107493 0.116854 0.149423 0.0944284 0.204143 0.319495 0.147457 0.144311 0.131865 0.144864 0.147878 0.110964 0.196333 0.110224 0.0986976 0.0868324 0.0795902 0.130261 0.078707 0.0774437
threshold=4.464030017233088 3.5000000000000004 15.500000000000002 10.500000000000002 6.5000000000000009 3.5000000000000004 1.5000000000000002 3.5000000000000004 27.745239598192502 6.0900000000000007 5.5000000000000009 1.5000000000000002 87.464397827901664 36.820623672163727 2.5000000000000004 4.5000000000000009 0.012823316282401883 8.5000000000000018 34.290944528238342 27.500000000000004 11.500000000000002 30.555217382421656 21.615971806361078 1.0000000180025095e-35 15.632722427728462 34.690976756524371 39.614810540960256 47.668155349202813 1.0000000180025095e-35 39.500000000000007 0.0083756215122932423 5795.7500000000009 41.547803549865783 68.463920789158934 8.8165262027375029 44.369326752990723 23.836946178788434 -0.035000000000000135 40.70706840833703 8.5000000000000018 1.0000000180025095e-35 36.500000000000007 1.5000000000000002 1.5000000000000002 5.5000000000000009 7.5000000000000009 38.975669384758923 37.428693435038632 3.5000000000000004 60.101715352206703 1.0000000180025095e-35 6.5000000000000009 8.5000000000000018 22.500000000000004 1.0000000180025095e-35 17.500000000000004 5.5000000000000009 34.500000000000007 90.603524730864123 50.770565477094898 33.216280193574562 28.317415971378832
decision_type=2 2 2 2 2 2 2 2 2 2 2 2 2 2 2 2 2 2 2 2 2 2 2 2 2 2 2 2 2 2 2 2 2 2 2 2 2 2 2 2 2 2 2 2 2 2 2 2 2 2 2 2 2 2 2 2 2 2 2 2 2 2
left_child=1 -1 3 4 10 -5 -6 13 -9 -8 41 38 -13 14 17 16 58 19 20 22 21 -19 23 24 36 -26 -27 35 -29 -21 31 32 -16 -34 -22 -24 -4 -17 39 -12 -11 45 -43 44 -44 53 47 48 -47 61 51 -50 -53 -2 56 -51 -55 -56 -15 -60 -36 -48
right_child=2 -3 7 5 6 -7 9 8 -10 40 11 12 -14 15 30 37 -18 18 -20 29 34 -23 27 -25 25 26 -28 28 -30 -31 -32 -33 33 -35 60 -37 -38 -39 -40 -41 -42 42 43 -45 -46 46 49 -49 50 55 -52 52 -54 54 57 -57 -58 -59 59 -61 -62 -63
leaf_value=0.00058847656453150921 -5.9259086447262239e-06 -4.2806503715931863e-05 0.00050332258578582171 -6.4265135479061504e-05 -6.7238300061170093e-05 -0.00041119656550894215 0.0012385230040367755 0.00048345847337604244 -2.5026188384754052e-05 0.0010210095022242509 -0.00060182438631142896 -0.0021882699003633226 0.00020970505269815476 9.6181447872527374e-05 0.00094146812074817003 7.0319561617320197e-05 -0.00078671465584193359 -0.00073036101478592629 -0.00073540947034963795 -0.0012859225349341871 0.00097636674133263633 0.0010791470331997432 -0.00044515783012695237 -0.00033738696689716423 0.0019373759397912302 -0.00049017386317427739 0.001394510592332282 0.00018980060009001376 -0.00061990722326339958 -0.00039909092888525366 0.00043492969211749116 2.1249530522610949e-05 -0.00041373264773847943 0.001006542176575359 -0.00014655893765549115 -0.0011703875917022624 -0.00061532944911532237 -0.00011777010798522644 -0.00025833466130936619 0.00069912702574183414 6.438100939804474e-05 -0.00066087447504144551 0.0019611194028328056 0.00012270815336643516 0.00043220268203257882 0.00034863463197477748 0.00057771443153980747 -0.0021330609679276998 -0.0018564866871990185 -4.8478414056060183e-05 -0.00011732043246573806 -0.0015310696306519685 -0.00024848736410426647 0.00043936888115288301 0.00017679263059470663 -0.00046445577179454354 0.0017113796105120236 -0.00075737826554860086 0.0011885447359345745 0.00023327021286773564 0.00086633799079458658 8.251640320532249e-05
leaf_weight=1195 425829 965 425 10037 881 2914 431 2598 2229 329 245 376 400 48990 653 9958 530 242 947 774 229 893 2852 1599 230 200 241 1398 817 609 1830 18981 505 261 3204 548 353 16392 1678 636 669 261 234 1243 504 657 990 263 270 5851 1292 301 887 304 3640 2188 306 267 401 3242 204 3899
leaf_count=1195 425829 965 425 10037 881 2914 431 2598 2229 329 245 376 400 48990 653 9958 530 242 947 774 229 893 2852 1599 230 200 241 1398 817 609 1830 18981 505 261 3204 548 353 16392 1678 636 669 261 234 1243 504 657 990 263 270 5851 1292 301 887 304 3640 2188 306 267 401 3242 204 3899
internal_value=1.58698e-07 0.000306445 -9.62399e-07 -1.00586e-05 -6.29241e-06 -0.000142325 0.000369502 3.38195e-05 0.000248652 0.000638759 -8.21074e-06 -0.000262427 -0.0009522 2.49946e-05 -3.5808e-05 5.40489e-05 0.000103979 -0.000204779 3.71468e-06 -0.00032347 0.000150393 0.000693331 -0.000232163 4.62132e-05 0.000469523 0.00101884 0.000539778 -0.000383274 -0.000108859 -0.000895409 8.4022e-05 5.25436e-05 0.000471142 7.01991e-05 -1.90415e-05 -0.000562048 -4.24061e-06 -4.66886e-05 -5.32582e-05 0.000337341 0.000379743 -6.3233e-06 0.000292939 0.000418606 0.000916981 -7.82449e-06 -0.000124849 -0.00045396 -0.000324343 -3.14208e-05 -0.000485124 -0.000811051 -0.000573451 -3.31098e-06 0.000243205 -0.000161696 0.00107746 0.000112952 0.000112948 0.000338421 -8.59278e-05 0.000182792
internal_weight=592277 2160 590117 467782 454831 12951 2310 122335 4827 1429 452521 3335 776 117508 37995 79513 53163 15765 5719 10046 4772 1135 8663 3048 1449 671 441 5615 2215 1383 22230 20400 1419 766 3637 3400 778 26350 2559 881 998 449186 2242 1981 738 446944 16598 3670 3407 12928 2750 1458 1188 430346 4517 8039 610 3907 52633 3643 3408 4889
internal_count=592277 2160 590117 467782 454831 12951 2310 122335 4827 1429 452521 3335 776 117508 37995 79513 53163 15765 5719 10046 4772 1135 8663 3048 1449 671 441 5615 2215 1383 22230 20400 1419 766 3637 3400 778 26350 2559 881 998 449186 2242 1981 738 446944 16598 3670 3407 12928 2750 1458 1188 430346 4517 8039 610 3907 52633 3643 3408 4889
is_linear=0
shrinkage=0.05


Tree=113
num_leaves=63
num_cat=0
split_feature=28 26 22 17 20 0 26 0 25 26 25 25 26 22 30 25 30 25 26 31 0 26 27 25 31 25 0 22 26 30 17 30 26 26 5 27 30 22 21 27 27 20 22 0 17 22 27 31 27 25 21 23 17 22 28 27 25 30 26 26 0 21
split_gain=0.0796717 0.145964 0.116451 0.306095 0.104668 0.10732 0.178445 0.111623 0.0890597 0.132029 0.0836632 0.0755389 0.0745485 0.0876862 0.0716395 0.0889318 0.069195 0.107292 0.140851 0.191631 0.129078 0.12633 0.236494 0.165877 0.138019 0.148491 0.17909 0.128227 0.195282 0.146814 0.124748 0.129701 0.112743 0.0964888 0.0906954 0.0887855 0.115641 0.0879383 0.09546 0.0872434 0.0835577 0.0823157 0.0817258 0.0791761 0.221484 0.274674 0.145047 0.146433 0.159138 0.134718 0.20603 0.193955 0.184852 0.173449 0.13685 0.193436 0.166623 0.163977 0.163098 0.131428 0.200979 0.126947
threshold=-0.10139010254029705 91.083874699913494 2.5000000000000004 4.5000000000000009 5.5000000000000009 370733.78167759435 76.717570645409396 141737.39989991425 13.927933194169226 28.891471227441773 8.5081251455146703 29.916260541180996 4.464030017233088 1.5000000000000002 46.500000000000007 2.7338772347005533 15.500000000000002 32.929816754267627 15.278686639645693 22.500000000000004 176910.00909940901 57.98865496168272 0.0034564862207892896 10.741717422610598 10.500000000000002 0.023057781902900826 50989.594365617719 1.0000000180025095e-35 44.887566978080855 22.500000000000004 4.5000000000000009 114.50000000000001 20.973511132889961 41.732392049947784 125.25850000000001 0.0036101578943349469 44.500000000000007 2.5000000000000004 1.5000000000000002 0.0054619003799789108 0.0090238099728496314 1.0000000180025095e-35 1.5000000000000002 293271.32167616423 1.5000000000000002 1.0000000180025095e-35 0.0059322746055099004 1.0000000180025095e-35 0.001868771944021113 66.352636180701879 1.0000000180025095e-35 1.0000000180025095e-35 1.5000000000000002 4.5000000000000009 -1.0000000180025095e-35 0.0069726508512808162 5.0690339509305353 9.5000000000000018 81.236338159201424 90.282657664694327 121617.97428665181 2.5000000000000004
decision_type=2 2 2 2 2 2 2 2 2 2 2 2 2 2 2 2 2 2 2 2 2 2 2 2 2 2 2 2 2 2 2 2 2 2 2 2 2 2 2 2 2 2 2 2 2 2 2 2 2 2 2 2 2 2 2 2 2 2 2 2 2 2
left_child=1 2 8 -4 12 6 7 -6 9 -1 -7 -5 13 -2 15 -9 43 18 19 30 21 24 -23 34 25 -20 -27 -28 29 32 31 39 -29 -26 -24 36 -31 -22 -39 -18 -19 -34 -21 49 45 -45 47 -47 -49 54 51 53 -53 -51 59 -56 57 -57 61 -14 -61 -58
right_child=4 -3 3 11 5 10 -8 14 -10 -11 -12 -13 16 -15 -16 -17 17 40 20 42 37 22 23 -25 33 26 27 28 -30 35 -32 -33 41 -35 -36 -37 -38 38 -40 -41 -42 -43 -44 44 -46 46 -48 48 -50 50 -52 52 -54 -55 55 56 58 -59 -60 60 -62 -63
leaf_value=0.001930615492607973 0.00053057965085297383 -0.0011043653495190402 -0.0019380322417522388 -0.00046050658765256209 0.00025796480944481089 -0.00085304379529025894 0.00015653836860048508 0.00046767103613315063 0.00025364655855975607 0.00042086409566688431 0.00018695877544056748 0.00060804960231872305 -9.848274366238571e-05 -0.000138051071794381 -0.0013947728204567564 -0.00051301577613386271 -1.0671690009477844e-05 4.9791120650330363e-06 0.001257022725177406 -0.00045120249892286 4.9978437458166332e-05 0.00044674073537967208 -0.00073676773647334036 -0.00095549703582611164 0.00061200077116270706 -0.0012168881484346155 -5.2458089340254953e-05 0.001858282146494461 0.0013313208633150102 -0.00016773067157623703 0.00025275390622108194 -0.0013546641670678407 -9.636748991265516e-06 0.0015764066604398459 0.00051066312563139446 -0.00036852884288802974 0.0011097204435192806 0.00054704584931067671 -9.3879000881057881e-05 -0.00068516707753464167 -0.00032011318331094023 0.0011932176934080852 -0.0018035212008169462 -3.1687865781653352e-06 -8.0383523104973434e-05 -8.7194715707236226e-05 0.0015322417852636021 -0.00067605519812923595 0.00075678789909801325 -3.4179232524529449e-05 0.00015262563289828975 -0.00050298009271500634 0.0010418005872417316 0.00029701625977684781 1.1616276984373534e-05 5.6907868112018166e-05 -0.00040670013233514227 0.0015589488944290984 0.00056870365770527148 0.0019369946763835113 -0.00016829045433951252 8.8520029026212558e-05
leaf_weight=207 1392 209 211 257 541 210 1813 245 3577 482 2443 464 50046 757 214 4096 2150 70011 365 220 28754 1521 212 759 1137 210 1818 201 550 400 1965 248 345 336 466 797 318 1869 843 617 2034 242 227 9298 81141 1029 315 213 2148 58620 33447 255 805 4239 203828 813 7545 234 545 201 260 1562
leaf_count=207 1392 209 211 257 541 210 1813 245 3577 482 2443 464 50046 757 214 4096 2150 70011 365 220 28754 1521 212 759 1137 210 1818 201 550 400 1965 248 345 336 466 797 318 1869 843 617 2034 242 227 9298 81141 1029 315 213 2148 58620 33447 255 805 4239 203828 813 7545 234 545 201 260 1562
internal_value=1.50763e-07 0.000191203 0.000243295 -0.000263026 -1.60946e-06 -0.000165682 -0.000269482 -0.000421047 0.000353912 0.000874447 0.000104637 0.000227163 1.10809e-06 0.00029505 -0.000501694 -0.000457667 9.81708e-09 3.40338e-05 9.31809e-05 -0.000146241 0.000124762 0.00028446 1.21855e-05 -0.000447772 0.000404327 0.000284246 0.000211502 0.00027572 0.000484843 0.000282688 -5.72264e-05 -0.000259253 0.000836229 0.000831987 0.000120611 -5.22684e-06 0.000398049 7.56489e-05 0.00034782 -0.000161074 -4.19901e-06 0.000486259 -0.00113795 -8.82997e-06 -4.96829e-05 0.000141894 0.000505942 0.000410577 0.000627523 1.78278e-06 5.2079e-05 -5.34194e-07 0.000670179 -1.18445e-05 -1.66946e-05 7.38564e-07 -0.000206494 0.000392608 -0.000271482 -9.07416e-05 0.000749632 -0.000321762
internal_weight=592277 5407 5198 932 586870 9562 6909 5096 4266 689 2653 721 577308 2149 4555 4341 575159 118615 46570 5427 41143 9677 2958 1437 6719 5246 4881 4671 2853 2303 4980 3015 788 1473 678 1515 718 31466 2712 2767 72045 587 447 456544 94144 13003 3705 3390 2361 362400 97366 63919 1060 62859 265034 214527 10699 1047 9652 50507 461 9107
internal_count=592277 5407 5198 932 586870 9562 6909 5096 4266 689 2653 721 577308 2149 4555 4341 575159 118615 46570 5427 41143 9677 2958 1437 6719 5246 4881 4671 2853 2303 4980 3015 788 1473 678 1515 718 31466 2712 2767 72045 587 447 456544 94144 13003 3705 3390 2361 362400 97366 63919 1060 62859 265034 214527 10699 1047 9652 50507 461 9107
is_linear=0
shrinkage=0.05


Tree=114
num_leaves=63
num_cat=0
split_feature=0 17 17 21 0 22 25 21 24 26 24 0 25 25 31 27 3 25 0 30 26 31 24 27 25 0 24 26 26 25 7 0 24 0 24 24 30 26 26 29 24 26 25 25 0 25 25 3 25 25 0 30 26 20 0 26 21 0 22 21 25 25
split_gain=0.0728062 0.134889 0.129041 0.127349 0.131498 0.157215 0.125381 0.17887 0.137747 0.123093 0.141711 0.115741 0.124007 0.105277 0.207788 0.200381 0.171405 0.109099 0.145597 0.253187 0.133564 0.13692 0.245354 0.128595 0.180343 0.147512 0.292538 0.197838 0.164071 0.160873 0.116626 0.114145 0.113375 0.11136 0.105356 0.249722 0.17702 0.132752 0.184981 0.213631 0.230355 0.171756 0.198208 0.187151 0.198397 0.425957 0.309676 0.235273 0.213355 0.203263 0.326656 0.250087 0.193821 0.180087 0.171084 0.151909 0.149215 0.16965 0.147978 0.145384 0.154481 0.142487
threshold=781283.69989834295 10.500000000000002 5.5000000000000009 5.5000000000000009 395025.46561632113 7.5000000000000009 99.092893815221657 1.5000000000000002 67.232829684842827 79.495785469848116 91.629060008758941 121617.97428665181 57.428232621938143 1.0000000180025095e-35 1.5000000000000002 0.011244776775483807 6178.4000000000005 91.92992604727192 164447.93010507483 10.500000000000002 51.957279005663295 1.0000000180025095e-35 78.067257765177004 0.012823316282401883 90.025874321308081 81570.530580228136 43.844556149162834 15.632722427728462 73.81375026222895 36.667831880934891 5.6500000000000012 137070.69666780901 49.774232039553659 34739.908005921272 49.47800876788218 51.698713252043255 7.5000000000000009 43.308004156692071 28.891471227441773 7.5000000000000009 34.983700679069493 25.739688749451936 56.445982763795286 40.805317398552447 140820.08675990006 38.995222687295801 23.291136837220332 5858.3000000000002 18.07019732464958 30.991437323761552 92784.571430231983 5.5000000000000009 16.372961962592225 1.0000000180025095e-35 240752.55564188873 71.934860689345683 1.5000000000000002 206397.42197495952 2.5000000000000004 1.5000000000000002 41.993165925814679 58.306993901503787
decision_type=2 2 2 2 2 2 2 2 2 2 2 2 2 2 2 2 2 2 2 2 2 2 2 2 2 2 2 2 2 2 2 2 2 2 2 2 2 2 2 2 2 2 2 2 2 2 2 2 2 2 2 2 2 2 2 2 2 2 2 2 2 2
left_child=1 13 9 4 5 6 7 8 11 10 -2 12 -3 14 15 -1 -17 23 19 20 32 22 -22 34 25 26 27 -25 -27 33 -31 -30 -19 -28 36 -36 37 38 41 40 56 43 -43 44 45 46 48 -46 -15 50 -48 -51 54 -50 -45 59 -40 -58 61 -39 -61 -42
right_child=2 3 -4 -5 -6 -7 -8 -9 -10 -11 -12 -13 -14 17 -16 16 -18 18 -20 -21 21 -23 -24 24 -26 28 29 -29 31 30 -32 -33 -34 -35 35 -37 -38 55 39 -41 58 42 -44 52 47 -47 49 -49 53 51 -52 -53 -54 -55 -56 -57 57 -59 -60 60 -62 -63
leaf_value=0.00028200073266621835 -9.6091417254182905e-05 -0.0016876505071628516 0.00026851923837009493 0.00040234262876721476 -1.9829247349750009e-05 0.00030639565909267269 0.00024535177129810746 -8.2208703731075485e-05 -0.00078210464128254827 -0.00076281124909378419 0.00069400729230881546 -2.0376933347395976e-05 -0.00014265354011615218 -0.00050923125597425814 -3.5650990386368882e-05 0.00046213406385242915 0.0022741308398878126 0.0012416049174206103 -6.0584271335015125e-06 0.0015700528443758595 0.00019095618272615413 7.6293690451067044e-05 0.0020117390149185779 -0.00023025547632485592 -0.00126809112357983 -0.00032555422409662286 0.00031933192513603458 0.0015520188913082549 0.00082457209726702764 0.00080134399578571543 -0.00024176987768222567 -0.00012751247904615415 9.6708328314964892e-05 -0.0007558847182005681 0.00023562779953403921 5.5960784213539912e-06 5.5224842754562146e-07 0.00013470533071966676 8.5613924907684995e-05 -0.0015629457984003663 -0.00065044950536634035 0.00037194836226442553 -0.00043340894949940194 0.00052833268431760352 0.00034975875927933172 -0.0021558247297824152 -0.00016788243409011011 -0.00029045335952309118 -0.0010171977623345087 -0.0008005230976907287 0.0016414548145887089 0.00073934628525803095 -0.00015987901237180194 -0.002860557571246038 -0.00010536403349003738 -0.0005924136045657568 -0.0017399034405585437 2.1205859572780834e-05 8.9818889785437902e-05 -0.00168355223122411 8.3376763849508218e-05 -0.00017649482607391538
leaf_weight=4702 3838 252 6644 1052 8493 994 785 2651 3313 564 666 1431 268 1173 6673 278 246 537 12950 349 624 8053 263 221 360 7544 321 527 557 605 481 724 362 964 12227 336562 112620 10012 4685 326 5261 3639 967 2630 2028 369 686 4908 365 1069 392 350 6323 208 1790 875 252 299 1202 232 265 2270
leaf_count=4702 3838 252 6644 1052 8493 994 785 2651 3313 564 666 1431 268 1173 6673 278 246 537 12950 349 624 8053 263 221 360 7544 321 527 557 605 481 724 362 964 12227 336562 112620 10012 4685 326 5261 3639 967 2630 2028 369 686 4908 365 1069 392 350 6323 208 1790 875 252 299 1202 232 265 2270
internal_value=1.43225e-07 -2.34668e-06 0.000123568 -0.000132528 -0.000163467 -0.00028931 -0.000357371 -0.000417148 -0.000585827 -6.64593e-05 2.07393e-05 -0.000252526 -0.000891383 2.1152e-06 0.000149254 0.000385357 0.0013128 -1.07141e-06 0.00010519 0.000246598 0.000199653 0.000141235 0.000730828 -5.74312e-06 -0.000165486 -0.000132253 0.000163316 0.00102544 -0.000236715 -0.000108665 0.000339339 0.00028647 0.00078059 -0.00048729 -1.91912e-06 1.366e-05 -3.48123e-05 -0.000110565 -0.000152332 -0.000297673 -0.000268144 -7.50875e-05 0.000202869 -0.000132522 -0.000272258 -0.000526411 -0.000384706 -0.000103263 -0.000895533 -2.7515e-05 0.000490058 -0.00042071 1.76858e-05 -0.00168634 0.0002717 4.05673e-05 -5.9232e-06 -0.000784238 -0.000425363 9.32706e-05 -0.000741427 -0.00050759
internal_weight=592277 580565 11712 19239 18187 9694 8700 7915 5264 5068 4504 1951 520 561326 11899 5226 524 549427 23138 10188 9839 8940 887 526289 12304 11944 3119 748 8825 2371 1086 1281 899 1285 513985 348789 165196 52576 41192 14295 13969 26897 4606 22291 11548 4612 4243 6936 1746 2497 1078 1419 10743 573 4420 11384 5236 551 8733 10509 497 7531
internal_count=592277 580565 11712 19239 18187 9694 8700 7915 5264 5068 4504 1951 520 561326 11899 5226 524 549427 23138 10188 9839 8940 887 526289 12304 11944 3119 748 8825 2371 1086 1281 899 1285 513985 348789 165196 52576 41192 14295 13969 26897 4606 22291 11548 4612 4243 6936 1746 2497 1078 1419 10743 573 4420 11384 5236 551 8733 10509 497 7531
is_linear=0
shrinkage=0.05


Tree=115
num_leaves=63
num_cat=0
split_feature=28 3 27 17 24 24 28 27 23 25 20 28 27 25 17 21 29 21 18 30 29 30 29 3 25 24 21 25 17 28 18 28 30 29 30 30 30 30 30 29 18 31 25 25 27 30 29 17 3 24 24 31 3 24 24 31 20 25 20 27 25 24
split_gain=0.0919305 0.0864042 0.127873 0.113597 0.130862 0.145261 0.136485 0.125205 0.105442 0.172083 0.214874 0.0850235 0.133637 0.199365 0.109571 0.10365 0.157792 0.102828 0.0819788 0.0814625 0.08986 0.122371 0.0783543 0.0776883 0.0774293 0.0768353 0.0748588 0.0726531 0.0702873 0.069364 0.0681806 0.0672326 0.0666566 0.0665056 0.0632419 0.0691858 0.144839 0.0779555 0.164351 0.206099 0.152808 0.13178 0.0943044 0.0726819 0.148024 0.141138 0.136247 0.11626 0.0676463 0.0637871 0.108673 0.0635715 0.0617998 0.0616727 0.06126 0.060408 0.0593297 0.0865537 0.170413 0.0763714 0.0836147 0.12309
threshold=-0.094290532495402243 6872.7000000000016 0.0036101578943349469 2.5000000000000004 58.927637358926042 28.229802062472391 -0.011425373917135105 0.0017243911181308799 1.0000000180025095e-35 32.519642590747594 1.5000000000000002 -0.022058217993723536 0.0078413997693469618 8.5081251455146703 11.500000000000002 2.5000000000000004 5.5000000000000009 2.5000000000000004 3.5000000000000004 254.00000000000003 74.500000000000014 150.50000000000003 2.5000000000000004 7271.2000000000016 52.882366270353394 94.889583124869901 1.0000000180025095e-35 0.81217448231731881 1.0000000180025095e-35 -0.023169179586857099 10.500000000000002 -1.0000000180025095e-35 82.500000000000014 88.000000000000014 145.50000000000003 139.00000000000003 131.50000000000003 116.00000000000001 104.50000000000001 31.500000000000004 1.0000000180025095e-35 15.500000000000002 36.409768326139542 1.0000000180025095e-35 0.0074878947276151306 37.500000000000007 6.5000000000000009 1.0000000180025095e-35 5830.1500000000005 83.68352059571329 87.181963322163838 26.500000000000004 7099.2000000000016 78.067257765177004 39.614810540960256 19.500000000000004 3.5000000000000004 33.655734194946916 6.5000000000000009 0.0025115518080189056 82.696815851359943 40.926797454446273
decision_type=2 2 2 2 2 2 2 2 2 2 2 2 2 2 2 2 2 2 2 2 2 2 2 2 2 2 2 2 2 2 2 2 2 2 2 2 2 2 2 2 2 2 2 2 2 2 2 2 2 2 2 2 2 2 2 2 2 2 2 2 2 2
left_child=32 19 3 4 5 -3 -7 54 11 -10 26 27 13 17 18 -14 -17 22 -15 20 21 25 -13 29 28 30 -11 -4 -23 -5 34 -27 -1 -21 35 36 37 38 43 42 41 -39 -40 44 47 46 -46 -2 -41 -49 -51 -50 -29 -54 -8 -22 -45 58 -58 -59 -61 -62
right_child=1 2 8 23 -6 6 7 -9 9 10 -12 12 15 14 -16 16 -18 -19 -20 33 55 24 -24 -25 -26 31 -28 52 -30 -31 -32 -33 -34 -35 -36 -37 -38 40 39 48 -42 -43 -44 56 45 -47 -48 49 51 50 -52 -53 53 -55 -56 -57 57 59 -60 60 61 -63
leaf_value=0.0001558217689791836 0.00069992011067575288 0.00051294979115146775 0.00041870110948744261 -0.00042981358607590159 9.1558990892150294e-05 -0.0017158525005845375 -0.00019883741968078542 -0.00012273591287541782 -0.0015093224715007443 0.00067612691061873838 -0.0012903878518074775 -0.00069743084071952489 -0.00034558692300913656 -1.6717596701354415e-06 -0.00032335426724417171 -0.00014014525469747973 0.0012882916238848964 -0.00072502839665178429 0.00079482463487462332 0.00087146440955896689 -0.0010226374778875126 0.0010979029424474272 -8.9275112154976781e-05 0.00015649865302671268 0.0010357300721508139 0.00046749185546222097 -0.00040804064514311989 0.0001808692004448218 0.00011120345110308254 2.0216515865709302e-05 -0.00043876316190159933 8.6964277719566395e-05 0.0009792024330579352 1.8224253386197577e-05 -0.00085808508575981653 0.00062963566687896527 -0.0009272391036540033 0.0016757787073380691 -0.0021635214451544019 -0.00058195797544390276 -0.0001694124897030822 7.5394671011963513e-05 -0.00069103957590329603 4.7678899934363331e-06 0.00047664669662095981 -0.00030844713505845134 0.0015642074639711815 5.2849709269000982e-05 0.00062113108298571251 -0.00097669558103623245 -4.6508203236855501e-06 -0.00044304831132824788 -0.00011710097976625887 9.1937397897354643e-05 -0.0012159091590729079 -0.00015637324753737603 -0.00073029393051664098 0.0002540845317344861 8.8599656914247117e-05 -0.00023576837990600013 0.00080633941644788409 -3.5539190770949608e-05
leaf_weight=6169 621 336 1018 891 1993 245 200 1115 333 448 311 670 8215 26764 2749 931 244 1444 327 495 342 209 2528 12810 389 1280 247 3375 1323 21942 874 12462 256 424 213 441 418 318 220 490 531 216 215 434257 1275 416 372 6471 365 434 852 228 11636 5064 570 489 1418 1828 1151 4975 501 3255
leaf_count=6169 621 336 1018 891 1993 245 200 1115 333 448 311 670 8215 26764 2749 931 244 1444 327 495 342 209 2528 12810 389 1280 247 3375 1323 21942 874 12462 256 424 213 441 418 318 220 490 531 216 215 434257 1275 416 372 6471 365 434 852 228 11636 5064 570 489 1418 1828 1151 4975 501 3255
internal_value=5.25712e-07 -1.53607e-06 -4.22982e-05 2.81815e-05 -0.000209743 -0.000453252 -0.000605667 -0.000461372 -8.49257e-05 -0.00052412 -0.000198004 -7.58734e-05 -0.000115535 -6.99972e-05 -2.25783e-05 -0.000282761 0.000156483 -0.000374818 7.94229e-06 7.50441e-06 6.60182e-06 7.50491e-06 -0.000216687 5.79462e-05 0.000405769 5.89796e-06 0.000290818 6.62093e-06 0.000245812 2.65523e-06 2.43506e-06 0.000122409 0.000188629 0.000477804 3.27064e-06 3.66839e-06 3.06936e-06 3.91397e-06 2.92331e-06 -0.000516475 0.000431197 0.00102843 -0.00143574 4.64546e-06 0.000135053 0.000514443 0.000722289 4.16319e-05 -0.000147241 -1.10684e-05 -0.000332697 0.000211969 -1.42756e-05 -5.37135e-05 -0.000951735 -0.000512886 1.60203e-06 -0.00010312 -0.000363402 -3.9794e-05 -0.000101323 7.67561e-05
internal_weight=592599 586174 106406 40102 4459 2466 2130 1885 66304 1339 1006 64965 43872 34482 29840 9390 1175 4642 27091 479768 478849 478018 3198 35643 1921 476097 695 21093 1532 22833 462355 13742 6425 919 461481 461268 460827 460409 459344 1518 1065 534 435 457826 10441 2063 1647 8378 1083 7757 1286 593 20075 16700 770 831 447385 13128 2569 10559 8731 3756
internal_count=592599 586174 106406 40102 4459 2466 2130 1885 66304 1339 1006 64965 43872 34482 29840 9390 1175 4642 27091 479768 478849 478018 3198 35643 1921 476097 695 21093 1532 22833 462355 13742 6425 919 461481 461268 460827 460409 459344 1518 1065 534 435 457826 10441 2063 1647 8378 1083 7757 1286 593 20075 16700 770 831 447385 13128 2569 10559 8731 3756
is_linear=0
shrinkage=0.05


Tree=116
num_leaves=63
num_cat=0
split_feature=0 30 30 3 29 0 26 31 30 29 22 22 3 23 17 26 26 27 18 9 30 27 3 27 27 0 22 0 18 3 27 0 0 22 30 31 29 30 30 29 0 29 0 31 30 0 0 17 30 18 17 6 0 0 26 29 26 30 27 5 18 18
split_gain=0.0644726 0.126666 0.134175 0.0769449 0.0822196 0.0650579 0.159616 0.117487 0.162787 0.103771 0.063354 0.0600013 0.0599322 0.0966257 0.0849744 0.166468 0.157306 0.162239 0.146927 0.132876 0.127653 0.0993997 0.0923968 0.086519 0.111933 0.0902505 0.0814482 0.138142 0.141882 0.0812663 0.0742086 0.1457 0.0680368 0.0674439 0.07926 0.0644075 0.0740743 0.182977 0.180982 0.296319 0.123625 0.129117 0.0770669 0.0726976 0.0622387 0.060291 0.0601236 0.127633 0.117712 0.112629 0.24633 0.288732 0.194792 0.158602 0.115842 0.110495 0.105129 0.116815 0.128637 0.100037 0.113433 0.0820966
threshold=34739.908005921272 3.5000000000000004 6.5000000000000009 6470.4000000000005 7.5000000000000009 54169.048251842112 85.095012968998972 5.5000000000000009 23.500000000000004 5.5000000000000009 1.0000000180025095e-35 1.5000000000000002 5226.9000000000005 1.0000000180025095e-35 1.0000000180025095e-35 73.81375026222895 81.725766375670403 0.0020432506495770392 1.5000000000000002 -0.23499999999999985 139.00000000000003 0.0013081769027742207 4952.9500000000016 0.0049627307266491196 0.0036032443516257466 154652.27109366821 1.0000000180025095e-35 180263.48238508243 1.0000000180025095e-35 4696.3000000000002 0.0036776860911047989 115331.79263260768 332436.70644229586 1.5000000000000002 78.500000000000014 38.500000000000007 27.500000000000004 63.500000000000007 36.500000000000007 9.5000000000000018 270306.21565045882 22.500000000000004 131583.93625897355 6.5000000000000009 91.500000000000014 240752.55564188873 830890.13581422891 4.5000000000000009 44.500000000000007 4.5000000000000009 5.5000000000000009 171.10000000000002 389759.98454441462 120733.66765096645 95.136470443274803 5.5000000000000009 90.282657664694327 1.0000000180025095e-35 0.0053707699281525419 139.48850000000002 8.5000000000000018 8.5000000000000018
decision_type=2 2 2 2 2 2 2 2 2 2 2 2 2 2 2 2 2 2 2 2 2 2 2 2 2 2 2 2 2 2 2 2 2 2 2 2 2 2 2 2 2 2 2 2 2 2 2 2 2 2 2 2 2 2 2 2 2 2 2 2 2 2
left_child=1 -1 -3 4 10 6 7 8 -2 -9 -4 -12 13 14 16 19 20 -18 -17 22 21 -7 26 24 25 -19 27 -16 -29 -23 33 -32 -33 34 -21 36 38 -38 -31 -40 41 42 -41 -44 -39 -28 49 48 -48 56 -51 -52 53 -53 59 -56 -14 58 -58 -55 -61 -54
right_child=5 2 3 -5 -6 12 -8 9 -10 -11 11 -13 46 -15 15 18 17 23 -20 30 -22 29 -24 -25 -26 -27 45 28 -30 35 31 32 -34 -35 -36 -37 37 44 39 40 -42 -43 43 -45 -46 -47 47 -49 -50 50 51 52 61 54 55 -57 57 -59 -60 60 -62 -63
leaf_value=-0.00087702334609686395 -0.0001919860373581291 0.0015038042899535261 -0.00024037997952922681 0.00092343052794950338 -0.00074102898344281137 -0.00069538860090059558 0.00077838124388086762 4.9375255404585489e-05 -0.0015162278920466618 0.0013841557088994155 0.00087054690437002628 -5.4655736086374007e-05 -7.0374780934239044e-06 -0.00047702228693172199 0.00068026308413348053 -0.00033875837942502296 0.0015613727712992828 0.0014027397851125421 0.00084261327567857521 3.8544848726137915e-05 0.00086629853044111653 0.0001439807708569522 5.2320035092439758e-05 0.00089491165210186109 -0.00033765380960067289 0.00019703806493202031 0.0001134097711295074 0.00030362169489125506 -0.00084985781768106498 -8.1284260983269544e-05 -0.0002102255755541307 0.00042955853882208403 -3.3983184476497042e-05 -0.00034919507994528418 -0.00058425741343028212 0.00045737813895288466 -0.0017707149837443556 0.00027244332359130098 0.0022233467778492283 -3.5815397819129027e-05 -0.00048445902892157566 -0.00040875648268577614 0.0015242554444637492 0.00046977496697493465 -0.00066372869178858099 0.00050342148564402336 -3.7285237667014059e-05 0.00024201177015185894 -0.0010041250290490351 -0.00097410384086964402 0.0004657573316262903 0.00058134862260096306 -0.00029860428990149187 -3.8605861768231652e-05 0.0002345372569809317 -0.00082813545481139929 0.00020386419315375728 0.00020531465238348662 -0.001524304114280832 -0.0010802838026542018 -0.00048610291248924814 4.7052794393771673e-05
leaf_weight=217 8007 240 412 336 250 573 459 491 239 207 477 277 430686 916 2721 3439 261 202 285 32534 391 5676 6695 406 819 670 6325 2394 300 34837 1630 3903 993 1224 519 595 219 421 204 216 468 306 365 296 307 1175 2251 6395 366 819 2092 409 2161 794 1008 323 221 8620 210 1118 2853 8376
leaf_count=217 8007 240 412 336 250 573 459 491 239 207 477 277 430686 916 2721 3439 261 202 285 32534 391 5676 6695 406 819 670 6325 2394 300 34837 1630 3903 993 1224 519 595 219 421 204 216 468 306 365 296 307 1175 2251 6395 366 819 2092 409 2161 794 1008 323 221 8620 210 1118 2853 8376
internal_value=4.99426e-07 0.000270117 0.000395082 0.000243202 8.1792e-05 -5.09375e-07 -0.000130976 -0.000177644 -0.000230368 0.00044522 0.000258212 0.000530652 1.60217e-06 3.4412e-05 3.86185e-05 7.60982e-05 -1.22756e-05 0.000385786 -0.000248347 9.60978e-05 -3.31926e-05 -4.1099e-05 0.000203061 0.000239468 8.20996e-05 0.000476341 0.000281204 0.000428977 0.000175172 -3.25609e-05 4.4691e-05 0.000199227 0.000335544 1.52689e-05 2.87656e-05 -5.87693e-05 -6.69286e-05 -0.00050354 -5.56599e-05 0.000425567 0.000203431 0.000475563 0.000784117 0.00105205 -0.000122344 0.000174512 -6.25795e-06 0.000121641 -0.000172502 -8.76535e-06 -0.000124952 -8.86051e-05 -0.000156656 -0.000371801 -0.000435751 -2.33465e-05 -3.49341e-06 0.000165149 -0.000638167 -0.000550947 -0.000653389 -2.38369e-05
internal_weight=592599 2209 1992 1752 1416 590390 9403 8944 8246 698 1166 754 580987 112285 111369 64137 47232 2358 3724 60413 44874 44483 19610 2097 1691 872 12915 5415 2694 43910 40803 6526 4896 34277 33053 38234 37639 947 36692 1855 1651 1183 877 661 728 7500 468702 9012 2617 459690 19953 19134 17042 6505 6096 1331 439737 9051 431 4765 3971 10537
internal_count=592599 2209 1992 1752 1416 590390 9403 8944 8246 698 1166 754 580987 112285 111369 64137 47232 2358 3724 60413 44874 44483 19610 2097 1691 872 12915 5415 2694 43910 40803 6526 4896 34277 33053 38234 37639 947 36692 1855 1651 1183 877 661 728 7500 468702 9012 2617 459690 19953 19134 17042 6505 6096 1331 439737 9051 431 4765 3971 10537
is_linear=0
shrinkage=0.05


Tree=117
num_leaves=63
num_cat=0
split_feature=22 22 18 27 30 24 24 18 25 25 25 29 17 24 25 17 24 27 22 24 20 17 24 20 25 25 5 17 5 30 25 18 30 4 17 25 23 25 20 22 25 25 24 5 24 24 25 29 18 29 23 25 25 25 17 27 25 30 29 30 30 25
split_gain=0.056855 0.115372 0.0860848 0.0825586 0.0597581 0.0872756 0.161538 0.104094 0.0867525 0.118105 0.131583 0.0933092 0.0972167 0.0871756 0.0853707 0.142204 0.070774 0.0886849 0.0903311 0.069336 0.0779128 0.0688725 0.0719986 0.0661182 0.059463 0.0576692 0.0569252 0.106358 0.187184 0.160957 0.0829017 0.0799005 0.106127 0.0782476 0.0748763 0.0608603 0.0589144 0.0562647 0.0573219 0.0561908 0.0787801 0.0625976 0.0641169 0.0543562 0.0528612 0.0516937 0.0515709 0.0725621 0.109385 0.0924612 0.0508144 0.0503413 0.0689271 0.090162 0.0627587 0.0616461 0.0524285 0.0500964 0.180231 0.0706187 0.0604612 0.0491681
threshold=7.5000000000000009 6.5000000000000009 1.5000000000000002 0.0052776811060010172 1.0000000180025095e-35 26.185506339343462 29.338973254067891 1.5000000000000002 80.883074487168301 68.389126114709043 66.632216202319967 3.5000000000000004 3.5000000000000004 91.629060008758941 34.048417741947297 1.5000000000000002 91.629060008758941 0.0070680829945250082 1.5000000000000002 85.117750276724323 1.0000000180025095e-35 4.5000000000000009 27.337580253525065 4.5000000000000009 37.353817174790336 52.387250125170759 109.49550000000001 1.0000000180025095e-35 104.73950000000002 119.00000000000001 31.93260589932947 1.0000000180025095e-35 14.500000000000002 6.3550000000000013 2.5000000000000004 46.378179701569898 1.0000000180025095e-35 96.644779444093828 3.5000000000000004 1.0000000180025095e-35 96.644779444093828 86.92270272321089 70.186808927243874 139.48850000000002 89.966553039347176 88.375225383294719 53.146075699242594 5.5000000000000009 1.5000000000000002 3.5000000000000004 1.0000000180025095e-35 5.0690339509305353 16.923911151840063 18.523763847014717 1.5000000000000002 0.0090238099728496314 3.7182813124880369 36.500000000000007 10.500000000000002 47.500000000000007 58.500000000000007 1.0000000180025095e-35
decision_type=2 2 2 2 2 2 2 2 2 2 2 2 2 2 2 2 2 2 2 2 2 2 2 2 2 2 2 2 2 2 2 2 2 2 2 2 2 2 2 2 2 2 2 2 2 2 2 2 2 2 2 2 2 2 2 2 2 2 2 2 2 2
left_child=1 4 -2 -3 5 7 21 14 9 10 13 12 19 23 15 -1 26 -18 37 20 39 22 -7 44 -15 -24 27 29 34 33 -30 36 -33 35 50 -6 -32 38 -19 40 41 -10 -43 -14 45 51 -20 48 -48 -50 -29 56 54 -54 -53 -55 -8 -37 -59 -60 -61 -28
right_child=2 3 -4 -5 16 6 8 -9 11 -11 -12 -13 43 24 -16 -17 17 18 46 -21 -22 -23 25 -25 -26 -27 61 28 30 -31 31 32 -34 -35 -36 57 -38 -39 -40 -41 -42 42 -44 -45 -46 -47 47 -49 49 -51 -52 52 53 55 -56 -57 -58 58 59 60 -62 -63
leaf_value=0.0015878283339689455 0.0011095422500115922 -0.00029598147551766676 9.2555102704611672e-05 -0.0013766455183111587 -0.00040752168783650118 -0.00033598148363878609 -0.00015997767435080507 -0.00040129782535867301 -0.00024493981922179154 0.00022519560708052328 -0.00067838866823324287 0.00078481485654586277 -0.00080771192155085518 -0.00076277703818228705 3.940058602890676e-05 0.00027415629554372367 3.4083717693880737e-05 0.00057002229574194504 0.00036399412298628362 -0.0011821434380077853 -0.0010236581297968293 -2.6461389628931667e-05 -0.0019265972852448806 -0.00064512974920806943 3.9046334378491847e-05 -0.00076791244019063778 9.2433229199392702e-05 2.4445895523354037e-05 0.00077211069628448483 0.00096601784284768922 0.000177396945000258 0.00032700986907796005 0.0012653656821489934 0.00013114711870380085 -0.00081753022168646943 -7.3974053047173621e-05 -0.00064243422136636827 -3.6765301484222249e-05 8.4123956533726122e-05 -0.00070625696013055107 -0.00085007982201083159 0.0012081532607562129 1.7265821268701271e-05 4.7204702952609449e-05 0.0005584741749009133 -0.00070694216531718389 -0.0004103600713207358 -0.00090553920986599493 -0.00038095851912672997 0.00080432247551446168 -0.00067620571433487471 0.0010584970607082002 -0.00094766303294376041 5.0991268565876105e-06 0.00018798845292522515 -0.0007353366562162459 -0.00094629777946693145 0.0015630242921618465 0.00044406436607008623 -0.00071151881632657097 4.1159743649196967e-05 -8.9002255003712898e-06
leaf_weight=335 285 993 771 215 1273 267 1233 467 554 3913 861 204 208 693 704 535 25437 2724 714 335 420 259 228 423 347 203 12305 21023 682 407 12645 1568 373 5877 273 23978 223 675 781 519 269 203 255 1752 396 274 814 263 242 514 262 247 259 16429 1280 286 256 212 657 391 840 440568
leaf_count=335 285 993 771 215 1273 267 1233 467 554 3913 861 204 208 693 704 535 25437 2724 714 335 420 259 228 423 347 203 12305 21023 682 407 12645 1568 373 5877 273 23978 223 675 781 519 269 203 255 1752 396 274 814 263 242 514 262 247 259 16429 1280 286 256 212 657 391 840 440568
internal_value=4.74455e-07 -1.79899e-07 0.000367026 -0.000488318 8.18976e-07 -6.29224e-05 -8.27963e-05 0.000254252 -6.3424e-05 -2.87319e-05 -7.19628e-05 -0.000261159 -0.000308419 -4.83614e-05 0.000448751 0.000779996 4.78921e-06 7.67798e-05 0.000238228 -0.000511629 -0.000410448 -0.000722791 -0.000981171 -2.63171e-05 -0.000495246 -0.00138086 3.66574e-07 4.20984e-05 0.000100537 -2.22721e-05 0.000233118 0.000208296 0.000507333 -3.43774e-05 5.26832e-06 -6.99442e-05 0.000163189 0.00038125 0.000461752 -0.000267365 -8.95474e-05 0.00011261 0.000545105 -4.35211e-05 -1.36474e-05 -2.48278e-05 3.50675e-06 -0.000136912 -8.15497e-06 0.000424907 1.58215e-05 -1.54781e-05 7.03187e-06 -2.19145e-05 0.000328798 -7.57001e-06 -0.000295168 -5.34653e-05 0.000180706 2.54876e-05 -0.000197912 -6.1469e-06
internal_weight=592599 591543 1056 1208 590335 34614 32573 2041 31616 26897 22984 4719 4515 22123 1574 870 555721 32164 6727 2555 2220 957 698 21083 1040 431 523557 70684 37049 33635 15491 14809 1941 33228 21558 27351 12868 4180 3505 1800 1281 1012 458 1960 20660 20264 2547 1833 1570 756 21285 19990 18501 16974 1527 16715 1489 26078 2100 1888 1231 452873
internal_count=592599 591543 1056 1208 590335 34614 32573 2041 31616 26897 22984 4719 4515 22123 1574 870 555721 32164 6727 2555 2220 957 698 21083 1040 431 523557 70684 37049 33635 15491 14809 1941 33228 21558 27351 12868 4180 3505 1800 1281 1012 458 1960 20660 20264 2547 1833 1570 756 21285 19990 18501 16974 1527 16715 1489 26078 2100 1888 1231 452873
is_linear=0
shrinkage=0.05


Tree=118
num_leaves=63
num_cat=0
split_feature=21 17 0 22 25 26 25 30 29 29 30 25 30 0 17 20 25 27 0 31 5 31 24 26 26 0 29 5 24 27 26 22 24 26 21 17 20 0 26 0 21 26 27 25 26 25 24 0 21 18 17 22 25 31 26 22 0 25 24 20 24 20
split_gain=0.0684693 0.0661726 0.233291 0.12699 0.118884 0.101967 0.0983672 0.0952369 0.0947273 0.0879757 0.114188 0.0872413 0.0863232 0.0799153 0.082335 0.0799815 0.0796805 0.162701 0.123919 0.130378 0.133524 0.0839022 0.0835644 0.112106 0.0876855 0.0988524 0.0865771 0.0781662 0.0774639 0.149795 0.391868 0.209048 0.164291 0.26519 0.232614 0.212269 0.217585 0.257037 0.1397 0.357847 0.338202 0.169521 0.166777 0.135744 0.115224 0.28288 0.26467 0.261601 0.244685 0.19451 0.190831 0.285733 0.233874 0.192749 0.189363 0.194607 0.37555 0.322478 0.24176 0.194869 0.18901 0.182612
threshold=5.5000000000000009 10.500000000000002 433272.79972490965 7.5000000000000009 1.0000000180025095e-35 17.423983212571283 99.092893815221657 254.00000000000003 76.000000000000014 74.500000000000014 150.50000000000003 98.632894960001437 148.50000000000003 182486.53719261909 2.5000000000000004 1.5000000000000002 1.0000000180025095e-35 0.0074878947276151306 342636.31370139902 1.0000000180025095e-35 153.40600000000003 1.5000000000000002 52.290940725118681 29.954841490012416 31.916327557483886 103390.47157934542 1.5000000000000002 177.79300000000003 57.485208022596858 0.0015733386592971749 39.313937371931125 2.5000000000000004 39.967868878596384 25.739688749451936 1.5000000000000002 2.5000000000000004 1.0000000180025095e-35 195742.57278378346 38.162199914703073 219600.7121919468 1.0000000180025095e-35 35.97551354266237 0.0013081769027742207 56.158102581982924 28.317415971378832 36.07844970870206 42.938070308371245 264042.46991680219 1.5000000000000002 1.0000000180025095e-35 1.5000000000000002 1.0000000180025095e-35 24.795111409690833 31.500000000000004 39.080828684342563 1.5000000000000002 135268.19078405967 65.457317365563014 44.778029586822576 1.5000000000000002 35.36737249996289 1.0000000180025095e-35
decision_type=2 2 2 2 2 2 2 2 2 2 2 2 2 2 2 2 2 2 2 2 2 2 2 2 2 2 2 2 2 2 2 2 2 2 2 2 2 2 2 2 2 2 2 2 2 2 2 2 2 2 2 2 2 2 2 2 2 2 2 2 2 2
left_child=1 7 3 5 -4 -3 -7 9 -9 10 12 27 16 -12 -15 -16 17 21 19 20 -19 -1 23 -23 -24 -26 -27 -6 29 30 31 32 33 43 -35 36 -34 -38 39 40 42 -42 -30 -18 45 49 -47 -48 54 50 51 -31 -53 -52 55 -46 57 60 59 -58 -57 -50
right_child=-2 2 4 -5 11 6 -8 8 -10 -11 13 -13 -14 14 15 -17 28 18 -20 -21 -22 22 24 -25 25 26 -28 -29 38 44 -32 -33 35 34 -36 -37 37 -39 -40 -41 41 -43 -44 -45 48 46 47 -49 61 -51 53 52 -54 -55 -56 56 58 -59 -60 -61 -62 -63
leaf_value=0.00019874802416686304 0.00039728125197495585 0.00062517286735124672 -0.00057423318726362079 0.00028905014305789588 0.00038815726108587669 -0.00037427802026930102 0.00019692369602448525 0.0013804570710427861 0.00019961392322045895 -0.00048826893862666292 0.0009244991308205282 -0.00055983594422488953 -0.00099776858204239519 -0.00033449015979254899 0.00070829769871518877 -0.00029721170445243749 -0.00063789187315986464 0.0008341933944137277 0.00021050215528532507 0.00021118154617214173 0.0023857234778594887 -0.00019503392124242027 0.00064147972058194061 0.00047778460941468411 0.0005906891579450103 -0.0011933269105848853 -0.00033536244946106599 6.759679103826852e-05 -0.00034511075388202021 -0.00034624318937435489 9.6432395809131863e-05 0.00013538611494906763 -0.00058059561500065191 0.00032288900968027441 -0.00065472697230309026 -0.00015395939429597663 -0.0022755195312430462 -0.00060613604332006028 2.3640886443591164e-06 -3.7330200092091188e-05 -3.729580432376652e-05 0.00056259017244475061 0.00052582648352976805 0.00020669457672153969 -0.00018506106205861981 4.5934968817075844e-05 0.00045466570517030386 -6.3016288364775696e-05 -4.1200499721307735e-05 0.00010458610728557373 -0.00022102588974207116 -0.00020638089333875132 0.00053350003222092516 -0.0014254129092062407 3.8659788439221514e-05 -2.7534537628395509e-05 0.00084035893690502538 0.00051944353083831338 2.6483907484071813e-05 -1.7212479836125688e-05 -0.00073301440394403191 -0.00040957785765497877
leaf_weight=3981 1085 290 633 1011 2767 8954 823 238 593 913 502 432 216 493 771 266 3162 433 2031 439 204 1355 239 1140 251 339 2217 6081 586 2794 10622 2342 2862 2648 790 1952 474 449 288699 21695 8136 1377 8866 560 24757 38385 8902 3362 6196 10628 16560 1595 3233 339 62123 1507 2393 1027 4038 916 2566 7361
leaf_count=3981 1085 290 633 1011 2767 8954 823 238 593 913 502 432 216 493 771 266 3162 433 2031 439 204 1355 239 1140 251 339 2217 6081 586 2794 10622 2342 2862 2648 790 1952 474 449 288699 21695 8136 1377 8866 560 24757 38385 8902 3362 6196 10628 16560 1595 3233 339 62123 1507 2393 1027 4038 916 2566 7361
internal_value=4.50732e-07 -2.77165e-07 -8.74631e-05 -0.000245142 8.87469e-05 -0.00029879 -0.000326196 2.93063e-06 0.00053781 2.15041e-06 2.93763e-06 0.00013397 1.59618e-06 0.000377084 0.000197474 0.000450375 1.9772e-06 0.000126161 0.000440339 0.000874165 0.00133107 2.36463e-05 -0.000102158 0.000112386 -0.000277892 -0.000356171 -0.000449154 0.000167844 -8.54205e-07 -2.35e-05 -0.000136694 -0.00029919 -0.000378106 -0.000218364 9.82478e-05 -0.00057747 -0.000795883 -0.00146344 1.45848e-05 0.000101355 0.000260005 4.95373e-05 0.000471831 -0.000510818 -8.76634e-06 3.49093e-05 0.000110541 0.000312751 -4.19622e-05 -7.40743e-05 -0.00015151 5.61827e-05 0.00028907 -0.000245186 -1.47662e-05 -0.000103977 5.73e-05 -0.000272341 0.000286124 0.000602965 -0.000471989 -0.000241217
internal_weight=592599 591514 20991 11078 9913 10067 9777 570523 831 569692 568779 9280 566747 2032 1530 1037 566531 12629 3107 1076 637 9522 5541 2495 3046 2807 2556 8848 553902 224543 25861 15239 12897 7160 3438 5737 3785 923 329359 40660 18965 9513 9452 3722 198682 85798 50649 12264 112884 35149 24521 7622 4828 16899 99327 37204 12447 5100 7347 3309 4073 13557
internal_count=592599 591514 20991 11078 9913 10067 9777 570523 831 569692 568779 9280 566747 2032 1530 1037 566531 12629 3107 1076 637 9522 5541 2495 3046 2807 2556 8848 553902 224543 25861 15239 12897 7160 3438 5737 3785 923 329359 40660 18965 9513 9452 3722 198682 85798 50649 12264 112884 35149 24521 7622 4828 16899 99327 37204 12447 5100 7347 3309 4073 13557
is_linear=0
shrinkage=0.05


Tree=119
num_leaves=63
num_cat=0
split_feature=28 26 22 17 27 23 6 25 0 28 30 26 25 26 5 25 0 17 25 27 30 0 28 28 25 21 7 0 17 5 30 24 17 25 26 0 22 21 0 6 22 17 26 21 0 5 26 24 21 22 0 25 0 0 25 31 6 25 17 25 21 17
split_gain=0.0862117 0.116249 0.0949373 0.265931 0.0723705 0.0861716 0.0934998 0.114431 0.0855347 0.0881708 0.112047 0.0682462 0.0786227 0.0727386 0.12 0.0668331 0.0643181 0.117351 0.110895 0.106835 0.0907649 0.0872174 0.140889 0.122336 0.129968 0.112527 0.131032 0.159498 0.107076 0.185386 0.115341 0.0915883 0.135063 0.313493 0.154452 0.141909 0.135603 0.158006 0.123223 0.0922938 0.0924071 0.0968281 0.0906668 0.127999 0.227355 0.129917 0.139268 0.139309 0.122287 0.161335 0.112966 0.141371 0.106731 0.0998708 0.0965407 0.0893727 0.119834 0.118089 0.242672 0.195121 0.152305 0.159702
threshold=-0.094290532495402243 91.919111772303708 2.5000000000000004 4.5000000000000009 0.012823316282401883 1.0000000180025095e-35 179.90000000000001 10.037586843995081 41774.57154821053 -9.83740777371067e-05 15.500000000000002 85.095012968998972 13.927933194169226 28.891471227441773 172.02650000000003 29.916260541180996 906796.42707333993 10.500000000000002 74.130374622423275 0.0053221282251455443 254.00000000000003 339120.69724918756 -0.019961256828052828 -1.0000000180025095e-35 52.387250125170759 1.0000000180025095e-35 5.5500000000000007 184883.00678689429 1.5000000000000002 149.01850000000005 108.50000000000001 57.485208022596858 2.5000000000000004 11.696172029508606 64.145699927739301 90710.052401173903 1.0000000180025095e-35 1.0000000180025095e-35 46964.12294112995 179.30000000000004 1.5000000000000002 4.5000000000000009 15.278686639645693 1.5000000000000002 152761.6676525597 128.04350000000002 43.791015081280868 53.681667233676571 2.5000000000000004 2.5000000000000004 209305.8732067355 20.217416093951574 106259.42812028559 56917.347622519876 29.502890963035501 7.5000000000000009 175.50000000000003 66.104511431942697 1.5000000000000002 41.289579252954283 1.0000000180025095e-35 1.0000000180025095e-35
decision_type=2 2 2 2 2 2 2 2 2 2 2 2 2 2 2 2 2 2 2 2 2 2 2 2 2 2 2 2 2 2 2 2 2 2 2 2 2 2 2 2 2 2 2 2 2 2 2 2 2 2 2 2 2 2 2 2 2 2 2 2 2 2
left_child=1 2 11 -4 16 6 8 -8 -6 -10 -11 12 13 -1 -15 -5 17 20 19 -18 21 23 -23 24 28 -26 -27 -28 29 -2 31 32 33 -30 42 -36 37 -35 -33 -40 -41 -42 50 44 45 -44 47 53 49 52 51 -34 -45 -47 -46 -25 57 59 60 -57 61 -59
right_child=4 -3 3 15 5 -7 7 -9 9 10 -12 -13 -14 14 -16 -17 18 -19 -20 -21 -22 22 -24 55 25 26 27 -29 30 -31 -32 38 34 36 35 -37 -38 -39 39 40 41 -43 43 48 54 46 -48 -49 -50 -51 -52 -53 -54 -55 -56 56 -58 58 -60 -61 -62 -63
leaf_value=0.0014742334012245429 -1.8756008595650651e-05 -0.00098892274908061301 -0.0017061422130967858 -0.00039713683107753191 0.00060512844851473352 -0.00097195164607220591 0.00059905628672734493 -4.1450107676751824e-05 -0.0001475994623141612 -0.00041411533315675381 -0.0016457807119912356 0.0011366322976118681 0.00018536321946048675 -0.00016283257404292776 0.0013849136832723161 0.00050568916495107301 8.3604371490543007e-05 -0.00012192298446304937 -0.00034265163310786564 0.00054109811344760976 0.00053668982414189863 0.00013873435365080041 -6.3734693371909323e-05 1.1721987984585572e-05 8.3641392147746764e-05 -4.087967370396539e-06 -0.00015456831061044497 -0.00088389071844782545 0.00079558709057175837 0.00087659503085876192 -0.000975486789320712 0.0011467692249325326 -0.00052845348681524677 -0.0023569629233918992 -0.0017214646848452534 -0.00030677000311442771 -0.0004067010822063494 -0.00085520757584645372 -0.00015384386057393503 0.00034606745481455009 -0.00053753207230124395 0.00023895316703111317 0.00081940558030361456 -0.001934148803357572 0.00059239835571147259 -0.00097426511690517292 9.9250035390378616e-05 -0.0014250478239863289 -6.0604604853583429e-05 0.00031055052596010206 -0.00046535076095455274 0.00058640181587147364 -0.00071924017328747053 -0.00027131872484740025 5.1701504665330628e-05 0.00023423175373284827 1.2944373068158019e-05 0.00098344305290180519 9.6118231010905463e-05 -2.6036813740416361e-05 0.0016496297784986175 9.0524236408059974e-05
leaf_weight=233 9406 205 231 313 300 290 824 4536 4873 1585 209 240 4074 335 200 594 3740 19308 955 1937 797 9616 80692 296245 26150 13883 3277 972 381 616 419 218 356 222 290 456 1286 830 7684 2319 799 807 263 204 1224 595 1492 345 1373 354 538 1413 1588 3351 2536 13643 39341 1054 3996 15251 381 954
leaf_count=233 9406 205 231 313 300 290 824 4536 4873 1585 209 240 4074 335 200 594 3740 19308 955 1937 797 9616 80692 296245 26150 13883 3277 972 381 616 419 218 356 222 290 456 1286 830 7684 2319 799 807 263 204 1224 595 1492 345 1373 354 538 1413 1588 3351 2536 13643 39341 1054 3996 15251 381 954
internal_value=4.28195e-07 0.000182587 0.000221197 -0.000191602 -1.56843e-06 -0.000120022 -9.99797e-05 5.70158e-05 -0.000220763 -0.000257926 -0.000557604 0.000313635 0.000272842 0.000736888 0.000415764 0.00019413 1.03729e-06 -7.73666e-07 0.000155844 0.000239702 3.49784e-06 2.72071e-06 -4.21758e-05 1.16022e-05 -4.22586e-05 1.72713e-05 -7.84478e-05 -0.000321408 -0.000105986 3.62765e-05 -0.000151475 -0.000140311 -0.000208027 -0.000534375 -0.000153849 -0.000856718 -0.000751106 -0.00117212 -3.09684e-05 -5.30846e-05 0.000144173 -0.000147355 -0.000120306 -0.00017041 -7.75773e-05 -0.000267439 -0.000316866 -0.000461552 -0.000429098 -0.000664858 0.000169093 0.000362044 -0.000857545 -0.000377313 0.000227716 2.40407e-05 7.29468e-05 0.000139858 0.000334457 9.68553e-05 0.000733118 0.000559218
internal_weight=592599 6425 6220 1138 586174 12617 12327 5360 6967 6667 1794 5082 4842 768 535 907 573557 566925 6632 5677 547617 546820 90308 456512 85647 44282 18132 4249 41365 10022 31343 30924 19097 2719 16378 746 2338 1052 11827 11609 3925 1606 15632 13325 9806 6046 5783 4291 3519 2146 2307 1769 1792 3946 3760 370865 74620 35279 6385 28894 2389 2008
internal_count=592599 6425 6220 1138 586174 12617 12327 5360 6967 6667 1794 5082 4842 768 535 907 573557 566925 6632 5677 547617 546820 90308 456512 85647 44282 18132 4249 41365 10022 31343 30924 19097 2719 16378 746 2338 1052 11827 11609 3925 1606 15632 13325 9806 6046 5783 4291 3519 2146 2307 1769 1792 3946 3760 370865 74620 35279 6385 28894 2389 2008
is_linear=0
shrinkage=0.05


Tree=120
num_leaves=63
num_cat=0
split_feature=28 0 17 24 26 0 27 28 27 25 0 0 25 0 24 0 25 23 29 29 0 18 5 24 25 24 26 24 29 24 26 26 26 28 20 0 24 25 5 21 26 20 18 24 22 17 23 0 24 0 17 26 26 25 22 27 27 22 26 17 27 26
split_gain=0.0911149 0.130468 0.0994805 0.0913014 0.228629 0.0888125 0.119321 0.0907767 0.0823917 0.20203 0.146123 0.135111 0.232565 0.197192 0.109841 0.134274 0.13055 0.112889 0.15416 0.104614 0.101056 0.144709 0.244197 0.220144 0.167318 0.143775 0.144269 0.170362 0.143634 0.154784 0.246124 0.153561 0.139343 0.124345 0.166939 0.288768 0.15427 0.128209 0.23403 0.222336 0.307967 0.245944 0.201772 0.183754 0.238889 0.183894 0.181554 0.16698 0.188142 0.184213 0.183779 0.266961 0.254245 0.170841 0.163165 0.161764 0.16153 0.159073 0.324738 0.324049 0.156784 0.152753
threshold=-0.060408770431693563 342636.31370139902 1.5000000000000002 36.631915544461656 52.358557884278625 72427.139998684099 0.010645221979359609 -0.12732442096699134 0.0088560084012186818 0.023057781902900826 81570.530580228136 138965.97306008617 46.134002750315965 332436.70644229586 86.925646364718887 34739.908005921272 15.274919497605277 1.0000000180025095e-35 4.5000000000000009 18.500000000000004 310158.0586648396 7.5000000000000009 136.91400000000002 65.055332413727555 96.047472766735694 95.853410232249558 21.615971806361078 29.751697095856162 1.5000000000000002 28.740835284213198 16.372961962592225 21.32431752096975 17.175091357952628 -1.0000000180025095e-35 2.5000000000000004 109958.62175365254 11.592981464271849 41.289579252954283 136.91400000000002 1.0000000180025095e-35 24.795636309664591 1.0000000180025095e-35 1.0000000180025095e-35 34.690976756524371 2.5000000000000004 4.5000000000000009 1.0000000180025095e-35 206397.42197495952 47.668155349202813 83957.134976897636 2.5000000000000004 71.550136866586314 56.561237854913109 16.383846685899247 2.5000000000000004 0.0024597205126616231 0.0018276000179594635 1.0000000180025095e-35 74.204733893243585 1.0000000180025095e-35 0.001868771944021113 86.870544048604373
decision_type=2 2 2 2 2 2 2 2 2 2 2 2 2 2 2 2 2 2 2 2 2 2 2 2 2 2 2 2 2 2 2 2 2 2 2 2 2 2 2 2 2 2 2 2 2 2 2 2 2 2 2 2 2 2 2 2 2 2 2 2 2 2
left_child=1 2 5 4 -4 -1 -7 -8 20 10 -10 12 14 -13 15 16 -11 18 -17 -12 21 25 -23 -24 -25 26 27 28 -2 31 -31 -30 -32 34 36 -36 -28 38 46 41 42 -40 -41 45 -45 -42 47 48 50 -50 51 52 -35 -54 57 -55 -52 59 -59 60 -51 -43
right_child=8 -3 3 -5 -6 6 7 -9 9 11 19 13 -14 -15 -16 17 -18 -19 -20 -21 -22 22 23 24 -26 -27 33 -29 29 30 32 -33 -34 37 35 -37 -38 -39 39 40 43 61 -44 44 -46 -47 -48 -49 49 54 56 -53 53 55 -56 -57 -58 58 -60 -61 -62 -63
leaf_value=0.00083699338758552516 -0.00031248682519999173 0.00034303596177852661 -0.00015484608795808281 3.6058154437930922e-05 -0.0019144184614891526 0.000701685315664779 -0.0010958683835478758 7.9765952397976286e-05 0.0014550481898812952 0.0013694675975302532 0.0003967630630926856 -0.00031856930442869497 0.00015339102627384127 3.2767559878649057e-05 0.00056566094308259883 -0.00054382083010896202 -0.0003811965776376771 -0.0014284900716947445 0.00019503845835084201 -0.00051262692155096214 -3.819143162327268e-05 0.00074205081374977325 0.00027555015701460797 -0.001138197229827142 -1.4667690954714392e-05 0.00029264624899995225 0.00063380071476891312 0.00019348335072828587 7.6784763615638362e-05 0.00037731912623666103 -0.0016221558573942946 0.0012805939020991905 -0.00044202335778482823 -7.7139860901971749e-05 -0.00035989860184453481 0.00041834482297100543 -9.8906639345928391e-05 -3.2928245912155665e-06 -0.00013833997180635963 -0.001565075894934568 0.0005048004650123997 0.00028519658767479678 0.00015658176770211183 -0.00021625179858717023 0.00036463514001797473 -0.00034177975467351022 -0.0005667054360670408 1.4613198540985615e-05 -4.6773942664789876e-05 0.0014350554346083664 -0.00024289546580489606 -0.0015873474756585807 0.0016103865418003937 0.0011963513866000788 -0.00082026538268691561 -0.00064583285714504141 0.00086295447785845266 0.0007689001074867351 -0.00043098924883961217 9.8695627841121123e-05 0.00054211994579305843 -0.00090591566318798996
leaf_weight=639 3164 4610 1582 7722 209 523 235 545 274 215 1691 11952 9207 5998 360 2854 211 265 938 389 119246 432 594 1257 450 4654 728 22861 17445 646 383 269 721 7267 1678 4115 54424 229117 6140 591 2258 10875 239 15565 1997 896 857 12230 2714 625 461 267 387 220 269 260 1164 4973 636 6465 2303 276
leaf_count=639 3164 4610 1582 7722 209 523 235 545 274 215 1691 11952 9207 5998 360 2854 211 265 938 389 119246 432 594 1257 450 4654 728 22861 17445 646 383 269 721 7267 1678 4115 54424 229117 6140 591 2258 10875 239 15565 1997 896 857 12230 2714 625 461 267 387 220 269 260 1164 4973 636 6465 2303 276
internal_value=9.757e-07 0.000118426 2.80336e-05 -3.85408e-05 -0.000360179 0.000354152 0.000117364 -0.000274432 -2.29739e-06 -7.73872e-05 0.000369668 -0.000110274 5.85365e-06 -0.00020117 -0.000274629 -0.000342107 0.000502355 -0.000430779 -0.000361054 0.00022669 2.46104e-06 1.39246e-05 -0.000348727 -0.000553515 -0.000842012 1.62837e-05 1.3188e-05 9.72162e-05 -4.21925e-08 5.07477e-05 -0.000397849 9.50655e-05 -0.000851435 2.85727e-06 -6.24154e-05 0.000192919 -8.9235e-05 1.5729e-05 7.02512e-05 -1.77573e-05 -0.000124929 0.000115787 -0.00106932 -8.7091e-05 -0.000150198 0.000264301 0.000153418 0.000168754 0.000236054 0.000332806 6.24982e-05 -3.16506e-05 1.94154e-05 0.00082872 0.000400266 0.000198502 0.000549233 0.000422151 0.000632846 0.000296335 0.000732723 0.000255715
internal_weight=592538 16065 11455 9513 1791 1942 1303 780 576473 34354 2354 32000 14050 17950 4843 4483 426 4057 3792 2080 542119 422873 2733 2301 1707 420140 415486 45489 22628 19464 1750 17714 1104 369997 60945 5793 55152 309052 79935 38837 21546 17291 830 20716 17562 3154 41098 40241 28011 17985 10026 8401 8134 867 15271 480 1625 15002 5609 9393 2928 11151
internal_count=592538 16065 11455 9513 1791 1942 1303 780 576473 34354 2354 32000 14050 17950 4843 4483 426 4057 3792 2080 542119 422873 2733 2301 1707 420140 415486 45489 22628 19464 1750 17714 1104 369997 60945 5793 55152 309052 79935 38837 21546 17291 830 20716 17562 3154 41098 40241 28011 17985 10026 8401 8134 867 15271 480 1625 15002 5609 9393 2928 11151
is_linear=0
shrinkage=0.05


Tree=121
num_leaves=63
num_cat=0
split_feature=22 31 25 0 27 26 20 29 26 0 30 26 27 23 25 30 0 26 0 22 21 30 22 27 21 25 30 26 3 0 27 25 0 19 30 25 3 0 0 29 20 21 0 25 26 25 25 0 25 26 0 29 3 25 26 26 25 0 26 26 0 26
split_gain=0.0699569 0.0670778 0.104904 0.139853 0.233758 0.117481 0.0939919 0.105368 0.116238 0.0895702 0.206522 0.194898 0.134573 0.100067 0.206614 0.257685 0.152704 0.0831371 0.194398 0.172442 0.140362 0.141582 0.162142 0.207505 0.113402 0.156465 0.164931 0.14384 0.135606 0.116637 0.11181 0.11162 0.101423 0.114012 0.100971 0.177006 0.097584 0.275634 0.181542 0.246776 0.0949888 0.089806 0.0836789 0.128006 0.0821946 0.0817331 0.120391 0.182531 0.213324 0.192366 0.127721 0.155655 0.126726 0.104554 0.103791 0.264795 0.27112 0.19369 0.142986 0.240623 0.408965 0.111647
threshold=11.500000000000002 1.5000000000000002 1.0000000180025095e-35 319313.98310733744 0.011971218028469562 30.563990171441326 1.5000000000000002 8.5000000000000018 53.959197122915519 54169.048251842112 23.500000000000004 69.864713896157014 0.0065445147800267884 1.0000000180025095e-35 22.853723573072902 7.5000000000000009 119858.6061479718 19.972149105623817 242537.55674504765 1.5000000000000002 1.0000000180025095e-35 75.500000000000014 1.0000000180025095e-35 0.0019280881802362006 1.5000000000000002 40.433573752753048 32.500000000000007 17.175091357952628 5795.7500000000009 107236.870322431 0.0071588121431447336 52.882366270353394 69337.619618890269 1.0000000180025095e-35 6.5000000000000009 47.856264298378541 5617.1500000000005 112606.3426449547 170400.56836539897 9.5000000000000018 1.0000000180025095e-35 1.0000000180025095e-35 740631.75672323303 70.537595511203946 38.327145925944869 49.842032466646053 60.17684014397782 152761.6676525597 83.166386055998018 82.7750852278118 157527.98465893054 4.5000000000000009 5502.0500000000011 8.5081251455146703 17.175091357952628 16.372961962592225 31.663758667122735 150932.42291239515 11.242316148350644 10.157221236683897 90710.052401173903 63.845874561687715
decision_type=2 2 2 2 2 2 2 2 2 2 2 2 2 2 2 2 2 2 2 2 2 2 2 2 2 2 2 2 2 2 2 2 2 2 2 2 2 2 2 2 2 2 2 2 2 2 2 2 2 2 2 2 2 2 2 2 2 2 2 2 2 2
left_child=1 2 3 4 6 -5 7 -1 -9 10 11 -4 -13 45 15 -15 -16 18 20 -20 21 22 31 34 25 27 -27 30 -26 -29 -22 32 -3 -34 35 -24 37 -25 40 -40 -38 -21 -19 -44 -7 53 50 48 -48 -50 51 -47 -51 -11 55 56 57 58 59 60 -55 -56
right_child=-2 17 9 5 -6 44 -8 8 -10 13 -12 12 -14 14 16 -17 -18 42 19 41 24 -23 23 36 28 26 -28 29 -30 -31 -32 -33 33 -35 -36 -37 38 -39 39 -41 -42 -43 43 -45 -46 46 47 -49 49 52 -52 -53 -54 54 61 -57 -58 -59 -60 -61 -62 -63
leaf_value=0.00024724122360735224 0.00093125391416302441 -0.00085131105818016218 -0.00023593344520075099 0.00033248777420846396 0.0020497132927033593 -0.00115695126660623 -0.00041468106015123514 0.0018007517411056291 0.00044221461847032077 -7.7496022877044854e-05 -0.0014542857693946427 -3.0817332936292149e-05 0.0017588854811236326 -0.0018830581720076806 -0.00050267038525363974 -4.6300714093001839e-05 0.00013197827077985382 -2.1108065640149415e-05 8.4356614957387194e-05 -0.00034391830115768182 -0.0004956721616026494 -0.0008626978129018687 -0.0014924204054640395 -0.00019633900008695184 -0.0010216630955909654 0.00021677657484176898 -0.0011047184570377475 -0.00054163424750080678 0.00025373025478075067 0.00061338408988335588 -0.0017385342635132493 -0.00036391501830531432 0.00042123056542164638 -0.00073905847749817014 0.00032389711688591872 0.0003991697385300481 9.9686285822307195e-05 0.0012836653820387082 0.00025916391075121807 -0.001656427321635854 0.00083138942550639496 -1.9276738636264979e-05 0.00025636050699032306 -0.00027515876147147047 -0.0001216198172908242 -0.00013969427947745265 7.9403550972815954e-05 -2.7049999511118817e-05 0.00037947789662410219 0.0024180407591993572 -1.8473516723199203e-05 -0.0006551443285256189 0.00084029953999145495 0.00040446551257105061 0.00012724009420408966 -0.0012251278925187825 0.00022225621671896102 -7.3880771071304372e-05 -0.0013679715694446769 0.0010789742228442905 -0.0025423589987281676 -3.1386653520359377e-05
leaf_weight=1428 202 201 3406 1701 224 215 336 273 372 12038 309 201 220 376 1361 388 3122 366841 9698 5556 1737 261 293 422 217 3187 255 371 5269 532 202 1110 2318 233 469 214 560 1236 1028 201 2133 3455 5744 1411 1769 5769 8593 30289 2455 200 14351 1963 350 256 62677 477 5085 2438 633 211 218 13478
leaf_count=1428 202 201 3406 1701 224 215 336 273 372 12038 309 201 220 376 1361 388 3122 366841 9698 5556 1737 261 293 422 217 3187 255 371 5269 532 202 1110 2318 233 469 214 560 1236 1028 201 2133 3455 5744 1411 1769 5769 8593 30289 2455 200 14351 1963 350 256 62677 477 5085 2438 633 211 218 13478
internal_value=9.26915e-07 6.09653e-07 2.63652e-05 0.000226439 0.000504737 2.75907e-05 0.000361078 0.000486816 0.00101722 1.89671e-05 -0.000210881 -0.000110486 0.000904419 2.46689e-05 -0.000190222 -0.000950255 -6.06956e-05 -1.03824e-05 5.70656e-05 -6.19659e-05 0.000156266 0.000287522 0.000316339 0.000467734 3.71772e-05 -0.000107834 0.000118874 -0.000382404 0.000203282 0.000138842 -0.00062515 5.93352e-05 0.00023005 0.000315254 -0.000204866 -0.000693998 0.000585378 0.000906969 0.000449428 -5.41264e-05 0.000679234 -0.000219444 -1.78051e-05 0.000151542 -0.000233816 3.16513e-05 -1.22671e-05 3.75374e-05 0.000206212 0.000568829 -0.000106736 -0.000270557 0.00141402 6.04631e-05 7.98932e-05 -7.76227e-05 -1.57111e-05 -0.000337879 -0.000826217 -0.000325588 -0.000950825 9.91661e-05
internal_weight=592538 592336 177182 6318 2633 3685 2409 2073 645 170864 4136 3827 421 166728 5247 764 4483 415154 41158 18709 22449 10679 10418 6556 11770 6284 3442 2842 5486 903 1939 3862 2752 2551 976 507 5580 1658 3922 1229 2693 9011 373996 7155 1984 161481 63970 41887 11598 3005 22083 7732 550 97511 85473 9318 8841 3756 1318 685 474 76155
internal_count=592538 592336 177182 6318 2633 3685 2409 2073 645 170864 4136 3827 421 166728 5247 764 4483 415154 41158 18709 22449 10679 10418 6556 11770 6284 3442 2842 5486 903 1939 3862 2752 2551 976 507 5580 1658 3922 1229 2693 9011 373996 7155 1984 161481 63970 41887 11598 3005 22083 7732 550 97511 85473 9318 8841 3756 1318 685 474 76155
is_linear=0
shrinkage=0.05


Tree=122
num_leaves=63
num_cat=0
split_feature=28 26 26 31 21 22 17 0 20 26 0 0 25 18 25 27 30 25 24 24 3 21 27 0 24 3 25 25 24 28 27 26 26 24 0 25 0 19 20 17 0 28 18 0 24 25 7 24 0 21 24 0 28 27 18 25 25 21 18 26 24 18
split_gain=0.0877817 0.0751497 0.0683686 0.0779089 0.122552 0.108165 0.215054 0.096503 0.0602435 0.0976375 0.0970228 0.133994 0.0871223 0.0642414 0.12728 0.0647841 0.063701 0.0985606 0.0576566 0.0691981 0.0571978 0.0535958 0.0593729 0.0782721 0.107196 0.0829065 0.206201 0.122068 0.0815951 0.0800236 0.069144 0.0647944 0.0730177 0.0759919 0.078152 0.105361 0.0616914 0.166413 0.192448 0.218881 0.127366 0.124584 0.120488 0.244888 0.130897 0.161622 0.130959 0.116293 0.130635 0.124466 0.159125 0.171463 0.127181 0.181656 0.245013 0.286903 0.192261 0.332959 0.327656 0.268268 0.412629 0.263052
threshold=-0.083475315122085933 92.397620940082945 84.49321953835134 2.5000000000000004 1.0000000180025095e-35 2.5000000000000004 4.5000000000000009 150006.30631351381 5.5000000000000009 90.282657664694327 339120.69724918756 170400.56836539897 7.9110373345266707 1.0000000180025095e-35 69.307539605877167 0.005039054616948359 35.500000000000007 5.0690339509305353 50.66757566353391 73.312954450268151 7204.4500000000007 5.5000000000000009 0.012823316282401883 41774.57154821053 91.629060008758941 5795.7500000000009 35.725798426386255 9.0950400029819587 47.905683434042722 -1.0000000180025095e-35 0.018118430090742144 89.023558443546904 75.898984919211628 70.782228744149108 101496.42786509595 58.002045846989212 310158.0586648396 1.0000000180025095e-35 2.5000000000000004 1.5000000000000002 99624.802617926776 -0.02358076368702516 7.5000000000000009 151873.46741561705 61.84536766451361 96.047472766735694 5.7500000000000009 94.889583124869901 75240.629022410663 2.5000000000000004 44.778029586822576 249893.51834805563 -1.0000000180025095e-35 0.0072664608556481068 1.5000000000000002 92.531797498000699 41.289579252954283 1.0000000180025095e-35 1.0000000180025095e-35 26.800355132552038 34.004588803743601 1.5000000000000002
decision_type=2 2 2 2 2 2 2 2 2 2 2 2 2 2 2 2 2 2 2 2 2 2 2 2 2 2 2 2 2 2 2 2 2 2 2 2 2 2 2 2 2 2 2 2 2 2 2 2 2 2 2 2 2 2 2 2 2 2 2 2 2 2
left_child=1 2 3 5 7 -1 -7 -5 21 10 11 13 -12 15 -15 -10 17 -13 -8 -20 -4 22 36 28 25 26 -25 30 -24 -28 -27 32 33 34 35 -29 37 42 39 40 -39 -38 47 -44 -45 46 -46 49 -49 52 -51 -52 -2 56 -55 -56 57 -54 59 -59 -61 -60
right_child=8 -3 20 4 -6 6 18 -9 9 -11 12 16 -14 14 -16 -17 -18 -19 19 -21 -22 -23 23 24 -26 27 29 31 -30 -31 -32 -33 -34 -35 -36 -37 41 38 -40 -41 -42 -43 43 44 45 -47 -48 48 -50 50 51 -53 53 54 55 -57 -58 58 61 60 -62 -63
leaf_value=0.00016729169922909484 -4.9190482864923401e-05 -0.00067936513240119442 0.0013631196394668554 0.0019281069100688911 0.00016231447234531961 -0.0017280107628241334 0.00054618948161384384 0.00056997019475130844 1.1127944251108856e-05 0.00054513899685897582 -0.00087777686849381498 0.00047479522534639885 0.00013846323545845226 -0.0011553956493120761 0.00023745480755265025 0.0010029550519030179 -0.0011651297199033242 -0.00044743744949580778 -0.00085778550066619255 0.00020571677500356598 0.00020375673170173222 0.00036779185077560423 0.0011228517781230894 -0.0012417285090433746 0.0003553110706215677 0.00072842236852499649 0.00017978658681515284 -0.00026929883005878972 -0.00014578021178390517 -0.00054868348457794787 -0.00031957134874144961 -0.0010710897199176508 0.00030220742328262616 -0.00050124237670140786 -0.00022902800498431045 0.00076221733702129177 0.00012881163557444119 0.00047126575789497525 0.00027018902825693818 -0.00030780564862614994 -6.2482896318537758e-05 -4.4703116630586694e-05 0.00061558238424759505 0.00018793176956897816 -0.0011943178558127833 -1.2487288102971829e-05 -2.2608253229645014e-05 0.0014703232898425154 0.00018826916444569724 0.00041454883723337355 0.00017198361739480716 -0.00027583873119311103 0.00019130645391662131 -5.4725586514445154e-05 -0.00089635815565418701 0.00041642554757280513 8.2869460847714244e-06 -0.00043135861540831801 0.00028657556405153526 0.00052710176889761765 -0.00011969304954168057 -0.0002430794825864904
leaf_weight=4923 70437 259 220 200 1276 233 297 378 338 510 228 314 2812 233 554 321 273 3745 293 320 206 992 255 615 977 611 817 463 252 700 212 201 756 1696 3005 532 11386 1385 2729 12137 5791 113146 618 566 1178 653 299 205 6461 4303 8307 2878 44514 11144 1899 533 220822 5258 11888 2852 18212 2920
leaf_count=4923 70437 259 220 200 1276 233 297 378 338 510 228 314 2812 233 554 321 273 3745 293 320 206 992 255 615 977 611 817 463 252 700 212 201 756 1696 3005 532 11386 1385 2729 12137 5791 113146 618 566 1178 653 299 205 6461 4303 8307 2878 44514 11144 1899 533 220822 5258 11888 2852 18212 2920
internal_value=8.80569e-07 0.000159414 0.000185443 0.000152254 0.000435913 6.55567e-05 -0.000372625 0.00103991 -1.45562e-06 -0.000127503 -0.000166406 -0.000286707 6.22452e-05 0.00013005 -0.000174914 0.000494249 -0.000425819 -0.000376094 -2.55863e-05 -0.000302613 0.000802489 5.90605e-07 -4.44284e-08 -0.000114601 -0.00014367 -0.000194409 -0.000469445 -0.000115974 0.000492289 -0.000156356 0.000458465 -0.000187035 -0.000159494 -0.000220773 -0.000101854 0.000282225 2.21444e-06 1.10436e-05 -0.000122839 -0.000178376 4.0533e-05 -2.88386e-05 1.81384e-05 -0.000282143 -0.000487927 -0.000667521 -0.00095712 2.05501e-05 0.000227696 1.71487e-05 0.00015616 5.67549e-05 1.1635e-05 2.50219e-05 -0.000153955 -0.000608647 3.29503e-05 9.65414e-05 -6.02045e-06 -0.00011187 -3.2119e-05 0.000182133
internal_weight=592538 8605 8346 7920 1854 6066 1143 578 583933 9328 8818 5778 3040 1446 787 659 4332 4059 910 613 426 574605 573613 11092 10585 9608 2132 7476 507 1517 823 6653 6452 5696 4000 995 562521 437989 22042 19313 7176 124532 415947 3314 2696 2130 1477 412633 6666 405967 15488 11185 390479 320042 13576 2432 306466 85644 41130 26322 21064 14808
internal_count=592538 8605 8346 7920 1854 6066 1143 578 583933 9328 8818 5778 3040 1446 787 659 4332 4059 910 613 426 574605 573613 11092 10585 9608 2132 7476 507 1517 823 6653 6452 5696 4000 995 562521 437989 22042 19313 7176 124532 415947 3314 2696 2130 1477 412633 6666 405967 15488 11185 390479 320042 13576 2432 306466 85644 41130 26322 21064 14808
is_linear=0
shrinkage=0.05


Tree=123
num_leaves=63
num_cat=0
split_feature=28 26 26 26 24 26 24 28 24 27 3 27 26 17 26 24 31 18 23 24 28 27 18 3 30 20 26 2 26 18 18 26 27 24 28 17 3 26 28 20 18 17 19 18 26 27 19 24 28 18 17 3 28 3 18 18 26 18 27 24 31 20
split_gain=0.079223 0.0678226 0.0617027 0.0714883 0.228546 0.141841 0.0777735 0.0599952 0.0714344 0.0583448 0.0562411 0.127219 0.131823 0.12875 0.307761 0.218924 0.12571 0.0959741 0.136944 0.091088 0.0869634 0.103153 0.0902262 0.0851165 0.079535 0.072818 0.0976769 0.0962818 0.0722019 0.161002 0.125562 0.109862 0.0671843 0.0904384 0.123118 0.137083 0.184943 0.218676 0.176072 0.136762 0.132549 0.177272 0.130464 0.11769 0.144841 0.105414 0.119061 0.0919339 0.0985397 0.0898492 0.38223 0.224548 0.131664 0.10677 0.17714 0.124637 0.0996415 0.202112 0.181181 0.0994929 0.0963745 0.0813615
threshold=-0.083475315122085933 92.397620940082945 84.49321953835134 28.605975656875938 37.871147122623874 29.954841490012416 29.751697095856162 -0.11969590316709937 27.864012423627337 0.020642464222777511 6909.3500000000013 0.0040332640021202562 79.158208864458558 2.5000000000000004 36.600650321526736 28.229802062472391 3.5000000000000004 1.0000000180025095e-35 1.0000000180025095e-35 63.325626068191646 -0.0038649993463961692 0.0067946243851289374 1.5000000000000002 7151.2500000000009 9.5000000000000018 3.5000000000000004 93.283108211258707 2.4050000000000007 51.328693046146391 1.0000000180025095e-35 1.0000000180025095e-35 75.126338128538606 0.0039111927464633477 15.078661583663008 -1.0000000180025095e-35 1.5000000000000002 5795.7500000000009 54.974476962867882 -0.010104804534335985 2.5000000000000004 1.0000000180025095e-35 2.5000000000000004 1.0000000180025095e-35 1.0000000180025095e-35 8.2326004100409431 0.0034350040314687119 1.0000000180025095e-35 75.61417999482633 -0.01510011517620624 1.5000000000000002 2.5000000000000004 6114.4500000000016 -0.0013999068343443775 6059.5500000000011 8.5000000000000018 2.5000000000000004 16.764988952410985 1.0000000180025095e-35 0.0067946243851289374 65.387085950219031 8.5000000000000018 2.5000000000000004
decision_type=2 2 2 2 2 2 2 2 2 2 2 2 2 2 2 2 2 2 2 2 2 2 2 2 2 2 2 2 2 2 2 2 2 2 2 2 2 2 2 2 2 2 2 2 2 2 2 2 2 2 2 2 2 2 2 2 2 2 2 2 2 2
left_child=1 2 3 7 6 -6 -5 8 -1 -7 25 12 13 14 15 -12 -17 18 19 -14 -13 -22 -23 -15 -24 32 27 28 29 -27 31 -30 33 43 35 36 37 47 -38 40 -37 -42 -36 44 -2 46 -46 48 -35 56 51 -51 -52 -54 55 -55 57 58 -34 -53 -58 -44
right_child=10 -3 -4 4 5 9 -8 -9 -10 -11 11 20 17 23 -16 16 -18 -19 -20 -21 21 22 24 -25 -26 26 -28 -29 30 -31 -32 -33 49 34 42 39 38 -39 -40 -41 41 -43 61 -45 45 -47 -48 -49 -50 50 52 59 53 54 -56 -57 60 -59 -60 -61 -62 -63
leaf_value=0.001552472822758891 -0.00019403521277104217 -0.00064539687145460868 0.00076236430905596601 -0.00037084122078406991 -0.00094047988395480142 0.00014440289148064613 -0.0017335688421477144 0.00022322896333994659 0.00041317881334472896 0.00067591118499092716 0.0005204547729126995 -3.6067588105259741e-05 -0.0014390366995248637 -2.3203343975931625e-06 5.7268581078500795e-05 -0.00079862975470504089 -0.0020114370556727997 7.4350902966923013e-05 0.00078555247756185065 -0.00045423787327302472 -8.8513611304304673e-05 -0.00021020478112244477 -0.00035669552225451516 0.00015487803529132659 -0.001011825770774942 -0.00041219735877550317 0.00076347805289806966 -0.00046805332416817165 -7.715336735096147e-05 0.00025872257786710868 -0.00029666772065606637 0.00065563476582533782 -9.3701671352736657e-05 0.00065146896479030601 9.584309886783018e-06 -0.00017751848677109068 0.00088205324008117439 -0.00038380736633310421 8.7062712428249682e-05 0.000380351584530555 -0.0010747477013069117 -0.00026211654515262206 -0.00016491278677693326 -0.00019521122578799945 0.00069034028682650374 -0.00020074194640298218 -0.00029498983546487963 0.0011335663980858678 -3.4087653731776849e-05 -0.00028852877242838186 0.00050529964012062715 -0.0022453463607886638 0.00021758579074054765 0.00015893607747276801 0.00010078535917504822 -0.00033920939917447455 5.5442865050737397e-05 0.00016446809639551201 -0.00062752613068738897 -0.00092820617880084305 0.00021333594708351192 0.00034842594393713839
leaf_weight=216 1083 259 426 205 286 4703 214 1337 379 580 216 34423 271 15207 2984 575 340 1327 200 1758 14583 5020 1194 19853 757 1211 318 1769 1836 3418 5591 709 7273 637 282931 9225 996 3901 2316 867 1074 1789 14918 1519 2691 507 346 223 2959 680 1192 307 3356 1540 6510 6801 94995 5861 2034 269 10759 814
leaf_count=216 1083 259 426 205 286 4703 214 1337 379 580 216 34423 271 15207 2984 575 340 1327 200 1758 14583 5020 1194 19853 757 1211 318 1769 1836 3418 5591 709 7273 637 282931 9225 996 3901 2316 867 1074 1789 14918 1519 2691 507 346 223 2959 680 1192 307 3356 1540 6510 6801 94995 5861 2034 269 10759 814
internal_value=8.36541e-07 0.000151443 0.000176171 0.000144641 5.93139e-05 0.000144043 -0.00106684 0.000409102 0.000826771 0.000202755 -1.38284e-06 -3.5787e-05 2.91816e-05 5.56405e-05 -0.000208941 -0.000911302 -0.00124929 -0.000262305 -0.000462727 -0.000585771 -8.53819e-05 -0.00016414 -0.000322346 8.66945e-05 -0.00061089 5.61591e-06 -0.000103389 -0.000122356 -7.44485e-05 8.32022e-05 -0.000164144 0.000126991 9.05773e-06 -3.3421e-06 -6.96131e-06 -0.000115947 1.35819e-05 -0.000120509 0.000326136 -0.000226248 -0.000269756 -0.00056696 1.79181e-06 0.000186658 0.000312021 0.000466666 0.000578083 0.000148443 8.73527e-05 3.78549e-05 -5.85215e-05 -0.000903828 -3.79163e-06 -3.71215e-05 -9.46797e-05 -0.000247237 5.43172e-05 -6.55283e-05 -0.000210366 -0.00163022 7.15063e-05 -0.000138352
internal_weight=592538 8605 8346 7920 5988 5569 419 1932 595 5283 583933 98708 42731 39175 4115 1131 915 3556 2229 2029 55977 21554 6971 35060 1951 485225 14852 14534 12765 4629 8136 2545 470373 328796 322650 23987 11032 7720 3312 12955 12088 2863 298663 6146 4627 3544 3037 3819 3596 141577 20655 1256 19399 18207 14851 8341 120922 15168 9307 576 105754 15732
internal_count=592538 8605 8346 7920 5988 5569 419 1932 595 5283 583933 98708 42731 39175 4115 1131 915 3556 2229 2029 55977 21554 6971 35060 1951 485225 14852 14534 12765 4629 8136 2545 470373 328796 322650 23987 11032 7720 3312 12955 12088 2863 298663 6146 4627 3544 3037 3819 3596 141577 20655 1256 19399 18207 14851 8341 120922 15168 9307 576 105754 15732
is_linear=0
shrinkage=0.05


Tree=124
num_leaves=63
num_cat=0
split_feature=28 0 22 17 21 26 22 0 24 24 29 3 22 18 3 0 0 26 26 17 0 3 0 26 0 28 0 22 24 31 26 26 0 17 24 17 24 0 30 26 17 0 31 24 24 0 24 24 24 29 0 0 26 26 24 0 0 3 3 18 22 21
split_gain=0.0718005 0.116838 0.0889002 0.173243 0.136275 0.0975787 0.127265 0.0959501 0.106878 0.0804641 0.063883 0.057824 0.0916013 0.126549 0.21856 0.128489 0.0894358 0.0740741 0.0657029 0.210978 0.193192 0.1634 0.0919463 0.0998209 0.0646414 0.0637052 0.0634987 0.0966828 0.0884511 0.0924283 0.125939 0.0827855 0.0710864 0.0709443 0.0622753 0.0585919 0.0637599 0.0574573 0.1072 0.0640144 0.158674 0.156503 0.115517 0.092896 0.063293 0.107346 0.146448 0.0605934 0.0570368 0.0567833 0.0567625 0.0566147 0.0765295 0.177698 0.186749 0.210999 0.20676 0.197618 0.13945 0.123937 0.119228 0.247177
threshold=-0.060408770431693563 389759.98454441462 2.5000000000000004 4.5000000000000009 1.0000000180025095e-35 56.271861309787504 4.5000000000000009 72427.139998684099 73.566787963691709 65.055332413727555 3.5000000000000004 6909.3500000000013 5.5000000000000009 1.0000000180025095e-35 6427.6500000000005 107236.870322431 142591.86938210868 78.378483021823527 90.282657664694327 1.0000000180025095e-35 109958.62175365254 5450.7000000000007 255948.20164305691 92.397620940082945 145463.71012872533 -0.0036850286561611041 72427.139998684099 1.5000000000000002 57.485208022596858 1.0000000180025095e-35 30.279404996678512 52.904817407769592 56917.347622519876 3.5000000000000004 87.464397827901664 1.5000000000000002 92.016394279019167 645392.3334050366 10.500000000000002 43.791015081280868 2.5000000000000004 270306.21565045882 13.500000000000002 23.254251647472028 62.113664681329475 126106.87100563801 42.169865851083777 49.47800876788218 55.738941187453989 5.5000000000000009 166511.39409750554 325740.45058430365 21.615971806361078 21.32431752096975 80.650491874484274 131583.93625897355 118920.88415657535 6276.8000000000002 6059.5500000000011 1.0000000180025095e-35 1.0000000180025095e-35 1.0000000180025095e-35
decision_type=2 2 2 2 2 2 2 2 2 2 2 2 2 2 2 2 2 2 2 2 2 2 2 2 2 2 2 2 2 2 2 2 2 2 2 2 2 2 2 2 2 2 2 2 2 2 2 2 2 2 2 2 2 2 2 2 2 2 2 2 2 2
left_child=1 2 4 48 7 -5 -7 8 10 -6 -1 12 18 -14 15 -15 -16 26 51 20 -20 35 23 24 -22 -19 27 33 29 30 -29 -30 -31 -13 -25 36 -21 39 -39 40 41 42 43 -28 45 -45 -47 -48 -4 -11 -36 52 53 54 55 57 -56 -2 60 -60 -57 -62
right_child=11 -3 3 5 9 6 -8 -9 -10 49 -12 17 13 14 16 -17 -18 25 19 21 22 -23 -24 34 -26 -27 37 28 31 32 -32 -33 -34 -35 50 -37 -38 38 -40 -41 -42 -43 -44 44 -46 46 47 -49 -50 -51 -52 -53 -54 -55 56 58 -58 -59 59 -61 61 -63
leaf_value=0.00027761818751167528 -0.0002552711285383063 0.00035000909369447907 -0.0017070141695096576 -0.0002901239239167287 -0.00021060053507746795 -0.00014186624625972275 0.0012882765853902568 0.00017702992080435918 -0.00016051119510516329 0.00029458525599394803 0.0012940913315286871 0.00098525716893464472 0.00050405988477396227 -0.001303400536960048 5.5236441722707949e-05 -2.1582779618692667e-05 0.00083018826682574828 -2.1266402315457074e-05 0.0016209387462480932 -0.0016922025232815941 -0.00064196427392110755 7.3029816372672569e-05 -7.1686222438544192e-05 0.00036574284906797848 0.0006124434738566855 -0.00026204204928982568 0.00027631013357158184 -0.00051515747422767929 0.00064977302538001176 -0.00077005925967840315 -0.0021263354132063333 -0.0004327497106044484 0.00013208860926860281 -0.0002435189137677259 0.0019420007287981702 -7.2364655437034576e-05 -0.00054270678157607979 -6.2633761617652471e-05 0.00045899461060886675 2.2495388323738488e-05 -3.8164687058596277e-05 0.00020968040288605138 -0.0015233290280501012 -7.5147185911930901e-05 -0.00012249813540483098 -0.00035733042278904574 -0.0021391638517125238 -0.0010894345253248871 -0.00055450567153175886 -0.00026014899323400478 0.00085341225614235419 -3.800794828478684e-05 -2.6364838300881393e-07 0.00065947398549253127 0.0014180360354721019 4.4921348998078076e-05 0.00025689918355822921 0.00014485931716106101 -0.00012131353061896231 0.00023263066924801784 0.00056163893618904062 -4.7216134722246993e-05
leaf_weight=211 9711 3736 223 1310 3464 367 270 2927 252 1912 578 239 2175 421 1194 365 541 4815 354 200 201 10538 775 279 210 6397 347 289 312 456 209 407 419 231 203 258 304 2196 1786 37878 34811 787 298 374 477 409 271 279 207 608 292 82574 339464 1245 460 5186 2302 4523 7951 3590 4959 2511
leaf_count=211 9711 3736 223 1310 3464 367 270 2927 252 1912 578 239 2175 421 1194 365 541 4815 354 200 201 10538 775 279 210 6397 347 289 312 456 209 407 419 231 203 258 304 2196 1786 37878 34811 787 298 374 477 409 271 279 207 608 292 82574 339464 1245 460 5186 2302 4523 7951 3590 4959 2511
internal_value=7.94714e-07 0.000105056 3.08295e-05 -0.000243895 9.64466e-05 -4.32936e-05 0.000464317 0.000323659 0.00073594 -5.42186e-05 0.00102226 -2.11082e-06 4.86502e-06 0.000224618 -1.64717e-05 -0.000708154 0.000296878 -3.80586e-05 2.70652e-06 0.000110974 0.000545937 2.19022e-05 0.000351779 0.000628728 -1.02601e-06 -0.000158641 -2.16662e-05 -0.000266691 -0.000412278 -0.00064755 -0.00119133 3.69959e-05 -0.000338059 0.000381327 0.000963133 -0.000685162 -0.000998856 -1.38107e-05 0.000171326 -2.35197e-05 -6.93232e-05 -0.000403888 -0.00060058 -0.000473097 -0.000616768 -0.000793638 -0.00107384 -0.00160666 -0.0011522 0.000160745 0.00129984 -4.66834e-07 7.65022e-06 7.09537e-05 5.31665e-05 2.46262e-05 0.000450282 -0.000128126 0.000114483 -1.12139e-05 0.000229106 0.000356976
internal_weight=592538 16065 12329 2377 9952 1947 637 3968 1041 5984 789 576473 482786 4696 2521 786 1735 93687 478090 13614 2314 11300 1960 1185 411 11212 82475 2562 2092 1373 498 719 875 470 774 762 504 79913 3982 75931 38053 3242 2455 2157 1810 1333 959 550 430 2520 495 464476 381902 42438 41193 38431 2762 14234 24197 11541 12656 7470
internal_count=592538 16065 12329 2377 9952 1947 637 3968 1041 5984 789 576473 482786 4696 2521 786 1735 93687 478090 13614 2314 11300 1960 1185 411 11212 82475 2562 2092 1373 498 719 875 470 774 762 504 79913 3982 75931 38053 3242 2455 2157 1810 1333 959 550 430 2520 495 464476 381902 42438 41193 38431 2762 14234 24197 11541 12656 7470
is_linear=0
shrinkage=0.05


Tree=125
num_leaves=63
num_cat=0
split_feature=21 31 23 25 30 27 0 30 31 29 31 0 29 24 17 26 0 26 30 0 25 0 24 0 25 26 26 17 20 0 27 17 21 30 30 24 25 26 24 27 27 17 31 0 29 24 21 20 0 25 26 3 1 21 18 25 25 17 0 21 17 24
split_gain=0.0574801 0.0536972 0.0928046 0.190521 0.311131 0.136986 0.0929216 0.0778776 0.240917 0.160657 0.222118 0.233333 0.287559 0.15796 0.153535 0.11253 0.219505 0.101327 0.0944291 0.0862899 0.0860158 0.161754 0.203844 0.157275 0.125193 0.175716 0.106412 0.0936411 0.0909927 0.234386 0.321863 0.180174 0.111369 0.0904033 0.127981 0.197724 0.447855 0.161384 0.194366 0.273591 0.161467 0.148498 0.178395 0.192183 0.282561 0.217878 0.159871 0.147785 0.36147 0.369918 0.170783 0.146573 0.150347 0.555603 0.295557 0.15756 0.163648 0.156492 0.161839 0.140515 0.202107 0.184406
threshold=5.5000000000000009 1.5000000000000002 1.0000000180025095e-35 22.853723573072902 7.5000000000000009 0.0076048848079528957 107236.870322431 2.5000000000000004 3.5000000000000004 3.5000000000000004 7.5000000000000009 148219.14656636358 2.5000000000000004 43.844556149162834 2.5000000000000004 92.397620940082945 155578.84102085701 12.697231610339053 4.5000000000000009 137070.69666780901 66.352636180701879 105297.18060466945 45.388011103842381 740631.75672323303 86.92270272321089 78.778222270450769 82.230506646773435 2.5000000000000004 3.5000000000000004 207786.81899077081 0.007966034680145756 10.500000000000002 1.0000000180025095e-35 14.500000000000002 11.500000000000002 23.254251647472028 29.916260541180996 54.974476962867882 34.983700679069493 0.010372319918134367 0.0015953749839173897 3.5000000000000004 35.500000000000007 145463.71012872533 7.5000000000000009 83.978824599042156 1.0000000180025095e-35 1.0000000180025095e-35 129725.12518982917 49.438206565786196 10.157221236683897 5886.9500000000007 7.4400000000000004 1.0000000180025095e-35 1.0000000180025095e-35 56.665806250660118 22.183019641471613 1.5000000000000002 221179.04655210939 1.0000000180025095e-35 4.5000000000000009 55.738941187453989
decision_type=2 2 2 2 2 2 2 2 2 2 2 2 2 2 2 2 2 2 2 2 2 2 2 2 2 2 2 2 2 2 2 2 2 2 2 2 2 2 2 2 2 2 2 2 2 2 2 2 2 2 2 2 2 2 2 2 2 2 2 2 2 2
left_child=1 2 -1 4 -4 6 -5 8 17 10 -9 12 14 -14 -12 19 -17 -3 -13 -10 23 22 -22 28 27 -26 -27 -24 33 30 31 -30 -31 34 37 36 -36 40 39 -39 -11 42 43 45 51 47 -46 -42 50 -50 -49 52 53 54 55 56 -45 -55 -59 -40 61 -61
right_child=-2 7 3 5 -6 -7 -8 9 15 20 11 18 13 -15 -16 16 -18 -19 -20 -21 21 -23 24 -25 25 26 -28 -29 29 32 -32 -33 -34 -35 35 -37 -38 38 59 -41 41 -43 -44 44 46 -47 -48 48 49 -51 -52 -53 -54 57 -56 -57 -58 58 -60 60 -62 -63
leaf_value=2.8088962870760736e-05 0.00037250869832997058 0.00036919795825568447 -0.001917270691568859 -0.00041696819404981353 4.257197554541332e-05 -0.0012944537442914831 0.00013339193999951319 4.9094040997197253e-08 9.7533911083759898e-05 -0.00022737630733700919 0.0024469338528219585 -8.1211943434917556e-05 0.0013795375193720904 0.00027780649050539343 0.00082056084341709963 -0.0017185274630783555 6.2989486420573324e-05 -0.00034094971510261694 0.0003451982662052124 -5.8736217558085786e-05 0.00050407944725039107 -8.8951291329373859e-07 -0.0002219894785065404 0.0002352805395063825 0.00061296024130260795 -0.00065590109075863582 0.00015451800186636009 0.00013034707468526495 -0.0001604605596258636 0.0012048720982617259 -0.0016113248178708664 -0.0013775391634218252 1.2727444978648991e-05 2.3855549479805655e-05 2.4582329125184323e-05 -0.00015770931317273849 -0.0029397533316763919 -0.00039230083786766272 -8.4325149922620867e-06 -0.0022523119713528513 -8.9822949207964109e-05 -7.9073976180750688e-05 0.0010040562626577156 -0.00027445422350099667 -0.0012661377077843252 0.00088869398298598099 -2.4331330255221429e-05 0.0015073849080882058 -0.0021770051726075746 -1.5001954394516373e-05 0.00031915662747117367 -1.6900015475523794e-05 8.9557799509872379e-05 -0.00050613144099968756 -0.0010148895448443352 0.00030747639064071432 0.00092468514747893419 0.00049517445397920148 -8.4446507556307297e-05 0.00034580267737806996 8.8996704615397021e-05 -0.00035809643590895219
leaf_weight=171625 1030 533 386 1001 426 213 3280 12833 13371 7759 306 2667 383 2161 276 284 442 8723 2530 26033 3629 72435 3859 5624 2156 491 2314 3688 2809 208 542 341 3369 64463 324 11907 210 1305 19538 233 35114 34656 481 304 569 622 476 331 285 647 3500 11897 16675 1285 263 1885 4440 1800 3639 1009 4397 11952
leaf_count=171625 1030 533 386 1001 426 213 3280 12833 13371 7759 306 2667 383 2161 276 284 442 8723 2530 26033 3629 72435 3859 5624 2156 491 2314 3688 2809 208 542 341 3369 64463 324 11907 210 1305 19538 233 35114 34656 481 304 569 622 476 331 285 647 3500 11897 16675 1285 263 1885 4440 1800 3639 1009 4397 11952
internal_value=-6.83023e-07 -1.33353e-06 2.17218e-05 -0.000184227 -0.000889077 -5.6871e-05 4.7046e-06 -1.11873e-05 -7.01109e-05 -3.20569e-06 0.000130522 0.000331695 0.000673045 0.000443672 0.00167566 -1.70739e-05 -0.000633912 -0.000300056 0.000126373 -5.70891e-06 -1.14436e-05 3.10029e-05 0.00017416 -2.61951e-05 7.84388e-05 0.000273544 1.26585e-05 -4.98128e-05 -3.20953e-05 -0.0002064 -0.000485865 -0.000292214 8.20498e-05 -2.6859e-05 -4.52768e-05 -0.000199922 -0.00114117 -3.36209e-05 -0.00012336 -0.000674084 -6.38329e-06 8.04171e-06 4.38922e-05 3.83766e-05 0.000111692 -3.98883e-05 -0.000700492 -5.43723e-05 0.000206979 -0.00067613 0.00042182 0.00013181 0.000190217 0.00031349 0.000628968 0.000694186 0.000847843 -9.86998e-06 0.000107375 -0.000100404 -0.000203925 -0.000303299
internal_weight=591934 590904 176931 5306 812 4494 4281 413973 49386 364587 21156 8323 3126 2544 582 40130 726 9256 5197 39404 343431 88572 16137 254859 12508 4961 2805 7547 249235 7269 3692 3150 3577 241966 177503 12441 534 165062 38434 1538 126628 118869 84213 83732 43233 40499 1045 39877 4763 932 3831 42188 30291 13616 6892 6629 4744 6724 5439 36896 17358 12961
internal_count=591934 590904 176931 5306 812 4494 4281 413973 49386 364587 21156 8323 3126 2544 582 40130 726 9256 5197 39404 343431 88572 16137 254859 12508 4961 2805 7547 249235 7269 3692 3150 3577 241966 177503 12441 534 165062 38434 1538 126628 118869 84213 83732 43233 40499 1045 39877 4763 932 3831 42188 30291 13616 6892 6629 4744 6724 5439 36896 17358 12961
is_linear=0
shrinkage=0.05


Tree=126
num_leaves=63
num_cat=0
split_feature=21 26 22 30 30 29 29 26 24 26 22 17 26 25 25 26 25 20 24 26 24 3 25 25 24 18 25 18 21 24 24 25 24 25 25 22 17 17 5 18 24 25 25 25 29 25 24 24 30 26 22 29 25 25 10 25 3 26 24 26 5 26
split_gain=0.0518758 0.0485737 0.0756668 0.050671 0.0897485 0.0930454 0.125503 0.0819272 0.0769762 0.0897908 0.131446 0.204409 0.08564 0.0971257 0.244843 0.321323 0.238463 0.338462 0.157462 0.133698 0.126727 0.193041 0.126503 0.12098 0.126503 0.113582 0.0956705 0.0949128 0.0872728 0.0766966 0.102382 0.0895623 0.0819866 0.0753037 0.0737446 0.143796 0.172296 0.0999759 0.108245 0.130808 0.120757 0.118944 0.0756909 0.0737407 0.138929 0.0824519 0.0823054 0.0969637 0.0876233 0.0726287 0.106968 0.0710742 0.100596 0.104881 0.0825781 0.0748745 0.125167 0.0759016 0.0702984 0.0680107 0.110968 0.0851504
threshold=5.5000000000000009 4.464030017233088 1.5000000000000002 2.5000000000000004 3.5000000000000004 6.5000000000000009 5.5000000000000009 96.480185198186078 48.691343797730831 64.816361591324934 1.5000000000000002 4.5000000000000009 43.308004156692071 38.995222687295801 45.551147317904245 23.689554168259004 39.863349641181117 1.0000000180025095e-35 46.011452850199547 20.64695499840699 23.254251647472028 5886.9500000000007 40.155823803891224 7.9110373345266707 12.802271805531104 1.0000000180025095e-35 36.409768326139542 1.0000000180025095e-35 1.0000000180025095e-35 50.395763389745916 49.774232039553659 5.0690339509305353 58.667443560290884 35.123859273259029 89.642542044469565 5.5000000000000009 3.5000000000000004 5.5000000000000009 138.16400000000002 2.5000000000000004 78.067257765177004 95.308857180611383 90.818263455462898 93.163827962046369 2.5000000000000004 99.73067797693254 92.790837360417214 77.478589140969845 7.5000000000000009 30.279404996678512 1.5000000000000002 1.5000000000000002 52.672478067390095 21.335964421447656 -0.4300000000000001 63.799864219292708 5617.1500000000005 82.7750852278118 91.269519519535649 38.51293859927658 140.9145 86.303945456073123
decision_type=2 2 2 2 2 2 2 2 2 2 2 2 2 2 2 2 2 2 2 2 2 2 2 2 2 2 2 2 2 2 2 2 2 2 2 2 2 2 2 2 2 2 2 2 2 2 2 2 2 2 2 2 2 2 2 2 2 2 2 2 2 2
left_child=1 2 -1 7 5 6 51 8 9 12 -11 -12 13 18 15 22 -17 28 19 23 21 -21 -15 -3 -25 -20 33 -23 -18 30 49 32 -31 -26 -6 36 59 38 39 -38 -40 -42 -37 44 -39 46 47 48 -45 -10 -51 52 53 -5 -55 -53 -57 -58 -34 60 -36 -61
right_child=-2 3 -4 4 34 -7 -8 -9 29 10 11 -13 -14 14 -16 16 17 -19 25 20 -22 27 -24 24 26 -27 -28 -29 -30 31 -32 -33 58 -35 35 42 37 43 40 -41 41 -43 -44 45 -46 -47 -48 -49 -50 50 -52 55 -54 54 -56 56 57 -59 -60 61 -62 -63
leaf_value=0.00046187649672299065 0.00035388326324165481 0.00035389235975376385 -0.00015730407411630891 -0.00055724429935526045 -3.8360729104037346e-06 -0.00091199105105986783 0.0013449349540268986 -0.00074408002251413828 0.00092526793966909266 -0.00014427037260746173 -0.0022418405760006419 -0.00023254637099490269 0.00010396053052454896 -0.00099814362329198048 -0.00010254879985895566 2.6929552047480584e-06 -0.0015654833244856442 -0.0031430847438104724 -0.0013213635302994796 0.0015407221903999697 6.6743561116631398e-05 0.00053849125739708096 0.00011564546675281977 -0.0013909373149165163 -0.00022905253661146104 0.00015478541440006667 0.00054007925297696604 -0.00065395698901165862 -0.00026520116327130539 -0.00086190992487728121 0.00084305116996486991 1.6615937050666482e-06 -8.4234619171805224e-05 -0.0010455063197003342 0.00015179021768705318 0.0014606815181181193 -0.00033796394080313282 -0.0013114049366659828 0.00011407216900090304 -0.0015532117907193161 -0.00017538878607263619 -0.0011592810576775787 0.00042749173815960013 0.0012074127452706307 -7.580869433964309e-05 -0.00029226216167517856 0.00072689892622518283 -0.00014377632887180904 0.0002318017144772648 -0.00044377798621153856 0.00060490038919254854 0.0001354587842740249 -0.00053164141622474522 0.0010537973553676617 0.00012089881223516642 0.0013248437429137995 0.00044932970703852337 -0.00059017697024905816 -0.00084668146914195636 0.00028680213992683451 -0.0011781436985357618 7.5231410426622151e-06
leaf_weight=1358 1030 804 775 400 457702 203 222 407 204 989 229 283 4924 340 8508 257 294 282 374 411 3513 630 1019 261 1771 200 344 227 230 476 609 59405 3016 336 460 215 724 248 2076 319 982 447 1010 256 2752 990 661 1877 2279 745 361 6055 849 328 857 370 1099 209 336 9294 238 3864
leaf_count=1358 1030 804 775 400 457702 203 222 407 204 989 229 283 4924 340 8508 257 294 282 374 411 3513 630 1019 261 1771 200 344 227 230 476 609 59405 3016 336 460 215 724 248 2076 319 982 447 1010 256 2752 990 661 1877 2279 745 361 6055 849 328 857 370 1099 209 336 9294 238 3864
internal_value=-6.48872e-07 -1.26685e-06 0.000236905 -2.1297e-06 4.17392e-06 0.000148159 0.000168874 -3.62618e-05 -3.31091e-05 -0.00010544 -0.00048093 -0.00113123 -8.26451e-05 -0.000129049 -0.000228812 -0.00067235 -0.00132352 -0.0017464 -6.13062e-06 4.92766e-05 0.000221399 0.000649872 -0.000163007 -0.000184772 -0.000344465 -0.000807026 -0.000233029 0.000222639 -0.000994749 -3.9933e-06 0.000307414 -1.34439e-05 -0.000247859 -0.000359251 1.03843e-06 7.87977e-05 5.51589e-05 -7.11913e-05 -0.000262484 -0.000709646 -0.00012942 -0.000483156 0.000608827 2.48033e-05 -0.000177951 0.000125127 0.000206581 0.000128628 0.000330325 5.84039e-05 -0.000101488 0.000143194 -9.24427e-05 0.000142813 0.000379119 0.000217362 0.000512907 0.000283231 -0.000160661 0.000179275 -0.000301683 0.000204789
internal_weight=591934 590904 2133 588771 496986 10592 10389 91785 91378 26226 1501 512 24725 19801 10930 2422 1063 806 8871 8297 4781 1268 1359 3516 2712 574 2451 857 524 65152 1919 63233 3828 2107 486394 28692 27467 13611 4548 1043 3505 1429 1225 9063 3000 6063 5073 4412 2535 1310 1106 10167 2434 1585 1185 7733 1678 1308 3352 13856 698 13158
internal_count=591934 590904 2133 588771 496986 10592 10389 91785 91378 26226 1501 512 24725 19801 10930 2422 1063 806 8871 8297 4781 1268 1359 3516 2712 574 2451 857 524 65152 1919 63233 3828 2107 486394 28692 27467 13611 4548 1043 3505 1429 1225 9063 3000 6063 5073 4412 2535 1310 1106 10167 2434 1585 1185 7733 1678 1308 3352 13856 698 13158
is_linear=0
shrinkage=0.05


Tree=127
num_leaves=63
num_cat=0
split_feature=29 22 25 27 30 24 25 0 0 25 30 17 17 30 25 25 22 29 29 29 0 20 0 22 30 0 0 25 0 27 3 24 0 17 25 27 21 25 17 29 29 24 24 24 30 0 21 0 17 0 22 24 30 21 24 29 24 29 0 0 0 25
split_gain=0.0477337 0.114347 0.102117 0.0957331 0.125717 0.0793028 0.0667866 0.120843 0.0655109 0.137875 0.052427 0.13289 0.0752157 0.0979925 0.0895443 0.118358 0.0824106 0.126634 0.0989369 0.0965653 0.0714702 0.0791269 0.078188 0.0658237 0.0566694 0.0564865 0.0665022 0.054291 0.0555268 0.053456 0.0519001 0.0562067 0.0581691 0.0547831 0.0540228 0.0484342 0.047824 0.0471463 0.0986397 0.142646 0.183552 0.128703 0.11148 0.124559 0.170921 0.192329 0.102436 0.0831178 0.0831059 0.0714306 0.0694131 0.0580068 0.175273 0.144678 0.109684 0.16931 0.10632 0.232339 0.136838 0.0770834 0.0716141 0.117312
threshold=22.500000000000004 2.5000000000000004 25.308008999869596 0.0029147897247777865 76.500000000000014 55.359154095519038 26.144076857925583 225889.56147798293 147321.5112155641 44.129414862940365 42.500000000000007 1.5000000000000002 2.5000000000000004 51.500000000000007 34.807761520690029 32.519642590747594 1.0000000180025095e-35 51.500000000000007 74.500000000000014 26.500000000000004 113534.26264484892 1.5000000000000002 298650.31923453935 1.0000000180025095e-35 206.50000000000003 181349.2959676834 137974.91001495474 26.818171979817098 111703.15855293175 0.0076048848079528957 5515.2000000000016 83.373641719565981 605210.3078708658 6.5000000000000009 39.863349641181117 0.0039839292474666459 5.5000000000000009 1.0000000180025095e-35 10.500000000000002 8.5000000000000018 14.500000000000002 56.624918371384375 52.290940725118681 32.269914762711764 11.500000000000002 91734.908281404161 1.0000000180025095e-35 88534.073246888307 7.5000000000000009 189656.90889442517 1.0000000180025095e-35 38.975669384758923 52.500000000000007 1.0000000180025095e-35 39.967868878596384 5.5000000000000009 38.185376735780899 1.5000000000000002 128790.42997428129 830890.13581422891 67731.532071111942 34.807761520690029
decision_type=2 2 2 2 2 2 2 2 2 2 2 2 2 2 2 2 2 2 2 2 2 2 2 2 2 2 2 2 2 2 2 2 2 2 2 2 2 2 2 2 2 2 2 2 2 2 2 2 2 2 2 2 2 2 2 2 2 2 2 2 2 2
left_child=36 3 5 4 8 -3 -6 -8 9 -2 11 -5 14 35 15 24 17 25 -19 -18 -15 30 23 -23 27 26 -16 28 -12 -13 -22 34 33 -33 -32 -14 37 38 39 42 41 46 43 49 45 -45 -41 -44 -49 -1 -42 52 56 -54 55 -53 59 58 -58 -39 -59 -62
right_child=1 2 -4 10 6 -7 7 -9 -10 -11 12 29 13 20 16 -17 19 18 -20 -21 21 22 -24 -25 -26 -27 -28 -29 -30 -31 31 32 -34 -35 -36 -37 -38 51 -40 40 50 -43 47 44 -46 -47 -48 48 -50 -51 -52 54 53 -55 -56 -57 57 60 -60 -61 61 -63
leaf_value=0.00073508779817425081 0.0014636982277289367 0.001019586408062661 6.2450975768195072e-05 0.0011900460034786327 0.00035714674140610282 9.7786089284653945e-05 -0.00061556629267993206 0.00012832841529870209 0.00030006709909422756 -0.00013154489750836248 0.00011751495540636671 -0.00016751214032657537 0.00019240821750857401 0.00098265317475100772 -3.5479001331769849e-05 -0.0014397915805771531 0.0008378839725964309 0.00099049766085235256 -0.00039195288992749405 -2.2623095738340422e-05 0.00085475798849046758 2.553002982908352e-05 2.790109657727671e-05 -0.001079194179504779 0.00036903530703831608 -0.00018541281042302286 -0.0011243688857619279 0.00020356759877337372 -0.00054257935131884637 0.0007187230073677196 0.00012367646209025733 7.2605083098443139e-05 0.00025506993483837638 -0.00063941898513011333 0.00053436608251026705 -0.00057233229546522482 0.00034005670099934899 -2.5395216178650281e-05 -0.00040804628168404254 0.0006744848230919448 -0.00048450579070320754 0.00039461926637366382 0.00075356193352867518 -0.0011745174961970857 0.0013873180316326529 0.00046762544125804675 0.0020016751874958145 -0.00023897544389723095 0.00068351991536194255 -0.00010070679192939108 0.00038360173607012246 4.5636584434950679e-05 -0.0013976683946612415 -0.00028286795611115348 -1.6814191911395635e-06 0.00063484093609484944 -0.0023357594648841769 0.00053942096399671837 -0.00057476543914355158 0.00065027776473333741 -0.00065810497645310507 -4.2829374531476275e-07
leaf_weight=286 369 785 1072 305 773 332 936 1310 3076 214 378 862 272 226 211 237 520 354 204 874 261 209 1089 380 303 1350 418 381 2027 212 2841 483 711 613 1115 867 1010 94791 913 254 436 597 251 202 432 1520 340 4003 260 2408 488 4267 396 1098 445495 1707 200 339 246 424 1035 1966
leaf_count=286 369 785 1072 305 773 332 936 1310 3076 214 378 862 272 226 211 237 520 354 204 874 261 209 1089 380 303 1350 418 381 2027 212 2841 483 711 613 1115 867 1010 94791 913 254 436 597 251 202 432 1520 340 4003 260 2408 488 4267 396 1098 445495 1707 200 339 246 424 1035 1966
internal_value=-6.16428e-07 6.48795e-05 0.00041105 3.37993e-05 0.000195115 0.000745605 -4.37182e-05 -0.000181683 0.000392173 0.000878137 -2.70528e-05 0.00026899 -5.20616e-05 4.39575e-05 -0.000172029 -0.000362971 -1.04744e-05 -0.000180174 0.000485086 0.000298369 0.000106261 8.05453e-05 -0.000223107 -0.000687195 -0.000280353 -0.000367751 -0.000759097 -0.000350979 -0.000438831 7.42441e-06 0.000165128 0.000133896 -9.71449e-05 -0.000325635 0.000239429 -0.000389708 -3.69449e-06 -4.30969e-06 9.21482e-05 0.000131939 0.000502804 0.000913078 4.81557e-05 0.000214644 0.000498078 0.000274993 0.00143416 -0.000130651 -0.000182713 -1.19773e-05 -2.60248e-05 -6.47489e-06 -4.08304e-05 -0.000578357 1.17249e-06 0.000213995 -3.27187e-05 -0.000292568 -0.00136445 -2.23864e-05 -0.000149436 -0.000227251
internal_weight=591934 26570 2189 24381 6678 1117 3019 2246 3659 583 17703 1379 16324 9067 7257 3326 3931 2537 558 1394 7928 7702 1678 589 3089 1979 629 2786 2405 1074 6024 5763 1807 1096 3956 1139 565364 564354 12390 11477 2115 1191 9362 4848 2154 1722 594 4514 4263 2694 924 551964 100495 1494 451469 5974 99001 3786 446 95215 3340 3001
internal_count=591934 26570 2189 24381 6678 1117 3019 2246 3659 583 17703 1379 16324 9067 7257 3326 3931 2537 558 1394 7928 7702 1678 589 3089 1979 629 2786 2405 1074 6024 5763 1807 1096 3956 1139 565364 564354 12390 11477 2115 1191 9362 4848 2154 1722 594 4514 4263 2694 924 551964 100495 1494 451469 5974 99001 3786 446 95215 3340 3001
is_linear=0
shrinkage=0.05


Tree=128
num_leaves=63
num_cat=0
split_feature=28 27 23 26 24 0 26 17 24 24 0 24 26 25 26 24 21 26 3 27 24 0 24 24 21 26 0 0 30 26 25 21 18 20 0 17 18 17 3 20 25 0 3 5 6 0 18 20 0 27 20 25 24 25 27 3 0 0 3 27 21 25
split_gain=0.0700053 0.0677447 0.0731275 0.0690817 0.119245 0.118217 0.108189 0.0977505 0.0865103 0.0712719 0.0633758 0.110755 0.119105 0.0838064 0.104332 0.171462 0.0855189 0.0738413 0.125415 0.09411 0.0913976 0.0695404 0.0580548 0.0846528 0.0562989 0.131867 0.0820488 0.106427 0.0752988 0.064772 0.0629145 0.060555 0.221192 0.717662 0.226707 0.269014 0.328498 0.250164 0.293905 0.510274 0.2178 0.308898 0.179139 0.153294 0.132284 0.156928 0.131017 0.171836 0.125717 0.125226 0.119425 0.151519 0.115842 0.108271 0.106392 0.1027 0.100767 0.204477 0.129226 0.098323 0.0981545 0.093524
threshold=-0.085956040152375998 0.012823316282401883 1.0000000180025095e-35 75.898984919211628 48.926876128900055 97783.098613016991 15.632722427728462 2.5000000000000004 34.690976756524371 91.629060008758941 224367.99428329989 93.826968129450265 83.867429363181429 80.883074487168301 27.502653919046033 38.533362994374279 1.0000000180025095e-35 38.327145925944869 6495.3500000000013 0.020642464222777511 50.975493470728964 93781.096076523871 65.387085950219031 82.722870784525512 3.5000000000000004 29.734080389557409 230677.22461716292 453431.71461718489 33.500000000000007 4.464030017233088 59.338567793485062 1.5000000000000002 1.0000000180025095e-35 2.5000000000000004 155578.84102085701 6.5000000000000009 2.5000000000000004 3.5000000000000004 6443.6000000000013 3.5000000000000004 62.048254932538917 366201.24531548796 6674.2500000000009 140.9145 181.65000000000001 190926.96777620536 1.5000000000000002 5.5000000000000009 235723.19924998403 0.0067946243851289374 3.5000000000000004 44.661005842268331 42.169865851083777 8.5081251455146703 0.002193636626978824 5515.2000000000016 233999.117664383 399983.16676808352 6427.6500000000005 0.0042974939411812929 2.5000000000000004 64.597426227789057
decision_type=2 2 2 2 2 2 2 2 2 2 2 2 2 2 2 2 2 2 2 2 2 2 2 2 2 2 2 2 2 2 2 2 2 2 2 2 2 2 2 2 2 2 2 2 2 2 2 2 2 2 2 2 2 2 2 2 2 2 2 2 2 2
left_child=10 24 3 4 5 6 -3 8 -7 -6 11 12 13 14 16 -16 -1 18 -17 20 -19 -15 -5 -24 29 26 -26 28 -28 -2 -27 -31 33 40 37 49 46 55 39 43 41 44 53 60 -33 -46 47 56 -49 -36 51 -40 -38 -35 -43 -34 58 -58 -37 -53 -39 -55
right_child=1 2 -4 22 9 7 -8 -9 -10 -11 -12 -13 -14 21 15 17 -18 19 -20 -21 -22 -23 23 -25 25 30 27 -29 -30 31 -32 32 34 42 35 36 52 38 50 -41 -42 54 -44 -45 45 -47 -48 48 -50 -51 -52 59 -54 61 -56 -57 57 -59 -60 -61 -62 -63
leaf_value=0.0011264739916719963 0.00029000559742943776 -0.00043921740589949711 -0.00093006337963020896 -0.00064276285581688249 -0.00030067636391876399 -0.0014634724413823549 0.00080520825256141185 0.00011794319676497488 -0.00018313722182584225 0.00054789442604094888 0.00032693716812264782 -0.0010930265298401745 0.0011639703611302891 0.001065094645883044 -0.0013905470546040398 -0.00098560326674268115 7.8334209861980142e-05 0.00092407833705169759 0.00038081813160765034 0.00099544531726919851 -0.0002015532019753924 5.4337001726575119e-05 0.0007865976124503155 4.0242334007539676e-05 0.00049039688133174688 7.8080783677464337e-05 -0.00012242882201637232 0.00049895437843601388 0.00052024128031192011 3.3303678584891484e-06 -0.0002271639456365381 -0.0003231665679996915 0.0015354223453908405 9.5644745467657108e-05 -3.9527085620902342e-06 -0.00072050893859879322 -0.0019353604075767667 -0.00047826485901061427 0.00087571281481199951 -0.0026066568821843249 4.1786450905113739e-05 -0.00073901521759357389 0.00014872729849398997 0.00027955000849374866 -0.0010469479298235397 -0.00049352684055406991 0.00034970378725567768 -0.0020542240200624499 -0.00051755995482011632 0.00030182717188348158 0.0012326815396749916 -7.4366533859807177e-05 -0.0007567695439029315 0.0015032217467013586 0.0001414630074949309 0.00056950889557902168 -0.00062843939568264751 -5.8979254836349247e-05 0.00035843024928419514 0.0004998000445451112 0.00014763134447335577 0.00057161521113808036
leaf_weight=281 1885 222 272 205 6657 216 819 1230 339 257 3025 208 243 326 279 481 633 207 258 245 1400 356 521 1403 2359 3782 2865 1390 542 472907 3049 5552 393 296 34423 338 259 1923 994 200 3917 387 1335 2222 1836 4237 1156 201 394 3709 412 1786 1069 745 3024 918 2342 4822 1551 1280 929 422
leaf_count=281 1885 222 272 205 6657 216 819 1230 339 257 3025 208 243 326 279 481 633 207 258 245 1400 356 521 1403 2359 3782 2865 1390 542 472907 3049 5552 393 296 34423 338 259 1923 994 200 3917 387 1335 2222 1836 4237 1156 201 394 3709 412 1786 1069 745 3024 918 2342 4822 1551 1280 929 422
internal_value=-5.85607e-07 -2.59082e-06 -0.000119465 -0.000100889 -0.000157285 0.000116361 0.000539826 -0.000130601 -0.00068143 -0.000269134 0.000146862 3.60773e-05 8.59506e-05 2.72944e-05 -6.46586e-05 -0.00021282 0.000400574 -8.60016e-05 -0.000508558 8.26101e-05 -5.6559e-05 0.000537485 0.000157121 0.000242348 -1.09458e-07 9.89693e-05 0.000248967 0.000130239 -2.01901e-05 -2.5936e-06 -5.81644e-05 -3.58564e-06 -4.29566e-05 -0.000179948 5.63513e-06 -3.94557e-05 -0.000244528 0.000210614 0.000123386 -0.000129451 -0.000290299 -0.000376809 0.000567542 -3.1808e-05 -0.000499569 -0.000660838 -0.000153311 -0.000213581 -0.00103667 2.57897e-05 0.000421567 0.000339257 -0.00098663 0.000949715 4.15671e-05 0.000859062 -0.000159484 -0.000245143 0.000165375 0.000165338 -0.000274388 0.00116634
internal_weight=591934 583992 12141 11869 9740 2826 1041 1785 555 6914 7942 4917 4709 4466 3784 2870 914 2591 739 1852 1607 682 2129 1924 571851 13987 7156 4797 3407 557864 6831 555979 83072 21751 61321 50264 12132 11057 9746 5274 18953 15036 2798 5074 11625 6073 10804 9648 595 38132 4472 4060 1328 1463 3411 1311 9053 7164 1889 3066 2852 1167
internal_count=591934 583992 12141 11869 9740 2826 1041 1785 555 6914 7942 4917 4709 4466 3784 2870 914 2591 739 1852 1607 682 2129 1924 571851 13987 7156 4797 3407 557864 6831 555979 83072 21751 61321 50264 12132 11057 9746 5274 18953 15036 2798 5074 11625 6073 10804 9648 595 38132 4472 4060 1328 1463 3411 1311 9053 7164 1889 3066 2852 1167
is_linear=0
shrinkage=0.05


Tree=129
num_leaves=63
num_cat=0
split_feature=28 27 20 30 24 24 5 23 24 24 22 30 24 20 5 24 22 17 6 24 24 18 31 18 24 17 24 30 7 24 31 23 27 17 30 22 24 27 24 17 30 20 27 17 30 22 27 31 24 5 22 30 20 17 24 30 31 30 30 30 30 30
split_gain=0.0660562 0.0790035 0.0787424 0.0754633 0.0705905 0.0693052 0.0771166 0.0667662 0.0744914 0.0692503 0.0737745 0.0650678 0.0641966 0.0580969 0.0561697 0.0528865 0.0510636 0.19439 0.0486472 0.046514 0.0453259 0.0439065 0.0962693 0.0907132 0.171383 0.146236 0.139412 0.0667411 0.0640343 0.0435426 0.0426127 0.074938 0.105561 0.177962 0.0952558 0.0749275 0.0614067 0.132261 0.0871207 0.125267 0.164483 0.107796 0.0944792 0.0841301 0.0803805 0.0761102 0.096512 0.0747901 0.0698211 0.0686629 0.0832493 0.0671999 0.0658379 0.0693091 0.0637292 0.0625431 0.0586809 0.17671 0.183211 0.113753 0.0901872 0.165236
threshold=-0.053266752710741931 0.012370842041465374 6.5000000000000009 10.500000000000002 65.055332413727555 27.337580253525065 176.53150000000002 1.0000000180025095e-35 53.373754458145363 91.629060008758941 1.5000000000000002 36.500000000000007 51.983353575301201 5.5000000000000009 129.75250000000003 48.926876128900055 2.5000000000000004 4.5000000000000009 179.30000000000004 46.351391751124524 42.505120397946691 1.0000000180025095e-35 3.5000000000000004 1.5000000000000002 40.70706840833703 10.500000000000002 90.603524730864123 62.500000000000007 4.7500000000000009 48.691343797730831 1.5000000000000002 1.0000000180025095e-35 0.0027514945592120948 4.5000000000000009 7.5000000000000009 3.5000000000000004 13.951879956098152 0.002597565874521787 56.916044649400412 2.5000000000000004 28.500000000000004 2.5000000000000004 0.005992807847128045 1.0000000180025095e-35 4.5000000000000009 1.0000000180025095e-35 0.0050005798429449645 1.0000000180025095e-35 34.983700679069493 128.04350000000002 1.5000000000000002 9.5000000000000018 1.5000000000000002 3.5000000000000004 37.428693435038632 10.500000000000002 7.5000000000000009 104.50000000000001 116.00000000000001 175.50000000000003 139.00000000000003 134.50000000000003
decision_type=2 2 2 2 2 2 2 2 2 2 2 2 2 2 2 2 2 2 2 2 2 2 2 2 2 2 2 2 2 2 2 2 2 2 2 2 2 2 2 2 2 2 2 2 2 2 2 2 2 2 2 2 2 2 2 2 2 2 2 2 2 2
left_child=2 13 3 4 16 6 -5 8 12 10 11 -10 15 30 -7 18 -1 -18 19 -3 -19 22 29 25 -25 26 -23 28 -27 -15 31 36 -33 -34 35 -35 37 -2 39 42 41 47 -38 -39 45 -45 -47 -41 55 -42 52 -50 -51 -54 -43 -44 57 -32 -59 -60 61 -58
right_child=1 7 -4 5 -6 14 -8 -9 9 -11 -12 -13 -14 21 -16 -17 17 20 -20 -21 -22 23 -24 24 -26 27 -28 -29 -30 -31 56 32 33 34 -36 -37 38 43 -40 40 49 54 48 44 -46 46 -48 -49 51 50 -52 -53 53 -55 -56 -57 60 58 59 -61 -62 -63
leaf_value=-1.773292032271778e-05 0.000747597534784259 -0.00021530971921155246 0.00083185253281705882 0.0014577208263803279 0.00014490174570657796 -0.00042293546306347628 0.00024039295872807688 -0.00099017000233484614 -0.00035056084335641506 0.0001620179711933564 -8.8964776528132131e-05 -0.001062346777992988 0.00078839470408777548 -0.00045233931287445373 0.00022576115084868952 -0.00046581459805199101 -0.0014408156469411706 0.00027674243842527201 0.00031719954795132651 0.00059824821851447378 -0.0003120622336636326 -0.0016558868384718584 -0.00033058270852145911 0.00077103896610057816 -0.00027810010406752975 -0.00056086836049474003 -9.8619624239810436e-05 0.00061448248754765195 6.5587740325692278e-05 0.00024680025639373538 -1.7591044131055616e-05 4.3520003261151769e-05 4.0627592839279101e-05 -0.0008000358234974775 -0.00016814608095225381 -0.0018069490105474624 -0.00012222055717476781 -0.00078584364474730485 5.4740062051410811e-05 -5.3111370865512759e-05 0.00092153983911589144 0.00070718105036640601 -0.000538762051108516 0.00061808270389965758 0.00034004176322693491 -9.0809251405516987e-05 -0.0013341810590221607 0.00025351785585232275 0.0006533325931780817 0.00015900089370810745 0.00042292847012281599 -7.0752017708082155e-05 -0.0011576754685652954 8.3385829869024169e-05 0.00014920667120078346 0.00038549054439308275 1.7457819260427692e-05 -0.0016969950398667462 1.2840692799811638e-05 -0.0011374716757119169 0.00028176002175621942 -0.0013636431970750519
leaf_weight=5938 921 1266 352 234 5829 361 293 223 3113 1107 3121 358 288 247 4413 496 319 558 1303 204 789 401 1478 546 1356 1068 224 214 660 2264 273775 2730 1115 563 371 275 27412 266 91598 25761 415 734 460 208 1817 520 223 2155 989 1431 2809 474 224 226 1690 304 108568 291 822 291 3256 217
leaf_count=5938 921 1266 352 234 5829 361 293 223 3113 1107 3121 358 288 247 4413 496 319 558 1303 204 789 401 1478 546 1356 1068 224 214 660 2264 273775 2730 1115 563 371 275 27412 266 91598 25761 415 734 460 208 1817 520 223 2155 989 1431 2809 474 224 226 1690 304 108568 291 822 291 3256 217
internal_value=-5.56327e-07 -3.60512e-06 9.09503e-05 7.70292e-05 1.39894e-05 0.000236775 0.000780914 -0.000133456 -0.000116483 -0.000203912 -0.000265363 -0.000423975 7.27538e-05 -9.49896e-07 0.000176708 9.70557e-06 -8.63642e-05 -0.000330981 9.47607e-05 -0.000102408 -6.81476e-05 -0.000131002 -1.0422e-05 -0.00023863 2.30723e-05 -0.000432537 -0.00109776 -0.000218445 -0.000321597 0.000178028 1.03953e-06 2.22593e-05 -0.000167314 -0.00041498 -0.000835164 -0.00113047 2.82237e-05 0.000222801 2.33122e-05 -2.09188e-05 4.25126e-05 -1.66911e-06 -9.67759e-05 6.34936e-05 0.000145113 -0.000227321 -0.000463988 -2.94409e-05 0.00021642 0.000305093 0.000250546 0.000418735 -6.88135e-06 -0.000534387 0.000318164 -0.000170997 -8.0404e-06 -2.04604e-05 -0.000579968 -0.000287915 2.24637e-05 1.47029e-05
internal_weight=591934 572848 19086 18734 13433 5301 527 11479 11256 7699 6592 3471 3557 561369 4774 3269 7604 1666 2773 1470 1347 8458 3989 4469 1902 2567 625 1942 1728 2511 552911 165691 5054 2324 1209 838 160637 3955 156682 65084 35445 30340 29639 3034 2768 951 743 27916 2227 5105 4690 1463 1881 450 2424 764 387220 275179 1404 1113 112041 108785
internal_count=591934 572848 19086 18734 13433 5301 527 11479 11256 7699 6592 3471 3557 561369 4774 3269 7604 1666 2773 1470 1347 8458 3989 4469 1902 2567 625 1942 1728 2511 552911 165691 5054 2324 1209 838 160637 3955 156682 65084 35445 30340 29639 3034 2768 951 743 27916 2227 5105 4690 1463 1881 450 2424 764 387220 275179 1404 1113 112041 108785
is_linear=0
shrinkage=0.05


Tree=130
num_leaves=63
num_cat=0
split_feature=0 30 25 25 0 25 25 25 25 31 3 25 21 30 31 26 22 26 22 21 25 25 29 30 17 17 26 0 30 7 27 29 0 26 21 17 0 22 25 25 25 21 0 26 25 25 29 25 0 3 0 22 30 29 29 30 30 0 25 25 31 27
split_gain=0.0496717 0.13518 0.10539 0.124937 0.0534938 0.21145 0.231535 0.168072 0.125389 0.106933 0.07676 0.137231 0.0696703 0.101428 0.0927237 0.0937014 0.0899314 0.0798159 0.0715882 0.0627228 0.0866547 0.190117 0.0665685 0.0659096 0.0566935 0.0529849 0.0507094 0.0698515 0.0675836 0.047861 0.0475162 0.0473923 0.0441387 0.0534572 0.0441316 0.0451219 0.186396 0.0984029 0.094996 0.0875267 0.0854318 0.0792026 0.0977566 0.0873768 0.0958537 0.248795 0.144605 0.0974647 0.0796936 0.0704485 0.0702061 0.0765576 0.0692615 0.0823552 0.0724691 0.0952449 0.0751573 0.0707818 0.0665746 0.064454 0.0611789 0.075118
threshold=34739.908005921272 2.5000000000000004 16.923911151840063 49.641759607705417 54169.048251842112 5.8978332682307437 9.0950400029819587 60.64346278970033 10.037586843995081 1.5000000000000002 6025.6500000000005 93.163827962046369 1.5000000000000002 20.500000000000004 5.5000000000000009 77.138008442011525 1.5000000000000002 64.145699927739301 1.5000000000000002 1.0000000180025095e-35 26.144076857925583 31.93260589932947 1.5000000000000002 7.5000000000000009 4.5000000000000009 1.5000000000000002 6.3938455344194898 249893.51834805563 5.5000000000000009 5.1500000000000012 0.004383700559638143 4.5000000000000009 46964.12294112995 76.717570645409396 5.5000000000000009 10.500000000000002 433272.79972490965 7.5000000000000009 1.0000000180025095e-35 99.092893815221657 97.1294705127886 1.5000000000000002 353945.15045855014 50.187727112072473 13.927933194169226 55.309735211039502 6.5000000000000009 87.462986312676534 229073.78610854855 6788.1000000000013 140820.08675990006 2.5000000000000004 254.00000000000003 76.000000000000014 74.500000000000014 150.50000000000003 148.50000000000003 150006.30631351381 52.882366270353394 96.047472766735694 19.500000000000004 0.0026840451679949764
decision_type=2 2 2 2 2 2 2 2 2 2 2 2 2 2 2 2 2 2 2 2 2 2 2 2 2 2 2 2 2 2 2 2 2 2 2 2 2 2 2 2 2 2 2 2 2 2 2 2 2 2 2 2 2 2 2 2 2 2 2 2 2 2
left_child=1 -1 25 29 5 9 -7 8 -8 -2 11 -9 13 14 15 17 -14 19 -19 20 22 -22 -10 30 -25 -3 27 28 -6 -4 -23 -29 -12 -34 35 52 37 39 -38 41 -40 42 43 49 -45 48 47 -47 -46 -37 -43 -52 54 -54 55 56 -28 -57 -59 -49 61 -56
right_child=4 2 3 -5 26 6 7 10 12 -11 32 -13 16 -15 -16 -17 -18 18 -20 -21 21 23 -24 24 -26 -27 34 31 -30 -31 -32 -33 33 -35 -36 36 38 -39 40 -41 -42 50 -44 44 45 46 -48 59 -50 -51 51 -53 53 -55 60 57 -58 58 -60 -61 -62 -63
leaf_value=-0.00096418349543190673 0.001702945235233789 0.00046888598600782112 8.0524086870630552e-05 0.00056175625485961611 0.00080257462411539534 -0.0012596391006848544 0.00086046121187450815 0.0006074522444185804 -0.00038824334963866294 0.00015247399668949401 0.0010599504823540463 -0.00072312186364045686 -0.00063465592016514951 -0.0013389184877390411 0.00058285895342828631 0.00063301389957273442 0.0004584479100406358 -0.00037429326431972191 -0.0014853341372623253 -0.00068758017054228974 -0.001423225066994073 -0.00011257482769150902 0.00062633581995828736 -0.00022297160369946594 -0.0010904214426042257 0.001386107613903163 -1.4183228848624234e-07 -0.00017705773339276296 0.00019374250474877067 -0.00077966160426333605 0.00082542613839739194 0.00041419933116750533 0.0009115453436396451 -8.0797844876633762e-05 0.00033940936778863455 0.00018033068439788014 -0.00052171410875030385 0.00028180381292767397 0.00016065027578818572 0.00022021311399810837 -0.00046403670313332579 0.00023986377157332508 -0.00012396896486220716 4.6804332939087e-05 -0.0021253223417220359 0.00020161173308649055 -0.0012956168700678547 -0.0011436227891457945 -0.0011160527285419793 -0.00055572248478465386 0.00015221336722568254 -0.00054956532738011479 0.0012556403703991221 0.0001432558048620032 -0.00024470443356738148 0.0010840014386113914 -0.00089641416074704881 6.6550371453547071e-05 0.00082571744595890328 -0.00015912513132949988 -5.8880897272891145e-05 -0.0015721069072401961
leaf_weight=213 227 339 297 739 622 465 256 401 247 218 372 375 266 240 289 237 643 287 293 877 354 307 468 1572 214 294 550895 1547 1706 355 241 434 242 309 948 622 612 898 8712 849 584 1032 2042 378 333 677 408 332 474 681 623 1033 233 582 222 278 234 1383 365 333 479 205
leaf_count=213 227 339 297 739 622 465 256 401 247 218 372 375 266 240 289 237 643 287 293 877 354 307 468 1572 214 294 550895 1547 1706 355 241 434 242 309 948 622 612 898 8712 849 584 1032 2042 378 333 677 408 332 474 681 623 1033 233 582 222 278 234 1383 365 333 479 205
internal_value=-1.20272e-06 0.000233961 0.00036005 0.00011666 -2.09411e-06 -0.000120418 -0.000173281 -0.000113781 -0.000225055 0.000943389 0.000330987 -3.55443e-05 -0.000267579 -0.000333201 -0.000288386 -0.000337786 0.000138574 -0.000385128 -0.00093556 -0.000310536 -0.000213367 -0.000343496 0.000275845 -0.000179732 -0.00032691 0.000894894 -1.78953e-07 0.000170708 0.000356412 -0.000387829 0.00029994 -4.75244e-05 0.000639143 0.000355041 -1.45635e-06 -2.01785e-06 -7.4639e-05 -0.000219186 8.16813e-05 -0.000265014 0.000121406 -0.00031095 -0.000408164 -0.000545097 -0.000696368 -0.000806231 -0.00047131 -0.000220701 -0.00153252 -0.00020436 -8.38291e-05 -0.000285551 6.81254e-07 0.000461275 3.74069e-09 7.35567e-07 -5.22374e-07 0.000342931 0.000225072 -0.000650634 -0.00044681 -0.000881982
internal_weight=592393 2237 2024 1391 590156 9400 8955 8490 6791 445 1699 776 6535 5626 5386 5097 909 4860 580 4280 3403 2688 715 2334 1786 633 580756 4309 2328 652 548 1981 923 551 576447 575499 20623 10715 9908 9817 9296 8968 6280 4238 2935 2557 1750 1342 807 1303 2688 1656 554876 815 554061 553155 551129 2026 1748 665 906 427
internal_count=592393 2237 2024 1391 590156 9400 8955 8490 6791 445 1699 776 6535 5626 5386 5097 909 4860 580 4280 3403 2688 715 2334 1786 633 580756 4309 2328 652 548 1981 923 551 576447 575499 20623 10715 9908 9817 9296 8968 6280 4238 2935 2557 1750 1342 807 1303 2688 1656 554876 815 554061 553155 551129 2026 1748 665 906 427
is_linear=0
shrinkage=0.05


Tree=131
num_leaves=63
num_cat=0
split_feature=0 30 30 25 25 0 25 25 25 24 24 17 24 24 5 30 25 26 0 26 24 3 26 24 26 3 3 25 24 24 26 0 30 24 24 26 25 0 25 21 3 26 27 0 20 30 24 0 20 27 30 21 24 21 0 25 25 25 26 27 17 30
split_gain=0.0448287 0.122 0.099803 0.0790614 0.0767219 0.0482781 0.190833 0.20896 0.153265 0.141398 0.100401 0.107929 0.107194 0.144895 0.0928146 0.0750524 0.0745583 0.0726333 0.0678939 0.0641992 0.100727 0.0575018 0.057171 0.0738092 0.0719031 0.0543726 0.0494819 0.048666 0.0483468 0.0467606 0.0457652 0.0630476 0.0603132 0.0443135 0.161636 0.238124 0.209964 0.279349 0.229524 0.154015 0.139612 0.131839 0.215523 0.22439 0.173383 0.201895 0.247422 0.156257 0.150355 0.158269 0.131333 0.126568 0.126279 0.204238 0.124686 0.150526 0.137087 0.133336 0.12374 0.181249 0.124614 0.216394
threshold=34739.908005921272 2.5000000000000004 6.5000000000000009 10.741717422610598 49.641759607705417 54169.048251842112 5.8978332682307437 9.0950400029819587 49.645480558772547 24.396749273379374 38.533362994374279 4.5000000000000009 45.651188161068468 57.194086785787427 135.63150000000002 3.5000000000000004 23.946262301417708 42.530689344533776 41774.57154821053 79.158208864458558 77.734842743113333 5768.7500000000009 77.543989086928647 71.568491829697294 60.397612137523936 5886.9500000000007 5768.7500000000009 20.800470767966221 51.983353575301201 29.338973254067891 6.3938455344194898 251863.03268797896 5.5000000000000009 30.555217382421656 28.740835284213198 15.632722427728462 33.655734194946916 192092.07090263377 40.155823803891224 1.0000000180025095e-35 5858.3000000000002 28.317415971378832 0.0012530831201899857 281425.39189247001 1.5000000000000002 21.500000000000004 37.428693435038632 65770.868918998967 1.5000000000000002 0.0027874260782511759 7.5000000000000009 1.5000000000000002 45.097832031202039 1.0000000180025095e-35 128790.42997428129 49.102779973646754 64.855414025434371 50.093409079463548 44.361915929469205 0.0032163745652391529 1.0000000180025095e-35 13.500000000000002
decision_type=2 2 2 2 2 2 2 2 2 2 2 2 2 2 2 2 2 2 2 2 2 2 2 2 2 2 2 2 2 2 2 2 2 2 2 2 2 2 2 2 2 2 2 2 2 2 2 2 2 2 2 2 2 2 2 2 2 2 2 2 2 2
left_child=1 -1 -3 -4 29 6 -2 -8 9 16 11 14 25 17 -11 -15 -9 28 21 20 26 -10 24 -24 -20 -12 -17 -27 -14 -5 31 32 -7 34 58 -36 51 38 39 40 -38 42 -35 44 47 54 -47 -44 -45 -50 -40 -37 -49 -54 57 -56 -57 -46 60 -60 61 -32
right_child=5 2 3 4 -6 30 7 8 18 10 12 -13 13 15 -16 19 -18 -19 22 -21 -22 -23 23 -25 -26 27 -28 -29 -30 -31 33 -33 -34 41 35 36 37 -39 50 -41 -42 -43 43 48 45 46 -48 52 49 -51 -52 -53 53 -55 55 56 -58 -59 59 -61 -62 -63
leaf_value=-0.00091597432489061458 0.00089621911223423858 0.0012647416899213228 0.00088995376691926797 -0.00089326285163004852 0.00043167320151198606 0.00075634186941897497 -0.001196657146910213 0.0011981957900231998 0.00021725696498039508 -0.00053037120223127152 -0.00028569136696832468 0.00011848106151270345 -0.00086189536035836088 0.00036546202415084711 -0.0016169010446248043 -0.00028295549407641795 6.3482549564244657e-05 -0.00014599915448965258 9.484774722920975e-05 0.0004906022671205874 -0.0009607364146862322 0.0013538645611482108 -0.0007726902284799288 0.00027777427047385707 0.0010571757310612864 0.00014839821174149527 0.00042776159954889341 0.0011919114955433428 -0.001812134458729811 -3.9372281526697749e-05 -0.00014570579905815459 -4.7106826632035567e-05 0.0001838343622888937 -0.00044308644960919382 0.00035194216528620372 0.00026522919577358839 -0.0014014818466386025 -0.00015329503641729901 -0.00014708486332322543 -0.00075838292378951639 -0.0031542456199208863 -6.6484102854432283e-06 -0.00042234931291711055 2.2647871311786924e-05 0.0012363035494256419 -0.001648301642287859 0.00039678736490546403 4.5672237363693011e-05 0.00055139205273726101 -0.00039071585663594743 -0.00095920774255221742 -0.00050932195211567132 0.00046096992360241751 9.7137894253272942e-05 -1.3561277538924351e-05 0.00093503151751768594 1.734886296045826e-05 0.00027776651106626183 0.00051902644765943341 -5.1775111590339696e-05 -1.1775582850545261e-05 -0.001242828220302898
leaf_weight=213 445 256 343 232 674 628 465 232 213 418 206 269 393 576 371 1605 385 234 704 255 519 233 330 339 268 213 289 235 203 519 2520 1961 1720 2012 1486 1806 258 2771 941 330 203 443590 1313 21362 992 252 358 19084 499 4181 1057 745 6207 10189 1573 1302 592 572 2617 2968 44120 547
leaf_count=213 445 256 343 232 674 628 465 232 213 418 206 269 393 576 371 1605 385 234 704 255 519 233 330 339 268 213 289 235 203 519 2520 1961 1720 2012 1486 1806 258 2771 941 330 203 443590 1313 21362 992 252 358 19084 499 4181 1057 745 6207 10189 1573 1302 592 572 2617 2968 44120 547
internal_value=-1.14258e-06 0.000222263 0.000342048 0.000208445 4.44046e-05 -1.98941e-06 -0.000114397 -0.000164617 -0.000108092 -0.000229377 -0.000306105 -0.000746403 -0.000207578 -0.000302966 -0.00104127 -0.000152137 0.000490149 -0.000892472 0.000264015 -0.000263883 -0.000343615 0.000811045 0.00011534 -0.000240392 0.000360181 0.000386629 -0.000174509 0.000695777 -0.00118555 -0.000303157 -1.70006e-07 0.000162173 0.000336958 -1.38353e-06 -4.1184e-05 -0.000229935 -0.000336539 -0.000508854 -0.000862119 -0.00158301 -0.00217331 3.44514e-06 6.69652e-05 8.19518e-05 0.000152858 0.000410977 -0.000448069 0.000113284 -3.35855e-05 -0.000290265 -0.000576721 3.90275e-05 0.000133106 0.000234873 0.000515135 0.000347952 0.000648195 0.000885739 -6.8582e-06 0.000215689 -3.31986e-05 -0.000341378
internal_weight=592393 2237 2024 1768 1425 590156 9400 8955 8490 6403 5786 1058 4728 4074 789 3244 617 830 2087 2668 2413 446 1641 669 972 654 1894 448 596 751 580756 4309 2348 576447 62369 9597 8111 5560 2789 791 461 514078 70488 68476 42434 5641 610 36793 26042 4680 1998 2551 35480 16396 5031 3467 1894 1564 52772 5585 47187 3067
internal_count=592393 2237 2024 1768 1425 590156 9400 8955 8490 6403 5786 1058 4728 4074 789 3244 617 830 2087 2668 2413 446 1641 669 972 654 1894 448 596 751 580756 4309 2348 576447 62369 9597 8111 5560 2789 791 461 514078 70488 68476 42434 5641 610 36793 26042 4680 1998 2551 35480 16396 5031 3467 1894 1564 52772 5585 47187 3067
is_linear=0
shrinkage=0.05


Tree=132
num_leaves=63
num_cat=0
split_feature=25 0 30 26 30 17 24 24 0 24 25 25 1 26 27 3 22 24 27 30 30 30 22 0 25 17 25 26 0 17 30 0 27 26 26 17 27 24 24 25 24 24 24 26 27 26 17 25 24 24 22 18 27 22 20 0 23 27 26 24 26 25
split_gain=0.0432639 0.160907 0.199695 0.143583 0.119038 0.169359 0.128259 0.155477 0.213625 0.143083 0.111043 0.104679 0.0949683 0.0939774 0.0856635 0.0871749 0.198829 0.143195 0.125524 0.111854 0.0818337 0.0807282 0.13063 0.0749231 0.0709835 0.0961638 0.0703542 0.0665314 0.0606885 0.0783464 0.0926021 0.0973208 0.0786056 0.0762775 0.0634593 0.135217 0.352474 0.229981 0.301669 0.308846 0.20839 0.274188 0.175575 0.164684 0.130845 0.305181 0.253309 0.207448 0.146222 0.1591 0.134521 0.129434 0.126649 0.203162 0.130751 0.126479 0.124402 0.12317 0.122971 0.122049 0.11392 0.197504
threshold=89.642542044469565 164447.93010507483 12.500000000000002 51.328693046146391 1.0000000180025095e-35 1.5000000000000002 71.010930919044185 78.842348051051886 65770.868918998967 75.61417999482633 94.676288673565523 99.092893815221657 6.6300000000000008 32.711910349563304 0.0018480000650004515 6059.5500000000011 1.0000000180025095e-35 77.734842743113333 0.0067946243851289374 17.500000000000004 7.5000000000000009 8.5000000000000018 1.0000000180025095e-35 502253.41274272633 88.990457059209874 4.5000000000000009 99.092893815221657 78.778222270450769 830890.13581422891 5.5000000000000009 44.500000000000007 1229407.1188283407 0.0076048848079528957 25.739688749451936 64.145699927739301 1.0000000180025095e-35 0.0035412156963754919 69.372859920511146 39.967868878596384 15.763643920596115 40.926797454446273 55.738941187453989 73.89105345509337 81.725766375670403 0.0015300902562697357 48.991683760998932 3.5000000000000004 32.929816754267627 72.089152491414637 41.547803549865783 1.5000000000000002 1.0000000180025095e-35 0.0014133650800666772 2.5000000000000004 1.5000000000000002 143532.94795260011 1.0000000180025095e-35 0.0024087620829170804 25.445651163859036 28.229802062472391 76.717570645409396 47.156778617451515
decision_type=2 2 2 2 2 2 2 2 2 2 2 2 2 2 2 2 2 2 2 2 2 2 2 2 2 2 2 2 2 2 2 2 2 2 2 2 2 2 2 2 2 2 2 2 2 2 2 2 2 2 2 2 2 2 2 2 2 2 2 2 2 2
left_child=24 2 3 10 5 -5 11 8 -8 -10 -2 -6 -4 -3 -15 16 17 19 -18 26 -17 22 -9 -19 28 -26 27 -16 34 30 32 -32 -30 -31 44 36 37 38 -36 55 -38 -42 -39 -43 45 46 47 -1 49 58 51 -51 53 -37 56 -40 -54 -41 59 -49 61 -44
right_child=1 13 12 4 6 -7 7 21 9 -11 -12 -13 -14 14 15 20 18 23 -20 -21 -22 -23 -24 -25 25 -27 -28 -29 29 33 31 -33 -34 -35 35 52 40 42 39 57 41 43 60 -45 -46 -47 -48 48 -50 50 -52 -53 54 -55 -56 -57 -58 -59 -60 -61 -62 -63
leaf_value=0.00015025897853732307 0.00036025670670243983 -0.00084537716464801432 0.00051042255282910071 -0.0016972941978792733 -8.0419473645063021e-05 -0.00010754133236902978 0.0020238649752776952 0.0014240493462710864 -8.9026079630150372e-05 0.00093969523720132146 0.0013214834472648818 0.00089264488197838155 0.0020398593818196004 0.00028931600395817951 -0.00085211335792853668 0.00020138455371086604 0.00098121513525196513 2.5987773301389334e-05 -0.00041060751640334728 0.00032874338137982035 -7.5641519591917902e-05 5.1973412645906416e-05 -0.00010366722449140574 -0.00097418062709039074 -6.179580998862641e-05 -0.00081538084329360388 -0.0015576343513334363 9.0135764954729344e-06 -1.3757951130515553e-06 0.00079427631871446943 -0.0001093218707832946 -0.0014211079314886974 0.0010030095770367517 0.00018641961096633778 0.00082584483014854241 0.000296574749049962 -0.0013626992959039372 0.0015527152001665045 -0.00020179194540541061 -0.0012493749763988985 0.0014001341046658801 -0.00045821967112578803 0.0011659951491714046 0.00019768561581276218 1.1112857834592085e-05 0.00013563954267710424 6.4168424087070975e-05 -8.135541075985233e-05 0.00034717342337747445 -0.0007020579470818568 -0.00014176508013345287 0.00015668299086795567 -0.0001136488037522162 -0.00035657511648957838 4.9572506795255067e-05 0.0014429986216536901 0.00022603662806723254 -0.00018630588827228057 -1.4502138799119595e-05 -0.00081821951951637601 0.00074620173845072011 -0.00035523652704333528
leaf_weight=2298 1381 356 204 208 5504 861 262 294 628 732 384 291 202 1943 1179 3794 482 1728 244 238 8965 3588 267 210 1299 628 277 277 3070 585 367 230 208 4382 778 5318 351 473 213 677 286 2451 302 1570 401862 10446 7062 1027 696 6068 1709 473 72782 1534 17796 259 2799 456 3600 1241 1871 727
leaf_count=2298 1381 356 204 208 5504 861 262 294 628 732 384 291 202 1943 1179 3794 482 1728 244 238 8965 3588 267 210 1299 628 277 277 3070 585 367 230 208 4382 778 5318 351 473 213 677 286 2451 302 1570 401862 10446 7062 1027 696 6068 1709 473 72782 1534 17796 259 2799 456 3600 1241 1871 727
internal_value=-1.08546e-06 5.32522e-05 0.000177787 0.000146954 8.79441e-05 -0.000416866 0.000134602 0.000301451 0.000716524 0.000464668 0.000569385 -3.15564e-05 0.00127137 -4.03782e-05 -2.5558e-05 -6.0731e-05 -0.000246447 -0.000387577 0.00051344 -0.000687655 6.7346e-06 0.000139183 0.000696954 -8.23896e-05 -4.44558e-06 -0.000307386 -0.000827242 -0.000688286 -3.39558e-06 0.000126552 -4.19545e-05 -0.0006147 6.23558e-05 0.000258011 -5.49564e-06 -3.93173e-05 0.000132162 0.000393838 1.78262e-05 -0.000373849 -0.000191198 -9.57259e-05 0.000659487 -0.000202121 3.07776e-06 -9.0192e-05 -0.000187778 -0.000291754 -0.000360321 -0.000395199 -0.000536758 -0.00063996 -5.71344e-05 0.00015035 -7.23596e-05 0.000700752 -0.000101069 -0.00082152 -0.000196178 -0.000484551 0.000513799 9.1228e-05
internal_weight=592393 34499 14806 14400 12635 1069 11566 5771 1622 1360 1765 5795 406 19693 19337 17394 4635 3909 726 1971 12759 4149 561 1938 557894 1927 1733 1456 555967 8842 3875 597 3278 4967 547125 110643 10414 5756 2383 1605 4658 4307 3373 4021 436482 34620 24174 17112 14814 14118 8250 6541 100229 6852 93377 472 75581 1133 5868 2268 2900 1029
internal_count=592393 34499 14806 14400 12635 1069 11566 5771 1622 1360 1765 5795 406 19693 19337 17394 4635 3909 726 1971 12759 4149 561 1938 557894 1927 1733 1456 555967 8842 3875 597 3278 4967 547125 110643 10414 5756 2383 1605 4658 4307 3373 4021 436482 34620 24174 17112 14814 14118 8250 6541 100229 6852 93377 472 75581 1133 5868 2268 2900 1029
is_linear=0
shrinkage=0.05


Tree=133
num_leaves=63
num_cat=0
split_feature=28 26 24 26 3 27 21 24 29 26 26 17 27 25 27 24 25 25 24 24 28 24 24 30 30 31 3 21 27 26 22 30 17 26 25 24 17 25 21 17 22 3 3 31 26 27 27 26 17 25 24 24 25 22 21 17 17 22 25 7 27 7
split_gain=0.0405119 0.0754043 0.157778 0.082144 0.079321 0.0610912 0.053253 0.0513539 0.0707309 0.0551476 0.05346 0.156264 0.356829 0.295904 0.210657 0.179766 0.26058 0.165431 0.174246 0.235101 0.141063 0.132199 0.127036 0.126138 0.115951 0.0948456 0.0932595 0.307305 0.202526 0.112865 0.129557 0.296524 0.146451 0.108976 0.102003 0.0944854 0.0918987 0.0876939 0.124252 0.411656 0.291534 0.188658 0.177979 0.12479 0.116382 0.110447 0.10524 0.271628 0.232526 0.189533 0.124976 0.13719 0.131351 0.126503 0.174662 0.113548 0.104186 0.102466 0.0992898 0.0954709 0.0935903 0.0988964
threshold=-0.10139010254029705 26.03049435759127 36.631915544461656 38.327145925944869 6527.6000000000013 0.020642464222777511 1.0000000180025095e-35 97.231397602861279 2.5000000000000004 96.480185198186078 65.187918344657405 1.0000000180025095e-35 0.0034564862207892896 97.1294705127886 0.0082295643451430114 69.372859920511146 37.353817174790336 87.943503417359281 40.926797454446273 55.738941187453989 -0.00053968497372136593 89.269388997849674 74.926639738576341 15.500000000000002 22.500000000000004 5.5000000000000009 5450.7000000000007 1.5000000000000002 0.0014133650800666772 88.424960681379389 1.0000000180025095e-35 9.5000000000000018 2.5000000000000004 73.400657051180517 87.462986312676534 63.610334600153443 3.5000000000000004 75.789325106335028 1.0000000180025095e-35 1.5000000000000002 1.0000000180025095e-35 5795.7500000000009 6427.6500000000005 15.500000000000002 44.361915929469205 0.0047169232369443813 0.0015300902562697357 49.292015125519271 3.5000000000000004 32.929816754267627 75.949789039500601 39.967868878596384 45.222439772312704 1.5000000000000002 1.0000000180025095e-35 1.5000000000000002 2.5000000000000004 6.5000000000000009 61.473364877244727 4.8500000000000005 0.018118430090742144 5.0500000000000007
decision_type=2 2 2 2 2 2 2 2 2 2 2 2 2 2 2 2 2 2 2 2 2 2 2 2 2 2 2 2 2 2 2 2 2 2 2 2 2 2 2 2 2 2 2 2 2 2 2 2 2 2 2 2 2 2 2 2 2 2 2 2 2 2
left_child=1 6 -3 4 -4 -5 -1 10 9 -9 21 12 15 14 17 16 -12 18 -14 -20 -17 37 25 -21 -18 -22 27 28 33 30 32 35 34 -13 -30 -32 -23 46 40 41 42 -40 -39 44 -42 -46 47 48 49 55 51 52 -51 54 -53 -2 -41 60 -56 -57 -48 -62
right_child=7 2 3 5 -6 -7 -8 8 -10 -11 11 26 13 -15 -16 20 24 -19 19 23 22 36 -24 -25 -26 -27 -28 -29 29 -31 31 -33 -34 -35 -36 -37 -38 38 39 56 43 -43 -44 -45 45 -47 57 -49 -50 50 -52 53 -54 -55 58 59 -58 -59 -60 -61 61 -63
leaf_value=0.00096735056468927588 0.00056891460781156357 -0.0010684070971896456 -0.00072192178410276399 0.0001556211405030442 0.00025674717372705557 0.0007739371170028507 0.00019882940483004923 -6.6239705927650632e-05 0.00019335798669287637 -0.00094483702905140399 0.00057697133796408067 0.0010680297601114337 -0.0012903052124058007 0.00081170069419572743 0.00055380130143805521 -0.00049292341058669185 -0.00074414471996589232 -0.0011205600874467671 0.0013216524532407379 -0.00046287766536903964 0.00089264426710328193 0.00028993317974320858 0.00056472836878862542 0.00027525760626937677 0.00052544800802974763 0.0022074550656801975 -3.6222961453393435e-05 0.00090871870904347474 -0.00058021264401541433 -0.00091237170394301037 -0.00095867539671027268 0.00089168379605237148 0.00046844544716972817 -0.00018336156437101755 0.00017627679878993148 -0.00013545282051447198 2.2678534194734944e-05 -0.00010512882597145436 0.0019922050265131809 0.0003527828254491976 -7.3479361719003755e-05 0.00057476224489327041 -0.000634925624163926 -0.00058703860465138041 0.00011346860001340035 0.00045716084101185615 3.0919447292880754e-06 0.0001325642987573938 5.9376192810413206e-05 -0.00048327772262639476 0.00052142755556648006 -0.00070794721342016674 3.489479101427512e-05 -0.00013191463500150972 -0.00024690603687086348 0.0006465927666629962 4.4454559794895034e-05 -0.00050504440250664473 0.00097771244503883298 -0.00036395169985513576 0.00013590128807153991 -0.00072948668514421708
leaf_weight=416 912 294 491 2873 358 464 492 1055 6429 215 1172 420 377 711 661 267 896 680 249 2286 382 6714 2964 775 225 214 104737 597 4309 746 420 698 423 297 497 2049 6175 6156 409 3516 3722 551 2135 577 5648 3988 364796 9506 6922 2035 397 5791 3065 1864 960 297 12411 1001 200 1097 528 881
leaf_count=416 912 294 491 2873 358 464 492 1055 6429 215 1172 420 377 711 661 267 896 680 249 2286 382 6714 2964 775 225 214 104737 597 4309 746 420 698 423 297 497 2049 6175 6156 409 3516 3722 551 2135 577 5648 3988 364796 9506 6922 2035 397 5791 3065 1864 960 297 12411 1001 200 1097 528 881
internal_value=-1.03118e-06 0.000135447 5.12381e-05 0.000129875 -0.000309244 0.000241596 0.000550927 -2.28389e-06 0.000126 -0.000214979 -3.98879e-06 -3.26458e-05 0.000140176 -0.00014305 -0.00027806 0.00040577 5.56836e-05 -0.000403973 -0.000271811 -0.000155807 0.000615529 4.06184e-06 0.000698663 -0.000275993 -0.00048932 0.00136474 -5.04376e-05 -0.000192825 -0.000259527 -0.000322992 -0.000270625 -1.82479e-05 -0.000423479 0.000549671 -0.000501982 -0.000275491 0.000161894 -5.68245e-07 7.08893e-05 0.000173128 -6.79036e-06 0.00117865 -0.000241556 0.00013289 0.000163987 0.000255711 -7.55114e-06 -9.30163e-05 -0.000184111 -0.000285532 -0.000353313 -0.000378269 -0.000171866 -0.000497686 -0.000595772 0.00013514 0.00011252 1.40133e-07 -3.57649e-05 -0.000148649 1.52103e-06 -0.000405197
internal_weight=592393 5388 4480 4186 849 3337 908 587005 7699 1270 579306 127052 11859 5739 5028 6120 2293 4367 3687 3310 3827 452254 3560 3061 1121 596 115193 10456 9859 9142 8396 3167 5229 717 4806 2469 12889 439365 39113 16887 22226 960 8291 13935 13358 9636 400252 33046 23540 16618 14312 13915 5100 8815 6951 2306 15927 367206 1160 1394 366205 1409
internal_count=592393 5388 4480 4186 849 3337 908 587005 7699 1270 579306 127052 11859 5739 5028 6120 2293 4367 3687 3310 3827 452254 3560 3061 1121 596 115193 10456 9859 9142 8396 3167 5229 717 4806 2469 12889 439365 39113 16887 22226 960 8291 13935 13358 9636 400252 33046 23540 16618 14312 13915 5100 8815 6951 2306 15927 367206 1160 1394 366205 1409
is_linear=0
shrinkage=0.05


Tree=134
num_leaves=63
num_cat=0
split_feature=22 22 0 18 0 26 31 25 24 22 22 0 25 25 25 24 31 24 25 24 24 26 25 22 3 22 28 26 26 3 24 24 31 26 3 24 31 23 25 25 0 26 0 24 22 25 26 25 26 24 25 0 25 25 24 26 22 0 20 22 21 24
split_gain=0.0398002 0.0721077 0.0885945 0.0613173 0.0423278 0.0702105 0.0626066 0.0868147 0.089017 0.115822 0.0898665 0.0465643 0.173653 0.186908 0.113192 0.134099 0.0971692 0.0957852 0.097316 0.0936842 0.123 0.0724825 0.0938868 0.0903479 0.10704 0.0679642 0.0670849 0.0615496 0.0503018 0.0667357 0.0628287 0.157485 0.0570054 0.0502936 0.0491313 0.049002 0.044184 0.0799111 0.167447 0.149984 0.119818 0.0745088 0.156666 0.223946 0.205499 0.212341 0.11204 0.108601 0.102403 0.135818 0.0832808 0.0828563 0.0791021 0.208667 0.121481 0.0785414 0.143892 0.245149 0.109119 0.107141 0.170453 0.191495
threshold=7.5000000000000009 6.5000000000000009 85174.409413210771 1.5000000000000002 34739.908005921272 79.978523933298803 3.5000000000000004 13.158154252354018 57.485208022596858 2.5000000000000004 1.0000000180025095e-35 54169.048251842112 5.8978332682307437 9.0950400029819587 49.645480558772547 24.396749273379374 1.5000000000000002 38.533362994374279 29.916260541180996 45.651188161068468 57.194086785787427 31.3735237314907 60.64346278970033 1.0000000180025095e-35 6025.6500000000005 2.5000000000000004 -0.0089409273842546693 42.530689344533776 49.292015125519271 6284.5000000000009 86.696626027687984 78.842348051051886 1.0000000180025095e-35 77.543989086928647 5886.9500000000007 71.010930919044185 1.5000000000000002 1.0000000180025095e-35 22.853723573072902 18.07019732464958 123405.97134820349 17.175091357952628 137974.91001495474 11.592981464271849 2.5000000000000004 44.129414862940365 13.820598117581786 48.17196067272279 16.372961962592225 29.751697095856162 35.45971449613068 484522.334528537 52.156768324588036 56.445982763795286 31.591757769953457 64.145699927739301 1.5000000000000002 169464.5693808675 1.5000000000000002 1.5000000000000002 1.5000000000000002 48.926876128900055
decision_type=2 2 2 2 2 2 2 2 2 2 2 2 2 2 2 2 2 2 2 2 2 2 2 2 2 2 2 2 2 2 2 2 2 2 2 2 2 2 2 2 2 2 2 2 2 2 2 2 2 2 2 2 2 2 2 2 2 2 2 2 2 2
left_child=1 4 -3 -2 5 6 7 -1 9 -9 -10 12 16 -14 15 26 -6 18 25 34 27 -16 -23 -24 33 -17 -15 -21 29 -22 31 32 -30 -25 -19 -26 37 41 39 -39 -40 42 43 -13 45 -45 -47 55 50 -50 51 -44 -52 -54 -55 59 -57 58 -58 -43 -61 -62
right_child=3 2 -4 -5 11 -7 -8 8 10 -11 -12 36 13 14 21 17 -18 19 -20 20 28 22 23 24 35 -27 -28 -29 30 -31 -32 -33 -34 -35 -36 -37 -38 38 40 -41 -42 47 48 44 -46 46 -48 -49 49 -51 52 -53 53 54 -56 56 57 -59 -60 60 61 -63
leaf_value=0.0010792942180808305 0.00093888936488873841 -0.001278328766149755 -0.00018114542649286532 7.4924248462288683e-05 0.0015746121437863591 -0.00062624065956386101 -0.00045546408737093171 0.00026510088458740446 1.3066258827099415e-05 -0.0011438999031159714 0.0011443663262889218 0.0010643327718875115 -0.0011374049030971321 0.0011693750644601254 0.0010967796211535077 -0.00073742880516592909 9.6616642979516253e-05 -0.00027268714325896548 -0.0012740047344303859 -0.0010973638856950213 -0.00017455037428478067 -0.00085057592676916207 0.0011890163352741635 0.000164723389338537 0.00014586564217634431 0.00035323326121984057 8.5842372186139813e-05 -0.00012338841018260741 -0.00068759353955377992 0.00093012054745270425 0.00035109318454073493 -0.0012993668304825149 -1.3205075531411449e-05 -0.00079929689828693281 0.00066027774902132871 0.00096243326125868662 -8.7938895667295336e-06 -0.00025062223073494784 -0.00041143973661283333 -0.0016599172838929245 0.00013601503994175804 6.5220253999328869e-05 -0.00019023618504074972 -0.0009401217220506527 0.00040096404046181285 -0.00065564889780132438 0.00050588206767568735 -2.4948555224145467e-06 -0.0014809764311283682 -0.00010071997926741927 0.00034917652969462777 0.00026231815069323376 -0.0013277306311915331 -0.00027264362350111167 0.00065797959782523284 7.1667633453435014e-05 -0.0011317179568089595 -3.0358395828666495e-05 5.0021447760085019e-05 0.00030939753388113352 -0.00048882705845531801 0.00020346790804161085
leaf_weight=383 281 227 971 763 227 222 235 458 327 214 379 254 465 230 212 355 218 206 449 588 325 219 222 223 437 239 377 224 395 236 395 355 1516 344 448 317 406019 443 1527 329 2893 38962 4115 1936 557 363 485 79852 255 592 3238 1341 277 731 674 12848 920 3087 248 12508 1601 2656
leaf_count=383 281 227 971 763 227 222 235 458 327 214 379 254 465 230 212 355 218 206 449 588 325 219 222 223 437 239 377 224 395 236 395 355 1516 344 448 317 406019 443 1527 329 2893 38962 4115 1936 557 363 485 79852 255 592 3238 1341 277 731 674 12848 920 3087 248 12508 1601 2656
internal_value=-9.79624e-07 -1.52417e-06 -0.000389042 0.000307467 -7.37514e-07 0.000217277 0.000311095 0.000413389 0.000228309 -0.000183599 0.000620379 -1.55998e-06 -0.000113028 -0.000161883 -0.000107309 -0.000210281 0.00085056 -0.00028513 -0.000718497 -0.000188714 -0.000278711 0.000223309 0.000118215 0.000255717 9.88719e-05 -0.000298593 0.000496407 -0.000828681 -0.000140109 0.00029016 -0.00023082 -0.000332257 -0.0001526 -0.00042015 0.000366408 0.000489171 2.16311e-07 2.14003e-05 -0.000171786 -0.000851216 -5.3117e-05 2.73886e-05 -7.96563e-05 -0.000366911 -0.000475722 -0.000651122 8.67011e-06 3.77774e-05 1.23585e-05 -0.000516264 5.55103e-05 -7.90054e-05 0.00020468 -7.34873e-05 0.000173791 8.19326e-05 -1.17936e-05 -0.000263805 -0.000880801 0.000110698 0.000216388 -5.68948e-05
internal_weight=592393 591349 1198 1044 590151 2218 1996 1761 1378 672 706 587933 9222 8777 8312 6338 445 5731 1043 4688 4034 1974 1762 1543 1321 594 607 812 3222 561 2661 2266 1911 567 654 754 578711 172692 5192 772 4420 167500 14818 3595 3341 2784 848 152682 11223 847 10376 5456 4920 1682 1405 72830 17103 4255 1168 55727 16765 4257
internal_count=592393 591349 1198 1044 590151 2218 1996 1761 1378 672 706 587933 9222 8777 8312 6338 445 5731 1043 4688 4034 1974 1762 1543 1321 594 607 812 3222 561 2661 2266 1911 567 654 754 578711 172692 5192 772 4420 167500 14818 3595 3341 2784 848 152682 11223 847 10376 5456 4920 1682 1405 72830 17103 4255 1168 55727 16765 4257
is_linear=0
shrinkage=0.05


Tree=135
num_leaves=63
num_cat=0
split_feature=29 30 29 17 30 17 0 30 20 0 0 17 30 26 18 17 6 0 0 26 24 26 26 27 0 30 26 17 26 3 27 27 30 26 27 20 26 17 27 27 24 0 18 6 26 30 0 26 24 20 0 0 30 30 29 24 3 17 7 31 29 30
split_gain=0.0444227 0.084959 0.0789557 0.0783359 0.067198 0.0648632 0.197019 0.0641551 0.0587831 0.0460994 0.0369927 0.0782692 0.074374 0.0817709 0.0581886 0.220308 0.206599 0.179754 0.125798 0.093479 0.129323 0.109732 0.0968787 0.115819 0.0703597 0.0673246 0.0631252 0.122567 0.13004 0.161415 0.140457 0.112262 0.109444 0.129684 0.112639 0.0853801 0.0763492 0.111469 0.241356 0.16406 0.157543 0.154087 0.139132 0.13731 0.118734 0.107144 0.0859661 0.0858033 0.0853885 0.081104 0.112096 0.151997 0.0906069 0.0737102 0.0770247 0.0718263 0.0710388 0.0701939 0.169864 0.147132 0.343145 0.177277
threshold=88.000000000000014 150.50000000000003 101.00000000000001 1.0000000180025095e-35 148.50000000000003 2.5000000000000004 197015.14506540005 181.50000000000003 1.0000000180025095e-35 325740.45058430365 1022354.2797967971 5.5000000000000009 44.500000000000007 76.717570645409396 4.5000000000000009 5.5000000000000009 171.50000000000003 427260.95128988271 95846.83658813838 95.136470443274803 65.055332413727555 70.221140035544195 54.313560499016333 0.0051146870002223071 357933.26511888386 82.500000000000014 90.282657664694327 1.0000000180025095e-35 91.083874699913494 5450.7000000000007 0.010645221979359609 0.013311456583267404 8.5000000000000018 95.136470443274803 0.0078413997693469618 2.5000000000000004 78.378483021823527 1.0000000180025095e-35 0.0035412156963754919 0.0036101578943349469 68.463920789158934 189656.90889442517 1.5000000000000002 179.30000000000004 81.725766375670403 5.5000000000000009 460676.92587072827 85.625664967638258 46.011452850199547 5.5000000000000009 128790.42997428129 316205.64241501404 19.500000000000004 52.500000000000007 17.500000000000004 81.209163264113684 5515.2000000000016 1.0000000180025095e-35 3.9500000000000006 19.500000000000004 7.5000000000000009 14.500000000000002
decision_type=2 2 2 2 2 2 2 2 2 2 2 2 2 2 2 2 2 2 2 2 2 2 2 2 2 2 2 2 2 2 2 2 2 2 2 2 2 2 2 2 2 2 2 2 2 2 2 2 2 2 2 2 2 2 2 2 2 2 2 2 2 2
left_child=1 4 9 -3 10 6 -5 -7 -9 -2 14 12 13 -12 26 -16 -17 18 -18 20 22 -22 23 -20 -23 -19 36 32 30 -30 -29 35 33 -28 -34 -31 49 38 40 -40 48 44 43 53 -42 -41 56 -47 -38 57 -51 52 -52 54 -39 -43 -44 59 -59 -1 -61 -62
right_child=2 3 -4 5 -6 7 -8 8 -10 -11 11 -13 -14 -15 15 16 17 25 19 -21 21 24 -24 -25 -26 -27 27 28 29 31 -32 -33 34 -35 -36 -37 37 42 39 45 41 55 46 -45 -46 47 -48 -49 -50 50 51 -53 -54 -55 -56 -57 -58 58 -60 60 61 -63
leaf_value=-5.8274573030552294e-05 -0.0012918483091649132 0.00092077731929805112 8.1556012899877255e-05 0.00069806130080487052 -0.00085907580012449308 0.00059344064529648875 -0.0010429270495300759 0.00041490817334098145 -0.00024581321804483983 -0.00027811145717342183 0.00017419157278835939 0.000315543271362496 -0.00084997149364301767 -0.00090724753818669868 -0.00088693661789415203 0.0003829183841111217 0.00084892464950311007 -9.0706632389744386e-06 -0.0015921798500992163 3.2563590086903074e-05 -0.0014051945521381774 -0.00065681820587135326 9.8928499970915281e-05 7.6407250601816292e-05 -0.00018531669085786409 0.00045410709940782689 0.0017184845513518487 0.00027447282656627284 -0.0007764339354921772 -4.8006410854156934e-06 0.0017312285545935382 -0.00088366697218623122 8.606874842398513e-05 0.00025113119834306824 0.0013397371872070282 0.00048210647168061459 0.00072245324876083871 -0.00025023645847761523 -0.0009640940816926588 0.0010902146230519626 0.0004930023338317824 0.001152601988525765 0.00065114384609877077 -3.250376267463283e-05 0.0018484446108468795 0.00024574620346969099 -0.00040236873872990982 -0.0006574782403343005 -0.00047777693063716094 0.00060298269037957573 -0.00028869181954314493 7.0088063471879483e-05 -0.00090142461055737826 0.00063343775675873211 -0.0010777491354102124 0.00011827533824641565 0.00011816289376985381 0.00018796781861125358 8.3803537563690021e-06 0.00099176716851702277 -0.0007919103649022826 0.00017106339737926751
leaf_weight=64975 242 386 521 291 228 989 368 633 719 209 1298 2653 287 202 822 2400 233 8435 209 1421 369 2369 1525 207 1188 865 318 936 680 5338 201 319 1472 286 204 1083 213 13923 562 211 256 220 728 13927 438 612 686 461 487 460 3697 3053 721 231 287 708 4427 13589 424078 1131 613 2169
leaf_count=64975 242 386 521 291 228 989 368 633 719 209 1298 2653 287 202 822 2400 233 8435 209 1421 369 2369 1525 207 1188 865 318 936 680 5338 201 319 1472 286 204 1083 213 13923 562 211 256 220 728 13927 438 612 686 461 487 460 3697 3053 721 231 287 708 4427 13589 424078 1131 613 2169
internal_value=2.24945e-08 5.77218e-07 -0.000337718 0.000250316 -8.59897e-07 0.00016405 -0.000274145 0.000287403 6.35334e-05 -0.000822068 -5.27223e-07 0.00014325 -0.000112538 2.85578e-05 -1.62081e-06 -8.53391e-05 -5.10583e-05 -0.000112978 -0.000294733 -0.000331296 -0.000419424 -0.000584482 -8.55659e-05 -0.000761897 -0.000499342 3.40098e-05 1.35589e-06 0.000120865 3.40673e-05 -4.22331e-05 0.000532 3.18406e-05 0.000446623 0.00102368 0.000238663 7.73237e-05 -9.86677e-07 -6.90189e-05 0.00017511 -0.000251618 0.00051436 0.000784919 -9.87634e-05 -0.000144519 0.00134845 6.02294e-05 0.000123457 -0.000142312 -0.000112564 4.08805e-06 -0.000154567 -0.00020121 -0.000388687 -0.000252547 -0.00026695 0.000363482 0.000193432 6.57206e-06 1.39563e-05 -4.03424e-05 0.00025742 -4.11231e-05
internal_weight=592769 591797 972 3386 588411 3000 659 2341 1352 451 588183 4440 1787 1500 583743 20043 19221 16821 7521 7288 5867 3926 1941 416 3557 9300 563700 10837 8557 7420 1137 6740 2280 604 1676 6421 552863 38377 4168 1846 2322 1622 34209 28368 694 1284 5841 1073 700 514486 7931 7471 4418 14441 14210 928 5155 506555 437667 68888 3913 2782
internal_count=592769 591797 972 3386 588411 3000 659 2341 1352 451 588183 4440 1787 1500 583743 20043 19221 16821 7521 7288 5867 3926 1941 416 3557 9300 563700 10837 8557 7420 1137 6740 2280 604 1676 6421 552863 38377 4168 1846 2322 1622 34209 28368 694 1284 5841 1073 700 514486 7931 7471 4418 14441 14210 928 5155 506555 437667 68888 3913 2782
is_linear=0
shrinkage=0.05


Tree=136
num_leaves=63
num_cat=0
split_feature=28 0 26 25 0 30 24 26 21 25 25 26 27 25 24 24 6 25 0 0 19 0 23 26 25 26 18 27 24 24 3 26 25 26 25 0 17 24 24 18 25 24 24 25 26 25 21 30 0 5 24 26 7 18 3 26 24 21 0 17 27 25
split_gain=0.041074 0.109562 0.0861322 0.100787 0.174989 0.109606 0.16102 0.184727 0.145342 0.116234 0.0951777 0.0920778 0.0792826 0.0715484 0.0838899 0.134245 0.0713423 0.0871101 0.0782467 0.0683417 0.120506 0.1549 0.149134 0.125808 0.171196 0.143948 0.142299 0.199037 0.138319 0.32487 0.264166 0.188631 0.152844 0.2648 0.138379 0.182394 0.132741 0.144266 0.122769 0.12225 0.118269 0.127578 0.11703 0.116931 0.159091 0.182189 0.101254 0.114349 0.0985355 0.0983574 0.096908 0.0940083 0.155821 0.108138 0.104625 0.0935799 0.124612 0.0939717 0.083072 0.0826296 0.202706 0.119911
threshold=-0.052382485240229863 389759.98454441462 96.480185198186078 48.17196067272279 93781.096076523871 9.5000000000000018 65.387085950219031 62.662362433562919 1.0000000180025095e-35 24.38141590321619 9.0950400029819587 40.448982035854115 0.012823316282401883 41.993165925814679 24.981131576255525 54.818972468780977 179.30000000000004 9.0950400029819587 41774.57154821053 307127.34211167309 1.0000000180025095e-35 99624.802617926776 1.0000000180025095e-35 21.615971806361078 36.07844970870206 21.32431752096975 1.0000000180025095e-35 0.0066239101710610501 18.711608254643412 22.027585509928084 6139.8500000000013 18.517829348366202 33.655734194946916 16.764988952410985 32.519642590747594 166511.39409750554 10.500000000000002 94.889583124869901 57.485208022596858 1.5000000000000002 27.784150011257246 35.807269832058331 80.881073467656805 54.012269386054356 51.049071244597556 22.853723573072902 2.5000000000000004 50.500000000000007 76533.276913775844 139.48850000000002 34.690976756524371 86.870544048604373 4.9500000000000011 1.0000000180025095e-35 5650.3000000000011 14.828113515038339 23.836946178788434 1.0000000180025095e-35 123405.97134820349 1.5000000000000002 0.006054202904005857 76.634595483270701
decision_type=2 2 2 2 2 2 2 2 2 2 2 2 2 2 2 2 2 2 2 2 2 2 2 2 2 2 2 2 2 2 2 2 2 2 2 2 2 2 2 2 2 2 2 2 2 2 2 2 2 2 2 2 2 2 2 2 2 2 2 2 2 2
left_child=1 2 3 5 -5 6 7 11 9 -7 -8 13 19 14 -1 -16 18 -18 -14 20 23 -22 39 24 25 26 27 28 31 30 -30 34 40 -34 -2 -36 37 -25 -29 51 41 50 46 44 -38 -46 47 -26 -39 -35 -31 53 -53 -23 -55 57 -57 -21 -49 60 -58 -62
right_child=12 -3 -4 4 -6 8 10 -9 -10 -11 -12 -13 16 -15 15 -17 17 -19 -20 55 21 22 -24 36 42 -27 -28 38 29 32 -32 -33 33 49 35 -37 43 48 -40 -41 -42 -43 -44 -45 45 -47 -48 58 -50 -51 -52 52 -54 54 -56 56 59 -59 -60 -61 61 -63
leaf_value=-0.0010043780862904739 -6.8199089175006398e-05 0.00027980843677741679 -0.0010085595000348536 0.00057438987814896968 1.3272832754630498e-05 0.0011208417922881967 0.0010841084629317861 -0.0016621111899463412 -0.00014773473599510355 -4.2742359389424333e-05 -3.3210415016186031e-05 0.00019295955598039725 0.00055765040274881924 -0.0010828098404322222 0.00016399826383321997 -0.0012499903619410228 0.00053770253834193487 -8.7617538054462108e-05 -0.00031665591027426281 -0.00032519215098641789 0.00028078271358740725 -0.00013784873676895293 0.00070425609091629164 5.4900515764730534e-06 0.00012609950210764522 0.00084990888785766306 0.0001924755093379819 -0.0010683212595852737 -0.00038546338926072061 6.109911656774574e-06 -0.0021342858417182854 0.0014364303159932589 0.0001364985612892287 -0.00069353495477447388 0.0019903083075531519 0.00012835641675768307 -0.00012435501583781423 0.0013118808660762555 0.00019426522642996053 0.00029454790088452912 0.00031037714253606734 -0.00043993296864417705 0.00052890310069576667 -5.1542456426298499e-05 2.8155672189833628e-05 -0.0013424758057908838 0.0004144693186523133 -0.0013723258113132034 0.000206143369592145 -0.0018817831788447454 0.0011212285259290294 -0.0019046764991706073 -0.00019813051510520722 5.4974690678312576e-05 -0.00070129168378912715 0.00031748674553335886 4.1950012433759863e-05 -3.1939948870303619e-05 -0.00018520418383981711 -4.4506016819677599e-05 0.00048837502391178779 0.0019659768447163515
leaf_weight=368 2920 4764 207 1777 6371 523 238 307 1681 364 957 574 270 447 821 211 645 4079 4902 5231 2305 14358 494 356912 22232 453 4367 849 533 1017 363 273 713 385 202 377 1391 208 249 1285 2319 1756 2103 4133 350 789 2997 200 6426 318 241 215 354 620 1743 2686 15305 5718 560 96675 438 200
leaf_count=368 2920 4764 207 1777 6371 523 238 307 1681 364 957 574 270 447 821 211 645 4079 4902 5231 2305 14358 494 356912 22232 453 4367 849 533 1017 363 273 713 385 202 377 1391 208 249 1285 2319 1756 2103 4133 350 789 2997 200 6426 318 241 215 354 620 1743 2686 15305 5718 560 96675 438 200
internal_value=2.13695e-08 7.1177e-05 4.22833e-06 1.85495e-05 0.000135647 -0.00012844 -0.000294674 -0.000506687 0.000125506 0.000643339 0.000189318 -0.000360171 -2.41314e-06 -0.00053207 -0.000356226 -0.000125102 -0.00014271 -2.23832e-06 -0.000271013 5.1737e-08 9.41296e-06 -0.00010637 -0.000153167 1.5367e-05 9.38967e-05 -2.96664e-05 -5.32683e-05 -0.000139018 -7.71817e-05 -0.000199427 -0.00109397 0.000170582 -8.06671e-05 -0.00054244 7.1818e-05 0.000777949 5.73096e-06 9.78422e-06 -0.000781997 -0.00017597 4.19412e-05 -0.000164596 0.000170145 -0.000215423 -0.000483137 -0.000921298 0.000141115 0.000105483 0.000240812 -0.00123104 0.000219738 -0.000210939 -0.000842959 -0.000189432 -0.000502864 -3.2351e-05 -1.90861e-05 -0.000172044 -0.000497605 -2.71135e-05 7.83509e-05 0.000951573
internal_weight=592769 19610 14846 14639 8148 6491 3923 2728 2568 887 1195 2421 573159 1847 1400 1032 9896 4724 5172 563263 437010 21374 19069 415636 45427 17335 16882 12515 11417 7645 896 3772 6749 1416 3499 579 370209 363546 1098 18575 5333 3014 28092 6663 2530 1139 25989 22992 6634 703 1258 17290 569 16721 2363 126253 115304 10949 760 112618 15943 638
internal_count=592769 19610 14846 14639 8148 6491 3923 2728 2568 887 1195 2421 573159 1847 1400 1032 9896 4724 5172 563263 437010 21374 19069 415636 45427 17335 16882 12515 11417 7645 896 3772 6749 1416 3499 579 370209 363546 1098 18575 5333 3014 28092 6663 2530 1139 25989 22992 6634 703 1258 17290 569 16721 2363 126253 115304 10949 760 112618 15943 638
is_linear=0
shrinkage=0.05


Tree=137
num_leaves=63
num_cat=0
split_feature=29 29 29 25 29 0 29 22 27 31 1 21 17 0 22 0 25 21 0 24 0 24 22 25 25 17 28 17 18 25 0 25 0 25 22 22 0 25 21 22 0 18 6 6 21 27 22 21 3 13 24 27 0 25 21 17 3 1 13 21 0 22
split_gain=0.0390374 0.069232 0.0531918 0.121626 0.109399 0.0741544 0.0496302 0.0464634 0.106734 0.0431161 0.0373922 0.0371442 0.0375495 0.156444 0.085931 0.0781992 0.0637363 0.0798276 0.0828091 0.0782736 0.111191 0.0892979 0.0694544 0.0630826 0.0682701 0.0609823 0.0973508 0.096656 0.181825 0.200294 0.135866 0.125492 0.256136 0.128969 0.117208 0.102167 0.0939969 0.150832 0.136832 0.552454 0.380981 0.272962 0.254174 0.177608 0.179405 0.130398 0.126206 0.139158 0.121297 0.105475 0.105167 0.0970035 0.0953842 0.0938749 0.15996 0.154612 0.238316 0.134819 0.0927599 0.0907927 0.148679 0.107901
threshold=88.000000000000014 101.00000000000001 51.500000000000007 37.0859497707008 49.500000000000007 120733.66765096645 74.500000000000014 1.0000000180025095e-35 0.0046508848332298394 33.500000000000007 6.2700000000000005 5.5000000000000009 10.500000000000002 433272.79972490965 7.5000000000000009 906796.42707333993 99.092893815221657 1.5000000000000002 140820.08675990006 62.113664681329475 353945.15045855014 95.853410232249558 2.5000000000000004 97.1294705127886 1.0000000180025095e-35 7.5000000000000009 -0.18853749084783392 6.5000000000000009 2.5000000000000004 76.194562782076602 245944.27829954261 34.405898783828633 370733.78167759435 0.81217448231731881 5.5000000000000009 5.5000000000000009 404982.30205976602 74.592844075564599 1.5000000000000002 1.0000000180025095e-35 159522.8956612758 1.0000000180025095e-35 183.50000000000003 183.50000000000003 2.5000000000000004 0.0053707699281525419 3.5000000000000004 1.5000000000000002 5450.7000000000007 0.44500000000000001 83.035423761354295 0.0039608714217814331 161524.32375921449 24.38141590321619 2.5000000000000004 5.5000000000000009 5795.7500000000009 6.6300000000000008 0.31500000000000011 1.5000000000000002 205030.2629957092 4.5000000000000009
decision_type=2 2 2 2 2 2 2 2 2 2 2 2 2 2 2 2 2 2 2 2 2 2 2 2 2 2 2 2 2 2 2 2 2 2 2 2 2 2 2 2 2 2 2 2 2 2 2 2 2 2 2 2 2 2 2 2 2 2 2 2 2 2
left_child=2 9 4 5 11 -4 -5 8 -7 -2 -6 12 25 14 16 23 17 19 -19 -14 21 -21 -20 24 -15 27 -27 34 31 30 -30 32 33 -29 36 -33 38 46 49 40 48 43 53 52 50 -44 47 -38 -40 -1 -45 -50 -41 -43 -55 57 -57 -56 -32 61 -61 -35
right_child=1 -3 3 6 10 7 -8 -9 -10 -11 -12 -13 13 15 -16 -17 -18 18 22 20 -22 -23 -24 -25 -26 26 -28 28 29 -31 58 35 -34 59 -36 -37 37 -39 39 41 -42 42 45 44 -46 -47 -48 -49 51 -51 -52 -53 -54 54 55 56 -58 -59 -60 60 -62 -63
leaf_value=1.1719197915864996e-05 -0.0012514817821347487 7.6021521075982529e-05 0.00085708492501885853 0.0006703712441093547 -0.00034300597151886185 -0.00030805277713514867 2.2740322881190293e-05 -0.00032117786484245667 0.00088998550463775133 -0.0002736052292331462 -0.0013074509560821789 0.00029671857111040963 -0.00011583293349324729 -0.00053196698204967263 0.00024081102048644388 0.00042106821290660405 0.00017912400328499173 0.00029002144672704642 0.00014883992424002601 -0.00074454555317696918 -0.00011216490285966777 0.00023671261785055705 -0.00052153480369339681 -0.00054658293484744326 9.7612913888559555e-05 0.0011537415950371331 5.8389113484715365e-05 -0.0017066836730401859 -0.0020629840856867926 0.00013303254345764897 -0.0010834909368152626 4.0914210458966974e-05 0.00010681349387183322 -0.00073316095884460393 0.00049721479571092657 -0.00060269471712743445 -0.00011989455392966188 -0.00032280625366043589 0.0013693325887895341 -0.00056700370402076904 1.9494332614873266e-05 -0.00078441118955642367 -1.4993304577399723e-05 -0.00086537327506736668 -0.00017646244283004526 0.00046356037582718731 0.00051105002204881859 5.8388418120451874e-05 0.00022742370552745312 0.00012587531783947372 0.00026929741697198618 0.00079642956869329425 -6.6960933776601028e-05 -0.00045975807829508949 -0.0010568362456156158 -0.0005245101058234693 0.00085575571348534105 0.0001672818165075134 -0.00021151203520722653 0.0004399522886206156 -0.00064093188937279467 3.3821285038963353e-05
leaf_weight=384009 229 521 205 1235 201 469 389 1310 308 222 201 1052 1972 460 1021 1454 827 1068 612 2774 1317 253 1048 460 6736 204 35933 204 207 744 656 16869 3280 2249 1194 640 26801 5033 440 1322 17252 924 5488 3742 1603 1922 1036 18501 1681 21360 216 1351 3423 3398 442 465 955 458 570 676 601 576
leaf_count=384009 229 521 205 1235 201 469 389 1310 308 222 201 1052 1972 460 1021 1454 827 1068 612 2774 1317 253 1048 460 6736 204 35933 204 207 744 656 16869 3280 2249 1194 640 26801 5033 440 1322 17252 924 5488 3742 1603 1922 1036 18501 1681 21360 216 1351 3423 3398 442 465 955 458 570 676 601 576
internal_value=2.03011e-08 -0.000316587 5.40314e-07 0.000184207 -6.83125e-07 -5.03498e-05 0.000515243 -0.000139485 0.000166845 -0.000770132 -0.000825228 -1.18906e-07 -6.51407e-07 -6.798e-05 -0.000195865 8.492e-05 -0.000241032 -0.000279452 -5.34221e-05 -0.000377078 -0.000495673 -0.000662531 -0.000274385 2.10799e-05 5.73674e-05 1.72615e-06 6.45726e-05 -2.55658e-06 -9.42337e-05 -0.000532565 -0.000878137 -5.62083e-05 -0.000226075 -0.000479646 2.41387e-06 1.73886e-05 1.23658e-06 -6.28426e-05 8.54439e-06 -7.40905e-05 0.000115668 -0.000235538 -9.21955e-05 -0.000430983 -0.000622717 0.000109134 -3.46066e-05 -4.70851e-05 0.000593543 1.77344e-05 -0.000803451 0.000480962 -0.000206277 -0.000316804 -0.000241241 7.88116e-05 0.000403767 -0.000433896 -0.000678085 -0.000418623 -6.87489e-05 -0.000576778
internal_weight=592769 972 591797 3916 587881 2292 1624 2087 777 451 402 587479 586427 20002 10892 9110 9871 9044 2728 6316 4344 3027 1660 7656 7196 566425 36137 530288 27272 2177 1433 25095 7586 4306 503016 17509 501822 51371 450451 45082 20724 24358 14052 10306 5561 7410 46338 45302 3472 405369 3958 3032 4745 6642 5718 2320 1420 900 1226 4102 1277 2825
internal_count=592769 972 591797 3916 587881 2292 1624 2087 777 451 402 587479 586427 20002 10892 9110 9871 9044 2728 6316 4344 3027 1660 7656 7196 566425 36137 530288 27272 2177 1433 25095 7586 4306 503016 17509 501822 51371 450451 45082 20724 24358 14052 10306 5561 7410 46338 45302 3472 405369 3958 3032 4745 6642 5718 2320 1420 900 1226 4102 1277 2825
is_linear=0
shrinkage=0.05


Tree=138
num_leaves=63
num_cat=0
split_feature=28 0 21 26 22 17 26 26 22 20 26 0 29 30 0 19 20 0 23 20 0 26 22 20 30 17 26 23 21 17 22 0 3 22 3 5 29 0 29 0 0 20 3 28 3 26 26 17 0 0 26 31 30 26 30 29 30 0 0 17 3 30
split_gain=0.0385355 0.147971 0.11009 0.113885 0.108454 0.0903106 0.10392 0.089461 0.108415 0.0840814 0.0779449 0.0618032 0.0905864 0.0650683 0.0612821 0.109113 0.151377 0.194154 0.15103 0.118165 0.205092 0.165889 0.122741 0.114189 0.121915 0.0988301 0.224007 0.202217 0.216296 0.282071 0.417368 0.212163 0.201215 0.181678 0.199029 0.170666 0.185786 0.162813 0.151088 0.137622 0.125446 0.128559 0.117785 0.115526 0.115435 0.158614 0.10766 0.117372 0.104984 0.10049 0.100414 0.0983149 0.109289 0.15378 0.135334 0.131209 0.182441 0.132542 0.184773 0.145319 0.283506 0.127874
threshold=-0.038867510126359466 395025.46561632113 1.0000000180025095e-35 12.697231610339053 2.5000000000000004 4.5000000000000009 60.923306343641563 56.271861309787504 4.5000000000000009 6.5000000000000009 91.919111772303708 96825.21273569265 2.5000000000000004 17.500000000000004 310158.0586648396 1.0000000180025095e-35 2.5000000000000004 94806.461533960624 1.0000000180025095e-35 1.0000000180025095e-35 133452.95339150439 69.45347725893707 2.5000000000000004 3.5000000000000004 12.500000000000002 2.5000000000000004 56.561237854913109 1.0000000180025095e-35 1.5000000000000002 5.5000000000000009 1.0000000180025095e-35 137974.91001495474 6415.4000000000005 1.0000000180025095e-35 5574.6500000000005 139.48850000000002 11.500000000000002 251863.03268797896 12.500000000000002 137974.91001495474 56917.347622519876 1.5000000000000002 5795.7500000000009 -0.0002340223364287741 7099.2000000000016 36.820623672163727 95.136470443274803 1.0000000180025095e-35 166511.39409750554 41774.57154821053 57.98865496168272 61.000000000000007 78.500000000000014 65.489141580406383 109.50000000000001 21.500000000000004 44.500000000000007 181349.2959676834 128790.42997428129 1.0000000180025095e-35 5293.8000000000011 58.500000000000007
decision_type=2 2 2 2 2 2 2 2 2 2 2 2 2 2 2 2 2 2 2 2 2 2 2 2 2 2 2 2 2 2 2 2 2 2 2 2 2 2 2 2 2 2 2 2 2 2 2 2 2 2 2 2 2 2 2 2 2 2 2 2 2 2
left_child=1 2 3 -1 10 6 -6 -7 -9 -4 11 12 -5 -14 15 23 17 -17 19 -19 22 -22 -21 25 -25 44 27 28 40 30 32 -29 39 34 -28 50 49 42 -38 -30 41 -27 -31 -32 46 -46 51 -48 -45 -37 -35 52 55 54 -54 -2 -57 58 61 60 -60 -58
right_child=14 -3 9 4 5 7 -8 8 -10 -11 -12 -13 13 -15 -16 16 -18 18 -20 20 21 -23 -24 24 -26 26 33 31 29 37 43 -33 -34 35 -36 36 38 -39 -40 -41 -42 -43 -44 48 45 -47 47 -49 -50 -51 -52 -53 53 -55 -56 56 57 -59 59 -61 -62 -63
leaf_value=-0.0010017237014571122 -4.5211409400182803e-06 0.00025766696712671854 -0.00012826736240312465 -0.00012436760045406005 0.00020476643088996211 -0.00059498741754382802 -0.0011258758441343242 -0.00018084992555913586 0.001038268028439775 0.0007085344594466355 -0.0006816967317184511 0.00013566577975064167 0.00048755131948295205 0.0013856744244276752 -3.4063191303111619e-05 0.00040399378094820991 0.00024843006575400126 -0.00012673796189018456 0.00065389391039343545 -0.0006458642493533984 -0.00045515235543971879 0.0002319989753657842 -0.0023122759063505943 -4.529336367132133e-05 -0.00036422496563811316 -0.00031974575940880935 0.00044626685869936537 -0.00049343581644500532 0.0010771909111433476 -0.00063598835592441503 -0.00066789620884927497 6.4437216246734393e-05 -0.00014382587451799032 0.00044000115232580966 1.5637686500800593e-05 0.00081643293065781759 -0.0014587014815135926 -0.00024776029312432567 -0.00031597570803397913 0.00025445089245376972 0.000170361595404777 0.00093158055128436581 0.00024090181375711211 -0.00049441342602141928 -0.00075617424780436218 -3.198714882121014e-05 0.00088087882370943376 -0.00010886146491509298 -0.00011440072442781002 -3.1796730804421642e-05 -0.00040750017921193027 0.00070838773883426459 -0.00070246322088866279 0.00046494951465684452 -5.6429406211790318e-05 0.00090871345829823022 4.5764096040767513e-05 0.00042338352907544442 -0.0024168926646283384 -0.0001379524690247021 0.00011991338185907808 0.001564677366409609
leaf_weight=220 223304 6933 11837 583 223 340 429 392 341 308 225 4029 2202 222 122894 1431 2652 10522 500 232 4540 1089 211 14832 3755 2143 3417 2958 588 394 2215 4021 3495 375 12494 353 359 2184 1489 3749 65864 227 13650 2925 1200 2044 716 515 4800 32190 5141 486 1749 605 1511 887 432 1794 238 906 205 204
leaf_count=220 223304 6933 11837 583 223 340 429 392 341 308 225 4029 2202 222 122894 1431 2652 10522 500 232 4540 1089 211 14832 3755 2143 3417 2958 588 394 2215 4021 3495 375 12494 353 359 2184 1489 3749 65864 227 13650 2925 1200 2044 716 515 4800 32190 5141 486 1749 605 1511 887 432 1794 238 906 205 204
internal_value=1.9286e-08 5.69719e-05 -8.19688e-06 0.000122209 0.000149726 -0.000206654 -0.000670764 7.53593e-05 0.000386298 -0.000107046 0.000234392 0.000263687 0.000435218 0.000569805 -2.83437e-06 5.85655e-06 -0.000104883 -0.000155463 -0.000202297 -0.000228095 -0.000403734 -0.000322214 -0.00143957 1.14347e-05 -0.000109725 1.70391e-05 4.6742e-05 8.83876e-05 0.000106164 3.13536e-06 -0.000134482 -0.000172013 0.00013849 -3.47412e-05 0.000108118 -9.16996e-05 -5.02893e-05 0.000153847 -0.000537966 0.000365996 0.000157501 -0.000199893 0.000216301 -0.000349565 -3.66187e-06 -0.000299874 4.52467e-07 0.000466812 -0.000258289 -2.25958e-05 -0.000349884 -2.01863e-06 -3.50787e-06 -0.000267161 -0.000403029 9.62105e-07 0.000263378 0.000111906 -0.000169601 -0.000500833 -0.00124298 0.000532963
internal_weight=592769 28284 21351 9206 8986 1725 652 1073 733 12145 7261 7036 3007 2424 564485 441591 21177 18525 17094 16594 6072 5629 443 420414 18587 401827 165031 109213 102234 34000 17772 6979 7832 55818 15911 39907 34391 16228 1848 4337 68234 2370 14044 9940 236796 3244 233552 1231 7725 32543 5516 232321 231835 3865 3260 227970 4666 3779 1985 1349 443 636
internal_count=592769 28284 21351 9206 8986 1725 652 1073 733 12145 7261 7036 3007 2424 564485 441591 21177 18525 17094 16594 6072 5629 443 420414 18587 401827 165031 109213 102234 34000 17772 6979 7832 55818 15911 39907 34391 16228 1848 4337 68234 2370 14044 9940 236796 3244 233552 1231 7725 32543 5516 232321 231835 3865 3260 227970 4666 3779 1985 1349 443 636
is_linear=0
shrinkage=0.05


Tree=139
num_leaves=63
num_cat=0
split_feature=25 0 17 17 5 0 0 17 0 29 31 18 20 25 26 30 28 25 0 17 30 0 26 18 17 6 0 25 0 18 26 25 25 18 5 5 0 30 17 25 17 29 30 0 17 26 17 26 31 26 26 25 31 18 0 26 25 20 0 25 31 3
split_gain=0.0375772 0.109368 0.0842096 0.152846 0.13147 0.111324 0.228625 0.223699 0.0971446 0.0825709 0.082366 0.0822408 0.0669724 0.0856501 0.0584936 0.057334 0.0517369 0.0517031 0.0474638 0.0669094 0.0715408 0.098773 0.065112 0.0623957 0.17652 0.188804 0.222243 0.144 0.178058 0.0760237 0.0966976 0.0662296 0.0618753 0.0606445 0.0997406 0.0743052 0.0794382 0.0558604 0.0553698 0.104465 0.0814271 0.0545558 0.0946006 0.150885 0.130595 0.177443 0.107251 0.244784 0.121224 0.0957268 0.0889855 0.0827497 0.114683 0.0868881 0.135629 0.126937 0.0797823 0.0949754 0.0722412 0.0716 0.0701016 0.0670733
threshold=93.163827962046369 399983.16676808352 5.5000000000000009 3.5000000000000004 135.63150000000002 102416.78988930429 50989.594365617719 1.0000000180025095e-35 83957.134976897636 5.5000000000000009 1.5000000000000002 1.5000000000000002 1.0000000180025095e-35 95.308857180611383 86.870544048604373 2.5000000000000004 -0.00045986552746091197 97.1294705127886 781283.69989834295 5.5000000000000009 38.500000000000007 1229407.1188283407 25.739688749451936 4.5000000000000009 5.5000000000000009 171.50000000000003 379910.37525377114 22.183019641471613 115331.79263260768 3.5000000000000004 44.887566978080855 88.990457059209874 86.409449961919179 8.5000000000000018 177.79300000000003 140.9145 492915.59179692791 10.500000000000002 11.500000000000002 50.918004934977837 13.500000000000002 21.500000000000004 44.500000000000007 279114.48171261832 1.5000000000000002 48.991683760998932 2.5000000000000004 44.887566978080855 13.500000000000002 23.272918956786416 38.861516121962474 26.144076857925583 16.500000000000004 1.0000000180025095e-35 129725.12518982917 18.108939495791706 21.335964421447656 2.5000000000000004 446512.2233907851 7.9110373345266707 19.500000000000004 6455.0500000000011
decision_type=2 2 2 2 2 2 2 2 2 2 2 2 2 2 2 2 2 2 2 2 2 2 2 2 2 2 2 2 2 2 2 2 2 2 2 2 2 2 2 2 2 2 2 2 2 2 2 2 2 2 2 2 2 2 2 2 2 2 2 2 2 2
left_child=18 2 3 5 11 6 -2 -8 -9 10 -4 -5 -6 -14 -12 -7 -17 -15 23 20 -20 -22 37 29 -25 -26 27 -27 -29 38 -31 32 -30 35 -35 -28 -37 -21 41 -40 -41 -1 43 44 45 -43 47 48 -44 -45 -50 52 56 54 -53 58 57 -48 61 -54 -51 -56
right_child=1 -3 9 4 12 15 7 8 -10 -11 14 -13 13 17 -16 16 -18 -19 19 22 21 -23 -24 24 25 26 33 28 31 30 -32 -33 -34 34 -36 36 -38 -39 39 40 -42 42 46 49 -46 -47 51 -49 50 60 -52 53 59 -55 55 -57 -58 -59 -60 -61 -62 -63
leaf_value=-4.7518009869733619e-06 -0.00063944738857750667 -0.00022610668561089109 0.00084942474085747052 -0.0005083643196351252 0.00020311402896795749 -0.00024599437224329579 0.0022121028893522143 0.00012318608343924025 0.0010308885129112968 -0.00030184038510262172 0.00037535631708704301 -0.0016623966391849836 5.4380515861768779e-05 -0.0010251627772019836 2.8809610924220475e-05 0.00037803807773702561 4.2202825941573083e-05 -0.00013424176205683081 4.8468820272468206e-05 -1.5357513821909835e-07 -0.00013366969423977921 -0.0013670967067992024 0.00014805850935973089 -0.00093657214806887497 0.00037595812206730073 -0.00011538940707784823 0.00024699380617045763 0.00072806980629502513 -0.00082364950188736237 7.9785668193249703e-06 0.0012375719797884709 -0.0015275965896851909 9.3773945780518204e-05 0.00030847572876452063 -7.4853157896402302e-05 -0.00094026780422005031 -0.00014622594575745235 0.00091743724104538418 -0.00079322691559842538 -0.00022630322691104732 0.00073745871942892472 0.00010026991969309765 -0.0006016974234993789 0.00084149518029996099 0.0002340940881290932 0.0017006626154416411 0.00051646767877742928 0.00011755834872007509 0.0001521843825854187 -0.0005489968328257019 -0.00071470197639569822 -0.0013894500046741148 -0.00070747412535829637 0.00021752112471956587 -0.00039376887264377627 0.00014244665114661003 0.0012561062462960572 -0.00029619372010811001 1.2847654313269791e-05 0.00016305829122784999 0.00043859411852916234 -0.0016486046602689646
leaf_weight=516732 361 2867 633 529 1102 1348 226 712 503 607 3245 218 767 457 1949 1434 5726 253 4216 239 619 220 5375 609 2068 1931 531 200 1639 371 281 295 207 2693 4588 513 816 542 638 960 284 267 2434 227 841 493 2396 6435 1281 715 385 211 352 2999 203 1870 297 423 254 718 240 224
leaf_count=516732 361 2867 633 529 1102 1348 226 712 503 607 3245 218 767 457 1949 1434 5726 253 4216 239 619 220 5375 609 2068 1931 531 200 1639 371 281 295 207 2693 4588 513 816 542 638 960 284 267 2434 227 841 493 2396 6435 1281 715 385 211 352 2999 203 1870 297 423 254 718 240 224
internal_value=1.83218e-08 6.27656e-05 0.000104031 3.36793e-05 -0.000261049 0.000128758 0.00048576 0.000767648 0.000498967 0.000253132 0.000310943 -0.00084515 -9.18655e-05 -0.000311952 0.000245318 5.31452e-05 0.000109464 -0.000707694 -2.50739e-06 9.93551e-05 -3.54418e-05 -0.000457095 0.000210044 -4.55168e-06 -0.000101585 -6.87383e-05 -0.000137301 -0.000435017 -0.000698666 -1.67392e-06 0.000537911 -0.000831944 -0.000720775 1.83512e-06 6.69275e-05 -0.00025297 -0.00045273 0.000636638 -2.32316e-06 -0.000273056 -6.2804e-06 -1.3796e-06 7.35194e-05 0.000347043 0.00066338 0.00113842 3.63542e-05 -7.48226e-05 -0.000376767 -8.14304e-05 -4.81465e-05 0.000154103 0.000323286 3.1173e-05 -0.000171165 -7.03975e-05 0.000476646 0.000394525 -0.000654859 -0.000123322 -0.000300806 -0.00105204
internal_weight=592769 22937 20070 13636 3326 10310 1802 1441 1215 6434 5827 747 2579 1477 5194 8508 7160 710 569832 11211 5055 839 6156 558621 16090 15481 13413 4272 2341 542531 652 2141 1846 9141 7281 1860 1329 781 541879 1882 1244 539997 23265 2783 1601 760 20482 10535 4100 1182 1666 9947 4186 5761 2762 2551 3116 2819 681 1070 955 427
internal_count=592769 22937 20070 13636 3326 10310 1802 1441 1215 6434 5827 747 2579 1477 5194 8508 7160 710 569832 11211 5055 839 6156 558621 16090 15481 13413 4272 2341 542531 652 2141 1846 9141 7281 1860 1329 781 541879 1882 1244 539997 23265 2783 1601 760 20482 10535 4100 1182 1666 9947 4186 5761 2762 2551 3116 2819 681 1070 955 427
is_linear=0
shrinkage=0.05


Tree=140
num_leaves=63
num_cat=0
split_feature=30 30 29 29 17 26 0 17 20 25 29 29 31 17 25 0 24 25 0 29 26 31 31 0 22 26 25 25 0 0 24 24 25 26 26 24 25 26 26 24 0 26 26 26 24 0 30 30 3 25 17 25 17 25 25 26 25 26 0 25 0 31
split_gain=0.0460104 0.0976585 0.0938891 0.117176 0.211017 0.0822982 0.14037 0.0623633 0.188423 0.080117 0.0626001 0.0866816 0.172914 0.102491 0.0868701 0.0867702 0.0618696 0.0654248 0.105053 0.0716251 0.0805667 0.0613795 0.0740889 0.0672066 0.111496 0.10801 0.0906594 0.13557 0.127897 0.0898959 0.0891374 0.0776861 0.112809 0.0805507 0.0773403 0.131291 0.28461 0.0654691 0.0604508 0.0864866 0.0846447 0.0610086 0.101673 0.0641422 0.0966183 0.0600331 0.118049 0.0843285 0.0585977 0.058349 0.0581152 0.0563753 0.0556846 0.0966862 0.163584 0.132258 0.0959892 0.0873994 0.109679 0.0817674 0.123354 0.0943654
threshold=2.5000000000000004 3.5000000000000004 6.5000000000000009 4.5000000000000009 4.5000000000000009 96.480185198186078 165489.2010463789 2.5000000000000004 1.5000000000000002 97.961027016796464 4.5000000000000009 2.5000000000000004 15.500000000000002 1.0000000180025095e-35 40.155823803891224 118920.88415657535 97.231397602861279 93.163827962046369 399983.16676808352 2.5000000000000004 42.261621255244449 13.500000000000002 23.500000000000004 142591.86938210868 1.0000000180025095e-35 18.517829348366202 4.5270828533787304 31.663758667122735 112606.3426449547 235723.19924998403 29.751697095856162 29.062067821456424 33.655734194946916 39.313937371931125 43.548104884419921 37.428693435038632 37.0859497707008 67.527533235512877 43.791015081280868 41.24220133320545 124326.37906049102 84.49321953835134 69.864713896157014 57.775833038488663 72.732873248331842 183652.3765976998 10.500000000000002 9.5000000000000018 5450.7000000000007 68.618117584860457 1.5000000000000002 53.146075699242594 3.5000000000000004 63.799864219292708 51.235262131058931 35.097925190268782 68.126295530883496 23.272918956786416 170400.56836539897 33.655734194946916 152761.6676525597 7.5000000000000009
decision_type=2 2 2 2 2 2 2 2 2 2 2 2 2 2 2 2 2 2 2 2 2 2 2 2 2 2 2 2 2 2 2 2 2 2 2 2 2 2 2 2 2 2 2 2 2 2 2 2 2 2 2 2 2 2 2 2 2 2 2 2 2 2
left_child=5 2 3 52 -5 7 -7 8 9 10 11 21 15 -14 -15 -13 17 -3 19 -19 -21 23 -23 25 34 30 48 28 -28 -26 -1 -29 -33 -34 35 36 -25 -30 39 -35 -41 42 43 44 -40 46 -22 -47 -27 -37 51 -31 53 54 55 57 -55 -2 -59 60 -57 -61
right_child=1 16 -4 4 -6 6 -8 -9 -10 -11 -12 12 13 14 -16 -17 -18 18 -20 20 45 22 -24 24 29 26 27 31 37 50 -32 32 33 38 -36 49 -38 -39 41 40 -42 -43 -44 -45 -46 47 -48 -49 -50 -51 -52 -53 -54 56 -56 59 -58 58 -60 61 -62 -63
leaf_value=-0.00097735285229459071 0.00037531904703158174 -2.0568594714984465e-06 -0.00088442045803190615 0.0020628986396591894 -3.0926952679762439e-05 -0.001661634284397837 0.00016476051161758775 1.2078997612581115e-05 -0.0013632874937710379 -0.00072973303818328671 0.00032267781230535736 -0.00084046054570522917 0.001017268857158165 0.00053992848606925793 -0.00043272910769046188 -0.00028687988868509749 0.00015296332084417246 0.00054488907733374066 -0.00022607187626039611 0.00086460152079369029 0.00014525674131260911 -0.00047504262218628444 0.00041182942124669037 0.00039062236328237231 -4.6228809892774093e-05 -0.001134327169867838 0.00024101541567875858 0.00072294547286840547 0.0016021282904003569 0.00093264999624887682 3.0371910868276981e-05 -0.001041326271978858 -0.00022212455563242514 -0.00037778684501642024 -0.00024732125169056417 0.00017563666038070648 -0.0011078784134280074 0.00051032172067025979 9.0819154106078551e-05 0.0011002325564646081 -0.00011410531401270419 0.00065310752639258381 -0.00037205262930300678 0.00036094654373497893 -0.00061383884472139701 7.0344970292115022e-05 0.0011120320075197485 -0.00037935771405576269 -0.00016371015365589515 0.0010058912194965939 0.00012929169575612268 6.0137804741518469e-05 4.8706963410613495e-07 0.0016061971118072832 -0.00060657038975270566 -0.00087083978135402737 0.00043346069100685323 0.0021417415241594428 0.0005113100676356401 0.00011268858557862392 0.0002032862444521663 0.0010364324481544342
leaf_weight=456 667 464289 212 224 260 206 215 46954 280 445 1068 1048 308 390 558 2181 6847 1018 2246 347 7844 1454 281 621 5035 228 1538 407 314 589 423 245 2339 220 9683 1909 647 244 4990 508 200 420 1298 1869 539 5246 329 1301 489 238 1311 270 4105 213 636 471 965 200 213 1461 618 341
leaf_count=456 667 464289 212 224 260 206 215 46954 280 445 1068 1048 308 390 558 2181 6847 1018 2246 347 7844 1454 281 621 5035 228 1538 407 314 589 423 245 2339 220 9683 1909 647 244 4990 508 200 420 1298 1869 539 5246 329 1301 489 238 1311 270 4105 213 636 471 965 200 213 1461 618 341
internal_value=9.77873e-07 6.96798e-06 0.000157217 0.000178504 0.000938116 -3.14333e-05 -0.000728915 -2.82414e-05 -7.02725e-05 -6.21844e-05 -5.54815e-05 -6.48197e-05 -0.000272923 0.000224863 -3.25852e-05 -0.000466549 3.71845e-06 1.60109e-06 9.42499e-05 0.000138977 0.000111552 -4.07427e-05 -0.000331405 -2.71241e-05 -8.82644e-05 4.70873e-05 7.701e-05 0.000103042 0.000476273 6.97165e-05 -0.000492407 4.30278e-05 2.1114e-05 4.21346e-05 -0.000175167 2.94207e-05 -0.000373991 0.00112471 0.000103674 0.000488129 0.000757199 6.45369e-05 3.61101e-05 0.000107723 2.21249e-05 9.38001e-05 0.000184174 -1.90186e-05 -0.000472358 0.000267672 0.000338742 0.000658403 0.00014133 0.000241271 0.000137908 0.000257145 0.000645509 0.000729255 0.00130087 8.07772e-05 -0.000261281 0.000287493
internal_weight=592471 500053 10586 10374 484 92418 421 91997 45043 44763 44318 43250 4485 1256 948 3229 489467 482620 18331 16085 15067 38765 1735 37030 20303 16727 15848 15131 2096 7205 879 13035 12628 12383 13098 3415 1268 558 10044 928 708 9116 8696 7398 5529 14720 8173 6547 717 2147 2170 859 9890 5785 4607 3971 1178 1080 413 2891 1089 1802
internal_count=592471 500053 10586 10374 484 92418 421 91997 45043 44763 44318 43250 4485 1256 948 3229 489467 482620 18331 16085 15067 38765 1735 37030 20303 16727 15848 15131 2096 7205 879 13035 12628 12383 13098 3415 1268 558 10044 928 708 9116 8696 7398 5529 14720 8173 6547 717 2147 2170 859 9890 5785 4607 3971 1178 1080 413 2891 1089 1802
is_linear=0
shrinkage=0.05


Tree=141
num_leaves=63
num_cat=0
split_feature=28 26 22 17 24 26 24 3 24 20 18 21 21 0 24 0 0 3 17 3 17 24 27 3 3 0 24 24 20 17 24 27 24 21 26 22 0 0 21 18 20 0 17 27 0 18 6 22 7 20 20 22 5 3 22 18 0 20 22 26 26 0
split_gain=0.0423295 0.0783011 0.0644471 0.168141 0.0626722 0.0522082 0.0507314 0.0827491 0.0583191 0.0477521 0.067949 0.220266 0.114895 0.29952 0.113816 0.110652 0.109603 0.108706 0.0841227 0.0606421 0.058308 0.0508036 0.0468734 0.0461167 0.0459091 0.0441235 0.143393 0.0605934 0.0526721 0.0384748 0.0481226 0.0384062 0.0374544 0.0370537 0.124791 0.109129 0.0658184 0.0940925 0.0597222 0.293987 0.382444 0.201774 0.211848 0.151066 0.15 0.148084 0.146515 0.173514 0.111168 0.670738 0.269769 0.102419 0.252597 0.140022 0.129126 0.100496 0.0983186 0.0952318 0.0903108 0.0869606 0.0941956 0.0969817
threshold=-0.094290532495402243 91.919111772303708 2.5000000000000004 4.5000000000000009 50.66757566353391 46.788747085507786 27.337580253525065 6276.8000000000002 68.250691397436782 5.5000000000000009 1.0000000180025095e-35 1.5000000000000002 1.5000000000000002 227456.03654495333 38.533362994374279 310158.0586648396 322476.50449600402 6627.0000000000009 9.5000000000000018 6788.1000000000013 10.500000000000002 83.68352059571329 0.018118430090742144 6059.5500000000011 6593.2000000000016 85174.409413210771 64.128291230635099 75.306777215588383 1.0000000180025095e-35 10.500000000000002 92.790837360417214 0.020642464222777511 56.916044649400412 3.5000000000000004 29.734080389557409 3.5000000000000004 229073.78610854855 453431.71461718489 1.5000000000000002 1.0000000180025095e-35 2.5000000000000004 207786.81899077081 6.5000000000000009 0.0066239101710610501 366201.24531548796 2.5000000000000004 180.25000000000003 1.0000000180025095e-35 4.9500000000000011 3.5000000000000004 3.5000000000000004 1.0000000180025095e-35 140.9145 6427.6500000000005 1.5000000000000002 1.5000000000000002 522015.39771869255 4.5000000000000009 4.5000000000000009 23.455665173384805 62.662362433562919 188519.21871477322
decision_type=2 2 2 2 2 2 2 2 2 2 2 2 2 2 2 2 2 2 2 2 2 2 2 2 2 2 2 2 2 2 2 2 2 2 2 2 2 2 2 2 2 2 2 2 2 2 2 2 2 2 2 2 2 2 2 2 2 2 2 2 2 2
left_child=1 2 6 -4 -5 -6 7 -1 23 22 11 15 14 -14 18 -11 19 -13 -12 -16 -21 -19 33 32 -17 26 -24 28 -27 30 -15 -10 -8 38 36 -36 -35 -38 -2 40 44 48 43 -43 46 55 58 -48 50 51 -41 53 54 -50 -53 56 -44 -42 -40 -49 61 -61
right_child=9 -3 3 4 5 -7 8 -9 31 10 12 17 13 29 16 24 -18 21 -20 20 -22 -23 25 -25 -26 27 -28 -29 -30 -31 -32 -33 -34 34 35 -37 37 -39 39 41 57 42 45 -45 -46 -47 47 59 49 -51 -52 52 -54 -55 -56 -57 -58 -59 -60 60 -62 -63
leaf_value=0.0014145523754335375 7.0565131695872809e-06 -0.00080133913480291317 -0.0013905814143485395 0.00070670079244825924 -0.00065622701123807482 0.00027294754473825223 -4.9818228909474624e-05 0.00012676953802791927 0.00030342746797845817 -0.00063772409900654926 0.00092258609582918549 0.0011427093130212793 -0.0018041293440002903 -0.0008219335637722207 -0.00021097971360585293 -0.00051289700329634454 9.9502486731455525e-05 0.00072550310805359305 -0.00016677571193720158 -0.00047700013738065096 -0.0013428591379999069 3.346945444627636e-05 0.00084408630616694962 0.00015382458237861511 0.00016781131754336316 -0.00084504136450138539 -0.00055288036723041248 0.00012416031869446777 -0.00021972833234347778 0.00022720972572679525 0.00015570181285037211 0.00096735469063083477 -0.00082024425062367571 0.00043095530610773336 2.9419783987553829e-05 -0.00045354210524287824 -2.0753498186188889e-05 0.00046280523823249449 -0.00022433051282124287 0.00022440546264973924 0.00091740157866425592 -2.1504735484135566e-05 -0.00033687561023412142 0.00029772031013132477 -2.5260568308608939e-06 -0.00069850519830430948 -5.584998945951355e-05 -0.00035667979378900929 0.00053442015563596318 -0.0019152163611975846 0.0013762649153713858 -0.00062744431085397234 0.0002584982694441885 -0.00048881512100128329 7.4101787962128083e-05 0.0005951295621772401 2.591937389393815e-05 -0.00018625436876091667 0.00038772854029902964 -0.0011714863338660032 0.00022309704649599337 -0.00062719425064695618
leaf_weight=229 476070 219 229 307 289 317 443 274 1790 1098 423 448 388 312 904 314 1411 376 305 516 312 900 353 1893 1173 639 383 510 712 393 211 248 245 2546 6015 1452 3511 1410 6432 6043 909 30693 5022 4215 4510 1522 1840 2155 2457 413 555 1616 4885 387 1104 416 2973 249 665 1254 232 2356
leaf_count=229 476070 219 229 307 289 317 443 274 1790 1098 423 448 388 312 904 314 1411 376 305 516 312 900 353 1893 1173 639 383 510 712 393 211 248 245 2546 6015 1452 3511 1410 6432 6043 909 30693 5022 4215 4510 1522 1840 2155 2457 413 555 1616 4885 387 1104 416 2973 249 665 1254 232 2356
internal_value=9.28979e-07 0.000127991 0.000160481 -0.000179169 0.000124679 -0.000170174 0.00023621 0.000713056 0.000184282 -4.7675e-07 -0.000111759 3.49077e-05 -0.000233883 -0.0006398 -9.7144e-05 -0.000257032 -0.000227627 0.000472648 0.000466191 -0.000494128 -0.000803266 0.000237392 1.35395e-06 2.64086e-05 2.40706e-05 -0.000210588 0.000117132 -0.000340197 -0.000515491 -0.000146612 -0.000427515 0.000384219 -0.000324171 2.31301e-06 8.00401e-05 -6.44949e-05 0.000224575 0.000117799 2.36388e-07 -3.89281e-05 -0.000202663 1.52166e-05 -4.09321e-05 1.70404e-05 -0.000255236 -0.000244667 -0.000331553 -0.000480587 0.000159418 6.10879e-05 0.000321296 0.000139202 4.34743e-05 0.000395182 -0.000342699 -0.000162544 -0.000201968 0.000680087 -0.00016698 -0.000610905 -0.000753502 -0.000816264
internal_weight=592471 6483 6264 1142 913 606 5122 503 4619 585988 9484 4309 5175 1304 3871 2585 3143 1724 728 1732 828 1276 576504 2581 1487 2597 736 1861 1351 916 523 2038 688 573907 14934 7467 7467 4921 558973 82903 20602 62301 44841 34908 19444 9933 14934 7837 17460 10862 6598 10449 7605 2844 2720 8411 7995 1158 7097 5997 3842 3610
internal_count=592471 6483 6264 1142 913 606 5122 503 4619 585988 9484 4309 5175 1304 3871 2585 3143 1724 728 1732 828 1276 576504 2581 1487 2597 736 1861 1351 916 523 2038 688 573907 14934 7467 7467 4921 558973 82903 20602 62301 44841 34908 19444 9933 14934 7837 17460 10862 6598 10449 7605 2844 2720 8411 7995 1158 7097 5997 3842 3610
is_linear=0
shrinkage=0.05


Tree=142
num_leaves=63
num_cat=0
split_feature=30 30 29 29 17 17 20 24 25 0 30 24 0 0 25 25 25 24 0 24 27 25 31 28 7 23 21 0 29 0 30 31 31 0 0 31 29 17 29 30 0 31 30 29 30 29 0 31 30 31 31 31 0 0 17 17 30 0 0 4 0 0
split_gain=0.0414429 0.0878148 0.0847476 0.106194 0.18989 0.0622949 0.168753 0.0920171 0.0617978 0.056254 0.115701 0.0590931 0.062491 0.0576162 0.19724 0.160856 0.111026 0.159921 0.0850512 0.0658935 0.0591463 0.0828375 0.0805554 0.0569284 0.0547893 0.085825 0.0735227 0.224795 0.237025 0.144911 0.104351 0.113444 0.0669911 0.169961 0.151386 0.167928 0.108591 0.102334 0.0662482 0.0622836 0.0959014 0.0919395 0.0684756 0.136822 0.105332 0.10306 0.228043 0.0981041 0.096056 0.0826546 0.0742731 0.0695059 0.0586442 0.0969964 0.0582858 0.0575484 0.0565121 0.111991 0.0851312 0.0756809 0.0558053 0.0554384
threshold=2.5000000000000004 3.5000000000000004 6.5000000000000009 4.5000000000000009 4.5000000000000009 2.5000000000000004 1.5000000000000002 97.231397602861279 97.961027016796464 34739.908005921272 6.5000000000000009 97.231397602861279 164447.93010507483 54169.048251842112 5.8978332682307437 49.645480558772547 9.0950400029819587 24.396749273379374 41774.57154821053 27.337580253525065 0.012370842041465374 26.144076857925583 1.0000000180025095e-35 -0.0062422659570482977 4.1500000000000012 1.0000000180025095e-35 1.0000000180025095e-35 133452.95339150439 4.5000000000000009 239106.01370400234 119.00000000000001 13.500000000000002 1.0000000180025095e-35 128790.42997428129 307127.34211167309 11.500000000000002 2.5000000000000004 1.5000000000000002 1.5000000000000002 8.5000000000000018 139914.22671494601 3.5000000000000004 36.500000000000007 26.500000000000004 71.500000000000014 10.500000000000002 106259.42812028559 1.5000000000000002 15.500000000000002 5.5000000000000009 26.500000000000004 20.500000000000004 79073.686524652498 92784.571430231983 1.5000000000000002 1.5000000000000002 9.5000000000000018 183652.3765976998 227456.03654495333 6.3550000000000013 233999.117664383 404982.30205976602
decision_type=2 2 2 2 2 2 2 2 2 2 2 2 2 2 2 2 2 2 2 2 2 2 2 2 2 2 2 2 2 2 2 2 2 2 2 2 2 2 2 2 2 2 2 2 2 2 2 2 2 2 2 2 2 2 2 2 2 2 2 2 2 2
left_child=5 2 3 -2 -5 6 7 8 -1 10 -3 13 -13 14 -11 16 -16 23 -17 -19 21 -21 -23 -18 25 26 30 28 -28 54 32 -32 33 36 39 -36 38 -35 -15 40 -34 -42 45 50 -45 47 -47 -41 -48 -50 60 -46 -38 -54 -29 -30 58 -58 59 -49 -44 -37
right_child=1 9 -4 4 -6 -7 -8 -9 -10 11 -12 12 -14 24 15 18 17 19 -20 20 -22 22 -24 -25 -26 -27 27 29 55 -31 31 -33 34 37 35 61 52 -39 -40 42 41 -43 43 44 51 46 48 56 49 -51 -52 -53 53 -55 -56 -57 57 -59 -60 -61 -62 -63
leaf_value=-5.204420133195384e-05 0.0001338779501947742 0.001314891832321077 -0.00084058687217928414 0.0019594008810989699 -2.6845725320492003e-05 1.0324144873225637e-05 -0.0012954759465992538 -0.00091439038095572113 -0.00062422044939164801 0.0010884423888352173 0.0001301326466057092 0.00052724471110170558 8.8050217564803235e-05 0.00061307552226863007 -0.0010727797437831603 0.00087924181255395826 0.0012533535640800327 -0.0011331046589856994 4.4180349217425411e-05 9.0499235603699922e-05 -0.00076422063269428967 -0.00084448091672346699 -0.00021807818230567839 0.00014279367722779031 -4.0853110100293027e-06 -0.00065930946800881862 7.2435495826686478e-05 0.00063656398808886359 -0.0014739092461098279 9.0343147173251259e-05 4.0342707451765173e-05 0.0013748781625087681 0.00043095478863913565 -4.7078297596585232e-05 0.00053860695956784528 -1.3312225259684306e-05 0.00016138404673635761 0.00093460822694226356 -0.00030006809490621219 -0.00086363721752278147 -0.00068866784477537065 0.00011826078401411666 0.00091865371433452704 0.0003520192855723408 -0.0013078313517936981 0.00079876322685430679 -0.0015654921411193267 -0.0001755667479540432 0.00022589384321727163 -0.00062632822072725949 -0.00028456842359176975 -7.8662136404934087e-05 0.0016583629029041172 0.00063149945617975607 8.8150464718004843e-05 -0.00058830459910054998 0.00033079881501259212 -0.00024606508271013611 0.00021082269515238547 5.8460538340224073e-07 -3.1161025945926313e-06 -0.0010322816935704874
leaf_weight=44171 9890 233 212 224 260 47174 280 316 477 316 1783 939 5892 301 448 391 205 248 1385 1354 586 713 1832 264 410719 428 2319 3078 306 3225 342 298 1753 5889 2257 322 422 278 584 362 470 1418 825 381 262 349 222 12580 351 1502 216 205 285 1191 575 458 2595 1245 2599 11833 205 228
leaf_count=44171 9890 233 212 224 260 47174 280 316 477 316 1783 939 5892 301 448 391 205 248 1385 1354 586 713 1832 264 410719 428 2319 3078 306 3225 342 298 1753 5889 2257 322 422 278 584 362 470 1418 825 381 262 349 222 12580 351 1502 216 205 285 1191 575 458 2595 1245 2599 11833 205 228
internal_value=8.8253e-07 6.56754e-06 0.000149043 0.000169267 0.000892409 -2.98778e-05 -7.17947e-05 -6.41746e-05 -5.81571e-05 3.48613e-06 0.000267062 2.39604e-06 0.000148423 3.20576e-07 -0.000134977 -0.000187037 -0.000317506 -0.000252462 0.000228026 -0.00033973 -0.00029586 -0.000225468 -0.000393569 0.00062822 2.53568e-06 4.62842e-05 5.11763e-05 0.000175575 -0.000179203 0.000334601 2.72409e-05 0.000661736 1.92988e-05 0.000143545 -7.06443e-06 0.000347698 0.000467894 -2.8252e-06 1.05039e-05 -3.23564e-05 0.000164648 -8.26166e-05 -5.24306e-05 0.000224988 -0.000264927 -6.97002e-05 -0.000383757 -4.53114e-05 -0.000582648 -0.000464898 0.000558414 -0.00076826 0.000681166 0.000829776 0.000550241 -0.00094301 -3.57096e-05 0.000143769 -6.1224e-05 -9.01861e-05 0.000735195 -0.000435721
internal_weight=592471 500053 10586 10374 484 92418 45244 44964 44648 489467 2016 487451 6831 480620 7742 7426 5650 5202 1776 4733 4485 3899 2545 469 472878 62159 61731 9961 3083 6878 51770 640 51130 8950 42180 2807 2783 6167 885 39373 3641 1888 35732 2094 848 33638 2424 31214 2075 1853 1246 467 1898 1476 3653 764 30852 3840 27012 24413 1030 550
internal_count=592471 500053 10586 10374 484 92418 45244 44964 44648 489467 2016 487451 6831 480620 7742 7426 5650 5202 1776 4733 4485 3899 2545 469 472878 62159 61731 9961 3083 6878 51770 640 51130 8950 42180 2807 2783 6167 885 39373 3641 1888 35732 2094 848 33638 2424 31214 2075 1853 1246 467 1898 1476 3653 764 30852 3840 27012 24413 1030 550
is_linear=0
shrinkage=0.05


Tree=143
num_leaves=63
num_cat=0
split_feature=25 0 17 17 5 24 29 0 0 17 26 24 26 0 26 24 24 17 31 25 3 25 24 25 26 25 18 24 24 24 26 24 0 5 0 26 24 25 0 24 18 25 26 26 26 26 24 29 18 29 26 17 24 0 24 26 0 0 25 18 6 3
split_gain=0.0374111 0.100248 0.0715598 0.134554 0.122416 0.159262 0.0931623 0.0902305 0.205706 0.19742 0.0911474 0.0877873 0.0969014 0.141358 0.089107 0.0901777 0.127329 0.120407 0.0842368 0.0804186 0.0798051 0.0996919 0.130218 0.108329 0.086528 0.0851149 0.073897 0.0683187 0.0658333 0.0608271 0.0836361 0.0590991 0.0577495 0.0575359 0.0532104 0.0512636 0.0934421 0.0509108 0.0506246 0.0505628 0.0562909 0.0499307 0.0475987 0.0472907 0.0466861 0.0449709 0.0753596 0.045444 0.0430787 0.0400372 0.0389614 0.134716 0.253291 0.194893 0.17715 0.140367 0.156834 0.105656 0.118197 0.104588 0.180789 0.150319
threshold=93.163827962046369 399983.16676808352 5.5000000000000009 3.5000000000000004 135.63150000000002 80.650491874484274 5.5000000000000009 50989.594365617719 102416.78988930429 1.0000000180025095e-35 74.695384745427631 70.782228744149108 77.138008442011525 166511.39409750554 91.919111772303708 45.651188161068468 38.975669384758923 1.5000000000000002 1.5000000000000002 96.644779444093828 6810.3000000000002 96.644779444093828 96.790430931194493 95.308857180611383 82.7750852278118 99.092893815221657 1.5000000000000002 90.603524730864123 88.08583555685972 54.253822994930999 75.126338128538606 85.454295266375311 87438.417878299137 135.63150000000002 172462.1622865258 86.870544048604373 91.629060008758941 97.1294705127886 230677.22461716292 92.016394279019167 5.5000000000000009 96.047472766735694 71.550136866586314 85.625664967638258 95.136470443274803 77.138008442011525 77.478589140969845 3.5000000000000004 1.0000000180025095e-35 6.5000000000000009 78.378483021823527 1.0000000180025095e-35 68.463920789158934 245944.27829954261 77.243685041205509 81.725766375670403 399983.16676808352 96825.21273569265 21.690229015155001 1.5000000000000002 179.30000000000004 6025.6500000000005
decision_type=2 2 2 2 2 2 2 2 2 2 2 2 2 2 2 2 2 2 2 2 2 2 2 2 2 2 2 2 2 2 2 2 2 2 2 2 2 2 2 2 2 2 2 2 2 2 2 2 2 2 2 2 2 2 2 2 2 2 2 2 2 2
left_child=50 2 3 7 26 37 18 -2 9 -9 -11 14 13 -13 15 16 33 19 -4 -17 21 23 25 34 -25 27 -5 43 44 -19 -31 -7 -12 -10 -14 45 -37 41 -38 48 -41 -6 -15 -23 -27 46 47 -20 -3 -8 -1 52 53 -52 -54 -56 57 -57 -59 60 -53 -61
right_child=1 39 6 4 5 31 49 8 11 10 32 12 20 42 -16 17 -18 29 35 -21 -22 22 -24 24 -26 28 -28 -29 -30 30 -32 -33 -34 -35 -36 36 38 -39 -40 40 -42 -43 -44 -45 -46 -47 -48 -49 -50 -51 51 59 54 -55 55 56 -58 58 -60 61 -62 -63
leaf_value=2.3393484279262252e-06 -0.00064091040056886732 0.00031193386411204149 0.00083839666911098053 -0.00049107743084691308 0.00028452320758063141 -0.0013287431321103967 -0.00077480385522178121 0.0020215286681487979 -0.00056904512869853838 0.0010203421803895586 -0.00016814636323985636 0.0018402126177818169 -0.00031636596123610231 -0.00022093027742632758 0.0008497839052358392 -0.0004688115640595364 0.0010540001382929516 -0.00064766219306096589 -0.00036885488069662105 -0.0015030613474987656 0.00093173059964707741 0.00061298394260329283 -0.00077620048929788129 1.0851251910712005e-05 -0.0012135691045817368 -0.00089298616163304388 -0.0016018547333582383 0.00019847633397990935 0.00056213440996059525 0.00044930321805850324 -0.00056651879794875537 -0.0003860269717821827 0.00078563121160589151 0.0002566185534670643 0.00036281541008455881 -0.00022832488565878494 -8.5595554292126991e-05 0.00055389433018971496 0.00081766799558200996 -0.00027317947180940586 0.00054907741338468708 -0.00040031855809655523 0.00072776981354073886 0.001415035301522771 0.00011241188905068099 0.00056316274811728489 -0.00059480561700350526 0.00042898082100185204 -0.00042565361972590131 2.9895578406480966e-05 -0.00069711431491936834 -0.00025308411756098828 0.0011702925121687769 0.0009954091703852988 -0.00052864931196882584 -0.00030432003776037042 -0.00049426703780082655 0.00016085387838233743 0.00095109635548150091 0.00032461943943329173 -2.9655253014347134e-06 -5.1437522000988891e-05
leaf_weight=520260 368 222 651 528 626 222 287 239 420 440 533 205 529 243 216 466 294 362 206 315 273 418 263 228 393 227 209 475 308 620 301 662 226 424 634 1240 239 645 442 440 395 463 290 328 235 1450 262 1336 1828 335 1049 14489 619 203 494 319 430 730 1345 3436 14410 11726
leaf_count=520260 368 222 651 528 626 222 287 239 420 440 533 205 529 243 216 466 294 362 206 315 273 418 263 228 393 227 209 475 308 620 301 662 226 424 634 1240 239 645 442 440 395 463 290 328 235 1450 262 1336 1828 335 1049 14489 619 203 494 319 430 730 1345 3436 14410 11726
internal_value=8.38404e-07 6.34121e-05 0.000103017 3.80842e-05 -0.000236835 -7.65871e-05 0.000240253 0.000127868 0.000156431 0.000709337 0.000447774 6.25276e-05 0.000194994 0.000724405 -0.000133149 -0.000199455 0.000157894 -0.000396482 0.000302353 -0.000885955 0.000104364 4.84273e-05 0.00026945 -0.000230825 -0.000764023 0.000407575 -0.000806074 0.000667187 -4.09567e-06 -9.85252e-05 0.000117314 -0.000622772 0.000115851 -0.000154257 5.38842e-05 0.00023492 3.01036e-05 0.00020186 0.000500664 -0.000212187 0.000115792 -6.6446e-06 0.000295248 0.000965629 -0.000381582 0.000355833 0.000189188 0.000322396 -0.000345778 -0.000341405 -1.68439e-06 -4.41897e-05 0.000196779 -0.000422688 0.000393775 0.00024891 0.000384927 0.000542845 0.000673083 -7.25683e-05 -0.000128367 3.37842e-05
internal_weight=592471 22961 20076 13628 3355 2618 6448 10273 9905 1438 1199 8467 5049 738 3418 3202 1138 2064 5826 781 4311 4038 2254 1784 621 1991 737 1221 770 1283 921 884 759 844 1163 5175 1921 1734 681 2885 835 1089 533 746 462 3254 1804 1542 2050 622 569510 49250 5189 1252 3937 3318 2824 2394 2075 44061 28899 15162
internal_count=592471 22961 20076 13628 3355 2618 6448 10273 9905 1438 1199 8467 5049 738 3418 3202 1138 2064 5826 781 4311 4038 2254 1784 621 1991 737 1221 770 1283 921 884 759 844 1163 5175 1921 1734 681 2885 835 1089 533 746 462 3254 1804 1542 2050 622 569510 49250 5189 1252 3937 3318 2824 2394 2075 44061 28899 15162
is_linear=0
shrinkage=0.05


Tree=144
num_leaves=63
num_cat=0
split_feature=28 0 3 26 22 7 24 0 26 27 21 0 24 17 18 17 0 0 18 0 24 18 17 5 26 21 22 22 17 17 0 3 6 22 3 22 26 17 27 24 27 30 6 0 30 30 3 20 17 31 29 31 31 30 24 30 6 24 8 30 29 0
split_gain=0.0415675 0.129632 0.105211 0.111314 0.092067 0.121936 0.0960531 0.103735 0.0951051 0.088614 0.107905 0.128734 0.147734 0.102822 0.0971746 0.268356 0.118031 0.0941052 0.142711 0.211077 0.138399 0.11586 0.23393 0.0981794 0.094464 0.0927582 0.102781 0.348167 0.289443 0.129566 0.225947 0.105474 0.10183 0.0915745 0.0997212 0.0854615 0.0831138 0.172348 0.223573 0.224536 0.185445 0.243272 0.13781 0.135045 0.169995 0.214368 0.127095 0.0849907 0.0891294 0.12717 0.24039 0.149816 0.218187 0.139608 0.161856 0.147401 0.106786 0.119471 0.101678 0.0984365 0.316934 0.31202
threshold=-0.032151356876821795 395025.46561632113 7099.2000000000016 12.697231610339053 2.5000000000000004 5.1500000000000012 28.229802062472391 73843.300186490946 92.397620940082945 0.0088560084012186818 2.5000000000000004 128790.42997428129 91.629060008758941 7.5000000000000009 1.5000000000000002 2.5000000000000004 232279.04786341064 346567.40926292335 7.5000000000000009 151873.46741561705 61.84536766451361 2.5000000000000004 3.5000000000000004 136.91400000000002 95.136470443274803 1.0000000180025095e-35 1.0000000180025095e-35 1.5000000000000002 5.5000000000000009 7.5000000000000009 190926.96777620536 6938.7500000000009 179.30000000000004 1.0000000180025095e-35 6237.3000000000002 4.5000000000000009 79.158208864458558 1.0000000180025095e-35 0.0035827459462572735 69.372859920511146 0.0036101578943349469 4.5000000000000009 179.30000000000004 189656.90889442517 7.5000000000000009 9.5000000000000018 4952.9500000000016 5.5000000000000009 1.0000000180025095e-35 19.500000000000004 7.5000000000000009 20.500000000000004 28.500000000000004 14.500000000000002 43.575602435280466 20.500000000000004 188.80000000000004 34.004588803743601 -0.54000000000000037 36.500000000000007 13.500000000000002 212092.91937430226
decision_type=2 2 2 2 2 2 2 2 2 2 2 2 2 2 2 2 2 2 2 2 2 2 2 2 2 2 2 2 2 2 2 2 2 2 2 2 2 2 2 2 2 2 2 2 2 2 2 2 2 2 2 2 2 2 2 2 2 2 2 2 2 2
left_child=1 2 3 -1 6 35 7 -5 -8 17 11 -11 13 14 -13 -16 -17 18 21 -20 -21 24 -23 -22 36 26 28 31 -24 30 -29 -28 -30 34 -27 -6 47 38 39 -38 46 -42 -39 44 -41 -46 -40 48 49 56 51 -51 -53 -52 -55 -56 59 -58 -50 -2 61 -61
right_child=9 -3 -4 4 5 -7 8 -9 -10 10 -12 12 -14 -15 15 16 -18 -19 19 20 23 22 25 -25 -26 33 27 29 32 -31 -32 -33 -34 -35 -36 -37 37 42 40 43 41 -43 -44 -45 45 -47 -48 -49 58 50 53 52 -54 54 55 -57 57 -59 -60 60 -62 -63
leaf_value=-0.0005835958642306081 -9.3360599138518909e-05 0.00022645872673909741 -0.00011319823935629586 0.0016631028727570084 -5.8747201193819246e-05 -0.00064045371395372473 0.00015569134554028281 0.00038884810721595894 -0.00078657858360251832 1.2992580492741991e-05 0.00013690066353092947 -0.00023644477345481012 0.00016491185956926094 -2.8465159261117972e-05 -0.0020627489213622691 -0.00089046241589035694 -0.00026324951764077948 -4.3998620835980567e-05 0.00071723978937799791 0.00018180508642285634 0.00035735881725130363 0.00062277846330676811 -0.0016850056346861015 -0.00072831367824869654 0.00038991505409327539 -0.0010065095814787547 0.0017632302809878824 -0.0015604384680898975 0.00038489060617260894 0.00035604442811809265 0.00031736084463556102 0.00041793409649683381 -0.0004350673637664656 -0.00094250387282997369 0.0002465316518519835 0.0010140569165985522 -0.00021291459162547165 -0.00023287735300800655 -0.00035265162421970852 0.0024031820537420575 0.0015749723648049675 -0.00017116073492740328 -2.4740501670331706e-06 0.0004329113461957238 -0.00024458781950843767 0.001729082712433347 -0.0018886397120892609 -0.00022487335660793144 0.00035881185866276606 0.0019431554401185725 -0.00066474084792045307 -4.3692217063680851e-06 0.0017534734991858732 -0.00082482121286089015 0.0013180786245230109 0.00015283952321690865 0.0010692614178826167 8.8320748775667509e-05 2.5842652455197116e-05 0.0020684604402756569 -7.8293030332497965e-05 -0.00022475190546410357
leaf_weight=588 50414 8286 11526 200 1084 864 10213 793 275 9327 4448 5507 2070 2845 277 1063 2548 91557 443 679 230 2346 257 2201 1637 208 452 307 1148 869 335 215 565 427 671 224 702 13165 355 250 242 1135 12800 916 252 303 217 3644 2309 253 621 559 258 324 344 1286 327 6113 326240 391 2127 239
leaf_count=588 50414 8286 11526 200 1084 864 10213 793 275 9327 4448 5507 2070 2845 277 1063 2548 91557 443 679 230 2346 257 2201 1637 208 452 307 1148 869 335 215 565 427 671 224 702 13165 355 250 242 1135 12800 916 252 303 217 3644 2309 253 621 559 258 324 344 1286 327 6113 326240 391 2127 239
internal_value=7.96484e-07 5.44275e-05 -8.93343e-07 9.0001e-05 0.000119011 -0.000179505 0.000175485 0.000645496 0.000130985 -2.474e-06 -8.90263e-05 -0.000131541 -0.000225746 -0.000291813 -0.00037156 -0.000562938 -0.000447887 2.10958e-06 1.17307e-05 -0.000303868 -0.000449318 1.43072e-05 0.000205276 -0.000625597 1.08222e-05 2.56902e-05 0.000141392 0.000378099 -0.000120307 -4.19167e-05 -0.00058059 0.00132959 0.000114443 -0.000341792 -4.99787e-05 0.000124975 9.36471e-06 -7.03925e-05 0.000220037 0.000540715 -0.00017863 0.000135712 -0.000119295 0.000848122 0.00132059 0.00083293 -0.00093536 1.54833e-05 1.77188e-05 -3.66306e-05 0.000250068 0.000879974 0.000550739 -1.16798e-05 0.000195869 0.000398755 -5.41612e-05 0.000138129 2.81827e-05 -7.74512e-05 0.000213465 0.0011985
internal_weight=592471 34053 25767 14241 13653 2172 11481 993 10488 558418 28085 23637 14310 12240 9395 3888 3611 530333 438776 3553 3110 435223 7800 2431 427423 5454 4148 2178 1970 1511 642 667 1713 1306 879 1308 425786 30337 4372 2423 1949 1377 25965 1721 805 555 572 395449 391805 63256 3645 1070 817 2575 1954 1630 59611 6440 328549 53171 2757 630
internal_count=592471 34053 25767 14241 13653 2172 11481 993 10488 558418 28085 23637 14310 12240 9395 3888 3611 530333 438776 3553 3110 435223 7800 2431 427423 5454 4148 2178 1970 1511 642 667 1713 1306 879 1308 425786 30337 4372 2423 1949 1377 25965 1721 805 555 572 395449 391805 63256 3645 1070 817 2575 1954 1630 59611 6440 328549 53171 2757 630
is_linear=0
shrinkage=0.05


Tree=145
num_leaves=63
num_cat=0
split_feature=28 0 26 17 0 26 22 28 28 17 27 23 0 21 0 26 26 7 6 0 19 20 17 23 0 19 26 1 17 26 0 17 26 26 0 17 27 29 29 20 17 27 26 17 21 22 0 31 31 22 31 27 23 31 0 26 29 31 0 17 27 29
split_gain=0.0361268 0.0789236 0.0667827 0.0685052 0.0627561 0.0805521 0.12428 0.0737146 0.0616898 0.0710954 0.0475047 0.099464 0.0887229 0.174204 0.102408 0.081484 0.0789781 0.0713783 0.0645776 0.0632287 0.123161 0.154407 0.172602 0.154365 0.120801 0.0896384 0.0937853 0.0892092 0.0785602 0.0775948 0.165124 0.238666 0.0742378 0.119177 0.0989137 0.124387 0.114625 0.105451 0.124699 0.128633 0.252558 0.097427 0.132308 0.0970611 0.167626 0.152362 0.207559 0.175715 0.0880442 0.113705 0.0841386 0.0857914 0.0839274 0.080798 0.161669 0.146506 0.141363 0.105201 0.173926 0.139236 0.191879 0.108454
threshold=-0.052382485240229863 274623.31395841134 12.179536629870659 3.5000000000000004 81570.530580228136 60.923306343641563 1.5000000000000002 -0.1470469116826417 -0.16333028509764994 8.5000000000000018 0.0088560084012186818 1.0000000180025095e-35 138965.97306008617 2.5000000000000004 332436.70644229586 77.995891677364469 23.455665173384805 5.7500000000000009 183.25000000000003 346567.40926292335 1.0000000180025095e-35 2.5000000000000004 1.5000000000000002 1.0000000180025095e-35 134341.99747856901 1.0000000180025095e-35 48.222719022508009 6.7950000000000008 11.500000000000002 65.187918344657405 134341.99747856901 4.5000000000000009 21.615971806361078 21.32431752096975 63828.350945854407 5.5000000000000009 0.0033338120219592389 2.5000000000000004 10.500000000000002 1.5000000000000002 3.5000000000000004 0.0026840451679949764 9.4312722849389008 1.0000000180025095e-35 1.0000000180025095e-35 1.5000000000000002 219600.7121919468 20.500000000000004 5.5000000000000009 1.0000000180025095e-35 21.500000000000004 0.0027350093292012123 1.0000000180025095e-35 1.5000000000000002 54169.048251842112 31.3735237314907 7.5000000000000009 7.5000000000000009 85174.409413210771 1.5000000000000002 0.0038610425264624716 5.5000000000000009
decision_type=2 2 2 2 2 2 2 2 2 2 2 2 2 2 2 2 2 2 2 2 2 2 2 2 2 2 2 2 2 2 2 2 2 2 2 2 2 2 2 2 2 2 2 2 2 2 2 2 2 2 2 2 2 2 2 2 2 2 2 2 2 2
left_child=1 2 -1 4 5 -4 -7 -6 9 -5 19 12 -12 14 15 17 -13 -14 -17 20 28 22 24 27 -22 26 -21 29 32 -24 31 -31 33 34 35 36 -2 41 43 50 -41 42 -36 -39 45 47 -47 -45 -43 -50 -40 -52 -44 54 55 -34 -57 -55 59 60 61 -59
right_child=10 -3 3 8 7 6 -8 -9 -10 -11 11 16 13 -15 -16 18 -18 -19 -20 25 21 -23 23 -25 -26 -27 -28 -29 -30 30 -32 -33 53 -35 37 -37 -38 38 39 40 -42 48 52 44 -46 46 -48 -49 49 -51 51 -53 -54 57 -56 56 -58 58 -60 -61 -62 -63
leaf_value=-0.00059271580241603494 0.00037366331567557324 0.00019113193983786987 0.00060775003023379875 -7.3401177574153892e-05 -0.0006569597415462705 0.00040465652976936985 -0.00098840219833158465 9.0628505223886802e-05 -0.00016081997592533496 0.00099744499474718924 5.0970999113356828e-05 -0.0014463577851512872 -0.00038932196900269393 0.00020256199897369931 1.9658730227367425e-07 -0.00024201061433549713 -0.0002730233808303364 0.00011617389638376352 0.00032783656719938725 -0.000101791461667877 0.0003440308034490691 0.00024808233101357376 -0.00040313785457127456 0.0006117992017885171 -9.3611908985729387e-05 0.00013266473234771475 1.6649034150318943e-06 0.00018546428317215804 -0.00024016199212541271 -0.00013770665377123319 0.00011333289606929802 -0.0020340872616741858 -0.0012018684082258132 0.00052650763161070022 0.0006002211946477716 0.00055366747942571244 -0.00070784885361052088 -0.00012488486447341599 8.2859140598304118e-05 -0.0019912643072594756 9.5041673544876503e-05 -1.2861693441357325e-05 -0.0004632295061636976 0.00053117940712814229 8.066367623902632e-05 0.00041007906360864205 -0.00033515076561497229 -0.00064492797061244935 0.0014299039827106285 0.00015956949000595663 -0.0013630677846944734 -0.00017082640884975701 0.0002594447878319665 -2.3948960774036506e-05 5.6478901383605719e-05 9.3275338610659288e-06 -0.0013275215790889685 0.00016835033776322979 2.918150163468125e-05 0.00010460941087416796 0.0021693194972027502 0.0010885106757306771
leaf_weight=478 307 7759 1248 386 369 485 239 3099 5390 259 13284 220 7802 3470 4874 1128 412 767 889 43273 2311 2765 8801 491 4963 7324 44364 909 2978 523 2195 243 436 1428 398 352 1213 2616 3842 253 340 6294 2914 6859 14032 2144 1656 333 248 608 206 564 466 193074 101785 1449 229 821 71244 1884 205 525
leaf_count=478 307 7759 1248 386 369 485 239 3099 5390 259 13284 220 7802 3470 4874 1128 412 767 889 43273 2311 2765 8801 491 4963 7324 44364 909 2978 523 2195 243 436 1428 398 352 1213 2616 3842 253 340 6294 2914 6859 14032 2144 1656 333 248 608 206 564 466 193074 101785 1449 229 821 71244 1884 205 525
internal_value=4.00686e-07 6.69543e-05 -1.36527e-05 1.04686e-05 0.000139144 0.000364352 -5.52068e-05 1.10841e-05 -0.00010552 0.000356598 -1.89e-06 -6.02711e-05 -4.8084e-05 -0.000117595 -0.000189455 -0.000276774 -0.000681463 -0.000344076 9.15158e-06 1.66196e-06 9.56737e-06 -0.000102589 -0.000150035 -0.000258059 4.54302e-05 -3.53758e-05 -4.94193e-05 -0.000291766 1.57379e-05 -0.000328648 -0.00010724 -0.0007393 1.75579e-05 7.67141e-05 6.26423e-05 -0.000293277 -0.000489412 7.78636e-05 0.000122628 -0.000101877 -0.000795069 -5.66781e-05 -0.00026206 0.000164905 0.000195199 0.000341412 8.53157e-05 0.000476724 5.18438e-05 0.00052761 -1.27479e-05 -0.00048979 -0.000363595 1.00652e-05 4.74904e-05 -0.000385289 -0.000173115 -4.45723e-06 4.59364e-05 0.000393443 0.00074429 0.000527254
internal_weight=592423 19712 11953 11475 5440 1972 724 3468 6035 645 572711 32846 32214 18930 15460 10586 632 8569 2017 539865 444904 23201 20436 13162 7274 94961 87637 12671 421703 11762 2961 766 418725 47073 45645 1872 1520 43773 32845 5205 593 10928 3778 27640 25024 10992 3800 7192 7150 856 4612 770 3380 371652 103899 2114 1678 267753 74679 3435 1551 1346
internal_count=592423 19712 11953 11475 5440 1972 724 3468 6035 645 572711 32846 32214 18930 15460 10586 632 8569 2017 539865 444904 23201 20436 13162 7274 94961 87637 12671 421703 11762 2961 766 418725 47073 45645 1872 1520 43773 32845 5205 593 10928 3778 27640 25024 10992 3800 7192 7150 856 4612 770 3380 371652 103899 2114 1678 267753 74679 3435 1551 1346
is_linear=0
shrinkage=0.05


Tree=146
num_leaves=63
num_cat=0
split_feature=25 0 17 17 3 0 0 17 0 27 25 0 22 3 31 20 29 0 5 25 27 31 30 25 26 26 17 31 26 26 26 25 21 26 3 0 25 0 18 26 25 18 17 5 0 25 0 27 18 27 18 5 0 26 18 30 0 29 31 27 30 30
split_gain=0.0364118 0.0969234 0.0667601 0.123758 0.093149 0.087406 0.186189 0.199544 0.0975461 0.0774831 0.118147 0.0741637 0.0738589 0.139367 0.0932624 0.092722 0.0734594 0.0678061 0.0955819 0.132186 0.0788512 0.0653142 0.0626852 0.0554669 0.0553603 0.0744103 0.0575391 0.0532806 0.0499402 0.0491915 0.0927446 0.0586376 0.0477252 0.0473285 0.0468855 0.042043 0.040601 0.0402191 0.0635826 0.0825316 0.0691356 0.0543578 0.150734 0.149242 0.248267 0.123541 0.126465 0.080461 0.0598993 0.172873 0.0595466 0.107863 0.0717623 0.0618752 0.0590446 0.056826 0.056739 0.0534255 0.0863754 0.122497 0.068414 0.0593107
threshold=93.163827962046369 399983.16676808352 5.5000000000000009 3.5000000000000004 6025.6500000000005 50989.594365617719 102416.78988930429 1.0000000180025095e-35 86342.75772710079 0.0061168344459035934 95.308857180611383 128790.42997428129 1.0000000180025095e-35 6708.9500000000016 1.5000000000000002 1.0000000180025095e-35 5.5000000000000009 190926.96777620536 135.63150000000002 94.118181210803499 0.0059322746055099004 1.5000000000000002 10.500000000000002 96.644779444093828 91.083874699913494 50.770565477094898 1.5000000000000002 10.500000000000002 78.378483021823527 82.7750852278118 90.282657664694327 96.644779444093828 1.0000000180025095e-35 86.870544048604373 5795.7500000000009 150006.30631351381 97.1294705127886 830890.13581422891 5.5000000000000009 25.739688749451936 11.084986703117535 4.5000000000000009 5.5000000000000009 136.91400000000002 385038.71797718812 22.183019641471613 119858.6061479718 0.010372319918134367 3.5000000000000004 0.0038356239116821458 8.5000000000000018 177.79300000000003 512022.86734204221 43.548104884419921 9.5000000000000018 254.00000000000003 385038.71797718812 74.500000000000014 25.500000000000004 0.0031396719981650681 150.50000000000003 148.50000000000003
decision_type=2 2 2 2 2 2 2 2 2 2 2 2 2 2 2 2 2 2 2 2 2 2 2 2 2 2 2 2 2 2 2 2 2 2 2 2 2 2 2 2 2 2 2 2 2 2 2 2 2 2 2 2 2 2 2 2 2 2 2 2 2 2
left_child=37 2 3 5 11 -2 7 -7 -9 23 -11 -5 15 14 -14 17 21 22 19 -19 27 -4 24 -6 25 -8 28 29 -27 31 -31 -21 -20 -23 -28 -16 -34 41 39 40 -39 48 -43 -44 45 -45 -47 54 55 -50 52 -52 -46 -53 -48 57 -57 60 59 -59 61 -1
right_child=1 -3 16 4 9 6 12 8 -10 10 -12 -13 13 -15 35 -17 -18 18 32 20 -22 33 -24 -25 -26 26 34 -29 -30 30 -32 -33 36 -35 -36 -37 -38 38 -40 -41 -42 42 43 44 50 46 47 -49 49 -51 51 53 -54 -55 -56 56 -58 58 -60 -61 -62 -63
leaf_value=-2.2354969369222401e-06 -0.00063584357700364471 -0.00020945558702402915 0.00076731302426219668 -0.00040686045112543106 -0.00017556615142773604 0.0019973476939152794 0.00083495173785195229 6.9872556565549667e-05 0.0009895431836168065 0.00017339535065592358 -0.00097969235656902051 -0.0015570283008891966 0.0008596232912608079 0.001240418290335411 -0.0003511089021476246 -0.000845412436629256 -0.00029498872056329728 0.0006227001866539383 0.00081533447344554581 1.4975634870180246e-05 0.00025017640223276826 0.00034517619116463408 0.0010121984685931105 0.00037667945997860245 0.00048094923644633196 -0.00071058054721364261 0.00060071145176922986 4.285004309587329e-05 3.2882260683789138e-05 -0.0019548137394329907 -0.00058874595081917546 -0.00095239213100869937 -0.00038431969235078992 3.383888504903275e-05 -0.00016210840773181549 0.00019592410574507553 0.00029707387943744834 0.001102395542082377 0.00034126912622020887 -5.1205844685580381e-05 0.0001979498262182476 -0.00085792034558571399 0.00031409308941436192 -0.00013907118673105444 -0.00063283107730261888 0.00050070658910578516 -0.0011664067772262589 2.3124263323466165e-05 -0.00033077351380805787 0.0012707493493162637 0.00029368800580253072 0.00057679781631237467 3.4756545081395287e-05 -0.00012957672343644945 -0.0005893861133356511 0.00096724597117989848 -3.2241304314477783e-05 -0.00017714554596643219 0.00034539738725886641 -0.001716186933707653 0.00031833447024959656 -0.00082712504600757878
leaf_weight=539895 365 2879 632 463 934 238 228 767 462 396 506 201 360 343 619 325 597 289 255 275 265 3275 216 886 791 533 366 208 392 224 279 364 348 1946 448 812 588 275 2133 5641 912 620 2250 1755 727 201 1074 253 337 337 3196 333 902 4492 755 302 268 339 258 209 1666 218
leaf_count=539895 365 2879 632 463 934 238 228 767 462 396 506 201 360 343 619 325 597 289 255 275 265 3275 216 886 791 533 366 208 392 224 279 364 348 1946 448 812 588 275 2133 5641 912 620 2250 1755 727 201 1074 253 337 337 3196 333 902 4492 755 302 268 339 258 209 1666 218
internal_value=3.80652e-07 6.19541e-05 0.000100644 3.83731e-05 -0.000224052 0.000124143 0.000151896 0.000672209 0.000415591 -9.45263e-05 -0.000473459 -0.000755029 6.23909e-05 0.000317096 0.000140267 -2.26169e-05 0.000233354 2.14445e-05 -0.000142383 -0.000362143 -0.000538379 0.000287245 0.000191937 9.32743e-05 0.000127696 -1.43593e-05 -0.000125712 -0.000693169 -0.000395513 -0.000827225 -0.00119709 -0.000536076 0.000208939 0.000229133 0.000180879 -4.0703e-05 4.37352e-05 -2.11485e-06 0.000102976 2.8535e-05 0.000407489 -3.79532e-06 -9.30403e-05 -6.32859e-05 -0.000125319 -0.000454503 -0.000696984 -0.000812611 -1.07807e-06 0.000469988 1.24274e-05 6.84007e-05 -0.000263179 -8.08259e-05 -0.000928216 -1.66261e-06 0.000497312 -2.1868e-06 -0.000408961 -0.000764116 -1.58164e-06 -2.56844e-06
internal_weight=592423 23075 20196 13746 3386 10360 9995 1467 1229 2722 902 664 8528 2134 1791 6394 6450 6069 3095 1904 1615 5853 2974 1820 2758 1967 1739 1350 925 1142 503 639 1191 5221 814 1431 936 569348 8961 6828 1187 560387 16558 15938 13688 4038 2283 2082 543829 674 9650 8021 1629 4825 1829 543155 570 542585 806 548 541779 540113
internal_count=592423 23075 20196 13746 3386 10360 9995 1467 1229 2722 902 664 8528 2134 1791 6394 6450 6069 3095 1904 1615 5853 2974 1820 2758 1967 1739 1350 925 1142 503 639 1191 5221 814 1431 936 569348 8961 6828 1187 560387 16558 15938 13688 4038 2283 2082 543829 674 9650 8021 1629 4825 1829 543155 570 542585 806 548 541779 540113
is_linear=0
shrinkage=0.05


Tree=147
num_leaves=63
num_cat=0
split_feature=26 31 0 30 17 28 0 17 22 26 24 24 26 24 27 27 3 28 3 0 19 27 0 30 26 3 29 30 30 0 30 24 30 22 29 29 30 29 27 5 31 0 0 0 30 0 22 30 31 17 27 24 29 30 24 26 22 24 31 26 30 31
split_gain=0.0337912 0.0669049 0.0409658 0.0500273 0.0380836 0.034036 0.104418 0.0937085 0.128797 0.112667 0.146674 0.109149 0.0946086 0.107998 0.0649273 0.0628696 0.0942633 0.0896355 0.0805737 0.0709975 0.103945 0.11546 0.0970395 0.0825982 0.0802065 0.0793156 0.0783881 0.0797679 0.119169 0.0763087 0.0760122 0.102948 0.102708 0.1277 0.171209 0.202626 0.182113 0.117334 0.120437 0.106665 0.104352 0.0880925 0.0879262 0.086455 0.0788452 0.0760215 0.234526 0.12926 0.133935 0.123103 0.119866 0.239592 0.177706 0.166754 0.153432 0.14338 0.147622 0.138012 0.12919 0.127387 0.195005 0.136682
threshold=6.3938455344194898 5.5000000000000009 232279.04786341064 5.5000000000000009 1.5000000000000002 -0.032151356876821795 389759.98454441462 3.5000000000000004 2.5000000000000004 12.697231610339053 28.229802062472391 77.734842743113333 92.397620940082945 91.629060008758941 0.0027514945592120948 0.0088560084012186818 6909.3500000000013 -2.754020857403949e-05 5650.3000000000011 346567.40926292335 1.0000000180025095e-35 0.0031213435107332829 146426.10107205156 254.00000000000003 86.870544048604373 6593.2000000000016 74.500000000000014 139.00000000000003 131.50000000000003 116210.84521968414 119.00000000000001 64.549555392106484 78.500000000000014 1.5000000000000002 41.500000000000007 36.500000000000007 104.50000000000001 21.500000000000004 0.003699843640754606 139.48850000000002 21.500000000000004 245944.27829954261 152761.6676525597 95846.83658813838 89.500000000000014 162495.81210183841 1.0000000180025095e-35 37.500000000000007 23.500000000000004 10.500000000000002 0.0031017715737771952 15.078661583663008 17.500000000000004 52.500000000000007 57.706386850289284 43.034875662704444 1.5000000000000002 9.3670842741770013 8.5000000000000018 48.222719022508009 40.500000000000007 25.500000000000004
decision_type=2 2 2 2 2 2 2 2 2 2 2 2 2 2 2 2 2 2 2 2 2 2 2 2 2 2 2 2 2 2 2 2 2 2 2 2 2 2 2 2 2 2 2 2 2 2 2 2 2 2 2 2 2 2 2 2 2 2 2 2 2 2
left_child=1 2 3 -1 -5 6 7 8 9 -2 -11 -9 13 14 -12 19 17 -17 -19 20 23 24 -23 26 29 -26 27 28 30 -22 32 -32 37 34 35 36 42 45 43 40 41 -36 -34 -39 -37 50 47 -47 -49 -48 51 -7 57 -54 55 56 -53 -52 -59 60 -56 -61
right_child=5 -3 -4 4 -6 15 -8 11 -10 10 12 -13 -14 -15 -16 16 -18 18 -20 -21 21 22 -24 -25 25 -27 -28 -29 -30 -31 31 -33 33 -35 39 44 -38 38 -40 -41 -42 -43 -44 -45 -46 46 49 48 -50 -51 52 54 53 -55 59 -57 -58 58 -60 61 -62 -63
leaf_value=0.00065761739395137422 -0.0007805504320694981 0.00065915957079117288 -9.5471257800503812e-05 -0.00037414512473975768 0.00022760162443048368 0.00057395306883105315 0.0002000143090676824 -0.00016630825823848419 -0.0010057779289800381 0.00074787845129224186 0.00074342267421656613 0.000150970648670963 -0.00097117951129699191 0.00091863301671543109 6.0586561671757179e-05 0.00013923748610870026 -0.00023075992622772102 -0.00033576553383299129 -3.3023642136486629e-05 -4.0066606304140363e-05 0.00024944770632396896 0.00024326988218659001 -8.3213298890496328e-05 0.00084360023337891723 -0.00033219677367656193 -0.0015771398087963463 -0.0005247296930373759 0.00038119359119953317 -0.0010253934158297199 -0.00021328891742282809 0.0014754158953950033 6.049527845881854e-05 0.00057309881587028948 0.00033469991649816923 -0.0012571713721565084 -0.002153521557796237 -0.0013650430368146317 0.0013400727205779611 -8.6454656492209941e-05 0.00077565829110696463 0.00044355753168424098 0.00011778889707647978 -0.00032490054079772679 0.00028975764040184025 -0.00090486698599157869 -3.6798570707054961e-05 9.637506926780373e-05 0.00037167852270604377 -0.00074790761729663223 -0.00020754120965972225 -0.00091828360146971972 -0.00028712536288714769 -0.00082521283602439888 0.00060624062075602934 0.00022700232533964831 -1.2144232364673465e-05 -4.955597526427931e-05 1.5267456561359019e-05 0.00019834281340952694 -5.883485667390081e-05 -0.00088215652653961848 0.00080479129159505736
leaf_weight=504 327 541 1953 351 1048 1482 8470 10791 254 969 363 3620 201 410 8495 6077 7330 2703 11759 90510 974 3433 6753 300 346 203 675 1478 276 10447 209 334 349 839 279 234 366 203 2536 421 360 200 1245 5622 275 85716 99005 3136 292 3448 384 17579 1074 251 8358 16280 10412 111377 10549 27165 416 466
leaf_count=504 327 541 1953 351 1048 1482 8470 10791 254 969 363 3620 201 410 8495 6077 7330 2703 11759 90510 974 3433 6753 300 346 203 675 1478 276 10447 209 334 349 839 279 234 366 203 2536 421 360 200 1245 5622 275 85716 99005 3136 292 3448 384 17579 1074 251 8358 16280 10412 111377 10549 27165 416 466
internal_value=3.6162e-07 0.000138456 6.54008e-05 0.0002305 7.66273e-05 -6.70989e-07 4.79636e-05 -2.68007e-06 0.000107085 0.000133342 0.000161973 -8.66087e-05 0.000102015 0.00012529 8.85691e-05 -3.64633e-06 -7.68317e-05 -2.18975e-05 -8.96072e-05 2.29351e-07 8.59932e-06 -9.6911e-05 2.68217e-05 1.42515e-05 -0.000202203 -0.000792531 1.36495e-05 1.45302e-05 1.32121e-05 -0.000173826 1.39098e-05 0.000605096 1.31274e-05 -0.000222637 -0.000348034 -0.00059006 -0.000359232 1.57817e-05 0.000201149 0.000126222 -0.000199657 -0.000683075 -0.000128287 0.000326361 -0.0014789 1.18816e-05 3.45464e-05 -2.4758e-05 0.000276311 8.61469e-05 -9.21966e-06 -5.60307e-05 2.18872e-05 -0.000554047 -6.76034e-05 -0.000130132 -0.000198755 2.81264e-05 3.11071e-05 8.43544e-06 0.000174414 -4.42697e-05
internal_weight=592423 4397 3856 1903 1399 588026 33900 25430 11019 10765 10438 14411 9469 9268 8858 554126 27869 20539 14462 526257 435747 22156 10186 413591 11970 549 413291 412616 411138 11421 410862 543 410319 4568 3729 2469 1960 405751 8361 1260 839 479 1594 5825 509 397390 191597 89144 3428 102453 205793 82158 123635 1325 80676 44271 27991 122310 121926 36405 8774 27631
internal_count=592423 4397 3856 1903 1399 588026 33900 25430 11019 10765 10438 14411 9469 9268 8858 554126 27869 20539 14462 526257 435747 22156 10186 413591 11970 549 413291 412616 411138 11421 410862 543 410319 4568 3729 2469 1960 405751 8361 1260 839 479 1594 5825 509 397390 191597 89144 3428 102453 205793 82158 123635 1325 80676 44271 27991 122310 121926 36405 8774 27631
is_linear=0
shrinkage=0.05


Tree=148
num_leaves=63
num_cat=0
split_feature=25 0 17 17 3 24 0 0 17 0 29 22 3 31 20 0 30 24 3 24 31 25 0 0 25 25 0 26 24 0 27 3 31 24 5 26 24 24 26 28 26 17 0 25 17 0 31 24 24 25 18 17 5 0 24 26 25 24 18 5 27 26
split_gain=0.0340727 0.0877086 0.0640209 0.110563 0.0833299 0.135077 0.0783721 0.16998 0.179841 0.088194 0.0691867 0.0662874 0.126146 0.0838228 0.0837127 0.0660493 0.0626673 0.0595518 0.0824754 0.0715919 0.058267 0.0521803 0.0468639 0.0541648 0.0588599 0.0534895 0.0646094 0.0455318 0.0821142 0.0470394 0.0446186 0.0430067 0.0424726 0.0798868 0.0479722 0.0420387 0.0731413 0.0394139 0.0661481 0.0484214 0.0383057 0.0379119 0.0708243 0.059338 0.0470124 0.03724 0.0800754 0.0637973 0.0714896 0.0666254 0.0550857 0.129399 0.143832 0.208326 0.131223 0.118168 0.0748381 0.0958344 0.0745324 0.0796567 0.0636237 0.0819592
threshold=93.163827962046369 404982.30205976602 5.5000000000000009 3.5000000000000004 6025.6500000000005 80.650491874484274 50989.594365617719 102416.78988930429 1.0000000180025095e-35 86342.75772710079 5.5000000000000009 1.0000000180025095e-35 6708.9500000000016 1.5000000000000002 1.0000000180025095e-35 129725.12518982917 2.5000000000000004 36.631915544461656 5886.9500000000007 45.651188161068468 1.5000000000000002 95.308857180611383 193309.15167388722 145463.71012872533 96.047472766735694 95.308857180611383 233999.117664383 86.870544048604373 91.629060008758941 285894.93746631203 0.0076048848079528957 6059.5500000000011 3.5000000000000004 46.351391751124524 136.91400000000002 77.138008442011525 77.478589140969845 72.732873248331842 87.308206407221036 -1.0000000180025095e-35 74.695384745427631 7.5000000000000009 781283.69989834295 97.1294705127886 1.5000000000000002 740631.75672323303 4.5000000000000009 32.617730299727604 85.817637761740016 0.023057781902900826 4.5000000000000009 5.5000000000000009 136.91400000000002 375229.83573511953 67.232829684842827 70.221140035544195 22.183019641471613 96.790430931194493 8.5000000000000018 177.79300000000003 0.006709376877265691 53.206409029581074
decision_type=2 2 2 2 2 2 2 2 2 2 2 2 2 2 2 2 2 2 2 2 2 2 2 2 2 2 2 2 2 2 2 2 2 2 2 2 2 2 2 2 2 2 2 2 2 2 2 2 2 2 2 2 2 2 2 2 2 2 2 2 2 2
left_child=45 2 3 6 15 -6 -2 8 -8 40 20 14 13 -13 16 -5 32 18 -18 -19 -4 -7 23 24 -21 -24 31 35 -29 -30 -23 -27 33 -9 -35 36 -22 -15 39 -39 -10 42 44 -43 -3 50 47 -47 -49 -50 -1 -52 -53 54 -54 -56 -57 -58 60 -60 61 -55
right_child=1 41 10 4 5 21 7 11 9 -11 -12 12 -14 37 -16 -17 17 19 -20 22 27 30 25 -25 -26 26 -28 28 29 -31 -32 -33 -34 34 -36 -37 -38 38 -40 -41 -42 43 -44 -45 -46 46 -48 48 49 -51 51 52 53 58 55 56 57 -59 59 -61 -62 -63
leaf_value=-1.3757092818956072e-06 -0.00060366701123413114 0.00040871347342022186 0.00073151664058165888 -0.00038778363524618849 0.00016074865379569358 -0.00017467170709834428 0.0018975251709881921 0.00025941003736588752 0.00059718233765201825 0.00094163243891718556 -0.00028189228145125581 0.00081222116913623834 0.001176908541197207 -0.00058546421888658426 -0.0007987881795380611 -0.0014740423299554096 -0.0011908320716593598 0.00076760758268006079 9.611569722382209e-05 -0.00057561293452269662 0.00030749238237053771 -0.00035336472562779082 0.00038164684194916205 0.00045724050593699318 0.0002464749092211877 -0.00097385258612858532 6.4519289039903364e-05 -0.00020535999981037111 8.7976714315314228e-05 0.00091878271622527628 -0.0013173532928862639 -0.00012893858592108012 0.00020808104986921037 -0.0011515967118257929 -0.000233158863502229 0.0005359388019445428 -0.00058800040320413716 0.00099139644324813792 -0.0004323831616257255 0.00010730972932737712 -0.00016840752213302689 0.00047595662944073048 -0.0011188921068092585 -0.00026237745155142911 -0.00035337071505137731 0.00052925835293747678 0.00029266552236914366 -0.00013494776092263071 0.0010066442478160271 9.4771332849523908e-05 -0.00082043702004678067 0.00030539855641453485 8.0265099188676954e-06 -0.0012156121183204325 -0.0017766383051975806 -0.00013376750087212339 -0.00090003570244413789 0.0001041594638414475 0.00026043990215735577 -7.1332960083643867e-05 0.0001453076878467587 -0.00024842734861909405
leaf_weight=540394 365 247 632 466 1810 424 238 250 236 462 609 360 343 270 330 200 205 431 317 335 1562 201 433 1265 622 370 723 1272 367 318 298 254 290 375 229 1469 267 217 403 541 531 436 258 724 1120 558 3335 5599 212 3634 594 2201 1129 315 209 780 1380 287 3043 4462 497 719
leaf_count=540394 365 247 632 466 1810 424 238 250 236 462 609 360 343 270 330 200 205 431 317 335 1562 201 433 1265 622 370 723 1272 367 318 298 254 290 375 229 1469 267 217 403 541 531 436 258 724 1120 558 3335 5599 212 3634 594 2201 1129 315 209 780 1380 287 3043 4462 497 719
internal_value=3.43538e-07 5.99064e-05 9.60217e-05 3.50726e-05 -0.00021248 -9.02683e-05 0.000116018 0.000142208 0.000639506 0.000395887 0.000225445 5.70119e-05 0.000298473 0.000130241 -2.31371e-05 -0.000713987 1.88313e-05 9.58422e-05 -0.000409295 0.000155324 0.000277928 -0.000582512 8.93831e-05 0.000242523 -4.12988e-05 -0.000101784 -0.000257185 0.000223377 3.2316e-05 0.000473665 -0.000929053 -0.000629929 -0.000314726 -0.00049226 -0.000803381 0.00033675 0.000176767 -4.13265e-05 8.52172e-05 0.000360406 6.71586e-05 -0.000203211 -0.000359075 1.51343e-05 -0.000215672 -2.07047e-06 8.04919e-05 9.7532e-06 -2.09386e-05 0.000145036 -4.05104e-06 -9.66314e-05 -6.80106e-05 -0.000132114 -0.000443527 -0.000635471 -0.000538003 -0.000727148 -1.66979e-06 6.31887e-05 -0.000319608 -0.000543073
internal_weight=592423 23075 20290 13794 3399 2733 10395 10030 1467 1229 6496 8563 2134 1791 6429 666 6099 4955 522 4433 5887 923 4002 2222 957 1780 1347 5255 1957 685 499 624 1144 854 604 3298 1829 1431 1161 758 767 2785 1625 1160 1367 569348 13338 10003 9445 3846 556010 15616 15022 12821 3785 2656 2447 1667 9036 7505 1531 1034
internal_count=592423 23075 20290 13794 3399 2733 10395 10030 1467 1229 6496 8563 2134 1791 6429 666 6099 4955 522 4433 5887 923 4002 2222 957 1780 1347 5255 1957 685 499 624 1144 854 604 3298 1829 1431 1161 758 767 2785 1625 1160 1367 569348 13338 10003 9445 3846 556010 15616 15022 12821 3785 2656 2447 1667 9036 7505 1531 1034
is_linear=0
shrinkage=0.05


Tree=149
num_leaves=63
num_cat=0
split_feature=31 25 17 24 24 21 24 3 7 27 30 24 24 17 24 3 29 17 24 25 30 24 25 24 30 17 25 24 30 17 24 29 25 29 30 17 24 24 30 29 29 30 29 25 25 25 25 24 21 24 24 24 24 24 27 21 30 24 24 24 30 25
split_gain=0.0329574 0.0690532 0.121639 0.0664632 0.145829 0.0720637 0.0838989 0.0784072 0.072372 0.125171 0.0819635 0.0683449 0.14944 0.0829131 0.0633469 0.115431 0.219977 0.128489 0.156061 0.126703 0.12988 0.122864 0.113295 0.107069 0.101358 0.147886 0.0923622 0.0860021 0.0852399 0.110947 0.0827616 0.0820331 0.0831047 0.0817988 0.106914 0.140153 0.0820823 0.0972642 0.0927018 0.112942 0.0970697 0.0799865 0.0805903 0.0740165 0.082707 0.108163 0.110421 0.104123 0.0985465 0.0737633 0.0735766 0.114752 0.105566 0.0846234 0.0831574 0.077828 0.076636 0.141286 0.0724903 0.105505 0.0724574 0.116342
threshold=1.5000000000000002 1.0000000180025095e-35 10.500000000000002 53.965530008082254 46.351391751124524 1.0000000180025095e-35 74.10649523981003 5983.7500000000009 4.9500000000000011 0.010116235579600921 45.500000000000007 40.353491149910859 32.269914762711764 5.5000000000000009 49.47800876788218 5795.7500000000009 1.5000000000000002 1.0000000180025095e-35 19.407863127836613 10.037586843995081 6.5000000000000009 48.691343797730831 30.991437323761552 48.182231027630202 19.500000000000004 1.5000000000000002 84.220853030557961 50.395763389745916 5.5000000000000009 2.5000000000000004 17.013793729400849 5.5000000000000009 24.38141590321619 15.500000000000002 52.500000000000007 4.5000000000000009 12.802271805531104 29.751697095856162 25.500000000000004 9.5000000000000018 13.500000000000002 21.500000000000004 4.5000000000000009 49.645480558772547 34.405898783828633 26.442192907434677 24.795111409690833 28.229802062472391 1.5000000000000002 43.25276643450092 45.097832031202039 37.428693435038632 38.533362994374279 46.011452850199547 0.0045263074081567578 1.5000000000000002 5.5000000000000009 15.078661583663008 22.027585509928084 26.759712859771174 5.5000000000000009 37.353817174790336
decision_type=2 2 2 2 2 2 2 2 2 2 2 2 2 2 2 2 2 2 2 2 2 2 2 2 2 2 2 2 2 2 2 2 2 2 2 2 2 2 2 2 2 2 2 2 2 2 2 2 2 2 2 2 2 2 2 2 2 2 2 2 2 2
left_child=1 2 3 4 11 6 7 -5 9 -7 -10 12 -1 -14 15 17 26 23 19 -19 -21 33 24 31 58 -26 50 28 29 -16 -22 -3 -33 34 36 -36 -18 38 39 43 -40 42 -39 44 45 46 -38 48 -46 -35 51 54 -53 -52 -17 -54 57 -56 -20 -60 -23 -62
right_child=-2 14 -4 5 -6 8 -8 -9 10 -11 -12 -13 13 -15 27 16 21 18 22 20 30 60 -24 -25 25 -27 -28 -29 -30 -31 -32 32 -34 49 35 -37 37 41 40 -41 -42 -43 -44 -45 47 -47 -48 -49 -50 -51 53 52 55 -55 56 -57 -58 -59 59 -61 61 -63
leaf_value=0.00017111399126525171 -7.3728911504768199e-06 -0.00030982508596798063 -0.00058628329570789919 0.0016640406375860468 0.0015007482870264812 -7.404209253376027e-05 1.3230164208717587e-05 0.00036832194530092533 -7.0985514496090438e-05 0.0012700058931905201 -0.00096700588723420923 -0.0002421235336952148 0.0017228004891620197 0.0004004065899625858 0.0015278592594316516 -1.1398833525280496e-05 0.00044244912658497745 -0.00057407292050482169 -0.00054901353165484547 0.00017844697289640468 0.00066205913555648379 0.00015366897787085721 -0.00024984455734867366 0.00063466261615490035 -0.0010163129048368922 0.00018703406008133486 0.00037758893227792548 2.9215365283930556e-05 3.8571752770926763e-05 0.00027499807096517556 0.0018677899353884823 -0.0016365002903378318 -0.00057708624134845856 0.00027890732369963291 -0.0012811152449050723 0.0001932669346768054 -0.00011792164000934669 0.00010298406535875635 0.0006977178958165076 -0.0010511307105700574 -0.00046594880570327145 -0.00013946209537885792 0.0003627044319561599 0.00019558508056080821 -6.1240679383586474e-05 0.0003408648203537814 -0.0012738662920350758 -0.0011855385343508907 -0.0010227556223975668 0.0011588624543296803 0.00070054971653306451 -0.0012518758017983926 -0.00054465131870707717 -0.00010309641079451446 -0.0016568834931701929 0.00018172603299846952 0.00035031860919869606 -0.00035131499796318608 0.0013843632136095866 0.00023534384190240519 -0.00010677872690992932 -0.0014436501827224425
leaf_weight=1408 415379 2904 479 204 283 659 542 273 989 235 344 467 291 200 304 3851 1577 301 253 936 376 315 7142 244 445 599 714 111073 746 422 229 244 767 2521 329 316 1823 9084 699 317 241 2157 4450 1750 1288 1250 233 374 336 263 414 435 1910 1569 242 457 283 1442 220 2174 328 323
leaf_count=1408 415379 2904 479 204 283 659 542 273 989 235 344 467 291 200 304 3851 1577 301 253 936 376 315 7142 244 445 599 714 111073 746 422 229 244 767 2521 329 316 1823 9084 699 317 241 2157 4450 1750 1288 1250 233 374 336 263 414 435 1910 1569 242 457 283 1442 220 2174 328 323
internal_value=3.26361e-07 1.83903e-05 0.000179973 0.000242235 0.00042808 9.05699e-05 0.000438849 0.000922466 -6.87908e-05 0.000279259 -0.000302217 0.000299777 0.000433041 0.00118415 1.23557e-05 -3.00316e-05 1.49584e-05 -0.000140385 -6.12568e-05 0.000364217 0.000547492 8.58711e-05 -0.000133603 -0.000381535 9.13224e-05 -0.000325887 -0.00017286 3.4247e-05 0.000413922 0.000799612 0.00111844 -0.000444869 -0.000832771 0.000104344 7.69871e-05 -0.000558782 9.30187e-05 7.00601e-05 -6.82396e-05 -0.000127873 0.000399374 0.000143313 0.000188381 -8.63825e-05 -0.000179415 -2.59229e-05 -0.000248921 -0.000433391 -0.000260175 0.000362035 -0.000209926 -0.0002731 -0.000535975 6.46845e-05 -0.000146497 -0.000404409 -0.000410992 -0.000538932 0.000255873 0.000340935 -0.000468858 -0.000770081
internal_weight=592423 177044 6374 5895 2649 3246 1019 477 2227 894 1333 2366 1899 491 170670 58125 41291 16834 12675 1842 1541 29974 10833 4159 3691 1044 11317 112545 1472 726 605 3915 1011 29008 26224 645 25579 24002 8311 7371 940 15691 13534 7054 5304 3306 2056 1998 1624 2784 10603 8620 2802 1983 5818 2367 1967 1684 2647 2394 966 651
internal_count=592423 177044 6374 5895 2649 3246 1019 477 2227 894 1333 2366 1899 491 170670 58125 41291 16834 12675 1842 1541 29974 10833 4159 3691 1044 11317 112545 1472 726 605 3915 1011 29008 26224 645 25579 24002 8311 7371 940 15691 13534 7054 5304 3306 2056 1998 1624 2784 10603 8620 2802 1983 5818 2367 1967 1684 2647 2394 966 651
is_linear=0
shrinkage=0.05


Tree=150
num_leaves=63
num_cat=0
split_feature=28 27 26 24 20 0 25 20 24 26 25 25 25 7 0 22 0 18 24 26 25 0 24 20 25 28 25 24 0 0 26 0 27 0 24 25 0 25 18 26 31 24 24 0 26 25 26 18 27 25 24 24 3 26 26 30 25 26 25 25 24 25
split_gain=0.0356839 0.0643202 0.0559207 0.0732673 0.0546633 0.0627687 0.103545 0.0745856 0.0975382 0.144275 0.114012 0.101581 0.0991291 0.0752695 0.0651491 0.0870272 0.060885 0.0558526 0.0513848 0.0657341 0.0647748 0.0478965 0.0800929 0.0964992 0.111343 0.0694008 0.0609495 0.0667417 0.0871966 0.0455028 0.0816706 0.0632844 0.0475384 0.0435092 0.0427904 0.061595 0.04564 0.0533892 0.0491585 0.0533603 0.0420206 0.0415715 0.0375754 0.0363977 0.0931401 0.152945 0.135727 0.136466 0.178202 0.158211 0.126686 0.336429 0.2256 0.164273 0.152887 0.158729 0.149339 0.209728 0.123442 0.0925688 0.0902978 0.090175
threshold=-0.0653898086029117 0.012370842041465374 15.632722427728462 19.407863127836613 6.5000000000000009 262010.48979377127 2.0912035667854103 3.5000000000000004 94.111871068922298 83.867429363181429 48.437888756385043 23.946262301417708 21.335964421447656 4.7500000000000009 92784.571430231983 2.5000000000000004 75240.629022410663 1.5000000000000002 27.864012423627337 68.644261676419333 43.303788698405384 122478.81271653248 91.629060008758941 1.0000000180025095e-35 36.409768326139542 -0.0026521635852712051 57.715412898528719 69.372859920511146 102416.78988930429 99624.802617926776 71.934860689345683 41774.57154821053 0.016729694521560371 178066.46342952756 54.484365085304084 96.047472766735694 285894.93746631203 88.52706699455301 1.0000000180025095e-35 50.770565477094898 3.5000000000000004 77.243685041205509 50.975493470728964 310158.0586648396 21.615971806361078 36.07844970870206 21.32431752096975 1.0000000180025095e-35 0.0066239101710610501 30.991437323761552 18.711608254643412 22.027585509928084 6080.9000000000005 12.179536629870659 17.175091357952628 7.5000000000000009 33.655734194946916 16.764988952410985 16.383846685899247 14.488254266614266 94.889583124869901 32.519642590747594
decision_type=2 2 2 2 2 2 2 2 2 2 2 2 2 2 2 2 2 2 2 2 2 2 2 2 2 2 2 2 2 2 2 2 2 2 2 2 2 2 2 2 2 2 2 2 2 2 2 2 2 2 2 2 2 2 2 2 2 2 2 2 2 2
left_child=4 43 -3 -4 5 6 -1 8 9 10 11 12 13 -8 15 -12 -15 -9 -13 20 -20 26 23 25 -25 -23 29 28 -28 30 31 -5 -33 -27 -26 36 37 38 -36 -40 -16 -29 -35 44 45 46 47 48 50 58 54 52 -52 -54 61 -56 59 -58 -50 -53 -46 -2
right_child=1 2 3 21 -6 -7 7 17 -10 -11 14 18 -14 16 40 -17 -18 -19 19 -21 -22 22 -24 24 34 33 27 41 -30 -31 -32 32 -34 42 35 -37 -38 -39 39 -41 -42 -43 -44 -45 60 -47 -48 -49 49 -51 51 56 53 -55 55 -57 57 -59 -60 -61 -62 -63
leaf_value=-0.0010770303498642195 -9.9010077939460972e-05 -0.00060723207568538578 0.00081787744804161016 0.0004310614139671391 0.00075585142808777918 0.00019870131881560488 -0.00058805018200896097 -0.001119403615919263 -0.00084043930576514617 0.0010182283120889625 0.00082438139705664083 -0.0010153158298579707 0.0011730362242488607 0.00061865399445660771 1.4003336126581797e-05 -0.00017180297940201205 -0.00039338181898611682 -0.00018057366505637302 2.4363542377574856e-05 -0.0010568494789521287 -0.00077260724692379556 -0.00018320181223652435 0.00022786592564040919 0.00033228791333501164 4.142675706497624e-05 -0.00044737390810748763 0.00061810164789849464 -0.00051174506916056852 -0.00018699986615647581 0.00030267402309191364 -0.0011486547779088964 -0.00014572564273069392 -0.00093070781923728003 -0.00059199694519499217 4.6315860791972294e-05 0.00046577686825095902 -0.00020082096505607663 -0.0011456163892208913 -9.8320307526942029e-05 -0.0010361952539754285 0.00065361448083622181 0.00012482611872550089 -0.0014231782187128742 -2.4300974628749455e-05 -5.0549668315956721e-06 0.00014351792067092523 0.00083247858354817657 0.00017501303009409609 -0.0009594711037550287 -0.0020006131285687364 -0.00036584520900561149 -0.00041018351770314928 -0.0029506395680018614 -0.0010446051089645781 -8.8746010768137393e-05 0.0015269444962358377 7.5762052961413979e-05 -0.0011131315849206476 0.00019356288944414126 0.00013027441305596874 0.00017435936562954529 0.00061559017276539819
leaf_weight=226 2892 552 217 337 291 5271 381 229 292 397 800 294 206 458 2184 302 220 514 1067 243 335 647 989 985 849 401 1118 434 481 366 248 688 268 213 342 206 1144 366 239 415 291 627 376 125740 385286 29131 434 4515 542 204 539 955 200 260 259 368 733 751 406 4650 7143 521
leaf_count=226 2892 552 217 337 291 5271 381 229 292 397 800 294 206 458 2184 302 220 514 1067 243 335 647 989 985 849 401 1118 434 481 366 248 688 268 213 342 206 1144 366 239 415 291 627 376 125740 385286 29131 434 4515 542 204 539 955 200 260 259 368 733 751 406 4650 7143 521
internal_value=-1.14827e-06 -3.0587e-06 -0.000115209 -9.24924e-05 7.7725e-05 6.33315e-05 -2.12205e-05 7.83256e-06 5.5353e-05 9.17937e-05 3.75548e-05 -0.000179072 0.000169484 -2.57295e-05 0.000231592 0.00055138 0.000290265 -0.00046993 -0.00040647 -0.000297655 -0.000166068 -0.000109321 -0.000189915 -0.000256741 -0.000138207 -0.000585913 1.72434e-05 0.000171902 0.000375917 -0.000198484 -0.000317513 -0.000158098 -0.000365783 -0.000849098 -0.00026835 -0.000365326 -0.000433645 -0.000629203 -0.000439437 -0.000693455 8.92061e-05 -0.000135562 -0.0011226 -5.78243e-07 6.20432e-06 7.24398e-05 -4.11471e-05 -6.24538e-05 -0.000143189 -0.000737476 -8.67396e-05 -0.000200951 -0.00105998 -0.00187332 0.00014191 0.000859538 -7.98953e-05 -0.000525895 -0.000465661 3.81893e-05 -1.78926e-06 1.00748e-05
internal_weight=592038 578037 12508 11956 14001 13710 8439 8213 7470 7178 6781 3204 1265 1059 3577 1102 678 743 1939 1645 1402 11739 7172 6183 4546 1637 4567 2660 1599 1907 1541 1293 956 990 3561 2712 2506 1362 996 654 2475 1061 589 565529 439789 47360 18229 17795 13280 1152 12128 8088 999 460 4040 627 7089 1484 948 5605 392429 3413
internal_count=592038 578037 12508 11956 14001 13710 8439 8213 7470 7178 6781 3204 1265 1059 3577 1102 678 743 1939 1645 1402 11739 7172 6183 4546 1637 4567 2660 1599 1907 1541 1293 956 990 3561 2712 2506 1362 996 654 2475 1061 589 565529 439789 47360 18229 17795 13280 1152 12128 8088 999 460 4040 627 7089 1484 948 5605 392429 3413
is_linear=0
shrinkage=0.05


Tree=151
num_leaves=63
num_cat=0
split_feature=21 26 31 0 30 17 0 29 26 26 22 22 30 29 26 3 26 26 26 0 0 27 18 30 21 26 26 26 31 17 26 0 29 27 22 30 30 0 3 30 29 30 26 31 30 30 22 31 31 29 30 26 3 27 26 17 3 17 30 0 0 0
split_gain=0.0350803 0.0312882 0.0583084 0.0483542 0.0501737 0.0344389 0.0307087 0.0587751 0.0648542 0.0405959 0.0696728 0.0478144 0.0347804 0.0761703 0.159164 0.151969 0.15117 0.179624 0.150426 0.216943 0.126077 0.110953 0.0829161 0.106945 0.0780273 0.117144 0.125219 0.0706263 0.0686824 0.205559 0.129283 0.138592 0.0958275 0.0859829 0.0637569 0.062001 0.0634208 0.228015 0.181882 0.274993 0.176468 0.127754 0.11786 0.0941483 0.136869 0.0842129 0.0834497 0.0749566 0.0771322 0.0745845 0.0635813 0.0630088 0.062327 0.0619026 0.164907 0.169055 0.141002 0.138611 0.124422 0.10249 0.0846195 0.0768806
threshold=5.5000000000000009 6.3938455344194898 3.5000000000000004 232279.04786341064 5.5000000000000009 1.5000000000000002 34739.908005921272 7.5000000000000009 79.978523933298803 62.310239816804227 2.5000000000000004 1.0000000180025095e-35 14.500000000000002 7.5000000000000009 10.642914471192386 5574.6500000000005 37.787068706809841 39.558554857017462 29.411356765434977 157527.98465893054 88534.073246888307 0.0054619003799789108 1.0000000180025095e-35 12.500000000000002 1.0000000180025095e-35 57.98865496168272 23.069658369948637 55.288121637178584 22.500000000000004 1.0000000180025095e-35 29.954841490012416 207786.81899077081 5.5000000000000009 0.0027009366083069254 1.0000000180025095e-35 21.500000000000004 26.500000000000004 156531.08555493044 6139.8500000000013 22.500000000000004 12.500000000000002 22.500000000000004 43.034875662704444 8.5000000000000018 25.500000000000004 25.500000000000004 2.5000000000000004 21.500000000000004 13.500000000000002 11.500000000000002 25.500000000000004 38.861516121962474 5830.1500000000005 0.0034152973713545017 52.606316231073613 1.5000000000000002 5496.1000000000013 2.5000000000000004 66.500000000000014 212092.91937430226 138965.97306008617 145463.71012872533
decision_type=2 2 2 2 2 2 2 2 2 2 2 2 2 2 2 2 2 2 2 2 2 2 2 2 2 2 2 2 2 2 2 2 2 2 2 2 2 2 2 2 2 2 2 2 2 2 2 2 2 2 2 2 2 2 2 2 2 2 2 2 2 2
left_child=1 2 3 4 -1 -6 7 8 9 10 11 -3 13 28 -15 20 18 -18 21 -20 -16 -17 -21 -24 25 26 -22 34 -8 32 31 33 -30 -31 -26 -14 37 38 41 -40 45 42 -37 44 -43 51 53 48 -45 50 -39 -41 -48 54 56 59 57 58 61 -56 -59 -38
right_child=-2 6 -4 -5 5 -7 12 -9 -10 -11 -12 -13 35 14 15 16 17 -19 19 22 24 -23 23 -25 27 -27 -28 -29 29 30 -32 -33 -34 -35 -36 36 46 49 39 40 -42 43 -44 47 -46 -47 52 -49 -50 -51 -52 -53 -54 -55 55 -57 -58 60 -60 -61 -62 -63
leaf_value=0.00067898011981571164 0.00028295497871586793 -2.5304584296463874e-05 0.00058803374285272244 -0.00011585307410414233 -0.00034285658198889165 0.00023339356818152446 -8.2788982429661739e-06 -0.00047061715111438489 -0.00053249947987437014 0.00096221196829420928 -0.00045368038469370309 0.00066965817010615795 7.2327739406536487e-05 -0.0015098156355504346 0.0007488694078258808 9.5871027744901378e-05 0.0012182188959677786 7.8919806792065441e-05 -0.0018773099296700857 3.5451947321480283e-05 0.00040506678408437939 -0.0010259504917396081 -0.0016990626061087117 -0.0001777256275989742 0.00045391871705270344 2.4075005898804447e-05 -0.0008570404787975011 -0.00068042318390860372 0.00038109795409538001 0.0020244048715157988 -5.6410714438407601e-05 -1.3784609630371834e-05 0.0014797256837520559 0.00056008736902543241 -0.00042656422433552389 -0.00031617008992692393 0.00014485537339935283 0.00016986961167195236 -0.0025190439671345113 -0.0020106348263267174 0.00033799760168234651 -0.00099126634800416951 0.0010796756501262974 -0.00024816717100688751 0.00044708633973924121 -0.00017333628457327863 0.0010452964851234961 -0.00061458871256634513 0.00079015190961075575 -0.00014965325710159845 -0.0001717318063587653 -0.00089827590907754547 0.00016289691300705781 -4.0004888053129282e-05 0.00067606757264505261 3.6819437042643138e-05 3.2247182548871891e-05 -0.0002074218549859031 -0.0011939326108396913 0.00019813747282844868 0.0010940072806793987 -0.00051014518385001826
leaf_weight=484 1085 360 603 1938 348 1017 435174 296 214 263 260 792 38974 203 247 2196 365 6633 293 619 218 245 206 263 592 665 1995 359 412 200 4506 414 383 201 315 275 634 6712 219 217 355 839 336 368 206 210 207 377 348 4609 1709 308 6019 38489 2336 5723 13520 257 499 2158 243 1527
leaf_count=484 1085 360 603 1938 348 1017 435174 296 214 263 260 792 38974 203 247 2196 365 6633 293 619 218 245 206 263 592 665 1995 359 412 200 4506 414 383 201 315 275 634 6712 219 217 355 839 336 368 206 210 207 377 348 4609 1709 308 6019 38489 2336 5723 13520 257 499 2158 243 1527
internal_value=-1.09085e-06 -1.61237e-06 0.000131375 5.86613e-05 0.000241576 8.64814e-05 -2.60768e-06 0.000184488 0.000287141 0.000391859 0.000285625 0.000452482 -3.30723e-06 -9.75671e-06 -0.000119014 -0.000100453 2.25886e-07 0.000138343 -0.000252664 -0.0006697 -0.000348538 -1.67247e-05 -0.000344489 -0.000845946 -0.000413948 -0.000557846 -0.000732712 -8.68245e-05 -5.94042e-06 0.00016045 4.84054e-05 0.000627916 0.000910374 0.00129042 0.000148128 1.97633e-05 -3.33311e-06 -8.98839e-05 -0.000417166 -0.00090226 -0.00057742 -0.000186177 0.000451431 -0.000368393 -0.000707725 -0.00101956 1.73196e-05 -4.3964e-05 0.000256491 1.20432e-05 0.000100543 -0.00135805 0.000192235 6.64309e-07 5.8861e-05 0.000217049 -3.8034e-05 -0.000338731 -0.000482303 0.000446568 0.000425073 -0.000317979
internal_weight=592038 590953 4390 3787 1849 1365 586563 2185 1889 1675 1412 1152 584378 456704 15414 15211 10820 6998 3822 1381 4391 2441 1088 469 4144 2878 2213 1266 441290 6116 5321 815 795 401 907 127674 88700 17088 4058 1309 1090 2749 611 2138 1045 735 71612 1093 716 13030 8421 525 6226 65386 26897 10217 16680 3160 2660 4494 500 2161
internal_count=592038 590953 4390 3787 1849 1365 586563 2185 1889 1675 1412 1152 584378 456704 15414 15211 10820 6998 3822 1381 4391 2441 1088 469 4144 2878 2213 1266 441290 6116 5321 815 795 401 907 127674 88700 17088 4058 1309 1090 2749 611 2138 1045 735 71612 1093 716 13030 8421 525 6226 65386 26897 10217 16680 3160 2660 4494 500 2161
is_linear=0
shrinkage=0.05


Tree=152
num_leaves=63
num_cat=0
split_feature=21 25 22 26 25 17 3 24 17 30 25 26 24 3 21 24 26 24 26 22 17 24 24 17 3 24 17 26 26 26 25 24 20 26 21 24 24 26 24 24 24 24 24 24 24 24 25 25 25 25 20 26 7 29 26 26 18 25 25 26 5 17
split_gain=0.03166 0.0302561 0.0969744 0.0652963 0.0580853 0.0900695 0.0497755 0.0504376 0.0466972 0.118163 0.151136 0.135254 0.12793 0.0848547 0.0691795 0.0653457 0.0610455 0.118475 0.1072 0.14578 0.0816313 0.0807444 0.0645092 0.0977458 0.0643039 0.0595999 0.0540009 0.0495313 0.0849973 0.0622744 0.0705025 0.0542847 0.0619628 0.0825563 0.0893319 0.0568572 0.0565826 0.0622726 0.0475729 0.046862 0.0928005 0.0805719 0.105945 0.0812201 0.0807522 0.084998 0.059166 0.0578847 0.0478524 0.0464273 0.0462527 0.199772 0.0446886 0.0440713 0.0434187 0.0433273 0.0593766 0.117281 0.0453886 0.11633 0.114467 0.0545173
threshold=5.5000000000000009 89.642542044469565 5.5000000000000009 57.775833038488663 88.990457059209874 4.5000000000000009 6443.6000000000013 69.372859920511146 3.5000000000000004 2.5000000000000004 90.818263455462898 61.250644959927634 92.016394279019167 5795.7500000000009 1.0000000180025095e-35 75.306777215588383 86.303945456073123 71.010930919044185 92.397620940082945 1.0000000180025095e-35 2.5000000000000004 88.375225383294719 86.423492363484044 1.0000000180025095e-35 5768.7500000000009 94.111871068922298 1.0000000180025095e-35 48.222719022508009 44.361915929469205 53.561027681660185 94.118181210803499 60.649232127919909 2.5000000000000004 69.864713896157014 1.5000000000000002 65.387085950219031 48.691343797730831 80.414135076016322 74.926639738576341 77.478589140969845 76.44297518130098 91.269519519535649 94.111871068922298 92.790837360417214 94.889583124869901 96.790430931194493 99.73067797693254 96.047472766735694 97.1294705127886 96.644779444093828 1.0000000180025095e-35 47.300527285418262 5.0500000000000007 1.5000000000000002 63.845874561687715 50.506573632544445 1.0000000180025095e-35 91.334729550160873 96.644779444093828 78.378483021823527 136.91400000000002 2.5000000000000004
decision_type=2 2 2 2 2 2 2 2 2 2 2 2 2 2 2 2 2 2 2 2 2 2 2 2 2 2 2 2 2 2 2 2 2 2 2 2 2 2 2 2 2 2 2 2 2 2 2 2 2 2 2 2 2 2 2 2 2 2 2 2 2 2
left_child=1 4 8 -4 -1 6 7 -6 9 10 -3 -12 14 -10 15 -13 17 50 19 20 21 -18 23 -19 -21 -24 -20 28 -15 30 -29 36 33 34 38 -34 37 -31 -33 40 47 -41 43 -43 -44 46 -46 -35 -47 -17 55 -52 -28 -37 -25 56 57 -11 61 60 -60 -57
right_child=-2 2 3 -5 5 -7 -8 -9 13 16 11 12 -14 27 -16 49 18 22 26 24 -22 -23 25 54 -26 -27 52 29 -30 31 -32 32 35 39 -36 53 -38 -39 -40 41 -42 42 44 -45 45 48 -48 -49 -50 -51 51 -53 -54 -55 -56 58 -58 -59 59 -61 -62 -63
leaf_value=-3.3894124922896231e-06 0.0002688072294638973 -0.0013560271962839915 0.0012809643604365798 0.00031163334106573714 -0.00026814884859446218 -0.00077298991577831296 -0.00063334530331104696 0.00043887509983522123 -0.00065823990473974766 -7.675563127257327e-05 0.00071260809945799814 -0.0011846502824580584 0.00079712194701490576 5.0409115928580576e-05 -2.9684849809052669e-05 -0.00069684041061667435 -0.0015693781656514008 0.001323829058816609 0.00059820262579646851 -0.00035989979001368284 -0.00012429876419297939 -0.00035834481382153173 -3.3623974661375367e-06 -0.00014873137604880224 0.00040609254335841391 0.00091004477792704986 -0.00058128916596662708 -0.0011632109416510274 0.0010543651729485169 7.1432268465821652e-05 -0.00011258212176662075 -0.00053267351360165025 -0.00062421747621125472 0.00036376993174348251 0.0002116208549594551 -0.00048108121336055829 0.00033659388759594108 -0.00090876086059114175 -0.0014492338487055538 -0.00030228383418146005 0.0010684862185472083 0.00019860989122528827 -0.0009059000256483147 0.0014010062121345241 0.00011230860377812253 0.0001016344981260111 0.0011831825565481882 -0.0002688845507896449 -0.00073248289417301819 0.00023442452395794957 -0.0014753012588836338 0.00040014001197980842 0.0001950800167097288 0.00025928439200308047 0.00051187566423446871 0.00027151893919913887 0.0001054554701766548 0.001481285737530009 -0.0011044370535750032 0.00078829536962066898 7.8169621876422702e-05 -0.00018031507717222159
leaf_weight=554738 1085 266 204 1171 459 623 279 560 526 216 421 409 240 810 628 369 357 355 695 454 337 224 1194 281 691 210 231 254 285 803 430 308 228 627 231 219 1919 203 262 3456 235 371 276 226 360 330 201 854 359 210 238 352 938 2446 2166 2063 864 274 420 211 399 987
leaf_count=554738 1085 266 204 1171 459 623 279 560 526 216 421 409 240 810 628 369 357 355 695 454 337 224 1194 281 691 210 231 254 285 803 430 308 228 627 231 219 1919 203 262 3456 235 371 276 226 360 330 201 854 359 210 238 352 938 2446 2166 2063 864 274 420 211 399 987
internal_value=-1.03631e-06 -1.53175e-06 4.40494e-05 0.000455447 -4.33986e-06 -0.000278806 -4.16129e-05 0.000120402 2.68657e-05 8.55532e-05 -0.000228256 -9.65093e-05 -0.000280043 -3.35623e-05 -0.000440018 -0.000700837 0.000141922 0.000206251 -2.56563e-05 -0.000273975 -0.000743383 -0.00110247 0.000409887 0.000548497 0.000102372 0.000133258 0.000249173 -1.26243e-05 0.000311713 -3.69529e-05 -0.000502728 -1.40558e-05 -6.50084e-05 -0.000135982 -0.000617826 0.000133609 0.000177369 -0.00012636 -0.00095397 -8.30747e-05 0.000145426 -0.000153357 8.90778e-05 0.000653788 -0.000131848 3.90631e-05 0.000495991 -1.04231e-06 -0.000332978 -0.000359076 6.40709e-05 -0.000356394 4.16657e-05 0.000198444 0.000436015 0.000109723 0.000354805 0.000794476 2.83895e-05 -0.000258586 -0.000528295 0.000125302
internal_weight=592038 590953 34294 1375 556659 1921 1298 1019 32919 16700 2543 2277 1856 16219 1616 988 14157 10230 3927 2063 918 581 4206 2802 1145 1404 1864 15693 1095 14598 684 13914 10989 8096 801 2893 2925 1006 570 7295 1716 5579 2123 597 1526 1250 561 1481 689 579 6024 590 1169 2665 2447 5434 1354 490 4080 1030 819 3050
internal_count=592038 590953 34294 1375 556659 1921 1298 1019 32919 16700 2543 2277 1856 16219 1616 988 14157 10230 3927 2063 918 581 4206 2802 1145 1404 1864 15693 1095 14598 684 13914 10989 8096 801 2893 2925 1006 570 7295 1716 5579 2123 597 1526 1250 561 1481 689 579 6024 590 1169 2665 2447 5434 1354 490 4080 1030 819 3050
is_linear=0
shrinkage=0.05


Tree=153
num_leaves=63
num_cat=0
split_feature=30 30 0 0 30 21 26 29 30 25 0 20 30 24 24 27 21 26 25 17 21 24 30 27 0 0 17 29 30 25 29 17 3 0 29 25 29 25 0 26 29 25 26 26 29 24 24 0 24 30 3 26 26 27 27 0 24 29 30 0 26 24
split_gain=0.0309454 0.0657634 0.0867884 0.144086 0.085385 0.0813239 0.105333 0.0824277 0.182044 0.0741205 0.1452 0.255484 0.251991 0.219624 0.14707 0.126789 0.126999 0.126406 0.125145 0.133099 0.149649 0.151254 0.116659 0.109874 0.0990975 0.0988952 0.0923577 0.0781554 0.0741046 0.075705 0.115815 0.0713359 0.0703778 0.0842715 0.126668 0.066989 0.146284 0.0985441 0.0970045 0.072241 0.0689363 0.160297 0.127185 0.0908159 0.082929 0.0705745 0.0791507 0.0694418 0.0738371 0.0663283 0.065295 0.0636039 0.0635769 0.0635333 0.0631404 0.0778391 0.0767793 0.0644294 0.063103 0.062757 0.0622869 0.174313
threshold=15.500000000000002 21.500000000000004 50989.594365617719 104396.6704931748 20.500000000000004 1.0000000180025095e-35 48.222719022508009 6.5000000000000009 18.500000000000004 32.929816754267627 153712.86198200806 1.5000000000000002 25.500000000000004 48.182231027630202 73.566787963691709 0.0019867104682744058 1.5000000000000002 29.954841490012416 64.312638964933242 5.5000000000000009 1.0000000180025095e-35 62.368333696806083 22.500000000000004 0.0024597205126616231 175805.61493698289 112606.3426449547 2.5000000000000004 13.500000000000002 106.50000000000001 36.667831880934891 13.500000000000002 2.5000000000000004 5795.7500000000009 109052.29978744902 8.5000000000000018 26.818171979817098 12.500000000000002 24.795111409690833 117115.67586742358 21.95178916098666 18.500000000000004 0.023057781902900826 45.227102298587774 57.98865496168272 20.500000000000004 91.269519519535649 78.842348051051886 141737.39989991425 63.008607222743031 16.500000000000004 5732.6000000000013 77.138008442011525 25.445651163859036 0.0027514945592120948 0.0026672757698392958 219600.7121919468 75.61417999482633 11.500000000000002 28.500000000000004 127874.43293241467 61.571443134601914 76.984467893800485
decision_type=2 2 2 2 2 2 2 2 2 2 2 2 2 2 2 2 2 2 2 2 2 2 2 2 2 2 2 2 2 2 2 2 2 2 2 2 2 2 2 2 2 2 2 2 2 2 2 2 2 2 2 2 2 2 2 2 2 2 2 2 2 2
left_child=-1 2 -2 5 -5 7 -7 -4 49 23 11 12 13 -11 18 -16 -17 -13 19 20 21 28 59 24 27 26 -22 -3 29 30 -14 35 60 34 -34 37 58 40 -38 -39 41 -25 44 -44 -42 46 -43 -45 -49 -9 -41 -24 -36 -19 56 -56 57 -6 -37 -15 61 -33
right_child=1 9 3 4 54 6 -8 8 -10 10 -12 17 14 22 15 16 -18 53 -20 -21 25 -23 51 31 -26 -27 -28 -29 -30 -31 -32 32 33 -35 52 36 38 39 -40 50 42 45 43 47 -46 -47 -48 48 -50 -51 -52 -53 -54 -55 55 -57 -58 -59 -60 -61 -62 -63
leaf_value=-6.8256971775324305e-06 -0.00062826520196754602 0.00011469069864205994 0.0013479063284395716 3.5017893606379262e-05 0.00054958279377312911 0.00069343714250510774 -0.00047754207360971675 0.00058880263714094886 0.0014479693923155081 -0.0013339814185095509 5.4346762584866406e-06 -0.0019631134069342925 -5.691510880821555e-05 -0.00019885280694835253 -0.00048959732455599203 0.0012601874686856921 -0.00012292387613729747 -0.00016226301215966884 0.00060262352165245923 0.00035281451333910236 -0.0014592097162142636 -0.00085833789839029567 -0.00035470308385829351 0.00085483156205137356 0.00011805723767570792 -0.00027695720926302708 -0.0004203916321128737 0.00082564722852541982 -0.00070316751111867764 4.1767755953600758e-05 0.0016218641775411044 0.00021221304030763388 -0.00047019967691705141 1.6981043389459298e-05 8.6844241038948564e-05 -5.8945586587387061e-05 0.0014281584951782457 -5.1476207536325093e-05 0.00027064106594095795 -0.0017677139646309296 -0.0013097391967726068 -1.4460842934861037e-05 0.00056067384987801142 -0.00080853935693457515 -0.00039738217358737922 0.00063820901483702976 -0.00059583271084429458 0.00085739129068080396 -0.00019460552611974297 -0.00049028363140212947 -0.00050091656931363108 -0.0013433916799623325 0.0010696629979358185 -0.0011136296503870865 0.0010196745357056983 0.0003003836839919303 -0.00080113304408466017 -0.000421599819025832 -0.001211544581999979 0.0010105394560927783 9.0184113232756385e-05 0.0017690606889459561
leaf_weight=469459 425 596 388 27377 509 372 397 243 314 701 39967 244 208 205 225 565 235 348 617 1140 477 508 853 529 3904 1088 388 1100 284 2588 203 604 267 18686 231 275 216 240 1117 207 292 2707 581 337 1694 318 747 209 826 344 200 201 572 354 481 1725 240 257 209 225 963 256
leaf_count=469459 425 596 388 27377 509 372 397 243 314 701 39967 244 208 205 225 565 235 348 617 1140 477 508 853 529 3904 1088 388 1100 284 2588 203 604 267 18686 231 275 216 240 1117 207 292 2707 581 337 1694 318 747 209 826 344 200 201 572 354 481 1725 240 257 209 225 963 256
internal_value=-9.84494e-07 2.13864e-05 8.16358e-05 9.08773e-05 6.36315e-05 0.000495844 8.89134e-05 0.000738613 0.000476231 -8.75137e-07 -3.9852e-05 -0.000195121 -0.000125557 -0.000604621 -2.78418e-06 0.000558985 0.000853899 -0.000982761 -7.9549e-05 -0.000140691 -0.000238636 -5.54577e-05 -0.000260092 5.22395e-05 0.00025669 -0.000594206 -0.000993243 0.000575806 6.87772e-05 0.000141879 0.000772263 1.67743e-05 6.91217e-05 4.16923e-05 0.000473238 -8.87565e-05 0.000187873 -0.000145315 0.000458206 -0.000739497 -9.86603e-05 3.97405e-05 -0.00024978 3.67252e-05 -0.000531525 -7.45711e-05 -0.000140195 -0.000185151 1.78267e-05 -4.3575e-05 -0.00114521 -0.000543248 0.000786934 -0.000642012 0.000307516 0.000457219 -2.07609e-05 0.000223742 -0.000556659 0.000433969 0.000366376 0.000675647
internal_weight=592038 122579 33072 32647 30589 2058 769 1289 901 89507 51624 11657 10711 2185 8526 1025 800 946 7501 6884 5744 3791 1484 37883 5600 1953 865 1696 3283 2999 411 32283 21579 19756 1070 10704 1817 8887 1333 647 8240 4301 3939 1953 1986 3772 3454 1372 1035 587 407 1054 803 702 3212 2206 1006 766 484 430 1823 860
internal_count=592038 122579 33072 32647 30589 2058 769 1289 901 89507 51624 11657 10711 2185 8526 1025 800 946 7501 6884 5744 3791 1484 37883 5600 1953 865 1696 3283 2999 411 32283 21579 19756 1070 10704 1817 8887 1333 647 8240 4301 3939 1953 1986 3772 3454 1372 1035 587 407 1054 803 702 3212 2206 1006 766 484 430 1823 860
is_linear=0
shrinkage=0.05


Tree=154
num_leaves=63
num_cat=0
split_feature=28 27 25 27 23 25 26 0 0 25 26 20 26 5 17 17 26 26 18 17 28 28 5 24 0 25 22 26 0 22 17 25 21 24 24 18 26 26 26 0 18 0 24 18 21 25 17 18 5 5 25 5 18 26 26 4 0 26 17 27 25 24
split_gain=0.0331774 0.0603505 0.110596 0.0906731 0.0857414 0.120432 0.0779505 0.0734796 0.136976 0.129018 0.145376 0.137506 0.122691 0.0776167 0.0913871 0.0722715 0.0704537 0.0678471 0.079296 0.09374 0.0716076 0.0642092 0.0920701 0.0574977 0.0574221 0.078332 0.1001 0.0913253 0.11744 0.0851212 0.0831946 0.0702992 0.0690418 0.0900262 0.0703305 0.0626204 0.0582043 0.0739343 0.0555091 0.0542072 0.0869209 0.152262 0.119684 0.109367 0.213967 0.248092 0.119654 0.471067 0.155816 0.106716 0.0796303 0.0844151 0.0726549 0.0705099 0.0745726 0.0689189 0.0675038 0.065826 0.143432 0.39097 0.204706 0.179945
threshold=-0.052382485240229863 0.0088560084012186818 1.3564258056496745 0.016729694521560371 1.0000000180025095e-35 34.048417741947297 15.278686639645693 138965.97306008617 332436.70644229586 79.710081798490663 86.303945456073123 3.5000000000000004 84.49321953835134 145.82600000000002 4.5000000000000009 7.5000000000000009 77.995891677364469 52.904817407769592 1.0000000180025095e-35 1.5000000000000002 -0.0055371698341484246 -0.0002340223364287741 128.04350000000002 19.407863127836613 325740.45058430365 48.17196067272279 2.5000000000000004 92.397620940082945 93781.096076523871 2.5000000000000004 4.5000000000000009 23.946262301417708 1.0000000180025095e-35 81.565817782891244 44.778029586822576 1.5000000000000002 42.261621255244449 28.317415971378832 58.794511253210594 335776.12591383629 7.5000000000000009 158581.43124620407 61.84536766451361 2.5000000000000004 1.0000000180025095e-35 48.17196067272279 5.5000000000000009 3.5000000000000004 135.63150000000002 145.82600000000002 96.047472766735694 145.82600000000002 8.5000000000000018 95.136470443274803 96.480185198186078 6.3550000000000013 158581.43124620407 74.695384745427631 1.0000000180025095e-35 0.0036032443516257466 96.644779444093828 37.871147122623874
decision_type=2 2 2 2 2 2 2 2 2 2 2 2 2 2 2 2 2 2 2 2 2 2 2 2 2 2 2 2 2 2 2 2 2 2 2 2 2 2 2 2 2 2 2 2 2 2 2 2 2 2 2 2 2 2 2 2 2 2 2 2 2 2
left_child=24 39 3 6 7 -6 -3 9 16 10 11 21 -11 -10 -15 23 17 -9 19 -19 -20 -4 -23 -8 25 26 31 28 29 -27 -28 32 -1 34 -34 -33 37 -32 -24 40 43 -42 -43 53 46 -46 47 48 56 -47 51 -44 -53 57 -55 -41 -45 -2 59 -59 -61 -60
right_child=1 2 4 -5 5 -7 15 8 13 12 -12 -13 -14 14 -16 -17 -18 18 20 -21 -22 22 38 -25 -26 27 30 -29 -30 -31 36 35 33 -35 -36 -37 -38 -39 -40 55 41 42 50 44 45 49 -48 -49 -50 -51 -52 52 -54 54 -56 -57 -58 58 61 60 -62 -63
leaf_value=0.00059002503309580755 1.2597398649991148e-05 -0.00046003173818211641 4.2941182270276069e-05 -0.0005671680238562856 -0.0014232361753991052 -2.5614429948448794e-05 0.0012626034668230222 -0.00018432871007507048 0.00066300211846504408 0.00044344885749495242 0.0012111812611761881 -0.0011832317901254181 -0.00026896840793282621 -0.00053619076475420883 8.3308219248400125e-05 -0.00048321236378202366 1.1780982261426951e-05 -0.00096292271138620304 -0.00031892444552852537 0.0001687165528032359 -0.00078861516003628858 -0.00053547464047883628 8.9717022360959975e-05 0.00040711236507939938 0.00018700675924406221 0.00070854390846046013 -0.0013101411085662321 -0.00081531827929097749 2.9758836168170439e-05 -7.8781105325265887e-05 -0.00017160315397227857 -0.00027584256761535711 0.00020579505630090959 0.00071303908113865575 -0.00070898193312289018 0.00042205543650062602 0.00028845490113327992 -0.0012561232656940842 -0.00040959218663608893 -3.6337643639326706e-05 0.00054392424151825027 0.00021172579465677491 -0.00019024795856442263 0.0010527118184958375 -0.0014953212907016995 -0.00098877892686883282 0.00012444723458531433 -0.0015639075371787483 0.0016476773211446555 0.00029186015902677868 -5.709238144548408e-05 -0.0015272666605125138 -0.0006870659014784501 0.00084315785416963973 0.0001095840529270485 0.00037048109659687517 0.00042164197521504928 0.00052222552183189342 0.00075453865812330891 -0.00044416034528627627 0.0010629308938048781 -9.9323630349785021e-05
leaf_weight=732 380247 290 4712 327 290 329 218 4785 476 2520 210 294 795 696 4115 208 2025 235 1467 827 1816 1530 1969 1983 6325 1296 269 256 5379 467 432 2448 384 300 464 370 282 247 776 100125 513 631 471 575 361 204 3538 239 412 803 557 401 718 501 1123 1052 1611 3461 627 2282 250 38792
leaf_count=732 380247 290 4712 327 290 329 218 4785 476 2520 210 294 795 696 4115 208 2025 235 1467 827 1816 1530 1969 1983 6325 1296 269 256 5379 467 432 2448 384 300 464 370 282 247 776 100125 513 631 471 575 361 204 3538 239 412 803 557 401 718 501 1123 1052 1611 3461 627 2282 250 38792
internal_value=-9.35269e-07 -3.1284e-06 -6.88801e-05 0.000219157 -9.80628e-05 -0.000680397 0.000314425 -8.57384e-05 -0.00015568 4.06146e-06 -8.97324e-05 -0.000119168 0.000272598 5.39462e-05 -6.31375e-06 0.000407656 -0.000255034 -0.000314212 -0.000457249 -8.16933e-05 -0.000578735 -8.43583e-05 -0.000224671 0.000491845 6.29453e-05 4.06126e-06 -0.000131362 0.000112575 0.000145835 0.00049999 -0.00053291 -2.62312e-05 0.000210568 -3.13855e-05 -0.000294743 -0.000184209 -0.000315349 -0.000566119 -5.14356e-05 8.80491e-07 8.49518e-06 -0.0002475 -0.000393648 1.04318e-05 0.000196665 -0.00037073 0.000318422 0.000560326 0.000755742 3.24258e-05 -0.000571567 -0.000751795 -0.000988157 7.05697e-06 0.00033589 -3.21077e-05 0.000587637 5.80239e-06 -5.10941e-05 0.000176803 -0.000295356 -8.57421e-05
internal_weight=592038 572387 32893 3026 29867 619 2699 29248 16442 12806 9491 9281 3315 5287 4811 2409 11155 9130 4345 1062 3283 8987 4275 2201 19651 13326 5928 7398 7142 1763 1230 4698 1880 1148 848 2818 961 679 2745 539494 438317 3291 2778 435026 7743 1368 6375 2837 2598 1007 2147 1590 1119 427283 1624 101177 2186 425659 45412 5993 2532 39419
internal_count=592038 572387 32893 3026 29867 619 2699 29248 16442 12806 9491 9281 3315 5287 4811 2409 11155 9130 4345 1062 3283 8987 4275 2201 19651 13326 5928 7398 7142 1763 1230 4698 1880 1148 848 2818 961 679 2745 539494 438317 3291 2778 435026 7743 1368 6375 2837 2598 1007 2147 1590 1119 427283 1624 101177 2186 425659 45412 5993 2532 39419
is_linear=0
shrinkage=0.05


Tree=155
num_leaves=63
num_cat=0
split_feature=28 26 31 24 26 26 3 27 0 27 17 26 24 26 28 0 0 27 18 17 28 26 0 18 24 17 24 0 27 27 3 18 27 24 26 27 0 3 26 28 17 3 26 28 17 18 0 19 0 0 26 27 7 28 24 0 18 24 26 18 27 24
split_gain=0.0369502 0.0579584 0.0551998 0.0746455 0.0825477 0.0721421 0.0468559 0.0935671 0.17812 0.11104 0.125422 0.1195 0.111695 0.107776 0.0912778 0.115831 0.105668 0.116413 0.137263 0.0788535 0.0721422 0.0752119 0.0689193 0.0739759 0.101084 0.0645782 0.0623147 0.0731883 0.0614844 0.0784029 0.058027 0.081338 0.0547887 0.0573721 0.111679 0.109562 0.112427 0.0905741 0.146279 0.0757091 0.110243 0.182992 0.202195 0.145438 0.135719 0.168539 0.100163 0.0721051 0.0723018 0.0736934 0.0712768 0.0583242 0.06999 0.0564142 0.0564554 0.056392 0.055476 0.0553989 0.0541904 0.123458 0.158633 0.0997349
threshold=-0.094290532495402243 91.919111772303708 2.5000000000000004 74.10649523981003 62.662362433562919 70.221140035544195 6872.7000000000016 0.0039364926606797494 174663.50994027403 0.0028417159608883215 2.5000000000000004 39.313937371931125 39.614810540960256 16.372961962592225 -0.0042150437023922285 389759.98454441462 288381.35103417368 0.0073745328568530404 1.5000000000000002 8.5000000000000018 -0.01510011517620624 79.158208864458558 133452.95339150439 1.0000000180025095e-35 77.243685041205509 7.5000000000000009 29.751697095856162 46964.12294112995 0.0036032443516257466 0.0036101578943349469 7099.2000000000016 1.0000000180025095e-35 0.0038356239116821458 15.078661583663008 8.2326004100409431 0.0035613056094694778 138965.97306008617 5475.5500000000002 25.445651163859036 -1.0000000180025095e-35 1.5000000000000002 5768.7500000000009 54.974476962867882 -0.010466019218935805 3.5000000000000004 1.0000000180025095e-35 134341.99747856901 1.0000000180025095e-35 427260.95128988271 96825.21273569265 10.642914471192386 0.0024772891463510326 5.2500000000000009 -0.023169179586857099 73.566787963691709 65770.868918998967 1.0000000180025095e-35 29.338973254067891 15.278686639645693 1.0000000180025095e-35 0.0069726508512808162 9.3670842741770013
decision_type=2 2 2 2 2 2 2 2 2 2 2 2 2 2 2 2 2 2 2 2 2 2 2 2 2 2 2 2 2 2 2 2 2 2 2 2 2 2 2 2 2 2 2 2 2 2 2 2 2 2 2 2 2 2 2 2 2 2 2 2 2 2
left_child=1 2 3 4 -1 -6 32 8 13 10 11 12 -10 -8 15 26 17 -16 -19 -20 -15 28 23 24 -23 -12 -9 -28 -22 -30 31 -11 33 34 -2 36 50 -38 56 40 41 42 53 -43 45 51 -47 -41 49 -49 -36 -42 -53 -35 -55 -44 -39 -45 59 60 -34 -60
right_child=6 -3 -4 -5 5 -7 7 14 9 30 25 -13 -14 20 16 -17 -18 18 19 -21 21 22 -24 -25 -26 -27 27 -29 29 -31 -32 -33 58 39 35 -37 37 38 -40 47 44 43 55 57 -46 46 -48 48 -50 -51 -52 52 -54 54 -56 -57 -58 -59 61 -61 -62 -63
leaf_value=4.8312466078989572e-05 -0.0002478746766993607 -0.00068256621353578618 0.00042702396088830199 0.00036439135583962067 -0.0011746543111552405 -3.7427417730851387e-05 0.00033985730204908078 -0.00035336591962716529 0.000170854852019277 2.5286281320313373e-05 0.00021134426720447139 0.00010983824335027368 -0.001258782380054493 -0.0004170947897833448 2.1691012643082724e-05 8.8305086530798236e-05 -0.00027187612796615855 -0.00011255434378513207 -0.0010873204164040604 -0.00022049355155256004 -8.4665428121794624e-05 -0.0016271536946973284 2.2383694411625507e-05 -0.00020885985409758854 -0.00034070852811419176 0.00051309492227690574 0.00083663239725078838 -7.642509328226005e-05 0.00066041719378323789 -1.0079688554014865e-05 8.4949662126842534e-05 -0.0004410429519036651 -8.7545402558841394e-05 0.00064949710011239935 0.0014707701331618519 -0.00044107632029130855 -0.0004306688977577189 0.00014274566657501386 0.0007445720582128165 3.840463641715767e-06 -0.00038197002281298921 0.00083673168137563089 0.00033219343650151147 0.00063802851220879394 -7.3348968718150905e-06 -0.00011259338122785112 -0.00095417588539709075 0.00032983718567155493 0.00018310281520016021 -0.00017783382960559208 0.0005477594950973264 0.00040002360031318003 -0.00018239709595200084 7.4671491009474579e-06 0.00081454559908901219 -0.0004358265741380367 -0.00060890189420724364 6.6609952212811791e-06 -0.00077817743224948828 0.00012997642795530871 -0.00067999952884959609 4.1604255150458748e-05
leaf_weight=2875 1377 218 1373 1487 284 274 1405 2089 210 2341 10092 1157 391 1779 11180 14649 9855 2982 699 420 13861 311 671 585 300 2151 222 19298 656 1300 6235 1557 6402 479 277 491 493 1100 1095 282608 2260 982 257 420 5269 470 1427 758 1870 12552 854 682 2117 2927 234 3414 316 2011 372 4820 1372 140008
leaf_count=2875 1377 218 1373 1487 284 274 1405 2089 210 2341 10092 1157 391 1779 11180 14649 9855 2982 699 420 13861 311 671 585 300 2151 222 19298 656 1300 6235 1557 6402 479 277 491 493 1100 1095 282608 2260 982 257 420 5269 470 1427 758 1870 12552 854 682 2117 2927 234 3414 316 2011 372 4820 1372 140008
internal_value=4.80935e-07 0.000118937 0.000146702 6.84739e-05 -5.97025e-05 -0.000616231 -8.34969e-07 -3.08536e-05 2.3913e-05 0.000116412 0.000207652 -0.000187271 -0.000759242 -8.30626e-05 -7.09977e-05 -2.02361e-05 -0.00014422 -6.18923e-05 -0.000289754 -0.00076197 -0.000113592 -8.30603e-05 -0.000383193 -0.000610736 -0.000995511 0.00026436 -9.38174e-05 -6.60409e-05 -4.76334e-05 0.00021479 -9.65633e-06 -0.000160982 5.82288e-06 -5.73909e-06 0.000147408 0.00026507 0.00034892 0.000188946 0.000310599 -8.60544e-06 -9.61121e-05 2.08941e-05 -0.000120226 0.000323187 -0.000198752 -0.000343746 -0.000745666 -1.86175e-06 -0.000108021 -0.000148922 0.00077382 -0.000193036 -4.04854e-05 0.000143838 6.72129e-05 -0.000382059 -2.49949e-05 0.000115741 3.05183e-05 -6.88374e-05 -0.000192105 3.94319e-05
internal_weight=592621 6511 6293 4920 3433 558 586110 106396 45002 24134 14001 1758 601 20868 61394 36258 25136 15281 4101 1119 19463 17684 1867 1196 611 12243 21609 19520 15817 1956 10133 3898 479714 326740 6003 4626 4135 3004 2511 320737 22949 10724 7311 3413 12225 6956 1897 297788 15180 13310 1131 5059 2799 3640 3161 3671 1416 2431 152974 12594 7774 140380
internal_count=592621 6511 6293 4920 3433 558 586110 106396 45002 24134 14001 1758 601 20868 61394 36258 25136 15281 4101 1119 19463 17684 1867 1196 611 12243 21609 19520 15817 1956 10133 3898 479714 326740 6003 4626 4135 3004 2511 320737 22949 10724 7311 3413 12225 6956 1897 297788 15180 13310 1131 5059 2799 3640 3161 3671 1416 2431 152974 12594 7774 140380
is_linear=0
shrinkage=0.05


Tree=156
num_leaves=63
num_cat=0
split_feature=22 3 28 22 0 26 25 29 0 31 0 20 25 30 22 22 20 26 17 17 25 21 0 26 24 29 17 23 20 21 26 29 0 22 20 21 0 29 31 0 26 0 26 0 24 26 17 25 31 30 29 26 0 31 25 25 25 24 25 26 0 0
split_gain=0.0350931 0.0343594 0.0656953 0.065666 0.100108 0.122048 0.0949259 0.103375 0.0713456 0.0574102 0.0542737 0.144146 0.142121 0.136822 0.127423 0.132411 0.126959 0.116081 0.108972 0.107713 0.107566 0.268782 0.131542 0.118253 0.104155 0.0909038 0.156678 0.166707 0.0883266 0.124283 0.247154 0.0830061 0.0824462 0.0796236 0.0793299 0.273718 0.0756739 0.0749269 0.0742517 0.0732292 0.073166 0.0717343 0.0711611 0.0684589 0.0672158 0.121747 0.118673 0.0812619 0.0665169 0.0681738 0.0655506 0.0685148 0.0668445 0.0645196 0.075421 0.0628814 0.068665 0.0970094 0.0828092 0.0685448 0.0632677 0.0757848
threshold=11.500000000000002 6872.7000000000016 -0.16333028509764994 5.5000000000000009 149098.16971117884 40.110388326242244 80.48395640661262 3.5000000000000004 82752.080123748587 1.0000000180025095e-35 219600.7121919468 2.5000000000000004 21.690229015155001 12.500000000000002 1.0000000180025095e-35 4.5000000000000009 4.5000000000000009 15.278686639645693 3.5000000000000004 7.5000000000000009 68.879296131709864 1.0000000180025095e-35 144504.31266262205 53.561027681660185 67.493497238168331 4.5000000000000009 4.5000000000000009 1.0000000180025095e-35 4.5000000000000009 1.0000000180025095e-35 20.64695499840699 20.500000000000004 89650.147198456616 2.5000000000000004 1.5000000000000002 1.0000000180025095e-35 46964.12294112995 8.5000000000000018 15.500000000000002 91734.908281404161 93.283108211258707 94806.461533960624 23.689554168259004 174663.50994027403 45.097832031202039 25.739688749451936 3.5000000000000004 60.890292323121493 6.5000000000000009 18.500000000000004 1.5000000000000002 41.137634597255705 106259.42812028559 3.5000000000000004 47.156778617451515 24.795111409690833 31.93260589932947 82.722870784525512 50.918004934977837 37.480100031631245 127874.43293241467 162495.81210183841
decision_type=2 2 2 2 2 2 2 2 2 2 2 2 2 2 2 2 2 2 2 2 2 2 2 2 2 2 2 2 2 2 2 2 2 2 2 2 2 2 2 2 2 2 2 2 2 2 2 2 2 2 2 2 2 2 2 2 2 2 2 2 2 2
left_child=1 3 9 -1 5 -5 7 -7 -9 -3 12 37 25 14 24 17 19 18 -16 -13 21 22 23 41 34 26 -4 -28 29 30 -15 43 -27 -34 42 -36 -19 -12 -39 -37 44 -17 -14 48 50 46 -46 55 49 -32 52 -52 -38 54 -31 -47 57 -57 59 60 -58 -62
right_child=-2 2 10 4 -6 6 -8 8 -10 -11 11 16 13 28 15 20 -18 36 -20 -21 -22 -23 -24 -25 -26 32 27 -29 -30 53 31 -33 33 -35 35 39 40 38 -40 -41 -42 -43 -44 -45 45 47 -48 -49 -50 -51 51 -53 -54 -55 -56 56 58 -59 -60 -61 61 -63
leaf_value=4.1741747184043462e-06 0.0006593746457108883 0.0011838789542846563 -0.0008602404946254186 0.00049534466358879274 0.00059772912577772533 0.00034530950308814864 0.00034383011985121076 -0.00099629966263793755 -0.00022726477265231149 0.00013996492364579656 -6.0606104434466001e-05 0.00025681394600889985 -0.0010283169792948041 -0.0020890035408485065 0.0012109589602549015 -0.0013096736644950346 4.4397737161347821e-05 0.0010041422848574327 0.00025451309952448218 0.00089631677517270226 0.00014494065795297645 3.478701745745967e-05 -0.00021747592064550378 -0.0019672758584345184 5.7569798849156988e-05 0.0009233376891778014 -7.7616741924606465e-05 -0.0015295527513612965 -0.001078275673221056 0.00056836433442681742 -0.00045536688309187997 0.00034315259228823207 -0.00034703958876698232 0.00054310554915223519 -0.0021443413503549388 -0.0011723362988967224 -0.0010368041714100844 0.00016745533046918807 -0.00010091740605421428 -0.0002320827594286297 -0.00079282891596527041 -0.00022267136873458995 -3.222772360051819e-05 -0.00010872031886031633 0.0014914680275447947 0.00079617828914871857 0.00031252469115445583 0.00017196632275589489 -0.00023567615142537358 -0.00139978538655586 -0.0001256353785787854 0.00027230275661155318 -0.00018219888486037343 -0.00018540580888190515 -0.00021082649880176932 -0.00016940558255009209 0.00018847336631504157 -0.0014083303218480026 -0.00019597896128627134 0.00022773153177345543 -0.0013900753820195735 -9.3707721931596537e-05
leaf_weight=478350 202 203 1392 1083 1153 393 685 568 643 375 38315 2161 201 213 398 326 4979 208 1183 947 1507 1848 499 340 2241 216 2333 216 308 817 352 402 1023 333 249 242 327 8175 3764 1435 257 284 1661 921 281 220 888 9427 519 418 3826 1508 762 1854 501 596 399 215 3500 3523 204 252
leaf_count=478350 202 203 1392 1083 1153 393 685 568 643 375 38315 2161 201 213 398 326 4979 208 1183 947 1507 1848 499 340 2241 216 2333 216 308 817 352 402 1023 333 249 242 327 8175 3764 1435 257 284 1661 921 281 220 888 9427 519 418 3826 1508 762 1854 501 596 399 215 3500 3523 204 252
internal_value=4.56888e-07 2.32214e-07 -2.50492e-05 5.9675e-06 0.000195545 5.80246e-05 -0.000148886 -0.000359304 -0.000587968 0.000506599 -2.78693e-05 5.00188e-06 -6.57505e-05 -3.64642e-05 -1.36561e-06 3.74916e-05 0.00020092 7.91368e-05 0.000495288 0.000451669 -0.000205011 -0.000364968 -0.000874801 -0.00122007 -0.000212621 -0.000305395 -0.000433625 -0.000200653 -0.000252495 -0.000210083 -0.000451277 -0.000317726 1.60773e-05 -0.000128442 -0.000372468 -0.000597448 5.42084e-05 -2.65258e-05 8.28456e-05 -0.000367766 4.66626e-05 -0.000803594 -0.000139754 -0.00043794 5.49837e-05 0.000101181 0.000595915 6.96396e-05 -0.000673169 -0.000968051 -8.53058e-05 -1.31324e-05 -0.000438816 4.72485e-06 0.000272177 -3.86367e-05 -5.97737e-05 -0.00049785 -1.46759e-05 0.000130267 -0.000271332 -0.000673662
internal_weight=592621 592419 109544 482875 4525 3372 2289 1604 1211 578 108966 58341 50625 45112 38807 32778 8087 27974 1581 3108 4804 3297 1449 950 6029 5513 3941 2549 6305 5997 2825 2612 1572 1356 3788 1926 26393 50254 11939 1677 26185 610 1862 2210 25928 19505 1169 18336 1289 770 6423 5334 1089 3172 1318 8909 8689 811 7878 4378 855 456
internal_count=592621 592419 109544 482875 4525 3372 2289 1604 1211 578 108966 58341 50625 45112 38807 32778 8087 27974 1581 3108 4804 3297 1449 950 6029 5513 3941 2549 6305 5997 2825 2612 1572 1356 3788 1926 26393 50254 11939 1677 26185 610 1862 2210 25928 19505 1169 18336 1289 770 6423 5334 1089 3172 1318 8909 8689 811 7878 4378 855 456
is_linear=0
shrinkage=0.05


end of trees

feature_importances:
zhvi_t=1316
nri__wildfire_risk=1174
nri__composite_risk=905
nri__flood_risk_combined=837
fema__disasters_10yr_count=759
fema__disasters_10yr_fire=603
fema__disasters_10yr_other=603
derived__derived__vol_24m=550
fema__disasters_10yr_severe_storm=504
fema__disasters_10yr_hurricane=481
fred__m2_sa=452
afdc__afdc__l2_ports=392
afdc__afdc__station_count=235
derived__derived__drawdown=219
afdc__afdc__dcfc_ports=217
fred__case_shiller_us=162
fema__disasters_10yr_flood=105
fema__disasters_10yr_tornado=93
fred__unemployment_us=40
fred__lumber=35
fred__mortgage_30y=17
fred__real_rate_10y=13
fred__mortgage_30y_d12m=6
fred__mortgage_30y_d1m=4
fred__real_rate_10y_d12m=4
fred__treasury_10y=3
fred__mortgage_30y_d3m=3
fred__treasury_10y_d12m=2

parameters:
[boosting: gbdt]
[objective: regression]
[metric: rmse]
[tree_learner: serial]
[device_type: cpu]
[data_sample_strategy: bagging]
[data: ]
[valid: ]
[num_iterations: 1500]
[learning_rate: 0.05]
[num_leaves: 63]
[num_threads: 0]
[seed: 0]
[deterministic: 0]
[force_col_wise: 0]
[force_row_wise: 0]
[histogram_pool_size: -1]
[max_depth: -1]
[min_data_in_leaf: 200]
[min_sum_hessian_in_leaf: 0.001]
[bagging_fraction: 0.8]
[pos_bagging_fraction: 1]
[neg_bagging_fraction: 1]
[bagging_freq: 5]
[bagging_seed: 3]
[bagging_by_query: 0]
[feature_fraction: 0.8]
[feature_fraction_bynode: 1]
[feature_fraction_seed: 2]
[extra_trees: 0]
[extra_seed: 6]
[early_stopping_round: 0]
[early_stopping_min_delta: 0]
[first_metric_only: 0]
[max_delta_step: 0]
[lambda_l1: 0]
[lambda_l2: 0]
[linear_lambda: 0]
[min_gain_to_split: 0]
[drop_rate: 0.1]
[max_drop: 50]
[skip_drop: 0.5]
[xgboost_dart_mode: 0]
[uniform_drop: 0]
[drop_seed: 4]
[top_rate: 0.2]
[other_rate: 0.1]
[min_data_per_group: 100]
[max_cat_threshold: 32]
[cat_l2: 10]
[cat_smooth: 10]
[max_cat_to_onehot: 4]
[top_k: 20]
[monotone_constraints: ]
[monotone_constraints_method: basic]
[monotone_penalty: 0]
[feature_contri: ]
[forcedsplits_filename: ]
[refit_decay_rate: 0.9]
[cegb_tradeoff: 1]
[cegb_penalty_split: 0]
[cegb_penalty_feature_lazy: ]
[cegb_penalty_feature_coupled: ]
[path_smooth: 0]
[interaction_constraints: ]
[verbosity: -1]
[saved_feature_importance_type: 0]
[use_quantized_grad: 0]
[num_grad_quant_bins: 4]
[quant_train_renew_leaf: 0]
[stochastic_rounding: 1]
[linear_tree: 0]
[max_bin: 255]
[max_bin_by_feature: ]
[min_data_in_bin: 3]
[bin_construct_sample_cnt: 200000]
[data_random_seed: 1]
[is_enable_sparse: 1]
[enable_bundle: 1]
[use_missing: 1]
[zero_as_missing: 0]
[feature_pre_filter: 1]
[pre_partition: 0]
[two_round: 0]
[header: 0]
[label_column: ]
[weight_column: ]
[group_column: ]
[ignore_column: ]
[categorical_feature: ]
[forcedbins_filename: ]
[precise_float_parser: 0]
[parser_config_file: ]
[objective_seed: 5]
[num_class: 1]
[is_unbalance: 0]
[scale_pos_weight: 1]
[sigmoid: 1]
[boost_from_average: 1]
[reg_sqrt: 0]
[alpha: 0.9]
[fair_c: 1]
[poisson_max_delta_step: 0.7]
[tweedie_variance_power: 1.5]
[lambdarank_truncation_level: 30]
[lambdarank_norm: 1]
[label_gain: ]
[lambdarank_position_bias_regularization: 0]
[eval_at: ]
[multi_error_top_k: 1]
[auc_mu_weights: ]
[num_machines: 1]
[local_listen_port: 12400]
[time_out: 120]
[machine_list_filename: ]
[machines: ]
[gpu_platform_id: -1]
[gpu_device_id: -1]
[gpu_use_dp: 0]
[num_gpu: 1]

end of parameters

pandas_categorical:[]
