tree
version=v4
num_class=1
num_tree_per_iteration=1
label_index=0
max_feature_idx=40
objective=regression
feature_names=zhvi_t fred__mortgage_30y fred__real_rate_10y fred__m2_sa fred__treasury_10y fred__case_shiller_us fred__lumber fred__unemployment_us fred__mortgage_30y_d1m fred__mortgage_30y_d3m fred__mortgage_30y_d12m fred__real_rate_10y_d1m fred__real_rate_10y_d3m fred__real_rate_10y_d12m fred__treasury_10y_d1m fred__treasury_10y_d3m fred__treasury_10y_d12m acs__total_pop acs__median_household_income acs__median_home_value acs__median_gross_rent acs__owner_occupied_units acs__occupied_units_total acs__pop_25_29 acs__pop_30_34 acs__pop_35_39 acs__pop_40_44 acs__pop_65_plus acs__bachelors_or_higher_pct acs__owner_occupied_pct acs__age_28_38_share fema__disasters_10yr_count fema__disasters_10yr_fire fema__disasters_10yr_flood fema__disasters_10yr_hurricane fema__disasters_10yr_other fema__disasters_10yr_severe_storm fema__disasters_10yr_tornado nri__flood_risk_combined nri__wildfire_risk nri__composite_risk
feature_infos=[11668.606757409199:5373256.5424480736] [3.3199999999999998:8.6199999999999992] [-0.79000000000000004:3.1400000000000001] [4639.3000000000002:13843.5] [1.46:6.6799999999999997] [99.843000000000004:195.91300000000001] [143.69999999999999:224.59999999999999] [3.7999999999999998:10] [-0.87000000000000011:0.70000000000000018] [-1.3600000000000003:1.0100000000000007] [-1.4500000000000002:1.5099999999999998] [-0.63000000000000012:0.89000000000000012] [-1.4100000000000001:1.4900000000000002] [-1.7300000000000002:1.4700000000000002] [-1.0799999999999996:0.95000000000000018] [-1.6000000000000001:1.0800000000000001] [-1.79:2.0199999999999996] [0:114982] [2499:250001] [14500:2000001] [192:3501] [0:23998] [0:43421] [0:36.700000000000003] [0:69.700000000000003] [0:26.899999999999999] [0:44.600000000000001] [10.9:84.299999999999997] [0:100] [0:100] [0:0.91710526315789476] [0:32] [0:27] [0:6] [0:10] [0:7] [0:17] [0:2] [1.2419537970261416:99.998396886072044] [0:100] [1.0357580298003399:99.995243361516401]
tree_sizes=6056 6237 6251 6255 6241 6285 6264 6296 6266 6277 6293 6279 6295 6267 6280 6321 6288 6279 6324 6272 6281 6279 6290 6304 6308 6322 6332 6335 6292 6300 6348 6292 6334 6328 6359 6321 6270 6360 6307 6337 6310 6387 6353 6359 6341 6311 6326 6341 6349 6347 6284 6299 6337 6355 6325 6297 6338 6303 6338 6328 6321 6356 6347 6287 6352 6344 6306 6362 6350 6334 6338 6333 6329 6307 6328 6309 6301 6299 6315 6362 6341 6297 6363 6322 6344 6343 6355 6283 6358 6288 6354 6332 6376 6276 6296 6298 6350 6339 6386 6323 6335 6348 6256 6253 6288 6351 6345 6348 6351 6271 6373 6322 6328 6352 6180 6294 6268 6257 6213 6228 6168 6345 6243 6217 6255 6268 6167 6243 6302 6296 6239 6257 6369 6253 6204 6162 6088 6360 6125 6318 6312 6288 6217 6281 6248

Tree=0
num_leaves=63
num_cat=0
split_feature=2 3 34 1 3 6 0 7 34 18 0 3 39 40 1 40 34 39 39 19 36 39 34 39 3 34 7 36 18 36 7 33 5 7 36 3 34 0 3 39 39 29 0 34 40 39 3 36 36 34 29 36 36 7 5 34 40 0 40 36 3 34
split_gain=1962.87 1668.96 209.54 144.62 102.546 74.658 70.6136 63.4605 48.8294 48.5966 59.5389 36.1143 28.7904 24.5085 24.1408 21.7757 25.6971 19.9564 19.1141 18.7534 23.9237 17.4499 17.1331 16.6713 14.2992 13.9629 13.3459 13.2417 13.1686 12.539 11.8253 11.6429 10.9714 10.3152 10.0926 9.31446 9.59865 8.69997 8.56491 9.22636 8.4105 8.26637 8.08729 7.84822 7.83256 7.79851 7.79581 7.7063 7.44112 7.36303 6.9701 6.11974 6.02423 8.32175 5.94217 10.053 5.61921 5.53207 5.44756 5.21617 5.61009 5.18814
threshold=0.99500000000000011 6470.4000000000005 1.0000000180025095e-35 5.8350000000000009 6284.5000000000009 166.30000000000004 201165.50456444637 9.3500000000000032 4.5000000000000009 57959.500000000007 171952.13698072816 6909.3500000000013 21.970482063676375 63.437760551646029 5.9200000000000008 72.453806280537435 1.0000000180025095e-35 27.257703399610858 32.167128224840511 227850.00000000003 3.5000000000000004 40.468411694024446 4.5000000000000009 17.120543054756244 8420.1500000000033 1.5000000000000002 9.3500000000000032 1.0000000180025095e-35 58199.500000000007 1.5000000000000002 4.7500000000000009 1.5000000000000002 141.57900000000004 8.2500000000000018 2.5000000000000004 6415.4000000000005 1.0000000180025095e-35 92253.674077075164 8942.4000000000015 85.910627317651247 83.197229607889895 58.877524564056692 573154.05772832502 6.5000000000000009 76.447216412511821 89.334887406023327 6762.0000000000009 2.5000000000000004 3.5000000000000004 5.5000000000000009 66.244996367550741 1.0000000180025095e-35 1.5000000000000002 4.7500000000000009 141.57900000000004 2.5000000000000004 79.190679907270336 117466.0682353782 35.342559947574543 2.5000000000000004 7468.7500000000009 1.5000000000000002
decision_type=2 2 2 2 2 2 2 2 2 2 2 2 2 2 2 2 2 2 2 2 2 2 2 2 2 2 2 2 2 2 2 2 2 2 2 2 2 2 2 2 2 2 2 2 2 2 2 2 2 2 2 2 2 2 2 2 2 2 2 2 2 2
left_child=2 4 9 5 15 24 11 12 13 10 17 -5 28 46 -12 16 23 -1 61 20 31 44 59 -2 -3 27 -7 -15 48 -17 -10 37 40 -22 42 36 -6 -14 -39 49 -25 -19 52 -24 -16 57 -8 -48 -4 50 -40 -47 -29 -54 58 -56 -23 -43 -18 60 -20 -13
right_child=1 3 7 6 35 26 8 -9 30 -11 14 18 19 25 21 29 54 41 22 -21 33 56 43 32 -26 -27 -28 34 -30 -31 -32 -33 -34 -35 -36 -37 -38 38 39 -41 -42 45 -44 -45 -46 51 47 -49 -50 -51 -52 -53 53 -55 55 -57 -58 -59 -60 -61 -62 -63
leaf_value=0.037417208040330441 0.037866923642465231 0.03006141186243786 0.036514441115299792 0.031983263394346859 0.034467926429722504 0.033051415852269471 0.030873174937560737 0.032786379572776005 0.025318985183762188 0.035185057787309702 0.036313048667079711 0.028138905999029303 0.036049171551237602 0.030131142041019209 0.03851384122166094 0.038518260365536787 0.040258736439863489 0.037302497854647974 0.030867783514811464 0.034206710528862247 0.034669061321429891 0.037266927351487802 0.027527164872760121 0.035986409697090591 0.031152917075609309 0.0306022864520804 0.031934188496592825 0.028131697892380216 0.034647479882045883 0.035295402494573365 0.02810157852868975 0.034284518390448666 0.034842131454574689 0.033530194654744695 0.029991574821302977 0.033884627586129847 0.036201404028426323 0.036791324752077761 0.03572297547062004 0.035913262273006834 0.038144335360547767 0.035431018772914921 0.028480103656436846 0.030778214711464944 0.040772163831017401 0.038170046526100017 0.029373826804466378 0.030422117356249018 0.035201171261840358 0.035885353891743729 0.034806194494049029 0.036043650407829052 0.024628424256507308 0.027307582170722773 0.03654684323688516 0.040032981884410852 0.038850953825496623 0.036028410461014106 0.037531414491291867 0.031298730433838455 0.029675562729543255 0.029876377714873607
leaf_weight=24870 11297 49447 50497 39509 26341 56173 15778 33195 8968 70625 34613 12061 38226 5738 25438 21645 4615 9999 27070 83090 74921 62564 6381 50572 76315 5892 50998 4009 16427 3507 6649 28326 21205 27065 3475 37957 11460 8552 24074 36236 4958 79662 7251 2618 4522 5958 63010 24290 13716 23010 149359 7831 6183 5456 8698 2713 6149 75465 3035 29437 15527 6674
leaf_count=24870 11297 49447 50497 39509 26341 56173 15778 33195 8968 70625 34613 12061 38226 5738 25438 21645 4615 9999 27070 83090 74921 62564 6381 50572 76315 5892 50998 4009 16427 3507 6649 28326 21205 27065 3475 37957 11460 8552 24074 36236 4958 79662 7251 2618 4522 5958 63010 24290 13716 23010 149359 7831 6183 5456 8698 2713 6149 75465 3035 29437 15527 6674
internal_value=0.0340743 0.0321103 0.035501 0.0306181 0.0359047 0.0315501 0.0298847 0.0349119 0.0291565 0.0363776 0.0366275 0.0307038 0.0350349 0.0294502 0.0374492 0.036745 0.036434 0.0360901 0.0301972 0.0348916 0.0350305 0.0378477 0.0305299 0.0360736 0.0307238 0.0283649 0.0325198 0.0279544 0.0359108 0.0380689 0.0265037 0.0352504 0.0358096 0.0343668 0.0274808 0.0344379 0.0349935 0.0353483 0.0352373 0.0351802 0.0361791 0.0359056 0.0270997 0.028473 0.0388547 0.0358229 0.0298504 0.0296655 0.0362339 0.035045 0.0349335 0.0369624 0.0264601 0.0258843 0.0380985 0.0373757 0.0374087 0.0357216 0.0391767 0.0307869 0.0304332 0.0287578
internal_weight=1.7513e+06 736912 1.01439e+06 528909 208003 232933 295976 606694 156699 407696 337071 139277 573499 141082 133286 132245 107093 203785 99768 492859 409769 98673 81033 88032 125762 38004 107171 32112 80640 25152 15617 307783 76735 101986 26374 75758 37801 279457 241231 232679 55530 178915 22899 8999 29960 168916 103078 87300 64213 196443 173433 13789 15648 11639 19061 11411 68713 155127 7650 72034 42597 18735
internal_count=1751302 736912 1014390 528909 208003 232933 295976 606694 156699 407696 337071 139277 573499 141082 133286 132245 107093 203785 99768 492859 409769 98673 81033 88032 125762 38004 107171 32112 80640 25152 15617 307783 76735 101986 26374 75758 37801 279457 241231 232679 55530 178915 22899 8999 29960 168916 103078 87300 64213 196443 173433 13789 15648 11639 19061 11411 68713 155127 7650 72034 42597 18735
is_linear=0
shrinkage=1


Tree=1
num_leaves=63
num_cat=0
split_feature=2 3 3 1 32 3 32 0 18 6 32 3 3 32 32 0 32 39 29 0 2 31 32 3 7 0 35 3 18 0 32 35 38 39 7 32 0 28 39 32 38 32 35 0 39 32 3 31 31 3 0 0 20 31 39 35 31 40 40 31 40 3
split_gain=1771.49 1506.23 178.189 130.519 120.493 92.7714 83.2863 81.7791 75.9089 67.3788 65.5517 50.9578 33.9448 29.9992 25.3169 23.9677 23.0057 18.5346 18.4698 17.6117 15.8288 15.6475 13.7839 13.0411 12.0446 11.9667 11.3911 10.9145 10.7778 10.5054 9.85544 9.14572 8.72226 9.15375 8.44702 8.7599 11.0735 8.11266 7.33957 7.25715 7.11447 7.05089 6.94638 10.0758 6.9118 6.57094 6.79355 6.55467 6.38597 5.98691 5.83158 5.80893 5.68247 5.65914 5.4774 5.29354 5.25998 5.11776 4.98265 4.97183 5.14025 4.81286
threshold=0.99500000000000011 6470.4000000000005 8663.7000000000025 5.8350000000000009 1.5000000000000002 6276.8000000000002 1.0000000180025095e-35 153648.95692354874 48853.000000000007 166.30000000000004 1.5000000000000002 9144.9500000000025 6810.3000000000002 1.0000000180025095e-35 1.5000000000000002 151997.2635658581 1.0000000180025095e-35 40.468411694024446 63.320058347296431 212150.63016349645 -0.039999999999999994 3.5000000000000004 2.5000000000000004 8454.2500000000018 9.3500000000000032 232142.10634987373 1.0000000180025095e-35 6415.4000000000005 95755.500000000015 42822.623074485171 2.5000000000000004 2.5000000000000004 82.901735070564641 53.714205897332796 4.7500000000000009 2.5000000000000004 542995.27387950278 18.950000000000003 5.1522609290423373 1.0000000180025095e-35 76.208227781064394 13.500000000000002 1.5000000000000002 166956.24264540742 12.835526959052276 1.0000000180025095e-35 9783.7000000000025 8.5000000000000018 3.5000000000000004 8942.4000000000015 217838.85106431987 132634.2602009901 739.50000000000011 1.0000000180025095e-35 16.427268310526262 1.5000000000000002 4.5000000000000009 57.706854497130806 22.213808008532215 2.5000000000000004 23.455665173384805 7403.9000000000005
decision_type=2 2 2 2 2 2 2 2 2 2 2 2 2 2 2 2 2 2 2 2 2 2 2 2 2 2 2 2 2 2 2 2 2 2 2 2 2 2 2 2 2 2 2 2 2 2 2 2 2 2 2 2 2 2 2 2 2 2 2 2 2 2
left_child=2 5 7 9 12 6 42 16 18 23 11 -10 25 32 56 -6 44 -14 37 61 41 29 26 -3 -11 -5 40 39 38 -13 -18 34 33 58 35 47 -37 -4 -23 55 -15 -12 43 54 -1 46 -40 -17 -24 -22 -16 -47 -20 -34 -2 -7 -8 -52 -9 -45 -61 -19
right_child=1 3 8 4 15 27 14 13 10 24 20 21 17 22 50 31 30 19 52 -21 49 28 48 -25 -26 -27 -28 -29 -30 -31 -32 -33 53 -35 -36 36 -38 -39 45 -41 -42 -43 -44 59 -46 51 -48 -49 -50 -51 57 -53 -54 -55 -56 -57 -58 -59 -60 60 -62 -63
leaf_value=0.0031997720029456295 0.0032572731834568146 -0.0037348392875351036 0.002999481066607689 -0.0017605977375069724 -0.0038159594509834132 0.00077346834409009206 0.0040730232059213211 0.0044228641473358253 -0.0010366376319564513 -0.00097193903090906665 0.0024643428833234149 0.0059082110225722167 -0.0045222364835532537 0.0019603337927546244 0.0074433810147057746 -0.0053483991472621124 0.0028852870325761963 -0.0025904534477454934 0.0010221195457487517 -0.0041620437999451369 3.4510965598489662e-05 0.00158963877716454 0.008514692292563901 -0.0027132551597948275 -0.0020333050077076371 -0.0033005502845808235 0.0050303781761457085 -0.00018038787916376052 -0.00033203036765837865 0.0011292908078483121 0.0091677317273225704 -0.0024251191994660239 0.0058200925453155382 0.0018835628637859161 -0.0059491085374061975 -0.0090928612402806537 -0.0062070377687277719 0.0019688012763323282 -0.00010825815793640162 0.0018768327297959528 0.0060641954958853515 0.0043249696649873227 0.00039663050397795635 0.0021191267840387439 0.0012383049353330766 0.0032299544855121441 0.00057874608195481239 -0.0083293609975788555 -0.0005709040382551367 0.0016422324490479529 0.0030197774545434207 0.0010047788566331269 0.0019628768022285632 0.0034082197549858539 0.0011889402482871533 -0.001241645058793871 0.0026335148962845474 0.0060574951401481617 0.002956044627627487 0.0051981586919436912 0.0026944480035794804 -0.0033969480983849216
leaf_weight=4696 3482 57854 42217 31002 8898 26655 18695 6460 48603 56173 23030 1162 63623 5824 5681 6614 22579 38564 40181 54389 6371 17457 2944 67908 50998 21271 20245 37957 34941 111195 642 1233 4015 20211 17239 10071 4962 34855 42228 14818 1290 6537 9252 21510 103017 3700 243390 2557 207 63559 1828 14148 26730 6169 39651 3713 9607 5741 55787 3017 6396 35553
leaf_count=4696 3482 57854 42217 31002 8898 26655 18695 6460 48603 56173 23030 1162 63623 5824 5681 6614 22579 38564 40181 54389 6371 17457 2944 67908 50998 21271 20245 37957 34941 111195 642 1233 4015 20211 17239 10071 4962 34855 42228 14818 1290 6537 9252 21510 103017 3700 243390 2557 207 63559 1828 14148 26730 6169 39651 3713 9607 5741 55787 3017 6396 35553
internal_value=-2.23992e-07 -0.00186598 0.00135517 -0.00328357 -0.00398037 0.00173868 0.00260036 0.0025015 0.000972074 -0.00239819 0.000730597 0.000504346 -0.00351693 0.00342643 0.00442885 -0.00617651 0.00163155 -0.00382429 0.00200572 -0.00347874 0.00190583 0.000664305 0.00478626 -0.00318321 -0.001477 -0.00238724 0.00442559 0.000444662 0.000501891 0.00117871 0.00305898 -0.00666869 0.00297859 0.00280809 -0.00679494 -0.00739737 -0.00814033 0.00253337 0.000592685 0.000969714 0.0027045 0.00287571 0.00168835 0.00184973 0.00132382 0.000535335 0.000477174 -0.00617953 0.00791783 0.00149576 0.00623261 0.00146607 0.00139794 0.00435909 0.00135591 0.000527087 0.00358439 0.00532385 0.00310827 0.00253853 0.00349692 -0.00297732
internal_weight=1.7513e+06 736912 1.01439e+06 528909 295976 208003 124860 254086 760304 232933 616321 516824 244402 123152 41552 51574 130934 192129 143983 128506 99497 468221 30510 125762 107171 52273 27359 83143 355864 112357 23221 42676 92642 82458 41443 24204 15033 77072 320923 45186 7114 29567 83308 74056 107713 303466 285618 9171 3151 69930 13250 17848 66911 10184 43133 30368 28302 7569 62247 30923 9413 74117
internal_count=1751302 736912 1014390 528909 295976 208003 124860 254086 760304 232933 616321 516824 244402 123152 41552 51574 130934 192129 143983 128506 99497 468221 30510 125762 107171 52273 27359 83143 355864 112357 23221 42676 92642 82458 41443 24204 15033 77072 320923 45186 7114 29567 83308 74056 107713 303466 285618 9171 3151 69930 13250 17848 66911 10184 43133 30368 28302 7569 62247 30923 9413 74117
is_linear=0
shrinkage=0.05


Tree=2
num_leaves=63
num_cat=0
split_feature=2 3 5 3 32 7 32 0 3 3 32 18 10 32 32 39 33 36 32 3 0 18 29 31 32 32 7 36 0 36 0 32 18 32 32 36 0 31 39 38 39 3 0 0 3 38 39 19 36 32 31 0 31 36 31 0 32 31 36 38 3 36
split_gain=1598.77 1359.38 160.815 108.385 98.0112 83.8299 76.4946 73.8316 70.7324 68.6034 59.2414 46.517 36.9914 26.6645 22.957 22.5269 22.2972 23.0651 21.1009 20.3573 19.0445 16.18 14.6963 13.8801 13.1635 12.3331 11.5389 10.5778 9.89713 9.72081 9.58135 9.04983 8.67844 8.60953 8.23173 12.8698 17.5491 7.91827 7.85681 7.80357 8.17345 7.69556 7.67557 7.22012 6.8187 6.61896 6.3206 6.23159 6.22588 6.9 9.04232 10.0734 5.99464 6.11315 8.30027 5.92037 5.88034 5.75707 5.72875 5.51628 6.70035 5.47301
threshold=0.99500000000000011 6470.4000000000005 136.40850000000003 8470.6000000000022 1.5000000000000002 5.5500000000000007 1.0000000180025095e-35 154567.52758480312 6742.4000000000005 9263.1500000000033 1.0000000180025095e-35 48853.000000000007 -0.57500000000000007 1.0000000180025095e-35 1.5000000000000002 43.319880796083886 1.0000000180025095e-35 3.5000000000000004 1.0000000180025095e-35 8806.1000000000022 199857.44233304658 57959.500000000007 60.203281394361028 3.5000000000000004 2.5000000000000004 2.5000000000000004 4.7500000000000009 7.5000000000000009 233833.75523404722 1.0000000180025095e-35 42822.623074485171 2.5000000000000004 91915.000000000015 8.5000000000000018 2.5000000000000004 1.0000000180025095e-35 486911.16074045311 1.5000000000000002 21.970482063676375 82.901735070564641 53.714205897332796 6427.6500000000005 111514.69409797566 287433.67066377535 8942.4000000000015 81.446038550989513 13.546229187019089 103250.00000000001 2.5000000000000004 1.0000000180025095e-35 3.5000000000000004 102824.36253332206 9.5000000000000018 1.0000000180025095e-35 6.5000000000000009 219348.49165327751 2.5000000000000004 3.5000000000000004 2.5000000000000004 41.822027844610908 5450.7000000000007 2.5000000000000004
decision_type=2 2 2 2 2 2 2 2 2 2 2 2 2 2 2 2 2 2 2 2 2 2 2 2 2 2 2 2 2 2 2 2 2 2 2 2 2 2 2 2 2 2 2 2 2 2 2 2 2 2 2 2 2 2 2 2 2 2 2 2 2 2
left_child=2 5 7 4 8 41 45 18 28 24 11 22 -6 39 58 48 17 26 46 -5 -17 27 47 30 44 37 34 33 -3 -28 -13 -20 38 42 52 -36 -37 59 -25 40 -9 -2 -12 -35 -4 -7 -1 -11 49 50 -10 -52 53 54 -14 -16 -21 -27 -8 -15 -61 -22
right_child=1 3 9 19 12 6 14 13 15 10 21 23 16 25 55 20 -18 -19 31 56 61 -23 -24 32 -26 57 29 -29 -30 -31 -32 -33 -34 43 35 36 -38 -39 -40 -41 -42 -43 -44 -45 -46 -47 -48 -49 -50 -51 51 -53 -54 -55 -56 -57 -58 -59 -60 60 -62 -63
leaf_value=0.0030090651657543686 0.00073839739809807383 -0.0010582866708345807 -0.0013780236187089291 -0.0021010068479554336 -0.0032626052619331384 0.001383862974078725 0.003555964692173421 0.0029605969778082656 -0.0038633364287106384 0.0030927152900834865 0.0030438290722408852 0.0056878281970460546 -0.0023851785740128108 -0.00065304656790283132 0.0069677189344319358 -0.0026575325745889929 -0.0019239262508482888 -0.0019650057715223926 0.0027512597026322387 -0.00078451981022892552 -0.0039724091918844611 0.0010816494671793231 0.0012236698785449719 0.0011737657379802399 0.0012532299757332379 0.0080855241207407839 -0.0033994527680474341 0.00046372046771950959 -0.002377782393381862 -0.0060169267369062154 0.0010512086924640885 0.0087123966855992292 -0.0002467846858556751 0.0044112045549525684 -0.00349362316737639 -0.009846915911220935 -0.0062621642060048527 0.0045692108068362417 0.00043403142368634993 0.0041490637225816166 0.0017970793845781957 -0.00028957013186772497 0.0018909962069503204 0.0025575277947912662 -0.00031134651237183755 0.0026112458236387985 0.0011798644375440074 0.0019476085710635992 -0.0035241953305565248 -0.0036646943668023819 -0.0077493703619375938 -0.0049130208379048633 -0.0094445258385836804 -0.0039338023587294621 -0.0075523893830196425 0.0048934434341675326 0.0014807539058017431 -0.00054235884351464632 0.0011907064927611697 0.0014029764061777158 0.0062449988663074336 -0.0030746831620864141
leaf_weight=4948 45332 36682 30147 85046 19559 75409 27107 61682 18061 19352 19198 1126 951 1204 6022 99267 3486 3230 22765 22399 55068 37549 58630 41922 8513 2931 4383 7392 23199 18600 106331 655 39793 8764 1568 7775 6087 23002 249679 10101 19984 30426 58237 13113 29784 12857 103640 30774 37297 24752 3678 21025 1087 3627 4252 8023 3285 207 2827 1768 1199 24545
leaf_count=4948 45332 36682 30147 85046 19559 75409 27107 61682 18061 19352 19198 1126 951 1204 6022 99267 3486 3230 22765 22399 55068 37549 58630 41922 8513 2931 4383 7392 23199 18600 106331 655 39793 8764 1568 7775 6087 23002 249679 10101 19984 30426 58237 13113 29784 12857 103640 30774 37297 24752 3678 21025 1087 3627 4252 8023 3285 207 2827 1768 1199 24545
internal_value=-2.12795e-07 -0.00177268 0.00128741 -0.00311939 -0.00348771 0.00165175 0.00241148 0.00237643 -0.00313101 0.00092347 0.00107286 0.000835389 -0.00513039 0.00326273 0.00411509 -0.00346061 -0.00579405 -0.00605571 0.00155679 -0.00172844 -0.00311956 0.00197431 0.0017611 0.000605981 -0.000586577 0.00454849 -0.0063291 0.00228844 -0.00156948 -0.00551776 0.00109979 0.00291798 0.000445859 0.00242426 -0.00706477 -0.00778714 -0.0082728 0.00420575 0.000540379 0.00283804 0.00267588 0.000325544 0.00217681 0.00330012 -0.000847915 0.00156265 0.00126322 0.0023897 -0.00404267 -0.00432909 -0.00471364 -0.00533532 -0.00594083 -0.00550951 -0.00660793 0.00578282 -0.00049479 0.00751638 0.00333259 0.00220138 0.0033597 -0.00369564
internal_weight=1.7513e+06 736912 1.01439e+06 528909 418179 208003 132245 254086 343574 760304 691860 547607 74605 122078 43979 283693 55046 51560 132008 110730 178880 144253 108756 438851 68444 30311 48330 106704 59881 22983 107457 23420 331394 99312 25347 15430 13862 27173 291601 91767 81666 75758 77435 21877 59931 88266 108588 50126 104813 67516 42764 24703 9917 8830 5203 14045 25684 3138 29934 4171 2967 79613
internal_count=1751302 736912 1014390 528909 418179 208003 132245 254086 343574 760304 691860 547607 74605 122078 43979 283693 55046 51560 132008 110730 178880 144253 108756 438851 68444 30311 48330 106704 59881 22983 107457 23420 331394 99312 25347 15430 13862 27173 291601 91767 81666 75758 77435 21877 59931 88266 108588 50126 104813 67516 42764 24703 9917 8830 5203 14045 25684 3138 29934 4171 2967 79613
is_linear=0
shrinkage=0.05


Tree=3
num_leaves=63
num_cat=0
split_feature=2 3 3 1 32 3 0 32 18 6 32 3 3 32 32 33 32 0 29 39 0 2 18 3 32 3 31 0 2 35 0 35 32 37 32 0 18 31 39 35 40 3 0 32 0 39 35 0 3 32 31 3 39 31 31 2 35 35 35 35 40 31
split_gain=1442.89 1226.84 145.136 108.056 97.786 76.1038 66.6628 66.2979 61.9387 55.6689 53.7268 41.6425 28.0161 24.4365 20.6006 20.5813 18.7328 16.5858 15.5604 15.3723 14.5964 13.2791 12.8507 11.4624 11.2243 11.043 10.2016 10.0454 9.77254 9.64305 8.33354 8.33211 8.32263 8.32049 7.76467 7.71743 7.08977 6.82731 6.47902 6.37284 6.16597 5.98072 6.1962 5.94679 5.69219 5.64174 5.60943 8.96993 5.35647 5.30701 5.20145 4.95744 4.8677 4.7594 4.73403 4.73231 4.63801 4.57923 4.33318 4.40101 4.25498 4.20617
threshold=0.99500000000000011 6470.4000000000005 8663.7000000000025 5.8350000000000009 1.5000000000000002 6237.3000000000002 153648.95692354874 1.0000000180025095e-35 48853.000000000007 166.30000000000004 1.5000000000000002 9144.9500000000025 6810.3000000000002 1.0000000180025095e-35 1.5000000000000002 1.0000000180025095e-35 1.0000000180025095e-35 136166.92614830044 66.244996367550741 40.468411694024446 206583.63210829018 -0.039999999999999994 86907.500000000015 6393.0500000000011 2.5000000000000004 8420.1500000000033 3.5000000000000004 222423.61517957921 1.135 1.0000000180025095e-35 42822.623074485171 2.5000000000000004 1.5000000000000002 1.0000000180025095e-35 1.0000000180025095e-35 573154.05772832502 38411.500000000007 5.5000000000000009 5.1522609290423373 1.0000000180025095e-35 20.066042525664589 7734.5500000000002 203784.04554423681 13.500000000000002 232142.10634987373 12.835526959052276 1.5000000000000002 184515.61700879913 10110.050000000001 2.5000000000000004 3.5000000000000004 8942.4000000000015 16.427268310526262 2.5000000000000004 4.5000000000000009 2.1300000000000003 1.5000000000000002 1.0000000180025095e-35 3.5000000000000004 1.0000000180025095e-35 48.935426146657086 4.5000000000000009
decision_type=2 2 2 2 2 2 2 2 2 2 2 2 2 2 2 2 2 2 2 2 2 2 2 2 2 2 2 2 2 2 2 2 2 2 2 2 2 2 2 2 2 2 2 2 2 2 2 2 2 2 2 2 2 2 2 2 2 2 2 2 2 2
left_child=2 5 6 9 12 7 16 46 18 25 11 -10 27 40 54 17 45 -6 36 61 58 43 26 34 29 -3 30 -5 49 -15 -13 33 -18 35 56 37 -4 -19 -28 -40 -8 42 -39 -12 -42 -1 47 52 -41 -11 -26 -23 -2 -49 -9 -44 -7 -47 59 -21 -16 -14
right_child=1 3 8 4 15 23 13 14 10 28 21 22 19 24 60 -17 32 31 -20 20 -22 51 -24 -25 50 -27 38 -29 -30 -31 -32 -33 -34 -35 -36 -37 -38 41 39 48 44 -43 55 -45 -46 57 -48 53 -50 -51 -52 -53 -54 -55 -56 -57 -58 -59 -60 -61 -62 -63
leaf_value=0.002889330148318243 0.0030692549972365542 -0.0034534469860728599 0.002660641602584694 -0.0015530492472227027 -0.0032938947950143468 0.00081864452178066207 0.0040267961038433853 0.0037658368390121413 -0.00093869296693292682 -0.00074529384531705285 0.002233685478823683 0.0053377021152449305 -0.0046210583648337257 0.00241098012024165 0.0038539889253004951 -0.001798825945354771 0.00234408714649553 -0.0039911227664067902 0.0011880760899185955 -0.0024595671111820329 -0.0037424014907158198 1.7846628697798305e-05 -9.3974074217344515e-05 -7.8750805701518689e-05 0.0076845431500734548 -0.0024942380369023329 0.0015104967113332083 -0.0029535731675870147 -0.0015885524496471364 0.0045509688946612174 0.0010794185272516392 -0.0021275901510202709 0.0049134038049344657 -0.0015110546273095057 0.0019856172558484464 -0.0049919039663038831 0.0017426658305246996 -0.0057352666895969101 0.00073185924057891482 -0.00018881220667144174 0.0022223758710265325 -0.0054862273728173497 -0.006666521188395955 0.0039424355812621584 0.0030553394481873347 0.00097864251766890497 0.00036768697812444596 0.0020298595923348077 0.00046795028062788905 0.0014067161546294194 -0.00051524090187810814 0.0014808256167603096 0.0011524696620348867 0.0035503115009395203 0.0023403072490916928 -0.0082772465621960417 -0.0010691074384266504 0.0019191660629853077 -0.0010639045539894627 -0.0032984063657196384 0.0062167516831008601 -0.0037807360280876015
leaf_weight=4696 3597 49447 46423 29857 5647 26559 7875 18082 48603 22399 23030 1162 23778 7114 2349 3371 19460 2110 59102 43118 56886 6371 58546 45558 2944 76315 16702 22416 81487 20245 102285 1233 3761 888 14776 7809 38458 5190 145028 45159 49985 5795 7255 6537 34782 87839 8638 16801 99339 3285 207 63559 41833 7420 8591 12276 3708 15178 3969 24533 10091 39845
leaf_count=4696 3597 49447 46423 29857 5647 26559 7875 18082 48603 22399 23030 1162 23778 7114 2349 3371 19460 2110 59102 43118 56886 6371 58546 45558 2944 76315 16702 22416 81487 20245 102285 1233 3761 888 14776 7809 38458 5190 145028 45159 49985 5795 7255 6537 34782 87839 8638 16801 99339 3285 207 63559 41833 7420 8591 12276 3708 15178 3969 24533 10091 39845
internal_value=-2.02157e-07 -0.00168404 0.00122304 -0.00296342 -0.00359743 0.00156916 0.0022576 0.00240933 0.000877297 -0.00215783 0.00065917 0.000454339 -0.00317994 0.00309268 0.00409035 -0.00557584 0.00147216 -0.00583998 0.00181099 -0.00345917 -0.00314448 0.00172314 0.00059894 0.000480457 0.00431998 -0.00287138 0.000697964 -0.00215363 -0.0013205 0.00399452 0.00112725 -0.00617784 0.00276023 -0.00629869 0.00104606 -0.00640383 0.00224472 -0.00674177 0.000552946 0.000497707 0.00268849 -0.00693196 -0.00727087 0.00261147 0.00256416 0.00119447 0.0015695 0.00171854 0.000262697 -0.00047005 0.00714587 0.00134754 0.00130423 0.00249564 0.00330669 -0.00767893 0.000587377 0.00111721 -0.00266956 -0.00276376 0.0057706 -0.00409479
internal_weight=1.7513e+06 736912 1.01439e+06 528909 295976 208003 254086 117402 760304 232933 616321 516824 244402 123152 39113 51574 130934 48203 143983 192129 128506 99497 468221 90601 30510 125762 409675 52273 107171 27359 103447 42556 23221 41323 45043 40435 84881 32626 306228 289526 92642 30516 24721 29567 84767 107713 78289 69651 144498 25684 3151 69930 45430 24221 26673 19531 30267 103017 71620 67651 12440 63623
internal_count=1751302 736912 1014390 528909 295976 208003 254086 117402 760304 232933 616321 516824 244402 123152 39113 51574 130934 48203 143983 192129 128506 99497 468221 90601 30510 125762 409675 52273 107171 27359 103447 42556 23221 41323 45043 40435 84881 32626 306228 289526 92642 30516 24721 29567 84767 107713 78289 69651 144498 25684 3151 69930 45430 24221 26673 19531 30267 103017 71620 67651 12440 63623
is_linear=0
shrinkage=0.05


Tree=4
num_leaves=63
num_cat=0
split_feature=34 3 3 1 32 5 32 32 3 34 18 0 6 32 3 6 0 3 39 38 3 39 33 3 35 28 3 39 38 35 32 18 39 0 39 7 0 1 0 38 32 36 34 0 7 0 39 18 7 3 18 7 0 36 36 3 3 36 32 34 36 35
split_gain=966.804 1054.06 519.875 92.8707 97.0019 70.3801 99.9733 51.6451 47.6416 47.3562 43.3988 36.3128 33.2989 27.7219 26.146 24.7411 21.6897 21.0247 18.6724 14.6287 14.1819 14.0337 13.4442 12.6933 11.7831 10.7569 12.6272 10.6825 10.5923 10.397 10.3382 10.2871 10.176 9.6239 9.19288 9.1839 8.94133 8.83075 8.41298 8.23881 8.2028 8.15867 12.9382 11.6459 7.75577 7.5694 7.47308 7.29094 7.17435 6.55784 6.41859 6.41561 6.02176 5.95226 11.558 5.93211 5.48798 5.40096 5.35142 8.26873 5.256 5.02769
threshold=1.0000000180025095e-35 8778.7000000000025 6455.0500000000011 5.8350000000000009 1.5000000000000002 141.26500000000001 1.0000000180025095e-35 1.0000000180025095e-35 6393.0500000000011 4.5000000000000009 51854.500000000007 149257.18141648694 163.85000000000005 1.5000000000000002 9567.9500000000025 181.50000000000003 180226.78755743566 6832.7500000000009 21.970482063676375 76.208227781064394 8460.4500000000025 44.387866084662029 1.0000000180025095e-35 8541.0500000000011 1.5000000000000002 27.150000000000002 9071.4500000000025 36.1380965768331 82.901735070564641 1.0000000180025095e-35 7.5000000000000009 34851.000000000007 53.714205897332796 573154.05772832502 23.93411739077489 4.7500000000000009 191344.2746631201 5.6100000000000003 91206.655099362353 75.928470690053317 1.0000000180025095e-35 7.5000000000000009 1.5000000000000002 104596.30476177733 5.5500000000000007 259674.70367072496 12.835526959052276 59174.500000000007 4.7500000000000009 6304.4500000000016 95755.500000000015 5.8500000000000005 102824.36253332206 3.5000000000000004 1.5000000000000002 5795.7500000000009 10674.700000000003 2.5000000000000004 2.5000000000000004 3.5000000000000004 3.5000000000000004 1.0000000180025095e-35
decision_type=2 2 2 2 2 2 2 2 2 2 2 2 2 2 2 2 2 2 2 2 2 2 2 2 2 2 2 2 2 2 2 2 2 2 2 2 2 2 2 2 2 2 2 2 2 2 2 2 2 2 2 2 2 2 2 2 2 2 2 2 2 2
left_child=5 2 8 12 9 6 11 14 44 17 31 46 20 19 57 23 53 45 47 34 -4 -19 33 -12 29 26 -9 -15 32 -11 37 -7 55 35 -8 58 -23 51 -20 -29 -26 42 43 -28 -2 -5 -1 -16 -31 -32 -40 -17 -21 54 -6 -13 -45 -3 59 -18 -60 -44
right_child=1 7 3 4 16 10 13 25 -10 24 15 28 -14 27 18 30 22 21 38 52 -22 36 -24 -25 40 -27 41 39 -30 48 49 -33 -34 -35 -36 -37 -38 -39 50 -41 -42 -43 61 56 -46 -47 -48 -49 -50 -51 -52 -53 -54 -55 -56 -57 -58 -59 60 -61 -62 -63
leaf_value=0.0028016850430644426 0.0020058236226394304 4.4412727697121471e-06 -0.003170245799872521 -0.0015254909745153239 -0.0031979904762931728 0.0033188098086605021 0.0039572741261952636 0.00038236309508179848 0.00010548111346394296 -0.0038155137465176502 -0.0023066948216079984 0.0026386203431818895 -0.0014391082591632888 0.0069326573197294114 0.0017642418601290983 0.00089190273179668887 -0.0034383601313643266 -0.0036757575485922948 0.0011851059665797638 0.002363967326357623 -0.0021268902688598621 -0.0022799519414229796 -0.0015599207948606996 0.0010647792207647622 -0.0016921983918926687 0.00055747678349622417 0.0060352638370380985 0.0034698502963835171 0.0036372836979375166 -0.008138688686076586 0.0046164617008161634 0.001815742935434317 0.001357648175948906 -0.0047502069195291272 0.0022437234522124645 -0.0056837609924600191 -0.0032219319920307973 0.00018680771432618153 0.00044403814239585553 0.005848834910605517 -0.006188887000117999 0.0001340636456144282 0.0019208078300700674 0.0032915151790813796 0.0033734516351859945 -0.0027845762948288332 0.00096790048311546847 0.00043972662793718867 -0.0055669510102883818 0.0016562521534659981 -0.00034423379460653909 0.0027070750118755749 0.0046561218952783125 -0.001575640586494274 -0.00698280607985195 0.0014267425982000294 0.0018533808431071574 -0.00088054067385908786 -0.0084578290047134363 -0.0075542344367063793 -0.00060362154397374012 0.00067025080321166369
leaf_weight=5832 17891 32779 64310 34644 7268 14809 10089 13350 26758 3656 10115 61182 103069 6314 42232 90386 1716 65233 35485 3471 65989 52183 1564 3856 3016 20578 2835 8582 12880 5622 2298 49214 30976 7796 34911 11653 48704 53393 286661 6319 1528 5298 41064 15265 24648 18212 117290 13780 5239 10067 28381 5145 16421 2627 2792 12094 11732 36368 9297 4224 218 9993
leaf_count=5832 17891 32779 64310 34644 7268 14809 10089 13350 26758 3656 10115 61182 103069 6314 42232 90386 1716 65233 35485 3471 65989 52183 1564 3856 3016 20578 2835 8582 12880 5622 2298 49214 30976 7796 34911 11653 48704 53393 286661 6319 1528 5298 41064 15265 24648 18212 117290 13780 5239 10067 28381 5145 16421 2627 2792 12094 11732 36368 9297 4224 218 9993
internal_value=-1.92049e-07 -0.000811621 -0.00230993 -0.00285151 -0.00345353 0.00170066 0.00217822 0.000671735 0.00175848 -0.00303595 0.00104931 0.00165433 -0.00211065 0.00363999 0.000437812 0.000642322 -0.00547567 -0.00282788 0.000590691 0.00312703 -0.00264185 -0.00310424 -0.00609517 -0.00137617 -0.0054263 0.00159813 0.00181327 0.00520904 0.00228455 -0.00612182 0.000817165 0.00216341 0.00211742 -0.00629838 0.0026279 -0.00674363 -0.0027347 0.000701819 0.000455235 0.0044787 -0.00320429 0.00203491 0.00215941 0.00298669 0.00279826 -0.00195932 0.00105476 0.00143839 -0.00689816 0.0022064 0.000373026 0.000989662 0.00425616 -0.00369498 -0.00424841 0.0024386 0.00266655 -0.000461017 -0.00754276 -0.0063652 -0.00827788 0.00167605
internal_weight=1.7513e+06 1.18566e+06 589857 520560 287192 565644 326361 595801 69297 238037 239283 240254 233368 86107 475686 175260 49155 218976 406539 64892 130299 166120 36468 13971 19061 120115 99537 21215 117132 14517 161289 64023 104252 34904 45000 27108 100887 148924 350527 14901 4544 86187 80889 29832 42539 52856 123122 56012 10861 12365 315042 95531 19892 12687 10060 73276 26997 69147 15455 5940 9515 51057
internal_count=1751302 1185658 589857 520560 287192 565644 326361 595801 69297 238037 239283 240254 233368 86107 475686 175260 49155 218976 406539 64892 130299 166120 36468 13971 19061 120115 99537 21215 117132 14517 161289 64023 104252 34904 45000 27108 100887 148924 350527 14901 4544 86187 80889 29832 42539 52856 123122 56012 10861 12365 315042 95531 19892 12687 10060 73276 26997 69147 15455 5940 9515 51057
is_linear=0
shrinkage=0.05


Tree=5
num_leaves=63
num_cat=0
split_feature=2 5 34 2 16 2 32 32 34 32 10 4 5 7 32 34 31 32 10 32 28 0 29 0 28 39 35 32 5 34 35 36 39 0 0 36 4 0 2 5 31 5 34 34 36 0 39 0 31 36 32 4 40 4 32 31 35 0 32 38 0 36
split_gain=1176.8 672.091 133.51 130.052 170.653 87.1008 52.6281 52.5701 54.5204 42.6504 40.4389 39.8909 84.1073 37.9257 32.4109 29.0745 23.1915 23.017 16.7669 16.6919 16.2109 23.596 18.8038 13.7173 13.6332 15.6266 12.9794 12.8492 11.6289 13.095 11.4793 11.3346 10.6988 11.3572 9.62807 9.59609 10.6808 13.0599 9.48585 8.53067 8.52472 8.04071 7.19843 7.06218 9.37647 7.08048 6.88786 6.53383 6.51969 6.07851 5.96463 6.154 5.56593 5.37685 5.34842 4.9465 5.54858 6.46356 4.90006 4.78468 4.76425 4.72951
threshold=0.99500000000000011 145.56150000000005 1.0000000180025095e-35 2.1300000000000003 -0.33499999999999991 1.4550000000000003 1.0000000180025095e-35 2.5000000000000004 4.5000000000000009 1.5000000000000002 -0.58999999999999997 4.0450000000000008 172.49600000000001 8.9000000000000021 1.0000000180025095e-35 1.0000000180025095e-35 3.5000000000000004 2.5000000000000004 -0.75499999999999934 1.5000000000000002 30.150000000000002 182388.93949704725 60.203281394361028 219348.49165327751 43.550000000000004 21.970482063676375 1.0000000180025095e-35 1.5000000000000002 155.67300000000003 1.5000000000000002 1.0000000180025095e-35 3.5000000000000004 44.996789083203304 205250.58759149702 206583.63210829018 1.0000000180025095e-35 4.455000000000001 486911.16074045311 0.085000000000000006 168.47250000000003 6.5000000000000009 142.10600000000002 4.5000000000000009 1.5000000000000002 7.5000000000000009 163988.13280810832 15.763643920596115 101874.35345268053 2.5000000000000004 2.5000000000000004 1.0000000180025095e-35 3.6200000000000006 27.001866963826256 4.455000000000001 2.5000000000000004 5.5000000000000009 1.0000000180025095e-35 107350.76582284849 7.5000000000000009 82.901735070564641 131755.01542722576 6.5000000000000009
decision_type=2 2 2 2 2 2 2 2 2 2 2 2 2 2 2 2 2 2 2 2 2 2 2 2 2 2 2 2 2 2 2 2 2 2 2 2 2 2 2 2 2 2 2 2 2 2 2 2 2 2 2 2 2 2 2 2 2 2 2 2 2 2
left_child=2 5 14 4 10 54 15 8 32 13 18 -6 28 24 20 48 17 26 -3 -8 21 22 -1 -14 25 -4 -16 42 29 58 50 35 55 -34 -10 -9 -37 -38 43 59 -25 -15 49 44 45 -11 -24 -28 -7 -12 51 -27 -17 -36 -2 56 -5 -58 -13 -23 -48 -29
right_child=1 3 9 7 11 6 19 31 34 38 27 12 23 41 16 52 -18 -19 -20 -21 -22 39 46 40 -26 30 47 61 -30 -31 -32 -33 33 -35 53 36 37 -39 -40 -41 -42 -43 -44 -45 -46 -47 60 -49 -50 -51 -52 -53 -54 -55 -56 -57 57 -59 -60 -61 -62 -63
leaf_value=0.0031747417475439079 -0.00089660331563336075 -0.0025442029925622067 0.0015852546658278563 -0.0031250206332324895 -0.0018274093956573226 0.0012147711335674766 0.0030467832646922247 -0.0026917057122423627 -0.0044304644296432934 0.0053720616565307369 -0.0036139726021259624 0.00068966988404292823 -0.0012017806477394501 -0.00019203292480486118 0.0019441414739024957 0.0048429711705286031 0.0016178778461271169 0.0070909963850685175 -0.0010195506317846709 0.0053409821014033425 0.00065370652684579875 0.0025033193854688239 0.0027349000115824682 -0.0021317093402880194 -7.5933812182961977e-05 0.00070184846983125217 0.002136446139803409 -0.005087863839801662 8.5742575642250101e-06 0.0036304292169280633 0.00024864794192188387 -0.0010995856859234775 -0.0019406062879863538 -0.0030645808133925589 -0.0038692625261681963 -0.0041809829689744143 -0.0086495300968632231 -0.0054145308308712788 0.0012601428729422457 0.0013708234178133997 -0.0040637931827101166 -0.0012749354244296759 -0.0049614062594381175 0.0015752830766936903 0.00023896299416275047 0.0028588419462778412 0.00095876236656225206 0.0038523693438260245 -0.00014786094297349314 -0.0026258678979530492 0.0017143517706057314 0.0019778046154671101 0.0027618676754857983 -0.00740730126840168 0.0010044534828272059 -0.0027923996635730499 -0.0066790896952506453 -0.0039396103797965541 0.0032547968402664197 0.0038336841512636652 0.0015072562642190505 -0.0016468202833746723
leaf_weight=13660 30012 75893 48296 18588 67066 48628 25030 1830 6746 3918 36689 38255 28421 47015 20065 4971 36835 3595 23652 11604 42798 58636 7445 16382 58355 180481 6836 16237 52822 4601 127053 1195 50908 40240 1244 3790 6999 5629 58006 16016 8763 26978 6340 15641 2488 9843 98136 29437 10712 27032 18273 9972 9084 7851 4220 27132 2612 12257 1957 7639 66363 1064
leaf_count=13660 30012 75893 48296 18588 67066 48628 25030 1830 6746 3918 36689 38255 28421 47015 20065 4971 36835 3595 23652 11604 42798 58636 7445 16382 58355 180481 6836 16237 52822 4601 127053 1195 50908 40240 1244 3790 6999 5629 58006 16016 8763 26978 6340 15641 2488 9843 98136 29437 10712 27032 18273 9972 9084 7851 4220 27132 2612 12257 1957 7639 66363 1064
internal_value=1.20865e-06 -0.00151994 0.00110624 -0.00226545 -0.00176204 0.00154039 0.00222568 -0.00335606 -0.00307052 0.00063586 -0.00287093 -0.000812473 -0.000362293 0.000460896 0.00180618 0.00145311 0.00260523 0.00321206 -0.00218194 0.00377348 0.00155731 0.00170167 0.00138921 -0.00195438 0.000636126 0.000744314 0.00296454 -0.00365599 0.000511184 0.00110362 0.000623359 -0.00581712 -0.00277912 -0.00243682 -0.00586175 -0.00612605 -0.00650885 -0.00720751 0.00164097 0.0024064 -0.00280504 -0.000586861 -0.00335466 0.00233367 0.00306369 0.0035744 0.00124736 0.00352899 0.00096879 -0.00319479 0.000851448 0.000768657 0.00349792 -0.00692337 -0.000662248 -0.00329408 -0.00370091 -0.00442085 0.000814507 0.00265666 0.00118004 -0.00487624
internal_weight=1.75024e+06 736456 1.01378e+06 592195 405174 144261 110029 187021 167578 606319 186907 218267 151201 516423 407461 73395 96768 59933 99545 36634 310693 267895 185604 53566 442430 384075 56338 87362 97635 44813 335779 19443 151737 91148 15841 18248 16418 12628 89896 82291 25145 73993 70061 31890 16249 13761 171944 36273 59340 63721 208726 190453 14055 9095 34232 60589 33457 14869 40212 66275 164499 17301
internal_count=1750236 736456 1013780 592195 405174 144261 110029 187021 167578 606319 186907 218267 151201 516423 407461 73395 96768 59933 99545 36634 310693 267895 185604 53566 442430 384075 56338 87362 97635 44813 335779 19443 151737 91148 15841 18248 16418 12628 89896 82291 25145 73993 70061 31890 16249 13761 171944 36273 59340 63721 208726 190453 14055 9095 34232 60589 33457 14869 40212 66275 164499 17301
is_linear=0
shrinkage=0.05


Tree=6
num_leaves=63
num_cat=0
split_feature=2 3 34 3 32 3 32 3 32 34 34 32 6 31 32 18 0 2 18 33 36 1 32 18 34 5 35 36 35 35 32 36 0 31 37 29 2 0 0 32 34 0 35 35 3 5 34 36 0 0 0 34 40 3 3 34 13 5 38 36 20 31
split_gain=1062.06 903.256 120.493 74.6681 72.4219 64.8751 52.8663 42.5614 38.492 36.7723 29.6231 29.2508 24.8919 20.9304 20.7729 16.8709 21.8672 16.5637 16.2592 16.1723 16.2868 16.2137 15.208 15.1385 14.5729 14.2548 11.7139 10.9456 10.5257 10.2659 12.4154 9.82287 9.67832 9.65791 8.93563 8.63481 8.56098 8.27086 6.84042 9.69988 11.0157 6.77054 6.70509 6.60875 9.29704 6.47929 6.37361 8.46226 6.42184 6.14033 5.89678 5.76815 5.71086 5.55245 5.4953 5.0984 4.99946 4.96434 4.92299 4.88649 4.83201 4.79977
threshold=0.99500000000000011 6495.3500000000013 1.0000000180025095e-35 8460.4500000000025 1.5000000000000002 6304.4500000000016 1.0000000180025095e-35 6742.4000000000005 1.5000000000000002 4.5000000000000009 1.0000000180025095e-35 1.0000000180025095e-35 170.05000000000004 3.5000000000000004 2.5000000000000004 57959.500000000007 173976.56506366437 1.1200000000000003 62112.500000000007 1.0000000180025095e-35 5.5000000000000009 6.0200000000000005 1.5000000000000002 35178.000000000007 1.0000000180025095e-35 142.10600000000002 1.0000000180025095e-35 2.5000000000000004 1.5000000000000002 1.0000000180025095e-35 1.0000000180025095e-35 2.5000000000000004 73053.949802682371 2.5000000000000004 1.0000000180025095e-35 58.107960018548823 0.085000000000000006 199857.44233304658 612642.67897349608 2.5000000000000004 3.5000000000000004 247995.92517238567 1.0000000180025095e-35 1.0000000180025095e-35 7500.7000000000007 141.57900000000004 1.5000000000000002 7.5000000000000009 139624.24046483563 219348.49165327751 101874.35345268053 6.5000000000000009 35.342559947574543 11761.400000000003 6434.8500000000013 1.5000000000000002 -0.44 178.92550000000003 82.901735070564641 3.5000000000000004 792.50000000000011 5.5000000000000009
decision_type=2 2 2 2 2 2 2 2 2 2 2 2 2 2 2 2 2 2 2 2 2 2 2 2 2 2 2 2 2 2 2 2 2 2 2 2 2 2 2 2 2 2 2 2 2 2 2 2 2 2 2 2 2 2 2 2 2 2 2 2 2 2
left_child=2 5 11 4 7 6 10 41 12 27 33 15 25 14 26 16 23 -5 35 20 21 56 -8 -1 -23 31 -13 29 43 37 32 -4 -31 -2 38 -14 46 57 39 40 61 -3 59 -11 -45 52 47 48 -10 -24 -28 -30 -12 58 55 -7 -6 -9 -18 60 -37 -26
right_child=1 3 8 17 19 54 22 9 36 28 45 13 18 -15 -16 -17 53 -19 -20 -21 -22 24 49 -25 34 -27 50 -29 51 30 -32 -33 -34 -35 -36 42 -38 -39 -40 -41 -42 -43 -44 44 -46 -47 -48 -49 -50 -51 -52 -53 -54 -55 -56 -57 -58 -59 -60 -61 -62 -63
leaf_value=0.0031130011202864009 0.0010538108389978379 -0.00090250525646582466 0.00064781206853400594 -0.00041909826786640323 -0.0055227560704917316 0.00022980035524714762 0.0026763482390478933 -0.0025932575686654397 0.005470138203964932 -0.0037565946010787929 0.0051536844001741997 0.0018469344117723826 0.0014925508911263021 0.0015369839533236366 0.0067364466137004048 0.00067406023740908955 0.0023231183960848623 -0.0018284403141028104 0.00011987789636450129 -0.001474065323137483 -0.0012780750020072601 -0.0014190186285172738 0.0058024101104605357 0.0011948761498965902 -0.0051122878823252702 -0.0012111886622389254 0.002029623833648958 -0.00225728101110397 -0.0049398702299940376 -0.0078108354281052235 -0.0026849305107791667 -0.00039685551494294825 -0.0038096030092394395 -0.00035384458716759067 -0.0018037392691498452 0.00050961225384551438 0.0011971357328003991 -0.003141521424408442 -0.0042038891697762709 -0.0067401611962303199 -0.0058954277321518721 -0.0020763508166677549 0.00037472935455130528 -0.0074593987479788602 -0.0047167751106216337 0.0021458201291925422 0.0014965189174679563 0.00022701483542042077 0.0028332807599567881 0.0037457902180289106 0.0036597508527988279 -0.0014036883492764471 0.0025928301629494694 0.0013802679540042657 -0.000424142377750075 0.0017419906944776452 -0.0032164790487131476 -0.0015159870581699427 0.0036251017831916629 0.00040975301322531224 0.0012581415513974448 -0.0014097639686208572
leaf_weight=10997 56748 34436 42811 25706 2763 38764 31552 22582 2935 4309 4534 20065 41648 36835 3595 53770 64579 110317 113560 4413 3481 2244 6291 159225 1351 26978 6836 90705 1900 1573 35734 47434 38533 15517 1522 28579 58006 32396 6292 18697 9342 19096 91339 5929 6453 12413 15641 2488 10826 8578 29437 2934 4188 13942 30137 6510 15715 20315 8180 36288 87786 2486
leaf_count=10997 56748 34436 42811 25706 2763 38764 31552 22582 2935 4309 4534 20065 41648 36835 3595 53770 64579 110317 113560 4413 3481 2244 6291 159225 1351 26978 6836 90705 1900 1573 35734 47434 38533 15517 1522 28579 58006 32396 6292 18697 9342 19096 91339 5929 6453 12413 15641 2488 10826 8578 29437 2934 4188 13942 30137 6510 15715 20315 8180 36288 87786 2486
internal_value=1.14822e-06 -0.00144394 0.00105093 -0.00256918 -0.0029248 0.00128102 0.00191853 -0.0026065 0.000604067 -0.00286775 0.00123311 0.00171587 0.000437852 0.00247497 0.00305146 0.00147945 0.001648 -0.0015621 0.00062596 -0.00440149 -0.00460368 -0.00479531 0.00329761 0.00131879 -0.00533905 -0.000202745 0.00281631 -0.00269148 -0.00484811 -0.00295208 -0.00336267 9.87206e-05 -0.00396654 0.000751554 -0.00556068 0.000827159 0.00155892 -0.0025385 -0.00571049 -0.00600788 -0.004969 -0.00132124 0.000713581 -0.00544313 -0.00603005 0.00287966 0.00221699 0.0029105 0.00339568 0.00461594 0.00335254 -0.00279358 0.00392405 0.00229434 9.90036e-05 0.00044724 -0.00356133 -0.00208309 0.0024695 0.00091633 0.0010743 -0.00271342
internal_weight=1.75024e+06 736456 1.01378e+06 521224 385201 215232 139821 316895 606319 263363 93400 407461 516423 96768 59933 310693 256923 136023 399200 68306 63893 60412 46421 170222 41934 117223 56338 241838 21525 151133 75840 90245 40106 72265 39690 285640 89896 75293 38168 31876 13179 53532 243992 16691 12382 21135 31890 16249 13761 14869 36273 4834 8722 86701 75411 45274 18478 42897 72759 152653 116365 3837
internal_count=1750236 736456 1013780 521224 385201 215232 139821 316895 606319 263363 93400 407461 516423 96768 59933 310693 256923 136023 399200 68306 63893 60412 46421 170222 41934 117223 56338 241838 21525 151133 75840 90245 40106 72265 39690 285640 89896 75293 38168 31876 13179 53532 243992 16691 12382 21135 31890 16249 13761 14869 36273 4834 8722 86701 75411 45274 18478 42897 72759 152653 116365 3837
is_linear=0
shrinkage=0.05


Tree=7
num_leaves=63
num_cat=0
split_feature=34 3 3 1 32 5 32 6 32 34 3 3 38 3 3 3 33 36 39 39 38 39 28 29 32 28 40 39 40 36 34 37 6 31 3 34 32 38 31 13 31 7 7 40 28 32 36 15 3 19 31 40 3 36 31 32 36 31 36 32 31 34
split_gain=711.258 773.813 383.629 68.8327 68.9359 52.7886 74.0163 44.3034 40.7957 35.1876 33.0791 25.2254 22.5007 18.1093 17.3094 16.8848 15.8612 17.4815 15.1719 14.6975 14.3952 13.8666 12.2779 13.1888 11.4889 10.2722 9.18886 8.90314 8.6341 8.11362 10.7516 8.06361 7.78515 7.25583 7.1759 7.11094 7.0967 6.485 6.4111 6.34138 6.20056 5.97646 5.69653 5.55911 5.55141 5.41353 5.41223 5.13686 5.08145 4.9852 4.85322 5.65702 6.01722 4.6483 4.51895 4.51004 4.4369 4.40637 3.96901 3.75805 3.75097 4.02879
threshold=1.0000000180025095e-35 8806.1000000000022 6443.6000000000013 6.0600000000000014 1.5000000000000002 141.26500000000001 1.0000000180025095e-35 163.75000000000003 1.0000000180025095e-35 4.5000000000000009 8806.1000000000022 6427.6500000000005 76.208227781064394 6652.3000000000002 8388.7500000000018 9541.2500000000018 1.0000000180025095e-35 3.5000000000000004 23.93411739077489 21.970482063676375 82.901735070564641 44.996789083203304 29.750000000000004 58.877524564056692 1.0000000180025095e-35 27.150000000000002 54.379662792562577 13.546229187019089 74.189245718843068 5.5000000000000009 1.5000000000000002 1.0000000180025095e-35 185.00000000000003 1.5000000000000002 6872.7000000000016 2.5000000000000004 1.5000000000000002 60.848813499303766 3.5000000000000004 -0.65499999999999992 4.5000000000000009 8.4000000000000021 4.7500000000000009 35.342559947574543 29.350000000000005 7.5000000000000009 1.5000000000000002 -0.21999999999999995 6527.6000000000013 144350.00000000003 1.0000000180025095e-35 21.856266331385665 5795.7500000000009 3.5000000000000004 1.0000000180025095e-35 1.5000000000000002 1.5000000000000002 3.5000000000000004 2.5000000000000004 1.0000000180025095e-35 9.5000000000000018 6.5000000000000009
decision_type=2 2 2 2 2 2 2 2 2 2 2 2 2 2 2 2 2 2 2 2 2 2 2 2 2 2 2 2 2 2 2 2 2 2 2 2 2 2 2 2 2 2 2 2 2 2 2 2 2 2 2 2 2 2 2 2 2 2 2 2 2 2
left_child=5 2 11 7 9 6 20 14 15 21 13 32 18 24 53 58 17 31 26 44 27 40 23 -12 33 29 -8 -1 -11 30 39 42 43 -7 -23 -34 -14 50 -21 -10 57 -32 -6 -2 60 -26 -40 -16 -9 -48 -29 52 -52 -4 -22 -20 -39 -5 -3 -30 61 -17
right_child=1 8 3 4 16 10 12 48 25 28 22 -13 36 -15 47 19 -18 -19 55 38 54 34 -24 -25 45 -27 -28 37 59 -31 41 -33 35 -35 -36 -37 -38 56 46 -41 -42 -43 -44 -45 -46 -47 49 -49 -50 -51 51 -53 -54 -55 -56 -57 -58 -59 -60 -61 -62 -63
leaf_value=0.0026251146212022147 0.0044785693379551083 2.4716375836959873e-05 -0.0032975067390047632 -0.002893152274678372 -0.0059566684684987277 0.00075081896578650155 0.0033852312339823862 -0.00057754563685510603 0.0034854991607558457 -0.0056287661524750121 0.0027303966194468449 -3.2266318777410995e-05 0.0037336450713531368 -0.0015293551771528016 -0.00078880286016689812 0.0017396863449547443 -0.0012713368708031532 -0.0012525489804913871 0.0018573866331301075 0.00078390109156806502 0.0036030257364359874 -0.0014288363790971802 0.00074212908987782253 0.0013436502188573856 0.00093600364040391482 0.00041317103552359643 0.0066882180957518848 0.00033032993098967275 -0.0023232424759416989 -0.00011188262602600428 0.0016151039188979331 -0.0017041656009351266 0.0014969431349490892 -0.00064840675120647292 -0.0023138084180613686 0.0032805108620244383 0.0054188065945667829 0.0015445744576654044 -9.0704742287410524e-05 0.0020110648140597978 -0.0025455805018726524 0.00037665307018852477 -0.0046619282701947642 0.0025078191534661353 0.0004829073167572755 0.0029566387521767806 0.0010003671104261394 -0.0020955636815846866 -0.0013285764932869319 0.0002996700669190135 0.0027428376215285046 0.00088791056044996281 0.00040281939346197248 -0.0022906473703105503 0.0021111316056403851 0.0030847137242530653 0.00031707876891460597 -0.0040232224551823388 -0.00080847100920673873 -0.0050393452938210896 0.00078752021142104982 0.0046451521423289078
leaf_weight=11933 5899 26916 47811 17948 22960 14949 10104 29367 10480 11028 21994 14669 19975 14607 8279 27612 2983 2823 35141 76449 7765 31298 59555 77777 21557 20515 2660 26538 3798 6151 43304 1473 24636 24368 85434 7228 9091 110144 76662 23976 44964 12569 13485 9096 16888 3917 29749 82084 96631 173007 9346 48158 3891 15078 14656 9511 7889 16608 30479 1916 11210 1247
leaf_count=11933 5899 26916 47811 17948 22960 14949 10104 29367 10480 11028 21994 14669 19975 14607 8279 27612 2983 2823 35141 76449 7765 31298 59555 77777 21557 20515 2660 26538 3798 6151 43304 1473 24636 24368 85434 7228 9091 110144 76662 23976 44964 12569 13485 9096 16888 3917 29749 82084 96631 173007 9346 48158 3891 15078 14656 9511 7889 16608 30479 1916 11210 1247
internal_value=1.09081e-06 -0.000695304 -0.00196212 -0.00239138 -0.00298235 0.00145996 0.00187283 -0.0018481 0.000593691 -0.00261113 0.000894748 0.00177719 0.0031272 6.09954e-05 -0.00241914 0.000385811 -0.00479073 -0.00504841 0.00255337 0.000497529 0.00142143 -0.00242342 0.00131024 0.00164935 0.000419537 0.00142919 0.00407357 0.0012973 -0.00481144 0.00164523 0.00176488 -0.00533102 0.00234364 -0.000116397 -0.00207653 0.00190153 0.00426071 0.00122037 0.000378174 0.00245952 -0.00293264 0.00133651 -0.0054776 0.00328311 0.00124326 0.00124671 0.000267167 -0.00197584 -0.00115353 0.000402479 0.000895321 0.00113954 0.00205499 -0.00305611 0.00262781 0.00211881 0.00146253 -0.00343628 -0.000417739 -0.003234 0.00156372 0.00186523
internal_weight=1.75024e+06 1.18471e+06 597496 535968 256718 565526 326802 279250 587214 212994 238724 61528 86482 79398 153252 470219 43724 40741 57416 412824 240320 196252 159326 99771 64791 116995 12764 217899 16742 96480 90329 37918 46859 39317 116732 31864 29066 205966 355867 34456 79520 55873 36445 14995 56957 25474 279418 90363 125998 202756 87933 61395 13237 62889 22421 44652 118033 34556 57395 5714 40069 28859
internal_count=1750236 1184710 597496 535968 256718 565526 326802 279250 587214 212994 238724 61528 86482 79398 153252 470219 43724 40741 57416 412824 240320 196252 159326 99771 64791 116995 12764 217899 16742 96480 90329 37918 46859 39317 116732 31864 29066 205966 355867 34456 79520 55873 36445 14995 56957 25474 279418 90363 125998 202756 87933 61395 13237 62889 22421 44652 118033 34556 57395 5714 40069 28859
is_linear=0
shrinkage=0.05


Tree=8
num_leaves=63
num_cat=0
split_feature=2 5 6 34 5 1 7 32 32 32 7 34 32 34 0 31 32 18 0 29 32 18 36 33 34 5 5 34 31 35 35 18 36 35 32 0 0 2 37 0 32 34 35 34 5 20 35 7 34 34 36 0 5 0 5 40 36 5 32 40 38 40
split_gain=866.922 497.642 215.03 97.9367 75.9147 65.123 43.6628 46.2615 39.918 31.7938 28.2049 28.1645 23.9404 21.5363 18.3481 17.3277 17.4636 14.3749 19.5487 13.2291 12.6872 12.5692 12.2345 13.2915 11.0126 10.6544 10.6368 11.0197 10.2777 9.95438 9.49926 8.89796 8.40104 8.43361 8.91805 8.21049 7.31412 6.97102 6.4999 7.18105 9.28564 8.79402 6.40951 5.94871 5.7714 5.61315 5.56525 6.74837 5.42825 5.29956 6.87848 5.84146 5.23924 5.23616 5.23556 5.15953 4.98813 4.78124 4.51097 4.36564 4.68598 4.3009
threshold=0.99500000000000011 145.56150000000005 193.40000000000001 1.0000000180025095e-35 171.02700000000002 5.1900000000000004 8.9000000000000021 1.5000000000000002 1.0000000180025095e-35 1.5000000000000002 8.9000000000000021 4.5000000000000009 1.0000000180025095e-35 1.0000000180025095e-35 224014.67520870641 3.5000000000000004 2.5000000000000004 57959.500000000007 173976.56506366437 60.203281394361028 1.5000000000000002 69041.000000000015 5.5000000000000009 1.0000000180025095e-35 1.0000000180025095e-35 166.64000000000001 157.239 1.5000000000000002 6.5000000000000009 1.0000000180025095e-35 1.5000000000000002 38717.500000000007 2.5000000000000004 1.0000000180025095e-35 1.0000000180025095e-35 73053.949802682371 246139.25663713223 0.085000000000000006 1.0000000180025095e-35 530144.31608948333 2.5000000000000004 3.5000000000000004 1.0000000180025095e-35 5.5000000000000009 142.10600000000002 716.50000000000011 1.0000000180025095e-35 4.8500000000000005 7.5000000000000009 1.5000000000000002 7.5000000000000009 163988.13280810832 136.40850000000003 100960.06838826112 177.40000000000003 47.625433027100158 1.5000000000000002 161.6045 2.5000000000000004 20.440667153087134 57.577786240640485 27.001866963826256
decision_type=2 2 2 2 2 2 2 2 2 2 2 2 2 2 2 2 2 2 2 2 2 2 2 2 2 2 2 2 2 2 2 2 2 2 2 2 2 2 2 2 2 2 2 2 2 2 2 2 2 2 2 2 2 2 2 2 2 2 2 2 2 2
left_child=3 5 6 12 26 58 7 11 13 10 21 32 17 55 -6 16 29 18 19 -1 -10 31 23 24 -9 -26 27 -4 -16 -14 46 45 33 36 35 -35 54 49 39 40 41 -27 43 52 -12 -5 -13 -48 57 50 51 -11 -33 -31 -3 -7 59 -45 -2 -20 -61 -15
right_child=1 2 4 9 14 8 -8 22 20 37 44 30 15 61 28 -17 -18 -19 56 -21 -22 -23 -24 -25 25 38 -28 -29 -30 53 -32 42 -34 34 -36 -37 -38 -39 -40 -41 -42 -43 -44 48 -46 -47 47 -49 -50 -51 -52 -53 -54 -55 -56 -57 -58 -59 -60 60 -62 -63
leaf_value=0.0025687313953069316 -0.0007909993274169743 -0.0025296743532474196 0.00061736412239861427 0.00076671932422105822 -0.00099783300509219213 0.00036517717355549978 -0.0018098479534056082 -0.0013579955208094425 0.0026358146952580185 0.0047108720652392225 -0.00017350195793411509 -0.0034290755675092793 0.0016510272491941655 0.004190759962127805 -0.0019119641720346714 0.0013822609802095509 0.006138982515045739 0.00059165040809895566 0.0033864862696522066 0.001039554418008021 0.0046359528249384123 1.7940183328824714e-05 -0.0011653900320358578 -0.0014785441687701179 -0.003722466895273216 -0.002433354473169527 -0.0001425930979043775 0.003007428319007742 -0.0036930039905414347 0.0017720937328215601 -0.0024024997171519708 0.0017885886308326424 -0.0020441146933783886 -0.0074441884643443564 -0.0024750750591634742 -0.0034760242607727748 -0.0031062750198901051 0.0010879558411156676 -0.001704255270240282 -0.0041298391484627323 -0.0069211397411999363 -0.0057947529546081254 0.00032695744114335823 0.0026876327806262721 -0.001090953082875844 0.0020532064494463756 -0.0071288457760306225 -0.0045913243147341441 0.00013636733152057277 0.0013512785573470505 0.00022125822584402309 0.0024281144836547268 0.0006295509570840987 0.0033238202784025917 -0.0014751071499264749 0.0012976401193304169 0.00094296441727545119 -1.6450752881496265e-05 0.00095489221329192171 0.0014578977520539854 0.0023605855341535691 0.002361376803082774
leaf_weight=15567 30012 21871 46936 15979 41333 29652 127051 2355 25030 3918 47015 3718 20065 4971 22571 36835 3595 53770 7343 154655 11604 89633 2988 3472 13800 2726 52892 5375 12634 6659 4235 10369 77581 1354 31568 34990 19815 58006 1140 6737 12063 6798 128973 9978 26978 18064 4571 6139 4103 15641 2488 9843 163376 29614 25482 29688 8388 1955 4220 20030 50940 9084
leaf_count=15567 30012 21871 46936 15979 41333 29652 127051 2355 25030 3918 47015 3718 20065 4971 22571 36835 3595 53770 7343 154655 11604 89633 2988 3472 13800 2726 52892 5375 12634 6659 4235 10369 77581 1354 31568 34990 19815 58006 1140 6737 12063 6798 128973 9978 26978 18064 4571 6139 4103 15641 2488 9843 163376 29614 25482 29688 8388 1955 4220 20030 50940 9084
internal_value=1.03627e-06 -0.00130456 -0.00194606 0.000949484 -0.000514228 0.00132881 -0.00258005 -0.00292534 0.00192136 0.000546615 0.000395552 -0.00262223 0.00154897 0.00124853 -0.0017123 0.00223571 0.00276024 0.00133508 0.00149067 0.0011794 0.00326937 0.000546665 -0.00427169 -0.00446076 -0.00468773 -0.00486898 0.000357399 0.000862945 -0.00255113 0.00254464 -0.00448459 0.000680995 -0.00245879 -0.00269696 -0.00308986 -0.00362386 -0.0022997 0.00141442 -0.00540596 -0.00555495 -0.00599971 -0.00483264 0.000598934 0.000783766 -0.000508007 0.00144936 -0.00509574 -0.00567433 0.0017052 0.00200825 0.00264063 0.00307806 0.000698722 0.00303895 -0.00196218 0.000831691 0.00210178 0.00224462 -0.000575772 0.0022259 0.00210582 0.0030084
internal_weight=1.75024e+06 736456 592195 1.01378e+06 181741 144261 410454 283403 110029 606319 516423 231324 407461 73395 76538 96768 59933 310693 256923 170222 36634 442430 52079 49091 45619 43264 105203 52311 35205 56338 18663 352797 212661 135080 67912 36344 67168 89896 29464 28324 21587 9524 318754 189781 73993 34043 14428 10710 16036 31890 16249 13761 173745 36273 47353 59340 86701 11933 34232 78313 70970 14055
internal_count=1750236 736456 592195 1013780 181741 144261 410454 283403 110029 606319 516423 231324 407461 73395 76538 96768 59933 310693 256923 170222 36634 442430 52079 49091 45619 43264 105203 52311 35205 56338 18663 352797 212661 135080 67912 36344 67168 89896 29464 28324 21587 9524 318754 189781 73993 34043 14428 10710 16036 31890 16249 13761 173745 36273 47353 59340 86701 11933 34232 78313 70970 14055
is_linear=0
shrinkage=0.05


Tree=9
num_leaves=63
num_cat=0
split_feature=2 3 34 3 3 32 32 32 34 3 7 32 3 39 31 32 0 3 34 18 0 18 0 32 0 34 33 0 2 35 40 18 39 31 35 35 0 0 2 32 34 31 2 31 39 3 31 34 35 34 0 40 3 0 37 35 38 0 35 32 32 40
split_gain=782.397 665.819 88.3878 50.3054 58.8666 39.3275 37.3708 28.6939 27.7496 26.3108 25.4549 21.6062 18.2002 16.2644 15.6382 15.7609 14.4792 14.0194 21.0846 12.9734 17.718 12.0034 11.687 11.5913 10.723 10.5668 10.6214 9.40133 9.35252 8.98383 8.82483 8.30264 8.39671 7.9476 7.88949 7.74308 8.83431 6.77267 6.67033 6.42114 9.40947 6.41387 6.29135 5.66729 5.61194 5.20869 4.93333 4.89777 4.87016 4.78286 4.74939 4.58051 4.52696 4.27245 4.18596 4.08162 4.01597 4.00513 4.38493 4.28256 4.14366 3.99999
threshold=0.99500000000000011 6455.0500000000011 1.0000000180025095e-35 8470.6000000000022 6708.9500000000016 1.0000000180025095e-35 1.5000000000000002 1.5000000000000002 4.5000000000000009 6237.3000000000002 8.9000000000000021 1.0000000180025095e-35 7839.1000000000013 40.468411694024446 3.5000000000000004 2.5000000000000004 151997.2635658581 6276.8000000000002 1.0000000180025095e-35 57959.500000000007 181280.83056974891 35178.000000000007 91206.655099362353 1.5000000000000002 244341.19678030553 1.0000000180025095e-35 1.0000000180025095e-35 205250.58759149702 1.1200000000000003 1.0000000180025095e-35 56.281063811372022 79835.500000000015 29.447328968923468 4.5000000000000009 1.5000000000000002 1.0000000180025095e-35 110726.09788494302 518151.41390140104 0.97000000000000008 2.5000000000000004 3.5000000000000004 2.5000000000000004 0.085000000000000006 6.5000000000000009 24.412714878614981 8942.4000000000015 3.5000000000000004 6.5000000000000009 1.0000000180025095e-35 1.5000000000000002 97249.082666549933 49.567287307673801 11761.400000000003 131755.01542722576 1.0000000180025095e-35 3.5000000000000004 75.928470690053317 216396.7946049906 1.0000000180025095e-35 2.5000000000000004 5.5000000000000009 26.707349963244919
decision_type=2 2 2 2 2 2 2 2 2 2 2 2 2 2 2 2 2 2 2 2 2 2 2 2 2 2 2 2 2 2 2 2 2 2 2 2 2 2 2 2 2 2 2 2 2 2 2 2 2 2 2 2 2 2 2 2 2 2 2 2 2 2
left_child=2 5 11 4 24 17 8 10 13 23 22 19 16 33 15 29 -8 18 41 20 21 -1 -4 56 -3 -18 37 55 -5 -13 -10 32 -24 35 -19 -6 46 39 48 40 -27 -2 49 -26 -23 -12 -37 -32 -34 -9 -31 -41 -22 -46 -35 -15 -7 60 -59 -60 -25 -20
right_child=1 3 7 28 6 9 12 42 30 -11 45 14 -14 27 -16 -17 25 34 61 -21 52 44 31 57 43 26 -28 -29 -30 50 47 -33 38 54 -36 36 -38 -39 -40 51 -42 -43 -44 -45 53 -47 -48 -49 -50 -51 -52 -53 -54 -55 -56 -57 -58 58 59 -61 -62 -63
leaf_value=0.0027328470179058669 0.00095752902101205173 -0.0005559410626196444 0.0012531169501356712 -0.00037183748909508195 -0.0026884491858900615 0.0020242920815266487 -0.0023294535028754739 0.002508599737156266 -0.0053562703425296997 0.0010330424759245045 -0.0010364054222494854 0.0015684758820104759 -0.00256616911209022 -0.0017600273475407502 0.0013131479306478506 0.0058320333676345343 -0.0012304035528461006 0.00030449399125376405 0.0037275390495666513 0.00056206788568439634 0.0021999876512919735 0.0019928177961790272 0.0010808691650619614 0.004535556966507189 -0.0013019032797578786 -0.0022189935930738932 -0.0010952931602922298 -0.0024138387696808587 -0.0014604514495500061 0.0015928137359612186 -0.0042464219214211627 -0.00010343721556059481 0.00053606337933098419 -0.0023271586014867256 -0.0015760454651291807 -0.0027757910020607904 -0.0036194594891942483 -0.0039123587247133895 0.0017984580468438612 -0.0041469601062447559 -0.00555642754715132 -0.00027968488513172674 0.0010335580477150276 -0.0028078722547559415 0.00073570419204974709 -0.00016482686413912931 -0.0075117798451535727 -0.0024677078725863014 9.5297458286265591e-05 0.0012837146470766987 0.0031399334362026028 -0.006605385220661013 0.0011511642329191966 0.0012786173001805041 -0.0041810259908822943 -0.00042080718903263052 0.0033236506886514883 0.0042804460520334793 0.0030434801393301857 -0.0021328116586603846 0.007750730720235622 0.0021278067712080339
leaf_weight=11080 52671 41334 48335 25706 17875 17725 7654 16249 8380 27680 26978 20065 22535 95711 36835 3595 2051 43572 5854 53770 66930 13964 56950 3948 17767 2979 1723 76574 84864 5930 7611 61681 166550 49621 6396 698 13624 8589 8433 2244 7256 13076 58006 9635 93704 47015 2591 7874 100481 15641 30343 12172 12157 59088 3244 6049 8949 5240 1315 574 1343 11752
leaf_count=11080 52671 41334 48335 25706 17875 17725 7654 16249 8380 27680 26978 20065 22535 95711 36835 3595 2051 43572 5854 53770 66930 13964 56950 3948 17767 2979 1723 76574 84864 5930 7611 61681 166550 49621 6396 698 13624 8589 8433 2244 7256 13076 58006 9635 93704 47015 2591 7874 100481 15641 30343 12172 12157 59088 3244 6049 8949 5240 1315 574 1343 11752
internal_value=9.84455e-07 -0.00123934 0.000902009 -0.00215759 -0.00240435 0.00122208 -0.0026623 0.000519284 -0.00241599 0.00221256 0.000375775 0.00147152 -0.00372463 -0.00226945 0.00212392 0.00262223 -0.00430908 0.000725999 0.00112298 0.00126832 0.00141613 0.00113924 0.000519332 0.00304771 -0.00106442 -0.00471844 -0.00492306 -0.00199534 -0.00120736 0.00241741 -0.00404927 0.000429335 0.000528193 -0.00282714 6.37813e-05 -0.00341405 -0.00418093 -0.00512147 0.000413932 -0.00554275 -0.00458503 0.000711467 0.0013437 -0.00183143 0.00103335 -0.000482606 -0.0065067 -0.00334196 0.000370208 0.00190783 0.00288701 -0.00622271 0.00203877 0.000945661 -0.00244092 -0.00168042 0.00246022 0.00430943 0.00353591 0.00147059 0.00535166 0.00265972
internal_weight=1.75024e+06 736456 1.01378e+06 536361 425791 200095 357055 606319 289852 66774 516423 407461 67203 265987 96768 59933 44668 133321 83353 310693 256923 177836 442430 39094 68736 37014 34963 178334 110570 56338 23865 394095 332414 87653 49968 34788 16913 33240 275464 24651 10235 65747 89896 27402 166756 73993 3289 15485 267031 31890 36273 14416 79087 152792 52865 101760 26674 12420 7129 1889 5291 17606
internal_count=1750236 736456 1013780 536361 425791 200095 357055 606319 289852 66774 516423 407461 67203 265987 96768 59933 44668 133321 83353 310693 256923 177836 442430 39094 68736 37014 34963 178334 110570 56338 23865 394095 332414 87653 49968 34788 16913 33240 275464 24651 10235 65747 89896 27402 166756 73993 3289 15485 267031 31890 36273 14416 79087 152792 52865 101760 26674 12420 7129 1889 5291 17606
is_linear=0
shrinkage=0.05


Tree=10
num_leaves=63
num_cat=0
split_feature=34 1 5 6 5 7 5 38 7 7 18 39 36 7 35 35 39 31 34 34 35 28 6 5 28 31 5 34 39 39 29 31 36 36 34 40 34 18 34 5 39 34 31 34 40 7 36 34 34 37 39 37 31 35 40 35 5 31 31 40 35 27
split_gain=522.884 532.772 171.652 109.721 54.8599 45.0145 38.9458 44.4084 35.1356 31.9817 26.7926 25.6244 23.5196 21.2552 18.1967 17.4653 16.5002 12.793 21.3092 12.4166 10.6561 9.50542 9.40284 10.0762 7.9297 7.41232 9.65499 7.38995 7.49935 7.20542 7.46099 6.93 6.90844 6.60591 6.55619 6.38583 6.27005 6.0485 6.01761 5.77179 6.43059 5.57391 5.43041 5.71802 5.36271 5.23556 5.10474 4.66775 4.63819 4.56964 4.4861 4.26774 4.1246 4.17152 3.94146 3.84549 3.51542 3.51124 3.50769 3.43135 3.42951 4.13877
threshold=1.0000000180025095e-35 4.6450000000000005 145.56150000000005 193.40000000000001 161.13950000000003 8.9000000000000021 139.22350000000003 81.446038550989513 8.9000000000000021 9.3500000000000032 50574.500000000007 21.054035606181841 2.5000000000000004 4.8500000000000005 1.0000000180025095e-35 1.0000000180025095e-35 27.257703399610858 4.5000000000000009 2.5000000000000004 4.5000000000000009 2.5000000000000004 30.950000000000003 180.55000000000004 147.54450000000003 42.650000000000013 6.5000000000000009 173.01950000000002 1.5000000000000002 37.560203700234517 85.910627317651247 66.908460416316586 2.5000000000000004 3.5000000000000004 1.0000000180025095e-35 5.5000000000000009 42.882672452388988 6.5000000000000009 32971.000000000007 1.5000000000000002 109.49550000000001 71.490277196988856 1.5000000000000002 11.500000000000002 4.5000000000000009 64.380892341317221 5.8500000000000005 1.5000000000000002 7.5000000000000009 2.5000000000000004 1.0000000180025095e-35 53.941762837796283 1.0000000180025095e-35 7.5000000000000009 1.0000000180025095e-35 43.188630049126694 1.0000000180025095e-35 153.89800000000002 2.5000000000000004 14.500000000000002 54.379662792562577 4.5000000000000009 38.550000000000004
decision_type=2 2 2 2 2 2 2 2 2 2 2 2 2 2 2 2 2 2 2 2 2 2 2 2 2 2 2 2 2 2 2 2 2 2 2 2 2 2 2 2 2 2 2 2 2 2 2 2 2 2 2 2 2 2 2 2 2 2 2 2 2 2
left_child=6 9 5 8 -5 35 7 11 12 16 37 44 14 42 17 50 21 54 46 -14 25 32 23 -12 29 27 36 28 -16 30 -18 59 -2 39 41 -3 -27 -8 -15 -17 57 58 43 -6 -1 51 -19 -36 -37 -28 -13 52 53 -24 -4 -46 -54 -41 -32 -9 61 -34
right_child=1 2 3 4 13 -7 10 31 -10 -11 22 15 19 38 20 33 24 18 -20 -21 -22 -23 45 -25 -26 26 49 -29 -30 -31 34 -33 60 -35 47 48 -38 -39 -40 40 -42 -43 -44 -45 55 -47 -48 -49 -50 -51 -52 -53 56 -55 -56 -57 -58 -59 -60 -61 -62 -63
leaf_value=0.0023873159431440491 0.0017094511122235406 0.0033512564880670997 -0.0024992265368768943 0.0016814196730757678 -0.001764052398109923 -0.00031141012286582627 0.0027213539440544433 0.0036342838199870959 -0.0016624021376260578 -0.00086664743874119692 0.00079842209088831306 0.0010938710764426631 -0.0018631834365348534 -0.00098362490391402913 -0.0044187278392780792 0.0033264759333995345 0.0010453160331749852 -0.00049810070190369014 -0.0018619781504598618 -0.004792451437169303 -0.0024118205808029637 0.00029956195572988645 0.00073510335950903276 -0.0017197326244891451 -0.00013400132828294211 -0.0037578813201418204 -0.0049276125946908101 -0.0013603007437289014 -0.0028948953129777628 0.0010599646051654556 0.00045200922919276548 0.0039596714701810977 0.0018076067428364564 0.0012173152675998386 0.0014787279463979539 0.0014650388203356543 -0.0015405054597584524 0.0014589801321211206 -4.2665381474367366e-05 0.0012456741435861885 0.0029626261939752745 5.1410325740758888e-05 -0.0045202469257979334 -0.0040550760131781967 0.0046361287371198953 0.002164068383433416 -0.00549076717380794 -2.0162862767249219e-05 0.0042426445761930918 -0.0014206386811819554 0.00053981229168143571 -0.00063433930810532461 0.0025578320889499523 0.00017747065556794647 -0.0017265062025047238 0.001739541705050593 0.00093844980835425186 0.0027148891766081004 0.0017465405712304958 0.0023757143875565183 0.0029303094664464113 -8.0715140630858347e-05
leaf_weight=23764 56703 9678 33364 20472 31983 41324 11905 6834 123544 41410 6876 111422 82276 47080 12602 9083 43979 542 9197 3784 20565 24160 80552 9408 52114 15218 23559 4851 22471 53804 126836 14160 3799 27378 20026 15190 4033 46753 26586 22211 10680 138255 2200 2977 5171 5192 9242 7013 1668 967 54357 7254 4091 57463 32654 1472 18536 4978 5458 26094 1418 12286
leaf_count=23764 56703 9678 33364 20472 31983 41324 11905 6834 123544 41410 6876 111422 82276 47080 12602 9083 43979 542 9197 3784 20565 24160 80552 9408 52114 15218 23559 4851 22471 53804 126836 14160 3799 27378 20026 15190 4033 46753 26586 22211 10680 138255 2200 2977 5171 5192 9242 7013 1668 967 54357 7254 4091 57463 32654 1472 18536 4978 5458 26094 1418 12286
internal_value=1.60199e-07 -0.000596731 -0.0016472 -0.00195027 -0.000696565 0.000720534 0.00125095 0.00161759 -0.00236295 0.000472998 0.000781461 0.00137092 -0.00267731 -0.00113583 -0.00298893 0.00119774 0.000574627 -0.00244593 -0.00358992 -0.00199198 -0.00343158 0.00116096 0.000492239 -0.000656429 0.00044574 -0.00368214 -0.00413148 -0.00318943 -0.00344242 0.000522156 0.00043744 0.00303469 0.00144141 0.00183459 0.000347605 0.00232756 -0.00329335 0.00171519 -0.000644033 0.00219453 0.00192303 0.000273412 -0.00211077 -0.00195914 0.00273839 0.000600305 -0.00521419 0.00108997 0.00173987 -0.00478934 0.000912202 0.000551947 0.000605516 0.000502931 -0.00211702 0.00399428 0.00123124 0.00151467 0.000505417 0.00263692 0.00057308 0.000365274
internal_weight=1.75092e+06 1.18529e+06 598027 530167 131298 67860 565634 317604 398869 587261 248030 270516 275325 110826 189265 240109 545851 84999 18981 86060 104266 98366 189372 16284 447485 83701 43777 39924 35073 395371 341567 47088 74206 74330 297588 26536 19251 58658 73666 46952 37869 270549 37160 34960 30407 173088 9784 27039 16858 24526 165779 167896 160642 138015 66018 6643 22627 27189 132294 32928 17503 16085
internal_count=1750922 1185288 598027 530167 131298 67860 565634 317604 398869 587261 248030 270516 275325 110826 189265 240109 545851 84999 18981 86060 104266 98366 189372 16284 447485 83701 43777 39924 35073 395371 341567 47088 74206 74330 297588 26536 19251 58658 73666 46952 37869 270549 37160 34960 30407 173088 9784 27039 16858 24526 165779 167896 160642 138015 66018 6643 22627 27189 132294 32928 17503 16085
is_linear=0
shrinkage=0.05


Tree=11
num_leaves=63
num_cat=0
split_feature=2 3 34 3 32 3 32 3 32 7 34 34 39 1 35 3 39 0 0 18 32 34 33 35 0 18 39 2 31 36 36 0 34 34 31 34 0 35 5 35 35 0 32 0 0 0 31 3 0 18 0 19 0 7 32 5 3 34 36 3 32 36
split_gain=639.51 546.091 71.9302 45.9154 41.9052 40.7575 35.772 27.3369 24.7778 25.1454 21.3363 19.0143 18.9613 14.0648 13.5562 13.5333 13.4702 11.4705 11.1684 10.468 9.8968 9.58404 9.35801 8.2979 8.11581 7.75847 7.79367 7.57783 7.14388 7.01425 7.00002 6.96333 7.87265 9.26265 6.46041 6.12637 13.5092 5.9775 5.87273 6.55709 5.84592 7.7623 5.81868 5.72782 5.63535 5.28661 5.19875 5.17759 5.03493 6.97201 6.44872 5.94292 5.01453 4.91563 4.71765 4.71247 4.55134 4.40288 4.38902 4.36696 4.25781 4.22745
threshold=0.99500000000000011 6495.3500000000013 1.0000000180025095e-35 8470.6000000000022 1.5000000000000002 6304.4500000000016 1.0000000180025095e-35 6762.0000000000009 2.5000000000000004 8.7500000000000018 4.5000000000000009 1.0000000180025095e-35 30.360267293267537 5.6700000000000008 1.0000000180025095e-35 11761.400000000003 43.319880796083886 96292.014552596447 136166.92614830044 57959.500000000007 1.5000000000000002 1.0000000180025095e-35 1.0000000180025095e-35 1.5000000000000002 168932.01955585621 79276.500000000015 29.447328968923468 1.1200000000000003 1.5000000000000002 3.5000000000000004 5.5000000000000009 486911.16074045311 2.5000000000000004 3.5000000000000004 4.5000000000000009 1.5000000000000002 220912.11111873263 1.0000000180025095e-35 166.64000000000001 1.0000000180025095e-35 1.0000000180025095e-35 110726.09788494302 1.0000000180025095e-35 95333.484160635562 257656.0757848623 96292.014552596447 3.5000000000000004 8942.4000000000015 138728.7003751903 57959.500000000007 277557.63017067849 113350.00000000001 213584.04886002804 4.8500000000000005 2.5000000000000004 141.57900000000004 4952.9500000000016 1.5000000000000002 2.5000000000000004 9610.4500000000025 2.5000000000000004 2.5000000000000004
decision_type=2 2 2 2 2 2 2 2 2 2 2 2 2 2 2 2 2 2 2 2 2 2 2 2 2 2 2 2 2 2 2 2 2 2 2 2 2 2 2 2 2 2 2 2 2 2 2 2 2 2 2 2 2 2 2 2 2 2 2 2 2 2
left_child=2 5 12 4 7 6 11 44 9 17 16 28 19 -6 48 45 34 -4 -15 42 58 -20 30 38 -18 26 -19 -5 -2 35 31 32 54 -34 40 36 43 59 -12 -40 -9 -42 -1 -10 -3 -16 60 -11 51 50 -50 -14 -22 -35 -23 -13 -47 -7 -8 -28 -44 -49
right_child=1 3 8 27 13 57 20 10 29 47 23 55 14 18 15 -17 24 25 21 -21 52 22 -24 -25 -26 -27 37 -29 -30 -31 -32 -33 33 53 -36 -37 -38 -39 39 -41 41 -43 46 -45 -46 56 -48 61 49 -51 -52 -53 -54 -55 -56 -57 -58 -59 -60 -61 -62 -63
leaf_value=0.0019565999954285688 0.0010551992044673234 -0.00068518114670381011 0.0011517656841974406 -0.0003352093561954484 -0.0021270482066138947 -0.00014615959829595264 0.0023307495669568907 -0.0024828999857619983 0.0058413042890879474 -0.00095559820982858918 -0.0031701649371748894 0.0031461888046649998 0.0014879862487122419 -0.0018699678150833458 0.0010067460184000399 0.00069866855919399596 -0.0013976550906617876 0.0010367409193351262 -0.0010492442971265742 0.00046899898994913968 0.0047988996766124246 -0.0032146832929995078 -0.0010109243928484149 -0.0019061248050436927 -0.0021143374168049464 -8.7798763127273316e-05 0.0017186122942911466 -0.001317618515153508 6.0717210914741931e-05 -0.00019299288442693437 -0.00021258045771061675 -0.003399311836217331 -0.00051202604926451018 -0.0055171597199444268 -0.0022114582916362064 0.00092442035554430972 0.0012668114341918592 8.5396074973401057e-05 -0.0027616133482173616 -0.0057432397861930384 -0.0059227627289711099 -0.0032237596886944366 0.0031486433690619182 0.0028855525235722958 -0.0017096565177143698 0.003197788882078978 0.0017338666070478169 0.0002888017313613687 0.0012137578422746656 0.00062222224484192611 0.0022929696279364057 0.00051512428964210928 0.0029338110905968544 -0.0034108120174793834 -0.0058133238491719953 0.0016312303576898708 0.0020286973855705714 0.00076704070896946427 0.00036605040063530925 0.00051885001111044845 0.0056267051140893309 -0.00056638558564287087
leaf_weight=40364 35693 39500 60859 25511 18525 58346 28462 20621 1945 29297 7897 8730 19476 7110 10418 25602 69994 58330 2614 8856 6102 1969 2239 5148 90676 64384 7935 85135 36551 5878 1010 11889 1754 5328 55575 19527 20972 97386 2456 7399 3266 14451 13047 10420 20333 10047 5968 28843 84001 41636 16573 80918 8803 5769 15457 12459 48571 17058 3158 171721 1999 28961
leaf_count=40364 35693 39500 60859 25511 18525 58346 28462 20621 1945 29297 7897 8730 19476 7110 10418 25602 69994 58330 2614 8856 6102 1969 2239 5148 90676 64384 7935 85135 36551 5878 1010 11889 1754 5328 55575 19527 20972 97386 2456 7399 3266 14451 13047 10420 20333 10047 5968 28843 84001 41636 16573 80918 8803 5769 15457 12459 48571 17058 3158 171721 1999 28961
internal_value=1.52189e-07 -0.00112067 0.00081483 -0.0019952 -0.0022386 0.000997537 0.00150242 -0.00200266 0.000469629 0.000364965 -0.00221168 0.000938343 0.0013286 -0.003319 0.00117295 0.00168051 -0.00208018 0.000512286 -0.00371946 0.002076 0.00263521 -0.00399326 -0.00416271 -0.00367355 -0.00180212 0.000414931 0.000511444 -0.00109111 0.000552053 0.00144553 -0.00432615 -0.00442468 -0.00482732 -0.00388845 -0.0025559 0.00162771 0.00203967 0.000400845 -0.00418609 -0.00500018 -0.0030552 -0.0037213 0.00230786 0.00335049 -0.00103333 0.00204462 0.00298258 -0.000414109 0.000974955 0.00116634 0.00139159 0.000703855 0.00369736 -0.00442213 -0.0055197 0.0022554 0.00222908 6.04259e-05 0.00213453 0.000571841 0.00347788 -0.000139665
internal_weight=1.75092e+06 736988 1.01393e+06 521626 410980 215362 139958 337316 606458 547716 277483 93433 407476 73664 337242 94638 254583 460615 55139 70234 46525 48029 45415 22900 160670 399756 335372 110646 72244 58742 43176 42166 30277 12851 93913 52864 33337 277042 17752 9855 38338 17717 61378 12365 59833 69036 21014 87101 242604 142210 100574 100394 14905 11097 17426 21189 58618 75404 31620 179656 15046 57804
internal_count=1750922 736988 1013934 521626 410980 215362 139958 337316 606458 547716 277483 93433 407476 73664 337242 94638 254583 460615 55139 70234 46525 48029 45415 22900 160670 399756 335372 110646 72244 58742 43176 42166 30277 12851 93913 52864 33337 277042 17752 9855 38338 17717 61378 12365 59833 69036 21014 87101 242604 142210 100574 100394 14905 11097 17426 21189 58618 75404 31620 179656 15046 57804
is_linear=0
shrinkage=0.05


Tree=12
num_leaves=63
num_cat=0
split_feature=2 3 34 3 3 32 32 32 34 3 7 32 3 39 31 32 0 35 18 0 18 18 32 0 0 34 35 3 34 3 3 28 38 31 35 0 20 39 36 34 0 0 3 34 34 39 5 35 31 36 36 34 35 39 0 5 39 37 3 36 34 3
split_gain=577.158 492.993 64.917 37.3024 43.7831 32.3911 28.3113 22.7362 20.4965 19.6344 19.487 17.6804 14.0585 12.794 12.4923 12.6723 11.8361 11.1587 9.84233 12.4547 10.036 9.83214 9.06659 8.64077 8.31681 7.99139 7.54832 7.50076 15.2156 6.83899 6.75951 6.60321 6.52718 5.98879 7.57968 7.45082 5.92244 5.78026 5.72786 7.12264 11.727 5.53249 5.46903 5.37332 7.68239 5.29665 5.05101 6.20084 4.97964 4.78496 4.75423 4.62783 4.6213 4.55359 4.49035 4.45952 4.00598 3.82895 3.7065 3.70253 3.64605 6.21435
threshold=0.99500000000000011 6455.0500000000011 1.0000000180025095e-35 8470.6000000000022 6708.9500000000016 1.0000000180025095e-35 1.5000000000000002 1.5000000000000002 4.5000000000000009 6276.8000000000002 8.7500000000000018 1.0000000180025095e-35 7798.5000000000009 44.387866084662029 3.5000000000000004 2.5000000000000004 178021.0706554307 1.5000000000000002 68448.500000000015 193686.2950192501 36749.500000000007 42718.000000000007 1.5000000000000002 235591.79623939961 225582.90828026735 1.0000000180025095e-35 1.5000000000000002 6114.4500000000016 1.0000000180025095e-35 8806.1000000000022 11761.400000000003 44.650000000000013 79.86120723680925 5.5000000000000009 1.0000000180025095e-35 106450.39140784591 716.50000000000011 21.970482063676375 7.5000000000000009 1.5000000000000002 143076.44749045459 590847.46477250278 9660.2000000000025 2.5000000000000004 3.5000000000000004 48.867116957418695 163.46950000000001 1.0000000180025095e-35 6.5000000000000009 2.5000000000000004 3.5000000000000004 6.5000000000000009 1.0000000180025095e-35 54.405096299323041 124112.91938260027 142.10600000000002 35.733870433106716 1.0000000180025095e-35 7019.4500000000007 2.5000000000000004 1.0000000180025095e-35 6427.6500000000005
decision_type=2 2 2 2 2 2 2 2 2 2 2 2 2 2 2 2 2 2 2 2 2 2 2 2 2 2 2 2 2 2 2 2 2 2 2 2 2 2 2 2 2 2 2 2 2 2 2 2 2 2 2 2 2 2 2 2 2 2 2 2 2 2
left_child=2 5 11 4 23 17 8 10 13 22 21 18 16 33 15 32 -8 27 19 20 -1 36 59 -3 58 -18 46 28 -2 -5 -21 37 45 34 -6 -36 -4 -23 39 40 53 43 -41 50 -45 -13 -10 -48 -25 -12 -27 -28 -39 -9 -22 -42 -56 -35 -15 -7 -29 -62
right_child=1 3 7 29 6 9 12 38 26 -11 49 14 -14 24 -16 -17 25 -19 -20 30 54 31 -24 48 -26 41 51 60 -30 -31 -32 -33 -34 57 35 -37 -38 52 -40 42 55 -43 -44 44 -46 -47 47 -49 -50 -51 -52 -53 -54 -55 56 -57 -58 -59 -60 -61 61 -63
leaf_value=0.0022917698569970006 0.00081680090814120136 -0.00043131061575461046 0.00049812582556900636 -0.0012517375967590718 -0.002215928361682269 0.0022936616811707138 -0.0022588955217286094 0.0052828986691453115 -0.0028919203435798266 0.00084937085530943266 3.1667459058691173e-06 0.0025126160921070634 -0.0022440993651545683 -0.00083725540273387388 0.0011279999752658754 0.0051623548872500452 -0.0010673646186387558 -0.0006494105205151284 0.00024826776286763 0.001977393647197265 0.00061959369691409587 0.0010432443950335593 0.0036996024064134578 -0.0010893036839335431 -0.0021510394661139369 -0.0054571195217168258 -0.0036778224924764523 -3.2800952497674485e-06 0.0030122180874665337 -0.00031844887926600726 0.00088145247040910014 -0.00014580625906092802 0.0030647777726382115 -0.0018375440260785737 -0.0051765494538404001 -0.0029652001950501803 0.0015901099413446957 0.00053698730154518135 -0.00028643753358636683 -0.00018230124738871127 0.002332324868376394 -0.0030883507468282127 0.0011541429785854977 -0.00049061774153900126 -0.0044185061690653277 0.0013659063883132247 -0.0025911975908311205 -0.0052682736176470589 -0.0024676016686834053 -0.00076690428600596284 -7.6428907453954584e-05 -0.00067071494806367129 0.0001327711007920972 0.0026333900570349499 0.0019405724553050595 0.00099299621604668521 0.00098527252952276541 -0.0036334834036040107 -0.001562299349864162 0.0002922696473793873 0.0013492787825487909 -9.5320239140863093e-05
leaf_weight=13357 47044 39703 22243 85135 31905 25821 10130 2698 6927 25164 39024 16399 23991 22434 36770 3630 1903 15698 32012 58619 90507 36382 13231 18887 58554 15103 2086 30314 9483 25511 18513 54390 13663 42969 4680 20471 28107 176692 6203 9626 8792 6349 37387 1483 7752 26093 2883 8662 10035 41758 422 3309 117885 4065 12594 21206 85319 3188 82262 2538 18506 12455
leaf_count=13357 47044 39703 22243 85135 31905 25821 10130 2698 6927 25164 39024 16399 23991 22434 36770 3630 1903 15698 32012 58619 90507 36382 13231 18887 58554 15103 2086 30314 9483 25511 18513 54390 13663 42969 4680 20471 28107 176692 6203 9626 8792 6349 37387 1483 7752 26093 2883 8662 10035 41758 422 3309 117885 4065 12594 21206 85319 3188 82262 2538 18506 12455
internal_value=1.4458e-07 -0.00106463 0.000774088 -0.00185453 -0.00206694 0.00105251 -0.00228902 0.000446148 -0.00207504 0.00195178 0.000318366 0.00126217 -0.00321438 -0.00194931 0.00185319 0.00229921 -0.00375395 0.00060284 0.00107863 0.00117394 0.000967359 0.000450612 0.0026188 -0.00091017 -0.00167383 -0.00421271 -0.00347877 0.000769711 0.00118511 -0.00103655 0.00171435 0.000364755 0.00211413 -0.00238504 -0.0027276 -0.00337668 0.00110771 0.000448661 0.00117963 0.00128818 0.00180956 -0.00440512 0.000880504 -0.00474277 -0.00378775 0.00180846 -0.00395932 -0.00459976 -0.00156753 -0.0003949 -0.00531086 -0.00183343 0.000375226 0.00369037 0.000873472 0.00138553 0.00110815 -0.00196159 -0.00140694 0.00211455 0.000386505 0.000768145
internal_weight=1.75092e+06 736988 1.01393e+06 536734 426088 200254 357463 606458 290330 66754 516481 407476 67133 266463 96555 59785 43142 133500 310921 278909 201777 435699 41590 68625 163250 33012 23867 117802 56527 110646 77132 385349 56155 103213 57056 25151 50350 330959 89977 83774 36761 31109 47013 24760 9235 42492 18472 11545 28922 80782 15525 5395 294577 6763 188420 29998 97913 46157 104696 28359 61275 30961
internal_count=1750922 736988 1013934 536734 426088 200254 357463 606458 290330 66754 516481 407476 67133 266463 96555 59785 43142 133500 310921 278909 201777 435699 41590 68625 163250 33012 23867 117802 56527 110646 77132 385349 56155 103213 57056 25151 50350 330959 89977 83774 36761 31109 47013 24760 9235 42492 18472 11545 28922 80782 15525 5395 294577 6763 188420 29998 97913 46157 104696 28359 61275 30961
is_linear=0
shrinkage=0.05


Tree=13
num_leaves=63
num_cat=0
split_feature=2 3 34 3 32 3 32 3 32 7 34 39 34 28 35 3 39 33 36 0 7 40 3 35 39 31 36 34 0 3 38 2 35 0 31 36 0 39 0 18 0 18 31 31 0 40 0 0 39 6 32 3 36 38 34 32 40 18 33 6 13 31
split_gain=520.885 445.528 58.5876 38.1557 37.8201 33.6424 29.0794 23.9142 20.5194 17.5871 17.3188 16.0856 15.6163 12.0632 11.6204 11.4116 10.224 9.70269 10.1063 9.05825 8.79399 8.45272 7.6565 6.97688 6.52798 6.28051 5.93478 5.93209 5.92946 5.91626 5.8434 8.80603 5.68801 5.60464 5.5108 6.09129 6.30853 5.49238 5.22249 5.11255 5.10239 6.63789 5.09727 5.26828 6.47138 4.76263 4.55659 4.44994 4.44799 4.44534 4.66205 4.3774 4.31843 4.19729 4.06009 4.05495 3.99168 3.97945 3.949 3.91556 3.86443 3.82224
threshold=0.99500000000000011 6495.3500000000013 1.0000000180025095e-35 8460.4500000000025 1.5000000000000002 6304.4500000000016 1.0000000180025095e-35 6788.1000000000013 1.5000000000000002 8.7500000000000018 4.5000000000000009 31.869457636723848 1.0000000180025095e-35 29.750000000000004 1.0000000180025095e-35 11761.400000000003 40.468411694024446 1.0000000180025095e-35 5.5000000000000009 91206.655099362353 4.7500000000000009 49.567287307673801 8633.8000000000011 1.5000000000000002 5.1522609290423373 2.5000000000000004 1.0000000180025095e-35 1.0000000180025095e-35 225582.90828026735 9610.4500000000025 79.86120723680925 0.97000000000000008 1.0000000180025095e-35 183457.85846582896 8.5000000000000018 1.5000000000000002 400200.47553710593 51.039998038112891 486911.16074045311 100241.00000000001 124112.91938260027 38717.500000000007 4.5000000000000009 3.5000000000000004 107350.76582284849 50.963765700830294 98207.391301986616 394622.83832035202 15.131980675403105 179.30000000000004 5.5000000000000009 4952.9500000000016 2.5000000000000004 86.201078955921687 1.5000000000000002 2.5000000000000004 60.056590416056515 45966.000000000007 1.0000000180025095e-35 183.50000000000003 -0.44 13.500000000000002
decision_type=2 2 2 2 2 2 2 2 2 2 2 2 2 2 2 2 2 2 2 2 2 2 2 2 2 2 2 2 2 2 2 2 2 2 2 2 2 2 2 2 2 2 2 2 2 2 2 2 2 2 2 2 2 2 2 2 2 2 2 2 2 2
left_child=2 5 11 4 7 6 12 32 9 19 16 13 25 40 30 46 42 18 20 -4 27 48 -5 45 -21 56 -22 -6 -18 -26 -13 -32 47 -29 60 61 -37 -10 -35 57 41 -1 43 -9 -45 -12 -16 -3 -8 50 -23 -48 -11 -53 -7 -24 -2 -31 -42 -14 -28 -36
right_child=1 3 8 22 17 54 21 10 37 52 23 14 59 -15 15 -17 28 -19 -20 24 26 49 55 -25 29 -27 34 33 -30 39 31 -33 -34 38 35 36 -38 -39 -40 -41 58 -43 -44 44 -46 -47 51 -49 -50 -51 -52 53 -54 -55 -56 -57 -58 -59 -60 -61 -62 -63
leaf_value=0.0029300681977198605 0.00043114564547806788 -0.00028134658027659649 0.0010817684763105519 -0.0012979397837308349 -0.0009354634347813267 -0.00014792327727730919 0.0030368648505110906 -0.0022228214838851861 0.001564973247826164 3.008407263063511e-06 -0.0052496688143606344 0.00076745980628839408 0.0028575412985171918 0.00051272624883941221 0.00092281278778114865 0.00060891408629690084 -0.0014541990856206249 -0.00085093695875410828 -0.00065015246841998615 0.0012184057556759653 -0.0014644811464901929 0.0032020431512559907 -0.00063859942350074001 -0.0017348791115770425 0.0015639351687130648 -0.00039071846647267019 -0.0057802560939206726 -0.0026085525273831438 -0.0020962887962594936 0.00078336010129250529 0.00072985878591235755 0.0023800030867965304 -0.0014150106829671515 -0.0052435214654592312 -0.00067942323783683699 -0.0040935753241964556 -0.0021127543147474214 0.00077719478079036133 -0.0035686762826948465 -0.00039626341138567205 0.0027106276990174565 0.00098553687573173622 -0.0020672924144034036 -0.0055308525658218505 -0.0030207770712677804 -0.0033667760260921173 0.0029938366958543652 -0.0022378998701103408 0.0012951722379729424 0.0024472319276280696 0.0056723198636701019 0.0016263236346613656 -0.00072855906641113716 0.0028886805580254304 0.00072900818747999156 0.0010087828646735272 0.0013048704884150372 0.00025711455332483974 0.0013603490228621447 0.0014766051590418556 -0.0035048031788015364 -0.0060910723489564916
leaf_weight=6131 36347 27753 47249 102028 1376 58346 4658 14604 39228 39024 4818 206838 8730 13610 10902 24924 97556 4400 3460 20435 5896 7784 29738 4647 9035 15483 2873 4038 56942 40979 17594 14959 35205 13092 4034 9071 7218 50749 7222 26769 33493 15444 45850 3247 12276 11086 9907 3246 17208 14344 2531 39305 41758 7910 17058 4272 20414 291232 6459 12459 5323 355
leaf_count=6131 36347 27753 47249 102028 1376 58346 4658 14604 39228 39024 4818 206838 8730 13610 10902 24924 97556 4400 3460 20435 5896 7784 29738 4647 9035 15483 2873 4038 56942 40979 17594 14959 35205 13092 4034 9071 7218 50749 7222 26769 33493 15444 45850 3247 12276 11086 9907 3246 17208 14344 2531 39305 41758 7910 17058 4272 20414 291232 6459 12459 5323 355
internal_value=1.37349e-07 -0.0010114 0.000735384 -0.00180132 -0.00205532 0.000901851 0.00136055 -0.00182545 0.00042384 0.000302448 -0.0020484 0.00119906 0.000851972 0.00185976 0.00104969 0.00152418 -0.00192438 -0.00312207 -0.00327831 0.000428081 -0.00342862 0.00238189 -0.00108137 -0.0034392 0.00034857 0.000501896 -0.00291007 -0.00412942 -0.00169085 0.00030027 0.00086546 0.00148815 -0.00098012 -0.00430989 -0.00320526 -0.00277037 -0.00321583 0.00112065 -0.00464808 0.000268465 0.00215773 0.00153812 -0.00239927 -0.0029045 -0.00354582 -0.00393718 0.00185953 -0.000486223 0.0016662 0.00301652 0.00380818 0.0020383 -0.000375155 0.00183781 5.04574e-05 -0.000431672 0.000745379 0.000322028 0.00249233 0.00204556 -0.00430243 -0.00111714
internal_weight=1.75092e+06 736988 1.01393e+06 521626 385588 215362 139958 317230 606458 516481 251026 407476 93433 75137 332339 92948 230475 68358 63958 435699 60498 46525 136038 20551 388450 72244 34770 25728 154498 368015 239391 32553 66204 24352 28874 20678 16289 89977 20314 358980 61527 21575 75977 30127 15523 15904 68024 30999 21866 24659 10315 57122 80782 47215 75404 34010 56761 332211 39952 21189 8196 4389
internal_count=1750922 736988 1013934 521626 385588 215362 139958 317230 606458 516481 251026 407476 93433 75137 332339 92948 230475 68358 63958 435699 60498 46525 136038 20551 388450 72244 34770 25728 154498 368015 239391 32553 66204 24352 28874 20678 16289 89977 20314 358980 61527 21575 75977 30127 15523 15904 68024 30999 21866 24659 10315 57122 80782 47215 75404 34010 56761 332211 39952 21189 8196 4389
is_linear=0
shrinkage=0.05


Tree=14
num_leaves=63
num_cat=0
split_feature=3 3 3 38 3 18 39 0 3 0 31 3 39 28 0 20 5 31 3 5 39 0 35 39 0 0 40 40 39 39 35 35 5 31 35 35 33 35 38 0 31 35 31 17 19 31 35 39 0 35 35 40 29 31 3 0 37 7 3 31 0 35
split_gain=339.189 573.045 70.3162 35.7784 34.7584 27.7769 22.2718 17.5531 16.4146 16.1666 12.5536 11.7761 11.3537 10.3253 10.0846 9.98294 8.30758 8.2716 7.31778 7.13495 6.33838 6.29193 6.04301 10.1062 5.95075 5.92419 5.35105 5.02721 4.57312 4.84677 4.43124 6.33883 4.39947 5.95319 12.0725 6.69324 4.39626 4.34071 4.11069 3.95314 3.91302 3.8742 3.79138 3.75911 4.29717 3.61022 3.50466 5.19337 3.57622 3.46086 3.45199 3.21195 3.13118 3.02373 3.00272 2.98398 2.97922 2.99321 2.86401 2.86072 2.8205 4.40841
threshold=6366.0000000000009 8778.7000000000025 6627.0000000000009 75.928470690053317 8454.2500000000018 41484.500000000007 17.120543054756244 203784.04554423681 7271.2000000000016 138728.7003751903 15.500000000000002 9263.1500000000033 28.281628396118492 47.050000000000004 117466.0682353782 698.50000000000011 137.33500000000001 11.500000000000002 7734.5500000000002 140.16300000000004 53.714205897332796 90185.090041409116 1.0000000180025095e-35 73.975409039305973 253672.00931417767 459838.67566565186 64.045862839051225 21.140248319703552 85.910627317651247 36.813074657788469 1.0000000180025095e-35 2.5000000000000004 161.95250000000001 6.5000000000000009 2.5000000000000004 1.0000000180025095e-35 1.0000000180025095e-35 3.5000000000000004 35.999582459526103 76212.427108285498 1.5000000000000002 1.0000000180025095e-35 3.5000000000000004 5070.0000000000009 90750.000000000015 7.5000000000000009 1.0000000180025095e-35 53.382564551629208 261700.68475465282 1.0000000180025095e-35 1.0000000180025095e-35 47.049893107893446 48.006179458340249 2.5000000000000004 6788.1000000000013 383886.49657520495 1.0000000180025095e-35 4.8500000000000005 6443.6000000000013 6.5000000000000009 227204.03761758469 2.5000000000000004
decision_type=2 2 2 2 2 2 2 2 2 2 2 2 2 2 2 2 2 2 2 2 2 2 2 2 2 2 2 2 2 2 2 2 2 2 2 2 2 2 2 2 2 2 2 2 2 2 2 2 2 2 2 2 2 2 2 2 2 2 2 2 2 2
left_child=3 2 24 6 7 15 26 8 30 22 11 -7 45 21 -5 52 20 32 25 36 27 -13 -8 -24 -2 -19 -1 -11 29 -23 -4 51 -9 54 35 -35 53 49 -29 -6 -22 -12 -31 -17 -45 50 48 -48 -40 -14 -10 -32 -3 -16 -34 -41 57 -37 -26 -60 61 -43
right_child=1 5 4 14 39 10 9 17 12 16 41 13 37 -15 19 43 -18 18 -20 -21 40 28 23 -25 58 -27 -28 38 -30 42 31 -33 33 34 -36 56 -38 -39 46 55 -42 60 -44 44 -46 -47 47 -49 -50 -51 -52 -53 -54 -55 -56 -57 -58 -59 59 -61 -62 -63
leaf_value=0.0019798357699949468 1.3115086748274527e-05 0.0015245045295045332 -0.00078545604892456494 0.0011600682451277581 -0.0021519003205251529 -0.000284714833975154 0.00026010560210642305 -0.0017272698530666096 -0.0030398917060259212 0.002763146166721327 0.00042129614191359506 0.0011064267515231445 -0.0017029285835106136 -0.00012510275519102013 0.0025201288755224457 0.00083233131954958152 0.00054039515917718689 -0.0051703690358328126 -0.0020167694108594375 0.0015272340618544139 0.00042594400211961567 0.00072463113199937215 0.000671421726432296 0.0030724493305881893 -0.0002476735083252737 -0.0031076405892057515 0.0036643303026702434 0.00027087196987296092 0.00087768720143889447 0.00058253471681110223 -0.0024102856753543092 7.01363924956305e-05 -0.0015335073435802208 -0.0021208734106660434 -0.0019578221776033627 -0.0045376053179083647 -7.2416512806445629e-05 -0.00025732846291100225 0.0011917048136713801 -0.00117279658728977 0.0014216216936037683 0.0031949242697136139 0.00019748910024738637 0.0027256787416584704 0.001656509382323426 -0.0024156773277755747 0.0015110859628802646 0.0032242447052577314 0.0021967567512471624 -0.0023656536336927052 -0.0050435247935832804 -0.0013181341255996209 0.00042277624599700698 0.0033366085115811581 -0.002307667923020442 -0.0004773805616584666 -0.0010140765708857135 -0.0031946896981308922 -0.00076072164197288567 -0.0020190751593281877 0.0013221595865289385 -0.00025248916859538006
leaf_weight=24204 58544 8740 40011 20224 9214 63585 95740 27963 4110 9094 9770 41034 45328 72533 34522 7962 35498 6139 6914 16678 21328 89737 28902 5166 12768 8039 5855 6069 57421 89594 13801 4944 15498 6115 20580 13632 1379 3781 39716 117586 18364 4860 223196 14182 27859 5161 10638 7573 11389 34842 4507 13143 24604 16886 65303 17755 799 5965 12675 7017 23340 1146
leaf_count=24204 58544 8740 40011 20224 9214 63585 95740 27963 4110 9094 9770 41034 45328 72533 34522 7962 35498 6139 6914 16678 21328 89737 28902 5166 12768 8039 5855 6069 57421 89594 13801 4944 15498 6115 20580 13632 1379 3781 39716 117586 18364 4860 223196 14182 27859 5161 10638 7573 11389 34842 4507 13143 24604 16886 65303 17755 799 5965 12675 7017 23340 1146
internal_value=1.30482e-07 -0.000384206 -0.00156455 0.00126023 -0.00180109 0.000520416 0.00101254 -0.00207275 -0.00170932 0.000878022 0.000414263 0.000360882 -0.0021312 0.000432458 0.00214268 0.00138166 0.00121493 -0.00242115 -0.00335042 0.00242875 0.00140777 0.000513183 0.000463609 0.00103551 -0.000287949 -0.00400079 0.00230795 0.00165263 0.000460257 0.00040071 -0.00113588 -0.00157557 -0.00229539 -0.00241961 -0.00286646 -0.00357181 0.00271358 -0.00191287 0.00151867 -0.00114979 0.000886607 0.0012837 0.00030778 0.00182852 0.00201718 -0.00346149 0.00162792 0.0022235 0.00141569 -0.00199095 -0.00408786 -0.00187755 0.000711557 0.00278832 -0.00215918 -0.00108157 -0.00400683 -0.00412884 -0.000830939 -0.00120912 0.00157082 0.00253713
internal_weight=1.75092e+06 1.3417e+06 582134 409225 491130 759563 319536 346575 169628 289477 676216 637100 97729 573515 89689 83347 159669 176947 21092 69465 124171 500982 129808 34068 91004 14178 30059 84479 459948 402527 71899 31888 155855 127892 47091 26511 52787 83951 75385 144555 39692 39116 312790 50003 42041 13778 69316 18211 51105 80170 8617 26944 33344 51408 80801 135341 20396 19597 32460 19692 29346 6006
internal_count=1750922 1341697 582134 409225 491130 759563 319536 346575 169628 289477 676216 637100 97729 573515 89689 83347 159669 176947 21092 69465 124171 500982 129808 34068 91004 14178 30059 84479 459948 402527 71899 31888 155855 127892 47091 26511 52787 83951 75385 144555 39692 39116 312790 50003 42041 13778 69316 18211 51105 80170 8617 26944 33344 51408 80801 135341 20396 19597 32460 19692 29346 6006
is_linear=0
shrinkage=0.05


Tree=15
num_leaves=63
num_cat=0
split_feature=34 3 3 1 32 32 3 32 34 32 6 3 3 31 18 36 33 19 29 6 38 38 31 35 32 36 34 3 7 36 37 7 35 3 3 35 31 3 36 7 38 3 33 35 32 34 6 35 34 3 1 7 3 35 36 34 32 35 36 3 35 19
split_gain=316.722 343.941 179.427 34.1484 34.9258 23.7499 36.6385 23.6315 17.3551 16.1852 13.6215 12.658 11.6255 8.5446 9.82026 8.50212 9.70731 8.27033 7.81989 7.66131 7.48607 7.2552 6.42618 6.22661 6.19733 5.92883 7.45195 5.84737 5.60439 5.5134 5.15143 5.37213 5.13973 4.77091 4.68491 4.56833 5.98313 4.54343 4.48434 4.48347 4.45254 3.9887 3.97767 3.95996 6.08369 3.88263 6.12934 3.86143 3.85846 3.793 5.99228 3.78794 3.674 3.4969 3.54911 3.41175 3.39273 3.24806 6.0073 4.19193 3.24724 3.22794
threshold=1.0000000180025095e-35 8836.1000000000022 6443.6000000000013 5.8350000000000009 1.5000000000000002 1.0000000180025095e-35 6114.4500000000016 1.0000000180025095e-35 4.5000000000000009 1.5000000000000002 163.75000000000003 6427.6500000000005 6909.3500000000013 1.5000000000000002 50351.500000000007 3.5000000000000004 1.0000000180025095e-35 181350.00000000003 60.7458643753804 189.85000000000002 78.069276146078423 75.153223399067272 3.5000000000000004 1.5000000000000002 1.0000000180025095e-35 7.5000000000000009 1.5000000000000002 5450.7000000000007 8.4000000000000021 2.5000000000000004 1.0000000180025095e-35 4.7500000000000009 1.0000000180025095e-35 8460.4500000000025 7099.2000000000016 1.0000000180025095e-35 5.5000000000000009 8460.4500000000025 1.5000000000000002 6.5500000000000007 42.818128537042078 6237.3000000000002 1.5000000000000002 1.0000000180025095e-35 1.0000000180025095e-35 2.5000000000000004 183.50000000000003 1.0000000180025095e-35 1.5000000000000002 6025.6500000000005 5.3550000000000013 4.7500000000000009 10327.150000000001 1.0000000180025095e-35 1.0000000180025095e-35 4.5000000000000009 10.500000000000002 1.0000000180025095e-35 2.5000000000000004 10597.550000000001 1.5000000000000002 67950.000000000015
decision_type=2 2 2 2 2 2 2 2 2 2 2 2 2 2 2 2 2 2 2 2 2 2 2 2 2 2 2 2 2 2 2 2 2 2 2 2 2 2 2 2 2 2 2 2 2 2 2 2 2 2 2 2 2 2 2 2 2 2 2 2 2 2
left_child=5 2 11 10 8 13 9 18 12 20 37 45 43 21 -15 16 30 25 -3 33 53 61 40 32 -25 26 52 -11 38 35 31 -6 -10 -8 -26 -14 -37 -4 -24 49 -20 -23 57 -5 60 46 -2 -28 -44 -16 -51 -34 -9 -7 -55 -30 -21 58 59 -40 -45 -1
right_child=1 7 3 4 15 6 19 17 23 27 -12 -13 29 14 39 -17 -18 -19 22 56 -22 41 28 24 34 -27 47 -29 55 -31 -32 -33 51 -35 -36 36 -38 -39 42 -41 -42 -43 48 44 -46 -47 -48 -49 -50 50 -52 -53 -54 54 -56 -57 -58 -59 -60 -61 -62 -63
leaf_value=0.0028543865450180762 0.0023572789979449502 0.00082424993527073379 -0.0018100784745295505 -0.0006753158308136786 -0.0041472612496275601 0.00076106455036230542 -0.0013159305514286355 0.0025159097783445696 -0.0020283806034928332 0.0013265131334731497 -0.00077227318284373589 -1.5304863717027039e-05 -0.0017251824442244734 0.0013033371170674208 0.00067254769018607096 -0.00063798345700908027 -0.00071089200965305448 5.7346601544321878e-05 0.0012374305488236563 0.00078209288800953198 0.0026571032113952816 0.0018172569590610506 -0.00016154105241527372 -0.00023561541974796048 -0.0068996963343224667 -0.00026895760605055366 0.0012013423794619701 0.0037663051737406501 -0.00045206548346260456 -0.0014383998625842097 -0.00077960905525559861 -0.0030082534632634231 -0.0050801328938788956 0.00048723456927135848 -0.0014983521877474368 -0.0029170770152682538 -0.0017723940867304545 -0.0012194855618114988 0.002289121932646711 0.0018806103566089507 0.00036640718271029624 0.00069696262267579198 0.00076404144349471645 -0.0015050321967064011 -0.00069736433023467404 0.002674083174731529 0.0010201816570284063 0.00016518224873844514 -0.00082324532318699215 0.00040281466170270287 -0.00043464570436324942 -0.0032374678289290738 0.0014297664734749006 0.0021170162161676274 0.0010344358462784204 0.00070942572954916497 0.0018002945221600609 0.00016029872138507691 0.00035180337471920123 0.00082971950823825912 -0.0028330322150727639 0.00080709920501522651
leaf_weight=1944 12751 52368 64290 35300 22928 12644 6675 15288 3736 2854 119814 14765 50186 29457 35488 3138 3297 17646 19477 53082 18636 32387 69951 3090 764 6136 47852 17602 59867 57850 1644 18874 5653 8144 846 25959 20376 65991 7190 4287 59472 10528 5304 11928 15846 7904 26145 11072 13764 52272 36120 5505 15866 21618 11651 7069 9672 87149 67769 15588 7496 200617
leaf_count=1944 12751 52368 64290 35300 22928 12644 6675 15288 3736 2854 119814 14765 50186 29457 35488 3138 3297 17646 19477 53082 18636 32387 69951 3090 764 6136 47852 17602 59867 57850 1644 18874 5653 8144 846 25959 20376 65991 7190 4287 59472 10528 5304 11928 15846 7904 26145 11072 13764 52272 36120 5505 15866 21618 11651 7069 9672 87149 67769 15588 7496 200617
internal_value=-2.13394e-07 -0.000464901 -0.0012974 -0.00158667 -0.00195161 0.000973149 0.00148329 0.000406784 -0.00170566 0.00220033 -0.00115706 0.00126111 -0.00158134 0.000767399 0.00048012 -0.00315739 -0.00332652 0.00105239 0.00024869 0.000697558 0.00181193 0.000951864 0.000175639 -0.00313286 -0.00154618 0.00123488 0.00133732 0.00342591 7.96526e-05 -0.00182437 -0.00352502 -0.00363299 -0.00363356 -0.000324975 -0.00406147 -0.00205571 -0.0024137 -0.00151093 0.000182311 0.000290918 0.000581292 0.00154242 0.000304553 -0.0010497 -0.00142441 0.00166381 0.00145851 0.00100664 -0.000381722 0.000235905 6.05997e-05 -0.00417102 0.00196276 0.00146888 0.00173789 -0.000329402 0.000939024 0.000378195 0.000587914 0.00129039 -0.00201753 0.000826747
internal_weight=1.75058e+06 1.1849e+06 606076 544511 294416 565678 162578 578828 244535 85005 250095 61565 224941 403100 157624 49881 46743 113860 464968 77573 64549 245476 412600 19594 4700 96214 90078 20456 333651 154371 43446 41802 14894 14819 1610 96521 46335 130281 266715 128167 78949 42915 196764 70570 35270 46800 38896 58924 19068 123880 88392 11158 31154 45913 33269 66936 62754 177696 90547 22778 19424 202561
internal_count=1750582 1184904 606076 544511 294416 565678 162578 578828 244535 85005 250095 61565 224941 403100 157624 49881 46743 113860 464968 77573 64549 245476 412600 19594 4700 96214 90078 20456 333651 154371 43446 41802 14894 14819 1610 96521 46335 130281 266715 128167 78949 42915 196764 70570 35270 46800 38896 58924 19068 123880 88392 11158 31154 45913 33269 66936 62754 177696 90547 22778 19424 202561
is_linear=0
shrinkage=0.05


Tree=16
num_leaves=63
num_cat=0
split_feature=2 5 6 5 5 1 0 18 5 32 32 32 38 6 0 20 39 39 32 18 0 36 33 35 36 32 36 5 5 2 32 32 5 39 0 5 35 32 35 5 0 0 0 35 19 0 32 36 0 32 0 36 39 29 0 0 36 0 38 40 22 35
split_gain=384.082 226.509 98.0803 37.9139 32.3576 29.2285 27.9553 24.3819 21.3557 22.7609 20.1708 16.1065 11.6686 10.3886 10.2379 8.88107 8.37422 8.18031 8.07911 7.77481 7.18373 7.0915 7.16304 6.49977 6.4575 6.45193 6.43797 5.63599 5.37995 5.08769 4.93355 4.5929 4.51843 4.38897 4.37274 4.35633 4.24603 3.93176 3.86435 3.78071 3.76266 3.73812 3.52907 3.94043 3.5285 3.34074 4.47924 6.66195 4.61457 3.33049 3.28565 3.19798 3.17213 3.15286 3.05442 3.00724 5.48215 3.00253 2.99558 2.89986 2.88522 2.8118
threshold=0.99500000000000011 145.56150000000005 193.40000000000001 136.40850000000003 172.49600000000001 5.1900000000000004 138728.7003751903 41484.500000000007 149.98200000000003 1.5000000000000002 1.0000000180025095e-35 1.5000000000000002 79.86120723680925 170.05000000000004 206583.63210829018 704.50000000000011 34.209374221139143 38.581352618730314 5.5000000000000009 82826.500000000015 216396.7946049906 5.5000000000000009 1.0000000180025095e-35 1.0000000180025095e-35 2.5000000000000004 1.5000000000000002 5.5000000000000009 159.28200000000004 109.49550000000001 -0.039999999999999994 1.0000000180025095e-35 1.5000000000000002 168.18450000000004 53.941762837796283 80313.388823401692 177.40000000000003 1.0000000180025095e-35 1.5000000000000002 1.5000000000000002 139.93600000000004 81634.323121687965 217838.85106431987 145715.98222761587 1.5000000000000002 83450.000000000015 663608.72325493454 2.5000000000000004 1.0000000180025095e-35 444151.00379638089 2.5000000000000004 496374.73674758186 2.5000000000000004 46.908907296934835 48.006179458340249 227204.03761758469 346290.92301369522 1.5000000000000002 244341.19678030553 57.577786240640485 31.758794973104305 5518.0000000000009 3.5000000000000004
decision_type=2 2 2 2 2 2 2 2 2 2 2 2 2 2 2 2 2 2 2 2 2 2 2 2 2 2 2 2 2 2 2 2 2 2 2 2 2 2 2 2 2 2 2 2 2 2 2 2 2 2 2 2 2 2 2 2 2 2 2 2 2 2
left_child=3 5 8 6 27 49 25 15 40 16 42 13 17 24 -6 53 50 37 51 34 35 22 32 33 39 36 29 30 -25 -13 38 -16 55 54 -15 -18 -1 -8 -4 -9 52 -20 -7 -44 60 46 -34 -48 59 -2 61 -12 -3 -5 -19 56 -11 -29 -36 -49 -17 -10
right_child=1 2 4 7 14 10 12 11 9 21 18 26 -14 19 31 44 20 23 41 -21 -22 -23 -24 28 -26 -27 -28 57 -30 -31 -32 -33 45 -35 58 -37 -38 -39 -40 -41 -42 -43 43 -45 -46 -47 47 48 -50 -51 -52 -53 -54 -55 -56 -57 -58 -59 -60 -61 -62 -63
leaf_value=0.00033564071589655542 -0.00055481156339565966 -0.0027911101662502604 0.00038244032300163082 0.0014403633757909822 -0.00057190185504352598 0.00044012486764446497 0.0020271274731456816 0.00051808418187207614 -0.0025558394106394251 -0.0018393840437585388 0.0020862633958017031 0.001601038329431876 0.0026113070360867861 0.0012110894015465274 -0.0014926220494498462 0.0016075467534760132 -0.0016520646820802694 0.00092525392437233737 0.0063833067997024874 -0.00013186149230143575 -0.0019823088277454159 -0.00052005775948181271 -0.00086276628289906295 0.0029976696022364063 -0.00052714545752234252 0.0028324762550451946 -0.00048251456428799119 0.00010057077829974606 0.0013831328284127599 0.0008024534099780429 0.0011647140827198423 -0.002890827478659323 -0.0030340723849263027 0.0003235526594800441 0.00057212098447310207 -0.00098747644056980735 0.0010716316583359975 0.0045335625729295238 -0.0011158286593075174 -0.00031831807216604771 -0.0011417638589423177 0.0033018080193357975 0.0013537389069844053 1.1640256446788764e-05 0.0014529559192904234 -0.0022269076811407902 -0.0015085290082114226 -0.0011329694310603373 -0.0034949266490241931 0.00093745806549571905 -0.0014852474045890143 -2.9025679610695053e-05 -0.00094360369182989708 0.00036281550220920332 0.0017982799023091014 -0.0013166076468546792 -0.0041405804945450686 -0.00067662643242121087 0.00028234138026370819 -0.0056279712478224941 0.003154092315548532 -0.00078069993667411125
leaf_weight=83852 30016 6602 35258 9268 33843 33001 25249 36670 44691 5287 29744 27346 24819 17829 27304 5617 48809 31203 1325 68552 68685 2840 3347 7584 60869 3068 7686 33276 16141 73685 19753 7483 10786 20349 158455 49833 25573 1668 4902 21393 125505 3826 33877 6522 36333 3802 1799 375 4746 4271 10402 1901 3585 25374 14757 3770 5070 19834 204004 8308 6512 2348
leaf_count=83852 30016 6602 35258 9268 33843 33001 25249 36670 44691 5287 29744 27346 24819 17829 27304 5617 48809 31203 1325 68552 68685 2840 3347 7584 60869 3068 7686 33276 16141 73685 19753 7483 10786 20349 158455 49833 25573 1668 4902 21393 125505 3826 33877 6522 36333 3802 1799 375 4746 4271 10402 1901 3585 25374 14757 3770 5070 19834 204004 8308 6512 2348
internal_value=-2.02725e-07 -0.000869015 -0.00130204 0.000631126 -0.000334672 0.000905996 0.00115961 0.000454224 -0.00173003 -0.00198338 0.00130268 0.000354937 0.00162662 0.000248179 -0.00119105 0.00126245 -0.00176851 0.00141766 0.00225811 0.000358273 -0.0015897 -0.00294676 -0.00309249 0.00118901 -0.000167309 0.000571049 0.000912481 0.000185336 0.00189924 0.00101861 0.000517766 -0.00179339 -0.00326232 0.000934894 0.000446627 -0.00131632 0.000507644 0.00218245 0.000199559 0.000209916 -0.00121678 0.00409447 0.000823721 0.00113707 0.00169946 -0.00361132 -0.00381365 -0.00436583 -0.0047486 -0.000368925 -0.0022894 0.00195919 -0.00214094 0.000651099 0.00120557 -0.00252574 -0.00296587 -0.000189675 0.000409023 -0.00543384 0.00243788 -0.00246723
internal_weight=1.75058e+06 736726 592243 1.01386e+06 181653 144483 254263 759593 410590 274898 110196 676489 141770 567772 68630 83104 224768 116951 36796 448840 167327 50130 47290 90034 118932 112493 108717 113023 23725 101031 59913 34787 43943 66309 380288 98642 109425 26917 40160 58063 135692 5151 73400 40399 48462 29816 26014 15228 13429 34287 57441 31645 10187 34642 45960 14127 10357 53110 362459 8683 12129 47039
internal_count=1750582 736726 592243 1013856 181653 144483 254263 759593 410590 274898 110196 676489 141770 567772 68630 83104 224768 116951 36796 448840 167327 50130 47290 90034 118932 112493 108717 113023 23725 101031 59913 34787 43943 66309 380288 98642 109425 26917 40160 58063 135692 5151 73400 40399 48462 29816 26014 15228 13429 34287 57441 31645 10187 34642 45960 14127 10357 53110 362459 8683 12129 47039
is_linear=0
shrinkage=0.05


Tree=17
num_leaves=63
num_cat=0
split_feature=2 3 34 1 34 3 7 0 3 39 39 38 9 31 34 10 39 39 0 34 18 38 1 39 18 39 0 3 0 7 34 31 31 31 0 3 40 1 19 16 20 29 40 38 0 3 33 34 34 31 33 31 38 3 31 0 0 18 3 31 0 3
split_gain=346.634 298.29 41.1749 30.509 19.7167 17.6269 13.3772 13.1899 11.8893 11.7219 10.4635 9.64178 9.49151 8.65584 8.64939 8.40477 7.57279 7.25408 7.23349 7.16634 6.95322 6.66817 8.28559 5.77635 5.77045 5.72793 5.68878 5.33642 5.13516 4.94023 4.6517 5.40801 5.19075 4.52465 4.41351 7.284 4.37027 4.19475 4.11494 4.10441 3.95003 3.85341 3.6919 5.25897 3.50697 3.46905 3.21369 3.07729 3.00195 3.32931 2.80024 2.70758 2.69624 2.65244 2.64781 2.62352 2.51168 4.56664 4.00271 3.82102 2.46217 2.38583
threshold=0.99500000000000011 6455.0500000000011 1.0000000180025095e-35 5.8350000000000009 4.5000000000000009 6114.4500000000016 9.3500000000000032 205250.58759149702 7403.9000000000005 29.91328658854184 27.257703399610858 81.446038550989513 -0.52499999999999936 11.500000000000002 1.5000000000000002 -0.75499999999999934 17.120543054756244 28.281628396118492 179159.95755766335 1.0000000180025095e-35 57959.500000000007 87.378671770719976 5.9200000000000008 49.668986594923844 58199.500000000007 7.7454821703765049 103700.68421234943 6366.0000000000009 459838.67566565186 4.8500000000000005 1.5000000000000002 7.5000000000000009 3.5000000000000004 15.500000000000002 138728.7003751903 11761.400000000003 49.567287307673801 5.9200000000000008 154150.00000000003 -0.1699999999999999 784.50000000000011 65.771644977431805 20.440667153087134 47.625202594018496 104596.30476177733 9720.7500000000018 1.0000000180025095e-35 6.5000000000000009 5.5000000000000009 3.5000000000000004 1.0000000180025095e-35 5.5000000000000009 81.069521430235355 7718.8500000000013 7.5000000000000009 255608.75855991404 116632.30336932313 38717.500000000007 11761.400000000003 2.5000000000000004 105539.9605940687 6742.4000000000005
decision_type=2 2 2 2 2 2 2 2 2 2 2 2 2 2 2 2 2 2 2 2 2 2 2 2 2 2 2 2 2 2 2 2 2 2 2 2 2 2 2 2 2 2 2 2 2 2 2 2 2 2 2 2 2 2 2 2 2 2 2 2 2 2
left_child=2 5 9 12 7 11 10 8 23 20 24 16 -3 61 25 -14 51 -10 47 36 56 34 -23 30 -4 -7 -12 -16 53 -20 31 32 -5 37 41 42 -18 38 40 -17 -28 -11 -36 45 -34 -44 52 -6 49 -40 -50 -2 -27 -15 -38 -45 57 -1 59 -58 -24 -9
right_child=1 3 6 4 18 14 -8 13 17 21 26 -13 15 28 27 39 19 -19 29 -21 -22 22 60 -25 -26 46 33 -29 -30 -31 -32 -33 44 -35 35 -37 54 -39 48 -41 -42 -43 43 55 -46 -47 -48 -49 50 -51 -52 -53 -54 -55 -56 -57 58 -59 -60 -61 -62 -63
leaf_value=0.0024798729491138944 0.0020794210097622228 -0.0018167295624775962 0.0010480000411834881 -0.0011766830624391823 -0.0025671885395893907 0.0015770721550305193 -0.0006354725538866413 -0.001281879655578067 -0.0034641763543552216 0.0014792215775850249 0.00069415272592104589 0.0023277793103044864 -0.0013161572743628806 -0.0048078873890945624 0.0025952488867453144 -0.00040685365428484222 0.00033752359768494358 -0.0016670257595602063 -0.0043062366113635949 0.002309189231751337 0.00026760569815638315 0.00066175829255527355 0.00098595108727369467 -0.0005503742547544793 0.00012915700268161743 1.3918622485658916e-05 0.00015047014850735042 0.00073267086591793582 -0.0023202339262529651 -0.0026464759330857538 -0.00062165446058756822 -0.00011549054042644485 -0.003992602450231377 0.0009913094682150994 0.0022455129131745844 0.00057802589857982743 0.0011478309776888828 0.0013417575908485054 0.00042699791504670288 -0.00096848364711373241 0.00092468315272792106 0.00047971390860228146 0.00013672359379765118 0.0011488712793692657 -0.0021716994039747907 0.0016283596525329019 -0.00097667459630525438 -0.00075527339252745758 0.00081547106796707371 -4.2860638397463358e-05 -0.00066914585638899694 0.00470027356628221 0.00078347957329489388 -0.0024964890480988458 0.005528822938811833 0.0017972359833627813 0.0020392227390622938 0.00075923851743244419 0.0012194285931393584 0.0035347996776890068 0.0026188570920879146 -0.0019327153680787938
leaf_weight=5547 8312 32521 80628 7882 7252 6761 33327 16213 6533 10550 75153 18777 76197 4689 6129 73204 35401 39962 10767 7728 8774 13401 2784 46318 21682 61128 34887 10322 8527 7682 12532 3880 4205 18124 8031 76645 23625 7646 44974 58548 31216 112166 17809 57237 7124 4990 6816 3462 21830 233156 3717 1118 13986 1688 350 21449 24712 12651 12090 5163 13517 107087
leaf_count=5547 8312 32521 80628 7882 7252 6761 33327 16213 6533 10550 75153 18777 76197 4689 6129 73204 35401 39962 10767 7728 8774 13401 2784 46318 21682 61128 34887 10322 8527 7682 12532 3880 4205 18124 8031 76645 23625 7646 44974 58548 31216 112166 17809 57237 7124 4990 6816 3462 21830 233156 3717 1118 13986 1688 350 21449 24712 12651 12090 5163 13517 107087
internal_value=-1.92589e-07 -0.000825564 0.00059957 -0.00144067 -0.0017807 0.00082003 0.000338346 -0.0016457 -0.00128091 0.000988243 0.000394984 0.00131249 -0.00102239 -0.00198471 0.000373619 -0.000898169 0.00106339 -0.00191954 -0.00301504 0.000876947 0.00158254 0.00086724 0.0015828 -0.000918534 0.000853275 0.000178306 0.000295372 0.00142659 -0.00312285 -0.00361513 -0.00139723 -0.00181815 -0.00216203 0.000219606 0.000798432 0.000951885 0.000690536 0.000182548 0.000158579 -0.000656431 0.000516079 0.000565642 0.00121353 0.00113186 -0.00284757 0.000463197 6.28774e-05 -0.00198171 8.07605e-05 3.31161e-05 0.000599464 0.00239014 0.000157209 -0.00419606 0.00121179 0.00132561 0.0017743 0.00128371 0.00198704 0.00229769 0.00233998 -0.00184714
internal_weight=1.75058e+06 736726 1.01386e+06 536273 295803 200453 606340 266640 128436 407516 573013 95311 240470 138204 105142 207949 76534 46495 29163 67104 68937 338579 29702 81941 102310 88691 470703 16451 14904 18449 35623 23091 19211 395550 308877 186161 59376 377426 369780 131752 66103 122716 109516 101485 11329 22799 81930 10714 303677 278130 25547 9430 75114 6377 23975 78686 60163 18198 41965 29875 16301 123300
internal_count=1750582 736726 1013856 536273 295803 200453 606340 266640 128436 407516 573013 95311 240470 138204 105142 207949 76534 46495 29163 67104 68937 338579 29702 81941 102310 88691 470703 16451 14904 18449 35623 23091 19211 395550 308877 186161 59376 377426 369780 131752 66103 122716 109516 101485 11329 22799 81930 10714 303677 278130 25547 9430 75114 6377 23975 78686 60163 18198 41965 29875 16301 123300
is_linear=0
shrinkage=0.05


Tree=18
num_leaves=63
num_cat=0
split_feature=2 3 34 32 3 3 32 34 32 7 32 3 7 35 36 34 5 32 3 28 28 3 29 3 36 32 35 32 36 34 29 36 32 34 34 35 32 2 34 36 35 34 3 32 35 40 40 34 7 40 36 38 40 34 32 35 32 40 35 35 34 34
split_gain=312.837 269.363 37.1604 21.2981 20.1105 30.2331 20.1955 19.8434 14.834 13.5215 11.5864 9.30416 7.78005 7.67766 7.30366 7.22072 8.23311 7.10889 7.06809 6.60034 6.58059 6.37032 6.21466 6.19648 13.714 7.41263 6.76398 6.14438 6.14422 5.97027 5.93189 5.87056 6.30893 5.5347 5.68474 5.39583 6.95917 4.91526 4.81342 4.65241 4.45422 4.36535 6.08385 4.31418 4.13138 4.08685 4.02614 3.81429 3.62612 3.5746 3.54027 3.50481 3.47385 3.26897 3.2355 3.7455 3.40858 3.22059 3.17752 3.92373 3.15531 5.14201
threshold=0.99500000000000011 6443.6000000000013 1.0000000180025095e-35 1.0000000180025095e-35 6674.2500000000009 8460.4500000000025 2.5000000000000004 4.5000000000000009 2.5000000000000004 8.9000000000000021 1.0000000180025095e-35 6139.8500000000013 5.6500000000000012 1.5000000000000002 2.5000000000000004 1.0000000180025095e-35 141.57900000000004 5.5000000000000009 7691.2500000000009 33.850000000000001 37.45000000000001 8663.7000000000025 63.320058347296431 7500.7000000000007 1.5000000000000002 1.0000000180025095e-35 1.5000000000000002 1.5000000000000002 3.5000000000000004 5.5000000000000009 58.877524564056692 1.0000000180025095e-35 3.5000000000000004 7.5000000000000009 6.5000000000000009 1.0000000180025095e-35 1.0000000180025095e-35 1.1200000000000003 2.5000000000000004 3.5000000000000004 1.0000000180025095e-35 1.5000000000000002 10772.000000000002 4.5000000000000009 1.0000000180025095e-35 21.856266331385665 47.625433027100158 1.5000000000000002 4.6500000000000012 43.188630049126694 1.5000000000000002 89.826257932106444 50.963765700830294 1.5000000000000002 2.5000000000000004 1.0000000180025095e-35 1.0000000180025095e-35 47.049893107893446 4.5000000000000009 1.0000000180025095e-35 3.5000000000000004 2.5000000000000004
decision_type=2 2 2 2 2 2 2 2 2 2 2 2 2 2 2 2 2 2 2 2 2 2 2 2 2 2 2 2 2 2 2 2 2 2 2 2 2 2 2 2 2 2 2 2 2 2 2 2 2 2 2 2 2 2 2 2 2 2 2 2 2 2
left_child=2 3 10 13 54 6 7 14 9 20 19 17 44 15 35 46 -17 -5 28 30 22 27 -4 25 -25 26 40 -14 31 48 -1 -8 38 34 -31 49 -37 -7 -33 41 -9 42 50 -34 -12 -32 -2 -13 -24 -6 -10 -47 -36 -50 55 -3 57 -57 59 -55 61 -38
right_child=1 4 8 11 5 37 18 23 39 -11 12 47 21 -15 -16 16 -18 -19 -20 -21 -22 -23 29 24 -26 -27 -28 -29 -30 33 45 32 43 -35 52 36 60 -39 -40 -41 -42 -43 -44 -45 -46 51 -48 -49 53 -51 -52 -53 -54 58 -56 56 -58 -59 -60 -61 -62 -63
leaf_value=0.0018148983743751447 -9.4529046329822874e-05 -2.495073001169557e-05 0.00094019497130267771 0.0018382574463996814 -0.0016868649533352627 -0.00021740502668426113 -0.0011101992049283021 -0.0013396441334225637 0.0031160703826341486 -0.00035933954506303173 0.0006472077056412039 0.00064973061483599727 0.0018812721634714246 -0.00061491574719741424 -0.0010931767506872894 0.0026067577807605338 0.00077630536465832234 0.0039254060386574429 -0.0020132042294975132 0.00015048451431995521 -6.986611858341724e-05 0.00079816603100174273 0.00079120248115774339 -3.5884897921704557e-05 -0.0030689885380048932 -0.0044071570673163375 0.00024821147143272941 0.00350021557484954 -4.643376756139283e-05 0.00075720213066734587 0.0014692517507484326 -0.0059793803284320839 0.001659255695614493 -9.5497590569383988e-05 0.0041409133230817094 -0.0023696171700031132 -0.0015351733485281845 -0.00098462285289856784 -0.0020067478995428661 -0.00026163554628235011 -0.0046620738378087417 0.00063128681802699163 0.00067561838048554575 -0.0034568778480498158 0.0014938486905170375 0.00071246650069560729 0.00063362433798643599 0.0020912145178593527 0.00040334565400428936 -0.0010355122029909577 0.0016789771446919261 0.0016028125865305836 0.0018332964809745342 0.00028038350998813635 -0.0016853529915152156 -0.0018719766149221063 -0.00026204673775295404 -0.00053951381597965454 0.0015688522916649562 -0.00025244623167389749 -0.0023927007749468474 0.00010866055601190373
leaf_weight=15771 33646 28556 51463 29599 40838 25739 2120 1711 5948 80213 30216 24386 21565 14971 95709 7834 28461 4732 16132 35665 79885 8937 31360 5463 11726 8992 1984 8048 1291 13940 21934 4550 426 8439 2098 42674 32741 110496 916 5851 2458 19568 12077 12587 27544 226215 43563 5653 131176 43501 15333 11621 7325 70665 5762 9968 15736 8320 3392 67607 7919 5566
leaf_count=15771 33646 28556 51463 29599 40838 25739 2120 1711 5948 80213 30216 24386 21565 14971 95709 7834 28461 4732 16132 35665 79885 8937 31360 5463 11726 8992 1984 8048 1291 13940 21934 4550 426 8439 2098 42674 32741 110496 916 5851 2458 19568 12077 12587 27544 226215 43563 5653 131176 43501 15333 11621 7325 70665 5762 9968 15736 8320 3392 67607 7919 5566
internal_value=-1.82959e-07 -0.000784286 0.000569591 0.000821299 -0.00135358 -0.00146884 -0.00172146 -0.00158443 0.000321429 0.000240402 0.00093883 0.00156364 0.00141808 0.000449363 -0.00144373 0.00058974 0.00117139 0.00212594 -0.00280732 0.000790516 0.000343338 0.00196816 0.00042853 -0.00275472 -0.00210501 -0.00349212 -0.00215489 0.00232126 -0.00339254 0.000350162 0.000873359 -0.00360226 -0.00388816 0.00100201 0.00139845 -0.0016374 -0.00190919 -0.000839672 -0.00531364 0.00107627 -0.00329851 0.00122417 0.00157196 -0.00328939 0.00105095 0.000816197 0.000316311 0.000921002 0.000282015 -0.00135091 0.00208064 0.00075597 0.00234708 0.00022349 -0.000551574 -0.000447182 -0.000801557 -0.00126578 5.69497e-05 1.98606e-05 -0.00148415 -0.00129632
internal_weight=1.75058e+06 736726 1.01386e+06 192845 543881 475539 339304 301282 606340 547563 407516 64370 96310 128475 268948 113504 36295 34331 38022 311206 467350 38550 387465 32334 17189 15145 6153 29613 21890 336002 275541 20599 18479 31802 23363 173239 88900 136235 5466 58777 4169 52926 33358 13013 57760 259770 77209 30039 304200 84339 21281 237836 9423 272840 68342 62580 34024 18288 141664 138272 46226 38307
internal_count=1750582 736726 1013856 192845 543881 475539 339304 301282 606340 547563 407516 64370 96310 128475 268948 113504 36295 34331 38022 311206 467350 38550 387465 32334 17189 15145 6153 29613 21890 336002 275541 20599 18479 31802 23363 173239 88900 136235 5466 58777 4169 52926 33358 13013 57760 259770 77209 30039 304200 84339 21281 237836 9423 272840 68342 62580 34024 18288 141664 138272 46226 38307
is_linear=0
shrinkage=0.05


Tree=19
num_leaves=63
num_cat=0
split_feature=2 3 34 3 3 34 3 36 7 39 39 39 34 40 7 36 39 31 35 3 0 18 0 0 18 36 0 36 7 34 0 31 0 40 0 31 35 5 3 35 0 0 39 3 5 34 36 0 1 34 31 40 34 40 39 34 34 3 36 20 36 0
split_gain=282.336 243.492 33.5372 22.2669 22.1681 13.9108 11.9358 13.0076 11.4826 10.1678 9.16364 8.33802 9.21687 9.39748 8.24215 11.3207 7.8833 8.56371 7.72471 7.37939 6.54776 5.99204 5.75858 5.02053 4.94831 4.92703 4.72534 4.69791 4.5402 4.51245 4.41062 3.9502 4.86664 3.94341 3.89001 3.80412 4.13222 3.73338 3.6295 3.58362 3.5597 3.54958 3.48267 3.44335 3.42267 3.39715 3.292 3.79388 3.15392 3.1234 3.10824 3.08751 3.06287 3.69042 2.95783 2.95185 2.9237 2.8787 2.86237 3.30255 2.82017 3.43905
threshold=0.99500000000000011 6527.6000000000013 1.0000000180025095e-35 6335.0000000000009 8460.4500000000025 4.5000000000000009 6788.1000000000013 2.5000000000000004 9.3500000000000032 29.91328658854184 27.257703399610858 17.120543054756244 1.0000000180025095e-35 56.887877670754868 4.8500000000000005 1.5000000000000002 26.775244254510117 11.500000000000002 1.0000000180025095e-35 11761.400000000003 459838.67566565186 57959.500000000007 272928.43146858498 103700.68421234943 61907.500000000007 1.5000000000000002 179159.95755766335 3.5000000000000004 9.4500000000000011 1.5000000000000002 430113.39156991697 2.5000000000000004 219348.49165327751 15.142803941095353 96292.014552596447 15.500000000000002 1.0000000180025095e-35 141.57900000000004 7718.8500000000013 3.5000000000000004 136166.92614830044 74629.772035222952 59.147422829675641 4952.9500000000016 174.07000000000002 1.5000000000000002 8.5000000000000018 282286.49345121451 5.9200000000000008 1.5000000000000002 5.5000000000000009 90.480142258942934 2.5000000000000004 27.001866963826256 82.007122211040326 1.5000000000000002 6.5000000000000009 10259.250000000002 3.5000000000000004 680.50000000000011 1.0000000180025095e-35 275307.39793552883
decision_type=2 2 2 2 2 2 2 2 2 2 2 2 2 2 2 2 2 2 2 2 2 2 2 2 2 2 2 2 2 2 2 2 2 2 2 2 2 2 2 2 2 2 2 2 2 2 2 2 2 2 2 2 2 2 2 2 2 2 2 2 2 2
left_child=2 3 9 11 5 6 22 16 10 21 24 50 13 37 26 44 20 40 33 34 29 -1 49 58 27 31 -7 -4 -6 60 38 -15 -33 -11 -20 36 48 -13 -19 57 -18 42 -9 -36 -16 -5 47 -37 54 -3 -2 -35 53 -14 56 -38 -25 -29 59 -12 -8 -62
right_child=1 4 8 45 28 14 7 41 -10 18 23 12 52 25 15 -17 17 30 19 -21 -22 -23 -24 35 -26 -27 -28 39 -30 -31 -32 32 -34 51 43 46 55 -39 -40 -41 -42 -43 -44 -45 -46 -47 -48 -49 -50 -51 -52 -53 -54 -55 -56 -57 -58 -59 -60 -61 61 -63
leaf_value=0.001623405267159854 0.0016916625742772438 -0.00077569767038345046 0.0011616749454968207 -0.00025857685513796136 -0.00037160277863056319 -0.0018099365613525192 -0.0019638048624246039 -0.002803160727061554 -0.00059686989313200594 0.001880296854599223 1.8823219567988515e-05 0.00053832362712604202 0.0023633575340390525 0.0011100548077229552 -0.0002542826983680718 -0.0028642870365266928 -0.0010841276480913638 -0.0056635538745741787 0.0005437980809300287 0.00043745043114600007 -0.001520792945551745 0.00022471999166925034 -0.0014635606622903224 0.00010960838401660928 7.3790470440581954e-05 0.00012175467098192077 -0.003905083376446706 -0.00074763805120027374 -0.00099322533971384747 -0.0014728748079981971 -0.0020721979538329033 0.0035934992370698741 0.0014548068457075733 0.00056283193584773 0.0024322720995026939 0.0023739805152066668 0.00027233943183972692 -0.00026945592671442589 -0.0027640846893551814 0.0022535758457257935 -0.0016964137731209025 -0.0010082757974199886 -0.00013659952492173544 0.0014147914601790274 -0.0021494812645937297 0.0005129843936897663 -0.00026527994347679034 0.00064620987429447386 0.001301771812905229 0.00014976092943272266 0.0034203187098999599 0.0015299092456924068 0.0028543506235305205 0.0009476719141416289 0.00059080226535172169 -0.0002108252719215122 0.0010124676478014758 0.00057676332414204436 0.00014656840498625292 0.0010204904719150335 -0.0042567402230489649 -0.0028504563491207379
leaf_weight=60163 15344 27058 63734 56557 42854 3588 3668 5304 33327 6148 10130 42397 7083 20979 8790 13822 30761 2297 10508 25667 12377 8774 22265 166220 19662 7890 10767 7022 93381 4447 4550 4300 6974 228895 10024 5066 47085 21587 2036 2022 103974 85417 1592 48775 3268 19079 4536 8522 7441 13750 3131 8562 4748 13150 51011 96191 9478 9870 21175 43848 7956 9585
leaf_count=60163 15344 27058 63734 56557 42854 3588 3668 5304 33327 6148 10130 42397 7083 20979 8790 13822 30761 2297 10508 25667 12377 8774 22265 166220 19662 7890 10767 7022 93381 4447 4550 4300 6974 228895 10024 5066 47085 21587 2036 2022 103974 85417 1592 48775 3268 19079 4536 8522 7441 13750 3131 8562 4748 13150 51011 96191 9478 9870 21175 43848 7956 9585
internal_value=-1.73812e-07 -0.000745072 0.000541112 0.000633619 -0.00134438 -0.0015418 -0.00143689 -0.00157966 0.000305357 0.000891889 0.000357832 0.000991122 0.000848955 0.000642032 -0.00242053 -0.00188755 -0.00182527 -0.00165576 0.000779193 0.00116168 -0.00246534 0.00144539 -0.000816765 0.000264612 0.000786712 0.00124172 -0.00338141 0.000956317 -0.000797688 -0.00292101 -0.00315945 0.00151569 0.00227052 0.000630071 0.0014299 0.000193435 0.000159456 0.000265794 -0.00430114 0.000264326 -0.00155662 -0.00109637 -0.00218756 0.00158825 -0.000767926 -6.39524e-05 0.00090103 0.00129037 0.000288871 -0.00046387 0.00198462 0.000597702 0.00171146 0.00144326 0.000255626 -5.20422e-05 0.000158313 2.621e-05 0.000639239 0.000832509 -0.00322464 -0.0034883
internal_weight=1.75058e+06 736726 1.01386e+06 223219 513507 377272 337037 273964 606340 407516 573013 147583 129108 104127 40235 25880 181651 143618 338579 94974 38033 68937 63073 470703 102310 40143 14355 82648 136235 25656 8883 32253 11274 243605 69307 395550 377426 63984 4333 18914 134735 92313 6896 58799 12058 75636 18124 13588 234150 40808 18475 237457 24981 20233 226709 143276 175698 16892 75153 53978 21209 17541
internal_count=1750582 736726 1013856 223219 513507 377272 337037 273964 606340 407516 573013 147583 129108 104127 40235 25880 181651 143618 338579 94974 38033 68937 63073 470703 102310 40143 14355 82648 136235 25656 8883 32253 11274 243605 69307 395550 377426 63984 4333 18914 134735 92313 6896 58799 12058 75636 18124 13588 234150 40808 18475 237457 24981 20233 226709 143276 175698 16892 75153 53978 21209 17541
is_linear=0
shrinkage=0.05


Tree=20
num_leaves=63
num_cat=0
split_feature=34 3 3 1 32 34 32 3 32 32 6 3 0 19 37 0 18 35 36 0 36 5 0 19 0 38 36 18 17 3 28 36 34 0 36 38 36 34 32 35 3 0 34 40 35 0 38 32 35 32 0 0 40 34 36 0 3 34 34 6 40 40
split_gain=192.941 206.247 113.529 24.2934 24.7643 18.1327 17.54 23.0462 16.9961 11.4817 10.2953 8.60458 7.73649 6.82032 6.60848 6.60328 6.12661 5.88703 6.30165 6.25522 9.07783 5.66382 14.2719 5.99055 5.29213 5.23973 4.94823 4.89858 4.81222 4.59412 4.56988 4.37564 5.61782 8.25782 4.33071 4.11641 3.45448 3.41086 4.39401 4.4969 3.27518 3.84351 3.35345 8.02511 3.15397 3.08803 3.78961 3.02795 2.98203 3.75245 4.19318 3.74365 2.97131 3.34505 2.92109 2.90995 2.84043 2.836 2.67302 4.22498 4.17161 2.6684
threshold=1.0000000180025095e-35 8836.1000000000022 6427.6500000000005 5.8350000000000009 2.5000000000000004 4.5000000000000009 1.0000000180025095e-35 6114.4500000000016 1.0000000180025095e-35 1.5000000000000002 163.75000000000003 6938.7500000000009 102824.36253332206 181350.00000000003 1.0000000180025095e-35 167896.81199061711 33438.500000000007 1.5000000000000002 1.5000000000000002 459838.67566565186 3.5000000000000004 135.63150000000002 140490.73485909266 180450.00000000003 275307.39793552883 76.208227781064394 2.5000000000000004 45966.000000000007 20939.500000000004 5450.7000000000007 19.750000000000004 7.5000000000000009 1.5000000000000002 104596.30476177733 1.5000000000000002 82.901735070564641 1.0000000180025095e-35 1.5000000000000002 1.0000000180025095e-35 1.5000000000000002 9437.6000000000022 79054.593383028507 6.5000000000000009 59.846113964610815 1.0000000180025095e-35 212150.63016349645 37.585079971369645 7.5000000000000009 1.0000000180025095e-35 1.0000000180025095e-35 73053.949802682371 129200.91066696645 73.787644704468065 6.5000000000000009 1.5000000000000002 394622.83832035202 6674.2500000000009 5.5000000000000009 2.5000000000000004 183.50000000000003 42.609501144178694 15.142803941095353
decision_type=2 2 2 2 2 2 2 2 2 2 2 2 2 2 2 2 2 2 2 2 2 2 2 2 2 2 2 2 2 2 2 2 2 2 2 2 2 2 2 2 2 2 2 2 2 2 2 2 2 2 2 2 2 2 2 2 2 2 2 2 2 2
left_child=6 2 58 10 5 11 14 9 27 12 55 24 -8 31 16 34 -1 18 -6 20 56 22 -18 -23 37 -14 48 28 -3 -11 -9 32 33 -10 -7 61 -19 38 39 -5 -29 -42 -43 -44 54 -31 -47 -32 51 50 -50 -13 -17 -54 -34 -4 -20 -38 59 60 -2 -24
right_child=1 8 3 4 17 15 7 30 13 29 -12 26 25 -15 -16 52 21 36 19 -21 -22 23 35 -25 -26 -27 -28 40 -30 45 47 -33 44 -35 -36 -37 57 -39 -40 -41 41 42 43 -45 -46 46 -48 -49 49 -51 -52 -53 53 -55 -56 -57 -58 -59 -60 -61 -62 -63
leaf_value=0.0018373224621130776 0.0028059961832655744 0.00027102118691374412 -0.0012642091097139476 -0.00087258332029062444 -0.00040479115748528268 -0.00058398770426582871 0.00036254241716964007 0.001446224422409474 0.0040669741415690613 0.00094230822929741883 -0.0005505312278442188 -0.0006469546627949611 0.0013667068909420049 -4.485002740142929e-05 -0.00056657785628146172 -0.0035653068947561583 0.00031997978582661588 -0.0013243388939897325 -0.0017123797976794327 -0.0019598585120802169 -0.00012125230495182104 0.00072720273599618374 0.0021147406178695827 0.00011168442227160771 -0.001401565683391847 0.0024457314694514283 -0.0010698566385624459 -0.00028058568861748245 0.001232637366338502 0.0038497971123510606 0.00023804109599093911 -0.0002738593616036717 0.0006783624555453643 0.0013820786437035116 -0.003024954528121758 0.0019924365318637594 -0.0062017274555177145 1.5359845314222173e-07 0.00024211663712896405 -0.0027965787359108037 0.00085575514496645316 0.00010198348800013806 0.0030035433160717148 6.7903925904467196e-05 6.5170215923028048e-05 -0.00063782754296641065 0.0028184473685669829 0.0011006689291688345 -0.0056787096915582192 -0.001492269498023749 -0.0022410579171911697 -0.001634362808368304 -0.0030523984883554151 -0.00067105253271540607 0.0014742794620717255 -0.00054977426669491122 -0.0043359606116430797 -0.0020574654563135348 0.002190978260639625 0.00082019879576717173 0.0010009165454989246 0.00096987381724991737
leaf_weight=10053 6576 36422 113822 24289 2861 5422 13256 12605 3190 2872 134168 12843 34592 17564 12119 12260 101268 596 1142 10279 1648 67050 5367 96310 25286 16674 57496 45680 20240 7708 52289 6059 28292 28011 2733 12414 2437 19667 7623 3471 19272 332386 3410 7337 11047 869 9078 12630 922 24226 23418 38008 4373 2225 19455 16293 10677 497 7903 26308 6236 98458
leaf_count=10053 6576 36422 113822 24289 2861 5422 13256 12605 3190 2872 134168 12843 34592 17564 12119 12260 101268 596 1142 10279 1648 67050 5367 96310 25286 16674 57496 45680 20240 7708 52289 6059 28292 28011 2733 12414 2437 19667 7623 3471 19272 332386 3410 7337 11047 869 9078 12630 922 24226 23418 38008 4373 2225 19455 16293 10677 497 7903 26308 6236 98458
internal_value=4.71193e-07 -0.000362418 -0.00100725 -0.00120584 -0.00151823 -0.00136337 0.000760154 0.00119856 0.000312894 0.00176693 -0.000857853 -0.00122361 0.00143925 0.000861081 0.000583316 -0.00259081 0.000618964 -0.00287618 -0.00262164 -0.00288873 -0.00359771 0.000586805 0.000753904 0.00036432 -0.000802783 0.00171765 -0.00143907 0.000178878 0.000614516 0.00279691 0.000575022 0.00102674 0.0011143 0.00165658 -0.00140203 0.00113194 -0.00479475 -0.000527746 -0.00082117 -0.00111315 0.00011839 0.000168679 0.00013009 0.000999376 0.000826518 0.0030986 0.0025165 0.000405865 -0.0016526 -0.0019328 -0.00237128 -0.00138498 -0.00310488 -0.00224935 0.00100267 -0.00117475 -0.00408246 -0.00549972 0.00135225 0.00118282 0.00192741 0.00102906
internal_weight=1.74968e+06 1.18407e+06 605705 558682 294399 264262 565612 162573 578365 85049 264283 237249 64522 113618 403039 27013 390920 30137 26607 23746 13467 380867 217507 163360 80336 51266 156913 464747 56662 20527 77524 96054 89995 31201 8155 116239 3530 55050 35383 27760 408085 362405 343133 10747 58794 17655 9947 64919 99417 48566 24340 50851 18858 6598 47747 130115 11819 2934 47023 39120 12812 103825
internal_count=1749682 1184070 605705 558682 294399 264262 565612 162573 578365 85049 264283 237249 64522 113618 403039 27013 390920 30137 26607 23746 13467 380867 217507 163360 80336 51266 156913 464747 56662 20527 77524 96054 89995 31201 8155 116239 3530 55050 35383 27760 408085 362405 343133 10747 58794 17655 9947 64919 99417 48566 24340 50851 18858 6598 47747 130115 11819 2934 47023 39120 12812 103825
is_linear=0
shrinkage=0.05


Tree=21
num_leaves=63
num_cat=0
split_feature=34 3 3 3 39 3 32 34 32 38 3 39 32 39 37 0 35 36 0 36 19 3 0 28 0 0 36 0 35 7 0 3 36 3 34 35 39 18 3 0 3 35 39 3 40 32 0 7 0 39 32 32 0 3 0 34 39 32 0 3 0 32
split_gain=174.129 186.277 105.748 20.3397 17.2265 15.4371 19.5459 15.1187 14.2343 12.7709 13.2048 8.48641 6.68745 6.56386 6.08022 5.94804 5.74326 7.54131 6.26434 8.72755 5.61122 5.49521 5.46231 5.19909 5.15364 4.84891 5.24657 4.75031 4.52855 4.44436 4.38054 4.28555 4.23358 4.21402 3.6813 3.6702 3.49959 3.46269 5.89441 10.8198 6.94362 5.80969 6.11706 4.98687 4.18532 3.70778 3.43427 3.43077 3.34739 5.32605 3.83979 3.31209 3.2957 3.26938 3.25332 7.21828 4.05672 3.97083 4.34652 3.9272 3.22438 3.1879
threshold=1.0000000180025095e-35 8743.5500000000011 6434.8500000000013 6674.2500000000009 21.970482063676375 8420.1500000000033 2.5000000000000004 4.5000000000000009 1.0000000180025095e-35 81.446038550989513 6114.4500000000016 44.387866084662029 1.0000000180025095e-35 5.1522609290423373 1.0000000180025095e-35 160223.80148664655 1.5000000000000002 1.5000000000000002 518151.41390140104 3.5000000000000004 210450.00000000003 9437.6000000000022 363782.43444632518 30.950000000000003 259674.70367072496 167896.81199061711 1.5000000000000002 118371.62020871804 2.5000000000000004 5.5500000000000007 73053.949802682371 7767.5500000000002 5.5000000000000009 7691.2500000000009 6.5000000000000009 1.0000000180025095e-35 53.683904954241363 45171.500000000007 6059.5500000000011 114944.57587558632 8806.1000000000022 1.0000000180025095e-35 53.941762837796283 4952.9500000000016 18.018642766015152 2.5000000000000004 61562.3853665934 5.5500000000000007 378845.48929436092 44.674503440132852 1.5000000000000002 1.5000000000000002 266139.69614898512 6114.4500000000016 119183.77044369353 1.5000000000000002 42.591192989344904 7.5000000000000009 287433.67066377535 9929.5500000000011 227204.03761758469 2.5000000000000004
decision_type=2 2 2 2 2 2 2 2 2 2 2 2 2 2 2 2 2 2 2 2 2 2 2 2 2 2 2 2 2 2 2 2 2 2 2 2 2 2 2 2 2 2 2 2 2 2 2 2 2 2 2 2 2 2 2 2 2 2 2 2 2 2
left_child=4 2 29 24 12 6 7 11 13 14 27 46 20 -3 37 -13 17 -8 19 31 35 -15 47 28 -4 26 -9 61 32 -2 -23 -19 54 -27 -28 -1 -18 -6 39 51 53 42 44 -43 -41 -44 -5 -14 49 50 -7 -39 -46 -40 55 56 -10 -56 -59 -57 -33 -11
right_child=1 8 3 5 9 48 16 25 23 10 -12 15 22 21 -16 -17 36 18 -20 -21 -22 30 -24 -25 -26 33 34 -29 -30 -31 -32 60 -34 -35 -36 -37 -38 38 40 41 -42 43 45 -45 52 -47 -48 -49 -50 -51 -52 -53 -54 -55 57 59 -58 58 -60 -61 -62 -63
leaf_value=0.0016721497446313704 0.00070429959480818082 0.00092562204293045668 -0.00011734462245554234 -0.002968864588233837 0.0011080781676590004 -0.0016692687773476888 -0.00044801114370845546 -0.00059639116257006108 0.0052078974608196849 0.00072267120213575175 0.00047073813307316366 -0.00063433363257830262 0.0016376383776173038 -0.00034845804931256537 -0.00058567244313897297 -0.0012742103097517761 -0.0060132085135255788 -0.0042460271854033857 -0.0016070765438131016 -0.00015695902613499074 -0.00070396593903636286 0.00081622223269946768 0.0012161211309402037 -5.7332871344887586e-05 -0.00098755700605773224 -0.0033816238368561224 -0.0041665714915906666 0.0021288274451184172 -0.0012021414766718301 0.0016126321475803777 0.00012816118702931303 -0.0039571920049560651 -0.00031663972098211089 -0.0018064916979850338 -0.001324702063045728 0.00068681474785653972 -0.0030647781136338786 0.00010891790873625779 0.00039933908424222178 0.0025063007276119285 0.00057453578240525131 0.002472522582668286 4.0138904975430911e-05 0.0011370248814856262 0.00072164771625342328 0.0029264672239248698 -0.0015543539220400297 0.0030382400756894124 -0.00025290500701507433 -0.00074638420577466207 -0.00040793195798823875 0.0022985478049165438 0.0016956867589635897 -0.0003054438519760667 0.00059929042811743857 0.00011441953607235708 0.0022151588713277444 0.0023966336483045685 0.00086346801399866729 0.0015482745580481221 -0.0013809221325729946 0.0063867900451284598
leaf_weight=19964 29638 25698 47255 4501 25229 33925 4201 5999 1629 9622 32412 60157 6930 58419 12343 91647 1860 10487 8364 1993 4281 24668 13989 17117 26586 13727 2448 30843 2544 24681 371510 2097 6358 6148 2132 17946 2193 68057 24364 4211 90056 8686 31060 35801 53744 1154 91989 11846 18022 80556 7339 1772 10358 50689 50228 7128 3714 7378 12379 14469 2886 255
leaf_count=19964 29638 25698 47255 4501 25229 33925 4201 5999 1629 9622 32412 60157 6930 58419 12343 91647 1860 10487 8364 1993 4281 24668 13989 17117 26586 13727 2448 30843 2544 24681 371510 2097 6358 6148 2132 17946 2193 68057 24364 4211 90056 8686 31060 35801 53744 1154 91989 11846 18022 80556 7339 1772 10358 50689 50228 7128 3714 7378 12379 14469 2886 255
internal_value=4.47634e-07 -0.000344297 -0.000983414 -0.00120011 0.000722146 -0.00132563 -0.00152085 -0.00138265 0.000271079 0.000614296 0.0012238 -0.00125369 0.00142813 0.000148196 0.000507536 -0.00102064 -0.00265115 -0.00241269 -0.00273226 -0.00327117 0.00101194 0.000104249 0.00196405 0.000751138 -0.000430659 -0.00243409 -0.00156931 0.00182322 0.000881904 0.00111702 0.000171003 -0.00367238 0.000933237 -0.00289438 -0.00284368 0.00120571 -0.00441787 0.000540839 0.000503174 0.000675818 0.000278527 0.000922042 0.000711511 0.00139778 0.000979348 0.000143536 -0.00162034 0.00252129 -0.000888913 -0.000983003 -0.00144493 0.000164483 0.000879039 -7.66544e-05 0.00101523 0.00148212 0.0031276 0.000835499 0.00143601 0.00107504 -0.0024651 0.000868905
internal_weight=1.74968e+06 1.18407e+06 580831 526512 565612 452671 312829 278748 603239 490656 73132 248294 74956 480295 417524 151804 34081 30028 25827 17463 42191 454597 32765 122944 73841 30454 10579 40720 105827 54319 396178 15470 103283 19875 4580 37910 4053 405181 379952 214843 165109 145014 100527 44487 68313 32214 96490 18776 139842 121820 41264 69829 64102 75053 96925 26940 5343 69985 19757 21597 4983 9877
internal_count=1749682 1184070 580831 526512 565612 452671 312829 278748 603239 490656 73132 248294 74956 480295 417524 151804 34081 30028 25827 17463 42191 454597 32765 122944 73841 30454 10579 40720 105827 54319 396178 15470 103283 19875 4580 37910 4053 405181 379952 214843 165109 145014 100527 44487 68313 32214 96490 18776 139842 121820 41264 69829 64102 75053 96925 26940 5343 69985 19757 21597 4983 9877
is_linear=0
shrinkage=0.05


Tree=22
num_leaves=63
num_cat=0
split_feature=2 34 6 34 13 1 6 1 32 32 32 0 0 32 6 6 39 31 32 34 28 39 6 28 0 29 36 16 32 39 0 31 32 32 39 36 40 32 34 32 31 0 34 0 34 32 36 40 8 31 40 39 0 2 39 31 40 32 0 0 39 31
split_gain=209.393 98.5834 29.8254 25.3275 23.6128 20.7914 13.644 17.2118 13.3021 10.8481 10.8382 9.29875 9.08554 8.73541 8.08654 7.22715 6.8272 6.70394 7.53357 6.51893 5.94921 6.41904 5.67538 5.31357 6.79228 6.72531 5.18131 5.04081 4.8624 4.56085 4.52706 4.52088 4.77473 6.31257 4.15193 4.14352 3.97362 3.64141 3.4958 3.47096 3.38099 7.06232 3.37222 3.97182 3.24281 3.44164 3.20625 3.18032 2.91541 2.88315 3.52335 2.86204 2.79395 2.78719 2.76214 2.75993 2.75844 2.72981 2.68124 2.67367 4.857 2.51447
threshold=0.99500000000000011 1.0000000180025095e-35 183.25000000000003 1.0000000180025095e-35 0.32000000000000001 5.955000000000001 166.30000000000004 5.1900000000000004 1.5000000000000002 2.5000000000000004 1.5000000000000002 247995.92517238567 210773.00843308747 1.0000000180025095e-35 170.05000000000004 206.50000000000003 11.032734872103637 3.5000000000000004 2.5000000000000004 4.5000000000000009 34.250000000000007 36.464548303125731 193.90000000000003 38.550000000000004 192539.2552706264 63.91403305356819 2.5000000000000004 -1.0549999999999999 2.5000000000000004 35.048385254189832 313292.73063096713 7.5000000000000009 2.5000000000000004 3.5000000000000004 28.281628396118492 1.0000000180025095e-35 54.379662792562577 2.5000000000000004 4.5000000000000009 1.0000000180025095e-35 5.5000000000000009 98207.391301986616 1.5000000000000002 417120.72226864804 1.5000000000000002 1.0000000180025095e-35 5.5000000000000009 48.483106913125745 -0.25499999999999984 1.5000000000000002 22.213808008532215 13.546229187019089 100960.06838826112 0.085000000000000006 46.908907296934835 7.5000000000000009 35.342559947574543 10.500000000000002 346290.92301369522 346290.92301369522 32.529738973219644 8.5000000000000018
decision_type=2 2 2 2 2 2 2 2 2 2 2 2 2 2 2 2 2 2 2 2 2 2 2 2 2 2 2 2 2 2 2 2 2 2 2 2 2 2 2 2 2 2 2 2 2 2 2 2 2 2 2 2 2 2 2 2 2 2 2 2 2 2
left_child=3 10 5 13 15 6 48 28 19 14 16 -6 -12 23 26 22 -2 18 54 34 21 -16 -4 24 25 -1 -5 -18 -8 58 44 32 -10 35 42 -34 -21 38 -13 -23 41 -11 43 55 45 -24 -33 -29 -3 50 -26 -27 -53 -42 -15 -7 -9 -19 -14 60 61 -50
right_child=1 2 4 9 11 8 7 56 31 40 12 37 29 17 20 -17 27 57 -20 36 -22 39 30 -25 49 51 -28 47 -30 -31 -32 46 33 -35 -36 -37 -38 -39 -40 -41 53 -43 -44 -45 -46 -47 -48 -49 59 -51 -52 52 -54 -55 -56 -57 -58 -59 -60 -61 -62 -63
leaf_value=0.0014334112137961118 0.0014433964382269179 -0.0016556180743585445 0.001268444900880641 0.0001538117830600001 -0.00057760780967772791 -0.0029045912979802522 -0.00070129326984718818 0.0028963516910741624 -0.0021357200094739895 0.0067035444689162952 0.0031598191356772536 -0.0012622812128174118 0.003676844650424488 0.0018316033156034828 0.00079309586502061445 0.0012080871721529261 0.00073831280633823455 0.00040475422962923913 0.0037102899731582938 -0.0037395079578473565 -5.6051389316043009e-05 0.0002057361878526625 -0.00054985177149075623 -1.4323964644120315e-05 0.0024726472594747951 0.0014851338774595909 -0.00048742485033603078 -0.00026893616121812609 0.00054474498961837238 0.00027232403406387667 -0.00083731276288677111 -0.0022391912310251948 -0.00063326593440549139 0.0010798290240903372 -0.0011283256276777857 -0.005389891306642385 -0.0018433485367894071 -0.0029273467988736369 -0.0030966750038470279 0.00078313503713466439 0.0012783437190984894 0.0013493736198999587 -0.00073793800068243473 -0.0011693645189265328 0.00053683092495704376 0.0006361994238357684 -0.00026924390057893072 0.00031608379598514682 -0.0023816279203579295 0.00064832867528147613 0.0011593982151302169 0.00010514238605409393 0.00054570447488777899 0.00053007629200833601 0.001103631117403382 -0.0011918147980878495 0.00096420194723683512 0.0013998534944779666 0.0012013838886786061 -0.00046530548905756648 -0.00096709939885788153 -0.0011373277200461133
leaf_weight=19540 12003 23251 7533 64565 43358 11776 65517 3875 4557 736 6053 22925 1796 20537 78081 13589 31818 27471 3662 3978 92820 220745 24513 28035 5682 6531 61518 48834 8892 10217 18984 23669 512 488 121013 4328 9046 5139 2929 29507 19396 3774 5927 7843 21500 8150 2263 44310 10563 25177 50507 50486 125306 34726 35649 2939 3530 9200 2798 17125 71895 6595
leaf_count=19540 12003 23251 7533 64565 43358 11776 65517 3875 4557 736 6053 22925 1796 20537 78081 13589 31818 27471 3662 3978 92820 220745 24513 28035 5682 6531 61518 48834 8892 10217 18984 23669 512 488 121013 4328 9046 5139 2929 29507 19396 3774 5927 7843 21500 8150 2263 44310 10563 25177 50507 50486 125306 34726 35649 2939 3530 9200 2798 17125 71895 6595
internal_value=4.25252e-07 -0.000641474 -0.000943802 0.000466521 -0.000384123 -0.00117421 -0.000829028 -0.000323609 -0.00154186 0.000261476 0.000466093 -0.00105036 0.00152769 0.000771167 0.000192224 0.000141348 0.000304378 0.00118675 0.00151293 -0.00134963 0.000297389 0.000397307 -3.8324e-05 0.000642301 0.000707296 0.000551842 -0.000159058 0.000194972 -0.00055239 0.000860672 -0.000172901 -0.0024141 -0.00332395 -0.00434023 -0.00125617 -0.00488671 -0.0024225 -0.00171173 -0.0014701 0.000273817 0.000907841 0.00222314 -0.00179927 -0.00207813 5.9974e-05 -0.000253911 -0.00206728 9.36662e-06 -0.00114851 0.00109297 0.0012922 0.000457362 0.000419179 0.000798237 0.00136972 -0.0025625 0.00197529 0.000654404 0.00216915 -0.00103746 -0.00114749 -0.00190336
internal_weight=1.74968e+06 736031 578202 1.01365e+06 168620 409582 211243 81814 198339 605868 157829 74351 20864 407783 547236 94269 136965 96519 59848 162522 421153 328333 80680 311264 283229 201863 126083 124962 74409 14811 73147 35817 9885 5328 149498 4840 13024 30993 25854 250252 58632 4510 28485 22558 54163 32663 25932 93144 129429 81366 56189 182323 175792 54122 56186 14715 7405 36671 4594 106178 89053 17158
internal_count=1749682 736031 578202 1013651 168620 409582 211243 81814 198339 605868 157829 74351 20864 407783 547236 94269 136965 96519 59848 162522 421153 328333 80680 311264 283229 201863 126083 124962 74409 14811 73147 35817 9885 5328 149498 4840 13024 30993 25854 250252 58632 4510 28485 22558 54163 32663 25932 93144 129429 81366 56189 182323 175792 54122 56186 14715 7405 36671 4594 106178 89053 17158
is_linear=0
shrinkage=0.05


Tree=23
num_leaves=63
num_cat=0
split_feature=2 3 34 3 3 32 32 32 34 7 39 32 34 0 31 32 33 3 36 28 39 18 0 29 0 32 35 0 32 34 35 32 3 35 0 32 34 33 36 34 31 31 36 38 36 0 34 0 3 36 38 32 34 39 34 35 32 3 31 39 0 34
split_gain=188.977 164.977 22.8581 15.5824 15.0406 15.4878 13.6332 9.79039 9.072 9.02193 8.14661 7.88371 7.07724 6.28823 6.05031 6.79905 5.88835 5.42488 5.52592 5.18838 5.88372 4.83331 6.0755 5.65465 4.68928 4.50389 4.57383 4.58572 4.41951 4.25397 4.16797 4.26876 4.83029 4.15453 3.79644 3.95581 4.9872 3.54384 3.53189 3.46563 3.43667 3.36098 3.33011 3.31502 3.30593 3.67987 8.31865 4.38008 3.13871 3.05749 2.93514 2.88796 3.60049 2.8417 3.03549 3.43967 3.61628 2.82935 2.82149 2.81607 2.75052 3.03028
threshold=0.99500000000000011 6527.6000000000013 1.0000000180025095e-35 6276.8000000000002 8470.6000000000022 1.5000000000000002 1.0000000180025095e-35 2.5000000000000004 4.5000000000000009 8.5500000000000025 49.88600697749159 1.0000000180025095e-35 1.0000000180025095e-35 161110.57583375453 3.5000000000000004 2.5000000000000004 1.0000000180025095e-35 7798.5000000000009 3.5000000000000004 44.95000000000001 36.464548303125731 71367.500000000015 171952.13698072816 63.91403305356819 61562.3853665934 5.5000000000000009 1.0000000180025095e-35 310240.46209260303 2.5000000000000004 1.0000000180025095e-35 1.5000000000000002 1.0000000180025095e-35 7099.2000000000016 1.0000000180025095e-35 690962.34196029475 2.5000000000000004 3.5000000000000004 1.0000000180025095e-35 1.5000000000000002 2.5000000000000004 5.5000000000000009 1.5000000000000002 2.5000000000000004 79.86120723680925 3.5000000000000004 292600.24436280032 1.5000000000000002 93322.323198758866 7019.4500000000007 2.5000000000000004 59.055807589246527 1.0000000180025095e-35 1.5000000000000002 9.7742184216028196 1.5000000000000002 1.0000000180025095e-35 1.0000000180025095e-35 6708.9500000000016 5.5000000000000009 75.592243382253898 444151.00379638089 2.5000000000000004
decision_type=2 2 2 2 2 2 2 2 2 2 2 2 2 2 2 2 2 2 2 2 2 2 2 2 2 2 2 2 2 2 2 2 2 2 2 2 2 2 2 2 2 2 2 2 2 2 2 2 2 2 2 2 2 2 2 2 2 2 2 2 2 2
left_child=2 3 11 6 5 8 12 9 10 19 24 21 41 48 15 43 17 18 29 20 -4 22 23 -1 51 -8 27 -27 -6 -7 -10 -32 -33 -22 35 36 40 53 -24 42 -31 50 57 -13 45 46 47 59 -12 -11 -2 52 -3 -5 55 -55 -57 -26 -30 -9 61 -37
right_child=1 4 7 37 28 16 25 44 30 49 13 14 -14 -15 -16 -17 -18 -19 -20 -21 33 -23 38 -25 39 26 -28 -29 58 34 31 32 -34 -35 -36 60 -38 -39 -40 -41 -42 -43 -44 -45 -46 -47 -48 -49 -50 -51 -52 -53 -54 54 -56 56 -58 -59 -60 -61 -62 -63
leaf_value=0.0013007685316772967 0.00016537747014709904 -0.0037121092930618178 0.000678061528066859 0.0010693846928742604 -0.00070475024756232716 -0.00040801839311989944 0.0014241595290325965 0.0059001272717256088 -0.0023218510719250035 1.5259274239277301e-05 0.00012155282799762408 0.001083826230511316 0.0014158160759505161 -0.0010337615301140655 0.00062168396988972652 0.0035247754757524122 -0.00022389138130451551 -0.001384264989658415 -0.00017914546334443662 -0.00017200519166509447 0.00036426080304761168 -2.4088571471885903e-05 0.001102743130877778 0.00039508914949561592 -0.00078689516395091309 0.0046604185696640169 -0.0040194098613993571 0.0018283736450629532 0.0027355880433648856 -0.0026278197187862133 0.00010643266970546052 -0.0056600583152995061 -0.0007703970042618446 -2.8371491625774168e-05 -0.001286034793075125 -0.0038817453112757576 -0.0027614409457480428 -0.0010170099882549192 0.00033322405035977551 -0.00017326701305637324 0.00026205064786904791 -7.3969436427086835e-05 -0.00095114307623552776 0.0019796951912530846 -0.00027286591519748801 0.00041955207146769018 0.00051538476386418818 0.0017967996346917516 -0.00062911023648885161 -0.00055367362783779084 0.0011053007734644275 0.00010181749911204125 -0.00055437070049594087 0.00023779422268178078 0.00059383407184347703 -0.0010247855612947653 6.9639835602005844e-05 -0.0015958869820724784 4.7463631193906159e-05 0.0018385428410663417 -0.0024112374481220404 -0.0016012495702970309
leaf_weight=19331 16380 4294 96887 7530 96864 2350 35587 1146 20621 48513 20416 42551 17687 93001 36671 3662 4865 22250 2788 56690 196647 27392 87667 158907 12704 2747 229 2980 1058 1589 4068 822 1310 102487 4867 12433 9957 7149 17967 7354 2918 32350 47100 13635 5780 18562 17158 15306 43800 46012 16850 840 1143 33145 19900 15730 14511 72410 12619 680 7165 1650
leaf_count=19331 16380 4294 96887 7530 96864 2350 35587 1146 20621 48513 20416 42551 17687 93001 36671 3662 4865 22250 2788 56690 196647 27392 87667 158907 12704 2747 229 2980 1058 1589 4068 822 1310 102487 4867 12433 9957 7149 17967 7354 2918 32350 47100 13635 5780 18562 17158 15306 43800 46012 16850 840 1143 33145 19900 15730 14511 72410 12619 680 7165 1650
internal_value=4.0399e-07 -0.000609401 0.000443195 0.000526833 -0.00110257 -0.00124438 0.000897313 0.000248403 -0.00109869 0.000182612 -0.00102068 0.000732609 0.000528202 -0.000771 0.00112741 0.00143729 -0.00190429 -0.00202457 -0.00233621 0.00027538 0.000339422 0.000610186 0.00067139 0.000493316 -0.00128983 0.00163714 0.00290972 0.00318679 -0.000585952 -0.0024763 -0.00198008 -0.000843358 -0.00265562 0.00022974 -0.00259607 -0.00277461 -0.0021368 5.4831e-05 0.000971858 -0.00122971 -0.00075681 0.000288812 -0.00128847 0.00130123 0.000862449 0.000986609 0.00129357 0.00207294 -0.000390454 -0.000261681 0.000641986 -0.00262672 -0.00304827 0.000139206 5.51072e-05 -0.000114026 -0.000499631 -0.00147514 0.000255407 0.0043876 -0.00320879 -0.00361456
internal_weight=1.74968e+06 736031 1.01365e+06 222775 513256 402715 124810 605868 329883 547236 303062 407783 83267 157217 96519 59848 72832 67967 45717 452711 396021 311264 283872 178238 145845 41543 5956 5727 110541 42929 26821 6200 2132 299134 40579 35712 14464 97965 105634 139568 4507 65580 132214 56186 58632 52852 34290 17132 64216 94525 33230 6277 5437 90816 83286 63386 30241 85114 13677 1826 21248 14083
internal_count=1749682 736031 1013651 222775 513256 402715 124810 605868 329883 547236 303062 407783 83267 157217 96519 59848 72832 67967 45717 452711 396021 311264 283872 178238 145845 41543 5956 5727 110541 42929 26821 6200 2132 299134 40579 35712 14464 97965 105634 139568 4507 65580 132214 56186 58632 52852 34290 17132 64216 94525 33230 6277 5437 90816 83286 63386 30241 85114 13677 1826 21248 14083
is_linear=0
shrinkage=0.05


Tree=24
num_leaves=63
num_cat=0
split_feature=2 3 34 1 0 3 34 3 39 38 28 39 35 3 39 9 34 36 10 34 39 35 33 34 36 19 18 35 39 0 18 39 38 1 3 39 34 3 36 3 3 34 34 3 33 35 0 10 3 3 0 3 36 36 19 38 0 38 34 3 35 33
split_gain=170.552 148.994 20.6294 15.401 10.4834 9.93578 9.66072 9.04212 7.45959 6.85647 6.80457 6.39254 5.67617 5.30941 5.25929 5.20817 4.82701 4.33106 4.12647 4.05609 3.79711 3.75023 3.88741 5.51709 3.682 5.15458 3.68053 3.66851 3.58345 3.52121 4.38435 3.26874 3.17627 4.25271 3.15053 3.1075 2.96047 2.92651 3.48798 2.907 3.40779 3.0601 3.35079 3.06838 2.8022 2.73432 2.7226 2.72063 2.55267 2.55103 2.4674 2.9606 2.43628 4.32692 2.86821 2.3875 2.33061 2.3014 2.67582 2.90411 2.7302 2.27318
threshold=0.99500000000000011 6455.0500000000011 1.0000000180025095e-35 5.8350000000000009 187895.12496585262 6139.8500000000013 4.5000000000000009 7403.9000000000005 35.733870433106716 81.446038550989513 29.750000000000004 27.257703399610858 1.0000000180025095e-35 11761.400000000003 13.546229187019089 -0.52499999999999936 1.5000000000000002 2.5000000000000004 -0.75499999999999934 1.0000000180025095e-35 22.765566358351226 1.5000000000000002 1.5000000000000002 1.5000000000000002 1.5000000000000002 181350.00000000003 100241.00000000001 1.0000000180025095e-35 49.668986594923844 124112.91938260027 39796.000000000007 6.0722100753254402 79.86120723680925 5.9200000000000008 9437.6000000000022 83.197229607889895 1.5000000000000002 7560.7500000000009 1.5000000000000002 9263.1500000000033 8663.7000000000025 5.5000000000000009 7.5000000000000009 11761.400000000003 1.5000000000000002 3.5000000000000004 145715.98222761587 -0.89499999999999991 6742.4000000000005 6366.0000000000009 93322.323198758866 4952.9500000000016 1.5000000000000002 3.5000000000000004 136650.00000000003 49.066274464961069 109898.16134808636 64.832088625778979 1.5000000000000002 10772.000000000002 1.0000000180025095e-35 1.0000000180025095e-35
decision_type=2 2 2 2 2 2 2 2 2 2 2 2 2 2 2 2 2 2 2 2 2 2 2 2 2 2 2 2 2 2 2 2 2 2 2 2 2 2 2 2 2 2 2 2 2 2 2 2 2 2 2 2 2 2 2 2 2 2 2 2 2 2
left_child=2 5 8 15 7 9 17 28 10 14 29 24 32 50 -2 -3 27 48 -17 35 -9 22 26 -24 25 -4 39 -7 36 30 -1 -29 47 -34 46 55 45 -8 -39 40 -13 52 43 56 -36 -5 -26 -10 -6 -18 -14 -52 57 54 -54 -16 -43 58 59 60 -41 -31
right_child=1 3 11 4 6 16 37 20 12 -11 -12 21 13 -15 19 18 49 -19 -20 -21 -22 -23 23 -25 34 -27 -28 31 -30 61 -32 -33 33 -35 44 -37 -38 38 -40 41 -42 42 -44 -45 -46 -47 -48 -49 -50 -51 51 -53 53 -55 -56 -57 -58 -59 -60 -61 -62 -63
leaf_value=0.0019020455495545746 0.0019147934161792412 -0.0013019374523608922 0.001415956559335282 -0.0014560263500447779 -0.00096550460277296907 0.0003753223257600179 -0.003046687323030968 -0.002746334175827151 -5.2035350459636049e-05 0.0017553284094220087 0.00016522089540053745 0.00075989425458722814 0.00037968612310513775 0.00027980851514203411 -5.4902060556916785e-05 -0.0009170865670483794 0.0019067875489294788 -0.00088937961621140562 -0.00045408676135947251 0.0015533331607019783 -0.0012944840350894464 -0.00013982299858662022 0.00059466863319041982 -0.00068742050970898075 -0.0017249740367913883 4.2737895563464635e-05 -0.0004934084428567506 0.0011601959567818954 -0.00028164240583742538 0.0017322683775410073 0.00044662510494531597 -0.00044762657289238095 0.00038621054248070294 0.001540346596270065 0.00060490506284108009 0.0014007481618749909 -0.00035840290535962219 0.00050339248904284829 -0.0024242937143504994 0.00078346412687910205 -0.00026884165863526549 0.0021592897649543481 -3.1296794871729757e-05 -0.00066017694399207402 -0.00077912633807015834 0.0013220070711498844 7.9629870580990659e-05 0.00045886999992181526 -0.001625022917022329 0.00056625994403498013 0.0020558703731204209 0.0011101913904319252 0.0011553659805880194 0.0001344380396686674 0.00050047564842946367 0.00060166007576798646 0.00099034002562698288 -0.00013075715350025264 -1.7393346840816279e-05 0.00028609457281876695 0.0024619157005840633 0.00078306852768865475
leaf_weight=7136 8369 32758 23770 19909 17183 44872 12287 5018 30807 20195 15786 10168 8797 23407 24125 75898 5410 34205 131505 9554 43923 86104 12582 25191 2870 9591 15077 3489 44402 38225 18825 33640 17401 14745 60377 7567 12470 1400 3722 8536 38650 5906 8405 2166 3893 927 7691 169009 100388 10317 10092 45999 21669 71239 73191 32498 15337 48800 29861 21411 3383 7554
leaf_count=7136 8369 32758 23770 19909 17183 44872 12287 5018 30807 20195 15786 10168 8797 23407 24125 75898 5410 34205 131505 9554 43923 86104 12582 25191 2870 9591 15077 3489 44402 38225 18825 33640 17401 14745 60377 7567 12470 1400 3722 8536 38650 5906 8405 2166 3893 927 7691 169009 100388 10317 10092 45999 21669 71239 73191 32498 15337 48800 29861 21411 3383 7554
internal_value=3.8379e-07 -0.000578931 0.000421035 -0.00101352 -0.00125501 0.00058555 -0.00151253 -0.00091099 0.000695979 0.000929957 0.00110504 0.000235982 0.000584181 0.000925365 0.000726963 -0.000716055 0.000225003 -0.00138457 -0.000623519 0.00059216 -0.00144334 0.000160257 0.000223036 -0.000260363 0.000584315 0.00102117 0.000271884 7.11117e-05 -0.00057571 0.00131185 0.000846682 -0.00029654 0.000454311 0.000915599 0.000389557 0.0004491 -0.000967748 -0.00262813 -0.00162407 0.000304049 -5.45726e-05 0.000360542 0.000825065 0.00113254 0.000521071 -0.00133243 -0.000410779 0.0003801 -0.00152863 0.00102739 0.00115824 0.00128034 0.000307399 0.00042892 0.000650073 0.000321923 0.00131533 0.000127167 0.000326352 0.00063432 0.00125986 0.00157564
internal_weight=1.74968e+06 736031 1.01365e+06 535995 295834 200036 169185 126649 407783 102308 87526 605868 320257 88295 82113 240161 97728 151776 207403 73744 48941 497676 411572 37773 108192 33361 373799 82001 77708 71740 25961 37129 231962 32146 74831 64190 33306 17409 5122 358722 48818 309904 31814 23409 64270 20836 10561 199816 117571 15727 64888 56091 278090 166099 94860 56623 21243 111991 63191 33330 11919 45779
internal_count=1749682 736031 1013651 535995 295834 200036 169185 126649 407783 102308 87526 605868 320257 88295 82113 240161 97728 151776 207403 73744 48941 497676 411572 37773 108192 33361 373799 82001 77708 71740 25961 37129 231962 32146 74831 64190 33306 17409 5122 358722 48818 309904 31814 23409 64270 20836 10561 199816 117571 15727 64888 56091 278090 166099 94860 56623 21243 111991 63191 33330 11919 45779
is_linear=0
shrinkage=0.05


Tree=25
num_leaves=63
num_cat=0
split_feature=2 3 31 32 1 32 39 32 3 18 3 18 35 35 3 3 9 32 32 36 33 36 39 10 0 0 32 0 32 0 0 0 32 0 39 37 0 35 39 1 3 39 33 31 39 36 3 3 3 32 31 38 3 36 31 36 0 0 39 39 31 36
split_gain=154.897 134.629 16.589 14.376 12.8379 14.3523 11.4727 11.3447 6.76642 6.38891 5.92727 5.95594 5.87125 5.4571 8.80268 4.93045 4.69996 4.61274 4.43467 4.3583 4.35255 4.31939 3.88647 3.79897 3.78164 3.5494 3.50256 3.47353 3.39859 3.95732 3.37382 3.3698 3.36143 3.15586 3.24994 2.95229 3.07659 2.79853 2.65555 2.70263 3.36835 2.65015 2.52914 2.4393 2.45439 2.4378 2.72359 2.3683 2.36744 2.35968 2.34663 2.34637 2.30129 3.02288 4.32134 3.21248 3.34739 2.29004 2.25426 2.24027 2.21899 4.98958
threshold=0.99500000000000011 6443.6000000000013 3.5000000000000004 1.0000000180025095e-35 5.8350000000000009 1.5000000000000002 37.939089223299568 1.0000000180025095e-35 6872.7000000000016 54903.500000000007 9003.3000000000011 57959.500000000007 1.5000000000000002 1.0000000180025095e-35 10496.100000000002 6059.5500000000011 -0.52499999999999936 2.5000000000000004 1.5000000000000002 7.5000000000000009 1.0000000180025095e-35 3.5000000000000004 34.209374221139143 -0.75499999999999934 118371.62020871804 255608.75855991404 5.5000000000000009 270663.95213718427 8.5000000000000018 326979.73610281601 155501.42461975358 275307.39793552883 1.5000000000000002 145715.98222761587 16.427268310526262 1.0000000180025095e-35 690962.34196029475 1.0000000180025095e-35 3.3083412633346394 5.9200000000000008 9071.4500000000025 20.300569211434059 1.0000000180025095e-35 7.5000000000000009 53.941762837796283 1.5000000000000002 7560.7500000000009 6742.4000000000005 6114.4500000000016 1.0000000180025095e-35 1.5000000000000002 63.02181743056672 7560.7500000000009 1.0000000180025095e-35 8.5000000000000018 1.5000000000000002 334583.71056835965 496374.73674758186 89.825888475832528 80.306100981576705 6.5000000000000009 1.5000000000000002
decision_type=2 2 2 2 2 2 2 2 2 2 2 2 2 2 2 2 2 2 2 2 2 2 2 2 2 2 2 2 2 2 2 2 2 2 2 2 2 2 2 2 2 2 2 2 2 2 2 2 2 2 2 2 2 2 2 2 2 2 2 2 2 2
left_child=2 3 6 12 16 8 18 9 31 41 -9 19 33 17 -15 26 -3 30 -1 24 21 35 57 -18 43 45 -5 32 -26 -30 58 37 -17 34 -2 36 47 -6 -11 40 -40 -4 48 44 -12 -24 -47 -7 -35 50 -39 -45 60 -54 -55 -56 -57 -10 -8 -42 61 -49
right_child=1 4 7 15 5 20 13 10 22 38 11 -13 -14 14 -16 27 23 -19 -20 -21 -22 -23 25 -25 28 -27 -28 -29 29 -31 -32 -33 -34 42 -36 -37 -38 49 39 -41 59 -43 -44 51 -46 46 -48 52 -50 -51 -52 -53 53 54 55 56 -58 -59 -60 -61 -62 -63
leaf_value=0.0010783590013562013 0.0014188646184433262 -0.0012385580693217331 0.001026421717797229 0.0016410574487613272 -1.9334294198308589e-05 -0.0013800346545053889 0.00017026637810079657 -0.00025556620016098602 -0.0017409873061805152 0.00062999522147211924 0.0035846614073418003 0.00012906674988092567 -0.00064920488427685271 0.0011892459718154647 -0.00010238578354719892 0.00094411485095087359 -0.00087530509702269743 0.0032243650006704332 0.0026173184031341723 -0.00024472138645807408 -0.00018698786235470073 -0.00024198292567211314 -0.0011996215067810532 -0.00043150261340722356 0.00058534390386328131 -0.0014258037627473052 0.0037439469637176796 0.00045098279215086102 0.0020852129955771593 0.00072496992517649531 0.00058043022360731208 -0.0011070894338228682 0.0021852246642640105 0.0010853412766461585 3.2552259030704864e-07 -7.3325077717114272e-05 -0.0010730382140867914 0.0030993239283322142 -0.00058262422372043921 0.00074206553809701712 -4.6815287207805815e-05 0.00034636303645783618 -0.00041487399147786277 0.0007576699010858369 0.001579362849569858 -0.00037535321299706935 -0.0010719387208082572 -0.00066520738011196384 0.00043239763502071527 -0.00016121402592686281 -0.0012943228929199056 0.0019270315472868249 -4.6708840230600117e-05 -0.0038623402710398764 0.00039825117806716693 -0.0032605797214047883 -0.00084337034408285745 -0.00082605937100268449 0.0011547956163778063 0.00038375320346785815 -0.0031401144481455938 -0.0036025187048991654
leaf_weight=77744 4406 32698 18085 14883 26319 5073 128367 18066 37537 16472 2494 33829 15044 56932 17169 18173 75991 1440 4981 7825 3383 3124 34663 131946 52300 41365 2284 20921 9634 12016 118944 22735 7796 26680 48302 1630 5011 311 26862 11250 268772 68918 5128 10799 3931 33304 24250 3173 28942 9307 13316 7117 1726 3124 1528 3201 2592 8363 6090 34036 16318 2656
leaf_count=77744 4406 32698 18085 14883 26319 5073 128367 18066 37537 16472 2494 33829 15044 56932 17169 18173 75991 1440 4981 7825 3383 3124 34663 131946 52300 41365 2284 20921 9634 12016 118944 22735 7796 26680 48302 1630 5011 311 26862 11250 268772 68918 5128 10799 3931 33304 24250 3173 28942 9307 13316 7117 1726 3124 1528 3201 2592 8363 6090 34036 16318 2656
internal_value=-8.91199e-07 -0.000552403 0.000400043 0.000583966 -0.000954167 -0.00117014 0.000644677 0.000232867 -0.00101311 0.000103483 0.000596751 0.00070678 0.000278941 0.000512307 0.000889978 0.00119586 -0.000681317 0.00040249 0.00117102 0.000890951 -0.00192174 -0.00204113 -0.00117737 -0.000593691 0.000981362 -0.00104098 0.00192084 0.000930442 0.00080343 0.00133026 0.000386455 -0.000603577 0.0013167 0.000402009 0.000118905 -0.00216323 -0.00223995 -0.000371157 9.94385e-06 -2.00148e-05 -4.60208e-05 0.000487724 0.000647636 0.00152193 0.00235776 -0.000868362 -0.000668855 -0.0023884 0.000745593 -0.000774908 -0.00119405 0.00122219 -0.00253746 -0.00198514 -0.00230546 -0.00164112 -0.00217903 -0.00157429 0.000214859 1.58115e-06 -0.00284099 -0.0020036
internal_weight=1.75128e+06 737203 1.01407e+06 192559 544644 304009 411667 602406 251470 444395 158011 139945 128502 328942 74101 64057 240635 254841 82725 106116 52539 49156 179482 207937 98291 133582 17167 46890 73950 21650 253401 71988 25969 113458 52708 46032 44402 49253 357392 340920 329670 87003 60750 24341 6425 92217 57554 39391 55622 22934 13627 17916 34318 12171 10445 7321 5793 45900 134457 302808 22147 5829
internal_count=1751276 737203 1014073 192559 544644 304009 411667 602406 251470 444395 158011 139945 128502 328942 74101 64057 240635 254841 82725 106116 52539 49156 179482 207937 98291 133582 17167 46890 73950 21650 253401 71988 25969 113458 52708 46032 44402 49253 357392 340920 329670 87003 60750 24341 6425 92217 57554 39391 55622 22934 13627 17916 34318 12171 10445 7321 5793 45900 134457 302808 22147 5829
is_linear=0
shrinkage=0.05


Tree=26
num_leaves=63
num_cat=0
split_feature=2 3 34 3 3 36 31 7 38 39 39 34 39 34 34 35 34 40 28 35 3 35 36 33 34 35 28 7 34 36 34 40 36 39 36 38 35 31 36 28 35 34 3 36 3 31 34 3 34 36 3 38 31 35 33 38 7 10 40 39 31 35
split_gain=139.839 125.703 17.7966 13.3501 8.3247 8.5381 7.88298 7.16697 6.95198 6.25951 6.21915 6.05165 5.74075 5.7405 5.22463 12.1522 7.63534 5.33533 4.89953 4.87439 4.58693 4.19078 4.04805 3.98735 5.44261 4.31719 4.86961 3.98462 4.31445 5.0063 3.95831 3.82989 3.78512 4.71446 5.84298 3.5281 3.31114 4.03472 3.7843 3.26292 3.18695 7.21558 2.89613 2.86775 2.84691 2.71621 2.68966 2.64975 2.58481 2.49025 2.48824 2.47515 2.47151 2.63152 2.41575 2.31766 3.599 3.33718 2.28272 4.35147 2.71894 2.28184
threshold=1.0550000000000004 6559.9000000000005 1.0000000180025095e-35 6335.0000000000009 8454.2500000000018 2.5000000000000004 3.5000000000000004 9.2000000000000011 81.446038550989513 21.970482063676375 8.4920239377530446 4.5000000000000009 17.855285984510253 2.5000000000000004 1.5000000000000002 2.5000000000000004 3.5000000000000004 23.686017499495509 29.750000000000004 1.0000000180025095e-35 11761.400000000003 1.0000000180025095e-35 1.0000000180025095e-35 1.5000000000000002 1.5000000000000002 1.5000000000000002 34.250000000000007 4.8500000000000005 6.5000000000000009 1.5000000000000002 5.5000000000000009 23.455665173384805 3.5000000000000004 43.319880796083886 1.5000000000000002 76.208227781064394 1.5000000000000002 6.5000000000000009 1.5000000000000002 26.750000000000004 1.5000000000000002 6.5000000000000009 6059.5500000000011 1.5000000000000002 7058.6500000000005 8.5000000000000018 1.0000000180025095e-35 7126.3000000000011 1.5000000000000002 1.5000000000000002 7500.7000000000007 50.575376922578144 6.5000000000000009 1.0000000180025095e-35 1.0000000180025095e-35 75.928470690053317 5.6500000000000012 -0.71000000000000052 56.281063811372022 21.054035606181841 27.500000000000004 3.5000000000000004
decision_type=2 2 2 2 2 2 2 2 2 2 2 2 2 2 2 2 2 2 2 2 2 2 2 2 2 2 2 2 2 2 2 2 2 2 2 2 2 2 2 2 2 2 2 2 2 2 2 2 2 2 2 2 2 2 2 2 2 2 2 2 2 2
left_child=2 3 9 8 5 6 43 12 10 18 -2 -7 39 42 15 22 17 -16 -1 31 -21 -18 -8 25 -25 26 32 30 29 45 -23 35 33 -14 -35 -11 58 51 -39 49 -32 -42 46 44 -3 -29 -12 -19 54 -4 -47 -38 53 -36 -5 57 -57 -33 59 -24 -60 -51
right_child=1 4 7 48 -6 11 14 -9 -10 19 13 -13 23 -15 16 -17 21 47 -20 20 -22 27 36 24 -26 -27 -28 28 -30 -31 40 55 -34 34 52 -37 37 38 -40 -41 41 -43 -44 -45 -46 50 -48 -49 -50 61 -52 -53 -54 -55 -56 56 -58 -59 60 -61 -62 -63
leaf_value=0.0013962077203306202 0.0018418099018002885 -0.00055881824009225878 0.0014808177936980953 -0.00014743312440480168 -0.00064174436456852346 -0.00065626386837316366 -0.0007909773669414566 -0.00043213866404942291 0.0014059830988500518 0.00089265440249326636 0.00059293450394657017 -0.002565067445076976 0.0008839910380775165 0.0025411289107937678 -0.0016836292733241774 -0.00087640146801505603 -0.00061581959665612087 0.00013001011634209574 0.00011688183849662656 0.00105260674214916 0.00030794330247985245 -0.0017102381512851244 -0.0031098322617355454 0.00052867831844262999 -0.0006382193830143212 -8.9053332556386538e-05 -9.6319814284890178e-05 -0.0020590883901013351 -0.00022033657787831037 -0.0030293614457156397 -0.0039581107463587603 -0.00012702386924270077 7.3265936316579077e-05 0.00012690309039948988 0.00065396931109875864 0.0032902813553813827 -0.0030088374799338898 -0.0049528195225153572 -0.00046515464470599493 0.00010827523134786937 -0.0049841174134633744 0.00032624149074478618 0.00018623417807398684 -8.5532443321461525e-05 -0.0012531956076232025 -0.0027275328935880776 0.0020195389817304061 -0.0008127726120513945 0.00039038617268161917 0.00059441178583552131 0.00033241041982025793 -0.0016929568316692439 0.0010087554659389377 -0.00022946011036237626 -0.0012544858198627617 0.00044988729305622707 0.0015078547201921857 0.00040689123025916551 -0.0023821709795578579 -0.00099875586434469547 -0.00088339743870829383 0.0026004515355403735
leaf_weight=40104 8548 25656 13376 56139 127688 101744 5698 41285 29052 19830 34134 4329 55718 3162 9357 31467 8890 15769 9201 74700 28596 9966 3090 14884 30407 83720 62708 3676 6034 5279 5042 36098 74843 111656 36655 1663 7493 3029 556 17771 1073 1584 68819 11148 34761 812 3658 14132 21669 33607 3654 6832 34042 10947 5402 32511 10679 154655 25747 11622 3429 1480
leaf_count=40104 8548 25656 13376 56139 127688 101744 5698 41285 29052 19830 34134 4329 55718 3162 9357 31467 8890 15769 9201 74700 28596 9966 3090 14884 30407 83720 62708 3676 6034 5279 5042 36098 74843 111656 36655 1663 7493 3029 556 17771 1073 1584 68819 11148 34761 812 3658 14132 21669 33607 3654 6832 34042 10947 5402 32511 10679 154655 25747 11622 3429 1480
internal_value=-8.46639e-07 -0.00053548 0.000372539 0.000427067 -0.000988843 -0.00111132 -0.00126772 0.000204445 0.000712943 0.000629229 0.000542778 -0.000734165 0.000249616 0.000441622 -0.00144071 -0.00168787 -0.00115386 -0.000641645 0.00115747 0.000556627 0.000846457 -0.00159091 -0.00206618 0.000193323 -0.000254741 0.000236474 0.000306974 -0.00182444 -0.00133081 -0.00183007 -0.00236808 0.000439422 0.000385062 0.000478773 0.00036197 0.00107817 -0.00218376 -0.00275668 -0.00425682 0.000687814 -0.00321964 -0.00181829 0.000379353 -0.00082237 -0.000958329 -0.00105249 0.00073102 -0.000315574 -7.92477e-05 0.000900326 -0.000223943 -0.00238126 0.000683448 0.000450808 -0.000244609 0.000380739 0.000711476 0.000305853 -0.00194996 -0.00144215 -0.00220602 0.000679028
internal_weight=1.75128e+06 720140 1.03114e+06 230583 489557 361869 255796 623099 147373 408037 118321 106073 581814 109773 184231 98963 85268 39258 49305 358732 103296 46010 67496 515580 45291 470289 386569 37120 19455 13421 17665 255436 323861 249018 193300 21493 61798 17910 3585 66234 7699 2657 106611 71565 60417 8142 37792 29901 83210 48463 4466 14325 81644 47602 61541 233943 43190 190753 43888 14712 29176 35087
internal_count=1751276 720140 1031136 230583 489557 361869 255796 623099 147373 408037 118321 106073 581814 109773 184231 98963 85268 39258 49305 358732 103296 46010 67496 515580 45291 470289 386569 37120 19455 13421 17665 255436 323861 249018 193300 21493 61798 17910 3585 66234 7699 2657 106611 71565 60417 8142 37792 29901 83210 48463 4466 14325 81644 47602 61541 233943 43190 190753 43888 14712 29176 35087
is_linear=0
shrinkage=0.05


Tree=27
num_leaves=63
num_cat=0
split_feature=2 3 34 3 39 0 7 0 3 34 28 0 29 28 39 34 31 39 39 34 6 0 31 31 5 35 39 36 35 35 31 0 5 33 36 33 34 35 39 35 31 35 16 20 18 34 34 22 39 0 31 0 39 31 27 0 1 35 34 31 36 39
split_gain=126.277 115.417 16.4883 12.0485 6.78803 8.01966 6.66524 6.49255 6.4394 6.59736 5.73388 9.04564 5.6818 5.62328 6.25788 5.30495 5.5082 5.23867 6.75063 5.21612 5.18485 4.52846 4.77986 4.39917 4.01231 3.86472 3.80491 3.56473 3.53927 3.0736 2.91102 2.85676 2.83874 2.79676 2.78038 2.67021 3.72898 3.00585 2.5456 2.46666 2.37675 2.27684 2.26113 2.25427 3.36171 2.5558 2.69359 2.29132 2.23703 2.17453 2.16066 1.99654 1.98354 1.97241 1.94993 1.90345 1.89388 2.96409 1.87132 1.82556 1.82248 1.8673
threshold=1.0900000000000003 6559.9000000000005 1.0000000180025095e-35 6335.0000000000009 33.793973005865396 203784.04554423681 8.9000000000000021 468459.40111072798 7923.6500000000005 4.5000000000000009 29.350000000000005 168932.01955585621 63.048323007051643 36.95000000000001 29.447328968923468 1.5000000000000002 7.5000000000000009 86.719845885814223 23.93411739077489 1.0000000180025095e-35 179.80000000000004 104596.30476177733 3.5000000000000004 11.500000000000002 168.18450000000004 1.0000000180025095e-35 46.138202424766128 3.5000000000000004 3.5000000000000004 1.0000000180025095e-35 16.500000000000004 313292.73063096713 138.727 1.0000000180025095e-35 3.5000000000000004 1.5000000000000002 1.5000000000000002 1.5000000000000002 76.393208891667243 1.0000000180025095e-35 5.5000000000000009 3.5000000000000004 -0.60999999999999999 704.50000000000011 39305.000000000007 5.5000000000000009 7.5000000000000009 4537.5000000000009 97.987117009455048 113197.23966616434 1.5000000000000002 486911.16074045311 17.855285984510253 5.5000000000000009 38.550000000000004 131755.01542722576 7.4400000000000004 1.0000000180025095e-35 3.5000000000000004 7.5000000000000009 2.5000000000000004 26.775244254510117
decision_type=2 2 2 2 2 2 2 2 2 2 2 2 2 2 2 2 2 2 2 2 2 2 2 2 2 2 2 2 2 2 2 2 2 2 2 2 2 2 2 2 2 2 2 2 2 2 2 2 2 2 2 2 2 2 2 2 2 2 2 2 2 2
left_child=2 3 10 17 7 20 13 15 9 23 11 12 -1 14 34 16 21 18 40 32 28 22 -3 -7 -9 48 29 30 42 33 60 39 49 52 -4 37 -37 43 -27 -5 -2 54 -6 -16 47 -46 59 -45 -14 -20 -31 -25 -13 -41 -36 -21 -28 -58 -17 -47 61 -8
right_child=1 4 6 31 5 8 27 24 -10 -11 -12 26 25 -15 35 58 -18 -19 19 55 -22 -23 -24 51 -26 38 56 -29 -30 50 -32 -33 -34 -35 41 36 -38 -39 -40 53 -42 -43 -44 44 45 46 -48 -49 -50 -51 -52 -53 -54 -55 -56 -57 57 -59 -60 -61 -62 -63
leaf_value=0.0013199344320470377 0.0011102032104989949 -0.00079132676296613078 0.00090789486173705998 0.00038855125846734475 -0.0011244879693195593 -0.0010920645108830535 0.00077489267883377793 0.00021078986570013353 -0.00065738441386405154 -0.0024320533361635744 0.00014994802461372207 0.0028073205231870756 0.0002292289211115115 -9.6331852082425095e-05 -2.2384378009856816e-05 -0.0005464685476512227 -0.00098084036404253567 0.0015864014256859644 -6.8857225466894566e-05 0.00030979607385025213 -0.00016001175982903438 -0.0017477501424882612 -0.0034533027722331898 -0.0030923011290320663 -0.0010540308252001806 0.00061151446291220159 0.00066094723864207902 -0.00058833796915232434 0.00038837327260794833 -8.2002851333353225e-05 0.0010847011052717195 -0.00058004195049977719 -8.1378843266134823e-05 0.00060228584405472795 0.00095526265183245153 0.00051635086282720601 -0.00059252124502377464 -6.521968984236677e-05 0.0016136926197716066 -0.00059851298459502622 0.0024536725196171224 0.0019586707388208648 -0.00069425171229754929 0.00039566176535347011 0.00031402171822188138 -0.00085312111351325238 -5.1901866609862718e-06 0.0018366011935313292 0.0024055397669039062 0.00069845696631679402 0.0011680328494302081 -0.0014559839257239646 0.0016858827060274814 0.00023544711836986145 -0.00028308273871481684 0.001378991569535738 0.00086944221734614629 0.0021260727768846323 -0.0013359669996532637 0.0013050617756614901 -0.00050971573056732473 -3.9295264388636217e-05
leaf_weight=17635 21119 2105 60551 33263 43255 88245 8168 9830 53161 12057 60761 5654 137638 88100 33441 15660 17808 14308 12575 5620 44878 36098 8479 4118 17314 39777 69347 33364 6312 4147 5999 20968 39053 4236 4260 12064 20406 48794 7537 16607 3900 1686 103879 4641 197824 1041 6598 6803 1191 34746 20772 3406 13030 12372 12526 16052 20474 6088 14414 16680 17351 51090
leaf_count=17635 21119 2105 60551 33263 43255 88245 8168 9830 53161 12057 60761 5654 137638 88100 33441 15660 17808 14308 12575 5620 44878 36098 8479 4118 17314 39777 69347 33364 6312 4147 5999 20968 39053 4236 4260 12064 20406 48794 7537 16607 3900 1686 103879 4641 197824 1041 6598 6803 1191 34746 20772 3406 13030 12372 12526 16052 20474 6088 14414 16680 17351 51090
internal_value=-8.04307e-07 -0.000514002 0.000350452 0.000405714 -0.00095488 -0.000845564 0.000190333 -0.00127761 -0.00110775 -0.00132979 0.000598066 0.000676415 0.000462166 0.000267393 0.000342382 -0.00147326 -0.001729 0.000677296 0.000579543 0.000408171 -0.00063274 -0.00201441 -0.00292388 -0.00119102 -0.000595985 0.000380902 0.000980135 -0.000152145 -0.000770998 0.00134437 2.40264e-05 -7.52853e-05 0.000234152 0.00176226 0.000744084 0.000251241 -0.000180528 0.000295631 0.000771159 9.47564e-05 0.00131963 0.000207116 -0.000820734 0.00036157 0.000416538 0.000373485 0.000857193 0.00125224 0.000247899 0.000494552 0.000960003 -0.00235157 0.00202524 -0.000242471 3.11882e-05 0.00110173 0.000798457 0.00115746 -0.000924863 0.00117828 -5.90316e-05 7.29307e-05
internal_weight=1.75128e+06 711602 1.03967e+06 230583 481019 359311 631387 121708 160987 107826 408287 347526 203778 515415 427315 94564 64490 147373 133065 108046 198324 46682 10584 95769 27144 186143 143748 115972 153446 47839 82608 83210 86374 22920 79023 348292 32470 315822 47314 62242 25019 18472 147134 267028 233587 222143 24319 11444 138829 47321 24919 7524 18684 28979 16786 21672 95909 26562 30074 17721 76609 59258
internal_count=1751276 711602 1039674 230583 481019 359311 631387 121708 160987 107826 408287 347526 203778 515415 427315 94564 64490 147373 133065 108046 198324 46682 10584 95769 27144 186143 143748 115972 153446 47839 82608 83210 86374 22920 79023 348292 32470 315822 47314 62242 25019 18472 147134 267028 233587 222143 24319 11444 138829 47321 24919 7524 18684 28979 16786 21672 95909 26562 30074 17721 76609 59258
is_linear=0
shrinkage=0.05


Tree=28
num_leaves=63
num_cat=0
split_feature=2 3 34 32 32 3 7 35 32 1 32 34 7 40 32 0 3 0 38 40 0 40 36 28 8 36 0 0 36 36 34 32 32 35 34 34 0 0 0 27 1 35 40 34 38 38 0 32 3 38 34 38 36 35 0 34 0 0 36 20 22 36
split_gain=113.965 104.224 14.8807 11.0339 8.50948 7.76724 7.52667 7.31696 5.88734 5.49994 11.0843 10.2845 4.39897 4.1301 4.55499 4.44363 4.14978 3.87136 3.8442 3.7131 3.62959 3.55044 3.49495 3.31663 3.24571 2.96968 2.96808 2.95018 3.52299 3.76673 3.32335 5.8374 3.77369 2.94654 2.94335 4.77206 2.88808 2.79227 2.77756 4.0728 3.30886 4.04814 2.736 2.70167 2.68972 2.58132 2.55375 3.87874 2.52524 2.49926 2.49822 2.47969 2.44877 2.4447 2.44024 2.35194 6.26555 2.97919 2.73872 2.31159 2.29785 2.12362
threshold=1.0900000000000003 6527.6000000000013 1.0000000180025095e-35 1.0000000180025095e-35 2.5000000000000004 6335.0000000000009 8.4000000000000021 1.5000000000000002 1.0000000180025095e-35 5.955000000000001 2.5000000000000004 4.5000000000000009 5.6500000000000012 37.488562264330454 1.0000000180025095e-35 148397.90344945819 7356.7500000000009 91206.655099362353 74.718376489669325 23.455665173384805 145715.98222761587 49.567287307673801 2.5000000000000004 47.050000000000004 -0.28999999999999954 1.5000000000000002 69622.077091720173 663608.72325493454 3.5000000000000004 1.0000000180025095e-35 2.5000000000000004 3.5000000000000004 4.5000000000000009 1.5000000000000002 6.5000000000000009 7.5000000000000009 61562.3853665934 219348.49165327751 139624.24046483563 38.150000000000013 7.4400000000000004 1.0000000180025095e-35 73.787644704468065 1.5000000000000002 62.443627231640676 76.208227781064394 388834.29802813922 5.5000000000000009 11095.450000000003 81.069521430235355 6.5000000000000009 54.104643964708778 3.5000000000000004 1.0000000180025095e-35 298145.48445270286 1.5000000000000002 266139.69614898512 95333.484160635562 1.5000000000000002 680.50000000000011 5518.0000000000009 1.5000000000000002
decision_type=2 2 2 2 2 2 2 2 2 2 2 2 2 2 2 2 2 2 2 2 2 2 2 2 2 2 2 2 2 2 2 2 2 2 2 2 2 2 2 2 2 2 2 2 2 2 2 2 2 2 2 2 2 2 2 2 2 2 2 2 2 2
left_child=2 3 8 7 6 21 17 49 19 24 11 13 53 14 36 -16 54 59 -14 45 61 -5 -8 38 -3 -9 -26 28 29 -12 31 51 -33 52 44 48 43 -7 39 -21 -40 -42 -22 -11 -19 -1 47 -23 -36 -2 -44 -31 55 -10 -15 56 57 58 -6 -4 -61 -13
right_child=1 9 4 5 33 37 22 25 12 10 27 20 18 16 15 -17 -18 34 -20 23 42 46 -24 -25 26 -27 -28 -29 -30 30 -32 32 -34 -35 35 -37 -38 -39 40 -41 41 -43 50 -45 -46 -47 -48 -49 -50 -51 -52 -53 -54 -55 -56 -57 -58 -59 -60 60 -62 -63
leaf_value=0.00085907290411722955 0.00019813334866189826 -0.0012487015610377567 -4.3479108327563643e-05 0.00082008445164594905 0.0058770127541478119 0.00083200361504700768 3.4245955381777421e-05 -0.0005284966335902645 0.00031924060940021523 -0.0040057839877324563 -0.00050729789087222775 6.4814938752858522e-05 0.00097500542419485083 -0.00028493923399440562 0.00068461731377532538 -0.00087489652513953245 -0.0010103650582448584 0.00026581098818809576 0.0020340154700867275 0.0010172951736598949 -0.0026349764583081547 0.001580988918790767 -0.00049791048201345417 -0.00029804301777318067 -0.0015505035595774948 -0.0023692220247523463 -0.00058675445132809576 -0.00077952959072816229 9.7579251500249604e-05 -0.006277936094750961 -0.00080239611691930359 0.0018011980173299625 -0.002365487363608153 0.0020883373534530537 0.0021555830421231027 -0.0001145763523437037 -0.0012435282323079091 -0.00022715605315597046 0.00045907679085865948 0.0001469663710522021 0.00073711832881810657 0.0020569301657612084 -0.0020924252773633347 0.00013301831520734329 -7.8408818157316199e-08 0.0026979360734636776 0.00079049278597134254 0.0032756313436019136 0.00023968373940677244 0.00082337208202103119 -0.0001139054281623442 -0.0036045648148531218 -0.00029840820688056282 0.00096978145227110334 -0.00092209775676850353 0.00034161819067899963 0.00042974648541426743 0.0015727137122577379 0.0018127238594318512 0.00063441743301364932 0.0016562402492457775 -0.0021186647955219128
leaf_weight=29182 111735 24016 10051 22950 826 10452 63292 15243 30112 1738 2533 3239 26503 64002 5864 20663 49988 195019 12664 15518 12849 15423 60199 15849 8370 2559 175467 4488 1600 1065 2407 569 12081 3789 6235 7240 64145 15378 113341 100482 27475 7368 4624 510 185667 2042 6224 4323 2375 18651 2436 4675 6101 27751 19638 20395 18319 11689 832 32745 6613 1697
leaf_count=29182 111735 24016 10051 22950 826 10452 63292 15243 30112 1738 2533 3239 26503 64002 5864 20663 49988 195019 12664 15518 12849 15423 60199 15849 8370 2559 175467 4488 1600 1065 2407 569 12081 3789 6235 7240 64145 15378 113341 100482 27475 7368 4624 510 185667 2042 6224 4323 2375 18651 2436 4675 6101 27751 19638 20395 18319 11689 832 32745 6613 1697
internal_value=-7.64092e-07 -0.000488302 0.00033293 0.000407577 0.000180816 0.00090285 0.000120271 0.000157748 0.000568163 -0.000897019 -0.00104134 -0.000933876 0.000908221 -0.000827969 -0.00108398 -0.000530154 -0.000649946 0.00021593 0.00131742 0.000462155 -0.00189958 0.0012732 -0.000225168 0.000404489 -0.000702047 -0.000793097 -0.000630633 -0.00195964 -0.00217209 -0.00232774 -0.00254947 -0.00277814 -0.00217807 0.000737325 0.000163928 0.000831532 -0.00130526 0.000201428 0.000446635 0.000263395 0.000590077 0.00101621 -0.0022005 -0.00306682 0.000136132 0.000979332 0.00167363 0.001952 0.0016271 0.00028757 -0.00140975 -0.00410058 0.000649312 0.000631239 -0.000434539 0.000760375 0.00103008 0.00185405 0.00383751 0.00063328 0.000806106 -0.000685867
internal_weight=1.75128e+06 711602 1.03967e+06 222938 631387 74750 569436 148188 408287 488664 280811 251393 97030 226548 92920 26527 133628 445945 39167 311257 24845 48920 123491 280033 207853 17802 183837 29418 24930 23330 20797 18390 12650 61951 396536 15850 66393 25830 264184 116000 148184 34843 19909 2248 380686 31224 25970 19746 8610 130386 7060 5740 58162 57863 83640 52061 31666 13347 1658 49409 39358 4936
internal_count=1751276 711602 1039674 222938 631387 74750 569436 148188 408287 488664 280811 251393 97030 226548 92920 26527 133628 445945 39167 311257 24845 48920 123491 280033 207853 17802 183837 29418 24930 23330 20797 18390 12650 61951 396536 15850 66393 25830 264184 116000 148184 34843 19909 2248 380686 31224 25970 19746 8610 130386 7060 5740 58162 57863 83640 52061 31666 13347 1658 49409 39358 4936
is_linear=0
shrinkage=0.05


Tree=29
num_leaves=63
num_cat=0
split_feature=2 3 34 32 3 32 3 32 6 32 34 35 6 39 36 31 32 33 36 40 18 0 18 0 27 0 31 0 34 6 31 40 36 39 31 0 35 0 39 32 34 34 0 34 34 3 36 34 32 0 39 39 0 0 31 40 40 34 35 0 40 33
split_gain=102.853 94.3556 13.4299 11.1299 7.91931 7.6798 7.33543 9.06078 5.86539 5.31333 5.26401 5.03932 4.68324 4.23152 4.19279 3.98863 4.904 3.83461 3.92032 3.80078 3.79897 3.7238 3.40374 4.38273 4.39357 3.38021 3.28857 3.60355 3.15749 4.93035 3.81736 3.20411 6.85481 4.79446 3.13786 5.80547 3.12662 3.04467 3.0373 3.00162 3.00083 2.87761 2.97249 5.2337 4.24437 3.58564 4.84015 3.39495 2.8568 2.84355 2.85871 2.77829 2.77216 2.72346 2.69585 2.60924 2.5852 2.47613 2.78092 3.74758 2.88673 2.4721
threshold=1.0900000000000003 6455.0500000000011 1.0000000180025095e-35 1.0000000180025095e-35 6742.4000000000005 2.5000000000000004 8352.8500000000004 1.5000000000000002 170.05000000000004 1.0000000180025095e-35 4.5000000000000009 1.5000000000000002 179.30000000000004 49.88600697749159 2.5000000000000004 3.5000000000000004 2.5000000000000004 1.0000000180025095e-35 5.5000000000000009 50.693544332036886 106744.50000000001 205250.58759149702 71990.500000000015 171952.13698072816 38.150000000000013 161110.57583375453 7.5000000000000009 61562.3853665934 1.0000000180025095e-35 183.50000000000003 1.5000000000000002 62.233485426311439 1.0000000180025095e-35 43.612541018836282 5.5000000000000009 98207.391301986616 1.5000000000000002 268388.87224638741 5.1522609290423373 5.5000000000000009 1.5000000000000002 1.0000000180025095e-35 468459.40111072798 2.5000000000000004 3.5000000000000004 7500.7000000000007 1.5000000000000002 4.5000000000000009 7.5000000000000009 86712.446929415964 46.908907296934835 11.754985301820122 81634.323121687965 368781.28033656598 6.5000000000000009 20.440667153087134 51.804072558978618 2.5000000000000004 1.0000000180025095e-35 107350.76582284849 36.852997317631555 1.5000000000000002
decision_type=2 2 2 2 2 2 2 2 2 2 2 2 2 2 2 2 2 2 2 2 2 2 2 2 2 2 2 2 2 2 2 2 2 2 2 2 2 2 2 2 2 2 2 2 2 2 2 2 2 2 2 2 2 2 2 2 2 2 2 2 2 2
left_child=2 3 9 11 21 8 7 10 14 22 13 28 39 26 -4 16 -11 18 41 -12 38 -3 23 24 -1 -15 27 40 30 -30 31 -2 -33 -34 35 -7 48 51 -10 -5 -6 -9 43 -43 -45 -46 47 -47 -36 50 -8 -14 -40 -50 -23 -25 -37 58 60 -60 -29 -54
right_child=1 4 5 12 6 34 49 17 20 15 19 -13 37 25 -16 -17 -18 -19 -20 -21 -22 54 -24 55 -26 -27 -28 57 29 -31 -32 32 33 -35 36 56 -38 -39 52 -41 -42 42 -44 44 45 46 -48 -49 53 -51 -52 -53 61 -55 -56 -57 -58 -59 59 -61 -62 -63
leaf_value=0.00094132989725190469 0.00010418185416078426 -7.2544716335228841e-06 0.00010326150916049041 0.0013899752756328441 -0.0036246531073878055 0.0057422657330445225 -0.0019032434321423334 -0.00018502016010392465 0.00084768676274311623 0.0010012218113667432 -0.0029625607907147414 -0.00064766677891997526 0.0031233840258088996 -0.00029779335605639896 -0.00042964501698876156 0.00045617765088910574 0.0029077625396883014 -0.00010880489327261283 5.1292505500103327e-06 -0.0013160059949089693 -0.00043496179050569393 -0.00040691114613441797 -0.00010443879848021195 0.0015587650721940313 0.00023607003541030745 -0.00085749799441180066 -0.00041019155316997496 -0.0012781235214740863 0.0017925454418884672 0.00039333836755216895 -0.00026609932273918325 0.00021421617764471134 0.0049115322459064789 0.001555068844709037 0.00013775904454275926 -0.0024114741323833038 0.0019839204830108593 0.0002740662718025264 0.00065482574829296356 0.0032075131703449204 -7.3837350041109804e-05 -0.0028254573367006691 -0.0012620099095000386 0.0004039612902383919 -0.0028311449597925461 -0.0023076653628944523 -0.0027139885267151221 0.00062847626828515699 0.0013228404848767575 -0.00054504537315652345 -0.00038017524814047508 0.00094861239701988685 0.00021725447898280465 0.00029493665458628441 -0.001299592380164292 0.00066824979128864723 0.0015869956876676317 0.00010987898915996349 -0.0028348926263168685 -0.0013094531821992257 -0.00042647756636028666 -0.00021695218503883524
leaf_weight=25815 26408 38396 75612 16997 2573 824 8037 2406 19816 56251 4625 15730 1564 44599 72110 37191 3588 3800 2968 14470 21708 25290 26368 8985 152755 68264 15738 21880 7798 32683 35231 9905 1418 4261 27110 455 3789 21461 32435 2622 774 16615 11327 2345 5901 1377 3207 3454 14636 131230 4996 24065 311114 11513 12707 97334 3624 3839 4505 37887 18249 36641
leaf_count=25815 26408 38396 75612 16997 2573 824 8037 2406 19816 56251 4625 15730 1564 44599 72110 37191 3588 3800 2968 14470 21708 25290 26368 8985 152755 68264 15738 21880 7798 32683 35231 9905 1418 4261 27110 455 3789 21461 32435 2622 774 16615 11327 2345 5901 1377 3207 3454 14636 131230 4996 24065 311114 11513 12707 97334 3624 3839 4505 37887 18249 36641
internal_value=-7.25887e-07 -0.000463887 0.000316283 0.0004565 -0.000824051 0.000171775 -0.000906494 -0.0010511 0.000114258 0.000539755 -0.000918732 0.000192865 0.000983834 -0.0008491 -0.000156875 0.00086281 0.00111554 -0.00163957 -0.00175685 -0.00171482 0.000209233 -0.000354525 0.000439047 0.000489349 0.000338026 -0.000636325 -0.00107684 -0.0011938 0.000305194 0.000662873 0.000117696 0.000439697 0.00100825 0.00239315 0.000700458 0.00191427 0.000596137 0.000713423 0.000244193 0.00163288 -0.00280352 -0.00186899 -0.0019606 -0.00220113 -0.00156411 -0.0018952 -0.00120809 -0.000208424 0.000497406 -0.000615002 -0.0013194 0.00108133 0.000212738 0.00087027 -0.000705443 0.000743507 0.00114098 -0.00113141 -0.00118916 -0.00147156 -0.00089083 0.000171505
internal_weight=1.75128e+06 711602 1.03967e+06 200143 511459 631387 435066 290803 569436 408287 237403 133434 66709 218308 147722 97030 59839 53400 49600 19095 421714 76393 311257 284889 178570 112863 105445 89707 117704 40481 77223 41992 15584 5679 61951 4903 57048 47090 400006 19619 3347 46632 44226 32899 16284 13939 8038 4831 53259 144263 13033 25629 380190 26149 37997 106319 4079 86360 82521 42392 40129 347755
internal_count=1751276 711602 1039674 200143 511459 631387 435066 290803 569436 408287 237403 133434 66709 218308 147722 97030 59839 53400 49600 19095 421714 76393 311257 284889 178570 112863 105445 89707 117704 40481 77223 41992 15584 5679 61951 4903 57048 47090 400006 19619 3347 46632 44226 32899 16284 13939 8038 4831 53259 144263 13033 25629 380190 26149 37997 106319 4079 86360 82521 42392 40129 347755
is_linear=0
shrinkage=0.05


Tree=30
num_leaves=63
num_cat=0
split_feature=2 3 32 32 31 3 5 32 34 36 31 36 32 34 31 39 28 35 7 39 39 28 40 35 5 31 0 3 39 0 7 36 39 32 35 0 0 3 35 0 39 32 34 40 34 37 0 34 40 0 31 3 39 36 0 36 0 31 35 34 40 39
split_gain=92.0242 82.0221 11.3872 10.1755 9.75428 8.19029 10.2046 7.97581 8.05422 5.73937 5.32778 7.18228 6.48535 5.1844 5.5723 4.95684 4.83747 4.94217 4.74988 4.582 4.35673 3.82075 3.59254 3.53944 3.47123 3.42805 3.40127 3.39822 3.38745 3.34334 3.1225 3.11826 3.05744 2.97608 2.95847 4.54043 2.94594 4.00372 2.86481 2.74991 3.65016 3.70389 2.73711 2.73066 2.7184 2.66561 2.65161 3.82073 3.00523 2.64528 2.63523 2.50362 2.42536 2.39179 2.71113 2.38985 3.23452 2.38965 2.23591 2.88972 2.14312 2.14282
threshold=0.99500000000000011 6434.8500000000013 1.0000000180025095e-35 1.0000000180025095e-35 3.5000000000000004 6708.9500000000016 148.34150000000002 2.5000000000000004 3.5000000000000004 3.5000000000000004 7.5000000000000009 1.0000000180025095e-35 3.5000000000000004 1.0000000180025095e-35 2.5000000000000004 44.387866084662029 25.750000000000004 2.5000000000000004 8.1500000000000004 37.939089223299568 51.039998038112891 47.350000000000001 64.707407636116528 1.0000000180025095e-35 137.33500000000001 5.5000000000000009 205250.58759149702 7560.7500000000009 20.300569211434059 249776.41200111897 4.6500000000000012 1.5000000000000002 92.794822233140906 5.5000000000000009 1.0000000180025095e-35 110726.09788494302 154567.52758480312 4905.1500000000005 1.0000000180025095e-35 373744.24968150514 44.674503440132852 1.5000000000000002 1.5000000000000002 47.87487912400308 1.5000000000000002 1.0000000180025095e-35 359210.81522500172 3.5000000000000004 43.446728400146867 359210.81522500172 6.5000000000000009 6427.6500000000005 69.232966637231769 1.5000000000000002 108211.58668890691 2.5000000000000004 459838.67566565186 1.5000000000000002 1.0000000180025095e-35 4.5000000000000009 27.001866963826256 9.7742184216028196
decision_type=2 2 2 2 2 2 2 2 2 2 2 2 2 2 2 2 2 2 2 2 2 2 2 2 2 2 2 2 2 2 2 2 2 2 2 2 2 2 2 2 2 2 2 2 2 2 2 2 2 2 2 2 2 2 2 2 2 2 2 2 2 2
left_child=2 3 4 13 19 26 39 8 15 16 11 -9 -13 14 -2 25 17 20 21 -1 46 28 23 -10 33 34 -3 55 -6 31 -30 44 36 -5 -8 43 -21 38 -38 40 41 53 61 -36 -17 -27 47 48 57 58 -28 60 -24 -7 -55 56 -12 -4 59 -20 -15 -26
right_child=1 5 9 24 18 6 7 10 22 -11 27 12 -14 51 -16 29 -18 -19 49 32 -22 -23 52 -25 42 45 50 -29 30 -31 -32 -33 -34 -35 35 -37 37 -39 -40 -41 -42 -43 -44 -45 -46 -47 -48 -49 -50 -51 -52 -53 -54 54 -56 -57 -58 -59 -60 -61 -62 -63
leaf_value=0.00080093012606875932 0.00024580789054674351 3.6544773014852833e-05 -0.0019928059253403294 0.0012896946524716334 0.00066502637949443629 -0.00048394773153572954 -0.00099571441944019956 4.4944000901044236e-05 -0.0006794880817471761 -0.00026797376958147886 -0.0031037994499292826 -0.0038776073206809726 0.0014552679397599297 0.0015408458831577293 -0.0006766359007606066 -0.0011039133789204454 0.00019046739190754715 -0.00057974477238700677 -0.00026284248431067669 0.00014491374930392171 0.00065294407087699213 -0.00025223017356218517 -0.00039615013333295265 -0.0022849180776933391 0.0014830532237450917 -0.00059456537256422873 -0.00031972288418777046 -0.00071521296614441285 0.00055077414273328371 -0.00095372043033888131 7.9902873541526516e-05 -0.0002310866550489058 0.0011770914728632927 0.0030142236660715659 -0.0039170705936776486 -0.0014097363152960284 0.00071786982469302686 0.00032266655304192859 0.0018916796518850068 7.2384947922419409e-05 -0.0003734523554728819 5.4878294277942684e-05 0.0017111074067083501 -0.0010639430312191743 -0.00015374647427189862 -0.0020888032653675671 0.00061419362287403834 0.00073516245036704176 0.0020474457913322286 0.00040342353774270212 -0.0011719130451722393 -0.00031570755848360634 -0.0015220908305999196 -0.0021669438067704072 -0.0010608233788220948 -8.872527802813841e-05 -0.0014248691139614118 0.0012250996361908373 -0.00051895456122389783 0.00072428786698972404 0.00062782479194054366 0.0003831145126414229
leaf_weight=63992 67114 42720 605 18961 38695 10058 29265 1872 4267 16527 4865 6714 623 9278 21654 24567 37764 6093 32028 143981 93766 47964 8396 17568 5250 37074 27501 12252 42606 44648 202757 65915 10338 2882 3303 18463 23236 101834 6696 19803 88478 7875 6047 1124 10853 3246 15513 16300 20416 14945 13537 4848 11114 7881 18647 1661 6991 12438 55496 9647 20918 28273
leaf_count=63992 67114 42720 605 18961 38695 10058 29265 1872 4267 16527 4865 6714 623 9278 21654 24567 37764 6093 32028 143981 93766 47964 8396 17568 5250 37074 27501 12252 42606 44648 202757 65915 10338 2882 3303 18463 23236 101834 6696 19803 88478 7875 6047 1124 10853 3246 15513 16300 20416 14945 13537 4848 11114 7881 18647 1661 6991 12438 55496 9647 20918 28273
internal_value=1.24323e-07 -0.000425217 0.000309176 0.000485082 0.00022109 -0.000731068 -0.000812641 -0.000975361 -0.000886375 0.000628011 -0.0016872 -0.00271946 -0.00342478 0.000224078 2.07876e-05 -0.000774673 0.000700995 0.000817748 6.55214e-05 0.000418457 0.000871288 0.000160539 -0.00153062 -0.00197118 0.00101128 -0.00106109 -0.000275743 -0.00131831 0.000230236 -0.000593235 0.000161667 -0.000434406 0.000332905 0.00151723 -0.00132876 -0.00175456 0.000301256 0.000472091 0.000980459 -0.000477296 -0.000559178 -0.000928774 0.000731991 -0.00319267 -0.000812774 -0.00071486 0.00118495 0.00136289 0.00166869 -0.000215864 -0.000600831 0.000739021 -0.00103755 -0.0011405 -0.00138943 -0.00186496 -0.0021138 0.00107584 -0.000311112 -3.43399e-05 0.000908359 0.000555375
internal_weight=1.75014e+06 736506 1.01364e+06 185225 794215 551281 467523 314781 279803 219422 34978 9209 7337 123812 88768 238458 202895 165131 444138 350077 159038 332022 41345 21835 61413 92475 83758 25769 284058 145983 245363 101335 286085 21843 52155 22890 275747 131766 29932 152742 132939 44461 39570 4427 35420 40320 65272 49759 33459 112116 41038 35044 19510 36586 26528 13517 11856 13043 97171 41675 30196 33523
internal_count=1750143 736506 1013637 185225 794215 551281 467523 314781 279803 219422 34978 9209 7337 123812 88768 238458 202895 165131 444138 350077 159038 332022 41345 21835 61413 92475 83758 25769 284058 145983 245363 101335 286085 21843 52155 22890 275747 131766 29932 152742 132939 44461 39570 4427 35420 40320 65272 49759 33459 112116 41038 35044 19510 36586 26528 13517 11856 13043 97171 41675 30196 33523
is_linear=0
shrinkage=0.05


Tree=31
num_leaves=63
num_cat=0
split_feature=2 3 34 3 7 38 28 38 35 35 3 31 18 34 35 34 34 7 36 40 34 34 40 3 40 35 19 20 31 34 36 36 34 35 36 35 34 31 36 31 35 34 34 33 31 40 36 35 3 36 31 3 31 7 31 31 3 36 35 35 35 38
split_gain=83.2507 77.499 11.3393 9.04746 5.43887 4.74689 4.53533 5.89444 4.31459 5.49277 5.64265 3.9146 3.87083 3.78471 3.67466 4.61508 4.2856 3.58743 5.41972 3.46296 3.04421 2.98057 3.11454 2.96004 2.95515 2.84801 2.82974 5.2915 2.8144 2.78986 3.36309 2.77475 3.11876 4.40511 4.90676 4.39018 4.09707 2.78211 3.07063 2.76214 2.75404 3.4487 2.609 2.58833 2.54418 2.82164 2.51122 2.43414 2.59667 2.4164 2.59124 2.30782 2.7245 2.20085 2.12165 2.10523 8.89398 2.72605 2.05288 2.04639 4.99052 1.9751
threshold=1.0900000000000003 6559.9000000000005 1.0000000180025095e-35 6237.3000000000002 9.2000000000000011 76.208227781064394 26.550000000000004 83.196906426921302 3.5000000000000004 1.0000000180025095e-35 8454.2500000000018 15.500000000000002 33797.500000000007 4.5000000000000009 1.0000000180025095e-35 1.5000000000000002 5.5000000000000009 4.7500000000000009 1.5000000000000002 57.988623973876336 1.5000000000000002 1.0000000180025095e-35 51.48035032816577 7500.7000000000007 50.693544332036886 1.0000000180025095e-35 128750.00000000001 754.50000000000011 10.500000000000002 6.5000000000000009 2.5000000000000004 2.5000000000000004 1.5000000000000002 2.5000000000000004 1.0000000180025095e-35 1.5000000000000002 3.5000000000000004 6.5000000000000009 1.5000000000000002 7.5000000000000009 1.5000000000000002 6.5000000000000009 5.5000000000000009 1.0000000180025095e-35 1.0000000180025095e-35 82.025725110868237 8.5000000000000018 4.5000000000000009 11556.100000000002 1.5000000000000002 5.5000000000000009 6810.3000000000002 10.500000000000002 5.5500000000000007 12.500000000000002 3.5000000000000004 10496.100000000002 1.0000000180025095e-35 2.5000000000000004 2.5000000000000004 1.0000000180025095e-35 50.575376922578144
decision_type=2 2 2 2 2 2 2 2 2 2 2 2 2 2 2 2 2 2 2 2 2 2 2 2 2 2 2 2 2 2 2 2 2 2 2 2 2 2 2 2 2 2 2 2 2 2 2 2 2 2 2 2 2 2 2 2 2 2 2 2 2 2
left_child=2 3 6 5 11 21 7 12 9 51 13 14 -1 31 16 55 26 40 23 28 43 22 58 -19 -9 -14 27 -4 39 -20 -31 32 33 34 -11 -36 -34 61 -39 -18 -15 42 -42 59 45 -26 -13 48 -17 50 -24 52 -3 -46 -43 56 57 -16 -2 60 -5 -37
right_child=1 8 4 20 -6 -7 -8 24 -10 10 -12 46 25 17 15 47 19 18 29 -21 -22 -23 49 -25 44 -27 -28 -29 -30 30 -32 -33 36 -35 35 37 -38 38 -40 -41 41 54 -44 -45 53 -47 -48 -49 -50 -51 -52 -53 -54 -55 -56 -57 -58 -59 -60 -61 -62 -63
leaf_value=0.0014536689573725545 -4.9308132716015636e-05 -8.9230441180798299e-05 9.9336197944606113e-05 0.00020350866389499543 -0.00040110442653748394 0.0011675885881311753 0.00012265411515411154 0.0021545849720076503 -0.00016948819823936899 -0.0008196687508132942 -0.00058297851000350379 0.00096363551447346514 0.00034950696428619427 -0.0028310662056836413 -0.00014928983381590322 -0.00034736916574608893 -0.0016416409172559277 -0.001479554491858397 -0.002656890326689016 0.00045693716950485978 0.00050650232977419779 0.0011701218097503207 0.0008540686324853095 0.00042648787125437287 0.00059813365864755505 0.00069424152875414633 0.00012798845994513254 0.001102373777517471 5.7358406559663485e-06 -0.00013876611948132511 -0.0030425563239785871 -0.0006391941547094224 0.00029357306962880065 -0.00069378277267745023 -0.0013727169926915591 -0.002618293270439788 -0.0012663424526508005 -0.0042432057571712839 -0.00019771376468303095 0.0021394037468653766 -0.00073553370698772446 0.001367879949329397 -0.0043726571982441896 -0.0010079408375668051 0.00040818429311565997 0.0026586387284744748 -0.00010202471395634286 0.0014526242183824489 0.00010710858052054124 -0.00017490122205431118 0.0027761289953657647 -0.00070129687595606117 -0.0015083152690010802 0.0012803766717706265 -0.0031552332558602418 0.00018598374348053077 -0.0001097264653110803 0.00290973062980257 0.00079268926918901479 0.00055288738566115498 -0.00066753647261595574 -0.0014359154887467077
leaf_weight=9997 40428 29881 30697 41131 41449 31582 69452 5877 27395 20148 65730 25022 200088 8078 863 92886 513 3243 6152 27374 24822 12334 17325 5477 2810 85518 243534 23001 2463 3227 1443 36221 8074 25032 28831 7445 8794 3029 555 8264 967 1348 1006 7512 18396 4065 7096 2282 47502 5104 1951 177157 3814 11919 321 64388 9112 4666 8818 12417 27397 6720
leaf_count=9997 40428 29881 30697 41131 41449 31582 69452 5877 27395 20148 65730 25022 200088 8078 863 92886 513 3243 6152 27374 24822 12334 17325 5477 2810 85518 243534 23001 2463 3227 1443 36221 8074 25032 28831 7445 8794 3029 555 8264 967 1348 1006 7512 18396 4065 7096 2282 47502 5104 1951 177157 3814 11919 321 64388 9112 4666 8818 12417 27397 6720
internal_value=1.18106e-07 -0.000416825 0.000285336 0.000336069 0.000152521 0.000643377 0.00049072 0.0005662 -0.000778808 -0.000815682 -0.000978307 0.000191437 0.00048658 -0.00112586 0.000160516 2.52724e-06 0.000264808 -0.00162479 -0.00120999 0.000760351 1.71962e-05 0.00045078 0.000330274 -0.000282376 0.00111269 0.00045273 0.000200431 0.000528977 0.00149929 -0.00195744 -0.00103602 -0.00101817 -0.00114454 -0.00125941 -0.00147159 -0.00175358 -0.000519677 -0.00237224 -0.00361674 0.00191841 -0.00231642 -0.00117493 -0.00259004 -0.000120108 0.000948048 0.00181645 0.000728194 -0.00016726 -0.000193591 0.000792464 0.00104861 -0.000629155 -0.000249859 0.000751106 0.000497946 0.000309042 0.000850225 0.00243226 0.00010146 -3.77142e-05 -0.000144729 -0.00205736
internal_weight=1.75014e+06 710909 1.03923e+06 230821 631112 117542 408122 338670 480088 452693 241841 589663 295603 176111 557545 221699 335846 31262 19542 38614 113279 85960 73626 8720 43067 285606 297232 53698 11240 10822 4670 144849 108628 91760 66728 46580 16868 17749 3584 8777 11720 3642 1973 88457 37190 6875 32118 142670 140388 24380 19276 210852 33695 30315 1669 79029 14641 5529 49246 80945 68528 14165
internal_count=1750143 710909 1039234 230821 631112 117542 408122 338670 480088 452693 241841 589663 295603 176111 557545 221699 335846 31262 19542 38614 113279 85960 73626 8720 43067 285606 297232 53698 11240 10822 4670 144849 108628 91760 66728 46580 16868 17749 3584 8777 11720 3642 1973 88457 37190 6875 32118 142670 140388 24380 19276 210852 33695 30315 1669 79029 14641 5529 49246 80945 68528 14165
is_linear=0
shrinkage=0.05


Tree=32
num_leaves=63
num_cat=0
split_feature=2 3 32 31 32 3 36 3 32 7 31 36 32 28 35 35 35 7 35 28 38 5 40 32 31 17 19 40 20 18 40 35 7 3 40 31 37 7 1 32 36 31 32 36 32 35 31 32 40 35 36 40 32 40 32 35 36 31 40 32 32 40
split_gain=75.1338 70.1646 10.3559 8.91595 8.80638 7.7186 5.73927 5.53706 7.2642 4.97675 4.33728 6.35497 5.85925 4.15419 4.4068 3.97661 5.29248 3.59663 3.4139 3.38985 2.98899 2.97807 2.95961 2.83803 2.87454 2.72078 3.86358 2.90644 2.71109 2.69669 2.60508 2.35127 3.45614 3.99089 2.73734 5.71796 2.28741 2.22549 3.11047 2.80372 2.22304 2.11673 2.05821 2.01082 1.96984 2.7842 3.11153 3.63474 2.82857 2.6154 1.95619 2.10043 2.61709 1.81403 1.7884 1.71893 2.26011 1.71178 4.18249 3.14478 1.82843 1.76883
threshold=1.0900000000000003 6434.8500000000013 1.0000000180025095e-35 3.5000000000000004 1.0000000180025095e-35 6742.4000000000005 3.5000000000000004 8304.1500000000015 2.5000000000000004 8.1500000000000004 7.5000000000000009 1.0000000180025095e-35 3.5000000000000004 25.750000000000004 2.5000000000000004 1.0000000180025095e-35 3.5000000000000004 9.3500000000000032 1.5000000000000002 47.350000000000001 56.090379144572857 137.33500000000001 36.852997317631555 8.5000000000000018 18.500000000000004 11703.500000000002 110750.00000000001 22.213808008532215 748.50000000000011 33438.500000000007 51.48035032816577 1.0000000180025095e-35 7.6500000000000012 4952.9500000000016 83.981679498700245 1.0000000180025095e-35 1.0000000180025095e-35 4.9500000000000011 5.9200000000000008 1.5000000000000002 4.5000000000000009 1.5000000000000002 3.5000000000000004 1.0000000180025095e-35 7.5000000000000009 1.0000000180025095e-35 1.5000000000000002 1.0000000180025095e-35 47.049893107893446 2.5000000000000004 1.0000000180025095e-35 29.983041132389676 3.5000000000000004 45.707252614926091 1.0000000180025095e-35 4.5000000000000009 2.5000000000000004 9.5000000000000018 56.281063811372022 1.0000000180025095e-35 1.5000000000000002 33.575848441249398
decision_type=2 2 2 2 2 2 2 2 2 2 2 2 2 2 2 2 2 2 2 2 2 2 2 2 2 2 2 2 2 2 2 2 2 2 2 2 2 2 2 2 2 2 2 2 2 2 2 2 2 2 2 2 2 2 2 2 2 2 2 2 2 2
left_child=2 4 3 25 18 44 13 8 15 19 11 -10 20 14 17 22 40 37 36 29 -13 30 -7 -12 -25 -1 28 43 -27 53 -6 34 33 41 -29 -36 -2 -4 50 -40 57 -33 -41 -28 45 -3 -47 48 -48 -49 -39 52 -52 -5 -18 56 -11 59 -59 61 -60 -17
right_child=1 5 6 9 21 7 -8 -9 10 55 23 12 -14 -15 -16 16 54 -19 -20 -21 -22 -23 -24 24 -26 26 27 31 -30 -31 -32 32 -34 -35 35 -37 -38 38 39 42 -42 -43 -44 -45 -46 46 47 49 -50 -51 51 -53 -54 -55 -56 -57 -58 58 60 -61 -62 -63
leaf_value=6.2856144456209008e-05 0.00035463117463835998 8.637995452953081e-05 0.00050832168912338395 0.001495858976343546 0.00085257977843419775 -0.00096671332465160173 -0.00030291787058833795 -0.00053590392005424959 5.4638952098539827e-05 1.7604907656813997e-05 -0.00052987408501535961 -0.0060126476220641436 0.0015546159824157135 0.00016768640856032431 -0.00050665272428992633 -0.0017924866681702314 -0.00060529434939596977 -0.00012584355083214842 -0.00052659196092969375 -0.00024432940286927629 -0.003230125679351509 0.00067167052846339942 -0.0004210195309650347 -0.0024873134428839384 -0.0010702615195894813 0.00061447051301954415 0.00038780364166759621 0.00022910686299344857 0.0020631282896231003 0.00017310573964860788 0.001944660393528579 0.001613727961461117 0.0017074036747871382 0.00015964163786526167 0.002262197629761431 -4.8587332912609522e-05 -0.00055684695511906148 0.00030723075489280015 0.0010977390875395478 0.0022653624487761963 -0.00022003358255981615 0.00019142236764149872 -0.0025485660349786805 0.0012417666745562716 -0.0012547965334519498 0.0037121331374496899 -0.0014499017474351001 -0.00049815090357562518 -0.000345802737436557 0.00060769914891419235 -0.0012174477775911082 0.00097878609504327744 0.0017389068835483796 0.00039739217896236993 0.00044007049811870365 0.00080513818281837128 -0.00042315734334578866 -0.0032796316607882378 -0.00041598703500461855 -0.000850443049704829 -0.0020821742581981556 -0.00116999430273294
leaf_weight=57779 102063 40170 35286 6406 10914 37009 17389 152371 1753 46874 8153 1214 559 37764 6735 18054 9815 9898 14368 47964 4708 39570 75611 6406 8109 7022 11950 194908 5980 268558 10929 9357 6765 28677 5100 5635 7381 16277 24895 8493 6556 3631 228 16291 4841 438 13003 13744 10473 8751 2371 66239 1094 9094 7016 3939 76635 3208 4064 55871 2768 31019
leaf_count=57779 102063 40170 35286 6406 10914 37009 17389 152371 1753 46874 8153 1214 559 37764 6735 18054 9815 9898 14368 47964 4708 39570 75611 6406 8109 7022 11950 194908 5980 268558 10929 9357 6765 28677 5100 5635 7381 16277 24895 8493 6556 3631 228 16291 4841 438 13003 13744 10473 8751 2371 66239 1094 9094 7016 3939 76635 3208 4064 55871 2768 31019
internal_value=1.12201e-07 -0.000395984 0.00027107 0.000187707 0.000440841 -0.000690839 0.000569911 -0.000778746 -0.000910009 4.25148e-05 -0.00163337 -0.00261622 -0.00333864 0.000642434 0.000746962 -0.000820948 -0.0010005 0.000798201 0.000198031 0.000144467 -0.00380054 0.000930361 -0.000600345 -0.00127636 -0.00169566 0.000376639 0.000438031 0.00039922 0.00128075 0.000210117 0.001399 0.000345733 0.000659164 0.000488966 0.000271919 0.00104922 0.00029316 0.000857253 0.000960202 0.00136801 -0.00111557 0.0012161 0.00213951 0.000880418 -0.000273266 -0.000218384 -0.000482177 -0.00052214 -0.000957346 -6.79534e-05 0.000800763 0.000916011 -0.000284042 0.000851378 -0.000169534 -0.000223087 -0.00025588 -0.00116663 -0.00179035 -0.00110696 -0.00109105 -0.00139901
internal_weight=1.75014e+06 710909 1.03923e+06 812565 185225 525684 226669 434264 281893 459470 30902 8234 6481 209280 171516 250991 138371 164781 123812 332022 5922 61413 112620 22668 14515 353095 295316 282314 13002 284058 21843 254073 48430 41665 205643 10735 109444 154883 119597 33616 121540 12988 8721 28241 91420 86579 46409 45971 23476 22495 85981 69704 3465 15500 16831 127448 123509 114984 10040 104944 6832 49073
internal_count=1750143 710909 1039234 812565 185225 525684 226669 434264 281893 459470 30902 8234 6481 209280 171516 250991 138371 164781 123812 332022 5922 61413 112620 22668 14515 353095 295316 282314 13002 284058 21843 254073 48430 41665 205643 10735 109444 154883 119597 33616 121540 12988 8721 28241 91420 86579 46409 45971 23476 22495 85981 69704 3465 15500 16831 127448 123509 114984 10040 104944 6832 49073
is_linear=0
shrinkage=0.05


Tree=33
num_leaves=63
num_cat=0
split_feature=3 3 32 3 38 18 39 5 32 34 32 39 31 32 38 34 31 17 7 34 27 40 40 34 31 5 38 31 28 31 34 7 39 40 34 40 39 34 34 38 5 40 32 31 39 39 40 39 31 31 3 38 34 39 40 39 32 31 32 40 39 31
split_gain=52.6287 87.3497 13.2433 12.2444 8.38658 8.12797 6.33672 5.68922 6.37824 6.5563 5.00503 4.40093 4.24314 5.67272 4.16823 4.56633 3.73578 3.45329 3.16879 3.02161 2.98051 3.7391 2.96619 2.94947 2.90943 2.85968 2.67821 2.63605 2.55534 2.51865 2.44018 2.9357 2.36504 2.34746 2.34009 2.30349 2.28163 2.47566 7.25801 2.32633 2.13074 2.06716 2.04815 2.68467 2.09214 2.04274 2.02645 1.95716 2.10144 1.93986 1.90211 1.87901 2.69739 1.81366 1.80257 1.96307 1.79728 1.98304 1.79673 1.79504 1.79165 1.77294
threshold=6335.0000000000009 8806.1000000000022 1.5000000000000002 6674.2500000000009 86.796502635749974 41484.500000000007 11.754985301820122 148.34150000000002 2.5000000000000004 3.5000000000000004 1.0000000180025095e-35 44.387866084662029 7.5000000000000009 3.5000000000000004 57.806935697418403 1.0000000180025095e-35 3.5000000000000004 11373.500000000002 5.6500000000000012 2.5000000000000004 39.650000000000013 46.797021942210385 64.707407636116528 1.0000000180025095e-35 7.5000000000000009 173.01950000000002 56.090379144572857 2.5000000000000004 25.750000000000004 1.0000000180025095e-35 1.5000000000000002 7.4000000000000012 0.034812904843917504 63.106407594641603 1.5000000000000002 29.371910507873448 82.007122211040326 6.5000000000000009 7.5000000000000009 54.104643964708778 138.727 74.952054691034988 2.5000000000000004 5.5000000000000009 45.562522486666914 69.232966637231769 23.455665173384805 4.4600743824042466 1.5000000000000002 1.0000000180025095e-35 12199.550000000001 42.18487488563369 1.5000000000000002 90.244240615374352 36.852997317631555 95.372373829326577 1.0000000180025095e-35 3.5000000000000004 7.5000000000000009 82.025725110868237 51.039998038112891 1.0000000180025095e-35
decision_type=2 2 2 2 2 2 2 2 2 2 2 2 2 2 2 2 2 2 2 2 2 2 2 2 2 2 2 2 2 2 2 2 2 2 2 2 2 2 2 2 2 2 2 2 2 2 2 2 2 2 2 2 2 2 2 2 2 2 2 2 2 2
left_child=2 3 4 34 6 17 61 42 9 11 16 19 13 23 15 29 20 53 -4 24 21 30 -11 -10 51 -14 -25 -17 60 -8 31 -7 50 -6 47 -16 37 39 41 -34 46 -39 44 -44 -5 -24 -31 -2 -49 59 -18 56 -53 -3 -20 -56 57 -9 -27 -35 -12 -1
right_child=1 5 18 7 33 10 14 8 12 22 28 -13 25 -15 35 27 32 -19 54 -21 -22 -23 45 26 -26 58 -28 -29 -30 40 -32 -33 36 49 -36 -37 -38 38 -40 -41 -42 -43 43 -45 -46 -47 -48 48 -50 -51 -52 52 -54 -55 55 -57 -58 -59 -60 -61 -62 -63
leaf_value=0.0021872147907490047 0.00066569873643520432 9.8115249937760773e-05 0.00072342233151326393 -0.00078116131243670135 0.001774913765658677 0.00061649999982294618 -0.00046605919991580852 -0.00087563836354993439 -5.4410432716597081e-05 -0.0017253778974106915 0.00083738713170384042 -0.00048533025622604956 -0.00057825826068849597 0.0010331683681520556 0.0012718570204264972 -0.0003005766820059401 0.0010878079276355002 0.00093131575796245923 0.00033325586438079092 0.00043563520007192536 2.8228753724933678e-05 0.00013546063511757483 -0.0002997302135665709 -0.0050185682476068492 -0.00030243173764410116 -0.00063552424056019009 -0.0026594146411231482 0.0014967699308175832 7.1211833521495511e-05 0.0006402143935014485 -5.8698028227542062e-06 0.0015455034289623324 7.7952337482604174e-05 0.00040442047771800378 0.00022581629412089788 0.00040247543409617888 0.00034219299674406002 0.0023544284239732042 -0.00072545070566909899 -0.00019118606609504554 -0.00035103680863088268 -0.00046288527296280986 0.0023831342846558192 -0.00013609030907593513 -0.00038460271503769269 -0.0013243120705209645 5.3499687715905772e-05 0.00050217304051339295 -0.00042237325138218246 0.00066136373848358645 -0.00034519644663468679 -0.0011162037743740539 -0.00023721397814223887 0.0010877448464575686 0.0023050219742950075 0.00080806307133925918 -0.00066328501193790076 -0.0018805046794775787 -0.0019506664133772601 0.0024602711448053118 0.00039521199448938203 0.00095593240001581306
leaf_weight=3397 5158 26628 7624 53634 10888 20680 25197 6829 867 22285 35464 149725 12252 1082 7952 2720 8600 51006 1613 3937 55519 36521 8515 1507 13521 3451 5964 8160 38220 21074 7305 14443 134749 1581 32339 182018 39507 4654 4701 198662 20338 757 1120 18964 87553 11348 48789 6742 69537 18991 3169 35024 11625 5604 14650 2575 6522 17469 10495 3233 64710 20979
leaf_count=3397 5158 26628 7624 53634 10888 20680 25197 6829 867 22285 35464 149725 12252 1082 7952 2720 8600 51006 1613 3937 55519 36521 8515 1507 13521 3451 5964 8160 38220 21074 7305 14443 134749 1581 32339 182018 39507 4654 4701 198662 20338 757 1120 18964 87553 11348 48789 6742 69537 18991 3169 35024 11625 5604 14650 2575 6522 17469 10495 3233 64710 20979
internal_value=1.0659e-07 -0.000149563 0.000502397 -0.000600725 0.000426174 0.00020941 0.000350743 -0.000710505 -0.000831783 -0.000753412 0.000151327 -0.000654186 -0.00146284 -0.00237293 0.00029087 6.82262e-05 8.13239e-05 0.000675305 0.00158349 -0.000920516 0.000308939 0.000506342 -0.00132938 -0.00281493 -0.000979195 -0.00113559 -0.00313529 0.00104743 0.000419043 -2.40958e-05 0.000825588 0.000998517 3.79837e-06 0.00116677 -0.000134023 0.000438867 -1.7653e-05 -5.90372e-05 0.000711705 -8.2413e-05 9.93635e-05 0.00196029 -0.000468042 4.39622e-06 -0.000535247 -0.000885088 0.000230481 -0.000276916 -0.000340656 0.000888612 0.000701948 -0.00109731 -0.000897158 0.000270177 0.00193157 0.00208124 -0.00140027 -0.00159809 -0.00162523 0.00178509 0.000551753 0.00112752
internal_weight=1.75014e+06 1.34836e+06 401779 597465 375317 750899 340624 483689 322418 286800 667661 244652 35618 9420 316248 126278 529267 83238 26462 94927 134468 78949 42148 8338 90990 26198 7471 10880 138394 115398 42428 35123 394799 34693 113776 189970 383030 343523 10112 333411 90201 5411 161271 20084 141187 19863 69863 81437 76279 23805 11769 77469 46649 32232 18838 17225 30820 24298 13946 4814 100174 24376
internal_count=1750143 1348364 401779 597465 375317 750899 340624 483689 322418 286800 667661 244652 35618 9420 316248 126278 529267 83238 26462 94927 134468 78949 42148 8338 90990 26198 7471 10880 138394 115398 42428 35123 394799 34693 113776 189970 383030 343523 10112 333411 90201 5411 161271 20084 141187 19863 69863 81437 76279 23805 11769 77469 46649 32232 18838 17225 30820 24298 13946 4814 100174 24376
is_linear=0
shrinkage=0.05


Tree=34
num_leaves=63
num_cat=0
split_feature=2 5 6 34 36 32 32 7 5 32 32 5 34 34 35 7 19 38 38 18 7 19 34 40 35 33 34 34 34 5 38 20 35 33 36 32 40 36 37 34 5 36 35 5 32 40 36 36 18 34 40 38 5 35 18 36 5 27 34 35 5 36
split_gain=61.4339 41.661 17.5155 8.09354 7.39926 6.51744 4.11664 4.32648 4.11193 5.84871 3.62598 3.61164 3.82957 3.57678 3.29991 3.02242 2.94132 2.9398 2.89839 2.86994 2.62935 2.4398 2.40173 2.34362 2.32896 2.3233 3.29329 2.42276 3.37592 3.4171 2.87073 2.25278 2.24792 2.22356 2.51704 2.19691 2.13129 2.1062 2.10019 2.04537 2.1658 1.98823 1.96389 2.20204 1.91466 1.90739 1.88779 1.8693 2.13701 1.85064 1.79693 1.78577 1.71196 1.70334 1.69861 1.6512 1.66036 1.62971 1.48514 1.75311 1.47516 1.60276
threshold=0.99500000000000011 145.56150000000005 193.40000000000001 1.0000000180025095e-35 2.5000000000000004 1.0000000180025095e-35 2.5000000000000004 8.5500000000000025 151.42200000000003 1.5000000000000002 1.0000000180025095e-35 161.13950000000003 1.0000000180025095e-35 4.5000000000000009 1.5000000000000002 5.6500000000000012 84450.000000000015 67.182976473141565 38.716362160956429 106744.50000000001 6.0500000000000007 258450.00000000003 1.5000000000000002 49.233389684918485 1.0000000180025095e-35 1.5000000000000002 1.5000000000000002 5.5000000000000009 7.5000000000000009 168.47250000000003 64.832088625778979 757.50000000000011 1.5000000000000002 1.0000000180025095e-35 5.5000000000000009 1.0000000180025095e-35 10.570209573734948 3.5000000000000004 1.0000000180025095e-35 1.0000000180025095e-35 169.91300000000004 1.5000000000000002 2.5000000000000004 140.26000000000002 1.0000000180025095e-35 47.049893107893446 1.5000000000000002 8.5000000000000018 42888.500000000007 6.5000000000000009 50.963765700830294 86.796502635749974 166.25700000000003 2.5000000000000004 57959.500000000007 2.5000000000000004 178.07250000000002 36.650000000000013 2.5000000000000004 1.0000000180025095e-35 136.40850000000003 1.0000000180025095e-35
decision_type=2 2 2 2 2 2 2 2 2 2 2 2 2 2 2 2 2 2 2 2 2 2 2 2 2 2 2 2 2 2 2 2 2 2 2 2 2 2 2 2 2 2 2 2 2 2 2 2 2 2 2 2 2 2 2 2 2 2 2 2 2 2
left_child=3 4 8 10 5 -2 7 19 -3 13 16 12 35 18 50 47 31 -17 44 25 21 36 37 -7 -24 27 -27 30 29 -29 57 -1 54 34 38 45 -18 -13 39 -11 -41 60 43 -25 -10 -4 -22 48 -12 -16 -15 -38 -28 -19 -8 56 -20 -5 59 -58 61 -32
right_child=1 2 11 6 -6 23 32 -9 9 33 15 22 -14 14 49 17 20 53 55 -21 46 -23 24 42 -26 26 52 28 -30 -31 41 -33 -34 -35 -36 -37 51 -39 -40 40 -42 -43 -44 -45 -46 -47 -48 -49 -50 -51 -52 -53 -54 -55 -56 -57 58 -59 -60 -61 -62 -63
leaf_value=0.00069263380614799689 0.00030703138781227202 -0.00049861353050203864 -0.00076840766141046907 0.00060705953665626344 -0.00040551081873111148 0.00064964854975351676 0.00057631925224108235 -0.00021351552334011805 -0.0011893410569494174 -9.8410345723485011e-05 0.0013517054930208582 -0.00055532683703549861 0.00073399623838325573 -0.002659839499265979 -0.0014570946233643878 0.0006566021944907339 0.0013587738212256818 0.0016459502369401435 -0.00090954106676844216 -0.00040360438203973048 0.0020339712137861349 -0.00034400788340741944 0.00031698499828554036 0.0019528896682609231 -0.00046871298577995927 0.00047461911997010928 -0.00083608469180702363 0.0011449601452346544 -0.00027552609004200635 -0.00077032529096831648 -0.00080938877905025386 0.0023002260775595224 0.0017525910128660096 -6.4670109605335715e-05 6.8870831193541332e-05 0.00035672588993938348 0.00027423837028344637 0.00030983322774936952 0.00029282756077736379 -0.0011366825125545162 -0.0019308280573177264 0.0001621846709519978 4.1436424244894024e-05 0.00089430848321371862 -0.00044449711187908729 3.753481396233108e-05 -0.00044398561147128402 -0.00076955336690517537 0.00041114800807239005 0.00072535674396323588 -0.0014013293371783668 0.00077860790260905809 -6.8250318369171838e-05 -0.00081612514419755668 -0.0001817507150865103 -0.00034166528784313149 -0.00030280641240532514 0.00024359881276044706 0.00023495724256647344 -0.00091085263553506964 -0.00026437625775093131 0.0018993586972936892
leaf_weight=7440 79717 143844 14091 37950 23085 17898 46491 94567 35117 2199 6907 66566 20568 4093 1629 22080 4917 15881 43780 21637 3590 14235 24679 13315 15266 13747 15005 21344 7566 2614 822 3082 3557 3248 2673 17679 257723 7866 1551 12878 25756 97613 2360 7785 11438 15326 978 2917 48064 2406 9238 18832 14063 735 8786 56710 25148 164650 6172 22425 54217 1627
leaf_count=7440 79717 143844 14091 37950 23085 17898 46491 94567 35117 2199 6907 66566 20568 4093 1629 22080 4917 15881 43780 21637 3590 14235 24679 13315 15266 13747 15005 21344 7566 2614 822 3082 3557 3248 2673 17679 257723 7866 1551 12878 25756 97613 2360 7785 11438 15326 978 2917 48064 2406 9238 18832 14063 735 8786 56710 25148 164650 6172 22425 54217 1627
internal_value=1.01262e-07 -0.000347427 -0.000532943 0.000252614 0.000414848 0.000571264 0.000136798 9.40843e-05 -0.000714046 -0.000830342 0.00042497 -0.000124753 0.0001648 -0.000720114 -0.00140853 0.000692559 0.000341814 0.00103466 -0.000660573 0.000158319 0.00031302 0.000294631 -0.000296049 0.00108057 1.67105e-05 0.000186514 -0.000163043 0.000225047 0.000645215 0.000935988 0.000187932 0.00116351 0.000534228 -0.00132816 -0.00141924 -8.37824e-05 0.000326929 -0.000463896 -0.00151309 -0.00158169 -0.00166611 2.54253e-05 0.00140932 0.00156232 -0.00100634 -0.000348519 0.00150345 0.000463876 0.000529327 -0.000155737 -0.00178773 0.000308583 -0.000464609 0.00153704 0.000455828 -0.000556205 -0.000680958 0.00031168 -0.000494757 -0.000589428 -0.000210157 0.000990175
internal_weight=1.75014e+06 736506 592346 1.01364e+06 144160 121075 606256 547422 410305 266461 407381 182041 67664 218156 17366 96584 310797 38696 200790 452855 300275 295707 114377 41358 39945 431218 42815 388403 31524 23958 356879 10522 58834 48305 45057 47096 281472 74432 42384 40833 38634 154279 23460 21100 46555 29417 4568 57888 54971 4035 13331 276555 29068 16616 55277 154235 97525 202600 53745 47573 56666 2449
internal_count=1750143 736506 592346 1013637 144160 121075 606256 547422 410305 266461 407381 182041 67664 218156 17366 96584 310797 38696 200790 452855 300275 295707 114377 41358 39945 431218 42815 388403 31524 23958 356879 10522 58834 48305 45057 47096 281472 74432 42384 40833 38634 154279 23460 21100 46555 29417 4568 57888 54971 4035 13331 276555 29068 16616 55277 154235 97525 202600 53745 47573 56666 2449
is_linear=0
shrinkage=0.05


Tree=35
num_leaves=63
num_cat=0
split_feature=2 3 32 32 31 3 3 36 36 34 31 34 35 28 7 31 28 0 32 34 35 0 0 34 5 0 32 34 35 0 17 0 32 35 3 28 36 3 31 7 35 36 29 35 31 0 34 36 7 0 32 0 35 5 32 5 31 34 34 36 32 36
split_gain=55.9239 49.7885 7.36122 6.71034 6.26452 5.00705 6.40105 5.19918 4.39048 3.98487 4.23158 3.92468 3.80345 3.91939 3.79458 3.62606 3.42253 2.76829 2.76645 2.71903 6.22229 4.37439 4.00156 3.56239 3.36419 3.25769 3.96318 3.05215 3.20206 2.69918 3.30147 2.66485 3.64655 4.78135 2.64715 2.56182 2.55781 2.65162 2.52243 2.36599 5.28709 2.62445 2.29827 2.27275 2.41119 2.26678 2.23982 3.32904 3.29958 2.89981 3.56882 2.60666 2.45605 2.41731 2.20994 2.13263 2.12751 2.12657 5.95212 2.15817 2.12011 2.41243
threshold=0.99500000000000011 6434.8500000000013 1.0000000180025095e-35 1.0000000180025095e-35 3.5000000000000004 6708.9500000000016 8460.4500000000025 2.5000000000000004 5.5000000000000009 1.0000000180025095e-35 2.5000000000000004 2.5000000000000004 2.5000000000000004 25.750000000000004 9.3500000000000032 3.5000000000000004 25.050000000000004 316656.41443697497 2.5000000000000004 1.5000000000000002 2.5000000000000004 298145.48445270286 451602.61470957805 3.5000000000000004 174.07000000000002 71383.632852942814 2.5000000000000004 6.5000000000000009 1.0000000180025095e-35 151110.05353186108 17241.500000000004 388834.29802813922 4.5000000000000009 1.0000000180025095e-35 7691.2500000000009 26.550000000000004 1.0000000180025095e-35 7767.5500000000002 5.5000000000000009 6.8500000000000005 1.0000000180025095e-35 1.0000000180025095e-35 52.191482341942674 1.0000000180025095e-35 1.5000000000000002 216396.7946049906 1.5000000000000002 1.5000000000000002 4.9500000000000011 246139.25663713223 2.5000000000000004 85493.179806562781 1.0000000180025095e-35 139.22350000000003 1.0000000180025095e-35 138.727 3.5000000000000004 6.5000000000000009 7.5000000000000009 1.0000000180025095e-35 2.5000000000000004 2.5000000000000004
decision_type=2 2 2 2 2 2 2 2 2 2 2 2 2 2 2 2 2 2 2 2 2 2 2 2 2 2 2 2 2 2 2 2 2 2 2 2 2 2 2 2 2 2 2 2 2 2 2 2 2 2 2 2 2 2 2 2 2 2 2 2 2 2
left_child=2 3 4 9 29 17 7 15 12 10 -2 -9 13 14 46 -7 42 43 -8 20 22 23 25 24 -21 -17 -27 28 -25 30 39 32 60 -34 -23 -31 -28 -38 -20 -1 -41 -42 -6 -3 -45 -39 48 -48 -4 50 52 -52 -50 -51 -13 -11 -53 -18 59 -59 61 -5
right_child=1 5 8 31 16 6 18 11 -10 55 -12 54 -14 -15 -16 19 57 -19 38 21 -22 34 -24 27 -26 26 36 -29 -30 35 -32 -33 33 -35 -36 -37 37 45 -40 40 41 -43 -44 44 -46 -47 47 -49 49 53 51 56 -54 -55 -56 -57 -58 58 -60 -61 -62 -63
leaf_value=3.9545018995628477e-05 0.00018488339617132965 0.00025688733035071106 0.00043682608376447243 0.0010256925606863571 0.00081072422003133438 -0.00056019214918169179 -0.00042887223066274786 -0.00037694500939484965 -0.00046836865780728194 0.0013757754340460475 -0.00062067544151344668 -0.00022123256428528625 -0.00059682487106030497 0.0001361202605028249 -0.00020514146980892564 -0.0040895516341895874 -5.4053323532336723e-05 -0.00068523950962210106 0.0026736355491503777 -0.00093174373915992355 -0.00056971173148214914 -0.0018481924387641028 -0.00077172484207795869 -9.0264335989457761e-05 0.00028994131221499105 -0.0012903000992460316 2.4526577530671858e-05 -0.00010245532175199353 -0.001465070662420377 0.00058108495976885548 0.00084423316080130164 0.00020571642262259658 0.0024728228844700909 -0.003780706238647456 -0.00045843498642785929 0.00012942353082124217 -0.0029814528977695032 -0.0029120998690903466 9.8943420258811751e-05 0.00022830828417573403 -5.01742814912119e-06 0.0027682866101172948 0.00019019902520276712 0.00358781582936061 -0.00040545897056843468 -0.00077760447538333653 0.00018890566150348286 0.0010396128936264429 0.00035721456061343568 0.0011375602565232626 0.0039912745747078095 0.00351075367136783 0.001341749723620973 0.00023855827666310414 -0.0022897965044705259 0.00041751977354401068 0.0015254992901414955 -0.0023626088689963974 -0.00045194919694006196 0.0018947895616003331 -0.001316435490417699 -0.00015078370154436533
leaf_weight=135968 66859 31633 28165 35101 18165 63047 118886 96619 11152 7352 21559 1836 6988 38508 10876 1391 329487 22586 1011 8580 27529 12967 15225 5326 16418 29253 1117 8717 20682 129315 17596 14180 5694 323 4657 41461 9024 1984 16104 21368 1128 3500 83578 383 29061 3334 32596 17769 9834 15176 1402 1507 17801 14740 4351 27615 12914 313 6632 6078 1130 4975
leaf_count=135968 66859 31633 28165 35101 18165 63047 118886 96619 11152 7352 21559 1836 6988 38508 10876 1391 329487 22586 1011 8580 27529 12967 15225 5326 16418 29253 1117 8717 20682 129315 17596 14180 5694 323 4657 41461 9024 1984 16104 21368 1128 3500 83578 383 29061 3334 32596 17769 9834 15176 1402 1507 17801 14740 4351 27615 12914 313 6632 6078 1130 4975
internal_value=9.68462e-07 -0.000330634 0.000241821 0.000379709 0.000171027 -0.00056855 -0.000632232 -0.000750566 0.000498179 0.000167156 -1.15364e-05 -0.000455121 0.000549932 0.000589744 0.000697055 -0.000883057 4.63544e-05 -0.000212276 -0.00034331 -0.00100553 -0.00119421 -0.00078877 -0.00147454 -0.000584508 -0.000129375 -0.00170664 -0.0016325 -0.000912151 -0.00118353 0.000329121 0.000193773 0.000806821 0.00098732 0.00213713 -0.00148096 0.000471431 -0.00228006 -0.00245954 0.000251033 0.000123106 0.000560157 0.00209234 0.000300986 -3.73757e-05 -0.000353515 -0.00157393 0.00076165 0.000489039 0.00089687 0.00107346 0.00133426 0.00193306 0.0009914 0.00069461 -0.00167595 0.000618998 0.00173296 -2.92843e-05 0.000597382 0.00168628 0.000819422 0.000879646
internal_weight=1.75053e+06 736509 1.01402e+06 184788 794589 551721 468058 332057 219428 123385 88418 102806 208276 201288 162780 229251 444253 83663 136001 166204 88857 77347 61328 59723 24998 46103 44712 34725 26008 350336 179560 61403 47223 6017 17624 170776 15459 14342 17115 161964 25996 4628 101743 61077 29444 5318 151904 50365 101539 73374 43458 15823 27635 29916 6187 34967 14421 342510 13023 6391 41206 40076
internal_count=1750526 736509 1014017 184788 794589 551721 468058 332057 219428 123385 88418 102806 208276 201288 162780 229251 444253 83663 136001 166204 88857 77347 61328 59723 24998 46103 44712 34725 26008 350336 179560 61403 47223 6017 17624 170776 15459 14342 17115 161964 25996 4628 101743 61077 29444 5318 151904 50365 101539 73374 43458 15823 27635 29916 6187 34967 14421 342510 13023 6391 41206 40076
is_linear=0
shrinkage=0.05


Tree=36
num_leaves=63
num_cat=0
split_feature=2 3 32 32 31 1 32 36 3 39 28 39 28 39 36 39 0 0 32 39 38 0 40 31 39 38 0 2 0 1 0 32 0 39 0 39 3 39 36 31 36 36 31 32 5 31 0 39 3 5 31 3 38 38 36 0 40 39 0 39 36 9
split_gain=50.4713 44.9342 6.6435 6.05608 5.65373 4.63624 5.74875 3.96241 3.59658 3.4883 3.15455 3.46297 3.09355 2.61779 2.57856 2.57491 3.15805 2.60495 4.5554 2.57304 2.55199 2.54071 2.40494 4.00419 3.92559 2.75684 2.92791 2.64003 2.26989 3.50561 2.25207 3.14848 2.23295 2.31354 2.17883 2.15838 2.1989 2.13392 2.13332 2.33665 2.01044 2.11806 2.54057 4.27673 2.47782 1.99849 2.10389 1.91416 1.94797 1.81853 1.79302 3.02977 2.0777 1.77218 2.5541 1.762 1.73859 2.87818 1.72449 1.724 1.70231 1.70211
threshold=0.99500000000000011 6434.8500000000013 1.0000000180025095e-35 1.0000000180025095e-35 3.5000000000000004 5.8350000000000009 2.5000000000000004 5.5000000000000009 6872.7000000000016 43.86547967353998 25.750000000000004 51.039998038112891 25.650000000000002 92.794822233140906 2.5000000000000004 15.131980675403105 338377.28652759787 214974.41645203871 1.5000000000000002 82.392801911227437 52.996919328582642 723461.4281415299 43.446728400146867 1.0000000180025095e-35 5.1522609290423373 48.765278748091596 158331.40362390541 -0.039999999999999994 156429.04553561399 7.4400000000000004 350498.93626562442 2.5000000000000004 69622.077091720173 57.924996735762186 275307.39793552883 20.300569211434059 13275.300000000001 40.468411694024446 1.0000000180025095e-35 2.5000000000000004 3.5000000000000004 1.0000000180025095e-35 7.5000000000000009 3.5000000000000004 174.07000000000002 7.5000000000000009 89089.649462819973 0.034812904843917504 12271.100000000002 138.727 3.5000000000000004 9437.6000000000022 36.372610107506553 50.929267359725721 1.5000000000000002 142184.28379987078 42.080145518433163 26.323097815228241 73053.949802682371 92.794822233140906 1.5000000000000002 -0.52499999999999936
decision_type=2 2 2 2 2 2 2 2 2 2 2 2 2 2 2 2 2 2 2 2 2 2 2 2 2 2 2 2 2 2 2 2 2 2 2 2 2 2 2 2 2 2 2 2 2 2 2 2 2 2 2 2 2 2 2 2 2 2 2 2 2 2
left_child=2 3 4 19 9 32 8 10 34 22 11 30 35 28 55 16 -5 18 38 37 -19 40 27 24 -24 -26 -27 58 -11 -30 31 50 33 -3 -7 -6 -37 -2 39 -17 41 -8 43 59 -44 46 -33 48 60 -22 52 -52 -4 54 -13 56 57 -10 -1 -43 -14 -34
right_child=1 5 7 15 12 6 21 -9 14 13 -12 53 47 -15 -16 17 -18 20 -20 -21 49 -23 23 -25 25 26 -28 -29 29 -31 -32 45 61 -35 -36 36 -38 -39 -40 -41 -42 42 44 -45 -46 -47 -48 -49 -50 -51 51 -53 -54 -55 -56 -57 -58 -59 -60 -61 -62 -63
leaf_value=0.0037772782909993429 0.00037589548324727662 -0.0014303725536917089 0.00025791325321337645 0.0023472068005901698 0.00084801944598143243 -0.00012512997136646719 -0.0002673120629834221 -0.00044495022468383669 -0.002745360695519959 4.8888031442324652e-05 0.00011696476072436493 -0.00021449743936820484 0.0024453832658643754 0.00099892356178557821 -0.00044898255694823829 0.00028712085386431218 0.00063969054105052724 -0.00069208493376684979 0.0020461463087864981 0.00087041305715581058 0.0011685515609415229 -9.8557806023151745e-05 0.0031270719710839259 -4.7341542456709081e-05 -0.0010039160672328489 0.00018026792671576618 0.0024440367682327748 0.00070870474245295881 0.00019310030249283466 0.00082385774587515428 0.00038962542651931677 0.0053514278357730469 -0.00068911945019891653 0.00031280748020753304 -0.00069636400669603271 5.5732779797073743e-05 0.00064271801692215131 -7.870285727428931e-05 0.00017031905141964582 0.0021461215546517403 0.00022924138031638985 -0.0032668552909003185 -0.00068029644114512558 0.0018758611150742545 -0.0019146168957162495 0.0012750253850526841 0.0021085898571889124 -5.0530136024884531e-05 -0.00057204800429076568 0.00014757134590276242 -0.0006586710556195941 0.00082408844105665295 0.0015000446872301255 0.00055900830781921884 0.00084582859696415787 -0.00094118190817144237 -0.00022300795717187963 -0.00065311732730713716 0.0013825170206928496 -0.0010276831042995581 0.00064423385365241885 -0.00029399910935890835
leaf_weight=1094 40416 9013 4633 5245 14497 52409 2756 11152 1941 134224 38989 19773 1648 10403 63495 3185 5598 5604 7078 11517 6909 3822 1980 26322 1932 3244 2552 47985 88914 29283 16797 568 31439 2413 24495 69397 20718 71452 12354 3602 1633 5274 6963 506 9772 11356 4188 329006 2556 11828 4629 13471 12316 73588 7968 99426 19725 10733 2403 1027 6431 204879
leaf_count=1094 40416 9013 4633 5245 14497 52409 2756 11152 1941 134224 38989 19773 1648 10403 63495 3185 5598 5604 7078 11517 6909 3822 1980 26322 1932 3244 2552 47985 88914 29283 16797 568 31439 2413 24495 69397 20718 71452 12354 3602 1633 5274 6963 506 9772 11356 4188 329006 2556 11828 4629 13471 12316 73588 7968 99426 19725 10733 2403 1027 6431 204879
internal_value=9.20039e-07 -0.000314103 0.00022973 0.000360724 0.000162475 -0.000540122 -0.000670972 0.00047327 -0.000596711 0.000312665 0.000522436 0.000615821 4.40367e-05 0.000221624 -0.000710749 0.00076648 0.00146565 0.000616537 0.000962339 0.000158798 0.000244055 -0.00130763 0.000586087 0.000272769 0.00114071 0.000631781 0.00117701 0.000805364 0.000189589 0.000349369 0.000891961 0.00105689 -0.000379572 -0.00106224 -0.000307076 0.000281777 0.000190684 8.55358e-05 0.000561566 0.00127373 -0.00147308 -0.00157879 -0.00173232 -0.00254674 -0.00140105 0.0016354 0.00249588 -2.91891e-05 0.000631021 0.000524043 0.000790943 0.000444879 0.00116051 0.000430623 9.00582e-05 -0.000836832 -0.000516605 -0.000973541 0.00213169 -0.00290189 0.00101164 -0.000346565
internal_weight=1.75053e+06 736509 1.01402e+06 184788 794589 551721 303977 219428 272224 350336 208276 169287 444253 262824 195320 61403 10843 50560 26219 123385 24341 31753 87512 36030 9708 7728 5796 51482 252421 118197 67958 51161 247744 11426 76904 104612 90115 111868 19141 6787 27931 26298 23542 6807 16735 16112 4756 339641 10635 18737 35049 18100 16949 101329 27741 131825 32399 12674 3497 6301 8079 236318
internal_count=1750526 736509 1014017 184788 794589 551721 303977 219428 272224 350336 208276 169287 444253 262824 195320 61403 10843 50560 26219 123385 24341 31753 87512 36030 9708 7728 5796 51482 252421 118197 67958 51161 247744 11426 76904 104612 90115 111868 19141 6787 27931 26298 23542 6807 16735 16112 4756 339641 10635 18737 35049 18100 16949 101329 27741 131825 32399 12674 3497 6301 8079 236318
is_linear=0
shrinkage=0.05


Tree=37
num_leaves=63
num_cat=0
split_feature=2 3 34 5 32 7 32 34 35 35 0 0 32 3 0 36 3 33 3 23 38 36 34 33 0 0 0 3 3 0 35 35 18 29 33 34 34 34 36 18 2 0 32 36 0 36 20 35 35 3 40 33 40 38 36 3 20 37 32 3 0 27
split_gain=45.6529 42.6637 6.86852 6.00148 3.80622 4.26124 3.55885 3.52622 3.19164 3.73711 3.69917 3.63092 3.22835 3.19838 2.99973 6.35617 5.43825 2.91447 2.75011 2.62466 3.81104 2.61649 2.96666 2.61553 2.60751 2.60302 2.60199 4.64002 3.46362 2.56671 2.25754 4.42545 2.20456 2.02661 2.02055 2.07919 2.04516 2.99184 1.99847 2.98861 2.20224 1.99098 2.65408 2.10492 1.96644 2.15346 1.95939 1.89137 1.88575 2.8176 2.10333 1.98129 1.85574 1.82914 1.81302 1.77205 1.76937 1.75235 1.74736 4.05997 1.73053 1.71476
threshold=1.0900000000000003 6559.9000000000005 1.0000000180025095e-35 138.727 2.5000000000000004 8.5500000000000025 1.5000000000000002 1.5000000000000002 3.5000000000000004 1.0000000180025095e-35 530144.31608948333 176926.00308119666 11.500000000000002 8470.6000000000022 116632.30336932313 1.5000000000000002 5684.7000000000016 1.0000000180025095e-35 6335.0000000000009 5.9500000000000011 75.928470690053317 3.5000000000000004 1.0000000180025095e-35 1.0000000180025095e-35 87943.240275362055 113197.23966616434 310240.46209260303 7151.2500000000009 7734.5500000000002 71383.632852942814 1.0000000180025095e-35 2.5000000000000004 121427.50000000001 44.877100390863951 1.5000000000000002 1.5000000000000002 6.5000000000000009 7.5000000000000009 1.5000000000000002 54502.000000000007 0.97000000000000008 436917.03087527835 1.0000000180025095e-35 1.5000000000000002 468459.40111072798 2.5000000000000004 772.50000000000011 1.5000000000000002 1.0000000180025095e-35 4952.9500000000016 15.142803941095353 1.5000000000000002 50.963765700830294 47.625202594018496 1.5000000000000002 8663.7000000000025 680.50000000000011 1.0000000180025095e-35 2.5000000000000004 7560.7500000000009 191344.2746631201 35.750000000000007
decision_type=2 2 2 2 2 2 2 2 2 2 2 2 2 2 2 2 2 2 2 2 2 2 2 2 2 2 2 2 2 2 2 2 2 2 2 2 2 2 2 2 2 2 2 2 2 2 2 2 2 2 2 2 2 2 2 2 2 2 2 2 2 2
left_child=2 3 14 6 5 24 25 17 9 12 13 -10 26 21 16 19 -1 30 -9 -16 48 22 -11 -22 56 -2 27 -3 -28 -24 41 -32 34 -18 36 -36 38 52 40 -40 -26 42 -5 -44 45 -7 -35 -6 50 -50 -21 -51 -38 61 -15 -48 -4 -23 -31 -60 -49 -52
right_child=1 8 4 7 47 44 -8 18 11 10 -12 -13 -14 54 15 -17 33 -19 -20 20 23 57 29 -25 32 -27 28 -29 -30 58 31 -33 -34 46 35 -37 37 -39 39 -41 -42 -43 43 -45 -46 -47 55 60 49 51 53 -53 -54 -55 -56 -57 -58 -59 59 -61 -62 -63
leaf_value=-0.00010257366703586015 -2.8744349856893985e-05 3.2496284214702332e-05 -0.00012110343767244039 0.00018437336517272449 0.00041087580712218809 -4.1658503462577455e-05 0.0016476926599032684 0.0015084037394970087 0.00084160136999865604 -0.00021109474321714665 -0.00016174710192622891 -0.00042346512290261158 -0.0035600801746788328 1.3796149350792421e-05 0.00015064168161016314 6.4922921144007021e-06 0.0017111749274243985 -0.00084597945478364104 0.00032044896189701991 0.0014542341983384277 0.0012121793648332264 -0.00019374319389581679 -0.002298394394519095 0.00013133549582174708 -7.8162726790740277e-05 0.00069395020896194533 -0.001121311021921224 -0.00053094054291324218 -6.150563118935774e-05 -0.00094110575999711192 -0.00047572191464804927 0.00048769058963899745 -0.00059009982158684323 0.00017728457912897049 0.00030910694231352665 -0.00046534200913489617 0.0026871526957931262 -0.00011138378773910717 0.00059163780258494111 0.00012803041818881518 0.00071981847480752847 -0.00058505337547643693 0.0016304204732063559 7.4121780940126494e-05 0.00060597275448516334 -0.00048626178999703804 0.00032577916047981303 0.0024558265331228943 0.0015786004290714477 0.0004988055123648122 0.00090292365073329865 0.0015783387709478137 0.00093303475864821089 0.00048423200834215945 -0.00065717778072504418 0.0014980627498880923 0.00065357415305963655 -0.0013188765865596022 -0.0026302283121251335 -0.00094622177636969555 0.00027566247823352009 -0.00016257549544393963
leaf_weight=72340 16789 52607 9249 46107 58016 56957 7649 6286 8040 11553 24725 19257 833 15125 32137 63105 4036 10128 21655 4528 37282 18442 3968 6586 123318 48319 26890 119641 10808 118141 40133 16956 11337 17741 12690 27335 1920 6323 44083 164410 9298 6461 6334 3307 7074 52192 5744 2232 8824 42873 4500 4718 7023 73155 30110 7347 36298 4260 5300 11023 1537 23471
leaf_count=72340 16789 52607 9249 46107 58016 56957 7649 6286 8040 11553 24725 19257 833 15125 32137 63105 4036 10128 21655 4528 37282 18442 3968 6586 123318 48319 26890 119641 10808 118141 40133 16956 11337 17741 12690 27335 1920 6323 44083 164410 9298 6461 6334 3307 7074 52192 5744 2232 8824 42873 4500 4718 7023 73155 30110 7347 36298 4260 5300 11023 1537 23471
internal_value=8.74037e-07 -0.000307929 0.000212008 0.000251929 0.000108643 6.82049e-05 0.000627453 7.83092e-05 -0.000575935 -0.000607546 -0.000741332 -5.08551e-05 -0.000453532 -0.000807091 0.000371791 0.000452641 0.000144662 -3.16619e-05 0.000587708 0.000570899 0.000636481 -0.000905128 -0.000980847 0.00104991 0.00013746 0.000507593 -0.000441206 -0.000358859 -0.000817465 -0.00104509 3.7471e-05 -0.000189579 9.73787e-05 0.000657596 0.00011704 -0.000219802 0.000154872 0.000721064 0.000129532 0.000226054 -2.22145e-05 0.000245834 0.000342131 0.00109659 -0.000201897 -0.000254255 0.000519679 0.000481387 0.000524576 0.00075798 0.000399948 0.000605827 0.00130963 0.000352742 -0.000432828 0.000983694 0.000496264 -0.000404873 -0.0010081 -0.00149301 0.00156675 8.84298e-06
internal_weight=1.75053e+06 710847 1.03968e+06 230124 631292 569507 72757 157367 480723 453426 242647 27297 210779 217922 408387 301179 107208 129426 27941 238074 205937 172687 149985 43868 453284 65108 209946 172248 37698 138432 119298 57089 407737 34868 396400 40025 356375 15266 341109 208493 132616 62209 55748 9641 116223 109149 30832 61785 162069 56415 105654 47591 8943 101126 45235 13091 45547 22702 134464 16323 3769 27971
internal_count=1750526 710847 1039679 230124 631292 569507 72757 157367 480723 453426 242647 27297 210779 217922 408387 301179 107208 129426 27941 238074 205937 172687 149985 43868 453284 65108 209946 172248 37698 138432 119298 57089 407737 34868 396400 40025 356375 15266 341109 208493 132616 62209 55748 9641 116223 109149 30832 61785 162069 56415 105654 47591 8943 101126 45235 13091 45547 22702 134464 16323 3769 27971
is_linear=0
shrinkage=0.05


Tree=38
num_leaves=63
num_cat=0
split_feature=2 3 7 18 32 5 31 32 0 35 35 0 0 32 3 20 18 0 3 3 7 31 32 32 35 0 0 35 38 0 31 7 32 31 38 31 3 32 31 3 37 31 0 17 32 31 31 18 0 31 37 35 31 20 19 3 19 19 20 31 37 0
split_gain=41.2017 38.504 6.10046 6.64167 6.77161 5.44646 3.17598 3.06025 3.01754 2.88046 3.37275 3.38583 3.31127 2.91359 2.84929 2.71606 3.37373 2.35827 3.71962 3.09676 2.29402 2.43654 2.49099 2.29225 4.8904 3.1588 2.21249 2.14472 2.00988 1.96365 1.82818 1.8183 1.79294 4.33993 1.78188 1.9992 1.7187 1.69482 2.54443 2.4117 2.42852 1.86578 1.62639 1.62391 1.59613 1.58493 1.78736 1.57698 1.5553 4.16981 1.7345 1.52637 1.45979 1.45308 1.6956 1.43566 1.435 1.41846 2.09655 1.68019 1.41786 1.37924
threshold=1.0900000000000003 6559.9000000000005 8.9000000000000021 68752.000000000015 1.0000000180025095e-35 137.33500000000001 9.5000000000000018 5.5000000000000009 37133.872098187014 3.5000000000000004 1.0000000180025095e-35 496374.73674758186 151997.2635658581 11.500000000000002 8470.6000000000022 676.50000000000011 39796.000000000007 394622.83832035202 7058.6500000000005 7637.0000000000009 5.0500000000000007 3.5000000000000004 2.5000000000000004 1.0000000180025095e-35 1.5000000000000002 220912.11111873263 113197.23966616434 4.5000000000000009 86.796502635749974 71383.632852942814 10.500000000000002 4.6500000000000012 2.5000000000000004 5.5000000000000009 36.372610107506553 1.5000000000000002 7718.8500000000013 1.5000000000000002 6.5000000000000009 7718.8500000000013 1.0000000180025095e-35 8.5000000000000018 468459.40111072798 11703.500000000002 7.5000000000000009 5.5000000000000009 3.5000000000000004 119379.00000000001 192539.2552706264 1.5000000000000002 1.0000000180025095e-35 2.5000000000000004 1.0000000180025095e-35 969.50000000000011 145350.00000000003 4952.9500000000016 182550.00000000003 126750.00000000001 784.50000000000011 6.5000000000000009 1.0000000180025095e-35 378845.48929436092
decision_type=2 2 2 2 2 2 2 2 2 2 2 2 2 2 2 2 2 2 2 2 2 2 2 2 2 2 2 2 2 2 2 2 2 2 2 2 2 2 2 2 2 2 2 2 2 2 2 2 2 2 2 2 2 2 2 2 2 2 2 2 2 2
left_child=2 5 3 4 6 7 8 26 -1 10 13 14 -11 17 29 31 43 18 30 -19 -6 22 34 24 60 -25 -2 56 52 45 -3 -10 42 -34 35 -22 -13 -31 -39 40 -40 -41 -4 -17 -35 46 -12 -5 50 -50 53 61 -28 -18 -55 -51 -8 58 -45 -60 -7 -23
right_child=1 9 32 47 20 23 27 -9 15 12 11 36 -14 -15 -16 16 48 19 -20 -21 21 51 -24 25 -26 -27 28 -29 -30 37 -32 -33 33 44 -36 -37 -38 38 39 41 -42 -43 -44 57 -46 -47 -48 -49 49 55 -52 -53 -54 54 -56 -57 -58 -59 59 -61 -62 -63
leaf_value=0.0012077908365147828 3.761867093972357e-05 7.2605031393733574e-05 -0.00025762802598882631 -1.1256208579050652e-05 0.00031152931838772228 0.00013169943240850509 -0.00029115538877456639 0.0022071983912672409 0.00052456649665115203 0.00090154925706776115 0.0015424005600366754 -0.0005146275503993843 -0.0003675830604252941 -0.0033820761447059078 -0.00041779875925202772 0.00020315897607972447 0.00018248954729321745 -0.0012521054782238452 -0.00049251016063056542 1.6158556573025993e-05 -0.0019812027450381992 0.00068664334402874702 0.0023271875632419714 0.00078117303770714863 -0.00092620827490804032 1.8868601989424956e-05 -0.00064020272951809283 0.0010005228996607157 0.0015718352669993278 -0.00074968086108746204 -0.0016311059911421463 -0.0002646616986872809 0.0028926133849123759 -0.00048057647691133261 0.0011054937986327326 0.00053754069238579093 0.00026696845916754922 0.00016353302151733405 -0.0018891489938685051 -0.0019739358590423676 0.00034863324508878032 -0.00059883814312910641 0.00057349333141337396 0.00074766785259202306 0.00060824134198373216 -0.00098014508646530711 -0.0030576944177000869 -0.00054605547106350248 0.0007301875998364922 0.0013219450308376251 -0.00063999516846715112 -0.00051475979187578602 0.0006695417883939112 0.0014301687701467 0.00021968554675912035 0.00015377051300866947 0.00043777455572893394 0.00050231039062811629 0.0025054636639975127 0.00060320352286298746 -0.00064351015673193063 7.1569447612187772e-05
leaf_weight=8328 15691 47138 98328 126364 53113 89211 49955 2921 9024 6867 231 17452 20430 833 44569 7729 294243 16861 137582 6736 935 67181 3497 23922 13809 31463 2252 4029 6078 127057 1629 38154 1538 6431 24726 5005 11782 3404 14873 3015 1320 13567 6261 6495 7062 2918 2459 15472 55055 2705 6207 3178 38461 5144 6611 95016 7807 7328 4668 1545 6316 10545
leaf_count=8328 15691 47138 98328 126364 53113 89211 49955 2921 9024 6867 231 17452 20430 833 44569 7729 294243 16861 137582 6736 935 67181 3497 23922 13809 31463 2252 4029 6078 127057 1629 38154 1538 6431 24726 5005 11782 3404 14873 3015 1320 13567 6261 6495 7062 2918 2459 15472 55055 2705 6207 3178 38461 5144 6611 95016 7807 7328 4668 1545 6316 10545
internal_value=8.30336e-07 -0.000292533 0.000201408 0.000245079 0.00030243 0.000239332 0.000224989 0.000625363 0.000263289 -0.000547138 -0.000577168 -0.000704265 -4.83124e-05 -0.000430856 -0.000773393 0.000248721 0.000283421 -0.000419146 -0.000359514 -0.000890067 0.000583333 0.000708794 0.00106286 8.60576e-05 -4.66944e-05 0.000348125 0.000551413 -0.000114836 0.00072371 -0.000867257 1.56947e-05 -0.000113702 -0.000134491 0.000376133 0.000918685 0.000141072 -0.000199626 -0.000835652 -0.00113757 -0.00127271 -0.00170673 -0.000848863 -0.000207875 0.000818826 8.92917e-05 -0.0017872 -0.00266267 -6.95941e-05 0.000251451 0.000382174 0.000187482 0.000559282 0.000597095 0.000204267 0.000749394 0.000186107 -0.000192635 0.00105632 0.00137579 0.00203242 8.04446e-05 0.000603197
internal_weight=1.75053e+06 710847 1.03968e+06 920059 778223 230124 610043 65403 548252 480723 453426 242647 27297 210779 213413 539924 492746 209946 186349 23597 168180 115067 34163 164721 109336 55385 62482 61791 46791 168844 48767 47178 119620 15031 30666 5940 29234 163236 36179 32775 16193 16582 104589 27765 13493 5608 2690 141836 464981 152776 312205 80904 40713 305998 11755 97721 57762 20036 12708 6213 95527 77726
internal_count=1750526 710847 1039679 920059 778223 230124 610043 65403 548252 480723 453426 242647 27297 210779 213413 539924 492746 209946 186349 23597 168180 115067 34163 164721 109336 55385 62482 61791 46791 168844 48767 47178 119620 15031 30666 5940 29234 163236 36179 32775 16193 16582 104589 27765 13493 5608 2690 141836 464981 152776 312205 80904 40713 305998 11755 97721 57762 20036 12708 6213 95527 77726
is_linear=0
shrinkage=0.05


Tree=39
num_leaves=63
num_cat=0
split_feature=2 3 34 3 32 34 3 32 34 7 0 32 0 31 31 36 32 34 38 3 18 0 36 0 40 36 31 40 0 38 40 0 35 36 34 38 35 0 36 32 36 36 40 40 3 34 31 27 3 3 40 0 35 35 31 40 32 40 0 31 38 3
split_gain=37.1846 35.0929 5.67869 5.10659 4.56387 4.45205 3.32102 3.97956 4.47641 3.29219 3.23803 3.19635 3.37944 3.17728 3.07374 4.36296 3.86524 2.91096 2.70587 3.0134 2.6109 3.89028 3.32016 2.53424 2.43646 5.97328 2.39997 2.46057 2.362 2.31426 2.17569 2.17353 2.13576 2.05405 3.39527 2.04304 2.01798 2.24087 3.41699 2.61834 2.01181 1.999 1.94689 1.94241 1.93245 1.93163 1.92013 2.33011 1.85315 1.8386 1.83426 1.82174 1.78991 2.76004 1.78091 1.73097 1.85806 1.71486 1.71144 1.63669 3.07989 2.25811
threshold=1.0900000000000003 6415.4000000000005 1.0000000180025095e-35 6788.1000000000013 1.0000000180025095e-35 1.0000000180025095e-35 8246.8500000000022 2.5000000000000004 4.5000000000000009 9.2000000000000011 244341.19678030553 1.0000000180025095e-35 136166.92614830044 1.5000000000000002 7.5000000000000009 1.0000000180025095e-35 3.5000000000000004 8.5000000000000018 86.796502635749974 8663.7000000000025 33797.500000000007 100046.57936845093 1.5000000000000002 342190.46841889987 62.233485426311439 1.0000000180025095e-35 7.5000000000000009 35.342559947574543 29518.654949670719 54.104643964708778 30.298622859806333 143966.35616879145 1.0000000180025095e-35 7.5000000000000009 1.5000000000000002 62.213681387142749 4.5000000000000009 249776.41200111897 2.5000000000000004 4.5000000000000009 1.5000000000000002 1.5000000000000002 23.985614859460615 69.148212003346018 10772.000000000002 6.5000000000000009 4.5000000000000009 40.050000000000004 8663.7000000000025 10110.050000000001 52.758037311072151 69622.077091720173 1.0000000180025095e-35 2.5000000000000004 6.5000000000000009 37.82864698187597 1.0000000180025095e-35 12.822202298665326 237216.78983647289 1.5000000000000002 57.577786240640485 12561.200000000003
decision_type=2 2 2 2 2 2 2 2 2 2 2 2 2 2 2 2 2 2 2 2 2 2 2 2 2 2 2 2 2 2 2 2 2 2 2 2 2 2 2 2 2 2 2 2 2 2 2 2 2 2 2 2 2 2 2 2 2 2 2 2 2 2
left_child=2 4 18 10 5 13 7 8 26 11 52 28 17 24 15 -9 29 30 20 -20 -1 48 57 51 -2 -26 27 -5 -4 -17 -13 40 -29 34 -32 46 37 38 39 -6 -10 49 -7 -33 -14 -42 47 50 -22 -36 -30 -8 -3 55 -12 56 -54 -23 -46 60 -59 -61
right_child=1 3 9 6 36 42 23 14 31 -11 54 12 44 -15 -16 16 -18 -19 19 -21 21 22 -24 -25 25 -27 -28 32 35 -31 33 43 -34 -35 41 -37 -38 -39 -40 -41 45 -43 -44 -45 58 -47 -48 -49 -50 -51 -52 -53 53 -55 -56 -57 -58 59 -60 61 -62 -63
leaf_value=0.0010229138916558684 1.0054465588045996e-05 0.00024544979476048818 0.0014283837305128948 -0.00085193339141494899 0.0011027382278137158 0.001398729746389341 -0.0012114629577313191 0.00015421266871791406 0.00048228063346436134 -0.00033389480569486304 -0.00028680990983940728 -0.00083007813146384875 0.00045400489258881432 -0.00030544450562679823 -0.00091182107068686668 -0.0053160320272081386 0.0015157686512153438 -0.0011441133230093458 0.0011240012088293404 0.0002440074905043944 -0.00021242015678914268 0.0011721138984824653 2.1868492336699399e-05 7.4479471175514041e-05 5.5055960554683889e-05 0.0021316526574213339 -0.00015416286880001639 -0.00026789284428457583 0.00060249692009411646 -0.002626072472510608 0.0020510988272386638 -0.0019388824890705281 -0.00071917702214305268 -0.00013683679975140658 -0.00032383315722083372 -4.493752193091674e-05 -0.0014570872546088574 0.00041949236976713763 -0.00027933117191570684 0.0027777356869771422 -0.0031288531017975188 0.0014041557015170528 0.00046034237759310878 -0.00091090175547362115 0.00024351867622408603 -0.00010256928530984256 6.0745039924553926e-05 -9.6830860334694023e-05 0.0005309072157823455 0.00083744359641524889 -0.00028612498439414775 -0.00042047814892045264 -0.0014258914094977615 0.00083719450118412402 -0.00092508487143240633 -0.0001548116584320372 5.7622548916907816e-05 -1.2603969210216659e-05 -0.0003974654840865631 0.00074198544832971593 0.00047136837487869862 0.00010510251875583067
leaf_weight=11908 25568 39958 3182 62618 22654 7525 7722 1693 3053 41357 31591 1837 33481 44555 20906 974 493 1933 21768 17589 51509 7579 62466 25871 9477 5457 36150 62333 56007 4465 6892 10690 45250 3956 5118 230707 1047 25878 4110 2601 994 8541 20821 8060 22311 1123 158610 21148 10015 10204 6479 126976 6899 4972 16709 18613 3041 49346 19529 59577 98470 18160
leaf_count=11908 25568 39958 3182 62618 22654 7525 7722 1693 3053 41357 31591 1837 33481 44555 20906 974 493 1933 21768 17589 51509 7579 62466 25871 9477 5457 36150 62333 56007 4465 6892 10690 45250 3956 5118 230707 1047 25878 4110 2601 994 8541 20821 8060 22311 1123 158610 21148 10015 10204 6479 126976 6899 4972 16709 18613 3041 49346 19529 59577 98470 18160
internal_value=7.88819e-07 -0.000277906 0.000191337 -0.000474633 0.000349459 0.000166772 -0.000557402 -0.000668231 -0.000599216 9.73509e-05 -0.000189609 0.000127583 0.000365642 -1.40825e-05 -0.00122524 -0.00208457 -0.00272353 0.000746842 0.000336623 0.000730724 0.000294592 0.000270307 0.000345595 -0.00037877 0.000306436 0.000813861 -0.000524159 -0.000602744 7.06839e-05 -0.00310778 0.000846853 -0.00124671 -0.000457705 0.000935601 0.00107355 6.15494e-05 0.000717504 0.000758719 0.00105766 0.00127525 -0.000339045 0.000791216 0.000709456 -0.00149699 0.00017089 -0.00152351 0.000162965 0.000356822 -9.14198e-05 0.000449543 0.000510358 -0.000465824 1.94155e-05 -0.000249992 -0.000507616 -0.000439306 -0.000972032 0.000432335 -5.56634e-05 0.000407477 0.000309802 0.000593204
internal_weight=1.75053e+06 710847 1.03968e+06 541154 169693 113403 419371 258802 230271 631292 121783 589935 113802 85057 28531 7625 5932 38481 408387 39357 369030 357122 295598 160569 40502 14934 206351 170201 476133 5439 36548 23920 107583 34711 30755 472951 56290 55243 29365 25255 5170 23863 28346 18750 75321 2117 242244 83634 61524 15322 62486 134698 73483 33525 48300 28553 9940 233132 41840 225553 147816 77737
internal_count=1750526 710847 1039679 541154 169693 113403 419371 258802 230271 631292 121783 589935 113802 85057 28531 7625 5932 38481 408387 39357 369030 357122 295598 160569 40502 14934 206351 170201 476133 5439 36548 23920 107583 34711 30755 472951 56290 55243 29365 25255 5170 23863 28346 18750 75321 2117 242244 83634 61524 15322 62486 134698 73483 33525 48300 28553 9940 233132 41840 225553 147816 77737
is_linear=0
shrinkage=0.05


Tree=40
num_leaves=63
num_cat=0
split_feature=2 5 6 39 31 0 28 39 0 34 32 19 20 31 34 32 35 36 0 39 34 34 34 32 0 36 5 31 35 0 35 33 27 40 32 5 39 28 36 40 0 35 32 36 0 36 39 0 39 40 31 0 17 20 31 6 19 36 39 39 36 32
split_gain=33.3203 25.8362 10.1457 6.04669 4.3988 4.07821 3.84491 3.61864 6.21351 3.61118 3.57789 3.36122 4.05256 3.16688 3.15116 3.08941 5.36685 2.91993 2.77389 2.81969 2.76368 2.57327 3.87463 2.62909 2.51197 2.49147 5.08063 2.4747 2.40354 2.37792 2.22196 2.20952 2.16152 2.4 2.1446 2.97969 2.12092 2.02701 2.08382 1.99383 1.94387 2.08496 2.97118 1.92121 1.96391 2.83864 1.8469 1.82801 2.35075 1.80496 1.80067 1.77019 1.73156 1.74085 1.72871 1.70972 2.08424 1.70878 1.7027 2.32314 2.01247 2.05261
threshold=1.0900000000000003 144.77950000000001 193.15000000000001 17.855285984510253 3.5000000000000004 330857.96262682101 29.150000000000002 28.281628396118492 468459.40111072798 1.5000000000000002 1.5000000000000002 126750.00000000001 754.50000000000011 7.5000000000000009 1.5000000000000002 1.0000000180025095e-35 1.5000000000000002 1.5000000000000002 151997.2635658581 89.825888475832528 3.5000000000000004 5.5000000000000009 7.5000000000000009 13.500000000000002 307020.92228671111 1.5000000000000002 174.07000000000002 3.5000000000000004 3.5000000000000004 117466.0682353782 1.0000000180025095e-35 1.0000000180025095e-35 39.650000000000013 20.440667153087134 2.5000000000000004 148.34150000000002 9.7742184216028196 17.250000000000004 3.5000000000000004 9.8679282432463129 210773.00843308747 1.0000000180025095e-35 2.5000000000000004 1.0000000180025095e-35 444151.00379638089 3.5000000000000004 11.032734872103637 184515.61700879913 11.754985301820122 50.124651115044024 1.5000000000000002 289982.18113219982 17241.500000000004 843.50000000000011 13.500000000000002 170.15000000000001 456200.00000000006 1.0000000180025095e-35 86.313519077006774 47.228531032352613 1.5000000000000002 1.0000000180025095e-35
decision_type=2 2 2 2 2 2 2 2 2 2 2 2 2 2 2 2 2 2 2 2 2 2 2 2 2 2 2 2 2 2 2 2 2 2 2 2 2 2 2 2 2 2 2 2 2 2 2 2 2 2 2 2 2 2 2 2 2 2 2 2 2 2
left_child=3 10 7 6 18 14 17 8 9 13 29 12 -6 24 15 16 50 -1 19 52 34 23 -23 55 27 26 -22 -3 37 46 -28 58 33 -20 -9 -36 -7 -19 -39 -14 -12 -42 -43 -37 45 -45 -2 -17 -49 -11 -4 -25 -5 -54 -8 -13 -57 -18 59 60 -31 -62
right_child=1 2 5 4 11 36 54 20 -10 49 40 21 39 -15 -16 47 57 28 32 -21 25 22 -24 51 -26 -27 30 -29 -30 31 -32 -33 -34 -35 35 43 -38 38 -40 -41 41 42 -44 44 -46 -47 -48 48 -50 -51 -52 -53 53 -55 -56 56 -58 -59 -60 -61 61 -63
leaf_value=0.00097377833021640979 0.0016791874817034713 -0.0009418504166150048 0.0003920532908259361 4.7652484024977356e-05 4.5196138304511072e-05 0.00020959420120165745 -0.00019219780324751534 -0.00034497558879010274 -4.527880208443016e-05 -0.00097214765069268997 0.0021238265874088881 -0.00022170263154623377 0.0049107385181893018 -0.00065914949289270575 0.00040508633061659202 0.00073823305094216924 -0.00029795269908942934 0.0011546279896933185 0.0011625207488496719 0.0010478309146227649 0.00010133999636308463 0.00063393984848196148 -0.00042579718799241504 0.001569374114899511 -0.00093149784891594306 -0.0011611316426147669 4.7146244446864164e-05 -0.0022127395816326379 0.0022129582392852016 0.00063229284697371817 -0.0014927599663701755 -0.00061495419991654645 5.7261030899087833e-05 0.00042820314202553477 -2.8029338149132453e-05 0.00019662767213653363 -0.00066312308786300425 0.00039465435150447237 -0.00048497706378538159 0.0007792126517678201 0.0013119155505529076 0.0006197392933001613 -0.004000196834141859 -0.0020879176362591668 -0.00058122613555992874 0.00030310757063222967 -0.00014935677121357259 0.001561473423194179 -0.00030031125107083962 2.7568989094966986e-05 -0.00024543302726560327 0.00027202061686530942 0.00029082204530000289 0.0014744535828839231 0.0010531123785440177 4.0393607905892397e-05 -0.00047543126089660674 -0.0018408203588216579 0.0015679608760124633 0.00022872423314357511 0.0012993762321453254 0.0039840274305388721
leaf_weight=43307 1466 5049 13757 169521 39810 8537 21182 249036 19265 9185 4513 116650 295 12717 41560 14267 2474 6278 12073 8115 16981 33303 11640 3880 9669 23983 2948 15871 1753 21504 11406 3985 36384 142029 8174 2227 37728 27924 8872 28870 4599 1172 495 9156 5252 1436 23799 1953 12857 8880 56867 8157 12771 4105 3209 277687 21069 6535 4230 30593 5362 821
leaf_count=43307 1466 5049 13757 169521 39810 8537 21182 249036 19265 9185 4513 116650 295 12717 41560 14267 2474 6278 12073 8115 16981 33303 11640 3880 9669 23983 2948 15871 1753 21504 11406 3985 36384 142029 8174 2227 37728 27924 8872 28870 4599 1172 495 9156 5252 1436 23799 1953 12857 8880 56867 8157 12771 4105 3209 277687 21069 6535 4230 30593 5362 821
internal_value=6.67388e-07 -0.000263248 -0.00038711 0.000181113 0.000139071 -9.16033e-05 0.00052722 -0.000528336 -0.000828656 -0.00107457 0.000470903 4.71884e-05 0.000373234 -0.00132228 3.47758e-05 -0.000106795 -0.00026786 0.000680976 0.000268271 0.000135457 -0.000455086 -4.18789e-07 0.000359474 -3.82593e-05 -0.00159797 -0.000777577 -0.000484014 -0.00190601 0.000398101 0.000369675 -0.0011765 0.000526569 0.000403892 0.000485733 -0.000390281 -0.000820177 -0.000502086 0.000324241 0.000182564 0.000821002 0.00133264 0.000762805 -0.000752107 -0.00117849 -0.00137177 -0.00176376 -4.32556e-05 0.000334313 -5.4797e-05 -0.000480729 -0.000121256 0.000690209 9.57355e-05 0.000578734 -2.83587e-05 -5.93677e-05 4.01638e-06 -0.00141713 0.000599341 0.000529038 0.000860872 0.00165585
internal_weight=1.74919e+06 710309 607770 1.03888e+06 926359 196535 112525 411235 80636 61371 102539 541361 68975 43306 150270 108710 79633 88134 384998 194512 330599 472386 44943 427443 30589 55318 31335 20920 44827 91760 14354 66495 190486 154102 275281 26245 46265 43074 36796 29165 10779 6266 1667 18071 15844 10592 25265 29077 14810 18065 70624 12037 186397 16876 24391 415406 298756 9009 62510 58280 27687 6183
internal_count=1749193 710309 607770 1038884 926359 196535 112525 411235 80636 61371 102539 541361 68975 43306 150270 108710 79633 88134 384998 194512 330599 472386 44943 427443 30589 55318 31335 20920 44827 91760 14354 66495 190486 154102 275281 26245 46265 43074 36796 29165 10779 6266 1667 18071 15844 10592 25265 29077 14810 18065 70624 12037 186397 16876 24391 415406 298756 9009 62510 58280 27687 6183
is_linear=0
shrinkage=0.05


Tree=41
num_leaves=63
num_cat=0
split_feature=2 3 39 3 34 37 33 35 36 32 34 39 0 34 28 36 31 0 5 34 32 19 32 36 0 31 36 19 3 7 33 39 40 35 0 31 32 39 3 35 0 35 40 38 27 0 39 39 32 40 35 39 34 36 35 7 31 35 36 28 36 0
split_gain=30.0716 29.3586 5.45714 4.61964 4.16172 4.53005 4.04521 4.48731 4.91767 3.81904 3.74159 3.54365 5.34207 3.61892 3.47003 3.34584 3.20336 2.80113 2.9379 2.92282 3.00201 2.76496 2.91461 2.94992 3.4266 2.66098 2.63524 2.63285 2.611 2.49177 2.39476 2.39088 2.48552 2.26932 2.26585 2.98187 2.58429 2.25105 2.20686 2.16919 2.11638 2.08318 2.04566 2.64868 2.48866 2.15775 2.37336 2.04291 1.98913 2.63177 2.01814 1.92676 2.03437 3.22399 1.88191 1.87145 5.03711 2.22535 1.84599 1.82938 1.88065 1.8177
threshold=1.0900000000000003 6393.0500000000011 17.855285984510253 6708.9500000000016 1.5000000000000002 1.0000000180025095e-35 1.5000000000000002 1.0000000180025095e-35 1.5000000000000002 1.0000000180025095e-35 1.0000000180025095e-35 32.167128224840511 468459.40111072798 1.5000000000000002 29.150000000000002 3.5000000000000004 7.5000000000000009 168932.01955585621 160.18800000000002 3.5000000000000004 2.5000000000000004 258450.00000000003 1.5000000000000002 6.5000000000000009 168932.01955585621 2.5000000000000004 1.5000000000000002 182550.00000000003 11761.400000000003 9.2000000000000011 1.0000000180025095e-35 51.039998038112891 29.689690376900739 3.5000000000000004 108211.58668890691 3.5000000000000004 1.0000000180025095e-35 99.647169782693595 7691.2500000000009 3.5000000000000004 338377.28652759787 1.0000000180025095e-35 51.481956287913427 81.673825303871936 38.550000000000004 190229.30343593637 53.941762837796283 88.46378460206067 1.0000000180025095e-35 59.494500411358693 2.5000000000000004 52.211142723199856 4.5000000000000009 1.5000000000000002 4.5000000000000009 6.5500000000000007 3.5000000000000004 1.0000000180025095e-35 1.0000000180025095e-35 17.250000000000004 3.5000000000000004 95333.484160635562
decision_type=2 2 2 2 2 2 2 2 2 2 2 2 2 2 2 2 2 2 2 2 2 2 2 2 2 2 2 2 2 2 2 2 2 2 2 2 2 2 2 2 2 2 2 2 2 2 2 2 2 2 2 2 2 2 2 2 2 2 2 2 2 2
left_child=2 9 14 40 5 21 7 8 31 10 25 12 13 16 26 27 34 33 -19 20 -20 22 29 24 -24 -2 -1 30 -17 37 -10 32 -6 51 35 -5 -37 42 -14 59 41 -3 43 44 -4 55 -47 -44 49 -43 -50 -13 -53 -54 -11 61 57 -57 -22 -28 -61 -46
right_child=1 3 4 11 6 -7 -8 -9 15 54 -12 17 38 -15 -16 28 -18 18 19 -21 58 -23 23 -25 -26 -27 39 -29 -30 -31 -32 -33 -34 -35 -36 36 -38 -39 -40 -41 -42 48 47 -45 45 46 -48 -49 50 -51 -52 52 53 -55 -56 56 -58 -59 -60 60 -62 -63
leaf_value=0.00092508941522571582 0.00015963112723827978 0.00023924783018444432 0.00067199734991150117 -0.00027309087822056813 -0.00058649642844417114 -0.00058590180756930147 -0.00056137132291397807 -0.00019057379982039091 0.00092817180484397693 0.00072520194752510739 0.00068633456882216399 -0.00055675170559142066 -0.00049714588657450668 -0.00045217532725301036 -2.6940734214013558e-05 -0.00042805809113350535 -0.00056616881791298835 -0.00029286800735838094 -0.00048221874204613154 -0.0012757090143274716 0.00018094774611517836 -0.00018608342735228475 0.0013289444898738156 -0.00053652028365989372 0.00043259424201919457 -0.00051396762635179817 0.0010968965922780812 2.7943364326747482e-05 0.00048117962670401354 -0.00036690530608501112 -0.00033148411859520955 -0.00031881856447133009 0.00061791084839020861 0.00068108645108796518 -0.0011998028896523325 -0.0028412660442250267 0.00018395029528884952 0.002701601497303118 0.00048411546450415223 0.0021023103327966908 -0.00053218664527417993 -0.00094894668560318381 3.5980381034905164e-05 0.0012283276698714565 -0.00023317166293984235 0.00066594645714067205 7.4102553152192158e-05 0.00050748242192372433 -0.00020234383254470192 0.00020358858995993013 0.0010194094347242479 -5.6945310722419824e-05 8.9973461239031331e-05 -0.0014310937651733416 -0.0014472646233460139 0.00079960595242991846 -1.2355167728349143e-05 0.0021685208068809017 -0.0015044305526464045 0.00037492163519302281 -0.00046072820828327657 0.00016888359823909104
leaf_weight=43307 62886 42067 37875 1822 5750 17472 30717 118859 45657 52907 26465 45589 13751 25608 24391 15769 15679 74214 88794 18243 1881 37272 16046 5057 31778 19119 6278 13123 15814 17358 4113 45534 16797 6272 30238 6779 788 929 9823 1753 24858 15193 155622 7772 38013 49586 25728 26952 11738 7349 4747 76581 6600 7378 1016 11634 23217 3986 11924 27924 8872 107929
leaf_count=43307 62886 42067 37875 1822 5750 17472 30717 118859 45657 52907 26465 45589 13751 25608 24391 15769 15679 74214 88794 18243 1881 37272 16046 5057 31778 19119 6278 13123 15814 17358 4113 45534 16797 6272 30238 6779 788 929 9823 1753 24858 15193 155622 7772 38013 49586 25728 26952 11738 7349 4747 76581 6600 7378 1016 11634 23217 3986 11924 27924 8872 107929
internal_value=6.34019e-07 -0.000250086 0.000172057 -0.000425087 0.000132117 0.000207665 -1.65483e-05 4.292e-05 0.000213647 0.00034037 0.00016941 -0.000496172 -0.000750615 -0.000943588 0.000500859 0.0004471 -0.00117112 -0.000417393 -0.000540482 -0.000692552 -0.000588861 0.0002309 0.000258679 0.000611903 0.000733339 2.5854e-06 0.000646927 0.000657956 2.72085e-05 0.000221808 0.000824074 -0.000110316 0.000310759 -0.000248811 -0.00141048 -0.00208899 -0.00252623 0.000242695 -8.82662e-05 0.000378196 -0.000128566 -4.84267e-06 0.000238017 0.000317099 0.000293332 0.00023819 0.000463767 0.000105585 -0.000267947 -0.000573204 0.000149471 -0.000291649 -0.000158192 -0.000712891 0.000684269 0.000146247 0.000454708 0.00114893 -0.00127479 0.000308029 0.000173435 6.41617e-05
internal_weight=1.74919e+06 710309 1.03888e+06 547916 926359 614226 312133 281416 162557 162393 108470 441964 104488 80914 112525 94476 55306 337476 195056 120842 102599 596754 559482 52881 47824 82005 88134 62893 31583 506601 49770 68081 22547 142420 39627 9389 7567 489243 23574 44827 105952 81094 488314 305740 297968 260093 75314 182574 39027 22542 16485 136148 90559 13978 53923 184779 38837 15620 13805 43074 36796 145942
internal_count=1749193 710309 1038884 547916 926359 614226 312133 281416 162557 162393 108470 441964 104488 80914 112525 94476 55306 337476 195056 120842 102599 596754 559482 52881 47824 82005 88134 62893 31583 506601 49770 68081 22547 142420 39627 9389 7567 489243 23574 44827 105952 81094 488314 305740 297968 260093 75314 182574 39027 22542 16485 136148 90559 13978 53923 184779 38837 15620 13805 43074 36796 145942
is_linear=0
shrinkage=0.05


Tree=42
num_leaves=63
num_cat=0
split_feature=2 3 39 7 3 18 39 39 39 0 34 34 36 31 40 0 34 20 19 17 38 36 34 35 34 34 36 3 39 36 3 35 3 3 3 3 0 20 40 39 34 31 0 35 0 1 40 34 31 38 1 3 40 31 31 35 36 31 0 0 34 0
split_gain=27.1396 26.5008 4.92507 3.89472 3.84263 3.43615 3.32852 4.03888 3.12451 5.09468 3.45117 3.00407 2.88907 2.68704 2.67417 2.4575 2.45219 2.44902 5.20341 3.29947 2.42677 2.18495 2.11654 3.4639 2.78712 2.09571 2.38966 2.34275 2.0484 2.04735 4.63837 2.1127 2.03855 1.97812 1.95569 1.91221 2.43248 1.87791 1.78949 1.75955 1.73906 1.7224 1.68956 2.57113 1.68104 2.39265 2.17823 1.66347 1.61112 1.86466 1.92929 1.69737 1.60517 1.57943 1.57062 2.34168 2.14379 1.74804 1.6499 1.56439 1.56084 2.24145
threshold=1.0900000000000003 6415.4000000000005 17.855285984510253 8.4000000000000021 6788.1000000000013 91915.000000000015 23.93411739077489 83.197229607889895 28.281628396118492 423306.83129810268 1.5000000000000002 1.0000000180025095e-35 1.5000000000000002 7.5000000000000009 41.489358382220509 205250.58759149702 3.5000000000000004 704.50000000000011 108250.00000000001 12072.500000000002 48.765278748091596 1.0000000180025095e-35 1.5000000000000002 1.0000000180025095e-35 5.5000000000000009 2.5000000000000004 2.5000000000000004 8460.4500000000025 77.974216823330792 1.5000000000000002 7500.7000000000007 1.0000000180025095e-35 7718.8500000000013 12632.85 13429.200000000003 4952.9500000000016 116632.30336932313 849.50000000000011 47.87487912400308 9.7742184216028196 6.5000000000000009 28.500000000000004 334583.71056835965 1.0000000180025095e-35 111514.69409797566 5.9200000000000008 15.142803941095353 6.5000000000000009 3.5000000000000004 79.86120723680925 5.9200000000000008 5732.6000000000013 23.985614859460615 6.5000000000000009 3.5000000000000004 2.5000000000000004 1.0000000180025095e-35 4.5000000000000009 444151.00379638089 436917.03087527835 7.5000000000000009 140490.73485909266
decision_type=2 2 2 2 2 2 2 2 2 2 2 2 2 2 2 2 2 2 2 2 2 2 2 2 2 2 2 2 2 2 2 2 2 2 2 2 2 2 2 2 2 2 2 2 2 2 2 2 2 2 2 2 2 2 2 2 2 2 2 2 2 2
left_child=2 6 12 5 15 17 59 11 9 10 13 20 33 21 47 -3 25 34 19 -19 -8 -6 23 44 -24 26 27 54 35 30 31 -18 -11 -1 -4 36 -25 -21 40 -17 -12 -16 43 -23 45 -20 -46 -14 49 -48 -51 -50 -13 -41 56 57 -10 -56 -59 -2 61 -26
right_child=1 4 3 -5 8 -7 7 -9 16 32 38 52 14 -15 41 39 29 18 22 37 -22 42 24 28 60 -27 -28 -29 -30 -31 -32 -33 -34 -35 -36 -37 -38 -39 -40 53 -42 -43 -44 -45 46 -47 48 -49 51 50 -52 -53 -54 -55 55 -57 -58 58 -60 -61 -62 -63
leaf_value=0.00090217184213088749 0.0009682199745153459 6.0639771613171923e-05 -0.00019265104798460778 -0.00012982799085290859 -0.00049277040622708269 -0.00023804770656922619 -0.00037975889406449589 0.00084323018232270721 -0.0008264241049481491 -0.00054468686386641477 -0.00066944747318328952 0.0012310908112765279 0.0005650445484159097 -0.00062308837424897192 -0.00019497254586758135 0.00032669766156415278 8.4637313857711884e-05 0.00028174777063721626 0.00045234834732660626 0.00091234496243752642 0.00015145185031837771 -0.0010768248968213261 -3.4630782334736278e-05 -6.8850445897850605e-05 0.001372806849594762 0.00032413562061158006 -0.0002003293938143511 -0.00014998950344964645 0.00091444830743284621 -0.0010633858483308175 0.00011262945526597112 -0.0013950469040205846 0.0003828619391939448 0.00014228129875416452 0.00048376847236999146 0.00030628194294439926 0.0014116254277219175 0.0019625684998385773 1.9087731380335379e-05 -0.00030308849090758663 -0.0026941985736971112 0.00092995352612563586 -0.00088384700617322285 -0.0023134039104898241 0.0010778899645175249 -0.00022966065335572338 0.0002110952368317922 0.0042256500847989127 0.00067990712475238929 0.00019091377307306508 0.0011394591727768974 -0.0001039666606012853 0.00033645080668696421 -0.00089128519688185339 -0.00067110555350332972 -0.00016655307622740576 -0.00013831879966516946 -0.0014857496003866384 -0.0005646529974640351 6.1024077681329838e-06 -0.00011852682765318139 0.00033063775882240058
leaf_weight=41787 23692 61569 62490 128608 4333 49209 33307 21200 17717 13826 6755 6800 26682 11521 29117 7506 3025 16314 17077 13531 60649 6156 157915 4031 7984 10984 109457 36284 20731 24074 16981 11911 10364 10772 12890 106472 8901 6210 9842 35560 1258 3853 4920 13254 7155 52076 143099 314 7808 9811 11818 59779 19087 16807 37325 13963 31345 16864 6831 5142 7867 14583
leaf_count=41787 23692 61569 62490 128608 4333 49209 33307 21200 17717 13826 6755 6800 26682 11521 29117 7506 3025 16314 17077 13531 60649 6156 157915 4031 7984 10984 109457 36284 20731 24074 16981 11911 10364 10772 12890 106472 8901 6210 9842 35560 1258 3853 4920 13254 7155 52076 143099 314 7808 9811 11818 59779 19087 16807 37325 13963 31345 16864 6831 5142 7867 14583
internal_value=6.02318e-07 -0.000237582 0.000163454 0.000125512 -0.000408809 0.000166676 0.000307145 0.000207075 -0.000480588 -0.000756905 -0.00101099 9.45406e-05 0.000475816 -0.00126799 0.000238626 -0.000161163 -0.000413118 0.000193282 0.000223546 0.000807902 -3.68601e-05 -0.00152721 0.000190476 0.000249517 4.98065e-05 -0.000352866 -0.000380429 -0.000503384 0.000455669 -0.000715254 -0.000452668 -0.00109537 -0.000147286 0.000746432 -7.69831e-05 0.000376016 0.00095015 0.00124272 -0.000432571 -0.000389248 -0.000987323 -6.35094e-05 -0.00171144 -0.00192122 0.000155911 -6.12418e-05 0.000218619 0.000607622 0.000192155 0.000276496 0.000709195 -1.34095e-05 0.000571455 -0.000491868 -0.000606754 -0.000750669 -0.000386804 -0.00088433 -0.00122021 0.000796644 0.000487932 0.000699348
internal_weight=1.74919e+06 710309 1.03888e+06 926359 540432 797751 169877 141043 418990 82229 58039 119843 112525 40184 59966 121442 336761 748542 673162 36055 93956 28663 637107 448758 188349 280770 269786 160329 140135 55991 31917 14936 24190 52559 75380 119404 12932 19741 17855 59873 8013 32970 24330 19410 308623 69153 239470 26996 232315 164728 21629 67587 25887 52367 124045 74983 49062 61020 23695 28834 30434 22567
internal_count=1749193 710309 1038884 926359 540432 797751 169877 141043 418990 82229 58039 119843 112525 40184 59966 121442 336761 748542 673162 36055 93956 28663 637107 448758 188349 280770 269786 160329 140135 55991 31917 14936 24190 52559 75380 119404 12932 19741 17855 59873 8013 32970 24330 19410 308623 69153 239470 26996 232315 164728 21629 67587 25887 52367 124045 74983 49062 61020 23695 28834 30434 22567
is_linear=0
shrinkage=0.05


Tree=43
num_leaves=63
num_cat=0
split_feature=2 3 39 34 3 38 39 34 39 35 36 34 5 7 34 36 34 38 1 28 35 36 5 37 33 34 34 34 3 35 34 40 3 19 3 28 40 40 34 39 35 3 35 37 39 40 34 35 38 35 3 33 33 39 3 36 39 35 34 35 17 35
split_gain=24.4935 23.9897 4.51631 3.85905 3.77742 3.1596 3.40591 3.45388 2.97349 2.66162 2.34058 2.26905 2.21943 2.21205 2.18237 2.4915 2.09284 2.05718 2.43241 2.11755 2.03019 2.0145 3.83496 2.00277 1.97554 3.82825 2.07052 2.89164 2.4593 1.95519 1.91933 1.96765 1.82957 1.66137 1.78233 1.61232 1.60357 1.55249 1.53382 1.51708 1.72599 1.47907 1.80685 1.43897 1.42368 1.35581 1.80625 1.64784 1.40008 1.3322 1.94071 2.03939 2.76586 1.61703 1.8053 1.47824 1.37389 1.32713 1.43274 1.75943 1.29166 1.27001
threshold=1.0900000000000003 6393.0500000000011 9.1393417900985376 1.0000000180025095e-35 6674.2500000000009 86.796502635749974 11.754985301820122 2.5000000000000004 33.793973005865396 3.5000000000000004 1.5000000000000002 3.5000000000000004 140.16300000000004 9.2000000000000011 2.5000000000000004 2.5000000000000004 1.5000000000000002 86.796502635749974 5.9200000000000008 15.250000000000002 3.5000000000000004 1.5000000000000002 174.07000000000002 1.0000000180025095e-35 1.5000000000000002 1.5000000000000002 5.5000000000000009 7.5000000000000009 11761.400000000003 1.0000000180025095e-35 1.0000000180025095e-35 40.725840324175621 8470.6000000000022 456200.00000000006 13721.400000000003 18.150000000000002 39.859553732982057 10.570209573734948 1.5000000000000002 52.437613169743869 1.0000000180025095e-35 12632.85 1.0000000180025095e-35 1.0000000180025095e-35 1.0000000180025095e-35 52.18920948513891 3.5000000000000004 1.5000000000000002 56.30477383953572 1.0000000180025095e-35 4952.9500000000016 1.5000000000000002 1.0000000180025095e-35 53.941762837796283 5617.1500000000005 1.0000000180025095e-35 66.295399052495284 1.5000000000000002 1.5000000000000002 4.5000000000000009 16478.500000000004 2.5000000000000004
decision_type=2 2 2 2 2 2 2 2 2 2 2 2 2 2 2 2 2 2 2 2 2 2 2 2 2 2 2 2 2 2 2 2 2 2 2 2 2 2 2 2 2 2 2 2 2 2 2 2 2 2 2 2 2 2 2 2 2 2 2 2 2 2
left_child=2 5 10 17 38 6 -2 12 9 16 41 14 30 24 15 32 61 19 -19 60 23 22 -13 35 26 -26 33 28 39 -24 36 -32 -10 34 57 -12 -8 -21 44 40 -28 42 -1 49 -3 46 -18 48 -48 53 55 52 56 -39 -55 -51 -52 -5 -59 -60 -4 -6
right_child=1 4 3 13 8 -7 7 -9 11 -11 20 21 -14 -15 -16 -17 45 18 -20 37 -22 -23 29 -25 25 -27 27 -29 -30 -31 31 -33 -34 -35 -36 -37 -38 43 -40 -41 -42 -43 -44 -45 -46 -47 47 -49 -50 50 51 -53 -54 54 -56 -57 -58 58 59 -61 -62 -63
leaf_value=0.0015396597560730562 0.0009766372071272518 0.0010531543744210831 0.00040991064940949274 0.00011587359708695523 -0.00097425056465168117 0.00088274032871245929 -0.00011883756077335245 0.001503713737336563 -0.00053754013566101116 0.00053098686050535632 0.00099095368374162835 0.00015139337547447307 -0.00012301674265353423 -0.00032155687660664662 0.00034996353402819624 -0.00015357319898738427 -0.00027896351572630836 0.00014785691176458525 0.00097528385249413905 0.0010079853618325991 0.0021009317873276661 -0.0010241431252122387 0.00014680379064098496 0.0010403701670073434 0.00041418268446161491 -0.00054476232589862955 0.0014133737722290137 -0.00029260124894588531 -0.00091002050269989559 -0.0012156954523372644 0.0017411251752676386 -0.00010317816625803796 -7.9912581589516106e-05 -0.00038100049034793477 0.00071358517111479039 -9.6858266237990489e-05 0.00042431277365352323 0.00021715454054351967 0.00018982229905358024 0.00042507299473957681 0.00022558199638771388 0.00021496024585893685 0.00067025168221456052 -0.0006136553605426095 -0.00027710310253327062 3.0373149682611902e-05 -0.00076167785224411143 0.0020579913660426917 -0.0021943410580747588 0.0012417814031046288 0.00014003951470198129 0.0010482538812795204 -0.00058606891301813519 -0.00034445424240972587 0.00012737049629858859 5.2355983711780168e-05 0.00066692367823810591 0.00022936917001805383 -0.00031567310221263613 0.00079114368770696853 0.00113361447788442 -0.00050002957942288655
leaf_weight=10616 13569 2075 22625 342828 57807 20846 22581 4503 137523 4457 3910 15630 60307 38124 11881 105928 12857 15893 20135 5494 1475 22792 3293 6038 15365 32258 11739 10874 2387 13138 4277 2185 25964 19609 11147 26442 34125 130652 30716 17091 4136 6779 13673 5895 65531 12449 3599 354 3241 9213 43147 7123 10554 34099 50002 3646 17347 22384 53862 3847 8475 18681
leaf_count=10616 13569 2075 22625 342828 57807 20846 22581 4503 137523 4457 3910 15630 60307 38124 11881 105928 12857 15893 20135 5494 1475 22792 3293 6038 15365 32258 11739 10874 2387 13138 4277 2185 25964 19609 11147 26442 34125 130652 30716 17091 4136 6779 13673 5895 65531 12449 3599 354 3241 9213 43147 7123 10554 34099 50002 3646 17347 22384 53862 3847 8475 18681
internal_value=5.72203e-07 -0.000225703 0.000155282 0.00012749 -0.000383895 0.00030804 0.000223403 0.00014354 -0.000445289 -0.000666632 0.000546338 -0.000370589 9.39363e-05 4.67009e-05 -0.000313224 -0.00034247 -0.000715608 0.000250607 0.000610282 0.000213399 0.000282428 -0.000664765 -0.000409286 0.000208718 7.23425e-05 -0.00023537 0.000101657 0.000420437 0.000639756 -0.000942632 0.000301063 0.00111751 -0.000464863 6.91747e-05 8.95113e-05 4.32757e-05 0.000208024 0.000174793 -0.000103161 0.000751972 0.00110391 0.000867986 0.00105024 0.000160106 -0.000236274 -0.000379481 -0.000633946 -0.00126836 -0.00144052 0.000175023 0.00033532 0.000241685 0.000160821 0.000107076 -6.39322e-05 0.000904535 0.000291127 7.30625e-05 -0.000110185 -0.00024189 0.000607126 -0.000858429
internal_weight=1.74919e+06 710309 1.03888e+06 969951 547916 162393 141547 127978 449594 113445 68933 336149 123475 585651 281296 269415 108988 384300 36028 348272 37865 54853 32061 36390 547527 47623 499904 46227 35353 16431 63168 6462 163487 453677 434068 30352 56706 317172 98322 32966 15875 31068 24289 311678 67606 32500 20051 7194 6840 305783 91030 78171 71048 214753 84101 12859 60494 422921 80093 57709 31100 76488
internal_count=1749193 710309 1038884 969951 547916 162393 141547 127978 449594 113445 68933 336149 123475 585651 281296 269415 108988 384300 36028 348272 37865 54853 32061 36390 547527 47623 499904 46227 35353 16431 63168 6462 163487 453677 434068 30352 56706 317172 98322 32966 15875 31068 24289 311678 67606 32500 20051 7194 6840 305783 91030 78171 71048 214753 84101 12859 60494 422921 80093 57709 31100 76488
is_linear=0
shrinkage=0.05


Tree=44
num_leaves=63
num_cat=0
split_feature=2 3 39 3 32 7 28 32 34 3 28 32 3 0 34 33 31 35 0 39 32 40 35 35 27 0 1 34 32 34 35 38 0 31 40 34 3 39 35 0 39 32 34 39 35 39 34 0 31 18 35 32 0 32 3 7 40 33 31 32 32 0
split_gain=22.1056 21.3912 4.05066 3.30041 3.25275 3.21096 3.19147 3.37375 2.99074 2.94012 2.92475 2.88663 2.43113 2.39619 2.39465 2.55193 2.33671 2.16369 2.05667 3.30157 2.04816 2.94645 2.02901 2.00169 1.9469 1.96299 2.33635 1.92842 1.865 1.85952 2.65081 2.07657 2.4241 1.76527 1.94139 2.32263 1.75389 1.68078 1.65745 1.82941 2.95886 2.01111 1.64201 1.6364 1.63586 1.58933 2.53566 2.14926 1.54475 1.53535 1.61758 1.85013 1.8995 1.52133 3.03513 1.49495 1.49423 1.49197 1.58264 2.58405 2.17692 2.98903
threshold=1.0550000000000004 6393.0500000000011 17.855285984510253 6788.1000000000013 1.0000000180025095e-35 8.5500000000000025 37.95000000000001 1.0000000180025095e-35 1.0000000180025095e-35 8304.1500000000015 29.150000000000002 1.5000000000000002 13721.400000000003 330857.96262682101 1.5000000000000002 1.5000000000000002 2.5000000000000004 1.0000000180025095e-35 334583.71056835965 45.562522486666914 1.0000000180025095e-35 46.475949459404696 2.5000000000000004 1.0000000180025095e-35 35.850000000000001 198533.42990220393 5.9200000000000008 1.5000000000000002 1.5000000000000002 4.5000000000000009 1.5000000000000002 38.716362160956429 56762.732662321359 9.5000000000000018 63.744642011654626 6.5000000000000009 12561.200000000003 9.7742184216028196 4.5000000000000009 268388.87224638741 15.131980675403105 7.5000000000000009 3.5000000000000004 98.591805316340242 1.5000000000000002 21.970482063676375 1.5000000000000002 359210.81522500172 13.500000000000002 46395.000000000007 3.5000000000000004 1.0000000180025095e-35 246139.25663713223 1.0000000180025095e-35 7099.2000000000016 5.3500000000000005 27.001866963826256 1.0000000180025095e-35 7.5000000000000009 3.5000000000000004 2.5000000000000004 261700.68475465282
decision_type=2 2 2 2 2 2 2 2 2 2 2 2 2 2 2 2 2 2 2 2 2 2 2 2 2 2 2 2 2 2 2 2 2 2 2 2 2 2 2 2 2 2 2 2 2 2 2 2 2 2 2 2 2 2 2 2 2 2 2 2 2 2
left_child=2 4 10 13 8 6 7 12 16 11 23 29 14 17 24 36 -2 27 19 28 21 -19 -22 33 -4 43 -27 -3 -11 31 -31 32 -5 34 35 -1 42 -15 39 40 -6 -42 -16 -26 -44 46 47 -33 -12 -25 51 -51 -53 -32 -55 -9 -10 58 59 60 -13 -62
right_child=1 3 5 9 38 -7 -8 55 56 18 48 57 -14 37 15 -17 -18 20 -20 -21 22 -23 -24 49 25 26 -28 -29 -30 30 53 45 -34 -35 -36 -37 -38 -39 -40 -41 41 -43 44 -45 -46 -47 -48 -49 -50 50 -52 52 -54 54 -56 -57 -58 -59 -60 -61 61 -63
leaf_value=0.00064920217499214131 0.00013287822716734612 -3.7403771773521129e-05 0.00056292354378847053 -0.0026933448737073984 0.0024715265883038726 -0.00013486452118921142 -0.0001056738712485274 0.00020050444506929102 0.001153113173387554 -0.00083185298179670362 -0.00020526272876116486 -0.00089703648097584458 0.00077690402706474804 0.00024729386542810986 -0.00028798664969782007 -0.00058435728144271731 -0.00049834445334675202 -0.0010569567712827225 0.00013984027395113648 -0.00015988674007251237 -0.00018879001474828182 6.7442092157044051e-06 0.00093415632087069937 0.0010367384040716294 7.7499549696875432e-05 4.5410999409186906e-05 0.00057494587874987407 0.00059568195114440242 1.0186893062929544e-05 -0.0012861278300334172 0.00086343891197989482 -0.0015606801027347465 -0.00063472415667923635 6.0740293486437956e-05 0.0016993973008100625 0.0030354505555704671 0.00039773913814872416 -0.00068217805261804303 -0.0013903631188100904 0.00030614933869147767 0.00064925829160312044 0.0026161828412153373 0.0003006946634336386 0.0023144383801618684 -0.00024211738304816345 -0.00025792399218236179 0.0005085214540869955 -0.00039548507496075689 0.00097192384339702363 -4.9476622678862152e-05 0.0017734305810636068 0.0013677811871017657 0.00024397955430441754 -0.0049137856240756665 0.00030678155058961394 0.0005365038875759314 0.00034319208217599385 0.00013178226760175127 -0.00075138535154873308 0.0012659685521717507 -0.003475994819835244 -0.001348004939148998
leaf_weight=19503 62886 30269 30851 1477 2730 113213 106349 53668 8294 37504 21182 6480 14300 5965 45959 19614 19119 13720 27065 88349 14743 12389 5532 7565 275228 35330 50753 19961 7974 13346 2690 8337 44942 5645 7821 1076 25679 26347 1016 22463 26347 1367 39149 820 21504 134569 3338 7534 3209 26868 1716 5634 11305 390 973 86400 18171 3424 31319 863 2690 4269
leaf_count=19503 62886 30269 30851 1477 2730 113213 106349 53668 8294 37504 21182 6480 14300 5965 45959 19614 19119 13720 27065 88349 14743 12389 5532 7565 275228 35330 50753 19961 7974 13346 2690 8337 44942 5645 7821 1076 25679 26347 1016 22463 26347 1367 39149 820 21504 134569 3338 7534 3209 26868 1716 5634 11305 390 973 86400 18171 3424 31319 863 2690 4269
internal_value=5.43592e-07 -0.000212257 0.000149011 -0.000359602 0.000292638 0.000114472 0.000149511 0.000188322 0.000134861 -0.000426471 0.00043357 -0.000528323 0.000133356 -0.000137858 0.000116466 -5.21261e-05 -1.42878e-05 -1.31993e-05 -0.000257674 -0.000338066 -0.000259432 -0.000552219 0.000117604 0.000569043 0.000181635 0.000149152 0.000357615 0.000214179 -0.000684212 -0.000450219 -0.000946025 -0.000407129 -0.000700227 0.000868304 0.00102882 0.00077397 2.67846e-05 -0.000510592 0.000610018 0.000648433 0.000900985 0.000746277 -6.2565e-05 8.41444e-05 0.000108245 -0.000318655 -0.000744106 -0.00100756 -5.03863e-05 0.00037713 0.000267516 0.000208527 0.000617762 0.000173889 -0.001187 0.000407763 0.000597017 -0.000874844 -0.000950395 -0.00138619 -0.0015565 -0.00217058
internal_weight=1.74919e+06 718852 1.03034e+06 556459 162393 918817 805604 699255 108470 427533 111524 266641 559187 128926 544887 151905 82005 96614 160892 133827 46384 26109 20275 87133 392982 362131 86083 50230 45478 217596 17399 200197 46419 34045 28400 20579 132291 32312 53923 52907 30444 27714 106612 276048 60653 153778 19209 15871 24391 53088 45523 43807 16939 4053 1363 140068 26465 49045 45621 14302 13439 6959
internal_count=1749193 718852 1030341 556459 162393 918817 805604 699255 108470 427533 111524 266641 559187 128926 544887 151905 82005 96614 160892 133827 46384 26109 20275 87133 392982 362131 86083 50230 45478 217596 17399 200197 46419 34045 28400 20579 132291 32312 53923 52907 30444 27714 106612 276048 60653 153778 19209 15871 24391 53088 45523 43807 16939 4053 1363 140068 26465 49045 45621 14302 13439 6959
is_linear=0
shrinkage=0.05


Tree=45
num_leaves=63
num_cat=0
split_feature=2 3 5 39 7 36 28 40 39 0 0 0 39 34 3 39 17 38 39 3 34 0 2 34 3 40 38 35 19 34 28 36 35 5 34 34 34 36 35 40 7 0 39 33 34 39 33 35 38 39 34 0 40 34 35 33 3 34 40 39 35 36
split_gain=20.1754 19.1334 4.0306 3.71551 2.76327 2.71962 2.6407 2.62968 2.48854 3.94232 3.59948 2.83145 2.4044 2.77972 2.23532 2.20791 2.32295 1.92172 1.99849 1.91084 1.81782 2.70951 2.37945 2.11539 1.98689 1.84371 5.54285 1.80452 1.76017 1.7854 1.74721 1.73987 1.9393 1.69569 2.44401 2.08542 1.63099 2.63397 1.47651 1.41914 1.3616 1.33758 1.49593 1.30448 1.52425 1.26888 1.25448 1.24693 1.2392 1.23323 2.02705 2.45187 1.35493 1.95609 1.31703 1.20422 1.17661 1.16187 1.29275 1.18974 1.16025 1.14412
threshold=1.0550000000000004 6627.0000000000009 137.33500000000001 21.970482063676375 8.4000000000000021 1.5000000000000002 34.250000000000007 41.831046971833864 49.668986594923844 158331.40362390541 663608.72325493454 73053.949802682371 4.4600743824042466 1.5000000000000002 6304.4500000000016 87.180461556766119 22050.000000000004 86.796502635749974 30.754189879840762 12632.85 1.5000000000000002 192539.2552706264 0.97000000000000008 5.5000000000000009 13275.300000000001 20.440667153087134 37.174069593815709 1.0000000180025095e-35 115850.00000000001 6.5000000000000009 16.850000000000005 1.5000000000000002 3.5000000000000004 158.27000000000001 3.5000000000000004 2.5000000000000004 4.5000000000000009 1.5000000000000002 3.5000000000000004 15.142803941095353 5.7500000000000009 444151.00379638089 88.46378460206067 1.0000000180025095e-35 7.5000000000000009 0.034812904843917504 1.5000000000000002 1.0000000180025095e-35 50.575376922578144 22.765566358351226 1.5000000000000002 350498.93626562442 48.483106913125745 3.5000000000000004 5.5000000000000009 1.5000000000000002 11095.450000000003 1.0000000180025095e-35 35.342559947574543 82.007122211040326 1.0000000180025095e-35 2.5000000000000004
decision_type=2 2 2 2 2 2 2 2 2 2 2 2 2 2 2 2 2 2 2 2 2 2 2 2 2 2 2 2 2 2 2 2 2 2 2 2 2 2 2 2 2 2 2 2 2 2 2 2 2 2 2 2 2 2 2 2 2 2 2 2 2 2
left_child=3 2 17 5 6 19 15 28 10 36 11 31 -4 27 -15 16 20 18 -2 39 21 40 -23 24 55 47 -27 41 -7 38 -18 -3 -33 -11 35 -35 -10 -38 -30 -1 -5 42 61 44 56 60 -42 -24 -29 50 51 54 53 -52 -13 -22 -25 59 -59 -20 -41 -14
right_child=1 8 12 4 -6 7 -8 -9 9 33 -12 49 13 14 -16 -17 30 -19 57 -21 23 22 25 43 -26 26 -28 48 29 -31 -32 32 -34 34 -36 -37 37 -39 -40 45 46 -43 -44 -45 -46 -47 -48 -49 -50 -51 52 -53 -54 -55 -56 -57 -58 58 -60 -61 -62 -63
leaf_value=-0.00021700750922290353 0.00091564015476686242 -0.00029813792515663416 0.00080784528186625827 1.317271151962442e-05 -0.00012142868478793689 0.0018821672442454447 -7.3739835662190467e-05 -0.00010674532143848975 5.0826676453268662e-05 -0.00022057877590791173 0.00026797184384943731 -0.0012558483673249065 0.00014462805781243054 0.0013360946063593444 0.0002203539246329999 0.00043601466030285062 0.0008621912284717155 0.0011882248601742292 1.1209112010776543e-05 8.3438895510857102e-05 -0.00013568223804934028 7.1018115999695896e-05 0.0019690884439585083 0.00096292857407983949 0.00047281458137937883 -0.0013355233022483617 0.00061595796213747428 -0.00056745809246454011 0.00025590590047229564 0.0035913275831296189 0.00027010055138332057 -0.001722038660701644 0.0012976328501629946 -0.00050302637467257146 -0.0010917209228684277 0.00064185686117825891 0.00016919679804442008 -0.0012240940661502194 0.0015323018190631125 0.0021516529656999826 0.00021965896055975125 -0.00062933765113679487 0.00080986858370988137 -0.00052081802407469627 -0.00023598906839056939 0.00071082707042650613 0.0013250781864893777 0.00054078699211697464 -0.00012057203308034957 -0.0004289813221292208 -1.7089379283863671e-06 -0.00046834642243260318 0.00023494957796151288 -0.0017067925393636542 0.0021693274920118045 -0.00063994650147499452 -0.00022666983266380575 0.0017521993866369157 2.6362148562147887e-05 0.0007511281608889314 0.00092344590960971844 -0.00042798169267563389
leaf_weight=3496 13535 3630 9461 191496 117742 2150 123280 38895 83117 58322 13750 23817 49784 5380 27107 73862 17263 8556 32756 13284 90340 37273 3731 13203 12196 3901 54113 26185 28287 433 44780 10180 561 80968 17752 4183 6661 6912 2463 3126 81510 6433 7135 3409 4884 40099 2650 2588 38061 128096 4005 20171 8119 2900 284 13625 2467 2459 1942 6513 4996 10577
leaf_count=3496 13535 3630 9461 191496 117742 2150 123280 38895 83117 58322 13750 23817 49784 5380 27107 73862 17263 8556 32756 13284 90340 37273 3731 13203 12196 3901 54113 26185 28287 433 44780 10180 561 80968 17752 4183 6661 6912 2463 3126 81510 6433 7135 3409 4884 40099 2650 2588 38061 128096 4005 20171 8119 2900 284 13625 2467 2459 1942 6513 4996 10577
internal_value=-2.7442e-07 -0.000203529 0.000154294 0.000141459 0.000104287 0.000383705 0.000138509 0.000172547 -0.000389372 -0.000284583 -0.000514778 -0.000568121 3.19762e-05 -1.10357e-05 0.000405126 0.000178562 0.000145744 0.000489329 0.000384797 0.000618341 0.000111076 0.000168194 0.000388902 -4.27054e-05 -0.000130942 0.000573076 0.000484736 -0.000108881 0.000498442 0.000403037 0.000434845 -0.00124449 -0.00156432 -0.000435968 -0.000558044 -0.000446785 -3.2158e-05 -0.000540331 0.000358142 0.000755736 8.68415e-05 5.9561e-05 0.000125219 0.000385023 0.000535262 0.000826259 0.000254466 0.00138412 -0.000302711 -0.000516251 -0.000704777 -0.000875078 -0.000202941 -0.000717819 -0.00121549 -0.000201768 0.000775645 0.000220268 0.000990651 0.000133929 0.00139616 4.42902e-05
internal_weight=1.75085e+06 719312 245884 1.03154e+06 894313 137229 776571 72228 473428 257915 215513 201763 180123 170662 32487 653291 579429 65761 57205 65001 517386 377262 101606 140124 116161 64333 58014 138175 33333 31183 62043 14371 10741 161225 102903 85151 96690 13573 30750 51717 275656 73929 67496 23963 20554 48221 84160 6319 64246 187392 59296 44272 15024 6905 24101 103965 15670 43670 4401 39269 8122 60361
internal_count=1750854 719312 245884 1031542 894313 137229 776571 72228 473428 257915 215513 201763 180123 170662 32487 653291 579429 65761 57205 65001 517386 377262 101606 140124 116161 64333 58014 138175 33333 31183 62043 14371 10741 161225 102903 85151 96690 13573 30750 51717 275656 73929 67496 23963 20554 48221 84160 6319 64246 187392 59296 44272 15024 6905 24101 103965 15670 43670 4401 39269 8122 60361
is_linear=0
shrinkage=0.05


Tree=46
num_leaves=63
num_cat=0
split_feature=2 3 39 31 3 32 31 32 34 19 20 32 34 34 39 0 34 31 31 39 39 35 3 0 3 34 35 36 0 35 16 31 38 36 39 0 0 32 10 0 39 36 0 32 35 3 7 0 32 31 0 32 35 29 36 39 32 38 32 0 35 18
split_gain=18.2329 17.6501 3.47008 3.16424 2.84232 2.78293 2.67781 2.61172 2.5738 2.56947 2.86561 2.26328 2.50164 3.42402 2.19804 3.88253 2.22107 2.1329 2.09562 2.04677 1.95647 1.90477 3.42239 1.89226 2.79333 2.44539 2.10508 1.89108 1.88786 2.78474 1.70543 1.70172 1.68286 2.6422 3.34891 2.25205 1.67765 1.6717 1.66873 1.65964 1.57924 1.49507 2.22319 2.42462 2.0117 1.49489 1.48334 1.85848 1.56876 3.36251 1.89156 1.45616 1.44163 1.42365 1.40356 1.38799 1.57386 1.35535 1.34153 1.78894 1.3517 1.33405
threshold=1.0900000000000003 6393.0500000000011 9.1393417900985376 3.5000000000000004 6708.9500000000016 1.0000000180025095e-35 1.0000000180025095e-35 2.5000000000000004 1.0000000180025095e-35 137550.00000000003 769.50000000000011 13.500000000000002 5.5000000000000009 7.5000000000000009 29.447328968923468 468459.40111072798 1.5000000000000002 7.5000000000000009 1.5000000000000002 43.86547967353998 99.647169782693595 1.0000000180025095e-35 10496.100000000002 191344.2746631201 7798.5000000000009 5.5000000000000009 3.5000000000000004 1.0000000180025095e-35 330857.96262682101 1.0000000180025095e-35 -0.58499999999999963 7.5000000000000009 56.090379144572857 1.0000000180025095e-35 30.754189879840762 135289.36271652547 270663.95213718427 2.5000000000000004 -0.71000000000000052 230482.02212884036 9.7742184216028196 2.5000000000000004 227204.03761758469 4.5000000000000009 4.5000000000000009 7691.2500000000009 8.1500000000000004 506790.44753852923 2.5000000000000004 5.5000000000000009 102824.36253332206 2.5000000000000004 1.0000000180025095e-35 45.954429478010134 1.0000000180025095e-35 32.529738973219644 1.5000000000000002 56.090379144572857 2.5000000000000004 295337.74474790378 3.5000000000000004 37509.500000000007
decision_type=2 2 2 2 2 2 2 2 2 2 2 2 2 2 2 2 2 2 2 2 2 2 2 2 2 2 2 2 2 2 2 2 2 2 2 2 2 2 2 2 2 2 2 2 2 2 2 2 2 2 2 2 2 2 2 2 2 2 2 2 2 2
left_child=2 5 6 7 39 8 -1 19 18 10 53 12 46 31 15 16 17 27 32 -4 21 38 -23 26 25 37 30 -6 29 -29 -16 -14 -2 -34 -35 -36 -13 -25 -21 -3 -41 42 43 44 51 -17 47 -11 -48 50 -50 -7 55 -5 -39 56 -33 -52 60 -60 -8 -12
right_child=1 4 3 9 14 41 58 -9 -10 11 61 36 13 -15 23 45 -18 -19 -20 20 -22 22 -24 24 -26 -27 -28 28 -30 -31 -32 52 33 34 35 -37 -38 54 -40 40 -42 -43 -44 -45 -46 -47 48 -49 49 -51 57 -53 -54 -55 -56 -57 -58 -59 59 -61 -62 -63
leaf_value=0.0019171073439384933 -0.00012329072392863592 6.9469047626037955e-05 0.00041348064099150611 0.00083436818664850909 -0.00034425625177494272 0.0010137115456275037 0.0002560306328186185 0.001852918650301701 0.00054395125277146444 3.7952857501429569e-05 0.0012204818426305929 0.0014830178464400722 -0.0012675761778963991 -0.00041259779303741461 -0.00048496303017848811 -0.00037493893090446734 -0.00035777880764437282 -0.00044824127124628893 -0.00026530311109780022 -0.00019771628256263075 0.0022990132110938984 0.00056074949717068627 -0.00029380588050642391 -0.0004631098011417325 -0.00020290054337624379 -0.0014951338174355039 0.00062024488901641685 -0.00078537304006864655 -0.00068966293481649782 -0.0019939790940463492 -0.00014444536999080822 0.0026280553306712372 9.3391361402582381e-05 0.0039513724077807873 -0.00017036108357759404 0.0015847387035638845 0.00028136513185816658 0.00027850922947275685 0.00013602781259700798 0.00041188521990731585 -0.00045031468081891535 -0.00036381547699977087 0.00032535176384607757 0.0026611681725949043 -0.0013407164981183452 0.00045788959536408849 -0.00025726488389714411 -0.00038292241626789933 0.0045302783962828481 -9.1231584699269193e-05 -0.0021255911139619107 -0.0018268280365258392 0.00015134753409141248 -4.7871619097737244e-05 -0.0012762108413423548 0.00064295847264746978 0.00085985956466320544 0.001753578444029446 0.0017382893999708954 0.00046255771486159624 0.0017911351248140986 0.00047157542854309219
leaf_weight=3081 17614 61567 92121 5097 5696 19261 51575 2425 26585 260840 7583 3904 1224 12042 53488 12869 21200 13998 42603 46746 1050 52659 15069 81903 69163 7317 7228 7191 8098 14133 117643 2098 13319 992 3110 4433 11346 1667 188422 6163 38415 4085 27105 1994 1010 9269 123787 29162 561 9325 260 462 10754 44452 11238 18000 3145 1681 4050 8548 1475 27553
leaf_count=3081 17614 61567 92121 5097 5696 19261 51575 2425 26585 260840 7583 3904 1224 12042 53488 12869 21200 13998 42603 46746 1050 52659 15069 81903 69163 7317 7228 7191 8098 14133 117643 2098 13319 992 3110 4433 11346 1667 188422 6163 38415 4085 27105 1994 1010 9269 123787 29162 561 9325 260 462 10754 44452 11238 18000 3145 1681 4050 8548 1475 27553
internal_value=-2.60699e-07 -0.000195433 0.000133131 0.000108836 -0.000331108 0.000262106 0.00047647 0.000217035 0.000116382 3.3565e-05 0.000287808 -1.05434e-05 -2.98778e-05 0.000315231 -0.000386892 -0.000603701 -0.000785507 -0.000970127 -2.21197e-05 0.000207019 0.000144444 0.000136976 0.000370617 -0.000329562 -0.000448257 -0.000614421 -0.000215574 -0.00117815 -0.00133959 -0.00158641 -0.000250876 0.000564074 0.00024038 0.000533493 0.00122028 0.000861106 0.000588988 -0.00054645 6.96871e-05 -9.87648e-05 -0.000331114 0.000555777 0.000631161 0.000995879 0.00083572 -2.62404e-05 -6.82008e-05 -4.36949e-06 -0.0002047 0.000345469 0.00197306 0.000947174 0.000630019 4.28825e-05 -0.00107538 0.00085149 0.00156741 0.00123396 0.000408858 0.000872679 0.000298713 0.000633203
internal_weight=1.75085e+06 710819 1.04004e+06 971306 548246 162573 68729 398492 108656 572814 84685 488129 472879 47263 442101 92454 70316 49116 82071 396067 303946 302896 67728 349647 171288 102125 178359 35118 29422 21324 171131 35221 39468 21854 8535 7543 15250 94808 235168 106145 44578 53917 49832 22727 20733 22138 425616 290002 135614 11827 2502 19723 33997 49549 12905 23243 5243 1941 65648 12598 53050 35136
internal_count=1750854 710819 1040035 971306 548246 162573 68729 398492 108656 572814 84685 488129 472879 47263 442101 92454 70316 49116 82071 396067 303946 302896 67728 349647 171288 102125 178359 35118 29422 21324 171131 35221 39468 21854 8535 7543 15250 94808 235168 106145 44578 53917 49832 22727 20733 22138 425616 290002 135614 11827 2502 19723 33997 49549 12905 23243 5243 1941 65648 12598 53050 35136
is_linear=0
shrinkage=0.05


Tree=47
num_leaves=63
num_cat=0
split_feature=2 3 32 36 3 40 34 36 39 27 31 2 0 38 39 35 34 31 39 38 5 36 34 0 0 39 32 32 35 32 40 35 5 40 19 31 36 0 33 32 34 39 0 3 35 34 0 0 39 3 34 34 3 3 20 0 39 34 20 32 35 35
split_gain=16.4552 15.9304 3.14119 2.97765 2.80473 2.75981 3.52272 3.66254 3.45799 3.39229 2.84208 2.89459 2.72072 2.55396 2.75592 2.51681 2.43788 2.28928 3.85556 2.68768 2.14656 2.49256 2.73174 2.12284 2.06609 3.89896 2.45434 2.22615 1.90077 1.91199 2.73558 1.89475 1.88866 1.87199 1.83705 1.81433 1.94551 2.17847 1.86587 1.65664 1.63512 1.63482 1.78343 1.92997 1.60737 2.72132 3.92078 2.92716 2.39521 1.77627 1.63034 2.46093 2.42296 1.60081 1.59661 1.58158 1.56562 1.56177 1.55712 1.43615 1.58392 1.42133
threshold=1.0900000000000003 6366.0000000000009 1.0000000180025095e-35 5.5000000000000009 6788.1000000000013 52.758037311072151 6.5000000000000009 1.0000000180025095e-35 83.197229607889895 38.650000000000013 3.5000000000000004 -0.039999999999999994 74629.772035222952 86.796502635749974 30.754189879840762 2.5000000000000004 2.5000000000000004 1.0000000180025095e-35 15.763643920596115 50.929267359725721 148.34150000000002 2.5000000000000004 2.5000000000000004 330857.96262682101 326979.73610281601 29.447328968923468 8.5000000000000018 2.5000000000000004 1.0000000180025095e-35 1.0000000180025095e-35 33.575848441249398 2.5000000000000004 142.39600000000004 82.025725110868237 108250.00000000001 3.5000000000000004 1.5000000000000002 129200.91066696645 1.0000000180025095e-35 1.0000000180025095e-35 1.5000000000000002 53.714205897332796 122451.89343413214 8836.1000000000022 2.5000000000000004 1.5000000000000002 207932.12298341768 298145.48445270286 37.560203700234517 7560.7500000000009 3.5000000000000004 6.5000000000000009 7500.7000000000007 8663.7000000000025 722.50000000000011 65893.401104170844 33.793973005865396 1.5000000000000002 801.50000000000011 1.5000000000000002 1.5000000000000002 4.5000000000000009
decision_type=2 2 2 2 2 2 2 2 2 2 2 2 2 2 2 2 2 2 2 2 2 2 2 2 2 2 2 2 2 2 2 2 2 2 2 2 2 2 2 2 2 2 2 2 2 2 2 2 2 2 2 2 2 2 2 2 2 2 2 2 2 2
left_child=2 13 5 15 23 6 9 -8 17 34 11 12 -11 14 -2 24 -16 18 -7 -20 -6 35 -23 28 25 27 -27 53 40 30 -30 -31 -26 -21 54 36 37 -22 44 -24 -3 42 43 -13 45 46 48 50 -37 -49 52 -52 -47 55 -1 -4 -54 -14 -45 60 -50 -12
right_child=1 4 3 -5 20 8 7 -9 -10 10 61 41 57 -15 16 -17 -18 -19 19 33 21 22 39 -25 32 26 -28 -29 29 31 -32 -33 -34 -35 -36 38 -38 -39 -40 -41 -42 -43 -44 58 -46 47 -48 49 59 -51 51 -53 56 -55 -56 -57 -58 -59 -60 -61 -62 -63
leaf_value=0.00040282499020612047 0.00059299579274257191 -9.6389194281521313e-06 -0.0019855057232458012 -0.00048654328375382321 -0.00020327119329939465 0.0019324629942478904 -0.0039047427210042868 0.0021735158552798647 0.00030049697264305874 0.0027529516951170022 -6.3870602778718551e-05 -0.000124192945006418 0.00098409212577995502 0.00079037502446354161 1.401092453960081e-05 -0.00055657755373516985 0.0013515523254174454 -0.00017693178156336203 -0.0015743550344590714 5.6751379409313638e-05 0.00018763014291631739 -0.00016170121026390391 5.7516792550381785e-05 -0.0004568358047692533 0.00052043978777448771 0.00027534370605582285 0.0011193145424374538 0.0015655910341843993 -0.0012032690173830376 -0.00016219883853542139 -0.00014789969194258128 0.00088837306074610674 -0.0001326828109240393 0.0016070587006170663 0.00031179361243033592 -0.0024110278631531354 0.00038038691191985639 -0.00062112819720366809 0.00016536946096264759 -0.0018631251870198354 0.0005598961290729633 -4.9936078150410931e-05 0.00039836477672379667 0.00011069970452802562 -0.00028708876045595267 0.00040576621539043195 -0.00072481348208078657 -0.0015074571158732596 -0.00015278831835019807 -0.00032672685344293178 -0.00084429648615457907 0.0002593759265781798 -0.0029818831672836022 0.00024134323330096149 0.0013693635457021672 0.0013205447272611214 -0.00049223330286699636 -0.00027586297620308639 0.0013326276642493581 -0.0023437964145219935 -0.0015277354292157772 0.00071173380683905562
leaf_weight=8412 31622 33448 379 11676 127097 3360 268 3294 58455 1742 215898 41828 9096 19965 99908 7662 3527 212502 2154 11154 10868 85037 1574 33927 16617 119092 9286 10355 9229 15522 18346 5932 33152 2359 65584 6366 8759 35603 6863 3916 20221 61990 86494 6146 22020 13041 36646 10357 3908 4600 21898 6565 697 10476 8683 7949 6716 3371 4528 2127 4514 6073
leaf_count=8412 31622 33448 379 11676 127097 3360 268 3294 58455 1742 215898 41828 9096 19965 99908 7662 3527 212502 2154 11154 10868 85037 1574 33927 16617 119092 9286 10355 9229 15522 18346 5932 33152 2359 65584 6366 8759 35603 6863 3916 20221 61990 86494 6146 22020 13041 36646 10357 3908 4600 21898 6565 697 10476 8683 7949 6716 3371 4528 2127 4514 6073
internal_value=-2.47664e-07 -0.000185661 0.000126474 0.00029109 -0.00031067 8.06056e-05 0.000149159 0.0017162 -4.31294e-05 0.000138421 8.28752e-05 0.000212353 0.000902035 0.000262532 0.000184503 0.000333327 5.96194e-05 -0.000129886 0.000395542 6.59281e-05 -0.000374795 -0.000449434 -0.00023149 -0.000113932 0.000366218 0.000454939 0.000336391 0.000976869 -6.51442e-07 -0.000225706 -0.000501118 0.000128283 8.53834e-05 0.000327393 0.000432122 -0.000547326 -0.000303151 -0.000431987 -0.000639493 -0.00131247 0.000204946 0.000163595 0.000258827 2.89466e-05 -0.000679103 -0.000752608 -0.00101545 -0.000532202 -0.00164512 -0.00114433 -0.000345038 -0.000589734 -4.52793e-06 0.00065267 0.000893755 0.00117009 -0.00072632 0.000643408 0.000629052 -0.00118291 -0.000889729 -4.26505e-05
internal_weight=1.75085e+06 710819 1.04004e+06 226644 555797 813391 523407 3562 289984 519845 437166 215195 14209 155022 135057 214968 103435 231529 19027 15667 419172 292075 90527 136625 207306 157537 128378 29159 102698 49029 27575 21454 49769 13513 82679 201548 55230 46471 146318 5490 53669 200986 138996 52502 139455 117435 53561 63874 16915 14957 48917 28463 20454 18804 17095 8328 7413 12467 10674 10549 8422 221971
internal_count=1750854 710819 1040035 226644 555797 813391 523407 3562 289984 519845 437166 215195 14209 155022 135057 214968 103435 231529 19027 15667 419172 292075 90527 136625 207306 157537 128378 29159 102698 49029 27575 21454 49769 13513 82679 201548 55230 46471 146318 5490 53669 200986 138996 52502 139455 117435 53561 63874 16915 14957 48917 28463 20454 18804 17095 8328 7413 12467 10674 10549 8422 221971
is_linear=0
shrinkage=0.05


Tree=48
num_leaves=63
num_cat=0
split_feature=2 5 6 7 39 0 35 34 37 33 35 36 36 0 35 19 5 36 35 35 39 0 38 19 38 40 31 34 39 35 29 36 7 36 0 0 39 40 39 40 39 34 0 7 34 39 40 38 6 34 33 36 34 5 36 39 5 31 40 0 31 0
split_gain=14.8508 12.8045 4.37109 3.18144 3.07047 3.03863 2.25232 2.24684 3.07746 2.84037 2.99919 4.76545 2.53252 2.62568 2.09198 2.08546 2.07147 2.04509 2.52827 2.0347 2.1939 3.67468 2.01992 2.01446 1.97834 1.8528 1.84079 1.83295 1.8247 1.8202 1.71568 1.74051 1.9426 3.84548 2.1033 1.99525 1.64665 1.59767 1.57436 1.67022 1.53096 1.51841 1.51689 1.46176 1.56333 1.46094 1.45285 1.92963 1.46348 1.45074 1.44737 1.39107 1.37731 1.37517 3.95281 1.36533 2.23447 2.31584 1.35364 1.32327 1.52222 1.32182
threshold=1.0900000000000003 145.56150000000005 191.20000000000002 9.3500000000000032 21.970482063676375 323468.27279269736 1.0000000180025095e-35 1.5000000000000002 1.0000000180025095e-35 1.5000000000000002 1.0000000180025095e-35 1.5000000000000002 3.5000000000000004 113197.23966616434 2.5000000000000004 181350.00000000003 168.47250000000003 3.5000000000000004 1.0000000180025095e-35 3.5000000000000004 27.843368585111389 486911.16074045311 17.442555660627828 291350.00000000006 68.627032983435114 37.82864698187597 12.500000000000002 1.5000000000000002 1.3342714337819142 1.0000000180025095e-35 73.650566650209143 1.5000000000000002 7.6500000000000012 1.0000000180025095e-35 93322.323198758866 110726.09788494302 30.360267293267537 48.483106913125745 51.039998038112891 29.689690376900739 99.647169782693595 4.5000000000000009 111514.69409797566 7.7500000000000009 4.5000000000000009 9.7742184216028196 23.455665173384805 76.208227781064394 209.80000000000004 1.5000000000000002 1.0000000180025095e-35 2.5000000000000004 1.5000000000000002 174.07000000000002 1.5000000000000002 66.012222702640145 109.49550000000001 1.5000000000000002 16.409461759975482 163046.92518399318 3.5000000000000004 320084.98382940865
decision_type=2 2 2 2 2 2 2 2 2 2 2 2 2 2 2 2 2 2 2 2 2 2 2 2 2 2 2 2 2 2 2 2 2 2 2 2 2 2 2 2 2 2 2 2 2 2 2 2 2 2 2 2 2 2 2 2 2 2 2 2 2 2
left_child=3 24 19 4 15 6 49 8 23 10 11 38 13 -13 25 17 41 18 28 20 21 27 -19 29 36 52 -17 59 -1 40 31 32 34 -34 -31 -35 -2 -29 39 -9 46 -14 -21 44 -22 -7 47 -6 61 50 -4 -26 -8 54 -46 56 -36 -58 -30 60 -3 -48
right_child=1 2 5 -5 7 45 14 9 -10 -11 -12 12 16 -15 -16 26 -18 22 -20 42 43 -23 -24 -25 51 -27 -28 37 58 30 -32 -33 33 35 55 -37 -38 -39 -40 -41 -42 -43 -44 -45 53 -47 48 -49 -50 -51 -52 -53 -54 -55 -56 -57 57 -59 -60 -61 -62 -63
leaf_value=0.0017505788153767054 0.00056439354432739365 -0.00016344172565145872 0.000158625652709127 -0.00035449523980744476 0.00036760044236859021 0.00014852403150818165 -0.00083582207548803591 -0.00057274491006733988 -0.0005292267193130238 -0.00047448951283221959 -0.00016151687043741627 0.0012355134434520439 -0.0010098956215165665 0.00043205927524066716 0.00041273834135966461 -0.00012963582278278864 0.00044888192403680675 0.0027218784877269305 0.00034437218185812016 0.0010810662296614857 -0.00037362829006315468 3.0143736661320248e-05 -0.0001892340602950793 -0.0002514683913009229 0.00064061469558462588 -0.00010533080394740059 0.00068320789332056164 -0.0009137479608051116 -0.00024972529602043197 -0.00016817100976305338 -1.8247959461779174e-05 0.00016229630232625963 0.00014753969944669094 0.0030840138183502058 0.001061074358799911 0.0013149082850146872 4.9200777691587508e-06 6.7099824548837536e-05 -0.0003153992891782888 0.0004787217236490557 0.0018642659776216862 3.2907082688510866e-05 -7.8217795325184332e-05 -0.00020059658286165086 0.00072129832003586022 -0.00054347246540908532 3.0379957424855649e-05 0.002121756207513635 0.00033318247853709169 0.0005268666475310009 -0.00063069924736462398 -0.00034746343093595625 0.00060229310308490059 -0.0012713582272978552 -0.0011880368626958969 0.0009194454004761573 -0.00052440420995904756 0.00043627741855868532 0.00087203370538936446 -0.00081425835309919452 -0.0016527922350573082 0.00051086102068342496
leaf_weight=5469 17194 2022 50527 34145 28503 9322 17676 5022 15815 29744 107222 13041 5803 46166 12401 30609 15423 623 45756 3325 155822 15674 13686 26058 41676 39691 9017 7875 3008 12155 28359 47217 6457 2155 10150 6120 55941 8781 43636 15232 1279 8761 18642 116959 4373 41952 270085 1659 57089 24652 6562 3895 1838 9662 7131 17936 8080 28054 25386 25903 11323 15115
leaf_count=5469 17194 2022 50527 34145 28503 9322 17676 5022 15815 29744 107222 13041 5803 46166 12401 30609 15423 623 45756 3325 155822 15674 13686 26058 41676 39691 9017 7875 3008 12155 28359 47217 6457 2155 10150 6120 55941 8781 43636 15232 1279 8761 18642 116959 4373 41952 270085 1659 57089 24652 6562 3895 1838 9662 7131 17936 8080 28054 25386 25903 11323 15115
internal_value=-2.35281e-07 -0.000176378 -0.000271396 0.000120151 0.000136262 -8.44486e-05 2.69666e-05 0.000102082 0.000158716 -1.16146e-05 4.1276e-05 0.000183315 0.00041942 0.000609029 -0.000177769 0.000359522 4.50522e-05 0.000487854 0.00058676 -0.000370116 -0.000398204 -0.00064644 -6.2487e-05 0.000177922 0.000297578 -0.000301455 5.53289e-05 -0.000836136 0.000914278 0.000198627 0.000336031 0.000408665 0.000536348 0.00106204 0.000434947 0.00177562 0.000136452 -0.000396648 -0.000146301 0.000218009 0.000137345 -0.000382596 9.72554e-05 -0.000337757 -0.000428396 -0.000417662 0.000131415 0.000464084 0.000102101 0.000206317 6.7898e-05 0.000556163 -0.000700368 -0.000831594 -0.000462244 0.0005491 0.000405584 0.000221457 0.000753197 -0.00102265 -0.00142713 5.58444e-05
internal_weight=1.75085e+06 710819 592113 1.04004e+06 1.00589e+06 204621 153347 872336 582286 290050 260306 153084 89194 59207 71606 133554 29987 93928 79619 387492 365525 71578 14309 566471 118706 59205 39626 55904 33863 540413 166683 138324 91107 14732 76375 8275 73135 16656 63890 20254 373730 14564 21967 293947 176988 51274 372451 30162 342289 81741 57089 45571 19514 21166 11504 64220 46284 36134 28394 39248 13345 285200
internal_count=1750854 710819 592113 1040035 1005890 204621 153347 872336 582286 290050 260306 153084 89194 59207 71606 133554 29987 93928 79619 387492 365525 71578 14309 566471 118706 59205 39626 55904 33863 540413 166683 138324 91107 14732 76375 8275 73135 16656 63890 20254 373730 14564 21967 293947 176988 51274 372451 30162 342289 81741 57089 45571 19514 21166 11504 64220 46284 36134 28394 39248 13345 285200
is_linear=0
shrinkage=0.05


Tree=49
num_leaves=63
num_cat=0
split_feature=2 5 6 7 28 0 29 20 36 18 36 35 31 33 35 5 40 35 36 35 5 7 40 0 38 35 35 35 0 5 22 33 31 0 0 31 34 33 31 18 34 34 36 36 0 0 31 36 0 40 38 36 34 31 0 34 0 28 34 35 36 36
split_gain=13.4102 11.31 3.94491 2.95993 3.08736 2.75036 2.49957 2.69511 3.35408 2.68199 2.2568 2.08223 2.04437 1.84341 1.83632 1.87414 1.82582 2.56639 2.24288 1.79839 1.69844 1.68467 1.6502 1.6103 1.59109 1.55965 1.52079 1.44204 1.53407 1.74826 1.41032 1.40241 1.39314 1.38803 1.36403 1.349 1.31118 1.3426 1.30224 1.28362 1.27351 1.27819 1.228 1.19677 1.19411 1.18439 1.17224 1.15565 1.33949 1.31558 1.14922 1.05824 1.43311 1.04539 1.54903 1.13093 1.04466 1.04159 1.01855 0.966568 0.949486 0.906081
threshold=1.0550000000000004 145.56150000000005 191.20000000000002 9.0500000000000025 34.250000000000007 330857.96262682101 48.524564015160436 719.50000000000011 3.5000000000000004 40598.000000000007 2.5000000000000004 1.0000000180025095e-35 1.0000000180025095e-35 1.0000000180025095e-35 3.5000000000000004 153.22850000000003 62.233485426311439 1.0000000180025095e-35 1.5000000000000002 2.5000000000000004 162.79500000000004 4.5500000000000007 37.82864698187597 86712.446929415964 81.446038550989513 4.5000000000000009 1.5000000000000002 1.0000000180025095e-35 298145.48445270286 176.56900000000002 1036.5000000000002 1.0000000180025095e-35 12.500000000000002 148397.90344945819 477310.61111297697 11.500000000000002 1.5000000000000002 1.0000000180025095e-35 6.5000000000000009 121427.50000000001 1.5000000000000002 3.5000000000000004 1.5000000000000002 1.0000000180025095e-35 330857.96262682101 104596.30476177733 13.500000000000002 2.5000000000000004 73053.949802682371 48.935426146657086 18.455718110729965 1.5000000000000002 5.5000000000000009 13.500000000000002 268388.87224638741 7.5000000000000009 373744.24968150514 17.950000000000003 1.5000000000000002 1.5000000000000002 3.5000000000000004 1.5000000000000002
decision_type=2 2 2 2 2 2 2 2 2 2 2 2 2 2 2 2 2 2 2 2 2 2 2 2 2 2 2 2 2 2 2 2 2 2 2 2 2 2 2 2 2 2 2 2 2 2 2 2 2 2 2 2 2 2 2 2 2 2 2 2 2 2
left_child=3 10 14 4 6 11 57 21 9 30 12 36 -2 16 15 23 24 18 -18 22 25 -8 38 -3 45 40 61 28 29 -17 -9 -21 39 -16 35 47 37 43 58 -6 -10 -42 46 -4 -25 -14 -37 48 49 -29 -24 52 -7 -11 55 -55 59 -1 -13 -44 -30 -26
right_child=1 2 5 -5 32 51 7 8 20 53 -12 19 13 -15 33 27 17 -19 -20 31 -22 -23 50 44 26 -27 -28 34 60 -31 -32 -33 -34 -35 -36 42 -38 -39 -40 -41 41 -43 56 -45 -46 -47 -48 -49 -50 -51 -52 -53 -54 54 -56 -57 -58 -59 -60 -61 -62 -63
leaf_value=0.00082417588406694543 -0.00055313609127596777 -0.00076412726268408702 0.00071766730202846621 -0.0002258700576803541 -7.3914435789650525e-05 -0.00011273510061631926 0.00038928833391469299 -0.00010092893141574956 -4.0289198596529392e-05 0.00020232221535118188 -0.00030936976303465704 -0.00095315127670712321 -0.00024064843371245727 -0.00043877028396038619 0.00078633865667523245 -0.00047771777260954449 0.0014559745586848812 0.00026430131027916585 -8.4335539725391006e-05 0.0005497726765154369 0.00025104026614068995 -0.00023783147545610716 0.0020360770513134325 -0.00025688717410279145 0.0012014828269676934 0.00075452172851962567 0.00018736232839769841 -0.0033101653618321475 -0.00082076530563292218 -1.5896720725637155e-05 0.0010595254880831067 -0.0011033843977391019 0.00041031553087616195 -0.00013524484085388378 -0.00019492052852145068 0.00055586896027716101 0.00049834100108355134 -0.00060323956322261415 0.00019156750715888294 -0.00061488583910264817 -0.00079876139126375104 -0.00020162151886539555 -0.0022485966993965093 4.7628396660800531e-05 0.00013174470253355503 0.00032546794515388389 -0.0023570161451370304 -0.00028922292703331551 -0.00067293636589918417 -0.00023026266573431933 -0.00013679514618712178 -0.00066756396816900669 -0.0016742780851196485 0.0014122492424444508 0.00020203594510724663 0.00016735091152170203 -0.00058700268511505062 0.0002872631365520932 0.00076915178802624759 -0.00066014495359706458 0.00019456358637411195 0.0029115678930147016
leaf_weight=19796 6067 13207 7885 59874 122657 26086 12942 3210 44852 553352 15223 15146 11261 6301 5426 38964 13610 13810 2860 11435 32687 62071 618 106611 2585 4318 2924 950 19719 43228 14201 1445 13510 16541 18388 1508 24887 6666 3643 12042 14697 22964 4195 43044 24264 51452 448 22025 65460 546 39661 21638 1557 6430 12778 2547 2164 16614 910 1241 2607 1106
leaf_count=19796 6067 13207 7885 59874 122657 26086 12942 3210 44852 553352 15223 15146 11261 6301 5426 38964 13610 13810 2860 11435 32687 62071 618 106611 2585 4318 2924 950 19719 43228 14201 1445 13510 16541 18388 1508 24887 6666 3643 12042 14697 22964 4195 43044 24264 51452 448 22025 65460 546 39661 21638 1557 6430 12778 2547 2164 16614 910 1241 2607 1106
internal_value=-2.23516e-07 -0.000165933 -0.000257826 0.000115329 0.000136353 -8.02262e-05 0.000174165 0.000155428 0.000185459 0.000234198 0.000261829 2.30233e-05 0.000339483 0.000390617 -0.00035161 -0.000378294 0.000443082 0.000766995 0.0011885 -0.000171752 -5.61648e-05 -0.000129634 -0.000286868 -0.000237935 0.000301608 -0.00017181 0.00103913 -0.000469618 -0.000334664 -0.000234828 0.000845577 0.000364306 -7.37284e-05 9.23926e-05 -0.000590252 -0.000664025 0.000195072 6.40286e-05 -0.000661893 -0.000122277 -0.000220286 -0.000434652 -0.00122855 0.000151366 -0.000184835 0.000223814 -0.000111295 -0.000603398 -0.000706745 -0.00218608 -0.000103457 -0.000405682 -0.000200689 0.000215689 0.000555671 0.00105904 -0.0015161 0.000579181 -0.000855537 -0.00188596 -0.000702206 0.00171391
internal_weight=1.75085e+06 719312 592113 1.03154e+06 971668 204621 823459 787049 712036 592518 127199 155340 111976 105909 387492 365525 99608 30280 16470 72858 119518 75013 59978 144082 69328 86831 6615 221443 104518 82192 17411 12880 148209 21967 116925 98537 82482 57595 19699 134699 82513 37661 9556 50929 130875 62713 1956 88981 66956 1496 40279 49281 27643 575107 21755 8977 7600 36410 16056 5436 22326 3691
internal_count=1750854 719312 592113 1031542 971668 204621 823459 787049 712036 592518 127199 155340 111976 105909 387492 365525 99608 30280 16470 72858 119518 75013 59978 144082 69328 86831 6615 221443 104518 82192 17411 12880 148209 21967 116925 98537 82482 57595 19699 134699 82513 37661 9556 50929 130875 62713 1956 88981 66956 1496 40279 49281 27643 575107 21755 8977 7600 36410 16056 5436 22326 3691
is_linear=0
shrinkage=0.05


Tree=50
num_leaves=63
num_cat=0
split_feature=2 3 7 28 39 32 34 39 39 0 0 0 31 3 7 0 35 32 40 34 31 39 40 3 32 17 39 0 0 32 19 36 31 40 36 40 31 32 36 34 0 0 34 31 36 0 31 32 7 34 32 0 0 34 36 31 31 36 39 0 34 35
split_gain=12.1958 11.7956 2.70602 3.07536 3.65324 2.42984 2.64577 2.3937 2.18665 4.06643 2.69449 2.19069 2.09681 1.85802 1.55314 2.10715 1.55649 1.49569 2.22864 2.5038 1.84619 2.30207 1.61603 1.60887 1.46377 1.64237 1.44504 2.06106 1.50397 2.62784 1.40382 1.40204 2.5095 1.3235 1.30548 1.30077 1.2891 1.27458 1.72443 1.36291 1.26753 1.25291 1.245 1.23952 2.34278 1.23009 1.16467 1.15747 1.62569 3.20915 1.96969 1.26811 1.1395 1.12342 1.95437 1.11984 1.11212 1.09427 1.53801 1.35464 1.08746 1.08678
threshold=1.0550000000000004 6427.6500000000005 8.9000000000000021 47.350000000000001 40.229062223002352 1.0000000180025095e-35 1.0000000180025095e-35 86.719845885814223 49.668986594923844 156429.04553561399 663608.72325493454 61562.3853665934 2.5000000000000004 7126.3000000000011 4.2500000000000009 124112.91938260027 1.0000000180025095e-35 1.5000000000000002 44.026157707514706 6.5000000000000009 1.0000000180025095e-35 5.1522609290423373 76.447216412511821 10185.850000000002 1.0000000180025095e-35 21849.500000000004 15.131980675403105 298145.48445270286 219348.49165327751 1.5000000000000002 96650.000000000015 1.0000000180025095e-35 2.5000000000000004 27.001866963826256 3.5000000000000004 16.006509382213746 12.500000000000002 1.0000000180025095e-35 5.5000000000000009 1.5000000000000002 468459.40111072798 121667.21009995141 2.5000000000000004 1.5000000000000002 1.5000000000000002 338377.28652759787 3.5000000000000004 1.0000000180025095e-35 5.1500000000000012 5.5000000000000009 7.5000000000000009 573154.05772832502 212150.63016349645 4.5000000000000009 1.5000000000000002 1.5000000000000002 2.5000000000000004 2.5000000000000004 53.683904954241363 100046.57936845093 1.0000000180025095e-35 1.5000000000000002
decision_type=2 2 2 2 2 2 2 2 2 2 2 2 2 2 2 2 2 2 2 2 2 2 2 2 2 2 2 2 2 2 2 2 2 2 2 2 2 2 2 2 2 2 2 2 2 2 2 2 2 2 2 2 2 2 2 2 2 2 2 2 2 2
left_child=2 5 3 4 17 6 12 14 10 13 11 37 -2 -10 15 -6 -17 18 19 30 21 -20 -23 42 25 -16 27 -7 29 31 34 32 41 43 -1 -36 -5 39 -39 46 57 -28 -19 -8 -45 -46 -3 61 49 50 -49 -52 -9 -15 -55 -30 -57 -4 59 -59 -13 -11
right_child=1 8 40 36 7 26 33 52 9 47 -12 60 -14 53 24 16 -18 23 20 -21 -22 22 -24 -25 -26 -27 28 -29 55 -31 -32 -33 -34 -35 35 -37 -38 38 -40 -41 -42 -43 -44 44 45 -47 -48 48 -50 -51 51 -53 -54 54 -56 56 -58 58 -60 -61 -62 -63
leaf_value=0.00075103132537799916 6.7178879286968539e-05 0.00015406670231262373 -2.1987094046847707e-05 -0.00023411395677838285 -5.4292277663786021e-05 0.001897848966815616 0.0030098139151485395 0.00046694403153795129 0.00036257781324621651 -0.00012197990424675653 0.0002505858937597041 0.00035506590393063315 -0.0004994806773068218 6.6910177358562364e-06 -5.8011152476341568e-05 0.00029526682265737156 0.00092519167679050603 0.0014837052425050532 0.002275046412139675 0.0029424128787994327 -5.4509291035991886e-06 -0.00015194345793490569 0.0016549468380560586 0.00042522622937907114 0.0002286160195033039 0.00028811931338187225 0.0024683089640567648 0.00044621188097362452 0.0016357222004891759 0.001434550343886496 0.00034366986243611895 -2.8443117166285428e-05 0.001808526708606837 0.00025145822026696572 0.0061763584140238376 0.0017634872384262928 0.00041951887118730482 0.001023272499212017 -0.0022080773122315398 -0.00021225139167043222 0.00048797125232167855 -0.00050256661528854957 0.00019998586172082031 -0.00043381003769043082 0.0018894114297242301 0.00037145573328920792 -0.0020057170133276391 -0.00037567582304314238 -0.00021609276857513464 -0.0019326288496713537 -0.0018480442578959391 -0.00034475268788119654 7.0300738301806967e-05 0.00018095144737349534 -0.0010966548977850831 -0.0012077596671156527 7.8730798682649829e-05 -0.0013525693005386847 -6.1489302726348851e-05 -0.00043306703047890746 -0.0004094680009165094 -0.00049769871510641742
leaf_weight=9402 66993 702 56877 69009 37876 3930 690 59994 34967 79674 15721 4753 21585 60991 316360 50050 12196 7603 1968 977 71139 4737 1675 26927 70711 38435 406 6472 1057 6978 102451 11918 3472 20799 201 987 8469 1319 601 1815 7903 2819 2513 2631 3835 2047 5632 34378 36622 4492 4147 2120 25935 5449 6642 1837 19640 5147 23229 18061 217004 25377
leaf_count=9402 66993 702 56877 69009 37876 3930 690 59994 34967 79674 15721 4753 21585 60991 316360 50050 12196 7603 1968 977 71139 4737 1675 26927 70711 38435 406 6472 1057 6978 102451 11918 3472 20799 201 987 8469 1319 601 1815 7903 2819 2513 2631 3835 2047 5632 34378 36622 4492 4147 2120 25935 5449 6642 1837 19640 5147 23229 18061 217004 25377
internal_value=3.4739e-07 -0.000157627 0.000110613 0.000138785 0.000166519 0.000196658 6.65457e-05 0.000102574 -0.00027331 -0.000181325 -0.000382876 -0.000425833 -7.09067e-05 6.28268e-05 6.25775e-05 0.000239761 0.000418689 0.000336119 0.000280407 0.000422102 7.72369e-05 0.000779185 0.000320069 0.000627197 2.0886e-05 -2.05148e-05 0.000460266 0.000994658 0.000344765 0.000607037 0.00040032 0.000296837 0.000875706 0.00047236 0.000948367 0.00251011 -0.000162666 -0.00114715 1.17927e-05 -0.00142021 -0.000122335 -0.000128559 0.00116481 0.000971605 0.000806403 0.00136115 -0.00176635 -0.000322539 -0.000463616 -0.000664445 -0.000524288 -0.00133951 0.00034723 -8.05928e-05 -0.000520881 4.68881e-05 -3.13071e-05 -0.000169021 -0.00034911 -0.000636991 -0.000393081 -0.000212742
internal_weight=1.75035e+06 719515 1.03083e+06 919615 842137 177109 118580 611557 542406 294859 247547 231826 88578 108049 525628 100122 62246 230580 193537 114018 79519 8380 6412 37043 425506 354795 58529 10402 48127 25593 113041 18615 6697 30002 10590 1188 77478 10069 1920 8149 111217 3225 10116 9203 8513 5882 6334 186810 81759 45137 40645 6267 85929 73082 12091 22534 21477 103314 46437 23208 221757 105051
internal_count=1750347 719515 1030832 919615 842137 177109 118580 611557 542406 294859 247547 231826 88578 108049 525628 100122 62246 230580 193537 114018 79519 8380 6412 37043 425506 354795 58529 10402 48127 25593 113041 18615 6697 30002 10590 1188 77478 10069 1920 8149 111217 3225 10116 9203 8513 5882 6334 186810 81759 45137 40645 6267 85929 73082 12091 22534 21477 103314 46437 23208 221757 105051
is_linear=0
shrinkage=0.05


Tree=51
num_leaves=63
num_cat=0
split_feature=2 3 33 39 39 39 7 19 5 0 20 19 17 31 39 0 0 0 31 31 20 0 35 3 29 0 31 39 3 39 39 4 0 35 35 19 7 31 3 38 39 5 38 39 35 3 39 35 31 0 7 40 0 40 0 38 31 31 3 40 38 39
split_gain=11.0162 10.864 3.01202 3.05059 3.01282 2.55574 2.21768 1.98648 1.97476 2.03777 1.93506 3.77325 2.53136 2.18802 1.88886 3.01748 2.67944 2.00192 1.77565 1.75471 1.69594 1.51355 1.41178 1.37374 1.36598 1.36061 1.31492 1.29195 1.26728 1.20793 1.15806 1.16445 1.9457 1.58994 1.04452 1.08543 1.17368 1.03071 1.01482 0.988199 1.15618 0.979076 0.952878 0.949171 0.927191 0.986877 0.921468 1.17443 0.917176 1.61488 2.64231 3.26832 2.26218 1.38758 1.36961 1.04863 1.85036 1.38452 1.02126 0.99826 0.979571 0.916214
threshold=1.0900000000000003 6559.9000000000005 1.0000000180025095e-35 5.1522609290423373 80.306100981576705 9.1393417900985376 8.9000000000000021 321050.00000000006 135.63150000000002 140490.73485909266 680.50000000000011 108250.00000000001 11703.500000000002 7.5000000000000009 49.668986594923844 158331.40362390541 663608.72325493454 74629.772035222952 1.0000000180025095e-35 3.5000000000000004 819.50000000000011 394622.83832035202 3.5000000000000004 13492.650000000003 42.857763058336126 111514.69409797566 12.500000000000002 92.794822233140906 7151.2500000000009 85.910627317651247 43.86547967353998 5.455000000000001 124112.91938260027 1.0000000180025095e-35 3.5000000000000004 129650.00000000001 4.9500000000000011 8.5000000000000018 8460.4500000000025 92.141395603122433 98.591805316340242 142.95550000000003 67.673301521217198 1.0000000180025095e-35 1.0000000180025095e-35 6237.3000000000002 47.228531032352613 1.0000000180025095e-35 3.5000000000000004 131755.01542722576 6.0500000000000007 60.407900763397272 73053.949802682371 26.062067202292834 84213.522194719102 48.494496274627444 1.0000000180025095e-35 1.0000000180025095e-35 10674.700000000003 72.731129337429323 29.367559654708781 90.244240615374352
decision_type=2 2 2 2 2 2 2 2 2 2 2 2 2 2 2 2 2 2 2 2 2 2 2 2 2 2 2 2 2 2 2 2 2 2 2 2 2 2 2 2 2 2 2 2 2 2 2 2 2 2 2 2 2 2 2 2 2 2 2 2 2 2
left_child=5 2 3 21 8 18 7 10 9 -5 23 12 -12 20 16 28 17 19 -1 -3 24 -2 -21 61 -14 -22 -9 30 -16 -17 48 -32 -33 -34 35 -20 -37 39 -31 40 -6 -8 -10 -38 -42 -46 47 -11 49 50 54 52 -52 58 -13 57 59 60 -51 -57 -55 -7
right_child=1 14 -4 4 37 6 41 26 42 46 11 27 13 -15 15 29 -18 -19 34 22 25 -23 -24 -25 -26 -27 -28 -29 -30 38 31 32 33 -35 -36 36 43 -39 -40 -41 44 -43 -44 -45 45 -47 -48 -49 -50 53 51 -53 -54 55 -56 56 -58 -59 -60 -61 -62 -63
leaf_value=0.0015680826013419779 0.0013208974110808891 0.00028729150200120526 -0.00058306531218048872 -8.7824226527460843e-05 0.00062413802648101171 -0.00030187525552925277 -6.6347863321749464e-05 -0.00025124193214574192 -0.00016104518748638003 0.0014244055002938798 0.00017014638085060442 -0.00068077921128546141 0.0020292653759736135 0.00016320701444759396 0.00032107533610931414 -0.00025696982908934846 0.0002720687758383405 -0.00039630629815262501 0.0011134930781469324 -0.0013276404897500174 0.0025965514708152352 0.00016363589757836954 0.001169408031330074 0.00042206637679356924 0.00059689230936209271 0.0011840671775996284 0.00036703561965319614 0.00041270808357856564 -8.5112257355436042e-05 -0.00072526362192821094 3.2321082366228717e-05 -5.9490865618471217e-05 0.00031389626365505924 0.0010831030781380876 0.0016529988498224226 -0.00013743942479666391 0.00071234723005255036 -0.00049260536043310244 -4.4726361228532572e-05 0.0014444295260109638 0.00034701400746556363 -0.00049043627473684278 0.00012158503147783294 0.00022647797310045744 -0.003929497831236077 -0.00025257384374314195 0.00032319349720048613 0.00047005002304192385 0.00012221814796012422 0.0012342801533142633 0.0031949061128188124 -0.001814672872174274 0.00070942671234150998 -0.0026264747638540687 0.00012151697458927371 0.0009854711707379608 0.00036754632645736354 0.00024178943820840862 0.00017452848548353306 0.0027414031401604096 -0.00040273356649417693 0.00040542423972016195
leaf_weight=3099 8378 2287 13873 17350 25592 47853 95368 55094 78894 5985 19423 8423 2011 6823 26269 129610 14090 189658 3973 12455 3159 4263 593 9389 9659 3704 10190 37160 71385 27593 388642 32071 39779 8083 1488 14186 14814 2135 6835 3422 860 15875 47946 31269 362 368 13779 6987 106048 9465 1583 772 2171 754 14437 2310 21037 8522 2992 1246 1443 5063
leaf_count=3099 8378 2287 13873 17350 25592 47853 95368 55094 78894 5985 19423 8423 2011 6823 26269 129610 14090 189658 3973 12455 3159 4263 593 9389 9659 3704 10190 37160 71385 27593 388642 32071 39779 8083 1488 14186 14814 2135 6835 3422 860 15875 47946 31269 362 368 13779 6987 106048 9465 1583 772 2171 754 14437 2310 21037 8522 2992 1246 1443 5063
internal_value=3.30021e-07 -0.000151335 0.000131129 0.000176931 0.000130155 0.000104074 8.31945e-05 0.000110389 4.59975e-05 0.000334206 0.000132187 0.000154964 0.000599675 0.000928699 -0.000286578 -0.000195899 -0.000394894 -0.000440737 0.000398492 -0.000990236 0.00121052 0.000930627 -0.00121416 -0.000135305 0.000843722 0.00183423 -0.000154737 0.000125975 2.41525e-05 -0.000326898 0.000109577 6.80672e-05 0.000241868 0.000443801 0.000343349 0.000313014 0.000260245 0.000569568 -0.000590156 0.000643667 0.000542857 -0.000126868 -5.42099e-05 0.000382667 -0.000765405 -0.00207593 0.000607925 0.000910369 0.000216916 0.000350541 4.44355e-05 0.0011482 0.00175751 0.000526031 -0.000174097 0.000365975 0.000545859 -4.67373e-05 0.000979742 0.00160074 -0.00116591 -0.000234201
internal_weight=1.75035e+06 710969 230194 216321 203680 1.03938e+06 970549 859306 170941 44101 794022 731717 44779 25356 480775 261692 219083 204993 68829 15335 18533 12641 13048 62305 11670 6863 65284 686938 97654 164038 649778 468575 79933 47862 65730 64242 60269 32739 34428 30604 27182 111243 126840 46083 1590 730 26751 12972 181203 75155 27386 4526 3754 47769 22860 35312 24593 10719 12457 3556 2197 52916
internal_count=1750347 710969 230194 216321 203680 1039378 970549 859306 170941 44101 794022 731717 44779 25356 480775 261692 219083 204993 68829 15335 18533 12641 13048 62305 11670 6863 65284 686938 97654 164038 649778 468575 79933 47862 65730 64242 60269 32739 34428 30604 27182 111243 126840 46083 1590 730 26751 12972 181203 75155 27386 4526 3754 47769 22860 35312 24593 10719 12457 3556 2197 52916
is_linear=0
shrinkage=0.05


Tree=52
num_leaves=63
num_cat=0
split_feature=2 3 28 17 31 32 32 32 34 34 34 0 0 0 3 31 40 36 0 31 3 36 34 32 31 36 0 33 33 32 40 38 0 32 32 36 27 40 38 3 38 31 6 0 36 38 31 0 31 40 32 40 38 0 34 0 0 32 32 40 3 34
split_gain=9.94213 9.84616 2.44912 2.66339 2.35203 2.96688 2.47638 2.02697 2.01106 2.93578 1.91629 1.74985 2.07529 1.71794 1.60959 1.5627 1.57037 5.0379 1.76257 1.544 1.53315 2.19622 2.28655 1.51386 1.50241 1.67467 1.94472 1.62745 1.39699 1.39391 1.30533 1.30236 1.2955 1.80803 2.58952 1.50541 1.27103 1.68539 2.33663 2.7264 1.83079 1.41712 1.26358 1.79663 1.99738 1.25247 2.01435 1.3581 1.22779 3.23987 2.08085 1.52633 1.21181 1.19735 1.89137 2.55828 2.49198 2.06411 2.38109 1.64388 1.60203 1.50343
threshold=1.0900000000000003 6393.0500000000011 15.050000000000002 24059.000000000004 3.5000000000000004 2.5000000000000004 13.500000000000002 1.0000000180025095e-35 5.5000000000000009 7.5000000000000009 1.0000000180025095e-35 151997.2635658581 37133.872098187014 270663.95213718427 6742.4000000000005 1.5000000000000002 57.706854497130806 1.0000000180025095e-35 125827.3819989078 7.5000000000000009 8460.4500000000025 2.5000000000000004 2.5000000000000004 1.0000000180025095e-35 3.5000000000000004 1.5000000000000002 130857.76282736774 1.0000000180025095e-35 1.0000000180025095e-35 2.5000000000000004 27.001866963826256 62.213681387142749 368781.28033656598 4.5000000000000009 2.5000000000000004 2.5000000000000004 39.650000000000013 23.455665173384805 45.095943862670062 8806.1000000000022 31.626807713488965 2.5000000000000004 170.30000000000004 400200.47553710593 2.5000000000000004 36.372610107506553 2.5000000000000004 148397.90344945819 1.0000000180025095e-35 75.698388341706121 1.0000000180025095e-35 73.787644704468065 67.673301521217198 690962.34196029475 1.5000000000000002 298145.48445270286 173976.56506366437 1.5000000000000002 1.0000000180025095e-35 56.594378587300987 7637.0000000000009 3.5000000000000004
decision_type=2 2 2 2 2 2 2 2 2 2 2 2 2 2 2 2 2 2 2 2 2 2 2 2 2 2 2 2 2 2 2 2 2 2 2 2 2 2 2 2 2 2 2 2 2 2 2 2 2 2 2 2 2 2 2 2 2 2 2 2 2 2
left_child=2 7 3 -1 5 11 8 10 31 19 15 12 -4 -8 -3 16 -2 -18 -19 -10 21 24 -23 -24 25 26 -16 53 32 -22 -12 42 33 34 35 45 37 -13 39 40 41 -39 43 44 -6 46 47 -9 49 -40 51 -50 -11 54 56 61 57 58 -26 -58 -57 -56
right_child=1 14 4 -5 6 -7 13 28 9 52 30 36 -14 -15 20 -17 17 18 -20 -21 29 22 23 -25 27 -27 -28 -29 -30 -31 -32 -33 -34 -35 -36 -37 -38 38 48 -41 -42 -43 -44 -45 -46 -47 -48 -49 50 -51 -52 -53 -54 -55 55 60 59 -59 -60 -61 -62 -63
leaf_value=0.00020269438704870595 -9.3780363452893555e-05 -7.7575937182320222e-05 0.0013369742493025887 0.00084392037281218939 0.00010287414512029662 0.0016008352406207535 0.0013288390237601179 0.0020317802714333913 -0.0010665482011618748 -0.0010466293478044592 0.00096659682151396765 0.00074732112756984012 1.9947711261946676e-05 0.00028549951454429773 0.000209043213465668 -0.00025493549965524055 -0.00010335699509120565 0.00060057626246906592 0.0023453739371329819 0.00056530062207850809 -0.00019531244597653576 -8.9054248510172975e-05 0.00012262152242217825 -0.0015850545709014394 -0.0013936957259307349 0.00038940354237110893 -0.00050639337794278249 0.00020013451084776977 -0.0016358686348655034 0.00033969085423141474 0.00020797655226606994 -0.00012884297202504641 5.4276438355825902e-05 0.0015102967975320417 -0.0022549783906231574 -0.00034784309250090057 -2.1204243695767283e-05 -0.0016776056337034322 0.00040105495969330559 0.00035230452715956877 -0.00024615126252832916 0.0023823111571486945 0.00010472978547512513 0.00065421281230729699 -0.00046683267313475793 0.00083633460319652039 0.00064848534905036248 -0.0020513540924076818 0.00021050301335563188 0.0018016020285827666 0.00068642215304174845 -0.00048884738256541364 -2.8968531160069956e-05 -1.5993799368068738e-05 7.2469906079193229e-05 -0.0013078420384022757 -0.00037227993233191468 -0.0027355921456957196 0.00034025600722341099 -0.00090170071839600703 -0.00016766311314894477 -0.00045880504431900941
leaf_weight=77280 22342 113903 3043 20487 26577 3588 5123 238 1508 4308 8238 19834 175338 17165 12557 42625 10879 2326 3832 37385 96577 94775 1845 4376 11115 9528 38997 7676 791 13931 18193 234938 13309 5029 835 3993 33886 4391 27148 12587 8664 226 180771 6369 36534 24486 3596 1411 58184 4870 21050 9010 9114 9978 22910 10559 32920 2202 2409 26438 4350 31800
leaf_count=77280 22342 113903 3043 20487 26577 3588 5123 238 1508 4308 8238 19834 175338 17165 12557 42625 10879 2326 3832 37385 96577 94775 1845 4376 11115 9528 38997 7676 791 13931 18193 234938 13309 5029 835 3993 33886 4391 27148 12587 8664 226 180771 6369 36534 24486 3596 1411 58184 4870 21050 9010 9114 9978 22910 10559 32920 2202 2409 26438 4350 31800
internal_value=3.1352e-07 -0.000143768 9.88703e-05 0.000337063 7.41388e-05 0.000169823 8.87518e-06 0.00019859 -1.25394e-05 0.000281994 7.41889e-05 0.000156248 4.24149e-05 0.000525316 -0.000244897 -4.51426e-05 0.000181943 0.000543522 0.00168633 0.000502029 -0.000288715 -0.000343503 -0.000150007 -0.0010786 -0.000430964 -0.000219584 -0.000332135 -0.00051049 0.000449847 -0.000127868 0.000444423 -4.42972e-05 0.000481036 0.000624507 0.000495608 0.000563712 0.000257853 0.00031483 0.000256129 -0.000174971 -0.000674695 -0.00147887 3.50752e-05 -0.00014615 -0.00022692 0.000686137 -1.50512e-05 -0.00146204 0.000348857 0.000614081 0.000252624 0.000116728 -0.000355603 -0.000545754 -0.000582284 -0.000394555 -0.000756348 -0.00131598 -0.00108483 -0.000608083 -0.000975172 -0.000236332
internal_weight=1.75035e+06 710969 1.03938e+06 97767 941611 381819 559792 162123 537504 52315 108435 378231 178381 22288 548846 82004 39379 17037 6158 38893 434943 324435 100996 6221 223439 61082 51554 162357 53688 110508 26431 485189 52897 39588 34559 33724 199850 165964 146130 25868 13281 4617 250251 69480 63111 29731 5245 1649 120262 32018 88244 67194 13422 154681 144703 69619 75084 15726 13524 59358 14909 54710
internal_count=1750347 710969 1039378 97767 941611 381819 559792 162123 537504 52315 108435 378231 178381 22288 548846 82004 39379 17037 6158 38893 434943 324435 100996 6221 223439 61082 51554 162357 53688 110508 26431 485189 52897 39588 34559 33724 199850 165964 146130 25868 13281 4617 250251 69480 63111 29731 5245 1649 120262 32018 88244 67194 13422 154681 144703 69619 75084 15726 13524 59358 14909 54710
is_linear=0
shrinkage=0.05


Tree=53
num_leaves=63
num_cat=0
split_feature=2 3 7 39 34 37 33 35 33 19 39 39 39 3 39 0 0 6 0 0 34 38 31 35 27 39 31 39 0 25 0 3 0 34 31 35 31 39 35 39 5 35 10 31 0 31 35 35 34 0 31 7 37 35 31 31 39 7 0 20 34 0
split_gain=8.97278 8.90851 2.27234 2.2653 1.93486 2.98901 2.96504 3.10051 2.11665 1.97087 1.77377 2.43242 1.76993 1.75002 1.74487 3.39265 2.08365 1.66137 1.65592 1.58362 1.65163 1.91405 1.49071 1.46618 1.42335 1.66301 1.39984 1.38687 1.34851 1.33301 1.58175 3.07825 1.29651 1.28656 1.19822 1.11874 1.33433 1.10946 3.16902 1.1091 1.10841 1.06519 1.0446 1.03987 1.03211 1.27293 1.03148 1.31544 1.55968 1.02148 2.08664 1.27662 1.29248 1.25434 1.16251 1.10701 1.00986 0.98398 0.949983 1.12878 0.939902 1.02385
threshold=1.0900000000000003 6366.0000000000009 9.3500000000000032 9.1393417900985376 1.5000000000000002 1.0000000180025095e-35 1.5000000000000002 1.0000000180025095e-35 1.0000000180025095e-35 258450.00000000003 29.447328968923468 86.719845885814223 49.88600697749159 10674.700000000003 49.668986594923844 182388.93949704725 73053.949802682371 179.80000000000004 663608.72325493454 139624.24046483563 1.0000000180025095e-35 48.200983173939335 1.0000000180025095e-35 1.0000000180025095e-35 39.850000000000001 90.244240615374352 4.5000000000000009 99.647169782693595 430113.39156991697 6.1500000000000012 313292.73063096713 8836.1000000000022 192539.2552706264 4.5000000000000009 12.500000000000002 3.5000000000000004 3.5000000000000004 97.987117009455048 1.0000000180025095e-35 0.23865049102025415 140.16300000000004 3.5000000000000004 -0.92000000000000026 10.500000000000002 295337.74474790378 13.500000000000002 1.5000000000000002 1.0000000180025095e-35 6.5000000000000009 209363.96956540991 9.5000000000000018 4.9500000000000011 1.0000000180025095e-35 3.5000000000000004 15.500000000000002 12.500000000000002 76.393208891667243 6.0500000000000007 81634.323121687965 843.50000000000011 6.5000000000000009 92253.674077075164
decision_type=2 2 2 2 2 2 2 2 2 2 2 2 2 2 2 2 2 2 2 2 2 2 2 2 2 2 2 2 2 2 2 2 2 2 2 2 2 2 2 2 2 2 2 2 2 2 2 2 2 2 2 2 2 2 2 2 2 2 2 2 2 2
left_child=2 10 3 22 5 9 7 8 12 23 28 19 13 43 16 17 35 33 -18 -12 21 -21 -1 27 41 -26 -14 29 39 30 42 -32 -9 -16 -34 36 -3 -13 -39 -2 -23 44 -5 60 45 56 47 -35 -49 50 -24 55 53 -53 -52 -51 -25 -8 59 -31 61 -6
right_child=1 14 -4 4 6 -7 57 32 -10 -11 11 37 26 -15 15 -17 18 -19 -20 20 -22 40 49 24 25 -27 -28 -29 -30 58 31 -33 34 46 -36 -37 -38 38 -40 -41 -42 -43 -44 -45 -46 -47 -48 48 -50 51 54 52 -54 -55 -56 -57 -58 -59 -60 -61 -62 -63
leaf_value=0.0014604798658357258 0.0014738946638839826 1.9215623345863192e-05 -0.00030771207704019033 -0.00016339292996983139 0.0016209509252805279 -0.00051787815986176048 -0.00016920100814674934 -0.00040358664600469293 -0.00050704100854111894 -0.00017709368939117188 -0.00022709671211513296 0.0008838238350785438 -0.00025994672614985948 0.0002579147778599333 -1.4538609576054796e-05 -0.00030997604529574177 -0.00032397685383110263 0.00026628074658701766 0.00020155197798505479 -0.0004017589282677347 0.00062473557083774021 0.00050104360802656351 0.00090138553042956463 0.00033913029146265722 -0.00015101955450251862 0.0013685334086140535 0.00019856332423590604 0.0018071576979125929 -0.00016982423127588959 0.00065113271969804792 0.0009771763381587065 -0.00042766199019731593 -0.00014041744155134626 -4.8160821498192964e-05 0.00034311567001311255 0.0011402347456111813 -0.0011643654468406568 0.00089375222303940286 -0.0031648239737901889 0.00054093944348291678 -7.5517402490143457e-05 -0.00081099160588697444 9.0771751451042114e-05 9.4480469004981827e-06 7.2900462993493828e-05 0.0011272880376598669 0.00037594410785819955 -0.0013997750879286511 0.00054405394777952811 -0.0005046663314214779 -0.00059268682131131142 0.00015209838373574073 0.0011124189166624463 0.0018112624469966664 0.0019600125839253214 0.00074463662231511905 0.00077855486455153376 -0.00072167171702130063 0.00026577546617133357 0.0026719119480071198 0.0016891291999756729 0.00050071576857128343
leaf_weight=3099 3664 2909 34062 48258 2758 16874 14984 36720 10523 41206 39305 12824 21066 35706 81937 156706 221595 47966 16077 16764 15527 19239 15786 106428 24557 1943 79346 1223 5883 4513 12306 5708 65344 4788 15937 667 13126 1626 683 24397 14709 1927 249092 2940 24237 6206 2691 6665 1221 9021 4063 25686 4851 1192 501 2207 14906 17440 64078 816 4037 7831
leaf_count=3099 3664 2909 34062 48258 2758 16874 14984 36720 10523 41206 39305 12824 21066 35706 81937 156706 221595 47966 16077 16764 15527 19239 15786 106428 24557 1943 79346 1223 5883 4513 12306 5708 65344 4788 15937 667 13126 1626 683 24397 14709 1927 249092 2940 24237 6206 2691 6665 1221 9021 4063 25686 4851 1192 501 2207 14906 17440 64078 816 4037 7831
internal_value=2.97844e-07 -0.00013658 9.39267e-05 0.000107535 8.75744e-05 0.00013853 -1.35301e-05 3.84973e-05 0.000178988 0.000156766 0.000199147 0.000109331 0.000225962 0.00045892 -0.000229886 -0.000148616 -0.000326363 2.54497e-05 -0.000288428 2.43305e-05 0.000173523 3.53704e-05 0.000389756 0.000181063 0.00029882 -3.96048e-05 0.00010237 0.000126087 0.000518459 0.000120744 7.70841e-05 0.000532033 -0.000157006 -9.32703e-05 -4.56097e-05 -0.000866185 -0.000949645 0.000702162 -0.000306771 0.000662758 0.000251231 0.000357168 4.95225e-05 0.000867499 0.000371999 0.000428838 -0.000513123 -0.000701894 -0.00109881 0.000337342 0.000629148 0.000199106 0.000361252 0.00022568 -0.000312472 -0.000259101 0.000393114 -0.00046636 0.000319121 0.000960563 0.00103998 0.000792491
internal_weight=1.75035e+06 710969 1.03938e+06 1.00532e+06 938910 624278 314632 282208 164207 607404 154621 120677 153684 53272 556348 301974 254374 145268 237672 105544 66239 50712 66406 566198 180204 26500 100412 385994 33944 384771 315364 18014 118001 97302 81281 16702 16035 15133 2309 28061 33948 153704 297350 17566 151777 127540 15365 12674 7886 63307 20350 42957 31729 26878 4564 11228 121334 32424 69407 5329 14626 10589
internal_count=1750347 710969 1039378 1005316 938910 624278 314632 282208 164207 607404 154621 120677 153684 53272 556348 301974 254374 145268 237672 105544 66239 50712 66406 566198 180204 26500 100412 385994 33944 384771 315364 18014 118001 97302 81281 16702 16035 15133 2309 28061 33948 153704 297350 17566 151777 127540 15365 12674 7886 63307 20350 42957 31729 26878 4564 11228 121334 32424 69407 5329 14626 10589
is_linear=0
shrinkage=0.05


Tree=54
num_leaves=63
num_cat=0
split_feature=2 5 6 0 28 30 31 32 31 36 32 34 32 40 0 0 0 34 34 31 0 0 39 0 31 34 39 0 38 4 40 5 31 33 32 40 39 31 38 0 31 38 39 33 36 38 38 0 32 31 39 7 36 31 39 39 36 31 32 39 39 7
split_gain=8.09793 7.3491 2.52017 3.06307 2.16024 2.12907 1.98586 2.6259 2.17562 1.90826 1.82455 1.62891 2.52871 2.62743 1.81544 1.59381 1.94053 1.58844 2.72916 1.53888 1.51151 1.49843 2.37984 1.81273 1.54658 1.65436 1.39533 1.46327 1.38841 1.4271 1.81798 1.3752 1.35232 1.43887 2.15807 1.62859 1.31374 1.33449 1.29944 1.26364 1.31621 1.39598 1.26328 1.21439 1.21225 1.20512 1.16198 1.1489 1.78589 1.32858 1.18516 1.2715 1.14228 1.15584 1.50358 1.17812 2.13843 1.80965 1.20759 1.13577 1.11333 1.1043
threshold=1.0900000000000003 145.56150000000005 179.80000000000004 307020.92228671111 15.050000000000002 0.00076186432292188108 3.5000000000000004 2.5000000000000004 13.500000000000002 8.5000000000000018 1.5000000000000002 1.5000000000000002 1.0000000180025095e-35 47.327516698355289 184515.61700879913 132634.2602009901 37133.872098187014 5.5000000000000009 7.5000000000000009 3.5000000000000004 117466.0682353782 663608.72325493454 22.765566358351226 233833.75523404722 7.5000000000000009 1.5000000000000002 40.468411694024446 557583.33710668399 55.818331016278229 3.6200000000000006 27.967515837999191 164.79300000000003 7.5000000000000009 1.0000000180025095e-35 1.5000000000000002 69.148212003346018 9.7742184216028196 3.5000000000000004 26.569077073432197 210773.00843308747 4.5000000000000009 76.208227781064394 90.244240615374352 1.0000000180025095e-35 1.5000000000000002 81.673825303871936 66.375483065984909 201165.50456444637 1.5000000000000002 4.5000000000000009 72.614795125246943 8.0500000000000025 2.5000000000000004 1.0000000180025095e-35 86.719845885814223 47.228531032352613 1.5000000000000002 1.5000000000000002 1.0000000180025095e-35 41.814400508744093 14.269577977862589 6.8500000000000005
decision_type=2 2 2 2 2 2 2 2 2 2 2 2 2 2 2 2 2 2 2 2 2 2 2 2 2 2 2 2 2 2 2 2 2 2 2 2 2 2 2 2 2 2 2 2 2 2 2 2 2 2 2 2 2 2 2 2 2 2 2 2 2 2
left_child=4 10 21 11 5 -1 7 15 17 -10 20 12 13 19 -14 16 -6 46 32 -4 -2 22 23 24 25 44 27 -17 -28 -30 -31 -25 -19 34 35 -34 -5 -38 -15 -12 41 -41 -7 52 -3 -20 -8 48 50 -49 51 -48 53 -22 55 56 57 -55 -58 -53 -16 -18
right_child=1 2 3 36 6 42 8 -9 9 -11 39 -13 14 38 60 26 61 18 45 -21 43 -23 -24 31 -26 -27 28 -29 29 30 -32 -33 33 -35 -36 -37 37 -39 -40 40 -42 -43 -44 -45 -46 -47 47 49 -50 -51 -52 59 -54 54 -56 -57 58 -59 -60 -61 -62 -63
leaf_value=0.00066460887465706402 -0.00014898555693603212 -0.00089257485588256538 -0.00019791002162632883 0.0001224194604209924 0.0012559442877936803 7.2894789357855105e-05 1.3234695905535248e-05 0.0015001951298456292 0.00045386642465285431 -0.00025779098669780916 0.0013430384948694106 0.00026849063000178785 0.00066889711011552163 0.0023046249796871972 0.0011345501249664122 0.00051075434199234729 -8.1492570688616167e-05 -0.0010207595865695878 -0.0010883377211822552 -0.00078240544824033766 -0.00050500784195681332 0.00021181239070380308 -0.00025281629488603497 -7.7473258069774942e-07 -0.0004135350487663496 -0.00034425419028211927 -3.7500937132133982e-05 -0.00073516822795425835 3.619438532536056e-05 0.0017289339857936492 0.00034054588742534901 -0.0007134230845148267 0.0013726648714878038 -0.00056256312923000655 0.00017740955361277447 0.00036264454277156182 4.4226377891730833e-05 -0.00059205712345443884 4.4674113183404509e-05 -0.0022742654671630085 0.00068623631451100113 0.00084171361192639466 0.00070397897732055734 -0.00049239854280816312 -0.0020180286283035921 4.3125320436477433e-05 -2.8922671057575588e-05 -0.00066460739388937804 0.00066821683573376573 -0.00018162306834754131 0.0002115822490059911 -0.0010860746254224606 -0.00036445535933377402 0.00097684063912213399 0.0013856187417727013 0.0001541542523725216 0.0011226616624639139 4.3012704967994151e-05 0.0030243121575599967 -0.00028153371763048031 -0.00024157537312937305 0.00031118449112734294
leaf_weight=29883 28682 3767 24220 11291 3043 58716 263577 3588 44035 11983 5728 52285 16955 646 1654 48860 115582 1508 4586 21047 3451 14530 293193 13539 7919 3461 61821 2476 47514 2434 75315 13539 10598 2883 15562 6402 10175 43344 41348 865 5970 615 9168 4810 6558 4834 35014 16949 8641 89033 23214 6248 5494 8094 3900 30214 5029 14450 1001 14725 13195 21186
leaf_count=29883 28682 3767 24220 11291 3043 58716 263577 3588 44035 11983 5728 52285 16955 646 1654 48860 115582 1508 4586 21047 3451 14530 293193 13539 7919 3461 61821 2476 47514 2434 75315 13539 10598 2883 15562 6402 10175 43344 41348 865 5970 615 9168 4810 6558 4834 35014 16949 8641 89033 23214 6248 5494 8094 3900 30214 5029 14450 1001 14725 13195 21186
internal_value=2.82952e-07 -0.000129751 -0.000201572 -7.48918e-05 8.92304e-05 0.000312935 6.60033e-05 0.000153924 6.03477e-06 0.000301633 0.000230055 3.58532e-05 -6.63048e-05 -0.000205415 0.000315373 0.000141153 7.12046e-06 -2.68348e-05 0.000252004 -0.000469673 0.000160533 -0.000285489 -0.000306619 -0.00062998 -0.000970413 -0.0012903 0.000219751 0.000450662 0.000156389 0.000252079 0.000384011 -0.000357099 0.00044567 0.000508058 0.00060285 0.000992303 -0.000367688 -0.000471087 7.94393e-05 0.000784654 0.000355335 -0.00097945 0.000158125 0.000276667 -0.00160742 -0.000507712 -5.51045e-05 -0.000148038 -1.43251e-05 -0.000258864 -8.87919e-05 -0.000213337 0.000328308 0.000385855 0.000434897 0.000371826 0.000601991 0.000378286 0.00143834 -0.000521212 -8.82915e-05 -2.06651e-05
internal_weight=1.75035e+06 710969 592666 236160 1.03938e+06 97767 941611 381819 559792 56018 118303 171350 119065 87261 31804 378231 139811 503774 46373 45267 105125 356506 341976 48783 21705 13786 238420 51336 187084 125263 77749 27078 36953 35445 32562 17000 64810 53519 41994 13178 7450 1480 67884 76443 10325 9420 457401 193824 87842 105982 79201 55987 71633 66139 62688 58788 28574 22544 6030 20973 14849 136768
internal_count=1750347 710969 592666 236160 1039378 97767 941611 381819 559792 56018 118303 171350 119065 87261 31804 378231 139811 503774 46373 45267 105125 356506 341976 48783 21705 13786 238420 51336 187084 125263 77749 27078 36953 35445 32562 17000 64810 53519 41994 13178 7450 1480 67884 76443 10325 9420 457401 193824 87842 105982 79201 55987 71633 66139 62688 58788 28574 22544 6030 20973 14849 136768
is_linear=0
shrinkage=0.05


Tree=55
num_leaves=63
num_cat=0
split_feature=2 5 6 0 7 32 36 0 32 35 32 35 0 32 5 5 34 5 32 0 34 0 34 34 36 36 31 36 5 32 35 36 35 34 20 18 34 35 7 34 36 5 32 0 35 31 18 0 32 31 38 34 28 35 0 5 38 0 34 38 0 33
split_gain=7.20268 6.73279 2.33742 2.07002 2.04943 2.18265 1.91318 1.92705 2.69343 1.79517 1.91777 1.85004 1.71177 1.66513 1.64075 1.61264 1.56701 1.53341 1.83158 1.88439 1.83124 1.82858 1.59606 2.21568 1.9743 2.183 1.5428 1.48924 4.10599 1.54553 2.40267 1.45362 1.51153 3.06335 1.40045 1.8813 1.39159 1.34713 1.43849 1.82431 1.91055 1.89765 1.73338 2.98374 1.92725 1.47921 1.31139 1.28891 1.27297 1.87554 1.66936 1.27162 1.2524 1.22555 1.2223 1.21253 1.18764 1.18261 1.14304 1.09543 1.65421 1.07949
threshold=1.0900000000000003 145.56150000000005 191.20000000000002 338377.28652759787 9.3500000000000032 1.0000000180025095e-35 5.5000000000000009 246139.25663713223 7.5000000000000009 1.0000000180025095e-35 1.0000000180025095e-35 2.5000000000000004 29518.654949670719 5.5000000000000009 143.39100000000005 193.16800000000003 1.0000000180025095e-35 158.27000000000001 2.5000000000000004 444151.00379638089 4.5000000000000009 342190.46841889987 2.5000000000000004 5.5000000000000009 3.5000000000000004 1.0000000180025095e-35 7.5000000000000009 1.5000000000000002 174.07000000000002 1.0000000180025095e-35 1.5000000000000002 1.0000000180025095e-35 1.5000000000000002 2.5000000000000004 676.50000000000011 39796.000000000007 8.5000000000000018 2.5000000000000004 5.1500000000000012 2.5000000000000004 1.5000000000000002 142.21600000000004 2.5000000000000004 110726.09788494302 1.0000000180025095e-35 3.5000000000000004 128085.50000000001 100960.06838826112 3.5000000000000004 8.5000000000000018 56.30477383953572 5.5000000000000009 15.850000000000003 2.5000000000000004 182388.93949704725 161.6045 86.796502635749974 90185.090041409116 1.5000000000000002 38.716362160956429 56762.732662321359 1.0000000180025095e-35
decision_type=2 2 2 2 2 2 2 2 2 2 2 2 2 2 2 2 2 2 2 2 2 2 2 2 2 2 2 2 2 2 2 2 2 2 2 2 2 2 2 2 2 2 2 2 2 2 2 2 2 2 2 2 2 2 2 2 2 2 2 2 2 2
left_child=4 13 17 9 5 12 7 8 36 58 31 -12 -1 47 -9 34 -16 21 20 22 26 -3 24 -24 25 -20 59 28 -22 30 -30 -11 -33 53 -14 -36 37 38 51 42 41 -41 44 -44 55 -45 -37 -2 50 -50 -27 52 -7 -34 -15 -40 -49 -46 61 60 -19 -4
right_child=1 2 3 -5 -6 6 -8 14 -10 10 11 -13 15 54 16 -17 -18 18 19 -21 27 -23 23 -25 -26 48 -28 -29 29 -31 -32 32 33 -35 35 46 -38 -39 39 40 -42 -43 43 45 57 -47 -48 56 49 -51 -52 -53 -54 -55 -56 -57 -58 -59 -60 -61 -62 -63
leaf_value=0.00096420891996487244 -0.00018157425789254997 -0.00022337064969747645 0.00014814232053657548 -0.0003456684990031882 -0.00029799799369824737 0.00070175438791102607 -0.00041848347432487483 0.00036383113616155795 0.0012329089762397566 2.1605954919329652e-05 -9.8162693880634712e-05 0.00073004804395086244 -0.00021415500263735661 0.0026869787891803999 0.00018463759491684718 0.00047172628822839872 -0.00040208271135401714 -0.0025844770280734589 0.00033246089908814586 -0.0001760547735986472 0.0012392410999567914 0.00022108814429884014 0.002337653092183528 -0.00081680243448363488 0.00046837659854031123 -0.0043143985799321419 6.9132944490205367e-05 -0.0012690254425782666 -0.00099625015982186512 -0.0014827684578831719 0.0016943534917835232 -0.00034770355335230982 -0.0020635186273419677 0.0017047191121778123 0.00045103999906325517 4.9100485707454102e-05 -0.00082746587075773924 -0.00059043373674542098 -0.00047879176540605359 -0.00051850304139818872 0.00084278906583056283 0.00036143505826685311 0.0029888863425157914 0.0023723010610226711 -2.9061751887187963e-05 0.00058305178332507203 -0.00057493303277456336 0.00019082060073554881 0.0019044044563861354 -0.0015952520653073864 -0.0019346728667723333 -0.001565937789823782 2.3570609594381941e-05 -0.00073887029546137193 0.00072660694019425717 0.00061141624906309701 0.00073353790492697161 0.0010558752600262316 0.0004739328329239498 -0.00024127705466322515 -0.00050664934131737288 -0.00052420214329587384
leaf_weight=5180 20303 140802 51314 47108 34037 8925 10537 29103 8827 14706 23976 9381 50582 957 22152 22269 23403 987 1333 8807 2910 27693 727 2376 1338 966 31479 8218 2684 5198 1201 18178 4147 829 29214 676487 2551 3665 5746 9781 10081 16401 2095 1384 3042 6985 8525 81008 413 5242 3108 1067 28693 3016 4701 4586 11513 14409 25063 110180 32467 6756
leaf_count=5180 20303 140802 51314 47108 34037 8925 10537 29103 8827 14706 23976 9381 50582 957 22152 22269 23403 987 1333 8807 2910 27693 727 2376 1338 966 31479 8218 2684 5198 1201 18178 4147 829 29214 676487 2551 3665 5746 9781 10081 16401 2095 1384 3042 6985 8525 81008 413 5242 3108 1067 28693 3016 4701 4586 11513 14409 25063 110180 32467 6756
internal_value=-2.8886e-07 -0.000122919 -0.000191713 -5.49005e-05 8.35795e-05 9.64938e-05 0.00023841 0.000272524 0.000390098 3.21418e-05 -0.000146571 0.000134755 5.82618e-05 0.000221164 7.05715e-05 5.22995e-05 -0.000116779 -0.000263788 -0.000350836 -0.000760114 -0.000299897 -0.000150322 -0.00109191 -7.7747e-05 -0.00134569 -0.00156511 -0.000247885 -0.000750537 -0.000395252 -0.000918909 -0.000164483 -0.000376149 -0.000599663 -0.00117275 4.0087e-05 5.80926e-05 0.000327796 0.000353015 0.000383562 0.000511994 0.00025791 3.27102e-05 0.000752899 0.00130138 0.000546324 0.000878944 4.13344e-05 0.000179188 -0.00182511 -0.00133966 -0.00249894 0.000136193 0.000184472 -0.00150577 0.00105819 5.11202e-06 0.000258355 0.000866753 0.000191722 -0.000317363 -0.000567952 6.99202e-05
internal_weight=1.75081e+06 711085 592603 204474 1.03973e+06 1.00569e+06 213433 202896 128238 157366 74233 33357 792257 118482 74658 787077 45555 388129 219634 24310 195324 168495 15503 3103 12400 11062 175113 20211 11993 9083 3885 40876 26170 7992 764808 714226 119411 116860 113195 74510 36263 26182 38247 10464 27783 8369 685012 112824 9729 5655 4074 38685 37618 7163 5658 10332 92521 17451 83133 143634 33454 58070
internal_count=1750812 711085 592603 204474 1039727 1005690 213433 202896 128238 157366 74233 33357 792257 118482 74658 787077 45555 388129 219634 24310 195324 168495 15503 3103 12400 11062 175113 20211 11993 9083 3885 40876 26170 7992 764808 714226 119411 116860 113195 74510 36263 26182 38247 10464 27783 8369 685012 112824 9729 5655 4074 38685 37618 7163 5658 10332 92521 17451 83133 143634 33454 58070
is_linear=0
shrinkage=0.05


Tree=56
num_leaves=63
num_cat=0
split_feature=34 3 3 37 38 28 0 0 3 36 38 31 3 3 20 36 0 35 32 0 3 3 35 0 0 34 40 32 0 31 35 34 36 31 3 35 34 40 0 31 32 35 3 32 34 34 35 7 36 32 35 31 36 3 31 36 32 35 35 35 36 31
split_gain=6.18502 5.70483 7.67537 2.87181 2.50387 2.02244 2.46135 2.01748 1.88353 1.70026 1.76167 1.82006 1.75216 1.71194 1.65553 1.90723 1.43089 1.39691 2.2544 1.91432 2.81003 2.54791 1.74072 2.26462 1.36379 1.57683 1.35041 1.3628 1.30633 1.30251 1.28534 2.81455 1.31725 1.7038 1.7384 1.27318 1.27139 1.25542 1.24664 1.77697 1.9786 1.81628 1.44007 2.20109 1.97569 2.78487 3.68413 2.90529 2.54012 1.95513 2.15067 3.28062 1.66125 1.63161 1.6102 1.8167 1.51311 1.45837 1.308 1.21726 1.21559 1.69206
threshold=1.0000000180025095e-35 9071.4500000000025 6427.6500000000005 1.0000000180025095e-35 86.796502635749974 15.250000000000002 96292.014552596447 102824.36253332206 6074.6500000000005 1.5000000000000002 47.625202594018496 1.0000000180025095e-35 6114.4500000000016 6080.9000000000005 692.50000000000011 3.5000000000000004 811372.39673120365 1.0000000180025095e-35 11.500000000000002 394622.83832035202 7271.2000000000016 7560.7500000000009 3.5000000000000004 107350.76582284849 143966.35616879145 2.5000000000000004 29.371910507873448 1.5000000000000002 117466.0682353782 13.500000000000002 1.0000000180025095e-35 1.5000000000000002 1.0000000180025095e-35 3.5000000000000004 10496.100000000002 1.0000000180025095e-35 1.5000000000000002 40.485651506593612 82927.695853595927 3.5000000000000004 1.0000000180025095e-35 1.5000000000000002 7923.6500000000005 2.5000000000000004 5.5000000000000009 6.5000000000000009 1.5000000000000002 4.8500000000000005 2.5000000000000004 1.0000000180025095e-35 1.5000000000000002 5.5000000000000009 1.0000000180025095e-35 7500.7000000000007 7.5000000000000009 1.0000000180025095e-35 1.0000000180025095e-35 2.5000000000000004 2.5000000000000004 2.5000000000000004 1.5000000000000002 10.500000000000002
decision_type=2 2 2 2 2 2 2 2 2 2 2 2 2 2 2 2 2 2 2 2 2 2 2 2 2 2 2 2 2 2 2 2 2 2 2 2 2 2 2 2 2 2 2 2 2 2 2 2 2 2 2 2 2 2 2 2 2 2 2 2 2 2
left_child=3 2 24 4 5 -1 -7 14 28 10 11 12 -8 26 -3 30 17 18 19 20 36 -21 38 -24 25 -2 35 -28 -6 -9 -16 32 -32 34 -34 -12 -4 -22 39 -19 -41 -42 43 44 49 -46 47 -47 56 50 -40 52 -52 -51 55 -45 -49 -54 -53 -13 -44 -62
right_child=1 7 16 -5 8 6 9 29 -10 -11 13 59 -14 -15 15 -17 -18 22 -20 21 37 -23 23 -25 -26 -27 27 -29 -30 -31 31 -33 33 -35 -36 -37 -38 -39 42 40 41 -43 60 54 45 46 -48 48 -50 53 51 58 57 -55 -56 -57 -58 -59 -60 -61 61 -63
leaf_value=0.00050064921804061501 -0.00010373957114062625 -0.00017666218117387409 -4.0634424216868804e-05 -0.0005582536021761993 9.0072499507761015e-05 -0.00018303393356481051 -0.00071683337560668697 -1.3914599360660904e-05 0.00016993531740573862 -8.016783335481649e-05 0.0017053057044756825 3.9294975870552762e-05 0.00061711308974557542 4.6131416793447001e-05 0.00074381247122601876 -2.2809751983353151e-05 0.00028135754757415918 0.00093846560929157139 -0.002251337529623297 -0.00089214361535119152 -0.00043776190529849372 0.00023049487308612242 0.0011127168580195839 -0.00011544616078787774 0.00065399235346336572 0.0012524633429333032 0.00028174341322257138 0.00090097087758757495 0.00091926213912613879 0.00028929274604147818 -0.00099105368335268324 -0.00047904394955204795 0.0029533064022849642 0.00052558693729183635 0.00025039173300319144 0.00050044764607493064 0.00033933953352099726 -0.00012411838722628757 -0.00027627110470634881 -0.0012612976518452503 -0.00077233719606255942 0.0011807391503589268 6.3977567922779443e-05 0.00067991984152980945 -0.0016331643030163612 -0.0025278119516610608 0.0010000777784265487 -0.0011248922172337023 -0.0035524365123983368 3.8245974907490935e-05 -0.00058593322656276948 0.00056456847940000222 -0.0020800083656566069 -0.00065100592472529077 -0.00076161089566135565 -0.002777670739584283 0.0012514475343967674 0.00023724232301210581 -0.00076709462445426701 0.00057922035131022904 -0.00042188767801448475 7.1799246907359136e-05
leaf_weight=32301 14669 16504 47952 14523 5975 69426 13088 420060 27060 71753 3447 79362 3032 60251 31176 20777 14156 1447 1261 16908 46337 7209 4330 28186 29735 2510 134655 9513 23166 38681 974 8136 1725 6880 908 6025 40700 102436 37488 11279 3375 1839 35074 462 6935 2154 3391 1056 478 48290 3774 3680 7171 10443 9667 2138 1832 750 3696 12020 62567 24019
leaf_count=32301 14669 16504 47952 14523 5975 69426 13088 420060 27060 71753 3447 79362 3032 60251 31176 20777 14156 1447 1261 16908 46337 7209 4330 28186 29735 2510 134655 9513 23166 38681 974 8136 1725 6880 908 6025 40700 102436 37488 11279 3375 1839 35074 462 6935 2154 3391 1056 478 48290 3774 3680 7171 10443 9667 2138 1832 750 3696 12020 62567 24019
internal_value=-2.74417e-07 -6.5194e-05 -0.000166546 0.000135765 0.000154056 0.000118139 9.14285e-05 5.35336e-05 0.000470317 0.000139896 0.000189027 2.39059e-05 -0.000465932 0.000272017 0.000274169 0.000379594 -0.000215294 -0.00022745 -0.000142304 -0.000132135 -8.90224e-05 -0.000556567 -0.000298371 4.81024e-05 0.000449085 9.44134e-05 0.000360599 0.000322603 0.000749247 1.16518e-05 0.000547484 0.000218819 0.000760233 0.00093954 0.0020212 0.000938913 0.000133811 -0.000221806 -0.000338179 -0.000741554 -0.000888949 -8.34789e-05 -0.000310878 -0.000418222 -0.00035831 -0.000881796 -0.000297042 -0.00109388 -0.000176262 -0.000286361 -0.000496182 -0.000928462 -0.00144926 -8.43062e-05 -0.0010587 -0.00216328 0.000382537 -0.0018606 -0.000102707 0.000110314 -0.000184348 -0.000284939
internal_weight=1.75081e+06 1.18522e+06 639394 565597 551074 494873 462572 545821 56201 393146 321393 107502 16120 213891 87080 70576 592480 578324 262803 261542 237425 24117 315521 32516 46914 17179 153640 144168 29141 458741 49799 18623 10487 9513 2633 9472 88652 148773 283005 17940 16493 5214 265065 143405 131138 15846 8911 5520 3366 115292 56559 19071 11695 58733 12267 2600 2888 7921 7376 91382 121660 86586
internal_count=1750812 1185215 639394 565597 551074 494873 462572 545821 56201 393146 321393 107502 16120 213891 87080 70576 592480 578324 262803 261542 237425 24117 315521 32516 46914 17179 153640 144168 29141 458741 49799 18623 10487 9513 2633 9472 88652 148773 283005 17940 16493 5214 265065 143405 131138 15846 8911 5520 3366 115292 56559 19071 11695 58733 12267 2600 2888 7921 7376 91382 121660 86586
is_linear=0
shrinkage=0.05


Tree=57
num_leaves=63
num_cat=0
split_feature=2 3 39 39 39 6 28 7 20 18 32 35 0 39 0 0 0 3 21 0 34 32 39 32 7 35 39 0 39 3 34 3 34 32 31 0 32 31 34 34 32 31 32 34 31 3 0 0 39 39 35 34 31 32 35 0 31 0 20 3 7 18
split_gain=5.91005 6.3844 2.44167 2.06264 1.96051 1.73476 1.70771 2.01647 1.70715 3.27869 1.39169 2.01466 1.72171 1.33511 2.06752 2.02009 1.71342 1.31086 1.30167 1.19574 1.19073 1.1334 1.08261 1.03156 1.95178 1.33045 1.30768 1.26616 1.40936 1.10344 1.02932 1.02766 1.01433 1.76504 3.31733 1.40247 1.37971 1.07789 1.00318 1.01425 0.984377 0.958334 0.950154 1.14455 0.990584 0.948185 0.944796 0.925813 0.925318 0.910482 0.904295 0.90166 1.15824 1.20638 1.84442 1.05953 0.901028 1.13732 1.36545 0.899366 0.890818 0.889759
threshold=1.0900000000000003 6627.0000000000009 0.034812904843917504 83.197229607889895 0.034812904843917504 179.30000000000004 55.850000000000001 8.4000000000000021 704.50000000000011 37009.500000000007 2.5000000000000004 1.0000000180025095e-35 268388.87224638741 49.668986594923844 156429.04553561399 663608.72325493454 61562.3853665934 13670.400000000003 1811.5000000000002 140490.73485909266 8.5000000000000018 1.5000000000000002 71.490277196988856 1.0000000180025095e-35 5.3500000000000005 2.5000000000000004 98.591805316340242 405277.0510294133 31.493063018408218 10185.850000000002 4.5000000000000009 8454.2500000000018 4.5000000000000009 2.5000000000000004 5.5000000000000009 110726.09788494302 1.5000000000000002 6.5000000000000009 3.5000000000000004 2.5000000000000004 18.500000000000004 1.0000000180025095e-35 1.0000000180025095e-35 3.5000000000000004 3.5000000000000004 6178.4000000000005 359210.81522500172 29518.654949670719 32.529738973219644 90.244240615374352 5.5000000000000009 1.5000000000000002 1.5000000000000002 1.0000000180025095e-35 1.5000000000000002 183457.85846582896 7.5000000000000009 111514.69409797566 816.50000000000011 13721.400000000003 4.9500000000000011 29904.000000000004
decision_type=2 2 2 2 2 2 2 2 2 2 2 2 2 2 2 2 2 2 2 2 2 2 2 2 2 2 2 2 2 2 2 2 2 2 2 2 2 2 2 2 2 2 2 2 2 2 2 2 2 2 2 2 2 2 2 2 2 2 2 2 2 2
left_child=4 2 -2 5 41 19 7 8 17 18 -5 12 -12 15 30 16 42 49 -10 21 32 -4 -16 26 -25 27 59 28 -26 -29 -15 38 33 37 35 -35 -34 -9 39 -24 -8 -1 44 -44 -3 -13 -39 -46 -27 -6 -18 52 -7 54 -54 -55 57 58 61 -11 -43 -20
right_child=1 13 3 10 6 51 40 20 9 23 11 45 -14 14 22 -17 50 -19 56 -21 -22 -23 31 24 25 48 -28 29 -30 -31 -32 -33 36 34 -36 -37 -38 46 -40 -41 -42 60 43 -45 47 -47 -48 -49 -50 -51 -52 -53 53 55 -56 -57 -58 -59 -60 -61 -62 -63
leaf_value=0.0020239225202353561 0.0010277436224395784 6.3806477252446132e-05 -0.00011537780885713392 0.00059875742105198386 -0.00022571954707871023 0.00019654941253523535 -0.00028760222773227106 -6.3776384015259757e-05 0.00012107105755026758 6.6454679241980842e-05 0.001362898140970593 -0.0042439693900292079 -0.00072182364570492672 0.00011238784863583173 -0.00013393074013914308 0.00027785733104273804 -0.00032860574347397221 0.0005967225104806617 0.0018621832031380529 0.00046520080635199161 -0.0011571581960036106 0.0019969459796914143 -0.00043992796739482538 -7.0668679729415147e-07 0.00088650506923866612 -0.0035994706314153198 0.0014909302062917284 0.0004874320287499957 0.00036484428222758372 -0.00049013437532627487 -0.00037215235035696224 -4.8832374390254119e-05 0.00063816974063051477 0.0044723671427504578 9.3563811228277829e-05 0.0014715126706266743 -0.00019977268749358959 -0.00050046380747080196 -0.00083907893636422188 0.00048125434157031681 0.00094978352899357903 -8.8601743001555979e-05 0.00072516392283841964 -0.0024009295734659483 0.00015132155141091218 -0.0011023080650262981 8.033231819206245e-05 -0.0017830111195482595 -0.00042269196678819192 0.0003918338941746213 0.001402989015588091 0.00019854076241276818 -0.0001909651267166863 0.00041018885439140119 -0.00084731657260639446 -0.000147275639628791 0.00036256697800761699 0.00060363881911460718 0.0026023465320030624 0.00046787982421351068 0.00062055999873840938 0.00056229796761409346
leaf_weight=1006 6820 1128 18202 25764 66702 23497 42149 60636 7604 553235 1766 387 2255 79707 88881 13547 188741 6026 2257 30371 2593 658 37079 58479 16211 252 1639 4946 64314 6933 12708 16588 10762 550 12227 1333 9038 35982 15490 3250 1671 5843 1311 377 702 633 8694 5206 2536 6555 757 26328 56668 12564 13196 26504 5636 6041 2114 14314 18290 3159
leaf_count=1006 6820 1128 18202 25764 66702 23497 42149 60636 7604 553235 1766 387 2255 79707 88881 13547 188741 6026 2257 30371 2593 658 37079 58479 16211 252 1639 4946 64314 6933 12708 16588 10762 550 12227 1333 9038 35982 15490 3250 1671 5843 1311 377 702 633 8694 5206 2536 6555 757 26328 56668 12564 13196 26504 5636 6041 2114 14314 18290 3159
internal_value=-2.60697e-07 -0.000111343 9.49054e-05 6.82633e-05 7.57101e-05 1.17094e-05 6.49026e-05 7.86846e-05 0.000108491 0.000131825 0.000450101 -0.000309663 0.000193774 -0.000220173 -0.000142807 -0.000312859 -0.00035323 -0.00011215 0.000674769 0.000271018 -9.55411e-05 -4.16817e-05 -0.000250851 0.000111687 0.000226641 0.000366307 8.06516e-05 0.000398776 0.000469863 -8.31099e-05 4.57587e-05 -0.000394373 -7.57686e-05 -0.000130722 0.000394425 0.00234802 0.000255679 -0.000201083 -0.000497059 -0.000365692 -0.000240417 0.00051189 -0.00103836 2.69783e-05 -0.00129394 -0.00229429 -0.00038744 -0.00155317 -0.000709833 -0.000170461 -0.000321688 -6.8703e-05 -0.000121833 -0.00019051 -0.000314938 3.20011e-05 0.000893977 0.00111467 0.00152465 7.65789e-05 0.00044886 0.001104
internal_weight=1.75081e+06 711085 245613 238793 1.03973e+06 207988 1.01459e+06 970768 828953 749670 30805 5041 4021 465472 253703 211769 198222 79283 26811 49231 141815 18860 161288 722859 153671 95192 569188 92404 80525 11879 92415 72407 139222 119422 14110 1883 19800 105312 55819 40329 43820 25139 8724 1688 7036 1020 44676 5908 2788 73257 189498 158757 132429 108932 69864 39068 19207 13571 7530 567549 24133 5416
internal_count=1750812 711085 245613 238793 1039727 207988 1014588 970768 828953 749670 30805 5041 4021 465472 253703 211769 198222 79283 26811 49231 141815 18860 161288 722859 153671 95192 569188 92404 80525 11879 92415 72407 139222 119422 14110 1883 19800 105312 55819 40329 43820 25139 8724 1688 7036 1020 44676 5908 2788 73257 189498 158757 132429 108932 69864 39068 19207 13571 7530 567549 24133 5416
is_linear=0
shrinkage=0.05


Tree=58
num_leaves=63
num_cat=0
split_feature=34 3 3 37 38 28 0 39 0 3 0 3 3 35 39 0 0 0 36 35 32 34 6 39 36 32 33 38 35 40 33 36 0 0 39 36 34 31 35 36 34 0 40 31 39 36 37 40 31 31 35 33 39 32 3 3 32 7 34 32 34 33
split_gain=5.14919 4.60465 6.65743 2.56149 2.20056 1.8062 2.22328 2.05153 2.92611 2.00936 1.77398 1.6578 1.62976 1.521 1.39924 2.7146 2.38853 2.02901 1.90168 1.41339 1.36054 1.52201 1.32914 1.30658 1.33234 1.92028 1.90008 1.26437 1.84278 2.38491 1.95545 1.61905 1.29643 1.23153 2.08055 2.22708 1.7668 1.21336 1.20273 1.57423 1.27211 1.19856 1.18569 1.36812 1.78862 1.2566 1.18565 1.24032 1.17018 2.71388 1.79885 1.82921 1.22232 1.14538 1.15229 1.13174 1.10967 1.32725 2.17383 1.4747 1.11049 1.04657
threshold=1.0000000180025095e-35 9071.4500000000025 6427.6500000000005 1.0000000180025095e-35 86.796502635749974 15.250000000000002 98207.391301986616 35.733870433106716 342190.46841889987 12142.950000000003 102824.36253332206 6080.9000000000005 4905.1500000000005 1.0000000180025095e-35 49.668986594923844 160223.80148664655 663608.72325493454 74629.772035222952 1.5000000000000002 3.5000000000000004 1.0000000180025095e-35 8.5000000000000018 171.50000000000003 0.23865049102025415 1.5000000000000002 6.5000000000000009 1.5000000000000002 49.066274464961069 1.0000000180025095e-35 56.281063811372022 1.0000000180025095e-35 2.5000000000000004 182388.93949704725 149257.18141648694 34.70690193006525 1.5000000000000002 2.5000000000000004 1.0000000180025095e-35 1.0000000180025095e-35 3.5000000000000004 4.5000000000000009 117466.0682353782 30.298622859806333 7.5000000000000009 75.202972357902993 1.0000000180025095e-35 1.0000000180025095e-35 44.582094246607006 3.5000000000000004 4.5000000000000009 1.0000000180025095e-35 1.5000000000000002 30.360267293267537 1.5000000000000002 6627.0000000000009 7691.2500000000009 1.0000000180025095e-35 5.1500000000000012 5.5000000000000009 2.5000000000000004 2.5000000000000004 1.0000000180025095e-35
decision_type=2 2 2 2 2 2 2 2 2 2 2 2 2 2 2 2 2 2 2 2 2 2 2 2 2 2 2 2 2 2 2 2 2 2 2 2 2 2 2 2 2 2 2 2 2 2 2 2 2 2 2 2 2 2 2 2 2 2 2 2 2 2
left_child=3 2 33 4 5 -1 53 8 9 27 20 41 13 -9 16 22 17 18 -4 -20 46 42 -16 -12 25 48 38 37 30 32 31 -29 -30 34 35 -2 -36 -8 39 40 -26 -6 -22 44 45 -44 47 -3 -25 50 51 -50 -51 54 -7 -18 -17 58 59 -58 -61 -43
right_child=1 10 14 -5 11 6 7 12 -10 -11 23 -13 -14 -15 15 56 55 -19 19 -21 21 -23 -24 24 26 -27 -28 28 29 -31 -32 -33 -34 -35 36 -37 -38 -39 -40 -41 -42 61 43 -45 -46 -47 -48 -49 49 52 -52 -53 -54 -55 -56 -57 57 -59 -60 60 -62 -63
leaf_value=0.00046896423631032221 0.00029741760436552894 0.00041761777007956989 -2.0107551625400813e-05 -0.0005315712827291013 6.4742266527157926e-05 -0.00026170301822194274 -0.00046700880614246505 0.000195260527599573 -0.00012396137941212898 -0.00014133620463944549 0.00045670082005835769 0.00013905093343927425 1.4005858279466589e-05 0.00089432341853505886 -7.915911484029452e-05 -0.00014641775394317981 -4.4023833528227514e-05 -0.00027569846752056886 -0.0011955323391215791 0.0011102741935486837 -0.0010595322647431807 -0.0011602936033959183 0.0002464468467434406 5.6730223707859299e-05 0.0002387478197306089 0.0013373471452510326 -0.00038600067985369683 0.0017518455968490597 0.0018973712212187956 -0.00025167332402342409 -0.00039386130374331128 -0.00096783161012953766 0.00061490399356762149 0.00062807302181318433 -0.0003841762558101469 0.0029724097804144688 0.0011369741250842145 0.00053222347975892482 -1.5167811276614241e-05 -6.9653828250220272e-06 0.00072174176077045545 0.00088294145238194022 -0.00077534026270332981 0.00060256732808510469 0.00031574796100716475 0.0030159579460875066 -0.00094166109694450548 -1.5700169302266365e-05 -0.0010405325834690247 0.00033175187791769891 1.2610164598127257e-05 0.00055218070981761526 -0.00017008528169158585 0.0010654839621969769 0.00047311001239138068 0.00078415075350318677 -0.00024250313932643142 -0.00017816253692224583 -0.0016333652106240019 -0.0010267768102902434 0.0019806272235770471 -0.0017480158799268492
leaf_weight=32301 2292 31577 5770 14523 6221 65659 3500 44925 24116 9605 15664 25442 248142 9411 79103 112792 10143 234187 14294 697 861 1110 51909 54240 60596 2243 21800 9684 2943 5989 1400 580 5964 28572 12623 1178 2249 23019 117485 52303 17590 24154 246 12897 1416 1959 2394 34620 18882 14518 7539 1993 73888 1828 5807 6953 24033 37095 4467 10721 316 384
leaf_count=32301 2292 31577 5770 14523 6221 65659 3500 44925 24116 9605 15664 25442 248142 9411 79103 112792 10143 234187 14294 697 861 1110 51909 54240 60596 2243 21800 9684 2943 5989 1400 580 5964 28572 12623 1178 2249 23019 117485 52303 17590 24154 246 12897 1416 1959 2394 34620 18882 14518 7539 1993 73888 1828 5807 6953 24033 37095 4467 10721 316 384
internal_value=-2.47662e-07 -5.94822e-05 -0.000150539 0.000123879 0.000141153 0.000107482 8.22396e-05 0.000129804 0.000344076 0.000524142 4.71845e-05 0.00043764 6.83157e-05 0.000316338 -0.000195938 -0.000125139 -0.000279331 -0.000317697 -0.000791441 -0.00108832 0.000254077 0.000634743 4.98511e-05 7.91144e-06 -7.9545e-06 -0.000116132 6.15385e-05 0.000644564 0.000888408 0.00051987 0.00135906 0.00159816 0.00103865 0.000422818 0.000103085 0.00120553 -0.000154142 0.000400344 0.000100883 0.000205368 0.00034741 0.000684616 0.000749392 0.000843682 0.00170247 0.00259298 0.000151467 0.000190999 -0.00013519 -0.000224299 -0.00064939 -0.000888471 -8.76738e-05 -0.000170384 -0.000201995 0.000292798 -0.000246168 -0.000392988 -0.000594545 -0.000462226 -0.000940672 0.000841769
internal_weight=1.75081e+06 1.18522e+06 639394 565597 551074 494873 462572 389278 86800 62684 545821 56201 302478 54336 592480 320436 272044 254948 20761 14991 87080 18489 131012 458741 443077 173303 269774 53079 26560 14896 11664 10264 8907 46914 18342 3470 14872 26519 247974 130489 78186 30759 17379 16518 3621 2205 68591 66197 171060 116820 28414 20875 88406 73294 71466 17096 189424 76632 39537 35070 11037 24538
internal_count=1750812 1185215 639394 565597 551074 494873 462572 389278 86800 62684 545821 56201 302478 54336 592480 320436 272044 254948 20761 14991 87080 18489 131012 458741 443077 173303 269774 53079 26560 14896 11664 10264 8907 46914 18342 3470 14872 26519 247974 130489 78186 30759 17379 16518 3621 2205 68591 66197 171060 116820 28414 20875 88406 73294 71466 17096 189424 76632 39537 35070 11037 24538
is_linear=0
shrinkage=0.05


Tree=59
num_leaves=63
num_cat=0
split_feature=2 34 40 35 6 0 28 17 20 19 31 31 32 34 34 35 0 2 4 38 36 40 38 32 0 31 36 40 0 38 31 35 36 35 0 1 34 32 35 33 33 36 6 38 40 40 36 33 32 31 40 35 0 38 38 32 35 6 36 0 32 40
split_gain=4.84028 2.55813 1.71623 1.99212 1.6975 2.67398 1.61237 1.9199 1.49123 2.1439 1.78397 1.98093 1.88798 1.66781 2.26785 1.66363 2.30708 1.7464 1.50358 2.01415 1.35253 1.33588 3.18158 1.25783 2.46609 1.36149 1.43492 2.93999 1.28185 1.39728 1.22857 1.22277 1.21897 1.2103 2.01073 1.19889 1.15292 2.09207 2.79544 1.33597 1.15043 1.14976 1.13118 1.14731 1.81657 1.4086 1.14056 1.12151 1.38985 1.57785 1.43783 1.52175 1.07531 1.07021 1.06376 1.01423 1.00672 1.00517 0.986158 0.978744 0.967161 0.959535
threshold=1.0900000000000003 1.0000000180025095e-35 39.58497146869869 2.5000000000000004 179.30000000000004 275307.39793552883 15.050000000000002 24059.000000000004 772.50000000000011 126750.00000000001 3.5000000000000004 13.500000000000002 2.5000000000000004 5.5000000000000009 7.5000000000000009 1.0000000180025095e-35 225582.90828026735 -0.059999999999999998 3.4150000000000005 73.117160720441788 1.0000000180025095e-35 26.707349963244919 40.081599374716795 1.5000000000000002 219348.49165327751 1.5000000000000002 1.0000000180025095e-35 56.594378587300987 124987.01622256158 52.996919328582642 7.5000000000000009 3.5000000000000004 8.5000000000000018 1.0000000180025095e-35 468459.40111072798 5.1900000000000004 1.5000000000000002 1.0000000180025095e-35 1.5000000000000002 1.0000000180025095e-35 1.0000000180025095e-35 4.5000000000000009 189.85000000000002 58.055018653987837 35.658598498077197 33.575848441249398 1.5000000000000002 1.0000000180025095e-35 1.5000000000000002 7.5000000000000009 79.583069121888784 1.0000000180025095e-35 259674.70367072496 19.289937145259795 81.673825303871936 2.5000000000000004 2.5000000000000004 219.85000000000002 1.0000000180025095e-35 342190.46841889987 1.0000000180025095e-35 84.513926812564065
decision_type=2 2 2 2 2 2 2 2 2 2 2 2 2 2 2 2 2 2 2 2 2 2 2 2 2 2 2 2 2 2 2 2 2 2 2 2 2 2 2 2 2 2 2 2 2 2 2 2 2 2 2 2 2 2 2 2 2 2 2 2 2 2
left_child=6 2 3 -2 31 36 7 57 -8 -10 12 13 15 -12 47 16 42 20 -18 21 56 58 -23 25 -25 26 60 -28 29 -29 55 33 -13 -3 35 -35 37 38 -6 -39 -21 -37 43 45 -45 -11 61 48 49 -15 51 -51 -19 -47 -16 -7 -17 -1 -20 -14 -4 -46
right_child=1 4 23 -5 5 30 8 -9 9 10 11 32 59 14 54 17 18 52 19 40 -22 22 -24 24 -26 -27 27 28 -30 -31 -32 -33 -34 34 -36 41 -38 39 -40 -41 -42 -43 -44 44 46 53 -48 -49 -50 50 -52 -53 -54 -55 -56 -57 -58 -59 -60 -61 -62 -63
leaf_value=9.7273224201258025e-05 -0.00032405315071782107 -0.00013849971425451601 2.8868060276735133e-05 0.0003321412745442602 -4.1871822636152279e-05 -0.00011505124957230192 -0.00017056629391016962 0.00069272203373693805 0.00056114100847961255 -3.6603853341263986e-06 -7.1231768031654303e-05 0.00039856051818637462 0.0018294517721695357 -0.00091028570810128414 -0.001032322592933626 -0.00055743896509784436 7.1588700165116891e-05 0.00036379726486678049 -0.00040116391586230327 0.0014411427067980249 0.0018470765439715581 -0.0016112617608094384 0.00040943274904417612 0.0014329064685025673 0.00017475006405499692 -5.2710983309418782e-05 -0.00020914589251109768 0.0032204984366814588 0.0019780664723390222 2.9208058285483142e-05 -0.00065957552148756464 0.00015789875525405161 -0.00020290435763829317 -0.00023476622168214039 7.7886378428333367e-05 -0.00056482795650285896 0.00028194399309291974 0.00054183417590564339 -0.0011321851102817026 -0.0021121927706182582 -0.0019289582199411522 0.00018073158964499172 0.00023421848969483949 0.0010210059096173764 -2.6519593206068768e-05 -0.0021853856267862481 -0.00068735465091208361 -0.00052660403806499936 0.00014769530012355702 0.0015253499256707649 7.7363431609198113e-05 0.00032539071787070152 -2.9237954181249246e-05 -0.00045990561007293876 6.2162708945172321e-05 -0.0013002820887045075 0.0018098325958631691 0.00078793289944933053 0.0015589432799822294 1.3960261680119436e-05 0.0011071149619600209 0.00062975563633296296
leaf_weight=71828 41342 160391 20861 16059 56389 43561 71803 20435 21369 25710 408196 43259 2494 1243 4245 1401 28422 64170 797 6817 3165 2193 17434 5776 11958 47673 4235 411 4398 2073 17270 20666 10461 65309 26109 82035 51086 16720 6563 488 263 5519 34489 4316 82480 930 6132 2797 14231 9323 3779 3687 23878 26657 4654 1883 661 5685 3293 1057 2310 5973
leaf_count=71828 41342 160391 20861 16059 56389 43561 71803 20435 21369 25710 408196 43259 2494 1243 4245 1401 28422 64170 797 6817 3165 2193 17434 5776 11958 47673 4235 411 4398 2073 17270 20666 10461 65309 26109 82035 51086 16720 6563 488 263 5519 34489 4316 82480 930 6132 2797 14231 9323 3779 3687 23878 26657 4654 1883 661 5685 3293 1057 2310 5973
internal_value=-2.35279e-07 -0.000100763 7.73267e-05 -0.000140471 -0.000151264 -3.20199e-05 6.85169e-05 0.000261589 4.84368e-05 6.65122e-05 5.40568e-05 -5.61466e-06 0.000142132 -3.97188e-05 0.000252905 0.000130125 6.19253e-05 0.000309923 0.000333847 0.00057588 0.00119788 0.000354953 0.000183653 0.000202727 0.000584534 0.000120115 0.000360407 0.000827379 0.00146523 0.000557236 -0.000300588 -0.000215505 0.000281436 -0.000238244 -0.000327632 -0.000396895 9.63113e-05 -2.19926e-05 -0.000155541 0.000466569 0.00131595 -0.000517831 -2.43309e-05 -8.29198e-05 1.78562e-05 -0.000269926 -2.79184e-05 0.000433838 0.000517102 0.000808642 0.000935905 0.00118528 0.000257209 -0.000518074 -0.000459929 -0.000164162 0.00020142 0.000147928 0.00117699 0.00128905 0.000136362 1.7797e-05
internal_weight=1.75081e+06 711085 157096 57401 553989 193960 1.03973e+06 97948 941779 869976 848607 505875 342732 452155 43959 339181 245906 93275 59219 30797 5227 23717 19627 99695 17734 81961 34288 11117 6882 2484 62714 360029 53720 339363 178972 152863 131246 80160 62952 17208 7080 87554 186687 152198 98901 53297 94585 35060 32263 18032 16789 13010 88048 27587 8899 45444 2062 77513 4090 3551 23171 88453
internal_count=1750812 711085 157096 57401 553989 193960 1039727 97948 941779 869976 848607 505875 342732 452155 43959 339181 245906 93275 59219 30797 5227 23717 19627 99695 17734 81961 34288 11117 6882 2484 62714 360029 53720 339363 178972 152863 131246 80160 62952 17208 7080 87554 186687 152198 98901 53297 94585 35060 32263 18032 16789 13010 88048 27587 8899 45444 2062 77513 4090 3551 23171 88453
is_linear=0
shrinkage=0.05


Tree=60
num_leaves=63
num_cat=0
split_feature=6 0 5 39 0 39 5 39 31 35 36 37 20 18 0 35 32 7 34 40 5 35 32 34 31 34 4 34 36 34 35 6 36 32 0 35 7 31 35 36 35 25 38 31 23 0 35 34 21 35 40 1 36 1 31 5 36 32 0 38 38 31
split_gain=4.34716 3.34705 4.48363 3.62828 2.60744 2.41296 1.92882 2.25384 2.10403 1.81023 1.78765 1.72753 1.67785 2.45473 1.67765 1.38604 1.29819 3.56354 4.44692 3.15858 2.30392 2.22759 2.1247 1.84497 2.22667 1.83097 1.66996 4.00689 1.43772 1.70852 1.62736 1.82238 1.41521 1.35065 1.40181 1.30992 1.27426 2.23325 1.57847 1.2621 1.26044 1.24985 1.22476 1.16499 1.14473 1.10136 1.31641 1.08844 1.04487 1.03298 1.02187 1.07192 1.28583 0.989316 0.981052 0.97907 0.947451 0.945293 1.03786 0.940904 0.932566 1.06554
threshold=167.35000000000005 334583.71056835965 148.16100000000003 1.3342714337819142 423306.83129810268 90.870902560488418 142.95550000000003 22.765566358351226 8.5000000000000018 1.0000000180025095e-35 5.5000000000000009 1.0000000180025095e-35 622.50000000000011 36172.500000000007 143076.44749045459 1.0000000180025095e-35 1.0000000180025095e-35 5.6500000000000012 5.5000000000000009 52.18920948513891 169.56450000000004 1.5000000000000002 2.5000000000000004 3.5000000000000004 5.5000000000000009 1.0000000180025095e-35 3.3150000000000004 4.5000000000000009 3.5000000000000004 2.5000000000000004 2.5000000000000004 183.50000000000003 1.0000000180025095e-35 2.5000000000000004 161110.57583375453 1.5000000000000002 5.5500000000000007 5.5000000000000009 2.5000000000000004 1.0000000180025095e-35 1.0000000180025095e-35 6.0500000000000007 81.446038550989513 7.5000000000000009 6.1500000000000012 303945.48690115829 1.0000000180025095e-35 4.5000000000000009 1676.5000000000002 2.5000000000000004 59.213615475960964 6.0600000000000014 1.5000000000000002 5.1900000000000004 2.5000000000000004 193.16800000000003 6.5000000000000009 1.0000000180025095e-35 84213.522194719102 57.577786240640485 19.289937145259795 1.0000000180025095e-35
decision_type=2 2 2 2 2 2 2 2 2 2 2 2 2 2 2 2 2 2 2 2 2 2 2 2 2 2 2 2 2 2 2 2 2 2 2 2 2 2 2 2 2 2 2 2 2 2 2 2 2 2 2 2 2 2 2 2 2 2 2 2 2 2
left_child=4 3 15 9 6 11 -1 8 45 -2 44 12 -5 41 -7 -3 21 18 22 42 -20 55 23 24 -18 -24 47 32 29 30 31 33 -28 39 -35 -22 37 38 -34 -21 50 -14 -19 -13 -4 46 -8 -23 -16 -39 -27 -52 -53 -44 59 60 -43 58 -11 -9 61 -15
right_child=1 2 10 5 -6 14 7 54 -10 57 -12 43 13 16 48 -17 17 19 20 28 35 26 25 -25 -26 40 27 -29 -30 -31 -32 -33 36 34 -36 -37 -38 49 -40 -41 -42 56 53 -45 -46 -47 -48 -49 -50 -51 51 52 -54 -55 -56 -57 -58 -59 -60 -61 -62 -63
leaf_value=-4.1333554219611101e-05 0.0014193815742047835 0.00053864274795449823 -0.00034361457429322203 -0.00031830655409701076 0.0002430470781286811 0.00063946745651941028 -0.00063014391060778753 -0.0011442101052701853 -0.00012297840592821109 0.0016641431512272277 0.00048930446892877036 -0.00047928521158228541 0.00021034451402434734 -0.00060758639713711813 0.00061088679748674173 6.1787302345790165e-05 -9.0058398650795376e-06 -4.783765278692581e-06 2.5603321564562066e-05 0.0013573843961491008 -0.0016399174914631901 8.9481425432042953e-05 0.00039597387813796576 -0.00033702256190548262 0.00055209414245374958 6.9008366713021508e-06 -9.1851962542796402e-05 0.0014846438877576965 -0.00054319510596073347 0.00040441950512657137 -0.00070422844134669681 0.00033069867355150898 -0.0019856583439766123 0.0028494296668432058 0.0013745980196906743 -0.003928943869299986 -0.00039748568745601908 0.00080066708365557403 9.8379634498585455e-05 0.0001884726356871253 -0.0022484376970588636 0.00093764855945774783 -0.00031198381054832778 0.00012731753216209242 -3.0952844009271094e-05 -0.00037905509037444826 -0.0017172705575157589 -0.00054723279016461823 4.1690150127754347e-05 -0.0007748259156845059 -0.00045307940612164771 0.0016944518872894472 -0.0023433110366749307 0.0016474559920967185 -0.00020136858139188597 0.00050985677936911736 -0.00095208274726306635 0.00095905176378316805 -4.929522060593766e-05 -0.00021488474700601513 3.4289706268116517e-05 0.0005095654136684205
leaf_weight=120608 6484 23354 144227 28956 37016 28353 4387 5583 8994 984 7877 25528 16668 2421 10123 43852 38521 37363 1842 7670 2832 36807 3806 16585 32683 3406 8681 2392 2323 21525 1310 5750 6746 2480 4599 802 9593 1345 1050 3304 1466 13710 932 11472 36730 4194 7624 8209 39613 4594 2697 219 1978 2086 168055 11533 697 5244 8677 5318 628863 18034
leaf_count=120608 6484 23354 144227 28956 37016 28353 4387 5583 8994 984 7877 25528 16668 2421 10123 43852 38521 37363 1842 7670 2832 36807 3806 16585 32683 3406 8681 2392 2323 21525 1310 5750 6746 2480 4599 802 9593 1345 1050 3304 1466 13710 932 11472 36730 4194 7624 8209 39613 4594 2697 219 1978 2086 168055 11533 697 5244 8677 5318 628863 18034
internal_value=-1.7209e-07 4.00374e-05 -0.000123231 7.69351e-05 -0.000154551 6.45231e-05 -0.000199868 -0.000293525 -0.000736249 0.000721975 -0.000248055 4.42732e-05 5.67298e-05 6.79539e-05 0.000332522 0.000227494 5.3446e-05 0.000167804 -2.70693e-05 0.000400837 -0.00141492 2.314e-05 4.79089e-05 0.000137918 0.000248542 -0.000534304 -0.000227061 -0.00048934 0.000670829 0.000731299 0.00101148 0.0011059 -0.000636854 0.00135281 0.00189128 -0.00214509 -0.000839664 -0.0011485 -0.00170497 0.00100545 -0.000896851 0.000505151 7.34773e-05 -0.000291206 -0.000280152 -0.00107662 -0.0013202 -2.66281e-05 0.000157541 -0.000418025 -0.000658125 -0.00112095 -0.00194082 0.00104235 -0.000231185 5.32075e-05 0.000846225 0.000418588 0.000125223 -0.000690843 4.50966e-05 0.000377342
internal_weight=1.75078e+06 1.389e+06 256040 1.13296e+06 361779 1.11157e+06 324763 204155 25199 21389 188834 1.03348e+06 996478 967522 78089 67206 936447 196179 106837 89342 5476 740268 101361 87789 71204 13572 79417 34401 48961 46638 25113 23803 32009 18053 7079 3634 23328 13735 7796 10974 9766 31075 40381 37000 180957 16205 12011 45016 49736 5939 8300 4894 2197 3018 178956 660851 14407 14905 9661 10901 649318 20455
internal_count=1750775 1388996 256040 1132956 361779 1111567 324763 204155 25199 21389 188834 1033478 996478 967522 78089 67206 936447 196179 106837 89342 5476 740268 101361 87789 71204 13572 79417 34401 48961 46638 25113 23803 32009 18053 7079 3634 23328 13735 7796 10974 9766 31075 40381 37000 180957 16205 12011 45016 49736 5939 8300 4894 2197 3018 178956 660851 14407 14905 9661 10901 649318 20455
is_linear=0
shrinkage=0.05


Tree=61
num_leaves=63
num_cat=0
split_feature=2 5 6 39 39 34 33 36 36 32 5 27 39 39 40 36 2 38 1 5 34 34 33 39 40 32 5 7 32 34 5 28 40 36 34 39 38 38 39 5 33 32 39 36 28 39 1 36 40 2 36 38 39 32 32 39 39 32 36 36 32 40
split_gain=3.96501 4.44999 1.54108 1.532 1.4538 1.41708 2.49001 2.4123 1.48869 1.86883 2.31304 1.84609 1.69389 1.5084 2.28771 1.35142 1.30999 1.25621 2.51167 1.25436 1.19971 1.3884 1.29637 1.17613 1.19778 1.17455 1.13112 1.12977 2.77088 1.15634 1.11623 1.09802 1.08981 1.08709 1.41955 1.0916 1.05661 1.03278 0.990285 0.969638 0.963172 0.952718 1.16689 0.924231 0.939581 0.895009 1.81148 0.968484 1.16668 0.880849 1.62418 1.33215 0.849588 0.843766 1.25554 1.21822 1.13466 0.94198 0.922283 1.227 0.935579 0.887082
threshold=1.0900000000000003 141.57900000000004 179.80000000000004 0.034812904843917504 1.0000000180025095e-35 1.5000000000000002 1.5000000000000002 1.5000000000000002 7.5000000000000009 1.5000000000000002 142.95550000000003 37.550000000000004 85.050961967703259 88.46378460206067 51.481956287913427 2.5000000000000004 -0.079999999999999988 81.069521430235355 5.9200000000000008 158.27000000000001 1.5000000000000002 4.5000000000000009 1.0000000180025095e-35 51.039998038112891 31.107160971498033 5.5000000000000009 165.85150000000002 5.6500000000000012 1.0000000180025095e-35 3.5000000000000004 169.22850000000003 20.350000000000005 49.845063248297357 2.5000000000000004 2.5000000000000004 8.4920239377530446 30.227976535073967 29.367559654708781 65.455840750645208 146.12150000000003 1.0000000180025095e-35 1.0000000180025095e-35 51.657572863242443 6.5000000000000009 44.650000000000013 59.985215488300476 5.9200000000000008 2.5000000000000004 67.735064097475444 -0.079999999999999988 1.5000000000000002 57.577786240640485 53.941762837796283 2.5000000000000004 4.5000000000000009 86.719845885814223 44.157448059010569 1.5000000000000002 1.5000000000000002 2.5000000000000004 1.0000000180025095e-35 18.942598687307072
decision_type=2 2 2 2 2 2 2 2 2 2 2 2 2 2 2 2 2 2 2 2 2 2 2 2 2 2 2 2 2 2 2 2 2 2 2 2 2 2 2 2 2 2 2 2 2 2 2 2 2 2 2 2 2 2 2 2 2 2 2 2 2 2
left_child=3 25 19 -1 -4 8 7 23 9 11 12 31 32 14 17 16 40 49 -19 -3 22 39 -6 24 -7 53 -8 43 29 -29 -23 -5 -11 35 -35 -21 -25 -16 -10 -22 -9 -36 -43 44 -17 46 47 48 -39 50 51 -13 -51 55 -55 56 58 -58 -2 60 -60 -62
right_child=1 2 4 5 20 6 26 15 38 10 -12 13 -14 -15 37 27 -18 18 -20 33 21 30 -24 36 -26 -27 -28 28 -30 -31 -32 -33 -34 34 41 -37 -38 45 -40 -41 -42 42 -44 -45 -46 -47 -48 -49 -50 52 -52 -53 -54 54 -56 -57 57 -59 59 -61 61 -63
leaf_value=0.00044945864680036893 0.00026490303859261167 -0.00010395827952301969 0.00072168487904814254 0.00055610022417899787 -8.8077575162077217e-05 -0.00026035815543933456 -0.00070139552623629624 0.00085859705496532277 -0.00062230291074638362 0.00026460394603799656 0.00013411706402021228 0.001138404695237442 0.00013235266857820701 0.00038831719286784469 -0.0012547146979644021 0.0002856453844475555 0.00019998369762984412 -0.00028247585894030047 0.0012853443022008864 -0.00084383643118078025 0.0012417844979673116 0.00041320460987937055 -0.00055696762001151577 -0.0010452963717072117 0.00022074656004753926 0.0010933253863508324 -0.00012718440062366236 -0.00041995433042636417 0.0009389976882295594 -1.0121430748394493e-05 -0.0005976903590425998 0.00015482950084242644 0.0011781160355035993 -5.3351276386402112e-05 0.00022897216629334577 -0.00032581816335359374 -0.0002446435825860114 -0.00035177285223716472 -2.9325741676664763e-07 0.00018652031935323133 -0.001217915545983674 -0.0030633293664825796 -0.00079360502151259993 0.00074274873887276353 -0.00024971206115978153 3.076937967018439e-06 6.1127131210346515e-05 -0.00017299710510838666 -0.0010210295822847841 0.00011650184340318577 2.071359982573539e-05 -0.00030483572040679405 -7.3308417632847803e-05 -0.0028050593048973395 9.6865802109757861e-05 0.00085991203537912726 -4.4056676714646857e-05 0.0011950992661729914 0.00099915849362691863 -0.0004178817402149116 -2.1326120828545268e-05 0.0037601501532707215
leaf_weight=24912 25661 168582 6046 28726 168094 22394 18353 12299 11512 4200 48185 8135 8730 30034 2023 28179 50951 4350 6189 11066 2272 3723 16158 4405 30635 3879 16100 28442 6087 43588 10246 41936 14663 56763 957 125571 63834 15742 14407 51976 585 899 1530 7280 11557 77283 30917 20622 11106 189707 13784 1990 85534 574 1063 6933 41853 1592 3841 1278 205 637
leaf_count=24912 25661 168582 6046 28726 168094 22394 18353 12299 11512 4200 48185 8135 8730 30034 2023 28179 50951 4350 6189 11066 2272 3723 16158 4405 30635 3879 16100 28442 6087 43588 10246 41936 14663 56763 957 125571 63834 15742 14407 51976 585 899 1530 7280 11557 77283 30917 20622 11106 189707 13784 1990 85534 574 1063 6933 41853 1592 3841 1278 205 637
internal_value=-1.63485e-07 -9.11144e-05 -0.000137951 6.20877e-05 -4.4528e-05 5.25751e-05 -2.98006e-05 1.49835e-05 9.49684e-05 0.000109925 0.000343159 7.88127e-05 0.000708205 4.48403e-05 2.27684e-05 0.000126675 0.000313884 0.000101705 0.000638222 -0.000204052 -6.28768e-05 0.000116252 -0.000129197 -0.000159061 1.75774e-05 0.000242774 -0.000433065 3.11721e-05 -8.53826e-05 -0.000171949 -0.000328268 0.000317957 0.000974715 -0.0002898 -0.000112677 -0.000367772 -0.000296328 -0.000132253 -0.000276561 0.000230717 0.000764313 -0.00110721 -0.00163366 0.000224828 0.00012994 -0.000117666 -0.000236708 -0.000430687 -0.000628619 8.28035e-05 0.00037391 0.000854746 5.75163e-05 0.000203326 -0.000920669 0.000225765 0.000167196 1.35099e-06 0.000395049 0.000955303 0.00133005 0.00283948
internal_weight=1.75078e+06 711399 623883 1.03938e+06 258515 1.01446e+06 344689 310236 669775 643856 75778 568078 27593 497416 467382 188968 63835 309689 10539 365368 252469 68217 184252 121268 53029 87516 34453 125133 78117 72030 13969 70662 18863 196786 60149 136637 68239 157693 25919 54248 12884 3386 2429 47016 39736 155670 78387 47470 26848 299150 23909 10125 275241 83637 1637 82000 75067 43445 31622 5961 4683 842
internal_count=1750775 711399 623883 1039376 258515 1014464 344689 310236 669775 643856 75778 568078 27593 497416 467382 188968 63835 309689 10539 365368 252469 68217 184252 121268 53029 87516 34453 125133 78117 72030 13969 70662 18863 196786 60149 136637 68239 157693 25919 54248 12884 3386 2429 47016 39736 155670 78387 47470 26848 299150 23909 10125 275241 83637 1637 82000 75067 43445 31622 5961 4683 842
is_linear=0
shrinkage=0.05


Tree=62
num_leaves=63
num_cat=0
split_feature=34 3 3 37 38 0 39 0 0 33 27 36 33 3 39 39 17 39 0 0 36 0 3 34 31 31 0 39 36 34 38 31 0 3 1 31 0 3 31 3 31 34 28 20 39 4 38 31 31 33 39 34 3 20 39 0 39 39 31 37 0 36
split_gain=3.55362 3.82149 4.82891 2.07661 1.84192 1.59693 1.50924 2.09708 1.28445 2.0492 1.76412 1.20596 1.90935 1.35463 2.11391 1.18129 1.14703 1.14663 2.59298 2.29649 3.21943 1.57818 1.535 1.16757 2.59452 1.8733 1.13274 1.63897 1.55631 1.41559 1.13061 1.41492 1.12573 1.53736 1.2273 1.10207 1.08165 1.05904 1.04685 1.01716 0.954939 0.954681 1.19396 0.928919 0.919414 0.990067 0.948845 0.898468 2.64824 1.76818 1.38408 1.32856 1.14254 0.897427 0.892056 0.928975 0.891468 0.888146 0.929781 0.876662 0.862061 1.20379
threshold=1.0000000180025095e-35 6427.6500000000005 9144.9500000000025 1.0000000180025095e-35 92.141395603122433 80313.388823401692 30.360267293267537 417120.72226864804 94323.376781230458 1.0000000180025095e-35 39.350000000000001 1.5000000000000002 1.5000000000000002 11761.400000000003 2.2620987795981549 89.334887406023327 11879.000000000002 52.894320774284203 126653.47918450134 95333.484160635562 1.5000000000000002 663608.72325493454 7303.2500000000009 1.5000000000000002 6.5000000000000009 10.500000000000002 132634.2602009901 34.70690193006525 1.5000000000000002 1.5000000000000002 48.765278748091596 1.0000000180025095e-35 111514.69409797566 6909.3500000000013 7.4400000000000004 15.500000000000002 210773.00843308747 7560.7500000000009 4.5000000000000009 7637.0000000000009 20.500000000000004 5.5000000000000009 25.050000000000004 742.50000000000011 45.562522486666914 4.0300000000000002 42.818128537042078 3.5000000000000004 4.5000000000000009 1.0000000180025095e-35 29.447328968923468 1.5000000000000002 10496.100000000002 748.50000000000011 86.719845885814223 246139.25663713223 11.032734872103637 18.3948696458732 7.5000000000000009 1.0000000180025095e-35 187895.12496585262 3.5000000000000004
decision_type=2 2 2 2 2 2 2 2 2 2 2 2 2 2 2 2 2 2 2 2 2 2 2 2 2 2 2 2 2 2 2 2 2 2 2 2 2 2 2 2 2 2 2 2 2 2 2 2 2 2 2 2 2 2 2 2 2 2 2 2 2 2
left_child=3 26 17 4 6 16 7 8 10 30 -1 13 41 14 -7 32 -4 19 37 20 -3 -21 23 24 -22 -25 27 28 -2 -29 -10 -32 33 -8 44 47 -33 -19 53 -23 -9 42 -13 -35 -34 -46 -47 51 49 -49 -50 -16 -51 -18 55 -20 -12 58 -24 -28 61 -17
right_child=1 2 5 -5 -6 11 15 40 9 -11 56 12 -14 -15 35 60 38 18 54 21 22 39 57 25 -26 -27 59 29 -30 -31 31 36 34 43 -36 -37 -38 -39 -40 -41 -42 -43 -44 -45 45 46 -48 48 50 52 -52 -53 -54 -55 -56 -57 -58 -59 -60 -61 -62 -63
leaf_value=0.00079971756642308533 0.00022897530016871732 5.0764543183195326e-05 -0.00019348829958974436 -0.0004895349636041301 0.00050992394315812865 0.0014750563435153702 -0.00022112995652815573 -0.00044617898958694248 0.00034864047082358443 -0.00012414542860816251 0.00037439905503501564 0.00030498763633770112 -0.00034519278435092056 -0.00025168618258019081 0.0003420549411756525 0.00074046287891959964 2.1464425268678897e-05 0.00040982774412833852 -3.9336673730910055e-05 -0.0002112927291173196 -0.0013641634599162336 -4.6510340554245781e-05 -0.0022699874531879618 0.001392859383658465 0.00066486143555332701 -0.0035274155938796788 0.00053125741588856657 -0.00050853373549542447 0.0026510484320148632 0.00087572443078889862 0.0017195822453764189 0.0010536258304844734 0.00020614024925690695 4.4580313466062071e-05 0.00030572079582350832 0.0015241770555784869 0.00040140427859486333 1.2850233971557849e-05 0.00028973862622998892 0.00071277274257718418 0.00050431289828250852 0.00050291749034667664 3.9735800461656727e-05 0.00085901164968669444 8.0917555651807428e-05 -0.00043203598688933142 -5.044944665495089e-05 -0.00097775697214095214 0.00058360791874876932 0.00140302930487693 -7.7068447993918236e-05 -0.0003020620684493539 -0.00049299693149561263 0.0011671416391789864 -0.00037663338762709375 -0.00027295922864108022 -0.00054974197423422061 -0.00094150966783905802 -0.00076619898233516736 0.0029726692147412771 9.7268165750990181e-05 -0.00021434602917211711
leaf_weight=5064 1856 13792 8286 14410 28499 2450 74294 12712 22590 11424 3585 53279 24414 72790 29437 15959 2220 27908 112499 245065 4329 10500 2921 1603 2477 220 31789 9375 1032 2300 3796 11272 56740 10099 48395 1161 14578 42211 24785 7606 3336 15080 208232 5359 101959 22113 61877 12373 9356 1412 51911 10996 1817 7430 44925 68437 9591 15184 1586 372 23545 4162
leaf_count=5064 1856 13792 8286 14410 28499 2450 74294 12712 22590 11424 3585 53279 24414 72790 29437 15959 2220 27908 112499 245065 4329 10500 2921 1603 2477 220 31789 9375 1032 2300 3796 11272 56740 10099 48395 1161 14578 42211 24785 7606 3336 15080 208232 5359 101959 22113 61877 12373 9356 1412 51911 10996 1817 7430 44925 68437 9591 15184 1586 372 23545 4162
internal_value=-1.55311e-07 -4.93499e-05 -6.75351e-05 0.000102993 0.000118491 4.13738e-05 9.71387e-05 0.000274056 0.000376467 0.000482457 6.54688e-06 1.60459e-05 7.86703e-05 -8.12694e-05 2.1322e-05 5.63175e-05 0.00033467 -0.000164881 -9.47571e-05 -0.000232869 -0.00057569 -0.000178011 -0.000880776 -0.000324705 -0.000625713 0.00079908 0.000393834 2.79834e-05 0.00109448 -0.000235832 0.000615121 0.000818177 2.80745e-05 -0.000126738 7.58089e-05 -8.74352e-06 0.000685808 0.000170851 0.000461759 0.000272451 -0.000248594 0.000116084 9.37769e-05 0.000326928 2.99618e-05 -2.37968e-05 -0.000150914 -2.39156e-05 -0.000124276 -0.000705838 2.38225e-05 0.000166883 0.000336111 0.000903577 -0.000177216 -0.000127702 -0.000298296 -0.00112446 -0.00174081 0.000559497 0.000302641 0.000542962
internal_weight=1.75078e+06 1.18542e+06 1.13869e+06 565359 550949 537429 522450 97948 81900 63660 18240 494708 301005 193703 120913 424502 42721 601263 295980 305283 42112 263171 28320 8629 6806 1823 46724 14563 2888 11675 52236 29646 380836 89752 291084 118463 25850 70119 34435 18106 16048 276591 261511 15458 242689 185949 83990 117302 76869 15602 61267 40433 3229 9650 225861 180936 13176 19691 4507 32161 43666 20121
internal_count=1750775 1185416 1138692 565359 550949 537429 522450 97948 81900 63660 18240 494708 301005 193703 120913 424502 42721 601263 295980 305283 42112 263171 28320 8629 6806 1823 46724 14563 2888 11675 52236 29646 380836 89752 291084 118463 25850 70119 34435 18106 16048 276591 261511 15458 242689 185949 83990 117302 76869 15602 61267 40433 3229 9650 225861 180936 13176 19691 4507 32161 43666 20121
is_linear=0
shrinkage=0.05


Tree=63
num_leaves=63
num_cat=0
split_feature=6 0 5 0 32 5 34 0 5 35 34 4 38 5 35 35 40 5 38 34 35 2 0 20 18 17 19 31 31 5 5 0 31 31 5 31 31 35 37 33 38 0 32 18 37 5 2 32 0 34 5 18 31 33 31 20 31 27 32 31 18 34
split_gain=3.40971 2.91309 2.9793 2.34401 1.92396 3.08047 4.14974 3.24277 3.16991 2.40315 1.91032 2.97729 1.76772 1.50926 1.48773 1.45781 1.43439 1.41186 1.31614 1.31106 1.2415 1.24562 1.19971 1.29799 2.12213 1.93819 1.30937 1.19262 1.1793 1.14606 2.17913 1.44117 1.1243 1.09608 1.0692 1.04611 2.20476 2.22351 1.03173 1.02075 0.984628 0.967818 0.945625 0.940805 0.934899 1.20852 0.934442 0.931532 0.904443 0.869537 0.93635 0.858352 0.940516 0.836896 1.72585 0.834682 0.825162 0.822407 0.778534 0.758598 1.63973 0.816613
threshold=167.35000000000005 368781.28033656598 146.70450000000002 388834.29802813922 1.0000000180025095e-35 164.79300000000003 5.5000000000000009 136166.92614830044 168.47250000000003 1.5000000000000002 6.5000000000000009 3.9100000000000006 49.066274464961069 158.27000000000001 2.5000000000000004 1.5000000000000002 60.407900763397272 193.16800000000003 19.289937145259795 4.5000000000000009 2.5000000000000004 2.1500000000000008 29518.654949670719 757.50000000000011 49519.500000000007 7182.0000000000009 128750.00000000001 2.5000000000000004 2.5000000000000004 116.79800000000002 137.71300000000002 98207.391301986616 5.5000000000000009 1.0000000180025095e-35 140.16300000000004 3.5000000000000004 5.5000000000000009 2.5000000000000004 1.0000000180025095e-35 1.0000000180025095e-35 36.372610107506553 216396.7946049906 22.500000000000004 34526.500000000007 1.0000000180025095e-35 173.46550000000005 1.6050000000000002 2.5000000000000004 154567.52758480312 1.5000000000000002 186.23450000000003 27734.500000000004 3.5000000000000004 1.5000000000000002 4.5000000000000009 891.50000000000011 9.5000000000000018 33.650000000000013 18.500000000000004 16.500000000000004 55349.500000000007 3.5000000000000004
decision_type=2 2 2 2 2 2 2 2 2 2 2 2 2 2 2 2 2 2 2 2 2 2 2 2 2 2 2 2 2 2 2 2 2 2 2 2 2 2 2 2 2 2 2 2 2 2 2 2 2 2 2 2 2 2 2 2 2 2 2 2 2 2
left_child=3 4 -3 13 9 12 7 -7 -8 17 11 19 28 58 29 -10 35 18 33 53 21 42 -20 49 25 -25 32 -9 40 -14 31 47 43 34 -2 -13 37 -37 56 -33 -6 -21 44 57 -4 -46 -12 -31 -40 -24 -51 52 -35 -11 -55 -45 -26 -27 -1 61 -61 -29
right_child=1 2 20 -5 5 6 8 27 15 10 46 16 14 -15 -16 -17 -18 -19 22 41 -22 -23 23 24 38 26 -28 59 -30 30 -32 39 -34 51 -36 36 -38 -39 48 -41 -42 -43 -44 55 45 -47 -48 -49 -50 50 -52 -53 -54 54 -56 -57 -58 -59 -60 60 -62 -63
leaf_value=-0.00014031435053271882 -0.0011384819561283536 0.00019581187187020624 -0.00029708297796069691 0.00019995114890333093 -0.00080022588659714705 0.00051447354511842511 0.00013565850847439812 0.00063607703183684065 -0.0013870066080300756 -3.3787887939164003e-05 -0.00028933914527928334 -0.00034353329838899014 7.5352270492797885e-05 -0.0003986213702907541 -9.7299217511495379e-05 -0.0034847905897808502 0.00024023751926630145 0.00051871485553251385 0.0008750177311960196 -0.0012073289373820829 3.3202074315508437e-05 -0.00064037283983219191 -6.9183952235447345e-05 -0.00023197445002124634 6.0145389332231115e-05 0.0010943400547673049 0.0002948019738552675 -1.3433471571965644e-05 0.00020406485302166353 -0.00016712804092804102 0.00039812632924372782 0.0011469302958502349 0.0001737983559749088 0.00015073059426892789 0.0012130434379914322 -0.0021034774868862586 -0.00045958323027271231 -0.00017829655001047877 -0.0005057376914275654 -0.0012053006847712816 0.00019964724267575426 -0.00020448863776766535 0.00072685718367926063 0.00054495322871595745 0.0011156039997704985 -0.00039299838100161712 0.0016361175753200272 0.0028533336290116002 0.00010152870991807083 -0.00063908466573001001 0.00029806518919459876 0.00047038728476564689 0.0040484479461228235 0.0026205742717689455 0.00022177890065378021 0.0015806686414530106 -0.00022537902963609284 0.0028913414336162128 0.00056705446445951457 0.00048863310547332542 -0.0016893325042631282 -0.00041529278518610688
leaf_weight=247086 1966 51397 96044 45200 6166 30693 3614 5311 4685 52491 908 7644 13518 65541 11564 1006 3649 16378 4257 3893 32680 23572 67490 8987 578818 1205 16086 56376 37396 3557 57317 22195 3495 275 641 6136 7897 1985 16073 471 4099 6298 2480 5035 2738 2577 2059 275 9913 14281 3277 21417 354 898 4544 3170 26461 1350 3952 1413 2225 16296
leaf_count=247086 1966 51397 96044 45200 6166 30693 3614 5311 4685 52491 908 7644 13518 65541 11564 1006 3649 16378 4257 3893 32680 23572 67490 8987 578818 1205 16086 56376 37396 3557 57317 22195 3495 275 641 6136 7897 1985 16073 471 4099 6298 2480 5035 2738 2577 2059 275 9913 14281 3277 21417 354 898 4544 3170 26461 1350 3952 1413 2225 16296
internal_value=-1.47545e-07 3.54635e-05 -0.000135395 -0.000136871 6.61507e-05 0.000181068 -7.7116e-06 7.63545e-05 -0.00102241 3.0605e-05 -0.000202577 -0.000241421 0.000327718 -0.000184961 0.000438869 -0.00175783 -0.000682492 5.92537e-05 4.96622e-05 -6.45958e-05 -0.000241728 -0.000312246 3.79976e-05 3.32822e-05 5.66195e-05 0.000412973 0.000604006 -8.83971e-05 7.37578e-05 0.00050257 0.000571473 0.000946434 0.000952927 0.000409207 -0.000560297 -0.000824789 -0.00105445 -0.00163291 3.44185e-05 0.00109805 -0.000400958 -0.000587577 -0.000237759 0.001206 -0.000261361 0.000384152 0.00104686 4.96326e-05 -0.000274081 -0.000150729 -0.000464176 0.000523854 0.00234436 2.7402e-05 0.000617611 0.000945102 4.76631e-05 0.00204383 -0.000129179 -0.000138819 -0.00084341 -0.000103547
internal_weight=1.75078e+06 1.389e+06 211488 361779 1.17751e+06 278177 121619 112314 9305 899331 98402 95435 156558 316579 108897 5691 27311 800929 784551 68124 160091 127411 759898 755641 670593 39328 30341 81621 47661 97333 83815 26498 14255 24653 2607 23662 16018 8121 631265 22666 10265 10191 103839 10760 101359 5315 2967 3832 25986 85048 17558 22046 629 57933 5442 8205 605279 2555 251038 76310 3638 72672
internal_count=1750775 1388996 211488 361779 1177508 278177 121619 112314 9305 899331 98402 95435 156558 316579 108897 5691 27311 800929 784551 68124 160091 127411 759898 755641 670593 39328 30341 81621 47661 97333 83815 26498 14255 24653 2607 23662 16018 8121 631265 22666 10265 10191 103839 10760 101359 5315 2967 3832 25986 85048 17558 22046 629 57933 5442 8205 605279 2555 251038 76310 3638 72672
is_linear=0
shrinkage=0.05


Tree=64
num_leaves=63
num_cat=0
split_feature=6 7 34 36 39 19 20 7 35 39 36 40 30 3 31 6 34 34 31 40 3 7 35 39 38 7 39 35 40 39 31 33 40 31 36 39 31 36 35 36 39 29 40 35 31 6 33 33 39 34 31 31 31 35 3 33 36 35 36 38 1 39
split_gain=3.07726 2.45007 3.07519 2.44303 2.90192 1.93453 2.55891 1.44579 1.3807 1.37894 1.31981 1.24416 1.20315 1.16958 1.33463 1.15258 1.13426 1.56515 1.08856 1.08759 1.08273 1.07874 1.07636 4.41799 1.12949 1.04532 1.044 0.980643 0.962125 0.937652 0.930633 0.86004 0.813952 0.793216 0.814712 0.875887 2.16696 1.43826 1.1769 1.34041 0.863793 0.779779 0.76186 0.761713 0.757148 0.75339 0.719836 0.711925 0.710418 0.843772 1.49258 1.29616 1.81237 1.48491 1.17759 1.13756 1.10728 1.07838 1.52574 1.56418 1.46945 1.2149
threshold=167.35000000000005 5.6500000000000012 5.5000000000000009 2.5000000000000004 29.447328968923468 123250.00000000001 769.50000000000011 4.2500000000000009 1.0000000180025095e-35 85.910627317651247 3.5000000000000004 83.026303319058755 0.0016637719283388696 10048.050000000001 20.500000000000004 209.80000000000004 1.5000000000000002 3.5000000000000004 11.500000000000002 9.8679282432463129 6139.8500000000013 5.2500000000000009 1.0000000180025095e-35 97.987117009455048 77.479361840376527 5.1500000000000012 0.23865049102025415 1.0000000180025095e-35 58.302471561801617 44.157448059010569 1.5000000000000002 1.5000000000000002 44.298168838436112 22.500000000000004 1.5000000000000002 29.09196530111188 6.5000000000000009 8.5000000000000018 3.5000000000000004 2.5000000000000004 36.1380965768331 44.877100390863951 82.025725110868237 3.5000000000000004 1.5000000000000002 180.10000000000002 1.0000000180025095e-35 1.5000000000000002 96.347265164565712 1.5000000000000002 3.5000000000000004 18.500000000000004 16.500000000000004 2.5000000000000004 6708.9500000000016 1.0000000180025095e-35 1.0000000180025095e-35 1.5000000000000002 2.5000000000000004 67.40215384790578 5.4750000000000005 62.394235530571741
decision_type=2 2 2 2 2 2 2 2 2 2 2 2 2 2 2 2 2 2 2 2 2 2 2 2 2 2 2 2 2 2 2 2 2 2 2 2 2 2 2 2 2 2 2 2 2 2 2 2 2 2 2 2 2 2 2 2 2 2 2 2 2 2
left_child=21 2 5 4 8 6 15 27 26 29 48 25 19 14 -5 41 18 -18 -15 -8 22 -1 24 30 -11 -4 -3 -7 43 -6 -24 -19 -12 34 40 36 -36 38 39 -38 -23 -2 -39 45 -29 -10 -26 -20 49 50 -9 52 53 56 -51 -55 -52 -58 59 60 -59 -62
right_child=1 3 11 13 9 7 12 10 28 20 32 -13 -14 16 -16 -17 17 31 47 -21 -22 33 23 -25 46 -27 -28 44 -30 -31 -32 -33 -34 -35 35 -37 37 42 -40 -41 -42 -43 -44 -45 -46 -47 -48 -49 -50 54 51 -53 -54 55 -56 -57 57 58 -60 -61 61 -63
leaf_value=-0.00033561297478673993 0.00047736105686203021 0.0014582147481863948 -0.0011009598778345059 -0.00027275973302697633 0.00023483347627942231 6.3252228181148683e-05 0.0042710062559178493 -4.9077776682496737e-05 0.00060172793416703185 -0.00012462908098647685 0.00028126634287239434 4.1927100336435876e-05 0.00010131681194144663 0.00032920475163956118 0.0005934848749865676 0.00037698987713745744 -0.0005667350850514474 0.00011480227875386273 -0.0001989133381225361 0.00076792645069828202 0.00018216053792177573 0.00025250044064606739 0.0034113220158735677 -0.0037031416549239715 0.0010465351445459398 -0.00012171462284157285 0.00059178417132569271 0.00074888338455389024 -0.00018122208103302291 2.1374008192331175e-05 0.0013630825356334532 -0.00073267290742955616 -3.2888700276587918e-05 0.00035878688078868579 -0.00093670280468768604 -0.0001173302307637786 0.00029230570637293852 -0.00086549664918923871 0.0010619943575295001 -0.0004904717912928634 -7.7534153452415928e-05 -0.00022428680858193963 -0.0036631264512163261 -0.0021182366842025803 0.00013625444278417441 6.4598525274217359e-05 -0.0012338787751538884 0.0021798141130135247 0.00024289438084933174 0.00026297937876635421 1.4826218835308648e-06 0.0002993160608312961 -0.0022584451537068085 0.0001019618984479871 -7.7730391881572348e-05 -0.00053717099469866145 -0.00033871480126303687 -0.00022734710980769107 0.00012811275140274392 -0.00028486869143849063 -0.0018021082424622349 -0.00046393180236135645
leaf_weight=54241 4515 3900 11314 60378 68539 86874 224 194181 19559 5386 40855 5066 8577 45172 4800 15430 13951 37420 15646 20398 28027 25844 623 424 5147 3590 32037 10342 9502 206285 5049 3254 41625 9387 12151 149459 9526 619 2172 12841 85138 32202 401 298 9844 9799 371 321 15325 32770 17133 10001 1158 34946 112169 8694 72134 2832 4275 6539 7938 2157
leaf_count=54241 4515 3900 11314 60378 68539 86874 224 194181 19559 5386 40855 5066 8577 45172 4800 15430 13951 37420 15646 20398 28027 25844 623 424 5147 3590 32037 10342 9502 206285 5049 3254 41625 9387 12151 149459 9526 619 2172 12841 85138 32202 401 298 9844 9799 371 321 15325 32770 17133 10001 1158 34946 112169 8694 72134 2832 4275 6539 7938 2157
internal_value=-1.40168e-07 3.36903e-05 -2.21958e-05 0.000112597 0.000182302 -6.76651e-06 0.000224223 -3.31647e-05 0.000462015 0.000116631 -6.3148e-05 -0.000634993 0.000598988 -3.95505e-05 -0.000208966 1.43777e-05 5.58345e-05 -0.000109743 0.000203771 0.000805978 0.000373115 -0.000130027 0.000687931 0.00122003 0.000390453 -0.000865084 0.000685812 0.000136197 0.000256627 7.46092e-05 0.00158806 4.70026e-05 0.000122722 -9.37677e-05 -0.000108016 -0.000171661 -0.000386993 -0.000125656 -4.91867e-05 -0.000157091 -6.80123e-07 -0.000138007 -0.00196535 0.000396917 0.000450126 0.000422447 0.000893213 -0.000151091 -9.25028e-05 -0.000102642 -0.000143461 -0.000252677 -0.00028766 -0.000273091 -6.97577e-07 -2.53667e-05 -0.000368755 -0.000434916 -0.000727213 -0.000915054 -0.00123383 -0.00151618
internal_weight=1.75078e+06 1.389e+06 813108 575888 394946 793138 81346 711792 75095 319851 604732 19970 29199 180942 65178 52147 115764 54625 61139 20622 45027 361779 17000 6096 10904 14904 35937 107060 39158 274824 5672 40674 82480 307538 298151 187169 37710 25559 24539 22367 110982 36717 1020 29656 20186 29358 5518 15967 522252 506927 361988 167807 157806 156648 144939 43640 113008 95875 23741 19466 12927 10095
internal_count=1750775 1388996 813108 575888 394946 793138 81346 711792 75095 319851 604732 19970 29199 180942 65178 52147 115764 54625 61139 20622 45027 361779 17000 6096 10904 14904 35937 107060 39158 274824 5672 40674 82480 307538 298151 187169 37710 25559 24539 22367 110982 36717 1020 29656 20186 29358 5518 15967 522252 506927 361988 167807 157806 156648 144939 43640 113008 95875 23741 19466 12927 10095
is_linear=0
shrinkage=0.05


Tree=65
num_leaves=63
num_cat=0
split_feature=2 3 39 33 39 32 0 39 3 39 38 34 33 37 36 35 36 2 33 39 3 35 7 33 31 31 36 0 32 36 0 39 34 39 0 5 34 31 39 31 32 19 35 3 36 39 36 31 34 0 40 36 34 32 39 0 1 35 30 19 31 31
split_gain=2.77604 3.34941 1.99376 1.61562 1.47159 1.37648 1.46848 1.30959 1.2076 1.18172 1.23457 1.16007 2.02667 2.0009 1.96348 3.18467 2.21147 2.26536 1.81907 2.02517 1.60933 1.47309 1.25645 2.79189 1.47374 1.87874 2.69252 1.36558 2.72283 3.02626 1.55849 2.08348 1.16855 1.12244 2.16712 1.8782 1.81126 1.92383 1.47846 1.38467 1.12053 1.5473 1.08581 1.06812 2.18227 1.36831 1.41076 1.06332 1.23099 1.05571 1.04392 1.27201 1.46236 1.0325 0.985134 0.975 1.26373 1.20976 1.1896 1.07767 0.968649 0.960746
threshold=1.0900000000000003 6674.2500000000009 0.034812904843917504 1.0000000180025095e-35 80.306100981576705 2.5000000000000004 128369.29228227628 0.034812904843917504 13772.600000000002 16.427268310526262 68.627032983435114 1.5000000000000002 1.5000000000000002 1.0000000180025095e-35 1.5000000000000002 1.0000000180025095e-35 3.5000000000000004 -0.039999999999999994 1.0000000180025095e-35 49.668986594923844 11761.400000000003 4.5000000000000009 5.5500000000000007 1.5000000000000002 3.5000000000000004 2.5000000000000004 1.5000000000000002 203784.04554423681 2.5000000000000004 7.5000000000000009 84213.522194719102 77.585088852186132 4.5000000000000009 32.167128224840511 383886.49657520495 171.49700000000004 1.5000000000000002 7.5000000000000009 9.7742184216028196 3.5000000000000004 10.500000000000002 298650.00000000006 1.0000000180025095e-35 10327.150000000001 1.5000000000000002 37.939089223299568 8.5000000000000018 1.5000000000000002 1.0000000180025095e-35 151110.05353186108 52.18920948513891 1.5000000000000002 3.5000000000000004 1.0000000180025095e-35 41.117227938866939 132634.2602009901 7.4400000000000004 1.0000000180025095e-35 0.00077050023914442846 83450.000000000015 4.5000000000000009 4.5000000000000009
decision_type=2 2 2 2 2 2 2 2 2 2 2 2 2 2 2 2 2 2 2 2 2 2 2 2 2 2 2 2 2 2 2 2 2 2 2 2 2 2 2 2 2 2 2 2 2 2 2 2 2 2 2 2 2 2 2 2 2 2 2 2 2 2
left_child=7 2 -2 4 9 -6 -7 -1 11 -4 -11 13 14 22 54 16 17 18 19 -16 32 -17 40 24 25 -24 -27 28 43 30 31 -30 -18 34 36 -36 37 38 -3 -40 41 55 -8 45 -45 46 -26 48 -12 53 51 -38 60 -41 -13 58 -57 -58 59 -9 -53 -25
right_child=1 33 3 -5 5 6 42 8 -10 10 47 12 -14 -15 15 21 20 -19 -20 -21 -22 -23 23 61 27 26 -28 -29 29 -31 -32 -33 -34 -35 35 -37 50 -39 39 49 -42 -43 -44 44 -46 -47 -48 -49 -50 -51 -52 52 -54 -55 -56 56 57 -59 -60 -61 -62 -63
leaf_value=0.00040889795983129986 0.00087933328594625793 -0.0013536878048856745 0.00036408593503393986 -0.0004422020700736655 0.00049651478663446144 0.0025567222039503154 -0.00019999215078741152 0.00093410116274326202 0.00045012224457768445 -0.00012024744456311111 0.0004416974028305389 6.4804872415692854e-05 -0.00040960563640154464 -0.00044709366466846341 0.0019904911097296963 -0.00017235219109643503 -0.00090531735196382971 0.00030325410805152344 -0.0017867220661724498 0.00071132408835385065 0.00032279730949403369 0.00071333312003537229 0.00014071471793154845 0.0014131810958245251 -0.0004767360590899486 0.0009275901084365893 4.1248236396910174e-05 -0.00018021096249317006 0.0042516094851996053 -0.00051075715285423212 0.00094075956551532879 0.00026520480505667985 -4.959396196390862e-05 -0.00011546364101436762 0.00043222193272830718 -0.00030331845707079615 0.00012082054262254234 -0.00011742746074690756 -1.4775839171386719e-05 -0.0014442576166468816 0.00066522321880993279 -0.00045728682609404587 -0.0019557523595016869 -0.00098648299181030847 0.00033267775486885956 1.6519593918154114e-05 -0.0029154531128111659 6.3145704791910874e-05 0.002326642591037399 -0.00046793861977571035 0.00026928603808063092 -0.0013138544398424378 -0.0019067416844259543 0.00012278728232815363 -0.00025102706029924267 3.2175643636264013e-05 0.00021724638932965986 0.00090733664154227169 -0.00014560528474900547 5.4122908975593587e-05 0.00013156602988862224 0.00053906111345767703
leaf_weight=25000 7317 9797 22381 16122 31164 406 4275 4879 17857 113928 9709 34996 33444 17932 4497 80628 6547 51764 563 9919 15515 4985 108188 5014 10943 20700 14620 54361 859 3560 9785 530 10213 342962 15479 19756 6410 12860 6709 7878 6598 16999 1109 3437 35693 35826 627 53680 951 8847 10449 1784 2244 1213 83841 144280 35916 7715 100476 12127 3309 8426
leaf_count=25000 7317 9797 22381 16122 31164 406 4275 4879 17857 113928 9709 34996 33444 17932 4497 80628 6547 51764 563 9919 15515 4985 108188 5014 10943 20700 14620 54361 859 3560 9785 530 10213 342962 15479 19756 6410 12860 6709 7878 6598 16999 1109 3437 35693 35826 627 53680 951 8847 10449 1784 2244 1213 83841 144280 35916 7715 100476 12127 3309 8426
internal_value=-6.83357e-07 -7.68335e-05 6.56301e-05 4.21643e-05 7.50298e-05 0.000364981 -0.000342982 5.13949e-05 4.2583e-05 2.16288e-05 -2.13657e-05 3.52793e-05 -4.02021e-05 7.38403e-05 5.08365e-07 0.000102544 0.000295635 0.000459952 0.00100146 0.00111035 -4.41647e-05 -0.000120781 8.84007e-05 0.000160187 0.000128512 0.000244083 0.000560707 2.19374e-05 0.00013046 0.000758771 0.00116324 0.00273052 -0.000383867 -0.000159531 -0.00030113 1.981e-05 -0.000459289 -0.000639272 -0.000834107 -0.000627578 2.01974e-05 6.99645e-06 -0.000561645 2.34686e-05 0.000216809 -0.000136152 -0.000608895 0.000153726 0.000609857 -0.000856772 -0.000107417 -0.000393746 -0.0008433 -0.00123517 -0.000158019 3.28397e-05 0.00010348 0.000339271 -8.01485e-05 0.000306588 -0.000374743 0.000865165
internal_weight=1.75e+06 710739 261042 253725 237603 36954 5790 1.03926e+06 1.01426e+06 200649 178268 996403 336912 659491 303468 184631 99018 66743 14979 14416 32275 85613 641559 312569 299129 143508 35320 155621 101260 14734 11174 1389 16760 449697 106735 35235 71500 47304 34444 24647 328990 322392 5384 86526 39130 47396 11570 64340 10660 17938 24196 13747 7337 9091 118837 305393 187911 43631 117482 17006 5093 13440
internal_count=1749999 710739 261042 253725 237603 36954 5790 1039260 1014260 200649 178268 996403 336912 659491 303468 184631 99018 66743 14979 14416 32275 85613 641559 312569 299129 143508 35320 155621 101260 14734 11174 1389 16760 449697 106735 35235 71500 47304 34444 24647 328990 322392 5384 86526 39130 47396 11570 64340 10660 17938 24196 13747 7337 9091 118837 305393 187911 43631 117482 17006 5093 13440
is_linear=0
shrinkage=0.05


Tree=66
num_leaves=63
num_cat=0
split_feature=2 3 39 33 39 32 0 28 39 36 39 5 32 0 40 34 32 31 38 31 40 7 0 39 0 34 31 34 33 0 39 3 40 31 0 3 16 34 31 40 39 0 32 0 31 34 0 36 40 31 2 38 27 0 0 40 33 3 36 40 36 34
split_gain=2.50537 3.02284 1.8073 1.47831 1.32498 1.27444 1.26583 1.20491 1.36398 1.66426 1.19707 1.1311 1.07882 2.11322 1.74181 1.89645 1.24871 1.64143 2.03408 1.60565 1.54948 1.01576 1.05202 1.013 1.97677 1.39133 1.54506 1.17211 1.05377 1.20065 1.22737 1.0333 0.970982 1.1255 0.944817 1.6979 1.12393 1.06852 1.00885 1.00654 0.9361 0.93262 0.928488 0.926078 0.92384 0.915702 1.4168 1.17383 0.913718 0.907851 1.07363 1.89069 1.05413 1.16466 0.902445 0.893015 0.90736 0.949167 0.890889 0.889199 1.12759 1.39292
threshold=1.0900000000000003 6674.2500000000009 1.0000000180025095e-35 1.0000000180025095e-35 83.197229607889895 2.5000000000000004 126653.47918450134 55.850000000000001 43.86547967353998 8.5000000000000018 86.719845885814223 135.63150000000002 2.5000000000000004 301049.8328867791 44.026157707514706 6.5000000000000009 1.0000000180025095e-35 1.0000000180025095e-35 46.358585636761923 1.5000000000000002 74.952054691034988 4.2500000000000009 108211.58668890691 32.167128224840511 451602.61470957805 1.5000000000000002 7.5000000000000009 1.0000000180025095e-35 1.0000000180025095e-35 320084.98382940865 9.7742184216028196 7637.0000000000009 57.158853027046099 4.5000000000000009 251694.62742354357 7691.2500000000009 -0.60499999999999965 3.5000000000000004 2.5000000000000004 69.148212003346018 5.1522609290423373 140490.73485909266 5.5000000000000009 37133.872098187014 3.5000000000000004 1.5000000000000002 102824.36253332206 6.5000000000000009 73.451096162149057 4.5000000000000009 -0.039999999999999994 50.271006424337479 36.95000000000001 142184.28379987078 71383.632852942814 29.689690376900739 1.5000000000000002 9144.9500000000025 2.5000000000000004 52.18920948513891 1.5000000000000002 3.5000000000000004
decision_type=2 2 2 2 2 2 2 2 2 2 2 2 2 2 2 2 2 2 2 2 2 2 2 2 2 2 2 2 2 2 2 2 2 2 2 2 2 2 2 2 2 2 2 2 2 2 2 2 2 2 2 2 2 2 2 2 2 2 2 2 2 2
left_child=7 2 -2 4 11 -6 -7 8 9 12 21 41 14 45 15 49 17 18 48 -18 40 22 -10 24 25 26 27 -3 29 30 -29 -26 43 -34 36 -36 38 -38 -25 -39 -20 -4 -40 -19 -32 46 47 -14 -16 50 51 54 -51 55 -1 -54 57 -57 -52 60 -27 -62
right_child=1 23 3 -5 5 6 -8 -9 10 -11 -12 -13 13 -15 16 -17 19 32 20 -21 -22 -23 -24 34 31 59 -28 28 -30 -31 44 -33 33 -35 35 -37 37 39 42 -41 -42 -43 -44 -45 -46 -47 -48 -49 -50 52 58 -53 53 -55 -56 56 -58 -59 -60 -61 61 -63
leaf_value=0.0025860296300827617 0.00090449780806274051 0.00063042887047880963 -3.6002169176450313e-05 -0.00042107806437355588 0.00052456638573273543 0.002630162669598651 -0.00051133755837645667 -0.00020220973072100735 -0.00012197545062752516 -0.00072878931184090117 0.00017817615817699933 -3.5973136760518243e-05 0.0033260096474106386 6.1286006554515878e-05 -0.00037213893555330349 0.0019996286058092012 0.0025864741557025507 0.0017090240031823432 0.0020603711609372874 0.00023566209342123633 0.0018382349068582667 -3.8701798798434355e-05 0.00023952049274822242 -0.00092657208896443312 -0.00017863998383704793 0.00013922750017923499 -0.0001241506790101386 -0.0015836583623418884 0.00019755486530495552 -0.00036175263632646479 -0.00013239617308071405 0.00045819212543972659 -0.00058021574038491584 -0.00010343742284100836 -0.00040935440297663037 -7.9503187505732333e-06 6.9102010296824296e-05 -0.00049315370755234221 -0.00014684328115290837 0.00010303814353991529 6.5964219910560987e-05 0.00041948347426800259 -0.0015168443577921323 -3.7952613796725781e-06 -0.00099001285757629488 0.00024632474106320231 0.00089054207629442751 3.6564325515351352e-05 -0.0031008901030216765 0.00045753232598096669 0.00024358570080481283 -0.00058404237876165182 -0.00071023617335598782 0.00013119188536503019 0.0010365916532587688 -0.0007873202750990606 -0.001326915828095064 0.0006346111905849134 0.00099898120091175698 0.00024578410618814728 -0.00032402773413622529 -0.0017292649043411257
leaf_weight=1291 6219 1553 18391 16156 25707 342 5138 45698 28063 5355 101506 160194 1149 17144 1647 1510 750 807 688 23050 2797 472355 71159 4853 14954 6638 15295 7016 2615 9497 3980 11096 21366 29425 59954 46994 142833 18127 57321 11616 4062 28895 1264 35696 14881 4079 8914 355 377 16744 68496 1489 8485 49975 3454 1572 1032 4631 4139 10601 6134 2475
leaf_count=1291 6219 1553 18391 16156 25707 342 5138 45698 28063 5355 101506 160194 1149 17144 1647 1510 750 807 688 23050 2797 472355 71159 4853 14954 6638 15295 7016 2615 9497 3980 11096 21366 29425 59954 46994 142833 18127 57321 11616 4062 28895 1264 35696 14881 4079 8914 355 377 16744 68496 1489 8485 49975 3454 1572 1032 4631 4139 10601 6134 2475
internal_value=-6.49189e-07 -7.29919e-05 6.23486e-05 4.17958e-05 7.3129e-05 0.000376993 -0.00031528 4.88252e-05 6.03713e-05 0.000145272 1.9947e-05 2.74541e-05 0.000160125 0.000437037 0.000129218 0.000235913 -1.47506e-05 -9.44795e-05 0.000527121 0.000309742 0.000904601 -8.15279e-06 0.000137278 -0.000151555 -0.000286074 -0.000408339 -0.000550888 -0.000715952 -0.000770992 -0.000842591 -0.00101906 9.26187e-05 -0.000162632 -0.000304001 -0.00010969 -0.000232974 -5.38257e-05 1.23281e-05 -0.00023379 -0.000260314 0.000354838 0.000242331 -0.000176402 3.40714e-05 -0.000809041 0.000881397 0.00113005 0.00254958 -0.000880409 0.000219403 0.000340676 0.000970374 0.000103382 1.31182e-05 0.00145816 -0.000362246 4.58659e-05 0.000274257 0.000286631 -0.000105918 -0.000350451 -0.000728019
internal_weight=1.75e+06 710739 261042 254823 238667 31187 5480 1.03926e+06 993562 320479 673083 207480 315124 31641 283483 162818 120665 96865 9571 23800 7547 571577 99222 449697 106735 80685 54837 39542 37989 35374 25877 26050 87294 50791 342962 106948 236014 172576 63438 29743 4750 47286 58585 36503 18861 14497 10418 1504 2024 161308 78869 6234 82439 65695 4745 15720 7235 6203 72635 25848 15247 8609
internal_count=1749999 710739 261042 254823 238667 31187 5480 1039260 993562 320479 673083 207480 315124 31641 283483 162818 120665 96865 9571 23800 7547 571577 99222 449697 106735 80685 54837 39542 37989 35374 25877 26050 87294 50791 342962 106948 236014 172576 63438 29743 4750 47286 58585 36503 18861 14497 10418 1504 2024 161308 78869 6234 82439 65695 4745 15720 7235 6203 72635 25848 15247 8609
is_linear=0
shrinkage=0.05


Tree=67
num_leaves=63
num_cat=0
split_feature=6 7 36 39 28 20 7 35 36 6 39 31 2 36 31 19 4 30 37 39 7 20 28 39 40 35 31 31 35 39 6 38 40 31 31 39 35 6 29 37 31 31 31 31 36 39 35 35 39 36 31 39 39 31 39 40 31 39 29 36 31 35
split_gain=2.34139 1.89979 1.97409 2.38418 1.93947 1.40516 1.33729 1.21849 1.15437 1.08671 1.0854 1.08537 1.12108 1.21713 1.13158 0.985262 0.964896 0.945538 0.929192 0.911148 0.885634 0.850156 0.829923 0.829247 0.799211 0.785779 0.780597 0.777868 1.18743 1.65108 0.874197 0.797157 0.768148 0.699999 0.683188 0.681957 0.670159 0.677994 0.669679 0.662523 0.655201 0.645509 0.63827 0.637108 0.642628 0.772014 1.32753 1.04961 1.12958 0.880722 0.949761 0.865234 0.767019 0.69299 1.43174 0.685897 0.641973 0.629707 0.623033 0.621239 0.650548 0.743739
threshold=167.35000000000005 5.6500000000000012 2.5000000000000004 29.447328968923468 18.550000000000004 757.50000000000011 4.2500000000000009 1.0000000180025095e-35 3.5000000000000004 209.80000000000004 85.910627317651247 8.5000000000000018 2.1500000000000008 2.5000000000000004 18.500000000000004 94650.000000000015 2.7400000000000007 0.0016637719283388696 1.0000000180025095e-35 0.23865049102025415 5.2500000000000009 710.50000000000011 66.450000000000017 48.385803990865476 58.302471561801617 1.0000000180025095e-35 5.5000000000000009 3.5000000000000004 1.0000000180025095e-35 97.987117009455048 183.50000000000003 83.196906426921302 44.298168838436112 13.500000000000002 7.5000000000000009 93.326429990140284 3.5000000000000004 180.10000000000002 57.010663025575582 1.0000000180025095e-35 1.5000000000000002 1.5000000000000002 1.0000000180025095e-35 22.500000000000004 1.5000000000000002 52.686165228046093 3.5000000000000004 1.0000000180025095e-35 87.180461556766119 8.5000000000000018 18.500000000000004 11.032734872103637 1.0000000180025095e-35 6.5000000000000009 17.120543054756244 85.535765705991238 17.500000000000004 66.012222702640145 59.515764584228755 2.5000000000000004 10.500000000000002 1.0000000180025095e-35
decision_type=2 2 2 2 2 2 2 2 2 2 2 2 2 2 2 2 2 2 2 2 2 2 2 2 2 2 2 2 2 2 2 2 2 2 2 2 2 2 2 2 2 2 2 2 2 2 2 2 2 2 2 2 2 2 2 2 2 2 2 2 2 2
left_child=20 4 3 7 5 9 25 19 11 38 21 22 14 18 -13 17 26 34 -14 -3 -1 -5 35 -23 36 39 58 28 31 30 41 -12 -10 -28 -7 -8 37 -9 -2 -6 -27 -30 -21 44 52 46 49 -47 -49 50 53 -48 -22 54 -46 -51 -54 -25 -4 60 61 -55
right_child=1 2 16 10 6 15 8 24 32 -11 27 12 13 -15 -16 -17 -18 -19 -20 42 43 23 -24 57 -26 40 33 -29 29 -31 -32 -33 -34 -35 -36 -37 -38 -39 -40 -41 -42 -43 -44 -45 45 47 51 48 -50 55 -52 -53 56 59 -56 -57 -58 -59 -60 -61 -62 -63
leaf_value=-0.00030043577751641089 0.00028967271909599595 0.0013406167990993314 0.0013183171865806004 -0.00035973371660190102 6.409011874400419e-05 0.0014094375200788935 -8.4101779806532715e-05 0.00054333559969143587 0.00025650310586436582 0.00035510436508660544 1.8218264913962556e-05 -0.00027790818890163088 -0.00088846637062294008 0.00025307182062063791 0.00047292200429172623 0.00025764412672083902 -0.00021233292471888518 9.9178239866006728e-05 0.0014229858595350769 -0.00019551531070062007 0.0010959737609669284 0.00020591582610827823 -0.00055769589200686961 -6.5013322827220274e-05 -0.00017633462323500871 0.00067428690588888513 -7.2908378501065994e-05 0.00013323703619101654 0.0031029721049736208 -0.0010744509137683405 -0.00030663007543122454 0.00079844119451365117 -5.4044199693562114e-05 0.00023523256823484301 0.00032445769623772448 0.00021490610762254386 -0.0020379217178620799 3.1792089222492238e-05 -0.0002546185066158167 -0.0012122549426603338 0.00010032449340705111 0.0013932208548915743 0.00060371642343129666 0.00032453023639649549 -0.0011104157376722057 0.00012344750371053642 0.0019449953074106427 -0.00011287191588975278 -0.00080686978335020414 -0.00089913009986251056 0.0010426222430185304 0.00022507645398795657 -7.8136481569073889e-06 0.00092582206916967636 -0.00031239744896178936 -0.0032922247441256186 -0.0022754834402135362 0.00012661400084868421 0.00026661962625931703 -0.0002941812595989874 0.00053183041911007299 -0.00033524241242995951
leaf_weight=54174 7017 3949 1574 11335 85249 5363 441980 19505 39317 15225 9294 30770 14741 3197 5996 39116 55394 3319 448 2730 1578 89791 8936 97948 9563 10304 87034 23749 626 775 682 5054 40347 23382 1989 19929 291 9698 29035 1029 9609 4673 29400 9382 6830 45414 856 40954 6843 1626 1343 5017 108811 1367 31740 367 313 76241 13370 30845 5485 8080
leaf_count=54174 7017 3949 1574 11335 85249 5363 441980 19505 39317 15225 9294 30770 14741 3197 5996 39116 55394 3319 448 2730 1578 89791 8936 97948 9563 10304 87034 23749 626 775 682 5054 40347 23382 1989 19929 291 9698 29035 1029 9609 4673 29400 9382 6830 45414 856 40954 6843 1626 1343 5017 108811 1367 31740 367 313 76241 13370 30845 5485 8080
internal_value=-6.1673e-07 2.88689e-05 9.83337e-05 0.000160923 -2.03562e-05 0.000184612 -4.94561e-05 0.0004144 -7.81518e-05 9.01946e-07 0.000101438 -0.000105016 -0.000314874 -0.000633651 -0.000155459 0.000373819 -3.85471e-05 0.000799675 -0.00082029 0.000623898 -0.000114057 6.42793e-05 -8.04341e-05 8.24859e-05 0.000220876 0.00011421 3.82453e-05 0.000329522 0.000550408 0.00109697 0.00137834 0.000293047 9.92219e-05 -7.65559e-06 0.00111591 -7.12011e-05 0.000349666 0.000373458 -0.00014868 4.88677e-05 0.000397322 0.0015952 0.000535808 -8.1152e-05 -9.39469e-05 -0.000150526 -0.000251994 -4.86823e-05 -0.00021223 -0.000300739 -0.000276572 0.000475758 1.50864e-06 -0.000297577 -0.000453711 -0.00133981 -1.4318e-05 1.88603e-05 0.000377391 -0.000166024 9.87095e-05 -0.000152764
internal_weight=1.75e+06 1.38897e+06 576058 395304 812916 101064 711852 75136 605661 51277 320168 525997 55152 18386 36766 49787 180754 10671 15189 36079 361025 275315 470845 263980 39057 106191 125360 44853 21104 6756 5981 14348 79664 110416 7352 461909 29494 29203 36052 86278 19913 5299 32130 306851 297469 186767 93556 93211 47797 87683 85690 5873 110702 84347 38570 1993 109124 174189 14944 45777 14932 9447
internal_count=1749999 1388974 576058 395304 812916 101064 711852 75136 605661 51277 320168 525997 55152 18386 36766 49787 180754 10671 15189 36079 361025 275315 470845 263980 39057 106191 125360 44853 21104 6756 5981 14348 79664 110416 7352 461909 29494 29203 36052 86278 19913 5299 32130 306851 297469 186767 93556 93211 47797 87683 85690 5873 110702 84347 38570 1993 109124 174189 14944 45777 14932 9447
is_linear=0
shrinkage=0.05


Tree=68
num_leaves=63
num_cat=0
split_feature=6 0 5 0 32 7 0 36 35 31 32 3 35 36 36 4 32 5 3 31 7 35 35 2 38 36 31 0 20 18 21 19 20 38 31 33 31 0 3 31 5 20 3 31 35 32 33 31 36 0 0 3 33 3 38 31 38 0 5 35 36 35
split_gain=2.11311 2.43859 2.30625 2.001 1.65661 2.98543 2.15616 1.89517 1.87186 1.63112 1.50685 1.44466 1.31816 1.26423 1.17443 1.12259 1.30992 1.09691 1.0942 1.05784 2.89916 1.18523 1.0905 2.14796 1.05754 1.02171 1.01819 1.00556 1.02529 1.65639 1.58104 1.14597 1.2353 0.981072 2.12743 1.75264 1.33746 0.99667 1.16716 0.934869 0.919063 0.876748 0.861529 0.898397 0.79511 0.894513 0.761996 1.45425 1.033 1.04482 0.760344 1.36438 1.49533 1.09643 1.55215 0.84292 0.806247 0.759557 0.750146 0.739128 0.721429 0.816767
threshold=167.35000000000005 363782.43444632518 149.25500000000002 423306.83129810268 1.0000000180025095e-35 5.0500000000000007 183457.85846582896 5.5000000000000009 1.5000000000000002 6.5000000000000009 7.5000000000000009 10185.850000000002 1.0000000180025095e-35 5.5000000000000009 1.0000000180025095e-35 4.0150000000000006 3.5000000000000004 158.27000000000001 13721.400000000003 5.5000000000000009 5.4500000000000011 2.5000000000000004 2.5000000000000004 1.6050000000000002 19.289937145259795 1.0000000180025095e-35 1.0000000180025095e-35 29518.654949670719 757.50000000000011 49519.500000000007 1786.5000000000002 140050.00000000003 862.50000000000011 42.18487488563369 3.5000000000000004 1.0000000180025095e-35 2.5000000000000004 148397.90344945819 6427.6500000000005 7.5000000000000009 137.33500000000001 622.50000000000011 6114.4500000000016 1.5000000000000002 2.5000000000000004 22.500000000000004 1.5000000000000002 4.5000000000000009 1.5000000000000002 105539.9605940687 154567.52758480312 7126.3000000000011 1.0000000180025095e-35 10048.050000000001 58.055018653987837 8.5000000000000018 91.385270502070071 207932.12298341768 179.54300000000003 1.0000000180025095e-35 1.5000000000000002 1.0000000180025095e-35
decision_type=2 2 2 2 2 2 2 2 2 2 2 2 2 2 2 2 2 2 2 2 2 2 2 2 2 2 2 2 2 2 2 2 2 2 2 2 2 2 2 2 2 2 2 2 2 2 2 2 2 2 2 2 2 2 2 2 2 2 2 2 2 2
left_child=3 4 59 17 8 6 25 10 18 12 33 14 15 44 39 -8 -17 60 24 20 21 -16 23 -21 26 -6 40 -26 -29 30 -30 32 -32 36 35 42 37 -7 -39 -10 -2 -38 43 -35 45 58 48 -48 49 -13 53 52 55 54 -31 56 -52 -12 -4 -3 -1 -62
right_child=1 2 13 -5 5 7 9 -9 11 -11 57 46 -14 -15 19 16 -18 -19 -20 22 -22 -23 -24 -25 27 -27 -28 28 29 50 31 -33 -34 34 -36 -37 41 38 -40 -41 -42 -43 -44 -45 -46 -47 47 -49 -50 -51 51 -53 -54 -55 -56 -57 -58 -59 -60 -61 61 -63
leaf_value=1.6530631409545284e-06 -0.0011440840125363921 0.00040051710273689823 -0.00022195472623661664 0.00023954360452465727 -0.00013109826887825222 0.0005867457648811241 2.0806395983673952e-05 -0.00039232411684327404 -0.0001139297825672975 -0.00057248558353400494 0.0012339957310435678 -0.0015068604441579028 0.00034219046445848651 0.00045724585726465889 -0.0017529079572471591 -0.0010357371911941344 0.0030836951900273563 -0.00032708738847954535 0.0004541611013858714 -0.00027986803366911417 -9.794013607059075e-05 7.8932169006418245e-05 -0.00060250447224402515 0.0013925393663450449 0.00079220172142682233 0.0003257235536366009 0.00047324496553558892 -0.00013855025603214195 -0.0001761944699382982 -0.00023507128645301064 0.00042918175654420727 0.00016969092662537437 0.0012787061015158694 0.0019952825708300305 0.00022398190191765742 -0.0011523140972445106 -0.0016058887197191987 -0.0012249962516362328 0.00079974737978597509 0.0011121839675460002 0.00096295367914416789 0.00024366516061342204 0.00017736692533446946 0.00083592038066024441 -1.9011134402950901e-05 0.00062493886145732964 0.0024156255115836745 0.00021685508511275279 0.00014352992961344516 -0.0002267656610047839 0.00020856343149043522 -1.7940228937824618e-05 -0.00039065911040664814 0.00015327958090449257 2.6560104843732525e-05 -0.0014581279038595439 0.00076169574495502492 0.00051883237121578684 -0.00047353780168554271 1.843015955235317e-05 -3.7746226900633604e-05 -0.00027052881126382009
leaf_weight=102767 1902 19199 71115 37086 18334 1441 8279 9504 10084 24417 6157 1826 13472 6548 6575 5497 200 67757 16256 9897 7031 1020 13862 2382 4294 36822 21986 85123 10200 97003 9640 11938 7695 1810 78133 1195 655 4403 849 1838 711 29428 4607 21755 29558 2520 899 4599 24753 12548 138886 175524 10528 62732 136400 739 6916 9352 50791 37146 66558 86857
leaf_count=102767 1902 19199 71115 37086 18334 1441 8279 9504 10084 24417 6157 1826 13472 6548 6575 5497 200 67757 16256 9897 7031 1020 13862 2382 4294 36822 21986 85123 10200 97003 9640 11938 7695 1810 78133 1195 655 4403 849 1838 711 29428 4607 21755 29558 2520 899 4599 24753 12548 138886 175524 10528 62732 136400 739 6916 9352 50791 37146 66558 86857
internal_value=-5.85893e-07 2.74254e-05 -0.000126591 -0.000108354 5.59236e-05 0.000162953 -4.37541e-05 0.000293629 2.29098e-05 -0.000275192 0.000334429 -0.000184127 -1.0728e-05 -0.000223188 -0.000361421 -0.00035092 -0.00089112 -0.000148183 4.81425e-05 -0.000489077 -0.000829583 -0.00150689 -0.000298563 4.45618e-05 3.97046e-05 0.000173875 0.000362347 2.92288e-05 2.48798e-05 4.56993e-05 0.00035988 0.000546672 0.000806285 0.000284087 0.000360348 0.000723159 6.11689e-05 -0.000578092 -0.000897691 7.50987e-05 -0.000570757 0.000203395 0.000802713 0.00092497 -0.000252123 -0.000307499 2.52051e-05 0.000576385 -5.22449e-05 -0.000389382 2.59743e-05 7.78581e-05 0.000184912 -3.22971e-05 -8.21747e-05 0.000226263 0.000234801 0.000802749 -0.000326774 0.000148622 -0.000100865 -0.000169538
internal_weight=1.75e+06 1.38897e+06 216877 361025 1.1721e+06 276310 107021 169289 895787 51865 159785 97314 27448 160532 52689 13976 5697 323939 798473 40767 14626 7595 26141 12279 782217 55156 24599 757618 753324 668201 39473 29273 17335 144276 107500 29367 36776 6693 5252 11922 2613 30083 28172 23565 153984 124426 44625 5498 39127 14374 628728 332593 157069 296135 233403 146541 145802 15509 121906 56345 256182 153415
internal_count=1749999 1388974 216877 361025 1172097 276310 107021 169289 895787 51865 159785 97314 27448 160532 52689 13976 5697 323939 798473 40767 14626 7595 26141 12279 782217 55156 24599 757618 753324 668201 39473 29273 17335 144276 107500 29367 36776 6693 5252 11922 2613 30083 28172 23565 153984 124426 44625 5498 39127 14374 628728 332593 157069 296135 233403 146541 145802 15509 121906 56345 256182 153415
is_linear=0
shrinkage=0.05


Tree=69
num_leaves=63
num_cat=0
split_feature=2 5 39 31 3 39 28 20 17 20 19 0 39 28 7 35 39 0 5 36 0 32 40 35 3 40 32 31 31 21 18 31 32 39 32 3 0 31 39 36 39 35 39 38 40 35 36 31 36 40 7 3 31 31 38 33 38 39 3 36 39 7
split_gain=1.89684 2.35612 1.09288 1.06812 1.0221 1.29537 0.998827 1.22242 1.27237 1.06341 1.65323 0.978216 1.02362 0.949564 0.979598 0.940042 0.955737 1.90651 1.46329 1.05489 1.5242 1.36949 1.33288 1.29237 0.973245 1.42311 0.923395 1.19856 0.922405 0.778452 1.00209 0.771182 1.33084 0.973078 0.838889 0.780803 0.758789 0.771512 0.758409 0.754985 1.28746 0.743193 0.730218 0.738122 0.89919 0.964979 0.727678 0.723423 0.700707 0.700537 0.686945 0.684432 0.940185 0.687701 0.66705 0.766198 0.658371 0.656407 0.643803 0.639212 0.976482 1.24397
threshold=1.0900000000000003 135.63150000000002 0.034812904843917504 1.0000000180025095e-35 6674.2500000000009 1.0000000180025095e-35 15.050000000000002 725.50000000000011 16478.500000000004 789.50000000000011 108250.00000000001 383886.49657520495 83.197229607889895 64.750000000000014 9.4500000000000011 5.5000000000000009 32.167128224840511 383886.49657520495 169.91300000000004 1.5000000000000002 163046.92518399318 1.0000000180025095e-35 32.230039040818276 1.0000000180025095e-35 7468.7500000000009 29.983041132389676 2.5000000000000004 7.5000000000000009 7.5000000000000009 1500.5000000000002 28531.000000000004 8.5000000000000018 1.5000000000000002 3.3083412633346394 1.0000000180025095e-35 7500.7000000000007 135289.36271652547 4.5000000000000009 15.131980675403105 3.5000000000000004 87.180461556766119 4.5000000000000009 16.427268310526262 75.336128502030206 42.882672452388988 1.0000000180025095e-35 2.5000000000000004 1.0000000180025095e-35 4.5000000000000009 86.539405846859623 4.9500000000000011 7839.1000000000013 8.5000000000000018 11.500000000000002 49.066274464961069 1.0000000180025095e-35 53.523997500622976 84.132139650242536 13429.200000000003 2.5000000000000004 40.468411694024446 4.9500000000000011
decision_type=2 2 2 2 2 2 2 2 2 2 2 2 2 2 2 2 2 2 2 2 2 2 2 2 2 2 2 2 2 2 2 2 2 2 2 2 2 2 2 2 2 2 2 2 2 2 2 2 2 2 2 2 2 2 2 2 2 2 2 2 2 2
left_child=2 3 47 -2 5 -3 7 58 57 -8 29 12 42 14 59 16 17 19 -19 23 21 24 -23 36 25 -21 31 -28 -10 -11 -31 32 34 -33 -25 -35 -6 -38 -27 40 -18 46 -7 -44 45 -45 54 -1 51 -26 -49 53 -53 -22 -5 -56 -36 -9 -4 60 61 -12
right_child=1 4 6 41 15 11 9 8 28 10 13 -13 -14 -15 -16 -17 39 18 -20 20 48 22 -24 26 49 38 27 -29 -30 30 -32 33 -34 35 56 -37 37 -39 -40 -41 -42 -43 43 44 -46 -47 -48 50 -50 -51 -52 52 -54 -55 55 -57 -58 -59 -60 -61 -62 -63
leaf_value=0.0016826348737736291 -0.00058350659383438414 0.00081210617861690495 -8.6376806339479468e-05 0.0001011638412849481 0.00090655068445459695 0.00033454893972994831 -0.0001565567135562246 2.8808927659439282e-05 0.0009654839028018482 -0.00020742096994162673 -5.0071302440282598e-05 -0.00028240590350123244 0.00034111181204570255 -0.00029118876763993144 -0.00027142043407021616 0.00067373341441588207 -9.1879200167905586e-05 0.00040898521708044043 -0.00024386355148790914 -0.0016160874776538177 -0.00055010253282290614 0.0013598223812215935 -0.00058325277493165046 -0.00063033996436473146 -0.0013056250010533032 0.0010487242763003487 -0.0028849867042587251 -0.00014110087096593451 0.00025857265442947615 0.004267887076701957 0.00088427819914512558 0.0027734191515014278 -0.001979563966811483 -0.0011796552079614186 0.00079880006309480554 0.00064947905417379838 -0.00041981040589101422 0.0012379456256350529 -0.00048449761941136602 4.9558956346993366e-05 -0.00040581668583334111 -0.0019087954272774398 -0.000117917739517174 0.0017298836523313853 5.1764583775781602e-05 0.00020750145385297443 -0.00047251533019316709 -0.00015398063713042089 0.00036969684615822685 -0.0036059685295951661 0.00046694771196590962 -0.0004966119424152024 0.00048901513852800307 -0.0018476037238152627 0.00053652169467484053 -0.00058360029085092265 -0.00033869871751333148 0.00054965432712358127 0.0004324093587305885 -2.3735114324396984e-05 3.7084632638308357e-05 0.00028112738349116005
leaf_weight=1006 3672 4823 37302 17100 3566 13250 79303 23677 11346 1672 39241 29586 22767 22649 24942 3585 233237 14798 20437 2068 7893 1122 4136 7463 10260 1211 817 776 7778 227 6072 385 1289 841 2423 1905 3421 883 2415 68855 37975 379 103040 1769 25255 2529 2795 5910 3476 342 18084 6363 3904 1173 32475 1602 2678 8125 7122 227517 415122 102165
leaf_count=1006 3672 4823 37302 17100 3566 13250 79303 23677 11346 1672 39241 29586 22767 22649 24942 3585 233237 14798 20437 2068 7893 1122 4136 7463 10260 1211 817 776 7778 227 6072 385 1289 841 2423 1905 3421 883 2415 68855 37975 379 103040 1769 25255 2529 2795 5910 3476 342 18084 6363 3904 1173 32475 1602 2678 8125 7122 227517 415122 102165
internal_value=-5.56599e-07 -6.35033e-05 4.2492e-05 0.000241831 -9.06459e-05 2.47464e-06 3.44421e-05 0.000188476 0.000355685 1.84589e-05 3.49896e-05 -1.72273e-05 2.93036e-05 2.81206e-05 3.70603e-05 -0.000132686 -0.000139166 -0.000270222 3.032e-05 -0.000419771 -0.000568777 -0.000870265 -0.000168622 -0.000169824 -0.00109665 -0.000569393 -0.00039732 -0.00154835 0.000677973 0.000751642 0.00100621 -0.00028936 -0.000449536 0.000419334 -0.000292564 8.92817e-05 0.000367178 -7.97085e-05 2.7563e-05 -9.82987e-05 -0.000135837 0.000297592 -1.93717e-05 -5.47389e-05 0.000165542 0.000834094 0.000313085 0.00036908 -0.000283877 -0.00137983 0.000314006 -0.000401388 -0.00012183 -0.000717979 0.00035599 0.000483863 0.000201619 0.000161878 -3.20566e-06 4.68736e-05 7.57395e-05 0.000189218
internal_weight=1.75e+06 710739 1.03926e+06 58023 652716 203019 1.01426e+06 95350 50926 918910 839607 198196 168610 831636 808987 449697 446112 106045 35235 70810 44363 21554 5258 26447 16296 5694 18577 1593 19124 7971 6299 16984 13853 3131 12564 2746 7870 4304 3626 340067 271212 54351 145843 132593 29553 4298 53972 25000 22809 10602 23994 19333 10267 9066 51177 34077 5101 31802 44424 784045 556528 141406
internal_count=1749999 710739 1039260 58023 652716 203019 1014260 95350 50926 918910 839607 198196 168610 831636 808987 449697 446112 106045 35235 70810 44363 21554 5258 26447 16296 5694 18577 1593 19124 7971 6299 16984 13853 3131 12564 2746 7870 4304 3626 340067 271212 54351 145843 132593 29553 4298 53972 25000 22809 10602 23994 19333 10267 9066 51177 34077 5101 31802 44424 784045 556528 141406
is_linear=0
shrinkage=0.05


Tree=70
num_leaves=63
num_cat=0
split_feature=2 5 39 31 3 25 18 36 20 39 36 20 39 35 3 39 39 32 35 39 0 3 37 0 40 18 36 39 5 31 35 40 36 33 38 5 39 3 20 0 36 38 38 0 32 0 32 35 40 35 0 33 38 40 0 24 2 0 0 3 5 38
split_gain=1.81153 2.08712 1.05595 1.02118 0.947793 1.04138 1.42287 1.33786 1.2535 1.15686 0.957106 1.14934 0.912062 0.962233 0.902992 1.16178 0.983498 0.870616 0.853536 0.851154 2.03043 1.32818 1.00172 0.83009 0.821061 0.735178 0.731353 0.78537 0.691425 1.25177 1.16194 1.14774 0.853321 0.680485 0.680331 0.737481 0.662 0.661534 0.659241 0.657612 0.655487 0.648263 0.631459 0.621552 0.617453 0.616528 0.611279 1.02742 0.658487 0.962724 0.604044 0.601782 0.60174 0.675157 0.5811 0.627748 0.573913 0.859431 0.84569 2.04618 1.17553 1.67382
threshold=1.0900000000000003 135.63150000000002 0.034812904843917504 1.0000000180025095e-35 13772.600000000002 5.7500000000000009 37224.500000000007 1.5000000000000002 622.50000000000011 90.870902560488418 3.5000000000000004 920.50000000000011 82.007122211040326 4.5000000000000009 6674.2500000000009 5.1522609290423373 78.896654776330465 4.5000000000000009 5.5000000000000009 22.765566358351226 284871.09759726474 7767.5500000000002 1.0000000180025095e-35 128369.29228227628 49.845063248297357 26358.500000000004 9.5000000000000018 86.719845885814223 180.15950000000001 8.5000000000000018 1.0000000180025095e-35 20.440667153087134 2.5000000000000004 1.0000000180025095e-35 30.654993678775359 155.94500000000002 35.048385254189832 12632.85 745.50000000000011 95333.484160635562 1.0000000180025095e-35 78.353285270120324 92.141395603122433 79054.593383028507 1.0000000180025095e-35 518151.41390140104 1.5000000000000002 1.5000000000000002 49.845063248297357 1.0000000180025095e-35 723461.4281415299 1.0000000180025095e-35 49.565679748100315 62.233485426311439 122451.89343413214 7.0500000000000007 -0.37999999999999995 107350.76582284849 94323.376781230458 9071.4500000000025 139.22350000000003 47.625202594018496
decision_type=2 2 2 2 2 2 2 2 2 2 2 2 2 2 2 2 2 2 2 2 2 2 2 2 2 2 2 2 2 2 2 2 2 2 2 2 2 2 2 2 2 2 2 2 2 2 2 2 2 2 2 2 2 2 2 2 2 2 2 2 2 2
left_child=2 3 37 -2 5 7 8 9 -7 -4 56 12 13 44 15 33 52 42 19 20 22 50 28 -19 -24 54 27 34 29 30 -16 -32 -30 41 35 -21 45 -1 -27 -29 -33 -3 -18 -14 -12 -5 47 48 -31 -50 -22 -23 53 -17 55 -10 57 -8 59 -58 61 -60
right_child=1 14 4 36 -6 6 10 -9 25 -11 11 -13 43 -15 18 16 17 23 -20 26 21 51 24 -25 -26 38 -28 39 32 46 31 40 -34 -35 -36 -37 -38 -39 -40 -41 -42 -43 -44 -45 -46 -47 -48 -49 49 -51 -52 -53 -54 -55 -56 -57 58 -59 60 -61 -62 -63
leaf_value=0.00048883888920237776 -0.00057871620570304114 0.00081549832919757285 -0.00030221272259753649 0.0006504748768660553 0.00039446963545228361 -0.00030523587237300494 0.00052938909252097212 4.2182456516979462e-05 0.00091719962487731357 0.00035872726261984285 -0.00019212802381706113 0.00027193087817802263 0.0010247512344239373 0.00048684776385036479 -0.00036811544095595943 -0.00024233581042085699 0.00023345770239805881 0.0022943113933706657 0.00064464071577177338 1.9185449179567641e-06 -0.00040331691640751213 0.00024306394016927627 -0.0025060685060621277 -0.00075726544954707981 0.00039366898486296355 0.00011773305236085596 0.00053460046335858987 0.00049423096577985639 -0.00046807028216657896 -0.0023445421841327961 4.3500191113374692e-05 -0.0003604255306874838 0.00059847103939899161 -0.001152251508710681 -5.7191691746798855e-05 -0.00044108889098974527 0.00017093195730208565 -0.0001591598162815558 0.0007176543146569373 -0.00035567171338162624 -0.0017127532820286368 -5.374366834778661e-05 0.0010122318447630307 8.8121256496880097e-05 -0.00070217388995794225 -0.00051847825469562576 0.00042058231646639244 0.00028671476093701883 -0.0021722633309970616 0.0005121564090428927 0.00030288429987489657 0.0015052272768626236 -5.2011707194904537e-06 0.00060246062752279477 -0.00012032327194137727 0.0024846585472416897 -0.00027464900187539092 0.00010838931013631846 -9.2366821489205873e-05 0.00028400455929804681 -7.59973913907811e-07 0.00022336826646144389
leaf_weight=20227 3686 7924 69473 14241 17961 4987 15378 93856 1471 7318 94776 20324 1977 4995 5453 56176 26122 240 3563 14942 18157 13574 1122 3119 312 8198 4446 2408 6422 860 1365 1036 2649 598 289112 25303 38736 4891 10374 41518 6634 2941 2891 17020 6330 1225 2914 2069 564 819 3634 1015 100438 2469 607 1129 54048 57260 54208 23525 263794 186028
leaf_count=20227 3686 7924 69473 14241 17961 4987 15378 93856 1471 7318 94776 20324 1977 4995 5453 56176 26122 240 3563 14942 18157 13574 1122 3119 312 8198 4446 2408 6422 860 1365 1036 2649 598 289112 25303 38736 4891 10374 41518 6634 2941 2891 17020 6330 1225 2914 2069 564 819 3634 1015 100438 2469 607 1129 54048 57260 54208 23525 263794 186028
internal_value=3.69413e-07 -6.11588e-05 4.24092e-05 0.000226581 3.44843e-05 2.79997e-05 5.12194e-05 -8.44514e-05 0.00040982 -0.000239227 3.92165e-05 -7.68082e-05 -0.000133466 -0.000190593 -8.66743e-05 8.87028e-07 -2.83874e-05 0.00022283 -0.000126168 -0.000132321 -0.000294345 -3.83504e-05 -0.0005834 -0.000539231 -0.00187516 0.000573556 -0.000102896 -0.000110489 -0.000523228 -0.000676383 -0.000944489 -0.00129236 -0.000156609 0.000489828 -8.40031e-05 -0.000276611 0.000281346 0.00036266 0.000452839 -0.00030908 -0.00153009 0.000580207 0.000311059 0.000185595 -0.000224061 0.000557887 -0.000138834 -0.000516882 -0.00125814 -0.000582574 -0.000285546 0.000330876 -7.9508e-05 -0.000206769 0.00127264 0.00159784 6.50059e-05 0.000197518 4.84561e-05 -0.00010523 7.21093e-05 0.000152124
internal_weight=1.75085e+06 710697 1.04016e+06 57888 1.01504e+06 997076 826429 170647 26766 76791 799663 145422 125098 106101 652809 202918 191455 32372 449891 446328 68599 36380 32219 3359 1434 21779 377729 373283 30785 21714 14488 9035 9071 11463 329357 40245 54202 25118 18572 43926 7670 10865 29013 18997 101106 15466 7226 4312 2243 1383 21791 14589 159083 58645 3207 2600 654241 72638 581603 77573 504030 240236
internal_count=1750852 710697 1040155 57888 1015037 997076 826429 170647 26766 76791 799663 145422 125098 106101 652809 202918 191455 32372 449891 446328 68599 36380 32219 3359 1434 21779 377729 373283 30785 21714 14488 9035 9071 11463 329357 40245 54202 25118 18572 43926 7670 10865 29013 18997 101106 15466 7226 4312 2243 1383 21791 14589 159083 58645 3207 2600 654241 72638 581603 77573 504030 240236
is_linear=0
shrinkage=0.05


Tree=71
num_leaves=63
num_cat=0
split_feature=6 7 34 32 32 5 28 34 33 39 33 34 32 34 40 10 40 40 38 39 30 6 28 32 5 31 6 38 34 31 27 34 20 19 34 31 40 33 34 19 39 31 31 40 38 2 34 38 39 32 39 31 31 34 39 31 38 39 31 31 32 31
split_gain=1.63904 1.44183 2.70627 1.93012 1.85646 1.79948 1.56374 1.32159 2.48714 1.86162 1.30932 1.28224 1.24993 1.62113 1.03892 1.01957 1.08435 1.01606 1.46367 1.16322 0.93857 0.937712 0.881375 0.852217 0.820252 0.979016 0.814547 0.775671 0.899493 0.775582 0.805067 0.758097 0.74929 0.921807 0.721835 0.719287 1.37734 1.15269 1.07822 0.786432 0.714065 0.69897 0.68278 1.32744 0.961591 0.849119 1.42398 0.984355 0.819622 0.672666 0.662113 1.29604 0.644833 0.641694 0.639972 0.62888 0.978723 0.915537 0.628734 0.623507 1.6886 0.900317
threshold=167.35000000000005 5.6500000000000012 5.5000000000000009 1.0000000180025095e-35 1.0000000180025095e-35 169.56450000000004 18.550000000000004 1.5000000000000002 1.5000000000000002 0.23865049102025415 1.5000000000000002 3.5000000000000004 2.5000000000000004 1.0000000180025095e-35 61.57892187570328 -0.68999999999999984 49.567287307673801 22.213808008532215 76.208227781064394 82.392801911227437 0.00082049658041717546 209.80000000000004 55.850000000000001 6.5000000000000009 142.39600000000004 2.5000000000000004 171.35000000000005 57.577786240640485 1.5000000000000002 11.500000000000002 38.550000000000004 1.0000000180025095e-35 719.50000000000011 92950.000000000015 1.0000000180025095e-35 6.5000000000000009 28.55233481138924 1.0000000180025095e-35 4.5000000000000009 180450.00000000003 6.8428291356790067 11.500000000000002 5.5000000000000009 40.176908593771493 18.455718110729965 1.6050000000000002 2.5000000000000004 55.818331016278229 1.0000000180025095e-35 4.5000000000000009 27.843368585111389 6.5000000000000009 5.5000000000000009 8.5000000000000018 44.157448059010569 1.5000000000000002 42.480292596993898 76.393208891667243 4.5000000000000009 7.5000000000000009 3.5000000000000004 6.5000000000000009
decision_type=2 2 2 2 2 2 2 2 2 2 2 2 2 2 2 2 2 2 2 2 2 2 2 2 2 2 2 2 2 2 2 2 2 2 2 2 2 2 2 2 2 2 2 2 2 2 2 2 2 2 2 2 2 2 2 2 2 2 2 2 2 2
left_child=24 2 6 14 7 -5 20 8 17 -9 11 -11 22 23 40 16 -6 18 -3 29 32 34 26 49 53 27 -8 28 -26 30 -19 58 -2 -34 -22 36 37 -13 54 -37 -4 -33 43 45 -45 -28 47 48 -47 -14 51 -27 -15 -1 -38 56 -18 -58 -10 60 61 -54
right_child=1 4 3 5 15 -7 12 9 31 10 -12 35 13 52 -16 -17 55 19 -20 -21 21 -23 -24 -25 25 50 42 -29 -30 -31 -32 41 33 -35 -36 39 38 -39 -40 -41 -42 -43 -44 44 -46 46 -48 -49 -50 -51 -52 -53 59 -55 -56 -57 57 -59 -60 -61 -62 -63
leaf_value=2.4664862254718502e-05 -7.1039671869251585e-06 0.00025070363005871241 0.0012464436849678759 1.1846641626480572e-05 0.00013639030896440507 -0.0014842434311381598 -0.0001861797313580842 0.00075298545010925961 0.0020983305419368715 -0.0002421315763195596 -0.00053668958005962232 -0.00070723594343913396 3.4092270466951493e-05 0.001812912865761197 0.00024609538453967912 0.0001545607676880867 -0.0013310826430524437 0.00035577021755213217 0.0016584493396617139 0.00034862073300621606 0.00012636004350102657 0.00036276935268067187 -0.00027986080921421836 0.00028595440122257095 -0.00084401169080049556 -0.00063259344329094711 1.1110162871105524e-05 -0.00016212376110171954 -0.0037484183364784999 -0.00083909362963024633 -2.4149179740044187e-05 0.00055189680570019793 0.0010233404028268064 0.00034750614267062057 -0.00027340700261509454 -0.00074262303810390055 0.0018549569867915045 0.0018359836208435268 -0.00049573120579653543 4.8920018665873242e-05 -0.001178481993684314 0.0034281635550683824 0.00010772455867618446 0.0011277646196949044 4.0230693715985758e-05 0.0014361692955621055 0.0012121246234200111 5.004917539252942e-05 -0.00038804693684724704 -0.00098852060704571155 -8.3002025132323932e-05 -8.1665711164203425e-05 -0.00077282359109851276 -0.0009263980723719416 0.00075391362496308924 0.00059241352246611569 0.0033813640897890104 0.00029454846887010566 5.2370021373584456e-05 -0.00040619354894247622 0.0013993410766393894 -0.0020170806355278891
leaf_weight=120815 8686 27959 345 2762 17259 7381 53015 6365 1852 58608 16749 3076 3742 293 6816 111285 218 15091 1977 25985 25178 19302 29219 13902 5987 17552 53696 5563 279 2761 183471 6794 6918 18640 20474 3311 2074 521 1198 60055 2529 218 156111 2048 269713 622 1643 18041 61231 2820 182532 27246 4238 1800 3629 24076 714 362 471 20729 692 2213
leaf_count=120815 8686 27959 345 2762 17259 7381 53015 6365 1852 58608 16749 3076 3742 293 6816 111285 218 15091 1977 25985 25178 19302 29219 13902 5987 17552 53696 5563 279 2761 183471 6794 6918 18640 20474 3311 2074 521 1198 60055 2529 218 156111 2048 269713 622 1643 18041 61231 2820 182532 27246 4238 1800 3629 24076 714 362 471 20729 692 2213
internal_value=3.50942e-07 2.50395e-05 -1.78411e-05 -0.000594739 8.55552e-05 -0.00107685 -3.41586e-06 3.13588e-05 9.89437e-05 -8.44401e-05 -0.00012016 -6.74969e-05 -2.9959e-05 -0.000274408 -9.009e-05 0.000234208 0.000442132 6.98504e-05 0.000343672 3.37886e-05 0.000182274 7.06028e-05 -1.15387e-05 6.4273e-05 -9.44438e-05 -0.000148352 1.18629e-06 -0.000591834 -0.000973333 -6.84712e-06 4.72525e-06 0.000900664 0.000394092 0.00053044 -5.29274e-05 7.10685e-05 0.000454404 -0.000338869 0.000867881 7.56031e-06 -0.00088739 0.000641319 1.88264e-05 -1.52724e-05 4.84264e-05 -0.00014328 -0.000244953 -0.000274918 -0.000369702 -0.000405373 -0.000125275 -0.000297521 -0.000520486 1.07032e-05 0.00115433 0.000650126 0.00172391 0.00234286 0.0016835 -0.000545015 -0.000947876 -0.00119966
internal_weight=1.75085e+06 1.38908e+06 812999 19833 576079 10143 793166 422165 266579 155586 149221 132472 693968 48629 9690 153914 42629 257244 29936 227308 99198 64954 645339 20464 361774 239159 616120 11829 6266 201323 198562 9335 34244 25558 45652 73864 10498 3597 6901 63366 2874 7012 563105 406994 271761 135233 81537 79894 61853 6562 227330 44798 28165 122615 5703 25370 1294 1076 2323 27872 7143 6451
internal_count=1750852 1389078 812999 19833 576079 10143 793166 422165 266579 155586 149221 132472 693968 48629 9690 153914 42629 257244 29936 227308 99198 64954 645339 20464 361774 239159 616120 11829 6266 201323 198562 9335 34244 25558 45652 73864 10498 3597 6901 63366 2874 7012 563105 406994 271761 135233 81537 79894 61853 6562 227330 44798 28165 122615 5703 25370 1294 1076 2323 27872 7143 6451
is_linear=0
shrinkage=0.05


Tree=72
num_leaves=63
num_cat=0
split_feature=5 0 3 38 40 0 32 40 35 20 31 16 0 22 32 31 38 1 31 40 40 3 31 35 3 31 0 0 32 31 31 40 20 20 19 35 0 32 3 0 40 31 32 32 0 34 31 40 35 3 37 40 3 3 35 38 0 40 34 40 38 40
split_gain=1.50603 3.04191 2.31223 2.20011 3.29736 1.97853 1.46555 1.34526 2.16402 1.33871 1.19553 1.09318 1.25049 1.06657 1.06078 1.28813 1.03645 0.983184 0.874611 3.19226 1.32492 1.39317 0.907441 0.873953 0.929455 1.51542 0.864066 0.83534 0.878344 0.811246 0.801318 0.772058 0.766346 0.751314 1.23181 0.728692 2.35803 1.36057 1.10456 0.972898 0.936626 0.959797 1.01999 0.742237 0.707008 0.701636 0.690327 0.677027 0.66429 0.661512 0.655934 0.652777 0.640347 0.713261 0.623298 0.622427 0.604946 0.596327 0.594224 1.33117 0.592665 0.589324
threshold=138.727 113197.23966616434 9144.9500000000025 47.625202594018496 31.973251743842656 87943.240275362055 1.0000000180025095e-35 28.55233481138924 1.0000000180025095e-35 722.50000000000011 1.0000000180025095e-35 -0.68999999999999961 383886.49657520495 5518.0000000000009 2.5000000000000004 8.5000000000000018 57.577786240640485 5.1900000000000004 1.0000000180025095e-35 75.698388341706121 75.267003480580954 5515.2000000000016 1.5000000000000002 2.5000000000000004 5475.5500000000002 1.5000000000000002 316656.41443697497 228868.4955364714 10.500000000000002 12.500000000000002 7.5000000000000009 18.457811568005841 849.50000000000011 819.50000000000011 122450.00000000001 1.0000000180025095e-35 400200.47553710593 11.500000000000002 7923.6500000000005 690962.34196029475 43.765225694568201 9.5000000000000018 3.5000000000000004 1.0000000180025095e-35 310240.46209260303 2.5000000000000004 2.5000000000000004 50.124651115044024 5.5000000000000009 12002.900000000003 1.0000000180025095e-35 51.804072558978618 5045.9000000000005 5795.7500000000009 2.5000000000000004 58.055018653987837 59364.548915132938 35.342559947574543 6.5000000000000009 54.016470180854661 80.547822017075632 57.400644222112142
decision_type=2 2 2 2 2 2 2 2 2 2 2 2 2 2 2 2 2 2 2 2 2 2 2 2 2 2 2 2 2 2 2 2 2 2 2 2 2 2 2 2 2 2 2 2 2 2 2 2 2 2 2 2 2 2 2 2 2 2 2 2 2 2
left_child=1 14 11 4 -3 9 7 8 17 -4 -6 12 46 54 31 -16 33 -5 19 44 50 -22 -23 24 47 51 45 28 58 -29 32 60 -15 -7 -35 36 37 40 57 48 56 42 -42 -43 -9 -27 55 -8 -37 61 -20 -26 -21 -54 -11 -2 -13 -38 -18 -60 -1 -31
right_child=2 3 5 6 10 16 23 18 -10 13 -12 35 -14 30 15 -17 27 -19 20 52 21 22 -24 -25 25 26 -28 29 -30 49 -32 -33 -34 34 -36 39 38 -39 -40 -41 41 43 -44 -45 -46 -47 -48 -49 -50 -51 -52 -53 53 -55 -56 -57 -58 -59 59 -61 -62 -63
leaf_value=-0.00071661180357491313 -0.0012347941764722288 0.0001925345271023654 -8.0544760896724253e-06 -0.00068121529574317831 -0.0011537841657957197 -6.3644183944185569e-05 0.00065915704740539911 8.5652077051608338e-05 -7.323403045859742e-05 0.00037918085467172967 -0.00033654707608870102 -0.00071880910742893581 0.00014331153434924961 0.00094361780903957828 0.0024994974922218378 -3.9103547621138087e-05 -7.3399720429046965e-06 0.0016609582170663451 0.00015128567586810324 0.00029832435153569512 -0.0012113540759167707 0.00055781149727978762 -0.00045238465134748746 -0.0001679066594348534 -0.00069820823380013753 0.00088831630890612117 0.00021624281739644833 -0.00018707140140402495 0.00093768171300780438 0.00041247224258522225 0.00016632780498143049 -0.00012003351639594995 0.0022011356520686932 0.00067644308948314842 0.00011189552178520628 -0.00013401885163464284 -0.00089992361574456217 -0.001877352088715895 0.00034670736181767611 0.00029791401444399681 0.00015861168012723398 -0.00079248696035525996 0.0010237735608839376 -2.1501814477993604e-05 0.00078978492313135106 3.4255393783169128e-05 -0.00025264977175023747 -3.7134928057864255e-05 0.00060661798055462594 0.00051972972908239279 -0.00073177890596739039 0.002270216831632252 0.0017316044266868686 -0.00090283670007343354 -0.001607323801903476 -0.00024330096695761576 -3.9615336058887552e-05 -0.00037782426143746718 0.0020564735884155169 0.00019146120926117173 0.0019770244168605482 -0.00023933934469801002
leaf_weight=7403 3513 43825 20723 495 5819 57754 5508 36317 4328 30804 19377 3406 20304 4514 837 1240 177102 4725 83820 1165 3829 3504 6081 4719 205 18964 9892 117775 2613 4938 2182 100322 1656 10215 178593 303762 7931 908 4073 14115 132012 4289 3497 11470 3953 2754 103096 9534 3058 7534 2157 1918 4948 271 400 2881 87547 17619 1061 9740 210 11647
leaf_count=7403 3513 43825 20723 495 5819 57754 5508 36317 4328 30804 19377 3406 20304 4514 837 1240 177102 4725 83820 1165 3829 3504 6081 4719 205 18964 9892 117775 2613 4938 2182 100322 1656 10215 178593 303762 7931 908 4073 14115 132012 4289 3497 11470 3953 2754 103096 9534 3058 7534 2157 1918 4948 271 400 2881 87547 17619 1061 9740 210 11647
internal_value=3.33395e-07 8.72262e-05 -2.44146e-05 0.000175265 -6.95052e-05 4.48734e-05 0.000256065 0.000178447 0.000753443 0.000317489 -0.000525287 -8.56358e-05 -0.000217084 0.000488039 -0.000135334 0.000983915 1.64903e-05 0.00143886 0.000140855 0.000319448 5.70239e-05 -0.000405148 -8.3086e-05 0.000481827 0.000544688 0.000690439 0.000603589 -4.11254e-05 2.72785e-05 -0.000132969 0.000989883 -0.000156871 0.00128113 9.41666e-05 0.000142439 -5.68982e-05 3.18984e-06 5.45064e-05 -0.000417987 -0.000107965 6.17482e-05 0.000137988 0.000180938 -0.000231335 0.000154771 0.000780015 -0.000283916 0.00021783 -0.000126637 0.000131218 0.000129131 0.00198358 0.00135822 0.00159481 0.000353716 -0.000788048 -6.50497e-05 -0.00053989 1.46183e-05 0.000374664 -0.000642309 -4.52697e-05
internal_weight=1.75085e+06 388120 1.36273e+06 278108 69021 639251 209087 155593 9548 60279 25196 723481 129794 39556 110012 2077 578972 5220 146045 46654 99391 13414 9585 53494 48775 33733 31610 332410 190516 141894 8352 107935 6170 246562 188808 593687 272752 243129 29623 320935 242221 151268 135509 15759 40270 21718 109490 15042 306820 24119 85977 2123 6384 5219 31204 6394 90953 25550 187903 10801 7613 16585
internal_count=1750852 388120 1362732 278108 69021 639251 209087 155593 9548 60279 25196 723481 129794 39556 110012 2077 578972 5220 146045 46654 99391 13414 9585 53494 48775 33733 31610 332410 190516 141894 8352 107935 6170 246562 188808 593687 272752 243129 29623 320935 242221 151268 135509 15759 40270 21718 109490 15042 306820 24119 85977 2123 6384 5219 31204 6394 90953 25550 187903 10801 7613 16585
is_linear=0
shrinkage=0.05


Tree=73
num_leaves=63
num_cat=0
split_feature=2 3 33 39 38 31 31 19 34 40 36 38 36 36 27 25 18 32 34 3 40 39 3 39 31 38 37 40 34 39 39 3 39 31 38 36 39 32 35 3 37 39 31 20 18 17 3 34 39 40 32 33 34 34 35 19 39 34 34 20 36 31
split_gain=1.32849 1.91381 1.35406 1.57951 1.19535 1.01811 1.20556 1.20102 1.06592 1.65197 2.65046 1.77443 1.02836 0.964973 0.953557 1.01178 1.00743 0.913814 1.8659 1.20929 1.23139 1.17473 1.38984 1.12669 1.10111 1.06 0.878481 0.822709 0.787218 0.948332 0.781118 0.884307 0.714498 1.09914 0.923222 0.882568 0.713715 0.951373 1.36603 1.01051 0.703605 1.1507 0.837603 0.702829 0.953183 0.981465 0.887535 0.663782 1.08284 1.04841 0.665012 0.633568 0.826519 1.15076 0.810075 0.811409 0.635255 0.630526 0.627464 0.625106 0.874037 0.741172
threshold=1.3250000000000004 6674.2500000000009 1.0000000180025095e-35 11.754985301820122 91.734410667436023 13.500000000000002 9.5000000000000018 321050.00000000006 6.5000000000000009 78.53450167856154 1.0000000180025095e-35 50.271006424337479 8.5000000000000018 3.5000000000000004 36.850000000000001 5.1500000000000012 26358.500000000004 2.5000000000000004 1.5000000000000002 10555.650000000001 51.804072558978618 94.011260571918129 8541.0500000000011 99.647169782693595 5.5000000000000009 54.670348023082461 1.0000000180025095e-35 65.112505267108745 1.0000000180025095e-35 88.866766846696052 86.719845885814223 5226.9000000000005 21.970482063676375 4.5000000000000009 30.654993678775359 1.5000000000000002 71.490277196988856 2.5000000000000004 1.0000000180025095e-35 6276.8000000000002 1.0000000180025095e-35 22.765566358351226 7.5000000000000009 757.50000000000011 37775.500000000007 5070.0000000000009 13221.800000000001 3.5000000000000004 49.668986594923844 53.752680559491019 1.5000000000000002 1.0000000180025095e-35 8.5000000000000018 9.5000000000000018 2.5000000000000004 256150.00000000003 7.7454821703765049 6.5000000000000009 1.5000000000000002 622.50000000000011 1.5000000000000002 7.5000000000000009
decision_type=2 2 2 2 2 2 2 2 2 2 2 2 2 2 2 2 2 2 2 2 2 2 2 2 2 2 2 2 2 2 2 2 2 2 2 2 2 2 2 2 2 2 2 2 2 2 2 2 2 2 2 2 2 2 2 2 2 2 2 2 2 2
left_child=5 2 3 -2 26 6 7 8 14 10 11 -10 -7 28 15 -1 59 23 19 20 24 22 -22 30 -19 -24 36 -18 -3 32 43 -32 33 35 57 58 -5 -38 -39 -40 47 42 -42 46 45 -45 -16 -15 49 -49 -50 52 54 -54 -8 -56 -55 -34 -30 -17 -61 -62
right_child=1 13 -4 4 -6 12 51 -9 9 -11 -12 -13 -14 40 17 16 27 18 -20 -21 21 -23 25 -25 -26 -27 -28 -29 29 -31 31 -33 34 -35 -36 -37 37 38 39 -41 41 -43 -44 44 -46 -47 -48 48 50 -51 -52 -53 53 56 55 -57 -58 -59 -60 60 61 -63
leaf_value=-0.00019355831823271867 0.00046838611681006916 0.00024622466032623268 -0.00039388719284326582 -2.6629583443568271e-05 0.00046659412161509893 0.00032647489854256955 6.3013812413112926e-05 -0.00018417395894913799 -0.0033350168078292264 -0.00061114476716589037 0.0014764615620914431 0.00020129451951281233 -0.0001492138456409472 0.00012480358713402631 -0.0002536557688279125 -0.00012639792933759068 0.00030841712298765978 -0.0022521634246000914 -0.00051523477193575972 -6.1021044745114315e-05 0.00061656070053327412 2.4305117424174515e-05 0.0036711686344654427 0.0015391420737353762 0.00044035498747944701 0.0016035860631676358 -0.00045862014069463267 -4.8101330045686919e-05 -0.00052721886252373666 -0.00048205972524698986 -0.00044619069953226865 0.00025438896623317423 -0.00042423352397434719 -0.00018924560885966179 -8.1066591306728109e-05 -0.0012391644215655855 0.00027405351417049948 9.0675552457060803e-06 -0.0036117361791964085 -0.00071130039412831462 -0.0033883723142859121 -0.00015530101291738669 -0.00058244778398709154 -0.00059851158095096423 1.4588868826761595e-05 0.0010983104422700872 0.00016638024802081454 -0.00097134505609306442 0.00028247250634440518 -0.0049840602872522977 -0.0020083350925774301 -0.00030116869677333135 -0.0010276999589940165 0.0021488015947855785 -0.00050066781126717095 0.00025330481573538293 -5.1923852772352635e-05 0.0018478958325419679 0.0010898527484178072 0.00051607198987874072 0.0025097089030125955 3.4019750081483234e-05
leaf_weight=14558 23329 11204 16277 148582 15011 52180 70950 55195 475 2252 5619 1401 14524 60762 50875 1063 61868 522 4847 4939 3506 2059 742 1220 1393 3767 9757 21913 6901 24013 4924 52846 25745 37185 202330 5074 42554 4049 504 743 526 4893 538 1100 587249 3783 16706 489 1905 244 380 35336 4584 421 13890 4802 1483 309 657 2011 1510 378
leaf_count=14558 23329 11204 16277 148582 15011 52180 70950 55195 475 2252 5619 1401 14524 60762 50875 1063 61868 522 4847 4939 3506 2059 742 1220 1393 3767 9757 21913 6901 24013 4924 52846 25745 37185 202330 5074 42554 4049 504 743 526 4893 538 1100 587249 3783 16706 489 1905 244 380 35336 4584 421 13890 4802 1483 309 657 2011 1510 378
internal_value=3.16725e-07 -5.67847e-05 4.76916e-05 7.70852e-05 3.58164e-05 3.35369e-05 2.13936e-05 4.18675e-05 5.64849e-05 0.000576364 0.000933171 -0.000694093 0.000222899 -0.0001279 5.04795e-05 0.000192789 0.000256168 3.06265e-05 0.000349735 0.000597402 0.000868647 0.00108958 0.00136324 2.09583e-05 -0.000293585 0.00194383 4.45486e-06 0.000215169 -0.000165329 -0.000180586 1.83768e-05 0.000194675 -0.000154565 -0.000326132 -0.000117141 -0.000729087 2.74563e-05 0.000195402 -0.000436574 -0.00188357 4.03176e-05 -0.000479357 -0.00196959 2.93863e-06 2.03736e-05 0.000716065 -0.000149823 8.88548e-05 -0.000634909 -0.00230709 -9.84933e-05 -0.000120126 -5.35776e-05 -0.000598541 -1.41348e-05 -0.000306971 0.000434686 -0.000397286 -0.00038665 0.000948404 0.00124143 0.00201405
internal_weight=1.75085e+06 643961 260806 244529 221200 1.10689e+06 1.04019e+06 908721 853526 9747 7495 1876 66704 383155 843779 103301 88743 740478 21775 16928 11989 10074 8015 718703 1915 4509 206189 83781 313418 302214 717483 57770 278201 49817 228384 12632 196432 47850 5296 1247 69737 5957 1064 659713 592132 4883 67581 63780 3018 733 2285 131466 96130 6488 89642 18692 1904 26054 7558 4962 3899 1888
internal_count=1750852 643961 260806 244529 221200 1106891 1040187 908721 853526 9747 7495 1876 66704 383155 843779 103301 88743 740478 21775 16928 11989 10074 8015 718703 1915 4509 206189 83781 313418 302214 717483 57770 278201 49817 228384 12632 196432 47850 5296 1247 69737 5957 1064 659713 592132 4883 67581 63780 3018 733 2285 131466 96130 6488 89642 18692 1904 26054 7558 4962 3899 1888
is_linear=0
shrinkage=0.05


Tree=74
num_leaves=63
num_cat=0
split_feature=5 0 39 38 35 2 32 0 0 20 33 38 40 32 16 20 35 40 32 31 0 40 38 31 39 31 38 35 31 0 0 39 39 32 32 40 31 5 40 40 39 40 32 31 31 39 35 0 3 7 34 39 31 31 31 35 0 31 38 31 33 32
split_gain=1.30603 2.73509 2.25652 3.50234 2.85226 2.08805 1.82208 1.64425 1.47414 1.26765 1.26666 1.52782 2.13877 1.22311 1.11561 1.02033 1.01238 0.995426 0.921816 1.11904 0.87787 0.875121 0.865768 0.852324 0.844284 0.88773 0.810628 0.803748 1.34205 1.28752 0.789114 0.904193 0.776975 0.770446 1.19234 0.763306 0.751353 1.06447 1.349 1.43116 0.699485 0.693803 0.665465 1.27508 0.906014 0.771332 0.795605 1.66603 1.03991 0.969909 0.88396 0.826022 0.822837 0.846031 0.716945 0.688038 1.27408 0.677564 1.54092 0.67083 0.66791 0.992847
threshold=138.727 113197.23966616434 47.228531032352613 54.104643964708778 1.0000000180025095e-35 0.57000000000000017 1.0000000180025095e-35 249776.41200111897 113197.23966616434 923.50000000000011 1.0000000180025095e-35 47.919435598444082 29.983041132389676 1.0000000180025095e-35 -0.76000000000000012 692.50000000000011 1.0000000180025095e-35 63.106407594641603 2.5000000000000004 8.5000000000000018 149257.18141648694 44.298168838436112 31.626807713488965 2.5000000000000004 57.632095186290144 3.5000000000000004 57.577786240640485 1.0000000180025095e-35 5.5000000000000009 242516.60755474924 411183.88826508884 9.7742184216028196 97.987117009455048 18.500000000000004 19.500000000000004 25.455476559659889 1.5000000000000002 111.90800000000002 55.49810392865718 31.973251743842656 9.1393417900985376 18.457811568005841 11.500000000000002 18.500000000000004 20.500000000000004 1.0000000180025095e-35 1.0000000180025095e-35 405277.0510294133 7204.4500000000007 5.5500000000000007 1.5000000000000002 96.881138058396246 5.5000000000000009 3.5000000000000004 10.500000000000002 3.5000000000000004 201165.50456444637 3.5000000000000004 57.577786240640485 2.5000000000000004 1.0000000180025095e-35 1.0000000180025095e-35
decision_type=2 2 2 2 2 2 2 2 2 2 2 2 2 2 2 2 2 2 2 2 2 2 2 2 2 2 2 2 2 2 2 2 2 2 2 2 2 2 2 2 2 2 2 2 2 2 2 2 2 2 2 2 2 2 2 2 2 2 2 2 2 2
left_child=1 18 4 16 10 8 17 -8 9 15 11 12 13 20 30 -2 21 -6 41 -20 -3 -4 23 -14 -18 -26 -10 29 32 35 31 -7 -29 42 -35 -5 37 -13 39 -39 -17 -1 45 -44 -45 -16 47 48 50 52 51 60 53 -49 57 -48 -57 58 59 -52 -47 -62
right_child=5 2 3 27 6 14 7 -9 26 -11 -12 36 22 -15 33 40 24 -19 19 -21 -22 -23 -24 -25 25 -27 -28 28 -30 -31 -32 -33 -34 34 -36 -37 -38 38 -40 -41 -42 -43 43 44 -46 46 55 49 -50 -51 54 -53 -54 -55 -56 56 -58 -59 -60 -61 61 -63
leaf_value=-0.00061007555310997564 -6.688242585548308e-05 9.0160709917142274e-05 -0.00033747603290942336 0.0012993913094626562 -4.9494480015827108e-06 -0.00097265903765142144 0.00097248657645775311 8.9305766933219432e-05 9.2205271277766149e-05 0.0012341500240830861 -0.00024232142578925437 0.00038028874909736129 -0.0015605203513328737 -0.0017916861531284058 0.00030848586531626628 0.00094524170127367909 -0.00047627337354036529 -0.00070855674370992171 0.0023261513469465425 -3.9967333537759029e-05 0.0011276751351665274 -0.00098133475262495839 6.9949704304482063e-05 0.0010642025486563597 0.00048169209770263411 -0.00045326185354920419 -4.4638136420343895e-05 0.00052075938428842463 -0.00022843663456808671 0.00044263631134466809 0.00012388046783910059 -0.00025019950041068218 -0.0023702808254314825 0.001343374832437 6.1012559653387779e-05 -1.4727845402973351e-05 0.000632958683467662 0.0020792514540188072 0.0019775200106311136 0.00042322256932756931 0.00025251981084880242 -0.00011497536035204371 -0.0013774123314639977 0.00052560389657693534 -0.0005368775501817121 7.5999079057926616e-05 -0.00013579895841949409 -0.00011671420626563773 -4.9331903693442668e-05 0.00010251877179755665 -0.0025066140146253885 0.00087726521339385295 -0.00021283976587632543 -0.001056307897872651 -0.0011073423599696265 0.00052926790174263308 -0.00013513799809048005 0.0004980768339362269 0.00062134480958606422 -0.00040190898335960525 -0.00016369127982441962 -0.0016207666569112589
leaf_weight=7613 27780 2692 16189 1122 21411 4582 8700 13367 186562 3001 3730 3171 1939 447 14543 3844 7577 6569 837 1240 8403 7830 4082 368 8361 3646 257722 34022 7728 21754 13372 79015 234 2462 6873 73010 9887 1847 5579 4443 70107 100322 2740 3212 5346 78976 310646 3293 174850 8843 409 2937 11761 8793 844 11477 19433 27651 5571 5092 9665 1330
leaf_count=7613 27780 2692 16189 1122 21411 4582 8700 13367 186562 3001 3730 3171 1939 447 14543 3844 7577 6569 837 1240 8403 7830 4082 368 8361 3646 257722 34022 7728 21754 13372 79015 234 2462 6873 73010 9887 1847 5579 4443 70107 100322 2740 3212 5346 78976 310646 3293 174850 8843 409 2937 11761 8793 844 11477 19433 27651 5571 5092 9665 1330
internal_value=3.00889e-07 8.12186e-05 0.000164699 6.07687e-05 0.000359873 -2.27453e-05 9.77861e-05 0.000437503 5.26039e-05 0.000221352 0.000641419 0.000718332 0.000366349 0.000772629 -7.35836e-05 0.000191475 -0.00032982 -0.000170139 -0.000129819 0.000913543 0.000875941 -0.000547369 -0.000367614 -0.00114184 -6.30049e-05 0.000197788 1.28246e-05 0.000184297 0.000366741 0.000104413 -0.000232752 -0.000289798 0.000501011 -5.20497e-05 0.000399221 5.16156e-06 0.000971529 0.0011941 0.00141152 0.0009095 0.000288528 -0.000149896 -5.80046e-05 -0.000438663 -0.000138106 -5.18265e-05 -5.95146e-05 -5.37131e-06 3.07257e-05 -0.000344726 0.000136391 5.21046e-05 -0.000510574 -0.000800302 0.000334307 -0.000113414 0.000111558 0.000365729 3.52047e-05 -0.000558394 2.51682e-05 -0.000339945
internal_weight=1.75085e+06 388120 278108 181473 96635 1.36273e+06 50047 22067 549016 104732 46588 42858 17931 11542 813716 101731 43603 27980 110012 2077 11095 24019 6389 2307 19584 12007 444284 137870 41984 95886 96969 83597 34256 716747 9335 74132 24927 15040 11869 6290 73951 107935 707412 11298 8558 696114 681571 340015 307325 32690 132475 92908 23847 12086 39567 341556 30910 38723 11072 5501 89971 10995
internal_count=1750852 388120 278108 181473 96635 1362732 50047 22067 549016 104732 46588 42858 17931 11542 813716 101731 43603 27980 110012 2077 11095 24019 6389 2307 19584 12007 444284 137870 41984 95886 96969 83597 34256 716747 9335 74132 24927 15040 11869 6290 73951 107935 707412 11298 8558 696114 681571 340015 307325 32690 132475 92908 23847 12086 39567 341556 30910 38723 11072 5501 89971 10995
is_linear=0
shrinkage=0.05


Tree=75
num_leaves=63
num_cat=0
split_feature=6 0 39 0 5 39 35 36 20 18 37 36 31 39 31 31 36 0 18 24 36 0 32 26 0 17 39 7 36 32 7 32 40 5 36 35 36 36 1 32 31 35 36 35 36 4 40 5 36 13 0 0 31 40 35 35 39 33 40 0 2 0
split_gain=1.23268 1.90209 1.79955 1.52909 1.50611 1.37578 1.3334 1.13287 1.05239 1.2113 1.00321 1.00084 1.97369 0.870243 1.21941 0.996277 1.32172 0.840884 0.763998 0.95666 0.739694 0.728227 0.710259 0.9354 0.6843 0.76774 0.656875 0.710876 0.654324 0.641743 2.20305 2.40848 1.72971 1.41929 1.57377 1.24519 1.20531 1.59571 1.19537 0.971189 0.957814 2.91666 1.24105 1.2221 1.56185 0.940144 1.89181 1.59994 1.03761 1.01136 0.907914 0.840203 0.988775 0.831668 0.769556 0.763629 0.916728 0.75481 0.719874 0.643082 1.27805 0.77761
threshold=167.35000000000005 354779.99469175737 1.3342714337819142 359210.81522500172 146.70450000000002 92.794822233140906 1.0000000180025095e-35 5.5000000000000009 622.50000000000011 33797.500000000007 1.0000000180025095e-35 1.5000000000000002 7.5000000000000009 16.427268310526262 1.0000000180025095e-35 8.5000000000000018 1.5000000000000002 151997.2635658581 27020.500000000004 6.7500000000000009 1.5000000000000002 143966.35616879145 2.5000000000000004 5.9500000000000011 163046.92518399318 6377.0000000000009 44.387866084662029 5.7500000000000009 3.5000000000000004 1.0000000180025095e-35 5.1500000000000012 2.5000000000000004 49.567287307673801 137.71300000000002 1.0000000180025095e-35 1.5000000000000002 1.5000000000000002 3.5000000000000004 5.7450000000000001 1.5000000000000002 8.5000000000000018 2.5000000000000004 1.5000000000000002 1.5000000000000002 1.0000000180025095e-35 3.3150000000000004 71.719208298894031 153.89800000000002 1.0000000180025095e-35 0.3050000000000001 219348.49165327751 133491.31524462183 10.500000000000002 32.520291837825191 2.5000000000000004 1.5000000000000002 59.985215488300476 1.0000000180025095e-35 74.189245718843068 145715.98222761587 0.6100000000000001 65893.401104170844
decision_type=2 2 2 2 2 2 2 2 2 2 2 2 2 2 2 2 2 2 2 2 2 2 2 2 2 2 2 2 2 2 2 2 2 2 2 2 2 2 2 2 2 2 2 2 2 2 2 2 2 2 2 2 2 2 2 2 2 2 2 2 2 2
left_child=3 2 6 13 -3 8 28 -6 20 11 29 22 18 14 21 16 -16 -12 19 -13 -4 -1 23 -10 -7 -26 27 -5 -2 35 31 40 -32 34 57 58 53 38 -38 -36 42 43 -31 -42 -45 -37 48 -48 -47 -50 -44 52 -35 -33 -51 -55 -57 -34 59 60 61 -11
right_child=1 4 5 26 7 24 -8 -9 9 10 17 12 -14 -15 15 -17 -18 -19 -20 -21 -22 -23 -24 -25 25 -27 -28 -29 -30 30 32 36 33 51 39 45 37 -39 -40 -41 41 -43 50 44 -46 46 47 -49 49 54 -52 -53 -54 55 -56 56 -58 -59 -60 -61 -62 -63
leaf_value=-0.000196396304466438 0.0012109059794472318 0.00011472674605583797 -0.00052508680608553309 -0.00012969056292355704 -0.00021066600080593334 0.00045586013741548848 0.00023626658222679239 0.00042658753038837246 -0.0005904302474688711 0.00060488801734490702 -0.00044284682045318547 0.0010188872792105657 -0.00026391130060128879 -9.9524641023136066e-05 -0.00017017567242401008 -6.2055003915077655e-05 -0.0011119115963763883 3.97721778848012e-05 0.000746635714331703 0.0028102343468047204 -2.9262595848093012e-05 0.0025706592235669591 0.0012384432594142604 0.00037825937716088855 0.00055546874346385107 -6.3386915839545854e-06 -4.4599509164926459e-05 0.00043687365882472774 -0.00051245892532339292 -2.2127286865183666e-05 2.5532083399656747e-05 0.0011845290232893706 0.0011764501151359259 0.00077404978468916614 -0.00026485234353230226 -2.1791449236559745e-05 -0.00046640467797186822 0.00024797462666000349 -0.002305859971858211 0.0024105229034777059 -0.00066201834638916692 0.00043655000191713579 0.00071874475872406828 -0.0043540705035695427 -0.0010780671236818348 2.2531049968333423e-06 -0.00057245399197371931 0.0013577538205375255 -0.0004899499526825748 -0.0019329182869289993 -0.00015350810359245754 0.00014672270846689483 1.728744878664407e-05 -0.00017519235280499763 -0.0006898916835403325 -0.0025890286635048545 0.00025131016383162359 -0.0013977278365370099 -0.00010552646485241952 0.00010037734230656472 -8.2416943074193423e-05 0.00010193619975308428
leaf_weight=428 6360 56110 14368 7142 164482 27202 16459 7283 4948 8479 20569 1959 3956 282163 6383 9215 8950 16082 6249 1203 15787 535 1096 5021 7862 26845 22280 24629 603 44980 52475 848 11508 14239 3745 48547 1259 1298 2959 373 6730 6787 11627 551 1071 7998 1764 2743 19207 2404 4013 37817 6194 4171 2583 805 439 292 78971 341069 174750 82077
leaf_count=428 6360 56110 14368 7142 164482 27202 16459 7283 4948 8479 20569 1959 3956 282163 6383 9215 8950 16082 6249 1203 15787 535 1096 5021 7862 26845 22280 24629 603 44980 52475 848 11508 14239 3745 48547 1259 1298 2959 373 6730 6787 11627 551 1071 7998 1764 2743 19207 2404 4013 37817 6194 4171 2583 805 439 292 78971 341069 174750 82077
internal_value=4.9406e-07 2.19014e-05 4.78175e-05 -8.17217e-05 -0.000110177 3.8888e-05 0.000481644 -0.000183646 2.57006e-05 3.4097e-05 2.57748e-05 0.000382021 0.000673181 -0.000124809 -0.00040447 -0.000472938 -0.000719875 -0.00023108 0.0010671 0.00170041 -0.000265509 0.00134086 3.0287e-05 -0.000102539 0.000268091 0.000120925 0.000163546 0.000309512 0.00106166 3.53344e-05 0.000111895 -8.09837e-05 0.000245216 0.000400646 0.000819054 1.40549e-05 -0.000746113 -0.00128506 -0.00175681 -2.25223e-05 2.24305e-05 -0.000333326 0.000111276 -0.000958942 -0.00219094 -0.000166161 -0.00035714 0.000602288 -0.000491463 -0.000654674 0.000494937 0.000286307 0.000544647 -0.00027145 -0.0012891 -0.000499459 -0.00158669 0.00111275 3.64709e-05 5.49638e-05 -3.41831e-06 0.000149029
internal_weight=1.75094e+06 1.38922e+06 1.16134e+06 361725 227875 1.13792e+06 23422 171765 1.07601e+06 1.04586e+06 1.02142e+06 24432 13367 307674 25511 24548 15333 36651 9411 3162 30155 963 11065 9969 61909 34707 54051 31771 6963 984773 214181 87538 126643 74168 15918 770592 11779 5516 4218 4118 75759 15139 60620 8352 1622 85246 36699 4507 32192 24194 15640 58250 20433 6263 4987 5415 1244 11800 685346 606375 265306 90556
internal_count=1750942 1389217 1161342 361725 227875 1137920 23422 171765 1076011 1045856 1021424 24432 13367 307674 25511 24548 15333 36651 9411 3162 30155 963 11065 9969 61909 34707 54051 31771 6963 984773 214181 87538 126643 74168 15918 770592 11779 5516 4218 4118 75759 15139 60620 8352 1622 85246 36699 4507 32192 24194 15640 58250 20433 6263 4987 5415 1244 11800 685346 606375 265306 90556
is_linear=0
shrinkage=0.05


Tree=76
num_leaves=63
num_cat=0
split_feature=28 3 0 38 39 35 39 33 39 31 3 31 20 17 31 38 36 35 0 38 2 3 25 19 31 39 39 35 39 0 39 0 36 7 31 39 36 37 13 0 39 3 37 0 31 31 39 0 35 0 0 31 38 31 35 39 0 39 39 2 0 0
split_gain=1.14986 1.367 3.15766 2.17815 2.30662 2.06254 1.38631 1.37329 1.15557 1.02483 1.21348 1.13346 1.02382 1.0065 0.993799 1.03784 1.22048 1.13611 1.12459 0.96385 0.935085 0.856499 0.823092 0.767415 1.00005 0.723811 0.849956 0.691691 1.26292 1.005 0.725268 1.73983 1.18404 1.19275 0.832273 0.740642 0.921013 1.25125 0.682742 0.682286 0.682212 0.677149 0.661385 2.35773 0.921207 0.913417 0.659511 1.98146 0.832232 0.71116 0.644067 0.810578 0.639959 0.63859 0.643254 0.692088 0.646461 0.932557 0.61646 0.603293 0.600762 0.600426
threshold=16.250000000000004 6059.5500000000011 100960.06838826112 75.928470690053317 53.941762837796283 1.0000000180025095e-35 66.012222702640145 1.0000000180025095e-35 96.347265164565712 1.0000000180025095e-35 5502.0500000000011 1.5000000000000002 719.50000000000011 11373.500000000002 2.5000000000000004 37.174069593815709 1.0000000180025095e-35 1.0000000180025095e-35 161110.57583375453 29.825067980824642 -0.53499999999999981 5106.0000000000009 6.4500000000000011 135850.00000000003 7.5000000000000009 53.941762837796283 96.881138058396246 3.5000000000000004 17.855285984510253 98207.391301986616 59.762285152963059 106450.39140784591 8.5000000000000018 7.7500000000000009 18.500000000000004 1.0000000180025095e-35 1.5000000000000002 1.0000000180025095e-35 1.1550000000000002 266139.69614898512 19.501208862524312 6788.1000000000013 1.0000000180025095e-35 109052.09684296823 7.5000000000000009 4.5000000000000009 24.867464856855111 326979.73610281601 1.0000000180025095e-35 176926.00308119666 94323.376781230458 13.500000000000002 48.494496274627444 1.5000000000000002 1.0000000180025095e-35 72.180393832584613 170926.17339939633 51.657572863242443 84.132139650242536 1.0900000000000003 106450.39140784591 29518.654949670719
decision_type=2 2 2 2 2 2 2 2 2 2 2 2 2 2 2 2 2 2 2 2 2 2 2 2 2 2 2 2 2 2 2 2 2 2 2 2 2 2 2 2 2 2 2 2 2 2 2 2 2 2 2 2 2 2 2 2 2 2 2 2 2 2
left_child=12 2 -2 4 14 19 -7 9 39 21 11 -11 -1 58 15 16 -4 18 -18 -6 60 -5 27 24 -15 -23 -27 30 -29 -30 32 -32 34 -34 35 36 -22 41 -36 -8 -20 -38 61 45 -45 59 47 48 52 -50 51 -35 -17 54 56 -56 57 -12 -14 -44 -3 -37
right_child=1 20 3 7 5 6 8 -9 -10 10 53 -13 13 23 -16 46 17 -19 40 -21 22 25 -24 -25 -26 26 -28 28 29 -31 31 -33 33 50 38 42 37 -39 -40 -41 -42 -43 43 44 -46 -47 -48 -49 49 -51 -52 -53 -54 -55 55 -57 -58 -59 -60 -61 -62 -63
leaf_value=-1.7819416865368434e-05 -0.00021553749322147735 0.00037397998417469468 -0.00058303235967204392 9.8625233221884972e-05 -0.0012226587857938963 -0.00021807994744599919 0.00090743325111043542 -0.0010865991905993188 -0.0025398117563288128 -0.00043476530987402584 0.0024793788141573856 0.00040663449333551768 -3.4269383338101455e-05 0.00091666253504337077 0.00054518179300720715 0.00048738847855058041 -0.00028858495557894918 -0.00075256544051525531 -0.00078276164119938101 -0.00032551656967385852 0.00058386465643568903 0.0018573766524507128 7.5303162619154586e-05 0.00017436754176409288 0.00013252763859735453 0.0005449965157929632 0.002480902723295892 0.0010178995171245464 0.00079797899887407836 -3.1245021071817193e-05 0.00025054109832262469 -5.2992557323156771e-05 -6.4043773872333833e-05 -0.004149277431045856 0.00030028073433053626 0.00063647963809610559 0.00074897783407051107 0.0010512466976951892 -0.0011579847786193417 -0.0001731160209303645 0.0012319712907305404 -0.00050471963441585681 -0.0017841256374789981 -0.00029027161673573544 0.0004072707200303016 -0.0013402134707888452 0.00016614923059512523 -0.00064494267411636128 0.0013159636857581181 7.9314508770116294e-05 -0.00095583632191994714 -0.0012384162566210772 0.0017964280198537606 0.00046949874044694507 4.9627619827512373e-05 0.0031217182335257988 0.0019250260234207645 -0.00013312679517197456 0.00045581378839262235 4.379232833727389e-05 5.6790060554528917e-05 -0.00010307091491089338
leaf_weight=49289 67850 19015 9618 2155 3305 9093 8277 1392 280 6677 487 9993 24680 13596 18497 1344 2618 2272 470 31798 8714 2837 130936 12071 5801 3781 667 3740 4083 34772 53992 375836 3549 406 18049 2758 1241 1955 840 1774 3963 8153 551 13275 7356 6329 82137 2692 1699 3682 2891 582 3058 16886 1892 203 2515 1144 8671 2497 69455 560803
leaf_count=49289 67850 19015 9618 2155 3305 9093 8277 1392 280 6677 487 9993 24680 13596 18497 1344 2618 2272 470 31798 8714 2837 130936 12071 5801 3781 667 3740 4083 34772 53992 375836 3549 406 18049 2758 1241 1955 840 1774 3963 8153 551 13275 7356 6329 82137 2692 1699 3682 2891 582 3058 16886 1892 203 2515 1144 8671 2497 69455 560803
internal_value=4.69357e-07 -1.02289e-05 8.52436e-05 0.000171278 9.23522e-05 -0.000181233 0.000232165 0.000462136 0.000628455 0.000505921 0.000394822 6.96203e-05 0.000153932 0.000284533 0.000205323 0.000149962 -0.000187875 0.000219785 0.0005331 -0.000409984 -3.20977e-05 0.000974291 -4.32738e-05 0.000487369 0.000682154 0.00123332 0.000835295 -5.72313e-05 0.00014036 5.58923e-05 -6.50988e-05 -1.48648e-05 -9.8839e-05 -0.000726438 -9.14688e-05 -0.000101531 0.000197253 -9.95956e-05 0.000235431 0.000716716 0.00101836 -0.000339099 -0.000111631 -0.000340355 -4.15623e-05 -0.000997751 0.000217596 0.000556329 0.000886884 0.000469775 -0.00133248 -0.00243458 0.00139676 0.000629228 0.0010614 0.000347305 0.00142224 0.000646941 9.31484e-05 -0.000286648 0.000124964 -9.94516e-05
internal_weight=1.75094e+06 1.63683e+06 305056 237206 186577 54527 19424 50629 10331 49237 39797 16670 114108 64819 132050 113553 18941 9323 7051 35103 1.33178e+06 9440 1.24331e+06 31468 19397 7285 4448 1.11237e+06 42595 38855 1.06978e+06 429828 639949 7428 632521 613632 20063 11349 18889 10051 4433 9394 593569 30008 20631 9377 94612 12475 9783 5381 3879 988 4402 23127 6241 2095 4146 1631 33351 3048 88470 563561
internal_count=1750942 1636834 305056 237206 186577 54527 19424 50629 10331 49237 39797 16670 114108 64819 132050 113553 18941 9323 7051 35103 1331778 9440 1243308 31468 19397 7285 4448 1112372 42595 38855 1069777 429828 639949 7428 632521 613632 20063 11349 18889 10051 4433 9394 593569 30008 20631 9377 94612 12475 9783 5381 3879 988 4402 23127 6241 2095 4146 1631 33351 3048 88470 563561
is_linear=0
shrinkage=0.05


Tree=77
num_leaves=63
num_cat=0
split_feature=31 39 39 0 28 3 31 40 0 33 3 39 36 37 3 35 7 0 31 3 3 39 35 0 3 7 36 31 0 31 36 31 36 32 3 3 39 31 0 3 3 36 33 2 0 39 31 0 31 0 39 0 16 36 39 36 40 33 5 5 31 37
split_gain=1.10016 1.25375 1.2969 1.23716 1.05872 0.926953 0.893839 0.843312 0.809672 1.26718 1.01741 0.798068 1.1057 1.46455 1.01373 0.851849 0.755191 0.755688 0.753294 1.68238 0.746613 0.716063 0.603577 1.37106 1.80386 1.26578 1.19913 1.15795 1.07686 1.06838 0.907239 4.36108 2.17012 2.00285 2.6893 1.38611 1.34222 1.80111 1.37983 1.94823 1.30374 1.47301 2.10552 1.77603 1.32068 1.14337 1.21123 1.06919 0.987546 0.936976 0.866991 0.819942 0.812539 0.808458 0.996793 0.806726 0.775455 0.774689 0.76764 0.752685 0.750675 0.729542
threshold=3.5000000000000004 90.870902560488418 38.267591349181323 557583.33710668399 16.250000000000004 5502.0500000000011 1.0000000180025095e-35 79.583069121888784 196025.50567456087 1.0000000180025095e-35 8470.6000000000022 1.0000000180025095e-35 1.5000000000000002 1.0000000180025095e-35 13275.300000000001 3.5000000000000004 5.4500000000000011 42822.623074485171 13.500000000000002 7099.2000000000016 6470.4000000000005 32.167128224840511 1.0000000180025095e-35 388834.29802813922 6977.0500000000002 5.5500000000000007 2.5000000000000004 5.5000000000000009 65893.401104170844 5.5000000000000009 1.5000000000000002 4.5000000000000009 1.0000000180025095e-35 2.5000000000000004 8460.4500000000025 9720.7500000000018 59.762285152963059 9.5000000000000018 128369.29228227628 8836.1000000000022 9071.4500000000025 2.5000000000000004 1.0000000180025095e-35 -0.079999999999999988 102824.36253332206 27.843368585111389 5.5000000000000009 232142.10634987373 11.500000000000002 47291.434218360613 16.427268310526262 102824.36253332206 -0.68999999999999961 2.5000000000000004 26.775244254510117 1.5000000000000002 79.583069121888784 1.5000000000000002 149.90100000000004 147.54450000000003 5.5000000000000009 1.0000000180025095e-35
decision_type=2 2 2 2 2 2 2 2 2 2 2 2 2 2 2 2 2 2 2 2 2 2 2 2 2 2 2 2 2 2 2 2 2 2 2 2 2 2 2 2 2 2 2 2 2 2 2 2 2 2 2 2 2 2 2 2 2 2 2 2 2 2
left_child=1 2 3 16 -2 6 7 -3 -4 -10 -11 12 14 15 -6 20 -1 21 22 -20 -14 -18 23 24 26 27 52 -25 29 -24 31 32 -26 36 47 45 37 40 39 56 44 42 43 51 53 46 -33 -35 -41 -38 -28 -42 -13 54 -32 -27 -39 -34 -31 -56 -43 -45
right_child=4 5 8 -5 11 -7 -8 -9 9 10 -12 18 13 -15 -16 -17 17 -19 19 -21 -22 -23 28 25 30 55 50 -29 -30 58 33 35 57 34 -36 -37 49 38 -40 48 41 60 -44 61 -46 -47 -48 -49 -50 -51 -52 -53 -54 -55 59 -57 -58 -59 -60 -61 -62 -63
leaf_value=7.15807354238388e-05 0.00015068695734238508 -0.00058825699882588236 -4.8464425409511263e-05 -0.00060666454238550492 0.00081263184671715122 0.00050593711748092042 -0.00057519488332159752 0.0013341509367695804 0.00015239218513390539 -0.0006223987394392283 7.3132045305233473e-05 0.0011656230977033992 0.0016696469148456451 0.00092136494070957473 -0.0007744837112435279 0.0017091512799549365 0.00075937272364349248 0.00027389247022346707 -0.0016387152980685028 0.00013251567501198374 -0.00036476337859811493 0.0029287012723765767 -0.0010820015783522925 -0.00077177379714950972 0.00029118007626082143 -0.0003840657373158161 0.0010012287377364002 -0.00019681660736145556 -8.6547525039960534e-05 -0.00054126469599634418 -0.0023371593969735236 0.0027718330890115863 -0.00097904814532875179 -0.0024207475160327413 4.0853388329282315e-05 -9.6280218255319762e-05 0.0024402810457919422 -0.0019458523011587063 -0.00019542268680348428 -0.00011858860300459302 0.0029914097848222979 0.00037219770853733866 -0.00054380215566862211 0.00061169392742977627 -4.7916247721642149e-05 0.00028417681383537352 0.00048076773464372172 -0.00079718295128288093 -0.0016830429386540989 0.00016161779554296462 -8.8651939835533591e-05 0.0013292578431725348 0.00036189787303403192 -0.0010341629685590005 -0.00074358865248883195 0.00027624857896398585 -0.0043985872253721825 0.00027624768391986402 0.00037541118559929204 0.00122705374502204 -0.0001608222829845949 -0.0015544359398556272
leaf_weight=61828 76049 910 315134 4931 9047 24424 4426 1529 127593 10272 10771 3455 466 3415 1132 548 2937 68666 1365 75149 13993 437 5359 14435 4573 6836 1975 22263 488764 6214 373 1013 20864 2176 5348 37033 453 1353 10736 3341 1076 9381 3260 8648 35032 15491 1340 1899 1445 109681 23981 2390 35005 6298 785 14305 423 1306 3611 1266 22326 407
leaf_count=61828 76049 910 315134 4931 9047 24424 4426 1529 127593 10272 10771 3455 466 3415 1132 548 2937 68666 1365 75149 13993 437 5359 14435 4573 6836 1975 22263 488764 6214 373 1013 20864 2176 5348 37033 453 1353 10736 3341 1076 9381 3260 8648 35032 15491 1340 1899 1445 109681 23981 2390 35005 6298 785 14305 423 1306 3611 1266 22326 407
internal_value=4.45889e-07 5.30609e-05 3.70369e-05 0.000171121 -2.9409e-05 0.000361654 -0.000151669 0.000616893 -3.09245e-06 9.3104e-05 -0.000266387 -4.25653e-05 0.0002179 -1.31909e-05 0.00063613 -0.000225859 0.000199771 0.000309789 -4.99233e-05 0.000100917 -0.000299196 0.00104034 -6.2255e-05 -1.88857e-05 1.61384e-05 -0.00024544 0.000256876 -0.000422974 -9.943e-05 -0.000514111 -3.3931e-05 -0.000176988 -0.000700539 1.72592e-05 -0.000696478 7.81517e-05 4.80153e-05 -7.67658e-05 -0.000544549 -0.00111575 1.19182e-05 0.000193338 0.000588059 0.000882754 -0.000184984 0.000440164 0.0014671 -0.00166415 -0.000590932 0.00017099 -5.72258e-06 0.00184526 0.000434099 -0.000735518 4.04177e-05 6.27341e-05 -0.00253003 -0.000905101 -0.000204357 0.00047281 -3.12018e-06 0.000514332
internal_weight=1.75094e+06 633858 602569 138799 1.11708e+06 31289 6865 2439 463770 148636 21043 1.04104e+06 28601 18422 10179 15007 133868 72040 1.01243e+06 76514 14459 3374 935920 431972 374133 57839 64416 36698 503948 15184 309717 81620 26743 228097 9423 54877 218674 108540 17298 6562 91242 47488 15781 12521 43754 17844 2353 4075 4786 110134 25956 3466 38460 8722 2424 21141 1776 22170 9825 2051 31707 9055
internal_count=1750942 633858 602569 138799 1117084 31289 6865 2439 463770 148636 21043 1041035 28601 18422 10179 15007 133868 72040 1012434 76514 14459 3374 935920 431972 374133 57839 64416 36698 503948 15184 309717 81620 26743 228097 9423 54877 218674 108540 17298 6562 91242 47488 15781 12521 43754 17844 2353 4075 4786 110134 25956 3466 38460 8722 2424 21141 1776 22170 9825 2051 31707 9055
is_linear=0
shrinkage=0.05


Tree=78
num_leaves=63
num_cat=0
split_feature=25 5 36 39 0 16 36 31 0 39 36 0 35 40 0 31 31 37 38 31 34 39 36 36 0 1 5 5 38 36 31 40 40 5 31 40 34 5 31 35 0 5 38 31 0 38 1 38 35 34 38 40 0 0 31 35 31 31 38 34 7 35
split_gain=1.00863 1.63852 1.70036 1.86203 1.37399 1.30365 1.69083 1.30217 1.22693 1.50734 1.46764 1.35548 1.22213 1.84774 1.50407 1.30396 2.27652 1.09771 1.04431 1.01301 0.963441 0.956891 0.950569 0.872796 0.869288 0.858546 0.809868 0.801989 0.859147 1.33888 1.01564 0.767927 1.54265 0.874224 0.760834 0.758405 0.749623 0.713001 0.815882 1.54963 1.29708 1.28582 1.26342 0.981058 1.28033 0.96341 0.804403 0.709634 1.68919 1.15305 0.836385 1.00648 1.175 0.705996 0.989116 0.740555 0.820329 0.699188 0.698744 0.681747 0.678165 0.675911
threshold=6.1500000000000012 155.94500000000002 2.5000000000000004 40.468411694024446 263980.8041128458 -0.68999999999999961 1.5000000000000002 13.500000000000002 486911.16074045311 53.683904954241363 8.5000000000000018 119183.77044369353 1.0000000180025095e-35 57.988623973876336 124112.91938260027 4.5000000000000009 10.500000000000002 1.0000000180025095e-35 42.480292596993898 12.500000000000002 1.5000000000000002 8.4920239377530446 3.5000000000000004 7.5000000000000009 63849.442893499378 6.6300000000000008 146.49550000000002 141.85450000000003 47.919435598444082 1.0000000180025095e-35 1.5000000000000002 51.804072558978618 35.658598498077197 111.90800000000002 17.500000000000004 56.594378587300987 6.5000000000000009 147.54450000000003 2.5000000000000004 1.5000000000000002 284871.09759726474 128.04350000000002 78.069276146078423 3.5000000000000004 107350.76582284849 47.331900538319118 4.9650000000000007 53.846457922223536 1.5000000000000002 1.0000000180025095e-35 41.028922672855167 21.856266331385665 139624.24046483563 179159.95755766335 7.5000000000000009 1.0000000180025095e-35 3.5000000000000004 7.5000000000000009 67.94064088995917 5.5000000000000009 7.2500000000000009 1.0000000180025095e-35
decision_type=2 2 2 2 2 2 2 2 2 2 2 2 2 2 2 2 2 2 2 2 2 2 2 2 2 2 2 2 2 2 2 2 2 2 2 2 2 2 2 2 2 2 2 2 2 2 2 2 2 2 2 2 2 2 2 2 2 2 2 2 2 2
left_child=1 2 3 12 5 34 19 8 9 10 26 -12 14 37 15 21 20 -10 24 -7 -17 25 36 -9 -2 35 -4 28 29 -16 31 32 -30 -33 -3 -1 -6 38 40 42 45 -41 43 46 -45 -14 -40 48 49 50 51 -5 -53 54 55 -51 -57 -15 -43 -32 -11 -62
right_child=18 4 7 47 22 6 -8 23 17 60 11 -13 13 57 27 16 -18 -19 -20 -21 -22 -23 -24 -25 -26 -27 -28 -29 30 -31 59 33 -34 -35 -36 -37 -38 -39 39 41 -42 58 -44 44 -46 -47 -48 -49 -50 53 -52 52 -54 -55 -56 56 -58 -59 -60 -61 61 -63
leaf_value=0.00063326469158781536 0.001254423919605153 -0.00020333078537766101 -0.00038838913677646141 -5.8046856218845952e-05 -0.00020101816731870294 -0.00010998865900053276 0.00011880405593422673 0.00039972026993986723 0.00017412426942525327 -0.00042514314698210607 -0.0031284055212910697 -0.00058314241390561576 -7.5687224459327246e-05 -0.00042417161968312517 -0.00025204432574737459 0.002655162205107477 -0.00092285066147565541 0.0016256807104952226 3.5980655004309781e-05 0.0013227166244663925 0.00089799868117295236 -0.00021065462411303158 8.4835328539389551e-05 -0.00014733691320976489 0.00024822910434112497 -9.8929994052746341e-05 -7.9521779492338569e-05 0.00022918206794098788 0.0016388134375650487 0.00071871361501345743 0.00033272783125406379 0.0004492163654193158 -0.00043268282290283527 0.0018116768799920982 -0.0017562224219908327 0.0031196706636313007 -0.00078458961152173964 -6.0065238884674901e-05 0.001822856586316139 -0.0028922058528743052 -0.00053369326856637716 0.0003506890734430289 0.0017994020866713074 -0.00064012992575373693 0.0006588255906298246 0.00074027210902771669 0.00062028633651522948 5.8433777949731708e-05 0.00032889588234368748 -9.5293029313135304e-05 -9.7730630699357433e-05 -0.00016729760772601584 -0.00090512531225374619 0.00026109559422797605 -0.00050958802511112114 0.0013262328404267153 0.00013700141047865241 0.00012142812557741445 -0.0003807464219967121 0.0013418366379619935 0.00014605425825841195 -0.00013457682289149729
leaf_weight=678 2236 68161 58458 10596 181504 166417 188823 21020 11427 9546 863 1328 7534 19479 5814 1012 1557 1470 153174 1243 3404 21669 29913 11163 53653 1252 33320 18407 1795 9129 9515 1518 1800 5247 798 560 5675 17827 2383 345 6506 14682 2600 2651 6670 6959 3339 331142 21989 21835 28936 8342 15279 19176 11076 2091 4731 8406 4199 2031 47359 39230
leaf_count=678 2236 68161 58458 10596 181504 166417 188823 21020 11427 9546 863 1328 7534 19479 5814 1012 1557 1470 153174 1243 3404 21669 29913 11163 53653 1252 33320 18407 1795 9129 9515 1518 1800 5247 798 560 5675 17827 2383 345 6506 14682 2600 2651 6670 6959 3339 331142 21989 21835 28936 8342 15279 19176 11076 2091 4731 8406 4199 2031 47359 39230
internal_value=4.23595e-07 -1.35502e-05 3.00167e-05 7.09281e-05 -7.453e-05 -2.23006e-05 1.61946e-05 -8.55176e-05 -0.000132363 -0.00016438 -0.000306786 -0.00158568 0.000203688 8.82381e-05 0.000343735 5.95635e-05 0.000721067 0.000339573 0.000103483 -9.93668e-05 0.00130068 -0.000103985 -0.000176886 0.000209968 0.000288485 0.000824301 -0.000276255 0.000498699 0.000633329 0.000341013 0.000832731 0.00119214 0.000601625 0.00150595 -0.000221301 0.00175797 -0.000218711 0.000216413 0.000301586 0.000443274 5.28176e-05 0.00013275 0.00078166 0.000605756 0.000289388 0.000316106 0.00112111 1.81339e-05 -7.45066e-05 -0.000147178 -0.0002956 -0.00046293 -0.000644554 1.19363e-05 -0.000108313 4.67803e-05 0.000501511 -0.000259699 0.000188023 0.000510235 -2.51821e-05 1.89116e-05
internal_weight=1.75094e+06 1.54188e+06 899345 664161 642534 425442 356483 235184 203001 190104 93969 2191 188968 103580 85388 30132 5973 12897 209063 167660 4416 24159 217092 32183 55889 2490 91778 55256 36849 14943 21906 10360 3595 6765 68959 1238 187179 75695 57868 36869 20999 19226 17643 15043 9321 14493 5722 475193 144051 122062 63153 34217 23621 58909 39733 28657 6822 27885 18881 11546 96135 86589
internal_count=1750942 1541879 899345 664161 642534 425442 356483 235184 203001 190104 93969 2191 188968 103580 85388 30132 5973 12897 209063 167660 4416 24159 217092 32183 55889 2490 91778 55256 36849 14943 21906 10360 3595 6765 68959 1238 187179 75695 57868 36869 20999 19226 17643 15043 9321 14493 5722 475193 144051 122062 63153 34217 23621 58909 39733 28657 6822 27885 18881 11546 96135 86589
is_linear=0
shrinkage=0.05


Tree=79
num_leaves=63
num_cat=0
split_feature=31 38 28 32 3 40 34 32 3 32 13 3 34 32 36 2 38 34 34 31 38 40 31 34 36 38 31 36 17 38 3 40 36 34 25 40 34 3 40 3 38 40 2 40 38 38 31 36 2 36 36 5 34 32 40 3 32 32 36 3 38 31
split_gain=0.960188 1.47794 0.912734 0.818499 0.991684 0.82623 0.800955 0.853322 0.76204 0.664899 0.803189 0.619848 1.0092 1.08856 0.829269 0.730041 0.643093 0.608411 0.949192 0.75022 0.65904 0.648612 0.798029 1.1105 0.634288 0.621756 1.0555 1.42139 0.60549 0.747131 2.096 1.70519 1.5073 1.4641 1.02005 1.14687 0.830462 1.30975 0.710623 0.70425 0.651399 0.615538 0.983715 0.869302 1.11772 0.740708 0.61553 0.620577 0.612868 1.07438 0.588014 0.846703 0.835476 1.45879 2.75788 1.50191 1.51446 1.11383 1.77931 1.08732 1.0855 1.01181
threshold=3.5000000000000004 92.141395603122433 16.250000000000004 1.5000000000000002 5450.7000000000007 28.823499611686199 4.5000000000000009 2.5000000000000004 7019.4500000000007 18.500000000000004 1.1550000000000002 6366.0000000000009 2.5000000000000004 7.5000000000000009 1.5000000000000002 0.57000000000000017 77.479361840376527 5.5000000000000009 7.5000000000000009 7.5000000000000009 67.673301521217198 74.541265200395856 9.5000000000000018 6.5000000000000009 1.0000000180025095e-35 57.577786240640485 4.5000000000000009 2.5000000000000004 2067.5000000000005 58.055018653987837 8806.1000000000022 35.342559947574543 1.5000000000000002 1.0000000180025095e-35 5.9500000000000011 47.87487912400308 1.5000000000000002 10723.050000000001 7.4377195804676122 8388.7500000000018 66.896497778779192 49.845063248297357 1.6050000000000002 28.55233481138924 45.095943862670062 31.971115802845478 2.5000000000000004 1.5000000000000002 1.4550000000000003 1.0000000180025095e-35 3.5000000000000004 147.10600000000002 1.5000000000000002 1.0000000180025095e-35 42.609501144178694 8470.6000000000022 1.5000000000000002 3.5000000000000004 1.0000000180025095e-35 6470.4000000000005 54.104643964708778 5.5000000000000009
decision_type=2 2 2 2 2 2 2 2 2 2 2 2 2 2 2 2 2 2 2 2 2 2 2 2 2 2 2 2 2 2 2 2 2 2 2 2 2 2 2 2 2 2 2 2 2 2 2 2 2 2 2 2 2 2 2 2 2 2 2 2 2 2
left_child=1 3 6 28 -5 -6 -2 -8 -3 11 -11 12 13 -4 16 17 -14 25 19 -19 -20 22 23 -21 -25 -13 27 -27 -1 30 32 39 38 -34 -32 36 37 46 -30 40 -31 43 45 44 48 -43 -36 -48 49 -40 52 -52 53 -17 -55 56 -56 58 -58 -60 -61 -57
right_child=2 8 9 4 5 -7 7 -9 -10 10 -12 15 14 -15 -16 50 -18 18 20 21 -22 -23 -24 24 -26 26 -28 -29 29 31 34 -33 33 -35 35 -37 -38 -39 41 -41 -42 42 -44 -45 -46 -47 47 -49 -50 -51 51 -53 -54 54 55 61 57 -59 59 60 -62 -63
leaf_value=-0.00029016931089769778 0.0002039943772093367 0.00060289218448396093 -1.4509444700082459e-05 -0.00059604735617663283 -0.00093313815569346845 0.00061398469384214339 -0.00046478433447204228 0.00079212705558893049 1.2702484803388592e-05 0.00027638160052638011 -0.0010752106909698177 5.0410108352134943e-05 0.0009901778206892098 0.00087177572674635448 0.0024922783105895702 -0.00032766090687205669 -0.00012826513129405375 -0.00089004133651648205 -0.00082793269281582628 0.00037001127076120936 4.6024881200461503e-05 -4.6886999301367496e-05 0.00024545971610637858 -0.00028735661095457285 0.0016906802375920172 -0.00052626036800513685 -3.4978456503634769e-05 0.00036045613358504921 0.00058905452831030576 0.00022923727018202896 -7.2357772996053992e-05 4.9991834126272918e-05 -0.0001945176813588842 0.0005542303438293045 0.00054969109870871063 -0.00016948626403920559 -0.00014232501447888972 0.00028811554302983022 -0.00034454303824152664 2.9226255263894086e-05 0.00084631010213316788 -0.0010486056026326603 0.00030214218035500549 -0.0003625737298833232 0.00040479348343508279 -0.0001126255257088362 0.0014681554184655041 0.00028677067308998598 -0.0003893860922599651 0.00027302237810475762 -0.00020702735006052384 7.4934843794830189e-05 -4.8125925371980259e-05 0.00023449115869068231 -4.5855148344340135e-05 0.00068191192385702506 0.0002990361796213269 -0.00035634346023020682 0.00077097790422789357 -0.0025714179775275597 -0.0011093288017692171 -0.00012214445106482124
leaf_weight=14955 65738 17766 55100 2295 919 14152 8713 1598 7902 23970 1152 155820 3111 3697 598 102126 2190 1203 3196 5018 6636 6569 11472 455 3709 23943 170141 5571 2955 6546 26629 281716 11580 14968 6514 10381 5846 25761 14223 6507 12337 2569 14683 68341 9220 11928 5472 1395 22348 13950 36590 97763 201184 45799 20727 5828 2443 21431 670 1464 9554 11905
leaf_count=14955 65738 17766 55100 2295 919 14152 8713 1598 7902 23970 1152 155820 3111 3697 598 102126 2190 1203 3196 5018 6636 6569 11472 455 3709 23943 170141 5571 2955 6546 26629 281716 11580 14968 6514 10381 5846 25761 14223 6507 12337 2569 14683 68341 9220 11928 5472 1395 22348 13950 36590 97763 201184 45799 20727 5828 2443 21431 670 1464 9554 11905
internal_value=4.02415e-07 4.95565e-05 -2.74887e-05 3.38716e-05 0.0003722 0.000519644 0.00013973 -0.000269988 0.0004212 -3.97042e-05 0.000214403 -4.59879e-05 0.000103769 4.12178e-05 0.000727229 -5.61734e-05 0.000528116 -4.05166e-06 0.000185406 0.000331876 -0.000238065 0.000385873 0.000523512 0.000870911 0.00147454 -2.4442e-05 -8.286e-05 -0.000358886 2.39272e-05 3.20841e-05 -2.87947e-05 8.5362e-05 -0.000121314 0.000227633 0.000181935 0.000304234 0.000413546 0.000496567 -0.000179135 0.000477814 0.000632395 -0.00019357 1.36768e-05 -0.000240785 -0.000101464 -0.00027849 0.000897876 0.00122816 -0.000193856 -3.87525e-05 -9.29854e-05 -1.85538e-06 -0.000121921 -0.000188813 -7.04693e-05 -0.000259155 -0.000385568 -0.000583566 -0.000928171 -0.00118468 -0.0013036 0.000142111
internal_weight=1.75094e+06 633858 1.11708e+06 608190 17366 15071 76049 10311 25668 1.04104e+06 25122 1.01591e+06 64696 58797 5899 951217 5301 393733 38258 28426 9832 27223 20654 9182 4164 355475 199655 29514 590824 575869 268763 307106 186765 26548 81998 55369 44988 39142 160217 25390 18883 157262 29180 128082 59741 14497 13381 6867 50521 28173 557484 134353 423131 221947 119821 74022 56289 35562 14131 11688 11018 17733
internal_count=1750942 633858 1117084 608190 17366 15071 76049 10311 25668 1041035 25122 1015913 64696 58797 5899 951217 5301 393733 38258 28426 9832 27223 20654 9182 4164 355475 199655 29514 590824 575869 268763 307106 186765 26548 81998 55369 44988 39142 160217 25390 18883 157262 29180 128082 59741 14497 13381 6867 50521 28173 557484 134353 423131 221947 119821 74022 56289 35562 14131 11688 11018 17733
is_linear=0
shrinkage=0.05


Tree=80
num_leaves=63
num_cat=0
split_feature=0 31 38 39 39 0 39 36 37 38 3 40 36 35 39 38 0 0 3 3 27 40 40 35 31 3 34 34 5 35 2 34 27 40 6 0 40 36 31 0 36 38 40 3 0 3 17 31 0 40 35 34 5 36 0 3 34 1 0 34 34 31
split_gain=1.04605 0.890229 1.32576 0.947743 1.0148 0.954549 0.899783 0.93789 1.16959 0.818427 1.67967 1.17938 0.917057 1.24533 1.31793 0.884099 0.879184 0.801705 0.788774 0.754001 0.74807 0.742397 0.737218 0.733342 0.714388 1.6066 0.797233 1.0113 1.29325 2.37823 1.60188 0.947178 0.697891 0.692726 0.688615 0.746413 0.656732 1.01904 1.4841 0.972657 0.961624 0.87967 0.648411 0.63855 0.633864 0.619698 0.610392 0.610315 0.581977 0.577663 0.574739 1.44849 1.395 1.95321 2.15595 2.06391 1.50347 1.09274 1.08797 0.961543 0.906365 1.38371
threshold=29518.654949670719 3.5000000000000004 93.369503503887401 90.244240615374352 37.939089223299568 557583.33710668399 1.0000000180025095e-35 1.5000000000000002 1.0000000180025095e-35 58.055018653987837 8806.1000000000022 35.342559947574543 1.5000000000000002 1.0000000180025095e-35 61.223119538989174 14.343312715759373 247995.92517238567 227204.03761758469 13355.250000000002 13721.400000000003 40.650000000000013 16.006509382213746 49.845063248297357 3.5000000000000004 13.500000000000002 7126.3000000000011 8.5000000000000018 6.5000000000000009 162.25050000000002 1.5000000000000002 2.1300000000000003 9.5000000000000018 39.650000000000013 16.409461759975482 206.50000000000003 307020.92228671111 74.541265200395856 1.0000000180025095e-35 9.5000000000000018 212150.63016349645 2.5000000000000004 50.271006424337479 73.787644704468065 6909.3500000000013 237216.78983647289 5502.0500000000011 1509.5000000000002 1.0000000180025095e-35 330857.96262682101 79.583069121888784 1.0000000180025095e-35 4.5000000000000009 172.49600000000001 1.5000000000000002 189049.91589329031 8520.2500000000018 5.5000000000000009 5.8350000000000009 266139.69614898512 5.5000000000000009 4.5000000000000009 6.5000000000000009
decision_type=2 2 2 2 2 2 2 2 2 2 2 2 2 2 2 2 2 2 2 2 2 2 2 2 2 2 2 2 2 2 2 2 2 2 2 2 2 2 2 2 2 2 2 2 2 2 2 2 2 2 2 2 2 2 2 2 2 2 2 2 2 2
left_child=33 2 3 4 5 -2 7 18 23 10 12 32 13 21 15 -15 -16 46 -3 24 -12 -6 -17 -9 26 -26 27 34 36 30 -30 -28 -11 -1 50 -36 37 41 -39 40 -40 -29 -35 -4 -14 47 -13 49 -31 -5 60 -52 53 57 55 -55 -54 -53 -58 -57 -8 -62
right_child=1 6 43 45 9 -7 19 8 -10 11 20 17 44 14 16 22 -18 -19 -20 -21 -22 -23 -24 -25 25 -27 31 28 29 48 -32 -33 -34 42 35 -37 -38 38 39 -41 -42 -43 -44 -45 -46 -47 -48 -49 -50 -51 51 52 56 54 -56 59 58 -59 -60 -61 61 -63
leaf_value=-0.00069346925027071122 0.00016630029702456684 0.00074977436488100685 0.00061812319896121062 -0.00037172408491349131 0.00017478233394841369 -0.00059076675394157752 -5.8975099678435689e-05 -0.00022041584566452515 0.00085127461107901948 0.00055212787063805321 0.00022996489698839099 -0.00058411624894358328 9.0729297042220795e-06 0.00095991270560391844 0.00058251706153036984 -0.00043957386954164243 -0.00032925533910004208 0.00018332024566317435 -0.00053456452983231112 0.00027739238467137803 -0.00012424514335004235 -0.00042856036367895075 0.0004942738291490394 0.0016459058811031547 -0.0013666420790121446 0.00013339509455817958 -0.00084348385386864724 -0.0027557303744498106 -0.0002594965407778947 0.0014042511676038857 -0.0018663059399756116 0.00029263413027176029 -0.00026383534496397283 0.0010063229081636272 0.00010665368094078085 -0.00015250633186169566 4.3862541787599642e-05 0.0013622863921222313 0.00019190627548375469 0.0011803622128480898 -0.0022452865894685898 1.3656717096909941e-05 -0.00073563759880144921 2.5519049003513592e-05 0.00087207807290273906 0.00043999248227784412 -2.3112352312416052e-05 -0.00049857207180053532 -0.00081158012268304168 0.0012625344112878953 -8.065203937777292e-05 3.5189670982184092e-05 -0.00033813687821101785 -0.0017823030699160279 -0.00014462480424899877 -0.00081441030971338754 -0.0021219770412644139 0.001229492084257337 -0.0006694179333248001 0.0005595502623347851 -0.00093959628746625708 0.00028311965105905001
leaf_weight=863 125059 10042 14595 968 5531 4307 322201 15380 3514 15968 43326 4980 15470 1400 10632 19188 3519 52295 1357 18728 22724 65213 2375 545 1826 79541 6480 364 7464 2262 1958 2559 3135 5153 107693 37443 8452 5581 6887 2564 430 1351 596 6602 2467 21874 183775 3960 341 1225 371009 16722 6817 4995 18249 4388 2857 2163 2349 1794 2479 34730
leaf_count=863 125059 10042 14595 968 5531 4307 322201 15380 3514 15968 43326 4980 15470 1400 10632 19188 3519 52295 1357 18728 22724 65213 2375 545 1826 79541 6480 364 7464 2262 1958 2559 3135 5153 107693 37443 8452 5581 6887 2564 430 1351 596 6602 2467 21874 183775 3960 341 1225 371009 16722 6817 4995 18249 4388 2857 2163 2349 1794 2479 34730
internal_value=-2.61063e-07 -2.64074e-06 4.48282e-05 3.13069e-05 1.76161e-05 0.000141095 -2.95226e-05 0.000236793 2.56393e-05 -1.77248e-05 -9.60734e-05 4.00519e-05 -0.000203278 -0.000258331 -2.37671e-05 -0.000257665 0.000355782 1.00824e-05 0.00059688 -3.71081e-05 0.000108102 -0.000381389 -0.000336718 -0.000156545 -4.26441e-05 9.9732e-05 -5.44341e-05 -5.00944e-05 0.000203968 -0.000223821 -0.00059341 -0.000521841 0.00041822 0.000627447 -6.03162e-05 3.97941e-05 0.000404684 0.000582227 0.000710487 0.000342337 4.86791e-05 -0.000574132 0.000825734 0.000433551 0.000127768 0.000315297 -3.79135e-05 -0.000127998 0.00111397 0.000541165 -7.86906e-05 -0.000117601 -0.000344812 -0.000224873 -0.000479564 -0.00102643 -0.000826751 0.00017198 -0.00146657 -0.000415691 -3.19923e-05 0.000201658
internal_weight=1.75072e+06 1.7441e+06 630588 609391 581364 129366 1.11352e+06 30838 19439 451998 191845 260153 125795 107858 37114 22963 14151 241050 11399 1.08268e+06 66050 70744 21563 15925 1.06395e+06 81367 982582 973543 37654 12025 9422 9039 19103 6612 935889 145136 25629 17177 15462 9881 7317 1715 5749 21197 17937 28027 188755 6153 2603 2193 790753 431343 60334 48311 29426 11177 12023 18885 5206 6182 359410 37209
internal_count=1750715 1744103 630588 609391 581364 129366 1113515 30838 19439 451998 191845 260153 125795 107858 37114 22963 14151 241050 11399 1082677 66050 70744 21563 15925 1063949 81367 982582 973543 37654 12025 9422 9039 19103 6612 935889 145136 25629 17177 15462 9881 7317 1715 5749 21197 17937 28027 188755 6153 2603 2193 790753 431343 60334 48311 29426 11177 12023 18885 5206 6182 359410 37209
is_linear=0
shrinkage=0.05


Tree=81
num_leaves=63
num_cat=0
split_feature=0 6 0 39 0 39 7 20 37 3 3 19 20 21 18 31 0 24 4 0 39 31 35 0 0 38 35 39 17 31 3 40 0 2 39 35 39 3 31 35 38 35 40 0 0 33 38 39 40 31 5 37 40 40 39 31 31 38 3 31 18 38
split_gain=0.944058 0.83553 1.45567 1.30971 1.3042 1.12426 1.06156 1.00518 0.885295 0.835085 0.880556 0.821707 1.36002 1.78859 0.895091 0.854016 0.994378 0.778265 0.772525 0.767974 0.735923 1.04026 0.848852 0.72229 0.709756 0.696424 0.67476 0.64693 0.637168 0.636319 0.889107 0.625186 0.624221 1.44431 0.921639 0.620173 0.587574 1.14639 0.61396 0.878116 0.591025 0.700245 1.07765 0.865879 0.74456 0.722839 0.625316 0.613717 0.585191 0.561266 0.559611 1.15355 0.548821 0.537936 0.521536 0.573021 0.519879 0.632397 0.506858 0.505506 0.504808 0.496701
threshold=29518.654949670719 167.35000000000005 368781.28033656598 5.1522609290423373 430113.39156991697 92.794822233140906 8.0500000000000025 638.50000000000011 1.0000000180025095e-35 6559.9000000000005 9831.8500000000004 126750.00000000001 819.50000000000011 1811.5000000000002 29245.500000000004 7.5000000000000009 97249.082666549933 6.6500000000000012 5.6050000000000013 104596.30476177733 9.7742184216028196 1.0000000180025095e-35 3.5000000000000004 184515.61700879913 151997.2635658581 19.289937145259795 1.0000000180025095e-35 31.101485519200541 6377.0000000000009 1.5000000000000002 5830.1500000000005 16.409461759975482 61562.3853665934 0.70500000000000018 53.382564551629208 2.5000000000000004 29.447328968923468 6434.8500000000013 2.5000000000000004 1.5000000000000002 28.630720474891238 1.0000000180025095e-35 54.016470180854661 111514.69409797566 182388.93949704725 1.0000000180025095e-35 48.494496274627444 28.74490525703597 73.787644704468065 4.5000000000000009 179.25550000000001 1.0000000180025095e-35 20.066042525664589 40.485651506593612 97.987117009455048 1.0000000180025095e-35 8.5000000000000018 53.523997500622976 13492.650000000003 12.500000000000002 23812.500000000004 70.135466547132168
decision_type=2 2 2 2 2 2 2 2 2 2 2 2 2 2 2 2 2 2 2 2 2 2 2 2 2 2 2 2 2 2 2 2 2 2 2 2 2 2 2 2 2 2 2 2 2 2 2 2 2 2 2 2 2 2 2 2 2 2 2 2 2 2
left_child=31 4 3 9 20 7 18 58 11 -3 26 12 14 -14 17 16 25 27 35 -7 21 -2 -23 -12 52 -15 -11 -9 -21 -26 -31 -1 33 -13 -35 50 37 38 40 -40 47 43 44 -42 53 46 -45 -34 -33 -6 51 -4 -10 -43 -22 -56 57 -28 -5 -37 -29 -55
right_child=1 2 6 5 49 19 -8 8 24 10 23 32 13 15 -16 -17 -18 -19 -20 28 54 22 -24 -25 29 -27 56 60 -30 30 -32 48 36 34 -36 59 -38 -39 39 -41 41 42 -44 45 -46 -47 -48 -49 -50 -51 -52 -53 -54 61 55 -57 -58 -59 -60 -61 -62 -63
leaf_value=-0.00065879578489386756 0.0015451009591773328 0.00061729026895083528 -0.00016138150504412655 -0.00032082083203977847 -0.00023776709363806546 0.00065616361324312487 0.00027230478579785789 -0.00054480033164074548 -0.00099363507988648099 0.00053488549813179734 0.00073809651843827694 0.0004028587177684474 -0.00013984383811696009 0.0041146859753131114 -3.3388530859787816e-05 0.0001272623632601389 0.0007122631258827042 0.0012011649372846997 0.00060477186601463385 0.00046982220970946572 -7.5000301681158414e-05 -0.00052407830429184149 0.0017314013902414744 5.1822823024591437e-05 -0.0014158654890239803 0.0014882812476407503 -0.00017555380954914287 0.0025500257112265386 6.4734620465399702e-05 0.0029831302548548322 5.0781276029753952e-05 0.00095600676038629204 -0.00052612915838622521 -0.00071319649303206454 -1.2945837155013948e-05 -3.7985828125559917e-05 1.1386542955030314e-05 1.53730012717682e-05 0.00092429744508676663 6.8004975123449809e-05 -6.1472041156513649e-06 0.00058858242190872685 -0.00048293412311098952 0.00037487084850913461 3.7600032233580326e-05 -0.00049248243674262788 0.0014349946557793999 0.0016401618254762624 -0.00069885572430430573 0.00030317992373657545 -0.00032816649604357749 0.00072129583253764673 -0.00029646584121732783 0.0015110859687169559 0.0016268786647076613 -0.00075159975239037996 0.0001433600513051175 -0.0014467014310468708 0.00020460615261770013 0.00052727317535600953 0.0003724687422742754 0.0042670412915453001
leaf_weight=863 662 14908 95942 31019 5709 9148 17064 1858 3370 1813 6817 6908 8323 278 48177 4401 11692 2903 3429 12716 300315 18087 427 8762 724 2741 1744 335 41026 263 15112 5153 3769 11933 7751 33045 780021 71433 8678 4571 3918 1295 5276 2046 3197 807 4345 358 596 29955 53161 3850 17388 663 269 4319 1761 2229 5387 4493 1295 217
leaf_count=863 662 14908 95942 31019 5709 9148 17064 1858 3370 1813 6817 6908 8323 278 48177 4401 11692 2903 3429 12716 300315 18087 427 8762 724 2741 1744 335 41026 263 15112 5153 3769 11933 7751 33045 780021 71433 8678 4571 3918 1295 5276 2046 3197 807 4345 358 596 29955 53161 3850 17388 663 269 4319 1761 2229 5387 4493 1295 217
internal_value=-2.4801e-07 -2.5087e-06 1.51328e-05 3.6874e-05 -7.03968e-05 2.72054e-05 -0.000105779 1.51567e-05 2.42307e-05 0.000325487 0.000137379 3.31076e-05 0.000184749 0.000471923 4.03678e-05 0.000738338 0.00092115 0.000596362 -0.000139049 0.00023267 -0.000101978 -0.000402422 -0.000472059 0.00035212 -0.000216421 0.00173013 -0.000305904 9.2995e-05 0.000160583 3.27277e-05 0.000100941 0.000596074 1.95498e-05 -0.000219162 -0.000437458 -0.000152438 2.66774e-05 0.000134545 0.000352041 0.00062887 0.000210381 0.000314408 2.46299e-05 0.000591986 0.000523124 0.000917561 0.00109561 -0.000338212 0.000784447 0.000216587 -0.000197132 -0.000127328 -0.000409649 0.00123679 -8.3083e-05 -0.000612147 -0.000571749 -0.000888715 -0.000243073 2.96712e-05 0.000820003 0.00219068
internal_weight=1.75072e+06 1.7441e+06 1.38436e+06 1.17338e+06 359743 1.13534e+06 210984 1.07245e+06 1.03605e+06 38034 23126 999189 82003 27435 54568 19112 14711 6391 193920 62890 324079 19176 18514 15579 36857 3019 7547 3488 53742 16099 15375 6612 917186 26592 19684 190491 890594 110573 39140 13249 25891 21764 10648 11116 5372 7198 6391 4127 5749 35664 152953 99792 20758 2175 304903 4588 5734 3973 36406 37538 1630 880
internal_count=1750715 1744103 1384360 1173376 359743 1135342 210984 1072452 1036046 38034 23126 999189 82003 27435 54568 19112 14711 6391 193920 62890 324079 19176 18514 15579 36857 3019 7547 3488 53742 16099 15375 6612 917186 26592 19684 190491 890594 110573 39140 13249 25891 21764 10648 11116 5372 7198 6391 4127 5749 35664 152953 99792 20758 2175 304903 4588 5734 3973 36406 37538 1630 880
is_linear=0
shrinkage=0.05


Tree=82
num_leaves=63
num_cat=0
split_feature=0 3 5 0 39 38 35 32 0 38 0 40 35 40 38 39 40 24 38 39 40 39 0 35 40 35 39 0 40 35 0 7 3 32 34 39 40 38 0 39 3 34 40 38 3 34 34 0 34 32 3 32 35 0 35 39 5 40 38 35 40 40
split_gain=0.852012 0.817005 0.877216 2.13529 1.66266 2.11959 1.54975 1.71014 1.60606 1.2108 1.22982 1.09823 0.991163 0.870198 1.18472 1.0134 0.837437 0.815224 0.804321 0.802242 0.779129 0.756496 0.744154 0.953324 0.744044 0.675183 1.07535 1.06884 0.825239 0.732063 1.06438 1.12997 1.04511 0.903331 0.776469 0.832354 0.968662 1.11173 0.844901 0.775504 0.758206 0.952986 0.802042 0.757001 0.678405 0.994384 1.6099 2.26858 1.41467 1.55684 2.15753 1.04481 0.975947 0.933307 0.903996 0.813804 0.776524 0.742935 0.703935 0.672789 2.02633 1.38424
threshold=29518.654949670719 13772.600000000002 138.727 95333.484160635562 47.228531032352613 54.104643964708778 1.0000000180025095e-35 1.0000000180025095e-35 253672.00931417767 68.627032983435114 161110.57583375453 63.106407594641603 1.0000000180025095e-35 28.22726150129866 31.626807713488965 15.131980675403105 15.607806296551226 6.3500000000000005 92.141395603122433 57.632095186290144 43.765225694568201 95.905980477916927 230482.02212884036 1.0000000180025095e-35 44.824997539998627 3.5000000000000004 17.855285984510253 103700.68421234943 14.081108054827103 1.0000000180025095e-35 405277.0510294133 5.5500000000000007 7271.2000000000016 11.500000000000002 4.5000000000000009 53.714205897332796 77.677746894806162 50.271006424337479 120862.1988182343 17.120543054756244 11095.450000000003 7.5000000000000009 29.689690376900739 82.598203733727004 7923.6500000000005 5.5000000000000009 6.5000000000000009 228868.4955364714 1.5000000000000002 2.5000000000000004 7500.7000000000007 1.5000000000000002 2.5000000000000004 326979.73610281601 1.5000000000000002 60.470449963682945 171.49700000000004 47.87487912400308 41.562238021879743 1.5000000000000002 15.142803941095353 24.378235175635222
decision_type=2 2 2 2 2 2 2 2 2 2 2 2 2 2 2 2 2 2 2 2 2 2 2 2 2 2 2 2 2 2 2 2 2 2 2 2 2 2 2 2 2 2 2 2 2 2 2 2 2 2 2 2 2 2 2 2 2 2 2 2 2 2
left_child=-1 2 3 16 6 12 9 11 -9 10 -5 -8 -6 -12 -15 -16 -2 25 22 -14 -11 -21 23 -7 -19 29 28 -28 -27 30 32 -32 33 39 35 36 -34 -38 43 -4 41 42 -36 -39 45 48 51 57 52 50 -50 53 55 -47 56 58 -49 -48 59 61 -61 -31
right_child=1 -3 17 4 5 18 7 8 -10 20 13 -13 19 14 15 -17 -18 24 -20 21 -22 -23 -24 -25 -26 26 27 -29 -30 44 31 -33 34 -35 40 -37 37 38 -40 -41 -42 -43 -44 -45 -46 46 47 54 49 -51 -52 -53 -54 -55 -56 -57 -58 -59 -60 60 -62 -63
leaf_value=0.00056627069863962761 -0.00095923985076484201 0.00032950459873823536 0.00058370685289665578 -7.3135211261305762e-06 -0.0004438545952404183 -5.8599169167470667e-05 1.4976621909010211e-05 0.00088037533833134729 4.4185708173606329e-05 0.0016562533994387979 0.00096230289881635918 -0.00067667019448558311 -0.00038180034920838954 -0.00087389783351718995 0.0013605399774969766 0.00022893245637357944 -0.0001504785401717658 0.0001854547367307833 0.00050875680624656242 0.00031088214247662973 0.00068707841920303062 -0.0017993035929992605 0.00028879329780306332 0.00027827458364696682 -1.4330694975375676e-05 0.0021119062179954292 0.00078284454434636257 -2.0843324252883373e-05 0.00048204935433155988 -0.00089007119913085209 -0.00038674153816902227 9.0198335361459176e-05 -0.00012480503658008409 -0.0016265403821252807 -0.00041477589959241574 4.1514303011367614e-07 -0.0034466253313743707 -0.0018527044633979426 -0.00016899696401190994 0.00010693307853425145 -0.00027495733783523244 -0.00025376651320690985 0.00041107076991915841 -0.00026157418523552954 -4.4249769045059557e-05 -0.0022982660495266603 -0.00087994529631487241 -4.2791079001332278e-06 0.00024404492904166113 0.0033954208623491002 -0.0011147782301531056 -0.00056125353977078813 1.2659393474901541e-05 -0.00057946193222249405 0.00033524665981081886 -6.4326751340338883e-05 -0.0015516931623265583 0.0010780874938168263 -0.00024782604317307556 0.00030772065843881881 -0.0012054050871584006 6.7370462072986441e-05
leaf_weight=6612 3362 18348 9126 16481 28424 83037 23218 10240 13074 2473 8441 7624 8327 1820 2620 8080 66734 81125 12466 13059 12843 439 35772 28111 109513 1106 4709 34054 2608 6575 35496 19102 110875 729 3223 211906 347 1853 5211 130384 8949 8333 33475 1253 312265 2210 560 1124 32580 367 3209 5213 42922 1229 1450 34870 2909 3591 53741 2920 9133 8865
leaf_count=6612 3362 18348 9126 16481 28424 83037 23218 10240 13074 2473 8441 7624 8327 1820 2620 8080 66734 81125 12466 13059 12843 439 35772 28111 109513 1106 4709 34054 2608 6575 35496 19102 110875 729 3223 211906 347 1853 5211 130384 8949 8333 33475 1253 312265 2210 560 1124 32580 367 3209 5213 42922 1229 1450 34870 2909 3591 53741 2920 9133 8865
internal_value=-2.35609e-07 -2.38327e-06 -5.91186e-06 6.04297e-05 0.000115722 3.38879e-05 0.000276182 8.82916e-05 0.000411458 0.000469052 0.000315853 -0.000155995 -0.000249268 0.000569949 0.000305423 0.000506018 -0.000189269 -2.50668e-05 0.000123157 4.15414e-06 0.000843566 0.000242252 9.04396e-05 2.66013e-05 7.06869e-05 -4.09613e-05 0.000154662 7.67901e-05 0.000967408 -4.84744e-05 -9.75416e-06 -0.000219876 1.20701e-05 0.000128948 -3.04565e-05 -5.90965e-05 -0.000164592 -0.000673758 -0.000558069 0.000138121 0.000145397 0.000228934 0.000338541 -0.00121082 -9.12107e-05 -0.000159906 -0.000512473 -6.78778e-05 -0.000126875 0.000155431 0.000122207 -0.00100753 -0.00019106 -0.00168401 -0.000735469 -0.000266372 -0.00112043 0.000813935 -0.000353101 -0.000558884 -0.00083883 -0.000340348
internal_weight=1.75072e+06 1.7441e+06 1.72576e+06 386645 316549 209635 106914 54156 23314 52758 37442 30842 50249 20961 12520 10700 70096 1.33911e+06 159386 21825 15316 13498 146920 111148 190638 1.14847e+06 42477 38763 3714 1.106e+06 580262 54598 525664 140239 385425 331445 119539 8664 8317 139510 53980 45031 36698 3106 525733 213468 18286 9634 195182 36156 35789 8652 159026 3439 5483 116104 4033 4151 81234 27493 12053 15440
internal_count=1750715 1744103 1725755 386645 316549 209635 106914 54156 23314 52758 37442 30842 50249 20961 12520 10700 70096 1339110 159386 21825 15316 13498 146920 111148 190638 1148472 42477 38763 3714 1105995 580262 54598 525664 140239 385425 331445 119539 8664 8317 139510 53980 45031 36698 3106 525733 213468 18286 9634 195182 36156 35789 8652 159026 3439 5483 116104 4033 4151 81234 27493 12053 15440
is_linear=0
shrinkage=0.05


Tree=83
num_leaves=63
num_cat=0
split_feature=25 5 36 39 0 6 36 31 32 0 39 35 36 36 26 0 35 0 31 31 36 3 32 0 34 36 33 37 3 34 0 38 36 39 3 0 35 32 32 39 38 34 32 36 36 34 34 31 5 38 3 31 0 39 32 3 32 32 34 36 3 34
split_gain=0.806162 1.11317 1.36783 1.48413 1.09311 1.50422 1.3949 1.18007 1.0688 1.25854 1.44301 1.40836 1.05445 0.934677 0.920435 0.904656 0.900377 1.2058 1.28037 2.12459 1.18436 1.03026 1.50445 1.57117 1.41311 1.14274 0.881627 0.878346 0.865806 1.70301 0.914656 1.11401 0.936595 0.993049 0.8293 0.819506 1.1389 0.814737 0.773881 0.768701 0.765912 0.750884 0.875385 0.929438 0.990626 0.883906 0.747092 0.74212 0.731103 0.723632 0.75624 0.700546 0.700157 0.711151 0.836275 0.688205 0.682889 1.36258 1.01431 0.873062 0.720801 0.743606
threshold=6.4500000000000011 155.67300000000003 2.5000000000000004 44.157448059010569 246139.25663713223 171.10000000000002 1.5000000000000002 12.500000000000002 14.500000000000002 468459.40111072798 53.683904954241363 4.5000000000000009 3.5000000000000004 8.5000000000000018 6.3500000000000005 130857.76282736774 1.0000000180025095e-35 142184.28379987078 4.5000000000000009 9.5000000000000018 1.0000000180025095e-35 8520.2500000000018 1.0000000180025095e-35 63849.442893499378 2.5000000000000004 1.5000000000000002 1.0000000180025095e-35 1.0000000180025095e-35 6304.4500000000016 1.5000000000000002 423306.83129810268 47.919435598444082 1.0000000180025095e-35 4.4600743824042466 8836.1000000000022 149257.18141648694 1.5000000000000002 1.0000000180025095e-35 2.5000000000000004 22.765566358351226 42.480292596993898 6.5000000000000009 1.5000000000000002 1.5000000000000002 6.5000000000000009 4.5000000000000009 5.5000000000000009 3.5000000000000004 146.49550000000002 31.626807713488965 5983.7500000000009 2.5000000000000004 303945.48690115829 90.870902560488418 18.500000000000004 6025.6500000000005 1.0000000180025095e-35 2.5000000000000004 3.5000000000000004 5.5000000000000009 13275.300000000001 2.5000000000000004
decision_type=2 2 2 2 2 2 2 2 2 2 2 2 2 2 2 2 2 2 2 2 2 2 2 2 2 2 2 2 2 2 2 2 2 2 2 2 2 2 2 2 2 2 2 2 2 2 2 2 2 2 2 2 2 2 2 2 2 2 2 2 2 2
left_child=1 2 3 16 5 39 7 14 9 10 11 13 -6 48 -7 46 17 18 -1 20 -20 22 -18 -24 25 -23 28 -11 30 38 31 32 33 -19 -31 -26 -37 -14 47 -3 -2 42 51 45 -45 -44 -16 -30 -4 50 -35 -41 53 -10 -55 -12 60 58 -58 -60 61 -8
right_child=40 4 8 -5 12 6 56 -9 52 27 55 -13 37 -15 15 -17 21 26 19 -21 -22 24 23 -25 35 -27 -28 -29 29 34 -32 -33 -34 49 -36 36 -38 -39 -40 41 -42 -43 43 44 -46 -47 -48 -49 -50 -51 -52 -53 -54 54 -56 -57 57 -59 59 -61 -62 -63
leaf_value=-4.914737820798975e-05 0.00027529844314018849 -0.00075498275768782477 -0.00038132398142453049 9.808848550031154e-06 -0.00018240691918117527 -0.0002942025148244761 7.9843449531397323e-05 0.0014064338907976278 0.0010794282040799802 0.00020040814915455634 -0.00072149530436896596 0.00071464208560613506 0.00020277421520807366 -0.0010081792858521142 0.00010272067976468095 -0.00011739102797243707 -0.00025367268215489169 0.0018301135083949847 -0.00052757194523269182 -0.00032723692735745689 0.001613623499772185 0.00087220094512826987 -0.0018186252365290274 0.0002327205787363538 -0.00048678088248151671 9.2821420233305386e-05 -0.00017033465096244309 0.0014352056973643203 2.9871567575294224e-05 9.9105960503305693e-06 9.2548964825723231e-06 0.0010388432926721877 0.00073553749520778458 -0.0015316973530980816 0.00097276012178710246 0.00078083447819378535 -0.00028047797903851666 -0.00051602269997261404 0.00037599837279111634 -0.0007396975529616039 3.8524670527409136e-05 0.00055407628538662332 -0.00085597505929090089 -0.0016363878149479939 0.00022499806223045686 0.00061563382126501626 0.00088836182123586127 -0.0011753535558027431 -8.6049408212159254e-05 0.00023048474473805352 0.001034916919528285 -7.1969863014977625e-05 1.4264608741139008e-05 -0.00095582604797073145 0.0013414394823274833 1.3467639162653302e-05 0.00059862041834304381 -0.00024817868604252297 0.00013571235740316272 -0.0015372322717327239 0.0003919161823837455 -0.00027134303749107817
leaf_weight=35444 46596 6418 58489 441935 219390 40824 122107 1333 4467 14178 3287 3472 30983 4571 41495 85592 38006 556 761 3410 4267 12408 956 39547 6474 7574 5486 1603 2164 3372 4796 15623 8064 1683 6640 4902 5219 4517 2573 4347 127920 3302 2165 3229 918 1930 3264 3117 32675 2097 346 40758 6886 1088 623 102773 24985 8614 4463 945 15892 17196
leaf_count=35444 46596 6418 58489 441935 219390 40824 122107 1333 4467 14178 3287 3472 30983 4571 41495 85592 38006 556 761 3410 4267 12408 956 39547 6474 7574 5486 1603 2164 3372 4796 15623 8064 1683 6640 4902 5219 4517 2573 4347 127920 3302 2165 3229 918 1930 3264 3117 32675 2097 346 40758 6886 1088 623 102773 24985 8614 4463 945 15892 17196
internal_value=-2.23829e-07 -1.15136e-05 2.53092e-05 6.22671e-05 -5.9462e-05 -1.08081e-05 2.7984e-05 -7.54833e-05 -7.84739e-05 -0.000104446 -0.000137526 -0.000274598 -0.000141499 -0.000310475 -8.70235e-05 -2.21381e-05 0.000169853 0.000279279 8.26305e-05 0.000636166 0.00128955 7.43916e-05 -2.77202e-05 0.000184302 0.000293565 0.000576784 0.000431964 0.000325836 0.000496713 0.000216112 0.000647873 0.000755837 0.00040895 -0.000153545 0.000648476 -4.74591e-05 0.000233558 0.000111315 -0.000335051 -0.000236369 0.000101744 -0.000177613 -0.000222902 -0.000696719 -0.00122434 -0.000162396 0.000160013 -0.000681487 -0.000275492 -0.000420853 -0.00109402 -0.000136322 0.000360977 0.000747424 -0.000119358 -9.31025e-06 0.000119893 0.000306912 0.000464236 -0.00015662 7.28874e-05 3.64919e-05
internal_weight=1.75072e+06 1.5762e+06 891532 657420 684667 429777 366710 172508 234112 221048 205267 99207 254890 95735 171175 130351 215485 100399 43882 8438 5028 115086 78509 40503 36577 19982 56517 15781 51031 17866 33165 28369 12746 4682 10012 16595 10121 35500 7854 63067 174516 56649 53347 8242 4147 4095 44759 5281 91164 4126 2029 45105 13064 6178 1711 106060 194202 39007 30393 5408 155195 139303
internal_count=1750715 1576199 891532 657420 684667 429777 366710 172508 234112 221048 205267 99207 254890 95735 171175 130351 215485 100399 43882 8438 5028 115086 78509 40503 36577 19982 56517 15781 51031 17866 33165 28369 12746 4682 10012 16595 10121 35500 7854 63067 174516 56649 53347 8242 4147 4095 44759 5281 91164 4126 2029 45105 13064 6178 1711 106060 194202 39007 30393 5408 155195 139303
is_linear=0
shrinkage=0.05


Tree=84
num_leaves=63
num_cat=0
split_feature=0 3 39 5 0 38 40 39 35 39 39 25 32 33 40 40 0 3 39 35 32 36 36 40 7 40 38 0 19 17 38 32 32 40 40 36 38 38 40 40 2 40 35 0 39 0 32 36 5 32 0 40 0 39 6 40 0 37 0 36 32 20
split_gain=0.76699 0.726801 0.771405 0.722463 2.30226 1.50132 1.70615 1.63254 1.5835 1.36283 1.37107 0.9319 0.850686 0.794217 0.734414 0.733891 0.720114 0.71546 0.800874 0.87281 1.5079 1.07681 0.689346 1.00008 0.704516 0.764992 0.786415 0.721253 0.688743 0.754276 0.677216 0.644048 0.605616 0.602628 0.562958 0.55319 0.548652 0.535468 0.533726 0.528998 0.527946 0.512309 0.509919 0.869477 0.734706 1.42239 0.802888 0.766178 0.86511 0.786956 0.764383 0.735258 0.888909 0.728392 0.595534 0.594186 0.585985 0.544246 2.10537 0.735942 0.727017 0.549618
threshold=29518.654949670719 13772.600000000002 1.0000000180025095e-35 136.55850000000001 95333.484160635562 75.928470690053317 50.399708845046447 53.941762837796283 1.0000000180025095e-35 66.012222702640145 97.987117009455048 6.2500000000000009 2.5000000000000004 1.0000000180025095e-35 47.87487912400308 8.3015968299063054 301049.8328867791 5195.0500000000011 86.313519077006774 1.0000000180025095e-35 1.0000000180025095e-35 1.5000000000000002 1.5000000000000002 31.758794973104305 6.5500000000000007 27.001866963826256 47.919435598444082 320084.98382940865 90750.000000000015 8899.5000000000018 29.825067980824642 1.5000000000000002 1.5000000000000002 88.016070664158207 16.409461759975482 2.5000000000000004 7.0305729978488092 33.747208466811323 14.081108054827103 15.607806296551226 -0.53499999999999981 66.099264274014828 3.5000000000000004 103700.68421234943 59.762285152963059 130857.76282736774 1.0000000180025095e-35 8.5000000000000018 149.98200000000003 3.5000000000000004 239000.45733338865 85.535765705991238 142184.28379987078 19.501208862524312 171.50000000000003 14.081108054827103 47291.434218360613 1.0000000180025095e-35 109052.09684296823 2.5000000000000004 1.5000000000000002 625.50000000000011
decision_type=2 2 2 2 2 2 2 2 2 2 2 2 2 2 2 2 2 2 2 2 2 2 2 2 2 2 2 2 2 2 2 2 2 2 2 2 2 2 2 2 2 2 2 2 2 2 2 2 2 2 2 2 2 2 2 2 2 2 2 2 2 2
left_child=34 2 22 4 31 7 16 15 30 -10 12 40 -11 17 28 -6 -7 -8 19 21 41 -19 24 -24 27 -26 -27 -2 29 -13 38 39 -22 -20 -1 -30 -17 -36 -9 -4 -5 -21 44 -44 47 56 -47 49 51 57 -51 -49 -53 55 -52 -45 -46 61 59 -59 -60 -42
right_child=1 -3 3 11 5 6 13 8 9 10 -12 14 -14 -15 -16 36 -18 18 33 20 32 -23 23 -25 25 26 -28 -29 35 -31 -32 -33 -34 -35 37 -37 -38 -39 -40 -41 42 -43 43 53 45 46 -48 48 -50 50 54 52 -54 -55 -56 -57 -58 58 60 -61 -62 -63
leaf_value=-0.00065349718703823132 0.00072467883279300532 0.00031078044835998974 -0.00091089296299019622 7.6606640559885521e-05 0.0011780903908582025 0.001120114036295703 -0.00017225204844585347 0.00036910381761701632 -0.00023227321935798958 0.00068111753276872786 -0.002931113045568993 -2.3680106569600909e-05 -0.0019932764353393769 -0.00081417204248173053 -1.3654828261958608e-05 -0.0023211593276087558 0.00021743181343908581 0.00066960519120662875 0.001234990001867619 0.00015511438874973887 0.00020844306049890794 -0.00076237156336103336 0.00049216164231464827 -0.00025413146763446582 -0.0012269317753433485 5.8638166482493749e-05 0.0023239449663982775 3.8959978392276814e-05 4.8688642949792296e-05 0.0010937186375700315 -0.00027666123313247506 0.00074774116838151013 0.0013322664701941678 0.00030681412166965073 0.0014805017882486833 0.00033003431771275941 0.00014440808181815195 0.00041144171643739397 -0.0012666288921095795 -0.00021535779793000381 -0.00050417492906670229 -0.00087693770646848955 0.00074192181605992665 0.0020513954727052366 0.0011859805345876741 -1.1452896312494397e-07 -0.00016047535967133521 -0.00083815514963926261 -7.1545557016093223e-05 0.00061277397935361974 0.00030800070057723046 -0.0046039392292974131 -0.00076511207030323196 -3.5958367731501645e-05 -0.00017025603750869751 0.00040153825026475321 0.0001258512863377025 -0.00040130894663804737 -9.3538218946165341e-05 -0.0013118652597111059 0.0012916812217255954 -8.4573654836795769e-05
leaf_weight=863 6642 18348 2875 86135 1725 8644 8056 598 10862 11845 279 2390 305 1818 98446 226 2968 12209 3958 1609 6478 1471 7004 12502 262 542 1307 9073 50400 4103 36934 1665 1471 3133 1638 26742 138991 4111 3003 55636 7920 4759 4950 682 1318 195877 129764 2923 3695 6966 11007 313 291 33097 15929 2731 118424 3756 18968 5423 997 533658
leaf_count=863 6642 18348 2875 86135 1725 8644 8056 598 10862 11845 279 2390 305 1818 98446 226 2968 12209 3958 1609 6478 1471 7004 12502 262 542 1307 9073 50400 4103 36934 1665 1471 3133 1638 26742 138991 4111 3003 55636 7920 4759 4950 682 1318 195877 129764 2923 3695 6966 11007 313 291 33097 15929 2731 118424 3756 18968 5423 997 533658
internal_value=-2.12637e-07 -2.25032e-06 -5.57843e-06 -1.05492e-05 5.68887e-05 0.000121091 0.000349086 5.81001e-05 -0.000151694 0.000176856 0.000534404 -2.64116e-05 0.000613983 0.000209545 7.89009e-05 0.000153106 0.000889391 0.000252682 0.000350245 0.000230026 -4.28658e-05 0.000515626 0.000219235 1.38393e-05 0.000443988 0.00130162 0.00165991 0.000328781 0.000187847 0.000682417 -0.000340475 -0.00022194 0.000416412 0.000824896 0.000537285 0.00014622 0.000140406 0.000716037 -0.000994991 -0.000249534 -4.25958e-05 -0.00061617 -5.19411e-05 0.000120069 -5.86865e-05 -9.83294e-06 -6.40164e-05 -9.42487e-05 -0.000606199 -8.81337e-05 0.000145913 -0.00116632 -0.00275444 3.57584e-05 2.51765e-05 0.00073122 0.00013752 -0.000102036 -0.000312517 -0.00093927 -2.4364e-05 -9.07099e-05
internal_weight=1.75072e+06 1.7441e+06 1.72576e+06 1.68842e+06 321518 261342 56574 204768 63826 23291 12429 1.3669e+06 12150 44962 182081 140942 11612 43144 35088 27997 14317 13680 37332 19506 17826 2111 1849 15715 83635 6493 40535 60176 7949 7091 6612 77142 139217 5749 3601 58511 1.18482e+06 6368 1.09869e+06 41460 1.05723e+06 445383 325641 611846 7222 604624 33902 3527 604 36510 26936 3413 119742 570722 29144 9179 19965 541578
internal_count=1750715 1744103 1725755 1688423 321518 261342 56574 204768 63826 23291 12429 1366905 12150 44962 182081 140942 11612 43144 35088 27997 14317 13680 37332 19506 17826 2111 1849 15715 83635 6493 40535 60176 7949 7091 6612 77142 139217 5749 3601 58511 1184824 6368 1098689 41460 1057229 445383 325641 611846 7222 604624 33902 3527 604 36510 26936 3413 119742 570722 29144 9179 19965 541578
is_linear=0
shrinkage=0.05


Tree=85
num_leaves=63
num_cat=0
split_feature=28 5 0 39 38 35 32 0 33 38 36 0 36 3 20 31 3 0 35 39 0 32 31 31 39 38 38 39 39 16 0 7 34 36 39 20 6 39 36 0 19 34 38 39 39 32 36 5 37 13 39 3 35 39 18 39 31 35 38 39 32 0
split_gain=0.738838 0.76953 1.70396 1.31624 2.14467 1.82736 1.17452 1.2873 0.958038 0.960026 1.43133 0.936396 0.769986 0.759751 0.754527 0.69879 0.946839 0.690821 0.685928 1.06875 0.858061 0.66904 0.860834 0.656709 0.651559 0.920694 0.640187 0.643862 0.633317 0.598381 0.759671 1.46137 1.11446 0.92402 0.920043 0.86523 1.17473 1.17027 1.3803 1.2388 0.92332 0.881609 0.736188 0.709707 0.623587 0.578465 0.621343 0.553677 0.864199 0.591628 0.549873 0.54859 0.548311 0.62727 0.532004 0.520354 0.507991 0.505769 0.50291 0.919421 1.02387 0.497041
threshold=14.850000000000003 138.727 111514.69409797566 47.228531032352613 46.992755773184314 1.0000000180025095e-35 1.0000000180025095e-35 253672.00931417767 1.0000000180025095e-35 47.919435598444082 1.0000000180025095e-35 162082.81956261818 1.5000000000000002 5795.7500000000009 622.50000000000011 1.5000000000000002 5159.6000000000013 173976.56506366437 1.0000000180025095e-35 97.987117009455048 232142.10634987373 2.5000000000000004 8.5000000000000018 5.5000000000000009 28.281628396118492 68.1513402916231 29.054731452623887 13.546229187019089 11.032734872103637 -0.66499999999999992 307020.92228671111 8.0500000000000025 1.5000000000000002 6.5000000000000009 42.363041246188978 789.50000000000011 170.05000000000004 44.674503440132852 1.5000000000000002 127513.46965914742 95650.000000000015 1.5000000000000002 20.815634745584322 97.987117009455048 1.0000000180025095e-35 1.0000000180025095e-35 8.5000000000000018 182.45750000000001 1.0000000180025095e-35 1.1550000000000002 12.835526959052276 5795.7500000000009 2.5000000000000004 32.529738973219644 33797.500000000007 1.3342714337819142 24.500000000000004 1.5000000000000002 62.213681387142749 85.410715277485011 1.0000000180025095e-35 1110470.1686644123
decision_type=2 2 2 2 2 2 2 2 2 2 2 2 2 2 2 2 2 2 2 2 2 2 2 2 2 2 2 2 2 2 2 2 2 2 2 2 2 2 2 2 2 2 2 2 2 2 2 2 2 2 2 2 2 2 2 2 2 2 2 2 2 2
left_child=14 2 21 5 57 8 13 -8 9 10 26 28 18 17 50 16 -11 -7 20 23 -6 52 -23 58 -18 -26 -4 -28 -12 -3 35 33 55 47 -34 -31 37 38 -37 45 42 43 -38 -39 -42 46 -40 48 49 -32 -1 -14 -2 -54 -16 -33 -49 -5 -20 60 -60 -9
right_child=1 29 3 4 12 6 7 61 -10 15 11 -13 51 -15 54 -17 24 -19 19 -21 -22 22 -24 -25 25 -27 27 -29 -30 30 31 32 34 -35 -36 36 40 41 39 -41 44 -43 -44 -45 -46 -47 -48 56 -50 -51 -52 -53 53 -55 -56 -57 -58 -59 59 -61 -62 -63
leaf_value=-0.0019407938966989069 -0.00011525436539840961 -0.00010215900064654791 -0.000911383197804808 -0.00041032085711904456 -2.8696967519713702e-06 4.9077095849830532e-05 0.00078459176686074467 5.4289760899216825e-05 -0.0002753957622006109 0.00028575878287187513 -0.0024483430934340599 0.00092484058579254372 -0.00075429864638265588 5.589280998847704e-05 0.00044319547203655737 0.00043238891739794138 0.0016750843973263208 -0.00076441657299450988 0.00062114832916559232 -0.0021703761402670891 0.00034781513441626649 0.0020541466383183975 -5.1788493059504229e-05 -0.00046322553028550469 0.00042161142177773634 0.0015858067973957596 0.0013831976370304341 -0.00022152839926831188 0.00014104872187158506 -0.00015299137808983342 -9.1682537402357675e-05 0.00051714735876762046 0.00078985972125795274 0.0004231737350419212 9.2396688408917613e-05 7.7902173035683235e-05 0.0035274483290838295 0.00015490758883144901 -0.00086731764245733607 -0.00019390996647140204 0.00062793831907076566 -0.00014918761147264032 0.00066539643586038615 -0.0007442006103740229 5.669534539397503e-05 -0.00020854995315279395 -0.0029520884906471269 -0.00028225972052812944 0.0006216736030279043 -0.00050043058922499947 -0.00011056636422451779 -5.2889539327596229e-05 -0.0023773455133709663 -0.00045888581511651814 0.00013205191143808698 -0.00012511408781675651 0.0011145441186276865 0.00018403850744902863 -0.00033477718739210603 0.00095231915306773262 0.00044217754712491295 -0.0022563419969371628
leaf_weight=420 101692 215604 2640 27718 67961 4069 9152 12948 3761 3796 253 7857 3309 16962 17895 10042 4391 7277 16272 421 23466 804 1224 2271 4145 2877 778 3180 3543 70547 130120 3664 10207 7139 8809 19285 240 66255 12408 21740 4821 51158 3521 2270 528778 3584 368 70298 4047 9499 17927 17695 532 2140 59145 22642 657 4110 7675 3819 9475 237
leaf_count=420 101692 215604 2640 27718 67961 4069 9152 12948 3761 3796 253 7857 3309 16962 17895 10042 4391 7277 16272 421 23466 804 1224 2271 4145 2877 778 3180 3543 70547 130120 3664 10207 7139 8809 19285 240 66255 12408 21740 4821 51158 3521 2270 528778 3584 368 70298 4047 9499 17927 17695 532 2140 59145 22642 657 4110 7675 3819 9475 237
internal_value=3.8595e-07 -7.40749e-06 5.41588e-05 0.000118466 3.97238e-05 0.000266603 5.793e-05 0.000328996 0.000490207 0.000556398 0.000280116 0.000613299 0.000117703 -0.00015596 0.000135699 0.00075609 0.000969819 -0.000472674 0.000162649 0.00033553 8.71384e-05 -0.000116353 0.000783109 0.000362231 0.00119734 0.000898597 -0.000308333 9.39028e-05 -3.15319e-05 -2.62753e-05 -1.0724e-05 -8.35638e-05 0.000175147 -0.000136438 0.000466766 1.40592e-05 3.05548e-05 -8.11373e-05 -0.000266773 -0.000441236 6.73589e-05 7.87018e-06 0.000848032 0.000125123 6.18565e-05 -0.000769895 -0.000927367 -0.000155052 -9.86135e-05 -0.000119492 -0.000152464 -0.000163391 -0.000133832 -0.000840855 0.000204325 -3.56575e-05 -0.000269326 -0.00033357 0.000412568 0.000250709 9.44733e-05 1.27562e-05
internal_weight=1.75154e+06 1.65615e+06 388492 282100 184192 97908 50645 22337 47263 43502 18251 11653 152364 28308 95387 25251 15209 11346 131360 39933 91427 106392 2028 39512 11413 7022 6598 3958 3796 1.26766e+06 1.05206e+06 267082 45322 221760 19016 784975 714428 177068 57385 38100 537360 119683 3761 68525 533599 16360 12776 214621 143666 139619 18347 21004 104364 2672 77040 26306 70955 31828 37241 20969 17150 13185
internal_count=1751540 1656153 388492 282100 184192 97908 50645 22337 47263 43502 18251 11653 152364 28308 95387 25251 15209 11346 131360 39933 91427 106392 2028 39512 11413 7022 6598 3958 3796 1267661 1052057 267082 45322 221760 19016 784975 714428 177068 57385 38100 537360 119683 3761 68525 533599 16360 12776 214621 143666 139619 18347 21004 104364 2672 77040 26306 70955 31828 37241 20969 17150 13185
is_linear=0
shrinkage=0.05


Tree=86
num_leaves=63
num_cat=0
split_feature=28 20 17 19 3 0 38 36 33 1 31 36 38 0 3 2 31 0 34 38 38 34 34 36 7 35 3 16 20 29 34 37 0 35 0 16 1 0 36 0 36 34 31 3 38 31 0 35 1 0 31 31 31 35 34 36 34 36 31 35 3 0
split_gain=0.679621 0.93207 0.70046 0.801617 0.676803 1.98784 1.26492 1.29762 0.911215 0.961029 0.844901 0.702724 0.700603 0.6558 0.652455 0.641371 0.628717 0.598923 0.594199 0.668872 0.5939 0.584374 0.640803 1.40846 1.06541 3.29036 0.711152 0.63002 0.578793 0.550861 0.53663 0.530101 0.517013 0.514847 0.638524 0.510476 0.731737 0.633217 0.555548 1.01183 0.742736 1.38712 1.17264 0.768361 0.64827 0.767408 1.05326 0.600864 0.523332 0.499571 0.49609 0.483261 0.514478 0.511734 0.47936 0.476858 0.47 0.464482 1.14047 0.821259 0.629336 0.608461
threshold=18.950000000000003 757.50000000000011 5070.0000000000009 95650.000000000015 6059.5500000000011 111514.69409797566 47.625202594018496 1.0000000180025095e-35 1.0000000180025095e-35 6.7950000000000008 1.5000000000000002 2.5000000000000004 31.971115802845478 573154.05772832502 13670.400000000003 -0.53499999999999981 7.5000000000000009 150194.87767465413 1.5000000000000002 81.673825303871936 25.379306077043893 7.5000000000000009 6.5000000000000009 2.5000000000000004 4.7500000000000009 1.5000000000000002 11095.450000000003 -0.67499999999999993 846.50000000000011 45.954429478010134 4.5000000000000009 1.0000000180025095e-35 107350.76582284849 3.5000000000000004 87943.240275362055 -0.66499999999999992 4.3150000000000004 383886.49657520495 2.5000000000000004 93322.323198758866 1.5000000000000002 4.5000000000000009 3.5000000000000004 7500.7000000000007 35.999582459526103 5.5000000000000009 190229.30343593637 1.0000000180025095e-35 4.8250000000000002 93322.323198758866 28.500000000000004 6.5000000000000009 8.5000000000000018 1.0000000180025095e-35 1.5000000000000002 1.5000000000000002 1.0000000180025095e-35 1.0000000180025095e-35 2.5000000000000004 1.5000000000000002 5502.0500000000011 76212.427108285498
decision_type=2 2 2 2 2 2 2 2 2 2 2 2 2 2 2 2 2 2 2 2 2 2 2 2 2 2 2 2 2 2 2 2 2 2 2 2 2 2 2 2 2 2 2 2 2 2 2 2 2 2 2 2 2 2 2 2 2 2 2 2 2 2
left_child=1 14 -3 16 5 57 7 10 9 11 12 13 17 18 29 32 28 -7 19 -8 -9 22 33 24 25 -24 -26 -25 -4 -1 -5 55 -6 35 -35 36 50 38 40 -40 41 51 -42 -43 -44 47 -47 -46 -45 -50 -17 -38 53 -53 -31 -11 -22 58 61 -59 -60 -2
right_child=4 2 3 30 15 6 8 20 -10 31 -12 -13 -14 -15 -16 21 -18 -19 -20 -21 56 -23 23 27 26 -27 -28 -29 -30 54 -32 -33 -34 34 -36 -37 37 -39 39 -41 42 43 44 48 45 46 -48 -49 49 -51 -52 52 -54 -55 -56 -57 -58 59 60 -61 -62 -63
leaf_value=0.00036671150333115023 -0.00035481227999736089 1.3341380020987897e-05 0.0005961346012821056 0.00029982912925972331 0.00033310106568010679 -0.00022232181436523881 0.00034843279933688995 0.00062213605789954618 -0.0004820432294263491 0.00015525771517697657 6.4463403917224899e-05 -0.00081293011826950455 -0.00023003514442357281 -0.00033136156922662792 0.00049938237566462857 -2.5655725638044275e-05 0.00014166537790255213 -0.0011400448642349846 -0.0010851947412447772 0.00072677758264226859 -2.2106407713100191e-05 -0.00033409900245786857 -0.0016304274861676238 -0.0021598829270602945 0.00049891188500733022 0.0016022523367929386 -0.00074641228378449439 -0.00034209070116311853 0.0014900668747618382 -2.6880780138108573e-05 -0.00031589154527781422 -0.0013570098773803281 4.1146736605199785e-05 0.00088938716544195587 8.4358867224341053e-05 -2.5768695998496922e-05 -0.00022699567948851435 6.4154933095270791e-05 -0.00069375049198856017 2.5280473777466019e-05 0.00040563314301272912 -0.00078939739512427602 -0.0011903021585004472 -0.00044570975284793685 3.8145110092582411e-05 -0.00151573134226928 -0.00044474110934352405 -0.00071947658143101296 -0.00011084359684343064 0.0015090452248207715 0.00080723777577363081 0.00057787857363795592 0.00018086738358676419 -0.0014502094629982763 -0.00034371133832058283 -0.00061529945069027734 0.0010546162978636617 -0.00020963833130469177 0.00010472522989274699 -0.001071516155859961 0.0016288104938409498 2.6057721780544324e-05
leaf_weight=6728 15906 24229 4207 32985 19407 2608 39110 6169 4697 99838 10187 1205 10426 2864 5578 98092 3198 5585 628 16657 15587 16035 2270 802 21182 1205 1212 1175 3179 45676 3964 595 69357 2621 40905 903312 27660 19933 5816 30822 3036 771 4343 570 7171 3652 6181 4121 587 2516 1821 358 924 2371 16163 2049 1084 33685 1227 3011 1512 30775
leaf_count=6728 15906 24229 4207 32985 19407 2608 39110 6169 4697 99838 10187 1205 10426 2864 5578 98092 3198 5585 628 16657 15587 16035 2270 802 21182 1205 1212 1175 3179 45676 3964 595 69357 2621 40905 903312 27660 19933 5816 30822 3036 771 4343 570 7171 3652 6181 4121 587 2516 1821 358 924 2371 16163 2049 1084 33685 1227 3011 1512 30775
internal_value=3.66653e-07 0.000103685 0.00023214 0.000343668 -9.02211e-06 5.79586e-05 0.000137897 -7.84579e-05 0.00020455 0.000224341 -0.000301625 0.000382427 -0.000501923 0.000406733 -2.06409e-05 -2.47549e-05 0.000727315 -0.000847915 0.000444217 0.00046144 0.000203003 -3.42605e-05 -3.02386e-05 0.000206807 0.000305112 -0.000509455 0.000431513 -0.00107951 0.000980891 -6.29454e-05 0.000233773 0.000131071 0.000104978 -3.58919e-05 0.000132835 -4.24254e-05 -0.000110587 -0.000193366 -0.00024424 -8.88601e-05 -0.000332829 -0.000181059 -0.000523218 0.000645592 -0.000633945 -0.000519565 -0.000842509 -0.000238348 0.000946811 0.00120261 -1.04755e-05 -0.000298379 -0.000838884 -0.00118416 -0.000109692 0.000139761 4.79054e-05 -0.0001456 -4.55374e-05 -0.000280358 0.00094606 -0.000103719
internal_weight=1.75154e+06 145907 71762 47533 1.60563e+06 305405 219289 51646 167643 162946 28806 60464 18619 59259 74145 1.30023e+06 10584 8193 56395 55767 22840 1.21146e+06 1.19543e+06 27846 25869 3475 22394 1977 7386 68567 36949 102482 88764 1.16758e+06 43526 1.12406e+06 220745 120832 100899 36638 64261 35757 28504 4444 25468 21125 9833 11292 3673 3103 99913 31313 3653 2729 61839 101887 16671 86116 49420 36696 2739 46681
internal_count=1751540 145907 71762 47533 1605633 305405 219289 51646 167643 162946 28806 60464 18619 59259 74145 1300228 10584 8193 56395 55767 22840 1211464 1195429 27846 25869 3475 22394 1977 7386 68567 36949 102482 88764 1167583 43526 1124057 220745 120832 100899 36638 64261 35757 28504 4444 25468 21125 9833 11292 3673 3103 99913 31313 3653 2729 61839 101887 16671 86116 49420 36696 2739 46681
is_linear=0
shrinkage=0.05


Tree=87
num_leaves=63
num_cat=0
split_feature=3 0 39 31 38 39 21 24 38 40 3 20 40 0 40 40 31 35 3 35 39 40 38 0 40 0 5 0 3 39 3 34 31 39 1 31 3 34 34 34 5 35 5 6 0 3 7 34 31 32 0 6 0 3 38 0 31 31 35 40 39 18
split_gain=0.63827 0.608683 0.599185 0.672053 1.08977 0.864161 0.88388 0.645294 0.681913 1.44237 0.953404 0.926001 1.31203 1.64769 0.782374 0.792459 1.00284 0.64788 0.62773 1.00584 0.620387 0.607936 0.76463 0.987778 0.657357 0.601751 0.747356 0.647142 0.623919 1.01645 0.595551 0.595534 2.4355 2.29039 1.0242 0.590883 1.25407 0.653765 0.86103 0.789973 0.946292 1.68457 1.10425 0.719142 0.605929 0.644987 0.632571 0.652086 0.765823 0.58731 0.648108 0.578604 0.640229 0.565469 0.565334 0.626143 0.552587 1.44284 0.639929 0.525038 0.519973 0.509362
threshold=13772.600000000002 29518.654949670719 1.0000000180025095e-35 3.5000000000000004 93.369503503887401 90.244240615374352 720.50000000000011 7.0500000000000007 58.055018653987837 35.342559947574543 8806.1000000000022 910.50000000000011 46.177623155445723 92253.674077075164 21.856266331385665 49.567287307673801 1.0000000180025095e-35 1.0000000180025095e-35 8460.4500000000025 1.0000000180025095e-35 35.443325351635274 38.921331072063147 33.281884109068457 128369.29228227628 38.353663622566977 154567.52758480312 158.27000000000001 346290.92301369522 6909.3500000000013 54.73080764390901 10496.100000000002 1.5000000000000002 2.5000000000000004 53.382564551629208 6.0200000000000005 13.500000000000002 7099.2000000000016 8.5000000000000018 9.5000000000000018 6.5000000000000009 162.25050000000002 1.5000000000000002 174.07000000000002 186.80000000000004 249776.41200111897 10597.550000000001 8.2500000000000018 7.5000000000000009 11.500000000000002 1.5000000000000002 145715.98222761587 206.50000000000003 417120.72226864804 5293.8000000000011 75.672740285923581 175912.27036283058 11.500000000000002 10.500000000000002 1.0000000180025095e-35 32.520291837825191 7.7454821703765049 36172.500000000007
decision_type=2 2 2 2 2 2 2 2 2 2 2 2 2 2 2 2 2 2 2 2 2 2 2 2 2 2 2 2 2 2 2 2 2 2 2 2 2 2 2 2 2 2 2 2 2 2 2 2 2 2 2 2 2 2 2 2 2 2 2 2 2 2
left_child=1 -1 21 4 5 6 -4 8 10 18 14 -12 13 -13 25 20 -17 -15 19 54 -16 22 -3 -24 -25 28 27 -27 29 -8 -19 -22 33 34 -33 37 -37 39 -39 51 44 42 56 -44 46 -46 47 48 49 50 -41 -5 -53 -7 -10 -56 57 -42 -58 -38 -40 -9
right_child=-2 2 3 35 -6 53 7 61 9 -11 11 12 -14 17 15 16 -18 30 -20 -21 31 -23 23 24 -26 26 -28 -29 -30 -31 -32 32 -34 -35 -36 36 59 38 60 40 41 -43 43 -45 45 -47 -48 -49 -50 -51 -52 52 -54 -55 55 -57 58 -59 -60 -61 -62 -63
leaf_value=0.00047799356203267503 0.00029333878810238237 5.3843406879145548e-05 -0.00035705994297968101 -6.5819209307258647e-05 0.00038940817187813742 -0.00030526198263324303 -0.00046459811059544116 0.00082597680274568467 0.000546876835597872 2.2970572256461983e-05 -0.00010505464637712731 0.0013620653050090599 -0.00032528357172166995 0.00013990306530970234 -8.6616087921365577e-06 -0.0005615669572526516 0.00017742269849102099 0.0011796159578999943 -6.1650954723675423e-05 0.00014343246018409114 -0.00025754349228519123 2.8136120808016991e-05 0.0042221393105389537 0.00058706586042798418 0.0028937762234552862 0.00055478197397948405 -0.00042715979558510098 -0.00017641200323545959 0.00049842153798354549 0.00048021302729967679 -4.3282252637799905e-05 -0.0034348192026671279 -0.00042753770316476434 -0.00016470265225208307 -0.0084576638533574774 -0.0014105671578202663 0.00042835693805377763 -0.0007747628145384455 0.0020046433393270391 0.0020596967127365332 -0.0003906034552830155 0.00095364931565980991 -0.0019550087217846393 -0.00048960688406497537 0.0011218137071340067 -0.00040921303250052664 -7.39679959432238e-06 -0.00023390409035174798 -0.0011089062012382817 0.00038209247073078676 0.00073920823094075056 8.354170415477662e-05 -0.00020890978292395233 0.00037687426894087296 0.0019347344967024197 0.00079008488596232589 -0.00024346868231480323 0.0015006639595175901 -0.0027411647707635128 6.8439805737012673e-05 9.2629859777781526e-06 0.00017282990192042292
leaf_weight=6559 18393 6924 16208 791226 20675 3470 12467 3409 6031 261538 26055 4199 6794 17292 23903 5554 26473 3236 5242 8391 77996 22343 202 7566 322 13812 3280 3875 3377 3689 1438 201 6234 292 205 1358 11890 6463 384 1675 3619 2578 1665 1684 4018 830 11572 2074 503 2920 2087 128846 21894 24411 2056 2852 768 1398 385 68559 2180 24000
leaf_count=6559 18393 6924 16208 791226 20675 3470 12467 3409 6031 261538 26055 4199 6794 17292 23903 5554 26473 3236 5242 8391 77996 22343 202 7566 322 13812 3280 3875 3377 3689 1438 201 6234 292 205 1358 11890 6463 384 1675 3619 2578 1665 1684 4018 830 11572 2074 503 2920 2087 128846 21894 24411 2056 2852 768 1398 385 68559 2180 24000
internal_value=3.4832e-07 -2.76104e-06 -4.58734e-06 -8.96758e-06 3.25194e-05 2.01801e-05 6.88768e-06 1.75375e-05 5.22376e-06 5.73814e-05 -5.68584e-05 0.000117707 0.000293806 0.000454558 -0.000113662 -0.000169348 4.92699e-05 0.00028108 0.000423641 0.000555245 -0.000233683 0.000193481 0.000439538 0.000769643 0.000681229 8.00123e-05 0.000266036 0.000394587 -0.000119668 -0.000248864 0.00080338 -0.000297016 -0.00074114 -0.003542 -0.00597098 -3.29417e-05 9.61993e-05 -4.36263e-05 -0.000467189 -3.97238e-05 0.000184473 -0.000180134 -0.000487193 -0.00121815 0.000356234 0.000859695 0.000239064 0.000547093 0.000772533 0.000914162 0.00132715 -4.87148e-05 4.1065e-05 0.000291977 0.000871135 0.00126959 -9.04373e-05 0.000136403 -0.00107748 0.000121634 0.000308103 0.000254065
internal_weight=1.75154e+06 1.73315e+06 1.72659e+06 1.68923e+06 618655 597980 570099 553891 526482 286110 240372 59014 32959 26165 181358 140858 32027 21966 24572 19330 108831 37357 15014 8090 7888 40500 20967 17687 19533 16156 4674 84928 6932 698 406 1.07058e+06 81807 988769 9027 979742 37776 12097 9519 3349 25679 4848 20831 9259 7185 6682 3762 941966 150740 27881 10939 4908 6170 5017 1153 80449 2564 27409
internal_count=1751540 1733147 1726588 1689231 618655 597980 570099 553891 526482 286110 240372 59014 32959 26165 181358 140858 32027 21966 24572 19330 108831 37357 15014 8090 7888 40500 20967 17687 19533 16156 4674 84928 6932 698 406 1070576 81807 988769 9027 979742 37776 12097 9519 3349 25679 4848 20831 9259 7185 6682 3762 941966 150740 27881 10939 4908 6170 5017 1153 80449 2564 27409
is_linear=0
shrinkage=0.05


Tree=88
num_leaves=63
num_cat=0
split_feature=28 20 20 19 40 31 40 39 5 31 29 21 19 32 3 39 39 7 40 3 31 3 19 18 35 34 31 31 3 36 31 33 7 34 40 7 32 34 5 34 32 36 3 3 3 32 35 31 3 33 36 31 34 3 32 39 31 37 32 3 3 34
split_gain=0.609748 0.64269 0.642585 1.10374 1.07068 0.640385 0.638171 0.656467 0.649672 0.696394 0.620388 0.600765 0.578684 0.552202 0.630511 0.504386 0.496897 0.726359 0.669781 0.592833 0.513686 1.13575 0.571493 0.540561 0.52168 0.987608 1.19331 1.38082 0.817618 1.05304 3.43332 2.05796 1.45171 1.67014 1.68847 1.08566 1.01499 0.734514 1.31969 1.51372 1.66198 1.09369 1.89525 1.27105 1.02859 0.785213 2.75922 1.08051 0.900989 0.707311 0.689451 0.683101 0.677334 0.666362 1.28409 1.23154 1.22194 1.81606 1.19825 2.54321 1.41348 1.38495
threshold=14.850000000000003 622.50000000000011 789.50000000000011 105450.00000000001 9.8679282432463129 3.5000000000000004 21.856266331385665 90.870902560488418 115.06150000000001 1.0000000180025095e-35 45.954429478010134 3263.0000000000005 128750.00000000001 1.5000000000000002 5450.7000000000007 12.835526959052276 1.0000000180025095e-35 5.1500000000000012 39.58497146869869 6810.3000000000002 13.500000000000002 7099.2000000000016 1001450.0000000001 143827.00000000003 1.0000000180025095e-35 4.5000000000000009 10.500000000000002 6.5000000000000009 6909.3500000000013 1.5000000000000002 4.5000000000000009 1.5000000000000002 8.4000000000000021 1.5000000000000002 52.18920948513891 6.1500000000000012 1.5000000000000002 4.5000000000000009 172.49600000000001 5.5000000000000009 2.5000000000000004 1.5000000000000002 8541.0500000000011 8520.2500000000018 8388.7500000000018 1.0000000180025095e-35 1.5000000000000002 7.5000000000000009 7204.4500000000007 1.0000000180025095e-35 1.5000000000000002 8.5000000000000018 1.5000000000000002 10327.150000000001 1.0000000180025095e-35 22.765566358351226 7.5000000000000009 1.0000000180025095e-35 2.5000000000000004 6284.5000000000009 7500.7000000000007 1.0000000180025095e-35
decision_type=2 2 2 2 2 2 2 2 2 2 2 2 2 2 2 2 2 2 2 2 2 2 2 2 2 2 2 2 2 2 2 2 2 2 2 2 2 2 2 2 2 2 2 2 2 2 2 2 2 2 2 2 2 2 2 2 2 2 2 2 2 2
left_child=1 15 -2 4 -4 6 -5 13 9 -9 12 -6 -3 -8 -15 -1 17 19 -19 -7 23 -22 -23 24 25 28 27 -27 50 30 31 35 -32 34 -34 -30 -31 53 39 40 41 43 -43 -39 -42 46 48 -47 -40 -29 -18 -41 -52 54 55 56 57 -26 60 -60 -56 -62
right_child=2 10 3 5 11 16 7 8 -10 -11 -12 -13 -14 14 -16 -17 20 18 -20 -21 21 22 -24 -25 37 26 -28 49 29 36 32 -33 33 -35 -36 -37 -38 38 45 51 44 42 -44 -45 -46 47 -48 -49 -50 -51 52 -53 -54 -55 58 -57 -58 -59 59 -61 61 -63
leaf_value=-0.001855462030171546 -0.00014410724534607292 0.00087874935087151529 0.004172172616996009 0.00019395305044775417 -9.7367054562825942e-05 0.00063582349497969025 -1.3407786947537955e-06 0.00046376103867374767 0.00035739304621526671 -0.00083227956541586301 0.00013012309315608167 0.00086752732039279106 0.0001339297264492454 -0.00049543382829645495 0.00046992464287243826 -0.00010256776195357368 0.0003154230624076807 0.0007020345234271105 9.9517403332315005e-05 -0.00036535026127740777 -0.0013400388004100852 0.00010925137732003832 0.0020713313494776357 -0.00055982573868869714 -0.0006052705448129429 -0.00080162507801503349 -0.00019650137675370426 0.00040066146840209583 -0.00046309012854174581 1.7470657861532004e-05 -8.2827797917796762e-05 0.00059912827711765661 -0.0013446106013153703 9.5768781562278134e-05 0.0021066281298067775 -0.0011088733871072438 -0.00035859551566525964 0.0010035167201708918 -0.0016059358673557957 -0.0016917401295858344 0.0039626774684394768 -0.0014984346407401242 -0.00037359595162227035 -0.00028869285989676247 0.00064945367357739333 0.00021621379176606933 0.001247125496365798 -0.0010763194957247671 -0.00010034961939079826 -0.00056417655313614529 -0.00015436516983895426 0.00015161494165871346 0.00022919961283868174 7.2755340107856419e-05 0.00019933817106849652 -0.00011789570714187737 -2.9440114919945443e-05 -0.0026240949090865369 -0.0032458263904519211 -0.00025477917412738239 0.00052319615084922587 -0.00024582545709780722
leaf_weight=420 80982 5787 206 60232 2544 1827 461738 1737 23968 2570 66506 4409 4747 1989 11306 17927 26961 8138 10647 7754 1358 73728 373 5030 15210 2701 16093 45640 12788 182784 24179 2962 411 4356 2573 13253 19895 2539 2229 510 298 4592 20297 7597 1095 1964 2265 9149 1793 1982 28718 34552 19208 91395 82855 140062 9049 1202 753 12646 6796 42265
leaf_count=420 80982 5787 206 60232 2544 1827 461738 1737 23968 2570 66506 4409 4747 1989 11306 17927 26961 8138 10647 7754 1358 73728 373 5030 15210 2701 16093 45640 12788 182784 24179 2962 411 4356 2573 13253 19895 2539 2229 510 298 4592 20297 7597 1095 1964 2265 9149 1793 1982 28718 34552 19208 91395 82855 140062 9049 1202 753 12646 6796 42265
internal_value=3.30904e-07 0.000123256 -6.74904e-06 3.12765e-07 0.000619737 -2.51531e-06 4.01449e-05 2.17383e-05 0.000255795 -0.00030959 0.000186592 0.000514487 0.000543107 7.80675e-06 0.000325502 -0.000142695 -2.6449e-05 0.000179844 0.000360539 -0.000174437 -3.24439e-05 9.28679e-05 0.000119128 -4.29429e-05 -4.004e-05 2.00752e-06 0.000178278 0.00029813 -3.26201e-05 -7.40954e-05 -0.000257114 -0.000649701 0.000104134 0.000720012 0.00163127 -0.000791747 -1.94441e-05 -7.46723e-05 -0.000204754 -0.000109697 -0.000335464 -0.000402825 -0.000581128 3.4997e-05 0.00135824 -0.000595254 -0.000148691 -0.00084789 -0.000934748 0.000360505 0.000113151 0.000124802 -6.38334e-07 -4.59286e-05 -8.0825e-05 -0.000176045 -0.000495924 -0.000753127 2.76362e-05 -0.000422871 7.33951e-05 -0.000139299
internal_weight=1.75154e+06 95387 1.65615e+06 1.57517e+06 7159 1.56801e+06 563540 503308 28275 4307 77040 6953 10534 475033 13295 18347 1.00447e+06 28366 18785 9581 976106 75459 74101 900647 895617 404504 66416 50323 338088 263201 60522 29003 31519 7340 2984 26041 202679 491113 88880 71480 36418 35025 24889 10136 1393 17400 6287 11113 4022 47622 74887 35062 47926 402233 310838 165523 25461 16412 145315 13399 131916 49061
internal_count=1751540 95387 1656153 1575171 7159 1568012 563540 503308 28275 4307 77040 6953 10534 475033 13295 18347 1004472 28366 18785 9581 976106 75459 74101 900647 895617 404504 66416 50323 338088 263201 60522 29003 31519 7340 2984 26041 202679 491113 88880 71480 36418 35025 24889 10136 1393 17400 6287 11113 4022 47622 74887 35062 47926 402233 310838 165523 25461 16412 145315 13399 131916 49061
is_linear=0
shrinkage=0.05


Tree=89
num_leaves=63
num_cat=0
split_feature=25 40 0 39 31 38 39 39 38 1 40 40 36 35 39 20 0 0 38 36 40 31 1 0 1 0 38 35 33 0 40 0 35 40 28 33 6 31 40 31 39 34 7 0 6 40 0 36 37 38 35 31 0 35 38 36 38 40 31 40 24 34
split_gain=0.581793 0.674968 0.778074 0.549136 0.52743 1.11422 0.67069 0.65897 0.677059 0.816298 0.742783 0.704681 0.683973 0.687334 1.30703 0.664168 0.670277 0.635831 0.617687 0.602823 1.07034 0.994466 1.25255 0.914738 0.717686 1.32566 0.634015 0.908613 0.804207 0.645402 0.894881 0.599342 0.591386 0.577746 0.57036 0.529819 0.491745 0.827296 0.978345 0.70186 0.523923 0.50685 0.996891 0.482172 0.470582 0.46291 0.462717 0.462526 0.893859 0.805182 0.525584 0.471006 0.794039 0.719843 0.4564 0.455733 0.444255 0.437802 0.437748 0.436641 0.502032 0.477851
threshold=6.4500000000000011 47.87487912400308 100046.57936845093 1.0000000180025095e-35 3.5000000000000004 93.369503503887401 89.334887406023327 38.267591349181323 57.806935697418403 4.9650000000000007 14.081108054827103 35.342559947574543 1.5000000000000002 1.0000000180025095e-35 61.223119538989174 819.50000000000011 430113.39156991697 249776.41200111897 41.317865354668065 1.0000000180025095e-35 69.148212003346018 1.5000000000000002 6.3350000000000009 76212.427108285498 4.6450000000000005 71383.632852942814 48.494496274627444 1.0000000180025095e-35 1.0000000180025095e-35 182388.93949704725 52.508101714718535 227204.03761758469 1.5000000000000002 52.758037311072151 25.250000000000004 1.0000000180025095e-35 183.50000000000003 1.5000000000000002 54.965562037350317 2.5000000000000004 9.1393417900985376 1.0000000180025095e-35 5.3500000000000005 257656.0757848623 183.50000000000003 73.787644704468065 239000.45733338865 1.5000000000000002 1.0000000180025095e-35 33.281884109068457 3.5000000000000004 4.5000000000000009 1110470.1686644123 1.0000000180025095e-35 75.928470690053317 2.5000000000000004 16.442938657181362 29.371910507873448 1.5000000000000002 60.056590416056515 6.1500000000000012 1.5000000000000002
decision_type=2 2 2 2 2 2 2 2 2 2 2 2 2 2 2 2 2 2 2 2 2 2 2 2 2 2 2 2 2 2 2 2 2 2 2 2 2 2 2 2 2 2 2 2 2 2 2 2 2 2 2 2 2 2 2 2 2 2 2 2 2 2
left_child=3 2 -2 47 5 6 7 15 9 59 56 54 13 -12 18 33 19 -16 -15 23 24 22 -22 44 25 -21 -25 28 -28 30 58 -13 -32 -5 -27 -33 40 38 -38 -39 -26 -41 -43 -44 57 -7 -14 51 50 -50 -49 52 53 -1 -10 -4 -11 -17 -29 60 -9 -62
right_child=1 -3 55 4 -6 45 -8 8 11 10 12 31 46 14 17 16 -18 -19 -20 20 21 -23 -24 26 36 34 27 29 -30 -31 32 35 -34 -35 -36 -37 37 39 -40 41 -42 42 43 -45 -46 -47 -48 48 49 -51 -52 -53 -54 -55 -56 -57 -58 -59 -60 -61 61 -63
leaf_value=0.0010778811765778183 0.00069199314324042323 -3.5785777718226277e-06 5.6352405849121256e-05 -0.00014044140722472502 -3.6079646586770878e-05 0.0007540625443077432 0.00024788816809399259 -0.00012426090087570884 0.00012861192761735553 0.00093650201469710689 -0.0003621443999203076 -4.415257587409176e-05 -1.2220476520733169e-05 -0.00058638320839443875 0.00053013253807910948 -0.0014202572621893419 -0.00032148497177013021 -0.00031594732496274087 -2.2544732999024064e-05 0.0019799933223990421 0.0023912699080201535 -0.00080082723267267295 -0.0011788517028102567 -8.8294886395440193e-05 -0.00023175175198165591 0.0015979328580107187 0.00079770394286065877 0.0020332531403341016 -0.00025138712734024956 -0.00022849544622766807 -0.00025844635265267357 0.00020755254937403146 0.0016733936437852818 -0.0012517513797610568 0.00014900204546417921 -0.00038734288222562626 -0.00082052552735557838 -0.00084372831021829644 0.0035695385855122859 -0.00051562412942571278 0.00046258451984231843 -0.00021865343125256257 0.0021119748023948563 0.00038912346810284046 0.00045830846733896439 0.00023025246064225518 0.00080841208197749901 -0.00019495047050156143 0.00016866815903768706 0.0020394016126939192 0.0015401162224546166 0.00070098446322925192 -0.0025846867569446707 -4.1733033264444376e-05 0.00065001953301996492 0.00032141167356815906 6.7845482998937299e-05 -0.00041443487754036279 0.00064290240108371571 -0.00056801288786146448 0.00030440032731231573 -0.00018362426351118931
leaf_weight=1894 7139 94383 48476 7637 966639 6161 28434 17552 11192 2008 62141 176710 14102 10672 9331 1507 7477 2914 8915 1872 613 3701 410 19703 3038 825 9981 935 2236 9508 3483 43281 447 1381 3843 4097 207 2578 328 1929 25702 2222 979 694 1053 13373 1956 13543 1465 947 451 6923 259 5932 6715 24369 5513 3835 1435 2653 25603 6238
leaf_count=1894 7139 94383 48476 7637 966639 6161 28434 17552 11192 2008 62141 176710 14102 10672 9331 1507 7477 2914 8915 1872 613 3701 410 19703 3038 825 9981 935 2236 9508 3483 43281 447 1381 3843 4097 207 2578 328 1929 25702 2222 979 694 1053 13373 1956 13543 1465 947 451 6923 259 5932 6715 24369 5513 3835 1435 2653 25603 6238
internal_value=3.14359e-07 8.69809e-05 0.000193843 -9.26721e-06 -1.34731e-05 2.42606e-05 1.13027e-05 -1.36235e-06 -3.13782e-05 -0.000107981 -0.00018097 2.23072e-05 -0.00021383 -0.000265362 -7.64285e-05 0.00010197 0.00013563 0.000328787 -0.000329753 0.000168792 0.000295957 -0.00041942 0.000960429 5.3803e-05 0.000372385 0.00085588 0.000129045 0.000281846 0.000605695 3.15638e-05 0.000424047 -1.81207e-06 -3.8718e-05 -0.000310625 0.000405079 0.000156109 0.00028846 -3.54687e-05 0.00187095 -0.000156861 0.000389189 0.000147182 0.000475437 0.0013973 -0.000507754 0.000395462 8.77395e-05 0.00019769 1.41893e-05 0.000903156 -0.000139033 0.000398283 0.000139086 0.000229229 0.000324136 0.000145023 0.000299764 -0.000698181 0.00119142 5.68756e-05 9.04397e-05 0.000208791
internal_weight=1.75154e+06 174367 79984 1.57717e+06 1.54576e+06 579120 559586 531152 411593 169598 117552 241995 110031 93973 31832 119559 110541 12245 19587 103064 48941 4724 1023 54123 44217 6540 47728 28025 12217 15808 6300 224088 3930 9018 4668 47378 37677 8937 535 8402 28740 5824 3895 1673 6395 19534 16058 31414 16406 2412 13994 15008 8085 7826 17907 72845 7521 5342 2370 52046 49393 31841
internal_count=1751540 174367 79984 1577173 1545759 579120 559586 531152 411593 169598 117552 241995 110031 93973 31832 119559 110541 12245 19587 103064 48941 4724 1023 54123 44217 6540 47728 28025 12217 15808 6300 224088 3930 9018 4668 47378 37677 8937 535 8402 28740 5824 3895 1673 6395 19534 16058 31414 16406 2412 13994 15008 8085 7826 17907 72845 7521 5342 2370 52046 49393 31841
is_linear=0
shrinkage=0.05


Tree=90
num_leaves=63
num_cat=0
split_feature=5 39 36 40 31 39 17 5 31 40 36 28 40 40 39 35 35 33 35 29 31 4 19 36 31 18 40 39 40 39 39 1 35 31 5 40 40 35 32 33 18 6 35 26 36 40 31 31 32 39 5 36 36 5 33 39 36 39 32 36 1 16
split_gain=0.58858 0.491996 0.53126 0.872634 0.522828 0.683791 0.856959 0.683307 0.682577 0.601678 0.5211 0.503781 0.632894 0.583499 0.497552 0.482796 0.477029 0.556898 0.464173 0.46278 0.459656 0.56453 0.504033 0.494538 0.867272 0.469451 0.448884 0.444041 0.435974 0.482284 0.435785 0.416482 0.5263 0.526481 0.441464 0.464981 0.411709 0.403882 0.506662 0.401852 0.399954 0.385237 0.5167 0.535249 0.744658 0.654954 0.538116 0.637225 1.3489 0.872209 1.1609 0.956024 0.845963 1.08186 1.35175 1.50975 0.974545 1.0434 0.896951 0.886433 1.13984 0.915207
threshold=194.23800000000003 1.0000000180025095e-35 1.5000000000000002 31.758794973104305 3.5000000000000004 90.870902560488418 3649.5000000000005 119.14950000000002 1.0000000180025095e-35 78.102902365864807 2.5000000000000004 19.150000000000002 7.4377195804676122 11.116552191753597 97.987117009455048 1.0000000180025095e-35 1.0000000180025095e-35 1.0000000180025095e-35 2.5000000000000004 48.524564015160436 13.500000000000002 4.0150000000000006 1001450.0000000001 7.5000000000000009 18.500000000000004 143827.00000000003 27.363370892502655 24.867464856855111 32.520291837825191 13.546229187019089 38.267591349181323 7.4400000000000004 1.0000000180025095e-35 1.5000000000000002 113.831 32.230039040818276 63.744642011654626 5.5000000000000009 1.0000000180025095e-35 1.0000000180025095e-35 18369.000000000004 206.50000000000003 1.0000000180025095e-35 6.3500000000000005 1.5000000000000002 18.018642766015152 10.500000000000002 4.5000000000000009 1.5000000000000002 36.813074657788469 129.75250000000003 1.0000000180025095e-35 4.5000000000000009 147.54450000000003 1.0000000180025095e-35 55.768416541683614 1.0000000180025095e-35 26.775244254510117 2.5000000000000004 1.5000000000000002 5.8350000000000009 -0.68999999999999961
decision_type=2 2 2 2 2 2 2 2 2 2 2 2 2 2 2 2 2 2 2 2 2 2 2 2 2 2 2 2 2 2 2 2 2 2 2 2 2 2 2 2 2 2 2 2 2 2 2 2 2 2 2 2 2 2 2 2 2 2 2 2 2 2
left_child=1 2 -1 26 5 6 16 8 9 -7 -5 13 27 -8 -11 -10 -3 -18 30 40 25 22 28 24 -23 37 -4 -13 29 -22 -14 34 -33 -34 35 -32 -12 41 -39 -37 -15 42 43 44 -6 -45 47 48 49 50 -47 -52 53 54 55 56 -49 -58 -55 60 -60 -61
right_child=-2 4 3 10 20 7 11 -9 15 14 36 12 18 19 -16 -17 17 -19 -20 -21 21 23 -24 -25 -26 -27 -28 -29 -30 -31 31 32 33 -35 -36 39 -38 38 -40 -41 -42 -43 -44 45 -46 46 -48 52 -50 -51 51 -53 -54 58 -56 -57 57 -59 59 61 -62 -63
leaf_value=0.00037270207430608183 0.00028127798726788037 -0.00014018984257070308 0.00027069739205001683 -0.00064463757261779518 -0.00057874570563331521 -0.00060532582254276912 -0.0011518461873050469 0.00038470907868326331 -0.00095890099275307619 0.0001697855797658225 -0.0003962268311426494 -0.00027105400921044855 9.5730503972479532e-05 -0.00087378638090522586 0.0019201522958637225 0.0001174244223848459 -0.00042306799708655081 -0.0016396191025218377 0.0010256714979722692 0.00018935517885129726 0.0012269348915516661 -0.0012316354855203846 0.0020778519193352398 0.0008459304987110764 -5.7921806515147635e-06 -0.00053153445914795876 0.0013753129412620551 0.00078891000474060752 6.417367883583231e-05 0.00027253389409648678 9.4266776242659921e-05 3.5222935775701803e-05 0.00060230572219060379 -0.00012936746453490988 -1.8044326909822067e-05 -0.00037502523325688025 0.00035217737966800061 -9.4783700116047049e-05 0.00096713777034584968 0.00071105959571511818 0.0009367528435627611 3.4770782863952905e-05 -8.7621186156835613e-05 -0.00027426008680413633 -5.8462767028077321e-05 0.0011885761565990579 -0.00015325842439341568 0.00010090825378680239 -0.0010690806302341668 4.5152779542753161e-05 0.00099984827106354142 -0.0006257816534685802 -7.1813975762951407e-05 0.00013619943545990394 -0.00036087717865509176 0.00021694549772290477 0.0016780920144069185 0.0007190326335218296 -8.7886811469219421e-05 -0.0015978199128895182 0.0018229663125273084 -0.00034889162387996569
leaf_weight=17894 18345 18855 5887 5084 9237 832 740 23966 2751 809 3364 1280 118429 334 815 1677 5337 1142 1130 24113 1521 2437 329 763 3537 4793 1090 4332 62725 10203 8826 60295 8720 3424 307234 21990 4050 2241 2252 886 3516 154678 447413 19031 26921 1093 36543 3818 3167 79260 976 12330 50823 72186 5984 29013 4043 9499 6239 1810 892 7737
leaf_count=17894 18345 18855 5887 5084 9237 832 740 23966 2751 809 3364 1280 118429 334 815 1677 5337 1142 1130 24113 1521 2437 329 763 3537 4793 1090 4332 62725 10203 8826 60295 8720 3424 307234 21990 4050 2241 2252 886 3516 154678 447413 19031 26921 1093 36543 3818 3167 79260 976 12330 50823 72186 5984 29013 4043 9499 6239 1810 892 7737
internal_value=-4.47735e-07 -3.43121e-06 0.000176025 -4.68495e-06 -7.38779e-06 2.91108e-05 1.71235e-05 0.000258592 -0.000180472 0.000488049 -0.000254755 2.98744e-05 1.89567e-05 0.000233959 0.0010482 -0.000551268 -0.000267373 -0.000637499 1.33737e-05 0.000270633 -2.85164e-05 8.56186e-05 0.000125114 -0.000352759 -0.000505856 -3.78954e-05 0.000443269 0.000547151 0.000116484 0.000396352 1.12146e-05 -1.31163e-05 9.5707e-05 0.000396011 -3.63745e-05 -0.000214018 1.25993e-05 -3.54986e-05 0.000437477 -0.000332961 0.000779683 -3.76611e-05 -5.11918e-05 -8.36766e-06 -0.000191375 1.08436e-05 2.75172e-05 5.03859e-05 -5.41992e-05 -1.98818e-05 -0.000377868 -0.000506541 0.000103116 0.000166071 0.000346365 0.000437628 0.000806445 0.00100536 5.98445e-05 -0.000270636 0.000151137 -0.000585674
internal_weight=1.75064e+06 1.7323e+06 37369 19475 1.69493e+06 621433 590583 30850 6884 2456 12498 565249 536546 28703 1624 4428 25334 6479 530934 27963 1.07349e+06 81515 74778 6737 5974 991979 6977 5612 74449 11724 529804 411375 72439 12144 338936 31702 7414 987186 4493 22876 3850 982693 828015 380602 36158 344444 325413 288870 96826 93659 14399 13306 192044 141221 52357 46373 17360 13542 88864 16678 7131 9547
internal_count=1750641 1732296 37369 19475 1694927 621433 590583 30850 6884 2456 12498 565249 536546 28703 1624 4428 25334 6479 530934 27963 1073494 81515 74778 6737 5974 991979 6977 5612 74449 11724 529804 411375 72439 12144 338936 31702 7414 987186 4493 22876 3850 982693 828015 380602 36158 344444 325413 288870 96826 93659 14399 13306 192044 141221 52357 46373 17360 13542 88864 16678 7131 9547
is_linear=0
shrinkage=0.05


Tree=91
num_leaves=63
num_cat=0
split_feature=3 34 34 36 5 35 3 40 5 32 36 16 6 5 32 38 24 18 20 36 31 22 29 16 20 19 3 34 33 40 2 2 38 31 36 3 40 35 40 31 35 38 3 10 32 31 34 31 40 31 38 38 40 35 32 38 17 31 33 40 36 40
split_gain=0.531194 0.46817 0.749215 1.24988 0.968747 3.14441 0.943281 0.68607 0.755881 0.748914 0.851608 0.578414 0.553254 0.518207 0.831886 0.695164 0.646438 0.57443 0.56409 0.608737 0.605475 0.738108 0.657961 0.514014 0.506644 1.01751 0.570174 0.510398 0.636784 0.492526 0.54582 0.492506 0.474785 1.09115 0.633711 1.07047 0.617062 0.556296 0.522932 0.956825 0.545082 0.469545 0.466833 0.595128 0.583195 0.965508 0.537424 0.569714 1.25243 0.828345 0.44052 0.438687 0.412726 0.600643 1.04315 0.406898 0.40545 0.404195 0.849176 0.685492 1.13601 0.568423
threshold=13772.600000000002 7.5000000000000009 6.5000000000000009 2.5000000000000004 174.07000000000002 1.5000000000000002 11095.450000000003 74.541265200395856 146.70450000000002 1.5000000000000002 1.0000000180025095e-35 -0.82000000000000017 186.80000000000004 138.727 6.5000000000000009 90.744741490162113 6.5500000000000007 26358.500000000004 609.50000000000011 1.5000000000000002 7.5000000000000009 8028.5000000000009 35.72086763885379 -0.68999999999999961 828.50000000000011 104350.00000000001 12632.85 1.0000000180025095e-35 1.5000000000000002 68.463850630543675 0.97000000000000008 -0.079999999999999988 49.066274464961069 1.0000000180025095e-35 1.5000000000000002 5795.7500000000009 73.787644704468065 4.5000000000000009 31.42105877477837 3.5000000000000004 1.0000000180025095e-35 65.659749647866391 5515.2000000000016 -0.71500000000000019 1.0000000180025095e-35 1.5000000000000002 1.0000000180025095e-35 1.0000000180025095e-35 73.787644704468065 1.5000000000000002 25.379306077043893 61.185487023190902 26.062067202292834 1.0000000180025095e-35 1.0000000180025095e-35 75.928470690053317 2067.5000000000005 1.5000000000000002 1.0000000180025095e-35 63.437760551646029 1.0000000180025095e-35 74.189245718843068
decision_type=2 2 2 2 2 2 2 2 2 2 2 2 2 2 2 2 2 2 2 2 2 2 2 2 2 2 2 2 2 2 2 2 2 2 2 2 2 2 2 2 2 2 2 2 2 2 2 2 2 2 2 2 2 2 2 2 2 2 2 2 2 2
left_child=1 2 13 4 6 12 7 9 -9 10 -4 -5 -6 14 15 32 23 18 -18 -20 21 22 -21 -15 -19 56 27 28 -27 30 -17 -12 33 36 37 -36 50 38 39 40 55 -3 43 46 57 -46 47 48 -40 -49 -1 -8 53 54 -35 -34 -26 58 59 -44 -61 -59
right_child=-2 41 3 11 5 -7 51 8 -10 -11 31 -13 -14 16 -16 29 17 24 19 20 -22 -23 -24 -25 25 26 -28 -29 -30 -31 -32 -33 34 52 35 -37 -38 -39 42 -41 -42 -43 44 -45 45 -47 -48 49 -50 -51 -52 -53 -54 -55 -56 -57 -58 61 -60 60 -62 -63
leaf_value=-0.00083017188193476989 0.00026721408825712941 -0.00061708344909391141 -0.0012877274149301725 -0.0025060105339184055 -0.001891402008976654 0.0014213327456902324 -0.0016628862447061717 -0.00041876828984153421 0.00061441853670407402 0.00021693210613722539 0.0016897277436071563 -0.00050168794898312213 -0.0005243583269356044 -0.00011129688721858923 0.00071698019271654344 -0.00030478998938055879 -0.00030372978507576371 -6.9161400702554454e-05 0.00030657168392004945 0.0052998725406206218 2.7374298242192626e-05 0.00055987039536317912 0.0021584309014960547 -1.9129981236595936e-05 -0.00039477166165488326 0.00027315137867345876 -5.0633838420188922e-05 8.6681515221893367e-05 0.0010733694382355403 0.00014580778121844686 0.00083810903312608442 0.00085686707888219579 0.00061585412791260107 0.00046957109074452518 -0.00068984099769339724 -2.2799766426291438e-06 -0.0017890998370705122 -0.0018168845839758225 -0.00023687162723152211 -0.0004935373762199474 0.00023003062353173058 -9.113716989974826e-05 5.3539008793517066e-05 8.1798576661205825e-05 0.0016002701911551204 0.00029830784152327689 0.0011280756483515689 -0.00060134056540580108 0.00079853132575224278 2.2122536927141463e-05 -0.00022592804557340532 -0.00010949021521697682 -9.6955751692995713e-05 -2.9250685891527496e-05 -0.0014208298710836828 0.0014884899318755431 0.00091650526979550676 -2.0767619097663443e-07 -0.0007549448021671488 0.00017868869270681116 0.0012529176922903306 -0.00083031151766935771
leaf_weight=3837 18345 5870 411 457 1715 1635 612 3358 3744 5159 2246 1695 1302 180187 4565 1261 1289 55389 1969 232 459 470 592 942758 667 14949 46369 41227 2982 15644 6089 8465 4683 14300 7044 28832 783 382 10003 2701 6991 15316 15845 98573 1528 20914 800 12794 4125 9129 14103 1766 44604 24127 769 1869 5074 12342 2227 6703 3889 2476
leaf_count=3837 18345 5870 411 457 1715 1635 612 3358 3744 5159 2246 1695 1302 180187 4565 1261 1289 55389 1969 232 459 470 592 942758 667 14949 46369 41227 2982 15644 6089 8465 4683 14300 7044 28832 783 382 10003 2701 6991 15316 15845 98573 1528 20914 800 12794 4125 9129 14103 1766 44604 24127 769 1869 5074 12342 2227 6703 3889 2476
internal_value=-4.25348e-07 -3.25965e-06 -3.67328e-07 0.000237166 0.000319565 -0.000344495 0.000439483 0.000535969 0.000125902 0.000714846 0.000945806 -0.000927327 -0.00130145 -4.97565e-06 4.60393e-05 3.79658e-05 -2.01047e-05 7.02598e-05 0.000597724 0.000909915 0.0015876 0.00214104 0.00304291 -3.3919e-05 5.44001e-05 0.000115909 8.0642e-05 0.000183538 0.000406231 0.000304424 0.000642028 0.00103151 2.07733e-05 -7.00389e-05 5.74498e-05 -0.000137278 -0.000415131 8.94997e-05 9.28465e-05 0.000365743 0.000537117 -0.000236861 7.08303e-05 1.77111e-05 0.00017995 0.000386954 -0.000153717 -0.000182161 6.54385e-05 -0.000341723 -0.000355163 -0.000509271 7.06328e-06 0.000125434 0.0003731 0.000864779 0.000764159 7.31106e-05 0.000182717 0.000261704 0.000573107 -0.000138913
internal_weight=1.75064e+06 1.7323e+06 1.71111e+06 32565 30413 4652 25761 23383 7102 16281 11122 2152 3017 1.67854e+06 383932 379367 1.29461e+06 171668 5011 3722 1753 1294 824 1.12294e+06 166657 111268 105527 59158 17931 22994 7350 10711 356373 102523 253850 35876 18723 217974 217592 16244 13543 21186 201348 135424 65924 22442 36851 36051 14128 21923 17940 2378 83800 39196 15069 6552 5741 43482 28664 26437 10592 14818
internal_count=1750641 1732296 1711110 32565 30413 4652 25761 23383 7102 16281 11122 2152 3017 1678545 383932 379367 1294613 171668 5011 3722 1753 1294 824 1122945 166657 111268 105527 59158 17931 22994 7350 10711 356373 102523 253850 35876 18723 217974 217592 16244 13543 21186 201348 135424 65924 22442 36851 36051 14128 21923 17940 2378 83800 39196 15069 6552 5741 43482 28664 26437 10592 14818
is_linear=0
shrinkage=0.05


Tree=92
num_leaves=63
num_cat=0
split_feature=25 5 32 36 0 39 35 36 36 39 0 0 35 20 31 34 37 32 37 5 0 33 34 31 38 35 35 3 31 39 33 3 36 38 5 3 35 34 39 39 0 3 35 31 0 34 38 32 35 31 3 34 38 33 32 36 36 0 35 39 5 38
split_gain=0.502098 0.639694 1.12124 1.0593 1.16039 1.23187 1.11974 0.987484 0.951197 0.920323 0.82316 0.765106 1.56982 1.86293 1.76337 0.840557 0.727218 0.689929 1.21583 1.11878 1.37296 0.839104 0.740547 0.71081 0.676697 0.926448 0.771962 0.692041 0.676165 1.25785 0.922318 0.855514 0.834697 1.07975 0.673752 0.653027 0.761384 0.728551 0.642227 0.796297 0.639278 1.44186 0.962729 0.898533 0.969278 0.852273 1.4877 1.03252 0.847233 0.827425 0.763892 1.41238 0.874746 1.15296 0.960015 0.842418 0.718926 0.733047 0.819923 0.693391 0.691432 0.634126
threshold=6.4500000000000011 156.54550000000003 7.5000000000000009 2.5000000000000004 477310.61111297697 53.683904954241363 4.5000000000000009 8.5000000000000018 2.5000000000000004 44.157448059010569 94323.376781230458 129200.91066696645 1.0000000180025095e-35 816.50000000000011 5.5000000000000009 1.0000000180025095e-35 1.0000000180025095e-35 1.5000000000000002 1.0000000180025095e-35 169.22850000000003 811372.39673120365 1.0000000180025095e-35 4.5000000000000009 5.5000000000000009 49.365362949052631 1.5000000000000002 1.0000000180025095e-35 7126.3000000000011 3.5000000000000004 41.117227938866939 1.0000000180025095e-35 11095.450000000003 1.5000000000000002 17.442555660627828 146.49550000000002 8000.9500000000007 1.0000000180025095e-35 1.5000000000000002 5.1522609290423373 31.493063018408218 124112.91938260027 9437.6000000000022 1.0000000180025095e-35 2.5000000000000004 400200.47553710593 2.5000000000000004 40.407408843624602 2.5000000000000004 1.0000000180025095e-35 2.5000000000000004 6335.0000000000009 1.5000000000000002 48.494496274627444 1.0000000180025095e-35 2.5000000000000004 1.0000000180025095e-35 1.5000000000000002 76212.427108285498 2.5000000000000004 29.09196530111188 111.90800000000002 45.702985199489937
decision_type=2 2 2 2 2 2 2 2 2 2 2 2 2 2 2 2 2 2 2 2 2 2 2 2 2 2 2 2 2 2 2 2 2 2 2 2 2 2 2 2 2 2 2 2 2 2 2 2 2 2 2 2 2 2 2 2 2 2 2 2 2 2
left_child=1 2 3 9 5 6 7 34 11 40 -9 12 13 38 28 -13 -6 22 19 -19 21 -21 23 24 25 26 -17 -26 30 31 -14 32 -30 -34 -5 -7 -37 -38 -3 -40 41 56 50 44 -44 46 -43 48 49 -48 52 -52 55 54 60 -42 57 58 -1 -53 -54 -59
right_child=-2 8 -4 4 16 35 -8 10 -10 -11 -12 15 14 -15 -16 17 -18 18 -20 20 -22 -23 -24 -25 27 -27 -28 -29 29 -31 -32 -33 33 -35 -36 36 37 -39 39 -41 42 45 43 -45 -46 -47 47 -49 -50 -51 51 59 53 -55 -56 -57 -58 61 -60 -61 -62 -63
leaf_value=-0.00026083606376536622 8.0132489273812327e-05 0.002113823670532148 0.00031042981812942367 -0.00034589038233317571 0.00021644509212918135 -0.00039434276640541287 0.00062812998361366941 -0.0023352638597688422 4.3001633172835923e-05 -1.6322874510399333e-06 -0.00064132859372395361 4.8059438093433257e-05 -5.9379359978655867e-05 0.00038870435298913469 0.00023923416892785224 -0.00032166204432434602 0.0013531309618740736 -1.9757066834275436e-05 0.0014882818565262442 -0.00064982406815041957 0.00053199222486000964 0.00033030565361676561 -0.0003612113382046867 6.4024717601217322e-05 8.5338998100186947e-05 -0.00081900865085560116 0.00016811132791619233 -0.00017308440379472552 -0.00088787328823492797 -0.00019754426755422936 -0.0019709081700634941 -0.00018989831639518292 0.00080844242993198556 -0.0025228925837961825 -6.7934122808431736e-05 0.0001669249458233723 4.6973658701644586e-05 -0.0003686960937305433 -0.0007454838075830676 -4.3608147899708126e-05 -0.00022353043995043274 0.0017293899382197218 -3.7331549646313414e-05 0.00018826393465705586 -0.00087052494735488303 5.7568279656027016e-05 0.00049546444833152125 0.0020223559279451274 0.0007878776768421279 -0.0016938615170744042 -0.00033069057146712516 0.00096032664735820183 0.00020233200488262442 -0.00079776088676298976 9.5586070741966202e-05 0.00047281308597781242 -0.00051466790675472145 -0.00016355826621987883 -0.0026477689471245346 0.00017985019695052095 0.0010844344891687819 0.00031566350500030816
leaf_weight=14393 174263 307 31645 58623 13867 9540 3558 951 205938 439860 2917 61919 8765 40556 12198 33796 1566 18335 924 32494 2993 2341 27682 57553 43142 7133 10559 64846 2502 5417 680 1532 272 2300 34710 53092 27301 17172 5080 19759 7000 2831 23919 55700 4087 6584 699 659 1372 1128 10380 4443 2654 1250 4234 11444 9533 11916 369 7916 13633 16409
leaf_count=14393 174263 307 31645 58623 13867 9540 3558 951 205938 439860 2917 61919 8765 40556 12198 33796 1566 18335 924 32494 2993 2341 27682 57553 43142 7133 10559 64846 2502 5417 680 1532 272 2300 34710 53092 27301 17172 5080 19759 7000 2831 23919 55700 4087 6584 699 659 1372 1128 10380 4443 2654 1250 4234 11444 9533 11916 369 7916 13633 16409
internal_value=-4.04081e-07 -9.30711e-06 1.80429e-05 7.47712e-06 -8.65209e-05 -0.000117578 -0.000243073 -0.000274963 -4.64003e-05 3.96492e-05 -0.00105781 -8.61581e-05 3.68005e-05 0.000179059 -0.000240829 -0.000119751 0.000331786 -0.00015418 -0.0003107 -0.000340298 -0.000495662 -0.000583957 -0.000117666 -8.66019e-05 -0.000140961 -0.000290122 -0.000205068 -6.98424e-05 -0.000513598 -0.000762309 -0.000197001 -0.00122542 -0.00153808 -0.00217059 -0.00024252 4.81096e-07 3.90874e-05 -0.000113526 -0.000159062 -0.000187154 0.000125078 -4.28756e-06 0.0001832 7.21039e-05 -0.000158922 0.000461409 0.000858911 0.000220154 -0.000151103 -0.000856238 0.000330918 9.92945e-05 0.000461886 0.000676524 0.000766327 0.000208532 -0.000121756 -3.48244e-05 -0.000320501 0.000460428 0.000940694 0.00011406
internal_weight=1.75064e+06 1.57638e+06 907355 875710 223297 207864 100759 97201 669023 652413 3868 463085 99368 65702 33666 363717 15433 301798 57087 56163 37828 34835 244711 217029 159476 51488 44355 107988 21468 12023 9445 6606 5074 2572 93333 107105 97565 44473 25146 24839 212553 65893 146660 83706 28006 13273 6689 3858 3199 1827 62954 22739 40215 21771 20521 18444 52620 43087 14762 12359 16287 28325
internal_count=1750641 1576378 907355 875710 223297 207864 100759 97201 669023 652413 3868 463085 99368 65702 33666 363717 15433 301798 57087 56163 37828 34835 244711 217029 159476 51488 44355 107988 21468 12023 9445 6606 5074 2572 93333 107105 97565 44473 25146 24839 212553 65893 146660 83706 28006 13273 6689 3858 3199 1827 62954 22739 40215 21771 20521 18444 52620 43087 14762 12359 16287 28325
is_linear=0
shrinkage=0.05


Tree=93
num_leaves=63
num_cat=0
split_feature=28 20 19 0 20 20 29 0 27 23 19 40 39 24 28 0 7 39 35 31 38 40 38 7 38 3 40 3 36 0 40 0 0 3 39 35 39 0 39 3 0 40 3 39 36 39 38 3 3 3 39 39 36 34 0 0 38 39 0 38 0 3
split_gain=0.496591 0.590102 0.914031 0.634719 0.562465 0.552842 0.497546 0.626103 0.467347 0.462892 0.436617 0.430197 1.0691 0.461124 0.425817 0.448898 0.654454 0.608632 0.768657 0.456659 0.761628 0.583467 0.82378 0.696281 0.651583 1.09577 0.743067 0.839785 0.72174 0.656133 0.886036 0.579526 0.555106 0.557129 0.637583 0.536581 0.861481 0.673426 0.497399 0.560697 0.560147 0.497395 0.495366 0.492157 0.491912 0.47108 0.551234 0.803033 0.458905 0.447914 0.492591 0.641472 1.24891 2.21786 0.517717 0.802197 0.440157 0.533563 0.459169 0.435275 0.43337 0.42965
threshold=14.850000000000003 781.50000000000011 137550.00000000003 69622.077091720173 622.50000000000011 941.50000000000011 45.954429478010134 363782.43444632518 29.650000000000002 7.2500000000000009 80350.000000000015 50.963765700830294 56.626532573332504 7.8500000000000005 64.750000000000014 969852.3837693712 8.0500000000000025 10.526140363408327 1.5000000000000002 3.5000000000000004 93.369503503887401 21.856266331385665 68.1513402916231 6.7500000000000009 58.055018653987837 8836.1000000000022 48.935426146657086 5540.8000000000011 1.5000000000000002 74629.772035222952 47.87487912400308 183457.85846582896 154567.52758480312 6025.6500000000005 4.4600743824042466 1.0000000180025095e-35 66.492406989775304 247995.92517238567 57.632095186290144 6832.7500000000009 116632.30336932313 38.173284563123651 6909.3500000000013 41.814400508744093 1.5000000000000002 37.939089223299568 40.407408843624602 6455.0500000000011 6977.0500000000002 6652.3000000000002 39.233396137220069 50.443537345539383 1.0000000180025095e-35 1.5000000000000002 122451.89343413214 222423.61517957921 22.747939142601357 34.209374221139143 130034.53956957239 19.956741730145435 313292.73063096713 7500.7000000000007
decision_type=2 2 2 2 2 2 2 2 2 2 2 2 2 2 2 2 2 2 2 2 2 2 2 2 2 2 2 2 2 2 2 2 2 2 2 2 2 2 2 2 2 2 2 2 2 2 2 2 2 2 2 2 2 2 2 2 2 2 2 2 2 2
left_child=4 11 3 9 10 -5 7 -6 -7 -3 -1 13 -13 -2 15 19 -17 18 -18 20 21 22 23 32 25 26 28 -28 35 30 -27 -30 38 34 -34 49 45 -38 39 59 -41 -26 60 -42 -35 -37 47 -47 -22 -23 -51 52 53 -52 -54 -56 57 58 -25 -4 -24 -29
right_child=1 2 14 5 6 8 -8 -9 -10 -11 -12 12 -14 -15 -16 16 17 -19 -20 -21 48 24 42 56 41 29 27 61 31 -31 -32 -33 33 44 -36 36 37 -39 -40 40 43 -43 -44 -45 -46 46 -48 -49 -50 50 51 -53 54 -55 55 -57 -58 -59 -60 -61 -62 -63
leaf_value=-0.00047245395698954876 -0.00010246379281321461 0.0023880741978179495 8.6780045831612816e-05 9.1295119119055127e-05 0.00061919338843485425 -0.00080076767259104208 0.00011906260808992007 -0.00063116982709015917 0.00067763601229776211 6.4140057237399329e-05 3.9198022186078061e-05 -0.00064057368649417896 -7.2538564083965683e-05 0.00035854665960632817 -0.00021311111407147307 9.2450878918396462e-05 2.7825905313305281e-05 0.00046531180730667544 0.0030114562131669312 -2.5801684472225056e-05 0.00048285376811693919 -0.00025558091075242605 0.001182315282972605 0.0029300971213170124 0.00029442133632900507 0.0013329920123696264 -0.00031509855362450863 0.00027424882932915515 -7.1002196264788515e-05 0.00011298468500209967 -0.0015816379407551234 0.00061423197876798021 -0.00053439378201885969 -0.00024682176350472135 0.00053921785670883694 4.2430968684596226e-05 0.00081650347219767376 -0.00049831425055616037 0.00038605053848400303 0.0012569891069645952 -0.0016890045363242214 3.201183971945024e-05 -3.3177807670038825e-05 0.00047993541972665569 0.00050987864545563508 -0.0010704100082722845 -0.00013054539722226604 9.4484934527669888e-05 -8.8160306382800962e-05 3.4825254251068651e-05 -0.00024248261978698844 -0.00046931553346488694 0.00048200679167377536 -0.0058816835231441864 -0.0020376374915747155 -0.00027724540153377787 0.00026990357124854141 0.0005680394817943839 0.00045045901954084833 -0.0005644093720568713 5.7575975079222542e-05 -0.00026181353820671748
leaf_weight=6369 33912 601 3405 19881 9509 574 66365 1119 7779 333 12074 12520 24479 6457 24285 12729 335 2578 607 956164 14318 44045 3957 577 19374 2086 11241 24807 11117 37173 298 4271 1571 8879 11548 11883 3993 1288 3327 1095 419 265961 1770 696 2833 4793 9988 2140 4665 2880 339 9870 625 359 1243 1350 4065 1535 276 10417 1093 4401
leaf_count=6369 33912 601 3405 19881 9509 574 66365 1119 7779 333 12074 12520 24479 6457 24285 12729 335 2578 607 956164 14318 44045 3957 577 19374 2086 11241 24807 11117 37173 298 4271 1571 8879 11548 11883 3993 1288 3327 1095 419 265961 1770 696 2833 4793 9988 2140 4665 2880 339 9870 625 359 1243 1350 4065 1535 276 10417 1093 4401
internal_value=-3.83877e-07 -6.7783e-06 -1.67444e-07 0.00027713 0.000110518 0.000234707 0.000169927 0.000487545 0.000576043 0.00155952 -0.000137493 -0.0001416 -0.000264755 -2.87254e-05 -5.39012e-06 -2.08092e-06 0.000259318 0.000862741 0.0019504 -4.89729e-06 3.13148e-05 2.02305e-05 0.000170722 0.000101249 2.04498e-06 -6.96439e-05 -0.000131146 5.21404e-05 -0.000198431 0.000164554 0.000968663 0.000119187 3.04024e-05 0.000186876 0.000410653 -0.000249989 -9.12275e-05 0.000495828 -0.0001703 -0.000285755 0.000453731 4.98292e-05 0.000686602 -0.000335119 -6.37845e-05 -0.00019886 -0.000368309 -0.000710843 0.000342529 -0.000339122 -0.000559905 -0.000684149 -0.00122562 -0.00314287 -0.000809761 -0.00112112 0.000586408 0.00112518 0.00212778 -0.000403991 0.000938882 0.000193476
internal_weight=1.75064e+06 1.6552e+06 1.57784e+06 29168 95436 28234 76993 10628 8353 934 18443 77368 36999 40369 1.54867e+06 1.52438e+06 16249 3520 942 1.50814e+06 551971 532988 57463 50643 475525 190190 150633 40449 110184 39557 2384 15388 44190 24831 13119 94796 34085 5281 19359 16032 2210 285335 6820 1115 11712 28804 16921 6933 18983 60711 16666 13786 3916 698 3218 2593 6453 2388 853 13822 5050 29208
internal_count=1750641 1655205 1577837 29168 95436 28234 76993 10628 8353 934 18443 77368 36999 40369 1548669 1524384 16249 3520 942 1508135 551971 532988 57463 50643 475525 190190 150633 40449 110184 39557 2384 15388 44190 24831 13119 94796 34085 5281 19359 16032 2210 285335 6820 1115 11712 28804 16921 6933 18983 60711 16666 13786 3916 698 3218 2593 6453 2388 853 13822 5050 29208
is_linear=0
shrinkage=0.05


Tree=94
num_leaves=63
num_cat=0
split_feature=3 0 40 38 20 19 17 36 18 20 0 39 3 31 34 27 18 21 3 0 38 40 40 0 36 39 36 35 39 38 39 39 0 0 35 0 39 3 39 32 31 36 40 39 36 38 36 39 32 32 39 40 39 35 38 34 32 38 39 39 38 31
split_gain=0.47717 0.465965 0.495471 0.543148 0.46249 1.08251 1.06291 1.10035 0.87416 0.813767 0.631144 1.31942 1.41256 1.10224 0.643091 0.616155 0.733847 0.601991 0.581338 1.11546 0.937909 2.3472 1.24364 0.936255 0.781364 0.774899 1.08115 0.657792 0.640006 0.633663 0.711889 1.29713 0.633288 0.619325 0.572934 0.929589 0.746302 0.568984 0.603722 0.560055 0.617369 0.617508 0.548495 0.734266 0.540709 0.538182 0.528678 0.635693 0.515577 0.571696 0.623646 0.608733 0.513869 0.508513 0.497569 0.492779 0.491427 0.512664 0.489895 0.473289 0.469088 0.451746
threshold=13772.600000000002 29518.654949670719 18.942598687307072 33.747208466811323 704.50000000000011 126750.00000000001 12945.000000000002 6.5000000000000009 33797.500000000007 819.50000000000011 61562.3853665934 59.470226390593957 9144.9500000000025 4.5000000000000009 3.5000000000000004 33.650000000000013 24740.000000000004 3263.0000000000005 6059.5500000000011 107350.76582284849 42.480292596993898 31.107160971498033 28.55233481138924 189049.91589329031 1.0000000180025095e-35 93.681322710054715 1.0000000180025095e-35 1.0000000180025095e-35 22.765566358351226 90.744741490162113 54.185247285743209 66.012222702640145 167896.81199061711 326979.73610281601 1.0000000180025095e-35 310240.46209260303 96.347265164565712 5515.2000000000016 78.488942616190755 1.0000000180025095e-35 1.0000000180025095e-35 1.0000000180025095e-35 73.451096162149057 32.998499030146867 1.5000000000000002 37.174069593815709 1.5000000000000002 3.3083412633346394 2.5000000000000004 1.0000000180025095e-35 97.498674396668335 71.393777298454481 92.794822233140906 1.5000000000000002 37.948948077092417 1.5000000000000002 1.5000000000000002 25.379306077043893 86.313519077006774 34.70690193006525 45.095943862670062 3.5000000000000004
decision_type=2 2 2 2 2 2 2 2 2 2 2 2 2 2 2 2 2 2 2 2 2 2 2 2 2 2 2 2 2 2 2 2 2 2 2 2 2 2 2 2 2 2 2 2 2 2 2 2 2 2 2 2 2 2 2 2 2 2 2 2 2 2
left_child=1 2 -1 -4 17 6 58 8 15 -10 11 12 14 -14 54 -8 -17 46 19 25 21 24 33 42 45 -12 -27 32 56 30 55 -32 59 60 35 48 37 -36 -39 40 -30 -42 43 -23 -16 53 47 -3 49 50 -33 -51 -49 -21 -7 61 57 -25 -6 -26 -22 -24
right_child=-2 4 3 -5 5 10 7 -9 9 -11 18 -13 13 -15 44 16 -18 -19 -20 20 22 23 29 28 27 26 -28 -29 39 -31 31 34 -34 -35 36 -37 -38 38 -40 -41 41 -43 -44 -45 -46 -47 -48 52 -50 51 -52 -53 -54 -55 -56 -57 -58 -59 -60 -61 -62 -63
leaf_value=-0.00053526180181313475 0.00025330014450247669 0.001689479966038388 0.0014804768521598244 0.00032639173669501064 -0.00014606220904327322 -0.0008031219951416213 0.00052717911898005293 -0.00076737060681768981 1.7496335843504233e-06 0.00056649331141292371 -0.00014911126613103724 0.00037446030718435181 0.0012433958675803903 -8.8822401329658496e-05 -0.00050012352222563946 0.0033212276154764757 0.0011445442989280025 -0.00037094170851323339 -1.6720491728385142e-05 -0.00040079086741846197 -2.1843271210137143e-06 0.00058569113358086474 0.00014528722248887598 -0.0025919450419873364 0.00091540258905806248 0.0023838075447333729 -0.00018476278802274441 -4.0287904234749728e-05 -0.0017378597236308102 0.00044718196695500939 -0.00039951526347721094 -0.00014984813996692979 0.00094321016803586549 -6.9961201186764178e-05 0.00010485513596888301 0.00084418544934561411 -0.0021451173046410895 0.00026992170517389688 0.0012951004094581993 -0.0022163615619181904 0.00096285467732760012 -0.0010842503629827289 -0.002105973378004142 -0.00050011413946373675 -0.0025775313401884981 0.00048053813454028264 9.3562206094470601e-05 -0.00029060693786145815 0.0011131226796397898 -0.00027745871968167847 0.0013401674970349494 -0.0017760279000594561 0.00078800091889574873 0.00070345468977388 -0.00031321666637333949 -0.0012913127461623595 0.0021772712593145431 0.00022231949890458934 0.00034378818882009024 -0.0003366115782744342 0.00091995045701951663 0.00049780332138948903
leaf_weight=1128 18345 433 1362 4054 21048 7487 4203 1953 11473 14366 63251 8175 1999 6953 580 448 2854 18758 1251812 9507 1615 2136 95139 224 1151 731 932 5293 1512 14090 17883 14500 6406 2618 5233 2713 277 2655 3128 1417 586 992 399 5744 681 2977 31408 24664 780 1786 738 1092 1156 1171 16841 573 206 583 6738 2193 9443 10048
leaf_count=1128 18345 433 1362 4054 21048 7487 4203 1953 11473 14366 63251 8175 1999 6953 580 448 2854 18758 1251812 9507 1615 2136 95139 224 1151 731 932 5293 1512 14090 17883 14500 6406 2618 5233 2713 277 2655 3128 1417 586 992 399 5744 681 2977 31408 24664 780 1786 738 1092 1156 1171 16841 573 206 583 6738 2193 9443 10048
internal_value=-3.64683e-07 -3.05099e-06 0.000418066 0.000616618 -4.64786e-06 9.23726e-07 0.000204048 0.000386147 0.00045371 0.000315737 -7.15424e-06 -0.000196742 -0.000331932 0.000208665 -0.000521053 0.000928737 0.00143987 -0.000124898 -1.90755e-06 6.16565e-05 0.000113963 -9.77846e-05 0.000162786 -0.000633665 0.000159885 -0.0001211 0.000944296 0.000408456 -0.00113805 0.000126016 9.71093e-05 -5.67591e-05 0.000652066 0.000621556 0.000129537 -2.1297e-05 0.000418155 0.000482609 0.000824436 -0.00139329 -0.00101585 -0.000324045 -0.000297367 -0.000205789 -0.00162202 -0.000113952 -4.48562e-05 -0.000210454 -0.000145559 -0.000199753 -7.76844e-05 -0.000846061 -0.000242316 -0.000279694 -0.000463986 0.000170996 -2.4339e-06 -0.000558839 -2.72753e-05 9.43299e-05 0.000785274 0.000178961
internal_weight=1.75064e+06 1.7323e+06 6544 5416 1.72575e+06 1.64933e+06 63083 35297 33344 25839 1.58625e+06 42716 34541 8952 25589 7505 3302 76419 1.54353e+06 291722 226808 42497 184311 13799 28698 64914 1663 15043 5520 170635 156545 50785 9750 13676 32902 21609 11293 11016 5783 4507 3090 1578 8279 7880 1261 13655 57661 26253 18896 18116 15238 2878 25820 10678 24328 105760 1013 807 27786 3344 11058 105187
internal_count=1750641 1732296 6544 5416 1725752 1649333 63083 35297 33344 25839 1586250 42716 34541 8952 25589 7505 3302 76419 1543534 291722 226808 42497 184311 13799 28698 64914 1663 15043 5520 170635 156545 50785 9750 13676 32902 21609 11293 11016 5783 4507 3090 1578 8279 7880 1261 13655 57661 26253 18896 18116 15238 2878 25820 10678 24328 105760 1013 807 27786 3344 11058 105187
is_linear=0
shrinkage=0.05


Tree=95
num_leaves=63
num_cat=0
split_feature=28 20 3 17 0 31 34 3 36 18 35 20 39 34 34 36 7 35 3 38 40 3 36 31 3 0 3 38 38 39 0 38 31 40 35 38 31 0 31 34 38 0 3 7 1 36 39 0 34 0 34 31 36 3 35 0 0 34 31 34 38 40
split_gain=0.474747 0.680186 0.572999 0.551556 0.706923 0.569006 0.51149 0.599337 0.504676 0.559369 0.575975 0.560587 0.429793 0.41794 0.781531 1.25902 0.759861 2.30505 0.640891 0.538328 0.452739 0.582632 0.504101 0.477227 0.883277 0.42556 0.412389 1.22005 0.939458 0.81488 1.04229 0.912137 0.882401 0.76889 1.02292 1.58667 0.76319 0.753909 0.696841 0.671746 0.776128 0.626761 0.575985 0.517459 0.50674 1.04314 1.03189 0.872536 0.865931 0.850572 0.937918 0.776694 0.752416 1.89453 0.891834 0.843719 0.692101 0.687201 1.37179 1.16126 0.671063 0.73949
threshold=19.350000000000005 757.50000000000011 13221.800000000001 5070.0000000000009 123280.95263242697 7.5000000000000009 1.5000000000000002 11761.400000000003 1.5000000000000002 27020.500000000004 1.0000000180025095e-35 846.50000000000011 5.1522609290423373 7.5000000000000009 6.5000000000000009 2.5000000000000004 4.7500000000000009 1.5000000000000002 11095.450000000003 48.765278748091596 69.148212003346018 8463.2500000000018 1.0000000180025095e-35 9.5000000000000018 7500.7000000000007 275307.39793552883 6810.3000000000002 92.141395603122433 81.069521430235355 13.546229187019089 249776.41200111897 58.484399407814671 4.5000000000000009 38.173284563123651 1.0000000180025095e-35 68.1513402916231 4.5000000000000009 65893.401104170844 3.5000000000000004 2.5000000000000004 11.901165137094319 506790.44753852923 6427.6500000000005 5.1500000000000012 5.245000000000001 2.5000000000000004 8.4920239377530446 477310.61111297697 5.5000000000000009 85493.179806562781 3.5000000000000004 6.5000000000000009 1.5000000000000002 7500.7000000000007 1.0000000180025095e-35 239000.45733338865 307020.92228671111 2.5000000000000004 10.500000000000002 3.5000000000000004 45.702985199489937 55.994318467608338
decision_type=2 2 2 2 2 2 2 2 2 2 2 2 2 2 2 2 2 2 2 2 2 2 2 2 2 2 2 2 2 2 2 2 2 2 2 2 2 2 2 2 2 2 2 2 2 2 2 2 2 2 2 2 2 2 2 2 2 2 2 2 2 2
left_child=1 2 6 -3 5 8 7 -1 -5 10 -10 -11 -8 14 26 16 17 -16 20 -15 22 -22 -18 24 -24 -25 27 29 44 30 -2 39 41 34 35 -33 38 -38 -30 40 -31 -32 -41 -37 -28 46 47 -46 57 50 51 -47 53 54 -50 -54 -56 -48 59 -59 -61 -62
right_child=13 3 -4 4 -6 -7 12 -9 9 11 -12 -13 -14 19 15 -17 18 -19 -20 -21 21 -23 23 25 -26 -27 28 -29 36 31 32 33 -34 -35 -36 43 37 -39 -40 42 -42 -43 -44 -45 45 49 48 -49 52 -51 -52 -53 55 -55 56 -57 -58 58 -60 60 61 -63
leaf_value=0.00027528311083931882 0.00045617072958317371 -3.1127744247220615e-07 0.00023190659249272997 0.00034988045524883082 0.00016289775203506127 8.7579325418880383e-05 0.0012940323336774133 -0.00013014471603514118 0.0035841421464560099 0.00042611126346375224 0.00069419852750840754 0.0014141920394761729 -0.00038274826740525931 -0.00095167127103135867 -0.0013151675321610339 -0.00096867031883763634 -0.00078255602463796225 0.0013763680961102072 -0.00071290726151222337 -0.00014175817945030029 0.00073879985814461933 -5.8303597018498746e-05 -0.0010145941157348303 0.00027563855507502477 0.0012548103451489804 0.0011604838768862361 1.6990290703496223e-05 0.00033622066171100134 -0.00011085045524806132 0.00054264526921154414 -0.0001272147114225761 -1.3785551442158762e-05 0.00033084849190867288 1.8573494390966035e-05 3.2151987919086236e-05 0.00055007149528971285 0.00077144743093223421 -8.8720986979415789e-05 -0.00050221422943201263 0.0010065008501830522 -0.00013077347396022492 -0.0010168931219838651 9.4545653455962704e-05 0.0014988879613740303 -0.00096530176256018048 -0.00080309158363066943 -0.00013428629771945668 -3.2123331841317402e-05 0.00029671625283204754 0.00014965031487434614 -0.0028650336820318276 0.00023715284440236554 -0.0023467455311186099 0.00075765365319616811 -0.0021967270159619886 0.00028310488624293267 -0.00010498094568381445 0.00066722160435966817 0.0034958902508914168 0.0004226323302226295 -0.0010260791206936075 -3.8397541513829795e-05
leaf_weight=13110 21979 24977 17296 4364 34632 4330 392 29918 411 3106 297 2669 15227 2336 2255 2005 582 1229 1187 16857 3526 6553 467 6203 5236 1740 603241 29637 22595 4380 11301 4935 10219 250324 15078 2170 2593 144761 22903 2300 184843 2400 7004 4254 6835 3616 99855 3954 745 59811 371 3562 1128 2136 1682 418 517 6652 310 3431 3050 5005
leaf_count=13110 21979 24977 17296 4364 34632 4330 392 29918 411 3106 297 2669 15227 2336 2255 2005 582 1229 1187 16857 3526 6553 467 6203 5236 1740 603241 29637 22595 4380 11301 4935 10219 250324 15078 2170 2593 144761 22903 2300 184843 2400 7004 4254 6835 3616 99855 3954 745 59811 371 3562 1128 2136 1682 418 517 6652 310 3431 3050 5005
internal_value=-4.24412e-07 8.44067e-05 -2.0996e-05 0.00019144 0.000287595 0.000572138 -9.55813e-05 -6.61681e-06 0.000765568 0.00104539 0.00237184 0.000882767 -0.000340665 -8.41513e-06 -5.59965e-06 0.000243048 0.000326887 -0.000365714 0.000421537 -0.000240334 0.000476937 0.000220552 0.000658557 0.00072002 0.00106898 0.000469473 -1.05699e-05 2.41655e-05 -2.97188e-05 6.42066e-06 0.000207606 -1.3008e-05 -2.07883e-05 4.5657e-05 0.000302102 0.000660436 -0.000128855 -7.35845e-05 -0.000307857 -9.47913e-05 -0.000115186 -0.000283059 0.000319986 0.00117838 -6.00798e-06 -7.43241e-05 -0.000154159 -0.000623306 -0.000113643 8.65286e-05 -0.000413587 -0.000286882 -0.00066987 -0.000375939 -0.00119841 -0.0016357 -0.00170494 -8.24894e-05 0.000197876 0.000141509 -0.000162952 -0.00041238
internal_weight=1.7509e+06 150729 75943 74786 49809 15177 58647 43028 10847 6483 708 5775 15619 1.60017e+06 1.58098e+06 30983 28978 3484 25494 19193 24307 10079 14228 13646 5703 7943 1.55e+06 550824 999171 521187 45899 475288 23920 276761 26437 11359 192852 147354 45498 198527 189223 13701 9304 6424 806319 203078 135718 10789 124929 67360 7549 7178 6626 5080 2944 1546 2199 118303 18448 18138 11486 8055
internal_count=1750900 150729 75943 74786 49809 15177 58647 43028 10847 6483 708 5775 15619 1600171 1580978 30983 28978 3484 25494 19193 24307 10079 14228 13646 5703 7943 1549995 550824 999171 521187 45899 475288 23920 276761 26437 11359 192852 147354 45498 198527 189223 13701 9304 6424 806319 203078 135718 10789 124929 67360 7549 7178 6626 5080 2944 1546 2199 118303 18448 18138 11486 8055
is_linear=0
shrinkage=0.05


Tree=96
num_leaves=63
num_cat=0
split_feature=0 3 20 28 17 39 0 19 31 32 0 5 32 36 0 39 0 36 6 31 0 6 36 36 35 31 39 0 3 34 32 35 38 35 31 35 35 39 3 38 36 31 32 39 7 0 39 33 31 39 34 7 5 0 39 6 36 20 39 39 31 34
split_gain=0.442291 0.442053 0.427448 0.555727 0.594845 0.510356 0.60438 0.509662 0.421808 0.469666 0.619384 0.41121 0.963123 0.919191 1.00253 1.23273 1.1207 1.07014 0.953169 0.847377 0.771747 1.23098 1.0033 0.974552 0.761893 0.74256 0.726267 0.779261 1.51562 1.71685 1.47569 0.948913 0.942852 0.771525 0.723866 0.705339 0.680934 0.969188 1.35342 0.713548 0.997045 0.709208 0.911278 0.983205 0.931011 1.02085 0.660634 0.655142 0.639422 0.636363 0.631707 0.627021 0.804687 0.621584 0.987057 0.730451 0.666336 0.617759 0.594398 0.590086 0.598236 0.569084
threshold=29518.654949670719 13721.400000000003 622.50000000000011 14.850000000000003 3184.5000000000005 82.392801911227437 84213.522194719102 75250.000000000015 6.5000000000000009 1.0000000180025095e-35 108211.58668890691 154.89300000000003 7.5000000000000009 2.5000000000000004 468459.40111072798 53.683904954241363 100046.57936845093 8.5000000000000018 181.50000000000003 7.5000000000000009 263980.8041128458 171.10000000000002 1.5000000000000002 6.5000000000000009 4.5000000000000009 12.500000000000002 48.385803990865476 82927.695853595927 8806.1000000000022 2.5000000000000004 1.0000000180025095e-35 1.5000000000000002 65.105909485749876 2.5000000000000004 16.500000000000004 4.5000000000000009 1.0000000180025095e-35 97.987117009455048 6284.5000000000009 56.090379144572857 1.5000000000000002 5.5000000000000009 2.5000000000000004 83.197229607889895 5.6500000000000012 192539.2552706264 5.1522609290423373 1.0000000180025095e-35 12.500000000000002 93.326429990140284 1.5000000000000002 6.8500000000000005 182.45750000000001 298145.48445270286 99.002383881876241 155.65000000000003 9.5000000000000018 840.50000000000011 5.1522609290423373 21.054035606181841 2.5000000000000004 3.5000000000000004
decision_type=2 2 2 2 2 2 2 2 2 2 2 2 2 2 2 2 2 2 2 2 2 2 2 2 2 2 2 2 2 2 2 2 2 2 2 2 2 2 2 2 2 2 2 2 2 2 2 2 2 2 2 2 2 2 2 2 2 2 2 2 2 2
left_child=-1 2 7 4 5 -4 -7 -2 9 -6 -11 12 13 24 15 16 17 18 19 -15 21 34 49 51 26 -19 27 28 33 30 31 32 -30 58 59 -18 39 41 -39 40 47 42 43 -38 -45 -46 -20 -28 -21 -23 -16 52 -22 54 55 -14 -57 -24 -5 -13 -61 -31
right_child=1 -3 3 11 8 6 -8 -9 -10 10 -12 20 53 14 50 -17 35 25 46 48 23 22 57 -25 -26 -27 36 -29 29 61 -32 -33 -34 -35 -36 -37 37 38 -40 -41 -42 -43 -44 44 45 -47 -48 -49 -50 -51 -52 -53 -54 -55 -56 56 -58 -59 -60 60 -62 -63
leaf_value=0.0004076383814844587 -0.00062861751336029106 0.00019726748068741096 -0.00024289476175594642 0.00067071143260391097 0.00026052918914932875 0.0020306212039426647 0.00016035044081808174 -9.5674408301565984e-05 5.1512876953572264e-05 0.0016377062584831611 0.00041170948134632788 -0.00065120049377206219 -0.00024763370631163985 -0.00090181257942535122 -0.00018381174759850175 5.2303521243751097e-06 -0.00018146602100673208 -0.0043301767825790439 0.0022840887149571565 -3.8830965478918329e-05 -4.3135390514156818e-05 -6.8221605162245073e-05 -5.743630566010285e-05 0.00041040078800050496 -0.0013675154674131272 -0.0013043464678480082 -0.00035779950382235109 0.00014102355559299831 0.0013538924899636827 -0.0018697836919640922 0.0036200226079440194 -0.0020179190437452882 -0.00087276670160108493 -0.0023932691714516016 -0.0016663098240623918 0.00057220445124950791 0.00011908893037977662 -0.002888568269716214 -0.00027965350308768613 -3.891569710642747e-06 0.00018860068625218545 -7.7630955927263033e-05 -0.0022811710701876172 -8.9673287266246713e-05 0.0012346675680979117 0.00021208223126625505 1.2553793740083744e-05 0.00022531214004338992 -0.0018631463520045095 0.00036800279544613813 0.00051169577546496855 -0.00049455210167204664 -0.00023424968511722352 8.7116549971697318e-05 -0.00058454826406527404 0.0010133205172293126 -0.00018887182615772417 0.00015614748815975351 -0.00037456310505919915 -0.0006742073452037031 -8.3168054760449471e-05 -8.9639722426542443e-05
leaf_weight=6616 5435 27408 14982 1459 25446 474 4870 25692 20432 1512 3233 5929 1742 11123 4667 103415 69284 279 349 6015 175247 174523 42462 8991 966 742 45953 208286 3027 524 521 280 564 451 824 3250 87047 612 2648 186644 13334 39326 377 3867 6050 4091 3863 5381 522 8781 10866 10662 80323 16840 1709 8996 1322 167020 20055 4637 55819 3135
leaf_count=6616 5435 27408 14982 1459 25446 474 4870 25692 20432 1512 3233 5929 1742 11123 4667 103415 69284 279 349 6015 175247 174523 42462 8991 966 742 45953 208286 3027 524 521 280 564 451 824 3250 87047 612 2648 186644 13334 39326 377 3867 6050 4091 3863 5381 522 8781 10866 10662 80323 16840 1709 8996 1322 167020 20055 4637 55819 3135
internal_value=-4.03192e-07 -1.95088e-06 -5.13117e-06 -1.74106e-06 0.000135218 -9.32613e-05 0.000326239 -0.00018873 0.000226956 0.000345689 0.000802375 -7.75859e-06 1.53095e-05 5.37495e-06 -8.41385e-05 -0.000114359 -0.000243959 -0.000548958 -0.000475098 -0.000636296 -3.53563e-05 4.26836e-06 3.81024e-05 -0.000101583 3.56137e-05 -0.00213119 3.77528e-05 0.0001067 -0.000131478 0.000455374 0.00112181 0.000785579 0.00100417 -0.000346581 -0.000193466 -0.000147697 -3.80796e-06 8.28764e-05 -0.000769425 -5.34837e-05 -0.000196616 0.000102616 0.000172499 0.000181653 0.000570431 0.000822144 0.00020077 -0.000296676 -0.000184508 -4.73247e-05 0.000302726 -0.000118873 -0.000103201 0.000290856 0.000540037 0.0006994 0.000859289 0.000112854 -0.000303676 -0.000175185 -0.000128501 -0.000344572
internal_weight=1.7509e+06 1.74428e+06 1.71688e+06 1.68575e+06 70949 20326 5344 31127 50623 30191 4745 1.6148e+06 879582 848973 214375 198842 95427 22893 21872 17660 735218 459995 392786 275223 634598 1021 633632 238302 30016 8051 4392 3871 3591 21965 67209 72534 395330 144018 3260 251312 64668 140758 101432 101055 14008 10141 4212 51334 6537 183304 15533 266232 255570 30609 13769 12060 10318 209482 21514 66385 60456 3659
internal_count=1750900 1744284 1716876 1685749 70949 20326 5344 31127 50623 30191 4745 1614800 879582 848973 214375 198842 95427 22893 21872 17660 735218 459995 392786 275223 634598 1021 633632 238302 30016 8051 4392 3871 3591 21965 67209 72534 395330 144018 3260 251312 64668 140758 101432 101055 14008 10141 4212 51334 6537 183304 15533 266232 255570 30609 13769 12060 10318 209482 21514 66385 60456 3659
is_linear=0
shrinkage=0.05


Tree=97
num_leaves=63
num_cat=0
split_feature=3 39 40 40 0 31 37 31 39 34 3 1 40 0 3 39 0 31 0 34 38 0 6 6 39 20 19 21 39 31 18 20 24 1 0 21 34 39 5 31 39 31 32 31 0 0 39 31 32 40 6 31 1 34 34 35 31 0 38 5 34 32
split_gain=0.405148 0.399606 0.473586 0.617655 0.670456 0.805751 0.444416 1.19795 1.00489 0.617469 0.568187 0.768917 0.496159 0.713012 0.654102 0.861364 0.563623 0.464246 0.60149 0.427055 0.499057 0.449538 1.50188 0.816481 0.686718 0.667057 0.983977 1.15221 0.645004 0.588547 0.761685 0.692412 0.672091 0.565741 0.559404 0.643076 0.55542 0.719713 0.537719 0.789104 0.537389 0.481195 0.695216 0.601077 0.544376 0.47469 0.473243 0.47536 0.466194 0.464991 0.435189 0.427446 0.436846 0.423096 0.620562 1.48066 1.01695 0.726867 0.769084 0.725283 1.69722 0.851558
threshold=13772.600000000002 1.0000000180025095e-35 39.58497146869869 38.353663622566977 155501.42461975358 10.500000000000002 1.0000000180025095e-35 7.5000000000000009 39.499854902288519 1.5000000000000002 5045.9000000000005 5.9850000000000012 29.983041132389676 233833.75523404722 6415.4000000000005 23.264872196902367 71383.632852942814 12.500000000000002 137862.06535887919 8.5000000000000018 82.015625677155597 368781.28033656598 171.50000000000003 167.35000000000005 92.794822233140906 757.50000000000011 126750.00000000001 1811.5000000000002 9.7742184216028196 7.5000000000000009 27020.500000000004 874.50000000000011 6.7500000000000009 7.9350000000000014 131755.01542722576 1676.5000000000002 1.5000000000000002 42.591192989344904 139.87950000000004 8.5000000000000018 0.71568454891385702 12.500000000000002 2.5000000000000004 26.000000000000004 811372.39673120365 99112.95427677453 97.987117009455048 1.0000000180025095e-35 1.0000000180025095e-35 16.409461759975482 201.30000000000004 9.5000000000000018 5.8350000000000009 6.5000000000000009 4.5000000000000009 1.0000000180025095e-35 6.5000000000000009 132634.2602009901 75.928470690053317 171.02700000000002 5.5000000000000009 1.5000000000000002
decision_type=2 2 2 2 2 2 2 2 2 2 2 2 2 2 2 2 2 2 2 2 2 2 2 2 2 2 2 2 2 2 2 2 2 2 2 2 2 2 2 2 2 2 2 2 2 2 2 2 2 2 2 2 2 2 2 2 2 2 2 2 2 2
left_child=1 2 3 4 5 -1 19 8 12 10 -10 -12 13 14 -8 16 -16 18 -9 21 -21 23 36 28 25 40 27 -27 38 30 32 -32 -29 41 -26 -36 51 -38 -3 -40 -25 42 -24 44 48 -33 -30 -48 -43 -41 -42 -23 -53 54 -28 56 -56 58 -58 -57 -61 -62
right_child=-2 6 -4 -5 -6 -7 7 17 9 -11 11 -13 -14 -15 15 -17 -18 -19 -20 20 -22 22 33 24 34 26 53 29 46 -31 31 45 -34 -35 35 -37 37 -39 39 49 50 43 -44 -45 -46 -47 47 -49 -50 -51 -52 52 -54 -55 55 59 57 -59 -60 60 61 -63
leaf_value=0.0026342290811710977 0.00023315636166192975 7.3654291921486045e-05 1.1980501018797864e-05 0.0022268429678436279 0.00023760704673567742 -0.00096531834834949178 -0.00026462735848091447 -0.00019488008002343829 -0.0015691411697523164 -0.0010519677968318388 -0.00022912181256876343 0.00038160505656161621 -0.00039998756172727226 0.00010847048832315723 -0.0015142934786109476 -0.0011367160374437001 -0.0039134401001511814 -0.00012780622817087556 0.00059334994246990937 -0.00068452901962131978 -1.4043536890380008e-05 -6.3154713978060632e-05 -0.00015936878781780644 0.0021828907507575133 0.000446359120605551 -0.00013768131607578445 3.0047251422305893e-05 0.00084079251953177625 -3.9962196058730755e-05 4.0464352175786008e-05 0.0002609762863836277 0.0016087557079323437 0.0034427758277440221 0.00056610227049504235 0.00048032675571898879 5.734542747250937e-06 0.00057239033381956995 1.6601530683511077e-05 -0.0010018050004484949 0.0023277066021814923 -0.00029019360202866033 0.00044562239326938343 -0.00052139715158800099 -0.00073134123629128682 0.00056837789249899703 0.00066569011267216839 0.0015015292527362761 -0.00070950406666580495 -0.00015183982563825139 -0.00014389918343959916 -4.7746394999339389e-05 7.5823055322746325e-05 0.00067307622381967112 0.00026160715690202828 -0.00086251215386206291 -0.0002264027798960293 0.00039181322523647506 4.661818015159417e-05 0.0016551358715488542 -0.00016655498080394952 -0.0025368444249162288 -0.00092111706316190881
leaf_weight=607 18376 3707 22253 437 13900 209 1067 3382 612 1699 15472 7728 6740 1069 422 2180 583 7767 8511 4947 6322 35857 116945 257 16196 12131 820499 613 273453 6982 12452 1631 417 2716 8968 34974 13005 10550 5409 206 24415 4233 14957 2328 5096 7336 259 3958 14278 2496 76515 9952 4422 18283 2318 25794 6535 16923 1477 4773 1471 1830
leaf_count=607 18376 3707 22253 437 13900 209 1067 3382 612 1699 15472 7728 6740 1069 422 2180 583 7767 8511 4947 6322 35857 116945 257 16196 12131 820499 613 273453 6982 12452 1631 417 2716 8968 34974 13005 10550 5409 206 24415 4233 14957 2328 5096 7336 259 3958 14278 2496 76515 9952 4422 18283 2318 25794 6535 16923 1477 4773 1471 1830
internal_value=-3.83032e-07 -2.86007e-06 0.00015879 0.000374388 0.000319378 0.00171229 -6.42718e-06 -0.000143385 -0.000308859 -0.000131063 -6.53554e-05 -2.56866e-05 -0.000684929 -0.00104586 -0.00133607 -0.00169501 -0.00290604 0.000172851 0.000369202 -1.64151e-06 -0.000308381 4.83542e-07 -6.35859e-05 1.12673e-05 3.0885e-05 2.14092e-05 3.45204e-05 0.000272374 -6.34655e-05 0.000441393 0.000566088 0.00050222 0.00189422 -0.000149397 0.000195174 0.000102593 0.000123133 0.000323459 -0.000425232 -0.00065324 -0.00010058 -0.000161709 -0.000200421 3.51742e-05 0.000110764 0.000837224 -4.80682e-05 -0.000573707 -1.52152e-05 4.45356e-05 -0.000106394 2.9193e-05 0.000259561 2.35351e-05 1.8598e-05 -0.000135099 0.000139242 0.000232366 0.000624705 -0.000355856 -0.000769422 -0.00164112
internal_weight=1.7509e+06 1.73252e+06 37406 15153 14716 816 1.69512e+06 57232 37572 25511 23812 23200 12061 5321 4252 3185 1005 19660 11893 1.63789e+06 11269 1.62662e+06 234339 1.39228e+06 1.10279e+06 1.04265e+06 941465 41562 289488 29431 22449 21419 1030 160553 60138 43942 73786 23555 11818 8111 101187 157837 131902 25935 23607 8967 277670 4217 18511 2702 100930 50231 14374 899903 881620 61121 27253 24935 8012 33868 8074 3301
internal_count=1750900 1732524 37406 15153 14716 816 1695118 57232 37572 25511 23812 23200 12061 5321 4252 3185 1005 19660 11893 1637886 11269 1626617 234339 1392278 1102790 1042652 941465 41562 289488 29431 22449 21419 1030 160553 60138 43942 73786 23555 11818 8111 101187 157837 131902 25935 23607 8967 277670 4217 18511 2702 100930 50231 14374 899903 881620 61121 27253 24935 8012 33868 8074 3301
is_linear=0
shrinkage=0.05


Tree=98
num_leaves=63
num_cat=0
split_feature=0 18 26 38 18 17 39 35 31 7 6 0 38 0 0 35 37 0 34 3 39 36 36 3 0 20 39 19 29 3 30 34 34 36 7 35 36 38 37 16 29 3 36 31 38 38 3 0 36 34 35 39 0 38 39 0 3 3 39 39 38 3
split_gain=0.395247 0.386736 0.401504 0.550489 0.433068 0.438812 0.382234 0.731892 0.72293 0.619966 0.568453 0.810366 0.709886 0.541423 0.512732 0.505476 0.46002 0.662105 0.757252 0.900723 0.578365 0.710076 0.860783 0.465794 0.459955 0.445568 0.507845 0.485488 0.446608 0.445321 0.443826 0.418518 0.789935 0.873965 0.676858 1.57294 0.398136 0.391667 0.388598 0.379165 0.374477 0.361423 0.348839 0.346887 0.836918 0.464948 0.775362 1.09974 0.980784 0.910035 0.786984 0.895845 0.985683 0.771518 0.622653 0.730686 0.606895 0.57228 0.527984 0.516212 0.515232 0.536095
threshold=29518.654949670719 155304.00000000003 6.6500000000000012 62.204946338802678 50351.500000000007 8726.0000000000018 1.3342714337819142 3.5000000000000004 1.0000000180025095e-35 4.7500000000000009 167.35000000000005 762942.74572553637 64.832088625778979 124112.91938260027 136166.92614830044 1.5000000000000002 1.0000000180025095e-35 140490.73485909266 1.0000000180025095e-35 6427.6500000000005 43.319880796083886 6.5000000000000009 1.5000000000000002 8663.7000000000025 235591.79623939961 704.50000000000011 24.867464856855111 108250.00000000001 44.877100390863951 12772.600000000002 0.00059236913375654841 7.5000000000000009 6.5000000000000009 2.5000000000000004 4.7500000000000009 1.5000000000000002 3.5000000000000004 57.577786240640485 1.0000000180025095e-35 -0.82000000000000017 72.541898504038855 9831.8500000000004 6.5000000000000009 3.5000000000000004 91.385270502070071 58.055018653987837 8806.1000000000022 74629.772035222952 1.5000000000000002 1.0000000180025095e-35 1.0000000180025095e-35 61.223119538989174 249776.41200111897 11.901165137094319 38.581352618730314 65893.401104170844 7151.2500000000009 6114.4500000000016 44.157448059010569 47.554280954597623 41.317865354668065 6427.6500000000005
decision_type=2 2 2 2 2 2 2 2 2 2 2 2 2 2 2 2 2 2 2 2 2 2 2 2 2 2 2 2 2 2 2 2 2 2 2 2 2 2 2 2 2 2 2 2 2 2 2 2 2 2 2 2 2 2 2 2 2 2 2 2 2 2
left_child=-1 2 6 4 5 -4 7 8 -2 14 11 -11 24 -14 -10 -13 25 20 -19 -20 21 22 23 -18 36 26 -8 30 -28 40 42 32 43 34 35 -34 -12 -33 -26 -35 -30 -39 -27 44 45 46 48 58 50 -50 54 53 57 56 55 -29 -52 -53 -48 -51 61 -55
right_child=1 -3 3 -5 -6 -7 16 -9 9 10 12 15 13 -15 -16 -17 17 18 19 -21 -22 -23 -24 -25 38 27 28 31 29 -31 -32 37 33 39 -36 -37 -38 41 -40 -41 -42 -43 -44 -45 -46 -47 47 -49 49 59 51 52 -54 60 -56 -57 -58 -59 -60 -61 -62 -63
leaf_value=0.0003853669468656653 0.0012270667436843224 -0.00051532674716854999 1.823975639363033e-05 -1.8953853968768902e-05 8.2491481247216211e-05 0.0004403592670040432 -0.00068677043874843695 0.0014020357541655835 0.0008213497864549337 -0.00026418460329672512 0.001060066669172962 4.7444994798071821e-05 0.00097710789250713271 -0.00010557744716697563 -0.00039453603562293095 0.0021468334542864673 1.1449004005816625e-05 -0.00055447151931041841 0.002604329458286835 0.00011353597725211317 -0.00011860049549846089 0.00054361379493165379 -0.0010851793158746148 -0.0016783083220471111 0.00018797324258938057 0.00054358804189778257 0.00054941078984577652 -0.00078719660717414179 -0.00051824917861772145 5.6866976191674852e-05 4.2639905546659592e-05 -0.00073562811288169206 -0.0011602292246840529 -0.0021438966465949722 0.00041385200075918431 0.0011666761205537779 -0.00056971085233863497 -0.00033253989548831829 0.00091712459858534932 -0.00041750236666895512 -0.00012083767567567881 0.00017558749409207522 -0.00076196201668832014 -3.1547432523822383e-05 0.00030598493185213867 5.119273346616591e-05 0.0017901051142169299 8.2290753286502186e-05 -0.00015508750255119113 0.00075012289675783833 0.0016612957449265659 0.00076423110382084426 -0.00036220145892441554 -0.00047035407187358616 -0.00030254459274830299 6.5847996169157561e-05 -0.00040486247637439753 2.5112760804622375e-05 0.00031484826915959094 0.00016427401409715257 5.0172068450233241e-05 7.853118604687071e-05
leaf_weight=6616 1371 3659 8937 102724 79405 19790 4177 1090 955 11307 4142 556 1275 12239 9415 592 3791 4568 370 19069 13719 1231 6514 457 9859 9433 2428 2797 9984 15966 15041 3343 2108 419 24024 1108 412 9060 2243 1320 14590 5702 541 787577 24564 269453 1434 40192 10902 7211 1051 8656 3997 16107 71106 24491 537 3755 1051 7857 16466 6146
leaf_count=6616 1371 3659 8937 102724 79405 19790 4177 1090 955 11307 4142 556 1275 12239 9415 592 3791 4568 370 19069 13719 1231 6514 457 9859 9433 2428 2797 9984 15966 15041 3343 2108 419 24024 1108 412 9060 2243 1320 14590 5702 541 787577 24564 269453 1434 40192 10902 7211 1051 8656 3997 16107 71106 24491 537 3755 1051 7857 16466 6146
internal_value=-3.63881e-07 -1.82694e-06 -7.47505e-07 6.39343e-05 0.000142677 0.000309037 -9.66294e-06 0.000119204 9.34844e-05 6.41582e-05 0.00014851 -0.000135675 0.000265829 -3.42976e-06 -0.000282562 0.00113006 -1.45103e-05 -0.000164013 2.48175e-05 0.000160945 -0.000340321 -0.000593951 -0.00072407 -0.000170335 0.000484295 -9.29255e-06 -0.00016044 -4.11933e-06 -0.000109275 -0.000148724 0.000214143 -8.15637e-06 -4.91643e-06 0.000253283 0.000322661 -0.000358547 0.000912621 -0.000246938 0.000323115 -0.000833465 -0.000282299 -0.00013627 0.000472774 -1.06485e-05 2.11405e-05 6.95401e-06 -4.63194e-05 0.000145403 -9.15048e-05 0.000192879 -0.000139119 9.22449e-06 0.000320683 -0.000117563 -0.000224626 -2.15885e-05 0.000962601 0.000540608 0.00116616 0.00044464 -0.000161864 -0.000318759
internal_weight=1.7509e+06 1.74428e+06 1.74062e+06 210856 108132 28727 1.52977e+06 55456 54366 52995 42625 12455 30170 13514 10370 1148 1.47431e+06 49719 24007 19439 25712 11993 10762 4248 16656 1.42459e+06 47145 1.37745e+06 42968 40540 25015 1.35243e+06 1.33433e+06 28979 27240 3216 4554 18105 12102 1739 24574 14762 9974 1.30535e+06 517773 493209 223756 42677 181079 25970 155109 56715 16408 40307 98394 27288 1588 12411 2485 15068 38719 22253
internal_count=1750900 1744284 1740625 210856 108132 28727 1529769 55456 54366 52995 42625 12455 30170 13514 10370 1148 1474313 49719 24007 19439 25712 11993 10762 4248 16656 1424594 47145 1377449 42968 40540 25015 1352434 1334329 28979 27240 3216 4554 18105 12102 1739 24574 14762 9974 1305350 517773 493209 223756 42677 181079 25970 155109 56715 16408 40307 98394 27288 1588 12411 2485 15068 38719 22253
is_linear=0
shrinkage=0.05


Tree=99
num_leaves=63
num_cat=0
split_feature=28 34 20 31 22 0 5 0 3 39 39 31 39 40 3 40 0 6 20 31 7 7 18 35 40 34 7 0 0 34 31 6 38 35 34 31 33 34 39 31 34 7 40 0 33 39 40 38 31 34 31 21 3 40 31 38 3 0 35 39 31 0
split_gain=0.370032 0.565307 0.630503 0.525478 0.50173 0.614425 0.442389 0.595818 1.47813 0.992833 0.848376 0.797146 0.765831 0.662871 0.722914 0.654211 0.569951 0.945292 0.960132 0.695902 0.593351 0.65675 0.560185 0.559999 0.83173 0.558376 0.792658 1.1472 0.81303 0.636442 0.567569 0.562876 0.562118 0.557605 0.55591 0.546827 0.569888 0.546766 0.543485 1.23922 0.576662 0.740737 0.643058 0.736766 0.640737 0.535162 0.526668 0.552027 0.515833 0.505366 0.490377 0.48752 0.486849 0.478551 0.639253 0.483122 0.895622 0.472682 0.526675 0.800368 0.462086 0.455917
threshold=19.350000000000005 4.5000000000000009 831.50000000000011 13.500000000000002 909.50000000000011 105539.9605940687 156.54550000000003 94323.376781230458 9144.9500000000025 53.683904954241363 35.443325351635274 4.5000000000000009 8.4920239377530446 63.744642011654626 5450.7000000000007 30.562696377732873 246139.25663713223 171.50000000000003 843.50000000000011 16.500000000000004 6.8500000000000005 4.9500000000000011 54689.500000000007 3.5000000000000004 13.551451382552088 5.5000000000000009 8.6500000000000004 261700.68475465282 266139.69614898512 7.5000000000000009 17.500000000000004 164.00000000000003 63.853617652184774 2.5000000000000004 4.5000000000000009 12.500000000000002 1.5000000000000002 7.5000000000000009 97.987117009455048 1.0000000180025095e-35 1.5000000000000002 5.8500000000000005 55.764600839701131 246139.25663713223 1.5000000000000002 22.765566358351226 15.142803941095353 24.102763238554925 2.5000000000000004 6.5000000000000009 3.5000000000000004 2356.5000000000005 5450.7000000000007 9.0521535005497871 4.5000000000000009 92.141395603122433 8000.9500000000007 878417.64567891427 1.5000000000000002 7.7454821703765049 1.5000000000000002 130857.76282736774
decision_type=2 2 2 2 2 2 2 2 2 2 2 2 2 2 2 2 2 2 2 2 2 2 2 2 2 2 2 2 2 2 2 2 2 2 2 2 2 2 2 2 2 2 2 2 2 2 2 2 2 2 2 2 2 2 2 2 2 2 2 2 2 2
left_child=1 2 -1 -3 -4 -6 7 8 9 11 15 12 13 -2 -15 23 17 19 -19 45 21 -18 51 -9 -25 26 27 31 30 -27 32 -17 -28 37 -33 36 -23 46 40 -40 44 -42 43 49 53 -8 47 -10 -14 -43 -50 -20 -41 54 -12 -55 -57 -30 -59 -60 -47 -24
right_child=6 3 4 -5 5 -7 16 10 33 -11 38 -13 48 14 -16 25 20 18 22 -21 -22 35 61 24 -26 29 28 -29 57 -31 -32 34 -34 -35 -36 -37 -38 -39 39 52 41 42 -44 -45 -46 60 -48 -49 50 -51 -52 -53 -54 55 -56 56 -58 58 59 -61 -62 -63
leaf_value=2.6252985676784583e-05 4.247052481554785e-05 -0.0003056854462411008 -4.4543146097415927e-05 0.0013890184649836127 0.00085508952203912868 0.00025863634788937635 -0.00059750049286925078 0.00023211806359679655 0.0002285875216294788 -1.9829069154914545e-05 0.00092307239539087839 -0.0006014382862854188 -0.0004000376385929744 -0.00034163318409782291 0.0025004059687582661 -0.00046487172265500908 -0.00014802354185079758 -0.00013584805438821731 -0.00012734422733891047 -0.0018326525429648956 -0.00045946539145501147 -6.2814274683946486e-05 0.00015970691850383125 0.0022507772920621312 0.00041847350623772046 0.00057360735903672555 -0.00025492418342264926 -0.0001017782452004055 -8.1430158303928571e-06 -0.000313341072565514 0.00048663689639614718 0.00036239201343153042 -0.00088156620194923161 -0.0010777440162009703 -0.00061928900249147943 0.00025697195218351941 0.00039155153545192549 -0.00066475806086866698 0.0012648240871586684 -0.0022465966552291778 0.00048005409557016636 -0.00030304134887415129 3.2978039938743422e-05 2.7544469505910989e-05 0.00056679985162849558 -0.0012552277940878044 0.00031671554058174958 -0.0016425411435385924 0.00035368403221914808 0.00043075236323801238 -0.00036421768910646618 0.0004426233139069774 -0.0004370773094910462 1.5614608614114879e-05 -0.00028863241589206312 0.00052133614643758218 -0.00014590896732635217 0.00019065718361975758 0.0042537375000784123 0.00015185673609612906 -9.1164200868408532e-05 1.061634919799853e-05
leaf_weight=90136 2043 12353 11044 475 4998 31723 6242 52433 874 51404 3305 17768 21381 328 704 2372 151575 64414 4781 627 10420 117169 74694 855 2247 9564 8227 34257 15294 2565 1524 40046 6334 837 1496 18256 7333 1634 1094 386 5894 59327 62263 30135 5726 866 31650 718 5445 2443 4224 17427 10043 387154 1623 12894 8245 760 251 226 54811 163563
leaf_count=90136 2043 12353 11044 475 4998 31723 6242 52433 874 51404 3305 17768 21381 328 704 2372 151575 64414 4781 627 10420 117169 74694 855 2247 9564 8227 34257 15294 2565 1524 40046 6334 837 1496 18256 7333 1634 1094 386 5894 59327 62263 30135 5726 866 31650 718 5445 2443 4224 17427 10043 387154 1623 12894 8245 760 251 226 54811 163563
internal_value=-3.45687e-07 7.45478e-05 0.000104081 -0.000242933 0.000250948 0.000339818 -7.40032e-06 1.55536e-05 -7.97087e-05 -0.000175576 3.27743e-05 -0.000329856 -0.00018845 0.000564227 0.00159712 0.00012831 -3.7511e-05 2.72914e-06 3.69979e-05 -0.000175271 -8.86674e-05 -7.55404e-05 7.97434e-05 0.000270737 0.000923509 6.39605e-05 2.86992e-05 0.000115089 -0.000178351 0.000386038 -0.000431425 0.000284265 -0.000527512 0.000197581 0.00032704 1.41948e-06 -3.60527e-05 0.000228188 3.90446e-06 -0.000336114 1.06712e-05 -7.00566e-05 -9.10879e-05 -0.000175139 4.1514e-05 -0.000158488 0.00027208 -0.000615301 -0.00026299 -0.00027402 4.00614e-05 0.000319919 -0.000504052 3.42351e-05 0.000524006 2.83236e-05 0.000261086 6.78947e-05 0.00100801 0.00231029 -0.00010927 5.73565e-05
internal_weight=1.7509e+06 150729 137901 12828 47765 36721 1.60017e+06 907993 139010 103297 768983 51893 34125 3075 1032 178451 692178 387425 324879 62546 304753 294333 260465 55535 3102 122916 110787 78171 32616 12129 16085 43914 14561 35713 41542 142758 124502 34876 590532 11523 579009 160062 154168 91905 418947 61919 33242 1592 31050 61770 9669 22208 10429 413221 4928 408293 21139 16531 1237 477 55677 238257
internal_count=1750900 150729 137901 12828 47765 36721 1600171 907993 139010 103297 768983 51893 34125 3075 1032 178451 692178 387425 324879 62546 304753 294333 260465 55535 3102 122916 110787 78171 32616 12129 16085 43914 14561 35713 41542 142758 124502 34876 590532 11523 579009 160062 154168 91905 418947 61919 33242 1592 31050 61770 9669 22208 10429 413221 4928 408293 21139 16531 1237 477 55677 238257
is_linear=0
shrinkage=0.05


Tree=100
num_leaves=63
num_cat=0
split_feature=25 38 0 5 32 36 36 0 35 5 35 34 32 38 34 40 32 31 0 21 34 6 36 32 3 0 34 38 36 35 3 35 0 3 36 0 6 35 34 6 36 23 40 34 31 18 3 35 34 32 35 35 0 40 3 31 3 6 40 35 31 38
split_gain=0.385083 0.538467 0.48197 0.42603 1.05163 0.777419 0.692422 0.787616 0.659279 0.613963 0.831169 0.825551 0.76472 0.655811 0.601436 0.600529 1.15246 0.781491 0.773195 0.972809 0.779817 0.980834 0.750245 0.743186 1.01353 1.39311 0.823834 0.672513 0.637364 0.62042 0.878866 1.32923 0.601878 1.10371 1.1529 0.597194 0.625493 0.596551 0.608688 0.693109 0.636902 0.5876 0.577273 0.873434 0.653743 0.640712 0.554631 0.542992 0.533885 0.517205 1.57819 0.709437 1.16339 0.51671 0.496521 0.488147 1.48201 0.486513 0.668082 0.477476 0.47243 1.38185
threshold=6.4500000000000011 42.480292596993898 42822.623074485171 156.54550000000003 6.5000000000000009 2.5000000000000004 2.5000000000000004 477310.61111297697 4.5000000000000009 146.70450000000002 1.0000000180025095e-35 4.5000000000000009 1.0000000180025095e-35 75.928470690053317 1.5000000000000002 35.342559947574543 1.0000000180025095e-35 3.5000000000000004 135289.36271652547 1378.5000000000002 5.5000000000000009 171.10000000000002 1.0000000180025095e-35 2.5000000000000004 7691.2500000000009 811372.39673120365 2.5000000000000004 40.407408843624602 1.5000000000000002 1.5000000000000002 7247.6500000000005 2.5000000000000004 423306.83129810268 6470.4000000000005 1.0000000180025095e-35 383886.49657520495 166.15000000000001 1.0000000180025095e-35 6.5000000000000009 171.10000000000002 1.5000000000000002 9.9500000000000011 50.693544332036886 6.5000000000000009 16.500000000000004 29245.500000000004 7500.7000000000007 4.5000000000000009 1.5000000000000002 1.0000000180025095e-35 1.5000000000000002 1.5000000000000002 257656.0757848623 11.670042482946878 6810.3000000000002 1.5000000000000002 7099.2000000000016 182.30000000000004 61.00433854275142 2.5000000000000004 2.5000000000000004 37.174069593815709
decision_type=2 2 2 2 2 2 2 2 2 2 2 2 2 2 2 2 2 2 2 2 2 2 2 2 2 2 2 2 2 2 2 2 2 2 2 2 2 2 2 2 2 2 2 2 2 2 2 2 2 2 2 2 2 2 2 2 2 2 2 2 2 2
left_child=3 2 -2 4 6 15 8 9 60 10 11 -8 13 -13 -11 16 22 -18 19 -17 23 28 -5 27 25 26 32 55 46 -24 31 -31 33 -25 -35 36 -6 41 39 40 -39 -21 43 45 -44 53 -22 -12 -9 50 -23 57 -53 -7 -19 56 -20 -51 -59 -32 61 -1
right_child=1 -3 -4 5 35 42 7 48 -10 14 47 12 -14 -15 -16 18 17 54 20 37 21 49 29 24 -26 -27 -28 -29 -30 30 59 -33 -34 34 -36 -37 -38 38 -40 -41 -42 -43 44 -45 -46 -47 -48 -49 -50 51 -52 52 -54 -55 -56 -57 -58 58 -60 -61 -62 -63
leaf_value=-0.00024896175254737377 0.0017048560425292321 1.7093459945180863e-05 0.0001982203612026546 -4.3034025544200583e-07 0.00010388283580890556 0.0030142087602359462 -9.5574099065988584e-05 -0.00017901710338364004 -0.0012393266401829639 0.00010925455029462406 -0.00030579888093492633 -0.00023774147586568233 0.0012619846275666643 0.00088043857256844306 -0.00019803042712441548 -0.00032461613247672367 -0.00075482564442581467 0.00050408916504846751 0.0023126252164809191 0.0003131605675944925 -0.00057469483153403829 -0.00061903462152800015 -0.00023472113456443532 0.00028782473388620978 3.9770269829020761e-05 0.00059983266306545694 0.0017179994505282471 -3.756427742462734e-05 -0.00032732221361719371 -0.0017810818244500309 -0.00048379066551336675 -0.00045498611370545211 -0.00033968438957343887 0.00037858025340095836 -0.001281194682448641 2.8446994834020225e-05 0.00067196744061600753 -0.00021886945193432688 0.0010042697661480288 2.3670885753532297e-05 -0.0016744259160715914 -0.0011950915189165088 -2.3111071815964501e-05 -0.0020651222234639075 -0.00071242537043338593 0.00011047033258302407 0.0011312568592943978 0.00027586588780058926 0.00046513309926643704 -0.0012911622399051047 0.0010934986216451031 -0.0034449817321817382 -0.00084793591681339849 0.000682803392728574 4.2747457723995915e-05 0.00018485066201412534 -0.00017911617206018562 0.00046189243581736054 -0.00077661258040207068 0.0002601607196730474 7.4515981122335868e-05 3.3637225757542174e-05
leaf_weight=51331 537 127951 46086 26546 7812 270 49464 4585 1022 52402 70603 3734 2140 2021 22875 11214 2300 9077 1096 41387 612 6689 67152 1743 18683 2807 382 167641 2695 3029 6961 5024 9940 1192 8556 13519 12760 1937 1318 16624 1228 656 89570 456 3577 109771 2151 4254 10779 1705 1684 622 1406 1984 16315 13969 1310 1764 2845 3125 322535 275020
leaf_count=51331 537 127951 46086 26546 7812 270 49464 4585 1022 52402 70603 3734 2140 2021 22875 11214 2300 9077 1096 41387 612 6689 67152 1743 18683 2807 382 167641 2695 3029 6961 5024 9940 1192 8556 13519 12760 1937 1318 16624 1228 656 89570 456 3577 109771 2151 4254 10779 1705 1684 622 1406 1984 16315 13969 1310 1764 2845 3125 322535 275020
internal_value=-3.59152e-07 7.0101e-05 0.000215574 -8.1647e-06 1.41648e-05 -3.84326e-05 3.52327e-06 -7.25303e-05 2.96025e-05 -9.81082e-05 -0.000163006 -1.9791e-05 0.000455008 0.000154933 1.58775e-05 -7.43372e-05 -0.000161055 0.000127724 -3.69759e-05 0.000104534 -7.91544e-05 -0.000362192 -0.00023256 -5.15466e-05 -0.000237914 -0.000448636 -0.000583558 -7.6903e-06 0.000219767 -0.000304808 -0.000564277 -0.000953775 -0.000624582 -0.000871026 -0.00107823 0.000286598 0.000456243 0.000180741 -3.61498e-05 -0.000105444 -0.000783616 0.000289627 4.24789e-05 0.000118716 -4.95819e-05 0.000127605 0.000753391 -0.000272744 0.000272903 -0.00055222 -0.000274605 -0.000830867 -0.00164447 0.000962076 0.000207665 0.000298148 0.000955941 -0.000569546 -0.0003026 -0.000253288 3.1601e-05 -1.08121e-05
internal_weight=1.75044e+06 174574 46623 1.57587e+06 906856 669013 872765 222857 649908 207493 132216 57359 7895 5755 75277 463385 139529 27692 323856 74364 249492 22173 111837 227319 43303 24620 21813 184016 5458 85291 18139 8053 21431 11491 9748 34091 20572 63150 21107 19789 3165 42043 205628 112481 93147 112025 2763 74857 15364 16715 8373 8342 2028 2254 25392 16375 2406 6314 4609 10086 648886 326351
internal_count=1750443 174574 46623 1575869 906856 669013 872765 222857 649908 207493 132216 57359 7895 5755 75277 463385 139529 27692 323856 74364 249492 22173 111837 227319 43303 24620 21813 184016 5458 85291 18139 8053 21431 11491 9748 34091 20572 63150 21107 19789 3165 42043 205628 112481 93147 112025 2763 74857 15364 16715 8373 8342 2028 2254 25392 16375 2406 6314 4609 10086 648886 326351
is_linear=0
shrinkage=0.05


Tree=101
num_leaves=63
num_cat=0
split_feature=28 39 17 36 0 38 31 19 36 33 5 35 32 18 17 32 0 5 5 36 28 6 0 32 39 2 0 40 38 15 6 0 39 36 0 40 31 0 7 39 0 36 39 37 31 39 36 5 26 39 0 29 31 32 36 33 2 36 32 5 7 27
split_gain=0.367638 0.438179 0.419921 0.511406 0.387702 0.378251 0.355691 0.355209 0.342596 0.342466 0.379523 0.342426 0.426561 0.339851 0.382215 0.334542 0.703342 0.508151 0.790334 0.487962 0.444447 0.407022 0.356096 0.344553 1.05995 0.483812 0.407421 0.336875 0.309358 0.306108 0.289417 0.836759 0.821479 1.55316 0.989985 0.745896 0.637926 0.493563 0.592712 0.489321 0.573414 0.597368 0.485351 0.482824 0.564108 0.642953 0.494583 0.547133 0.44469 0.506055 0.721332 0.559605 0.521111 1.11328 0.477813 0.577364 0.477145 1.46209 0.577843 0.516376 0.477141 0.474369
threshold=14.850000000000003 90.244240615374352 24059.000000000004 1.5000000000000002 363782.43444632518 18.455718110729965 13.500000000000002 91750.000000000015 8.5000000000000018 2.5000000000000004 187.62900000000002 5.5000000000000009 1.0000000180025095e-35 23812.500000000004 29961.000000000004 18.500000000000004 220912.11111873263 173.46550000000005 177.59050000000005 2.5000000000000004 64.750000000000014 176.95000000000002 1412101.9492118165 16.500000000000004 79.73761879716966 1.6200000000000003 530144.31608948333 57.988623973876336 16.442938657181362 0.10500000000000033 167.35000000000005 346290.92301369522 40.229062223002352 1.5000000000000002 155501.42461975358 86.539405846859623 7.5000000000000009 378845.48929436092 7.6500000000000012 93.326429990140284 105539.9605940687 1.0000000180025095e-35 43.86547967353998 1.0000000180025095e-35 7.5000000000000009 35.048385254189832 2.5000000000000004 161.13950000000003 6.5500000000000007 1.3342714337819142 186776.67119244754 67.388781838020662 10.500000000000002 7.5000000000000009 1.5000000000000002 1.5000000000000002 2.0150000000000001 2.5000000000000004 6.5000000000000009 164.79300000000003 8.9000000000000021 40.150000000000013
decision_type=2 2 2 2 2 2 2 2 2 2 2 2 2 2 2 2 2 2 2 2 2 2 2 2 2 2 2 2 2 2 2 2 2 2 2 2 2 2 2 2 2 2 2 2 2 2 2 2 2 2 2 2 2 2 2 2 2 2 2 2 2 2
left_child=1 2 3 6 13 -5 7 28 -3 10 -7 15 -13 14 -4 20 19 21 -19 -17 23 -18 29 30 25 -25 -27 -22 -1 -20 31 32 33 -2 35 36 -35 39 -39 43 41 -41 -33 48 45 46 -45 -48 54 50 60 -51 53 -53 55 -32 58 -58 61 -60 -50 -54
right_child=11 8 4 5 -6 9 -8 -9 -10 -11 -12 12 -14 -15 -16 16 17 18 22 -21 27 -23 -24 24 -26 26 -28 -29 -30 -31 37 42 -34 34 -36 -37 -38 38 -40 40 -42 -43 -44 44 -46 -47 47 -49 49 51 -52 52 56 -55 -56 -57 57 -59 59 -61 -62 -63
leaf_value=-0.0016949758014298284 5.2998727092826251e-05 0.00051891361947857821 -8.8961413681208136e-05 0.0011310116012109236 -0.00050997738670245684 4.9147779578031553e-05 0.0015078434176010601 -4.114468418562299e-05 -0.00036505617275361002 -0.0012591845500587355 0.0005205576005868803 -6.1195089736768119e-05 0.00091407287852900664 0.00027111251260279366 0.0018790399686352301 -0.0002272870315422085 0.00013483963224287336 0.0019461083077000675 -0.00020735851207245721 0.0013561535678121308 -9.9985153571346746e-05 -0.00036555289162216661 0.0016934068996263597 0.0011444699076154884 -0.00142830057965808 -0.00090205199588097346 0.0003314523359672572 -0.00050912606128206779 -0.00034433962368578518 0.00085627312412019292 -0.0002534706320773669 0.0002763223755938644 -2.6858789318413587e-05 -0.00077707302279464603 -0.00015507548598622881 -0.0025805830949003454 -0.00026283483201879152 -0.00010947499677573051 0.00018280778729246299 0.0015314022572504918 0.00010052904250362051 0.00036404189766293667 -3.1685193842348408e-05 -0.00036047830768582383 0.00012339665670213384 -0.00015940790099375473 -0.0006179750923832472 -0.0020954187868971815 0.00083077267990159544 0.0002292942947677287 5.9398140613887704e-05 2.3668152964943254e-05 -0.00019435707250483767 0.0014009654148064337 2.1687557081675926e-05 0.00017954919689657227 -0.0017249740706154024 -3.5764345146772631e-05 0.00062071566076119216 -0.00059931365784767258 -0.00070035509867077126 0.00043396158625246418
leaf_weight=442 32676 8753 381 914 1503 28921 319 19142 1253 457 5009 2224 2261 16998 700 651 12003 834 2474 1926 16537 6144 382 826 1721 1245 1448 7231 10387 931 46051 28828 214504 14987 23028 470 10092 145428 19694 1341 44764 5996 22990 3416 11549 19572 1393 1139 6115 31883 12494 771763 38809 1470 61214 9243 1848 4175 4615 1068 555 3256
leaf_count=442 32676 8753 381 914 1503 28921 319 19142 1253 457 5009 2224 2261 16998 700 651 12003 834 2474 1926 16537 6144 382 826 1721 1245 1448 7231 10387 931 46051 28828 214504 14987 23028 470 10092 145428 19694 1341 44764 5996 22990 3416 11549 19572 1393 1139 6115 31883 12494 771763 38809 1470 61214 9243 1848 4175 4615 1068 555 3256
internal_value=-3.41195e-07 9.52174e-05 5.84464e-05 -2.2145e-06 0.000261634 0.000127112 -0.000152936 -0.000170612 0.000408219 0.000100428 0.000118741 -5.83589e-06 0.000430462 0.000325782 0.00118542 -7.02126e-06 0.000173235 8.46207e-05 0.00055272 0.000956146 -9.83195e-06 -3.45774e-05 0.000245859 -6.64698e-06 -0.000411428 8.58825e-05 -0.000238809 -0.000224459 -0.000399468 8.34612e-05 -5.31835e-06 -4.56725e-05 -7.81453e-05 -0.000213539 -0.000392829 -0.000607123 -0.000570139 5.91285e-06 -7.46146e-05 1.81824e-05 0.000167684 0.000577403 0.000139669 1.0632e-05 -0.000166547 -0.00029776 -0.000753012 -0.00128259 1.72358e-05 2.94145e-05 0.000283532 2.37445e-05 1.58201e-05 2.62865e-05 -7.45478e-05 -0.000181087 -0.000134689 -0.000554054 -8.17896e-05 0.000391437 0.00070337 -0.000145723
internal_weight=1.75044e+06 95179 85173 65591 19582 35301 30290 29971 10006 34387 33930 1.65526e+06 4485 18079 1081 1.65078e+06 25345 22768 4621 2577 1.62543e+06 18147 3787 1.60167e+06 5240 3519 2693 23768 10829 3405 1.59643e+06 347575 295757 81253 48577 25549 25079 1.24885e+06 165122 1.08373e+06 52101 7337 51818 1.03163e+06 37069 25520 5948 2532 994559 878051 19164 858887 827004 773233 116508 55294 53771 6023 47748 5683 6670 42065
internal_count=1750443 95179 85173 65591 19582 35301 30290 29971 10006 34387 33930 1655264 4485 18079 1081 1650779 25345 22768 4621 2577 1625434 18147 3787 1601666 5240 3519 2693 23768 10829 3405 1596426 347575 295757 81253 48577 25549 25079 1248851 165122 1083729 52101 7337 51818 1031628 37069 25520 5948 2532 994559 878051 19164 858887 827004 773233 116508 55294 53771 6023 47748 5683 6670 42065
is_linear=0
shrinkage=0.05


Tree=102
num_leaves=63
num_cat=0
split_feature=0 3 20 19 20 18 17 31 17 31 39 18 25 38 3 39 0 39 3 31 31 33 39 34 3 34 39 39 32 31 31 3 5 30 0 39 0 5 32 0 37 34 5 32 35 35 35 0 39 0 39 39 31 32 31 32 35 0 31 32 31 39
split_gain=0.358959 0.33542 0.351836 0.981547 0.861963 0.734445 0.603954 0.583711 0.506014 0.49914 0.493764 0.466316 0.866649 0.551841 0.464194 0.430298 0.414144 1.16983 1.22223 0.851647 0.491548 0.448051 0.447782 0.40269 0.437461 0.395736 0.762513 0.715403 0.3913 0.889851 0.530421 0.380293 0.361704 0.354337 0.346189 0.341821 0.335713 0.334749 0.72571 0.649577 0.81776 0.648721 1.08097 0.893917 1.6052 0.672356 0.642839 0.62713 0.61894 0.908487 0.569975 0.607261 0.554529 0.522159 0.985711 1.02806 1.00161 0.92511 0.896567 1.18108 0.799503 0.696277
threshold=29518.654949670719 13721.400000000003 757.50000000000011 140850.00000000003 944.50000000000011 37509.500000000007 16478.500000000004 6.5000000000000009 4945.5000000000009 8.5000000000000018 87.180461556766119 29245.500000000004 4.4500000000000011 29.054731452623887 12772.600000000002 0.71568454891385702 61562.3853665934 59.470226390593957 9144.9500000000025 4.5000000000000009 3.5000000000000004 1.0000000180025095e-35 3.3083412633346394 1.5000000000000002 11761.400000000003 1.5000000000000002 35.443325351635274 23.264872196902367 2.5000000000000004 9.5000000000000018 11.500000000000002 7126.3000000000011 169.22850000000003 0.00066608310016306831 47291.434218360613 1.0000000180025095e-35 101874.35345268053 154.89300000000003 6.5000000000000009 129200.91066696645 1.0000000180025095e-35 5.5000000000000009 171.83500000000001 1.0000000180025095e-35 1.5000000000000002 1.0000000180025095e-35 3.5000000000000004 298145.48445270286 96.347265164565712 298145.48445270286 1.3342714337819142 80.306100981576705 4.5000000000000009 2.5000000000000004 7.5000000000000009 3.5000000000000004 1.0000000180025095e-35 811372.39673120365 6.5000000000000009 3.5000000000000004 12.500000000000002 92.794822233140906
decision_type=2 2 2 2 2 2 2 2 2 2 2 2 2 2 2 2 2 2 2 2 2 2 2 2 2 2 2 2 2 2 2 2 2 2 2 2 2 2 2 2 2 2 2 2 2 2 2 2 2 2 2 2 2 2 2 2 2 2 2 2 2 2
left_child=-1 2 15 4 5 6 10 11 -6 14 -4 12 -8 -14 -10 35 17 18 20 25 22 32 -5 24 33 27 -27 -20 30 -30 -21 -24 -19 -17 -34 -2 -3 38 -18 40 46 53 -43 44 45 -44 50 -47 49 -40 -39 -52 -42 60 58 56 -56 -57 -55 61 -41 -60
right_child=1 36 3 16 8 -7 7 -9 9 -11 -12 -13 13 -15 -16 23 37 21 19 28 -22 -23 31 -25 -26 26 -28 -29 29 -31 -32 -33 34 -35 -36 -37 -38 39 48 41 52 42 43 -45 -46 47 -48 -49 -50 -51 51 -53 -54 54 55 57 -58 -59 59 -61 -62 -63
leaf_value=0.00036791604147667 0.00038897545420085039 0.00074350571846632896 -0.00034823659684230326 0.0011427224589420507 -0.000150571048245474 -1.3909508378550112e-05 -0.00058833417640127947 6.0590856867792257e-05 0.0011447670723017456 1.1086325404891545e-05 0.00095536926860269626 0.00074248970197268813 0.0048555335452174107 0.0019380387057227934 0.00038348921495027545 -0.00021435437411051412 9.6800746123161208e-06 0.00015635741974247738 0.0026184147972513191 -7.9719018601521189e-05 -0.0006853916494055205 0.0021959853585039337 -0.00039149267316344356 -0.00026956671775185101 -0.00011086808122761835 -0.00040627230101520018 0.0032141886164011417 -5.9031139076078166e-05 0.0038690443068626341 7.9410883313854217e-05 -0.002168506347751818 0.00062515676909678883 0.0025385588475849261 0.00028085650996613557 0.00060290696693499361 0.0025408249526106593 0.0001182552822341924 0.0011968762001292545 0.00068083017450636454 -2.7621210857253612e-05 0.00023817262843549029 -8.8745343794427363e-06 7.7686155735179352e-05 -0.0010314392392624817 0.0010996335318194197 -0.0020381360632134846 0.00073684804721669834 -0.00053769817672524509 -0.00029245210125838293 0.00010000007140243623 2.7774330140386212e-05 0.00039604223940671222 -0.00072872144853650133 -0.00025541048001547043 0.00051488933891718407 -0.00020193397324998045 0.003377979176042423 0.00042760000348535685 -0.0019693418007081858 8.8091646724358332e-05 0.00041903789595160146 -0.00011613376059103756
leaf_weight=6593 668 2348 3151 555 2082 35061 278 2414 5524 2109 944 4050 209 722 3141 4775 813396 6657 334 5715 12633 325 11346 26601 61644 210 473 986 200 687 321 1001 309 14834 915 255 25059 1177 11457 461366 2149 16470 1792 6527 1733 1185 4225 1689 4502 16325 67742 13410 4784 9495 1873 41863 365 6781 2681 1461 10241 625
leaf_count=6593 668 2348 3151 555 2082 35061 278 2414 5524 2109 944 4050 209 722 3141 4775 813396 6657 334 5715 12633 325 11346 26601 61644 210 473 986 200 687 321 1001 309 14834 915 255 25059 1177 11457 461366 2149 16470 1792 6527 1733 1185 4225 1689 4502 16325 67742 13410 4784 9495 1873 41863 365 6781 2681 1461 10241 625
internal_value=-3.24135e-07 -1.71635e-06 -4.48728e-06 1.4011e-06 0.000200367 0.000100808 0.000442593 0.00070427 0.000563015 0.000700911 -4.77228e-05 0.000999733 0.00186147 0.00259299 0.000868809 -9.15144e-05 -6.27035e-06 -0.000159884 -0.000287642 0.000216 -0.000463694 0.000376632 -0.000246619 -0.000100714 -4.54342e-05 0.00112398 0.00210102 0.000618444 -4.67024e-05 0.000933894 -0.000190803 -0.000309071 0.000301605 0.000160267 0.00109156 0.000983473 0.000171821 -1.91628e-06 1.89077e-05 -2.86136e-05 9.34884e-05 -4.87761e-05 -0.000277482 -0.000619735 -0.000199794 -0.000682415 0.000135341 -0.00115635 0.000251399 0.000339528 0.000104473 8.86289e-05 -0.000429016 -3.62507e-05 -0.000168941 -6.59694e-05 0.000981837 -0.000114177 -0.000536307 -0.0010958 -1.7922e-05 -0.00161899
internal_weight=1.75044e+06 1.74385e+06 1.71644e+06 1.60767e+06 59685 46829 11768 7673 12856 10774 4095 5259 1209 931 8665 108777 1.54798e+06 42667 34461 8926 25535 8206 12902 107854 81253 2003 683 1320 6923 887 6036 12347 7881 19609 1224 923 27407 1.50531e+06 845680 659634 93487 566147 29396 12926 6399 4666 86554 2874 32284 27782 82329 81152 6933 536751 65144 50882 2238 48644 14262 4767 471607 3306
internal_count=1750443 1743850 1716443 1607666 59685 46829 11768 7673 12856 10774 4095 5259 1209 931 8665 108777 1547981 42667 34461 8926 25535 8206 12902 107854 81253 2003 683 1320 6923 887 6036 12347 7881 19609 1224 923 27407 1505314 845680 659634 93487 566147 29396 12926 6399 4666 86554 2874 32284 27782 82329 81152 6933 536751 65144 50882 2238 48644 14262 4767 471607 3306
is_linear=0
shrinkage=0.05


Tree=103
num_leaves=63
num_cat=0
split_feature=18 0 7 39 35 31 34 7 6 0 40 38 1 26 38 20 39 39 36 21 22 39 27 20 19 31 34 35 19 17 38 0 39 1 31 33 36 40 31 18 17 36 17 39 33 32 34 32 31 36 31 32 31 31 40 38 4 38 6 31 34 39
split_gain=0.324734 0.344156 0.526175 0.451072 0.573255 0.372199 0.527478 0.475094 0.360648 0.324027 0.443726 0.52261 0.314435 0.300321 0.498889 0.422056 0.419074 0.431093 0.483392 0.688173 0.609207 0.46096 0.453211 0.380111 0.427906 0.356341 0.419823 0.362907 0.354288 0.50097 0.528107 0.353171 1.05018 0.800197 0.793707 0.404289 0.352088 0.359495 0.350682 0.349871 0.39628 0.344328 0.392334 0.368352 0.354079 0.32455 0.309092 0.30756 0.413586 0.636138 0.412914 0.307358 0.651586 0.313308 0.488384 0.523477 0.426172 0.427748 0.421526 0.422789 0.793143 0.371589
threshold=155304.00000000003 969852.3837693712 8.1500000000000004 10.526140363408327 1.5000000000000002 12.500000000000002 4.5000000000000009 5.3500000000000005 222.85000000000002 29518.654949670719 18.942598687307072 33.747208466811323 5.0850000000000009 6.6500000000000012 57.577786240640485 789.50000000000011 90.870902560488418 0.23865049102025415 1.5000000000000002 2889.5000000000005 5204.5000000000009 1.0000000180025095e-35 29.650000000000002 618.50000000000011 126750.00000000001 9.5000000000000018 1.5000000000000002 1.0000000180025095e-35 108250.00000000001 16478.500000000004 16.442938657181362 61562.3853665934 59.470226390593957 4.3150000000000004 4.5000000000000009 1.0000000180025095e-35 6.5000000000000009 81.628307288104011 7.5000000000000009 50351.500000000007 8726.0000000000018 1.0000000180025095e-35 17049.500000000004 23.93411739077489 1.0000000180025095e-35 4.5000000000000009 1.0000000180025095e-35 2.5000000000000004 11.500000000000002 5.5000000000000009 10.500000000000002 1.5000000000000002 8.5000000000000018 3.5000000000000004 11.670042482946878 18.455718110729965 3.5350000000000006 77.785063677784549 182.05000000000004 7.5000000000000009 1.5000000000000002 40.229062223002352
decision_type=2 2 2 2 2 2 2 2 2 2 2 2 2 2 2 2 2 2 2 2 2 2 2 2 2 2 2 2 2 2 2 2 2 2 2 2 2 2 2 2 2 2 2 2 2 2 2 2 2 2 2 2 2 2 2 2 2 2 2 2 2 2
left_child=1 8 5 4 -4 6 12 -7 9 10 -1 -12 -3 15 39 16 17 21 25 20 -20 -11 -22 -24 -25 26 41 -28 29 -17 -31 32 33 34 -30 -34 37 51 -21 40 -15 42 -19 46 -44 -27 -43 48 49 -36 -49 53 -53 54 -35 -56 -57 -58 59 61 -61 -55
right_child=-2 2 3 -5 -6 7 -8 -9 -10 13 11 -13 -14 14 -16 28 -18 18 19 38 22 -23 23 24 -26 45 27 -29 31 30 -32 -33 35 36 47 -37 -38 -39 -40 -41 -42 43 44 -45 -46 -47 -48 50 -50 -51 -52 52 -54 58 55 56 57 -59 -60 60 -62 -63
leaf_value=-0.00056255446546192892 -0.00046577790172521501 -0.00050777305881943705 4.5040252875515973e-05 0.00042576749427034575 0.0026615143172917036 0.00090187779277036773 0.0007526560808830342 -0.00019775785202342489 0.00022268562721199024 0.00026656152233892533 0.0013700620716745704 0.00024602407543795039 4.7932770609962914e-05 -7.8100091662913744e-06 -1.8555492712754261e-05 -6.6322234168636528e-05 0.00024940643490609159 -0.00022370226466913686 5.9764551937680414e-05 -0.00015630186247550602 -0.00011170088836395136 0.0030523010328535258 -1.6254299485928086e-05 0.002894720106343604 0.00055249711686534682 -0.00013421637614528283 -0.00080319423537774401 -5.8633023601788553e-05 0.0011184214545968405 0.0030615611086229092 0.00048755663116566454 -4.58969342184417e-06 0.00028667805955623067 -0.001500652221824092 -0.00039451195306486586 0.0020861860902587066 -0.001158532989703773 0.00084523911920931106 -0.00068660071248752318 8.0346185199700918e-05 0.00043709710736317717 -0.0023224130385838138 -1.8699419448352443e-05 -0.00032278914180573683 0.0010047718290035175 0.0012951247160319134 -0.00063221345469216994 0.002589219016282676 -0.0021163246048145345 0.0010651888114492877 7.6738302022412528e-05 0.0025261457373813093 -0.00048033148516741424 -0.0012100118942055139 0.0021833947635693193 0.00088167917680504284 -0.00020399738833007253 -0.00129611443993781 -0.00017169787080396624 0.00090644930484926251 -0.0018917426427419706 -0.00031915333776958945
leaf_weight=1113 3739 4366 326 2502 585 2658 1756 1558 17725 532 1389 4047 6105 7138 110692 6010 6886 7919 20069 12248 572 206 274 587 292 1052 6978 2138 1732 206 6100 1366673 7877 736 4090 325 1452 606 4182 64935 16749 428 1997 12154 1465 638 735 234 276 913 543 279 509 4753 231 817 9988 985 3636 817 367 1553
leaf_count=1113 3739 4366 326 2502 585 2658 1756 1558 17725 532 1389 4047 6105 7138 110692 6010 6886 7919 20069 12248 572 206 274 587 292 1052 6978 2138 1732 206 6100 1366673 7877 736 4090 325 1452 606 4182 64935 16749 428 1997 12154 1465 638 735 234 276 913 543 279 509 4753 231 817 9988 985 3636 817 367 1553
internal_value=-3.07928e-07 6.88458e-07 0.000207664 0.000772616 0.00172521 9.03996e-05 -4.92879e-05 0.000495513 -1.69143e-06 -4.01841e-06 0.000347008 0.000533237 -0.000183775 -5.36864e-06 5.22696e-05 -1.30195e-05 -0.000123781 -0.00015829 -0.000170326 -4.69378e-05 0.000137267 0.00104415 0.00103895 0.00160978 0.00211664 -0.000303167 -0.00033858 -0.00062857 -6.68156e-06 0.000260326 0.000571642 -9.01481e-06 -0.000150584 -0.000271431 0.000174565 0.000357983 -0.00040138 -0.000357886 -0.000291281 0.000140534 0.000304148 -0.000231545 -2.95976e-05 -0.000404134 0.000414399 0.000405381 -0.00125423 -9.53758e-05 -0.000232078 -0.00012813 0.000833393 -0.000387439 0.000584145 -0.000419495 -0.000250371 -0.000173821 -0.000220006 -0.000302032 -0.000613412 -0.000827841 3.91043e-05 -0.000990617
internal_weight=1.75044e+06 1.7467e+06 19856 3413 911 16443 12227 4216 1.72685e+06 1.70912e+06 6549 5436 10471 1.70257e+06 199514 1.50306e+06 81352 74466 73728 38224 21794 738 1725 1153 879 35504 33814 9116 1.42171e+06 12316 6306 1.40939e+06 42719 34517 7788 8202 26729 25277 16430 88822 23887 24698 11381 13317 3462 1690 1163 6056 5279 5003 777 24671 788 23883 12757 12021 11790 10973 11126 7490 1184 6306
internal_count=1750443 1746704 19856 3413 911 16443 12227 4216 1726848 1709123 6549 5436 10471 1702574 199514 1503060 81352 74466 73728 38224 21794 738 1725 1153 879 35504 33814 9116 1421708 12316 6306 1409392 42719 34517 7788 8202 26729 25277 16430 88822 23887 24698 11381 13317 3462 1690 1163 6056 5279 5003 777 24671 788 23883 12757 12021 11790 10973 11126 7490 1184 6306
is_linear=0
shrinkage=0.05


Tree=104
num_leaves=63
num_cat=0
split_feature=28 34 31 39 20 19 17 40 39 18 26 20 18 24 5 39 27 39 26 30 36 36 5 19 36 40 35 37 18 33 35 30 5 20 18 17 36 34 34 36 5 35 40 5 36 31 39 36 39 7 16 35 31 5 5 39 10 5 1 40 31 40
split_gain=0.318133 0.404753 0.439903 0.423555 0.371999 0.985373 0.579031 0.456657 1.07902 0.653449 0.6821 0.584337 0.40685 0.39584 0.396318 0.380766 0.353493 0.35061 0.342496 0.33167 0.53782 0.455378 0.345387 0.485233 0.362027 0.328686 0.328248 0.32255 0.305851 0.304997 0.299688 0.290017 0.289586 0.334049 0.287945 0.275121 0.271046 0.269669 0.716405 1.02085 0.699359 2.10559 0.634411 0.622813 0.502023 0.593431 0.430215 0.459284 0.400807 0.399906 0.374686 0.346566 0.486316 0.480809 0.429049 0.327033 0.305048 0.286283 0.499035 0.74317 0.921851 1.04437
threshold=13.350000000000003 4.5000000000000009 13.500000000000002 90.244240615374352 840.50000000000011 151650.00000000003 5070.0000000000009 51.290236818144457 56.626532573332504 25507.000000000004 4.2500000000000009 757.50000000000011 49731.000000000007 7.9500000000000011 178.12850000000003 9.1393417900985376 36.550000000000004 26.323097815228241 5.1500000000000012 0.0018206119872904191 6.5000000000000009 6.5000000000000009 187.62900000000002 81550.000000000015 1.5000000000000002 77.283349586145036 1.5000000000000002 1.0000000180025095e-35 29245.500000000004 1.0000000180025095e-35 5.5000000000000009 0.0066508263267578051 180.54550000000003 944.50000000000011 143827.00000000003 11703.500000000002 8.5000000000000018 7.5000000000000009 6.5000000000000009 2.5000000000000004 174.07000000000002 1.5000000000000002 74.541265200395856 141.65350000000004 1.0000000180025095e-35 9.5000000000000018 3.3083412633346394 1.5000000000000002 38.581352618730314 8.4000000000000021 -0.82000000000000017 1.0000000180025095e-35 10.500000000000002 148.53300000000004 160.18800000000002 0.71568454891385702 0.16500000000000051 138.727 6.705000000000001 51.481956287913427 1.0000000180025095e-35 81.628307288104011
decision_type=2 2 2 2 2 2 2 2 2 2 2 2 2 2 2 2 2 2 2 2 2 2 2 2 2 2 2 2 2 2 2 2 2 2 2 2 2 2 2 2 2 2 2 2 2 2 2 2 2 2 2 2 2 2 2 2 2 2 2 2 2 2
left_child=1 3 26 19 7 6 -6 9 15 10 -2 17 18 14 -11 -9 -10 35 -8 21 22 -1 23 24 -21 -22 -3 -17 -15 -26 34 36 33 -20 37 -12 -18 38 57 40 42 56 44 -44 49 55 47 -39 -48 -40 -41 -47 54 -54 -53 -46 -42 58 -7 -60 61 -61
right_child=4 2 -4 -5 5 30 12 8 16 13 11 -13 -14 28 -16 27 31 -19 32 20 25 -23 -24 -25 29 -27 -28 -29 -30 -31 -32 -33 -34 -35 -36 -37 -38 46 39 50 41 -43 43 -45 45 51 48 -49 -50 -51 -52 52 53 -55 -56 -57 -58 -59 59 60 -62 -63
leaf_value=0.00025248244372079188 -0.00073210303200553755 -0.00024147779124443857 0.0014749017706139648 0.00050647969276518625 -0.00018485338136287792 8.9015191117844831e-05 4.630633752650101e-06 0.00022631394087352098 -0.00035633228318570552 -0.00021002710841149484 -0.00018333118143701153 0.0038122203441823578 0.00017610960776223656 0.0015622689009198983 7.5489923922041503e-05 -0.00049937639439851043 1.8996569248054583e-05 0.0023601668793267728 0.00057568768445427285 -0.0010943709542226303 0.00039724934042531784 -0.00059864184284711428 0.00032618000074880003 -4.2408065304297199e-05 -0.00051823611616958485 0.0019933454781924727 -0.0016325129546403451 -0.0013099213746787634 0.00020984404642311407 0.00082452038410068878 0.00040387728579843393 0.00039038186886376585 0.00035038409138017814 0.0012740006789794377 -0.00036819191444177255 0.0013829436997910758 -0.00057827958898183261 0.0016592159947829293 9.9791024246193995e-05 -0.002146478610114072 -0.0015412876740911502 0.0011693064456422273 -0.0007455648438169061 0.00030712538776195541 0.002924527327195392 6.6459454171907827e-05 -0.00069817892398199794 -0.00055769687752662655 -0.00012344849649515246 -0.0023864812330461503 -0.00049316568581054881 0.00044222628207793619 0.00051818541225566049 0.0016021410487119282 -0.0016096583717638187 0.00097709271640976066 -0.00052806852519421909 -1.9925622524088729e-05 3.2078177897004128e-05 -0.00013455785655534428 -0.00034064769613092023 0.00073855888446574592
leaf_weight=30138 521 6870 355 7030 5798 186375 2315 1688 6965 27311 594 209 14104 439 21900 16661 23696 354 4060 2130 1033 1658 4471 18631 1718 469 452 1325 8758 561 4485 4911 4331 2962 5451 531 2065 617 534 450 1521 1677 1886 5510 224 4092 3888 376 13803 232 1437 757 2837 1600 384 5734 1452 1080987 146350 12165 33838 4767
leaf_count=30138 521 6870 355 7030 5798 186375 2315 1688 6965 27311 594 209 14104 439 21900 16661 23696 354 4060 2130 1033 1658 4471 18631 1718 469 452 1325 8758 561 4485 4911 4331 2962 5451 531 2065 617 534 450 1521 1677 1886 5510 224 4092 3888 376 13803 232 1437 757 2837 1600 384 5734 1452 1080987 146350 12165 33838 4767
internal_value=-2.92532e-07 0.000100095 -0.000244009 0.000139035 -4.81861e-06 1.66635e-06 0.000269621 -9.04393e-05 -0.000191629 5.23122e-06 0.000849376 0.0013375 0.000364503 -2.66945e-05 -8.29656e-05 -0.000491702 -3.47715e-05 0.000987791 0.000558905 9.65559e-05 -2.56885e-05 0.000208101 -7.59892e-05 -0.000154032 -0.000625716 0.000895631 -0.000327349 -0.000559088 0.000274399 -0.000187702 -4.23825e-06 3.82486e-05 0.000671928 0.000870248 -5.4433e-06 0.000555951 -2.8881e-05 -4.13682e-06 -1.77723e-06 0.000238761 0.000313484 -0.000247339 0.000423103 3.86865e-05 0.000596529 0.000657785 -0.000192916 0.000819781 -0.000249759 -0.000653231 -0.000887437 0.000415939 0.000672315 0.000909064 -0.000248329 0.00105031 -0.00104644 -6.75837e-06 3.03572e-05 -2.51034e-05 -0.000189935 0.000111258
internal_weight=1.75044e+06 75516 7677 67839 1.67493e+06 1.557e+06 33570 117928 57311 60617 2209 1688 27772 58408 49211 19674 37637 1479 13668 60809 29013 31796 27511 23040 4409 1502 7322 17986 9197 2279 1.52343e+06 30672 11353 7022 1.51894e+06 1125 25761 1.51349e+06 1.49481e+06 30327 28440 4650 23790 7396 16394 15628 18684 993 17691 766 1887 9670 5578 4437 1141 5958 2973 1.46448e+06 383495 197120 50770 16932
internal_count=1750443 75516 7677 67839 1674927 1556999 33570 117928 57311 60617 2209 1688 27772 58408 49211 19674 37637 1479 13668 60809 29013 31796 27511 23040 4409 1502 7322 17986 9197 2279 1523429 30672 11353 7022 1518944 1125 25761 1513493 1494809 30327 28440 4650 23790 7396 16394 15628 18684 993 17691 766 1887 9670 5578 4437 1141 5958 2973 1464482 383495 197120 50770 16932
is_linear=0
shrinkage=0.05


Tree=105
num_leaves=63
num_cat=0
split_feature=5 0 40 38 5 20 30 19 30 20 36 38 40 27 24 39 0 0 27 40 23 32 0 5 5 1 15 13 13 0 6 0 32 39 5 36 12 1 37 0 39 0 36 17 5 9 35 40 39 40 5 2 5 37 0 2 39 36 39 5 32 35
split_gain=0.29829 0.288401 0.434221 0.454637 0.272141 0.269078 0.452417 0.327155 0.593583 0.508191 0.462698 1.03602 0.58899 0.380004 0.349111 0.335046 0.394671 0.326841 0.294002 0.289687 0.285991 0.266794 0.604165 0.527396 0.835137 0.424371 0.354907 0.346417 0.331783 0.558898 0.879646 0.551808 0.476045 0.495618 0.481237 0.471212 0.446486 0.442924 0.440343 0.521469 0.39732 0.568842 0.574442 0.477336 0.444286 0.395896 0.388838 0.367962 0.486637 0.365197 0.6265 0.436276 0.350149 0.637948 0.350069 1.05103 0.608457 0.488992 0.401541 1.35709 0.672372 1.19573
threshold=195.33700000000002 29518.654949670719 18.942598687307072 33.747208466811323 169.22850000000003 622.50000000000011 0.0010693476957903127 83450.000000000015 0.002047616150477233 862.50000000000011 3.5000000000000004 24.565534512800166 16.006509382213746 33.95000000000001 7.0500000000000007 23.93411739077489 121667.21009995141 120862.1988182343 35.45000000000001 47.625433027100158 6.7500000000000009 18.500000000000004 230482.02212884036 173.46550000000005 177.59050000000005 5.0650000000000004 0.10500000000000033 1.1550000000000002 -0.60499999999999998 378845.48929436092 169.25000000000003 436917.03087527835 16.500000000000004 71.813282956325295 149.98200000000003 5.5000000000000009 -0.014999999999999984 7.4400000000000004 1.0000000180025095e-35 152818.29170274516 92.794822233140906 104596.30476177733 1.0000000180025095e-35 6377.0000000000009 125.25850000000001 -0.39000000000000007 2.5000000000000004 25.455476559659889 23.264872196902367 22.213808008532215 130.51600000000002 2.1300000000000003 182.45750000000001 1.0000000180025095e-35 74629.772035222952 0.7350000000000001 53.714205897332796 6.5000000000000009 47.228531032352613 137.91650000000001 1.0000000180025095e-35 1.0000000180025095e-35
decision_type=2 2 2 2 2 2 2 2 2 2 2 2 2 2 2 2 2 2 2 2 2 2 2 2 2 2 2 2 2 2 2 2 2 2 2 2 2 2 2 2 2 2 2 2 2 2 2 2 2 2 2 2 2 2 2 2 2 2 2 2 2 2
left_child=1 2 -1 4 -4 6 -3 8 9 10 12 -12 20 14 -10 18 -17 -14 -11 -13 -7 28 25 27 -25 -23 -26 -24 31 32 -31 36 38 34 -34 37 45 46 40 47 54 42 -42 -43 -44 -9 52 48 -40 50 -41 -51 53 -32 55 -30 57 -57 59 60 61 -56
right_child=-2 5 3 -5 -6 7 -8 21 13 15 11 19 17 -15 -16 16 -18 -19 -20 -21 -22 22 23 24 26 -27 -28 -29 29 30 35 -33 33 -35 -36 -37 -38 -39 39 49 41 43 44 -45 -46 -47 -48 -49 -50 51 -52 -53 -54 -55 58 56 -58 -59 -60 -61 -62 -63
leaf_value=-0.00056241905633861399 0.00028413102838117574 -0.00052551558366068028 0.0015949292682931636 0.00024661138243701867 -0.00032526393135005958 0.00035191652437467733 -5.3710044929894467e-05 -0.00030230284938948649 -0.00065245166469887306 -0.00087181381503646088 0.0024696133181094696 0.00026562542177450971 0.00061698586699881932 -0.00040388692243896761 0.001155464035467912 0.00220347150910798 0.00034317650885386941 -0.0002069668230028004 0.0011824188052863692 -0.0010714336573789474 -0.0014055059158414106 0.001070668790149178 2.7797177541319484e-08 0.0017857206221636461 -4.9971768150754423e-05 -0.00060576546637516925 0.0010196694574445013 -0.00088283996507045243 0.00033082147948754431 0.00016696558885819941 -0.00016635223571522995 0.00017184512893414001 0.0010244697317564715 -0.0015484971574672762 -0.0018621794342736052 0.00030480447889700473 -0.00022673623091143581 0.00041814178489880862 -0.0017270030134163596 0.0031316759225984031 0.0014107197169733765 0.00041013933342519946 -0.00060027679593390424 2.0300019786794702e-05 0.00052792641999368595 -2.9189083642352123e-05 9.4834848467295565e-06 -0.00017860563623721564 -0.00044865940889375215 -0.00020010371283285929 0.00032186116210391233 0.00055717109449288831 -0.00032757810218674347 0.00049803885834631331 0.00030658055613449396 -0.00026000917938092023 0.00011565259448612081 -0.0012657339297018027 1.4479107345609111e-06 1.3910446787468546e-05 0.00047443615234302107 -0.0001728106417491079
leaf_weight=1136 9176 6314 1172 4103 219 363 26020 14228 393 326 284 538 8654 5131 833 858 427 1398 374 1640 639 2553 17373 1031 3297 443 1014 1187 11646 31761 85243 24405 500 981 203 6257 41648 3504 867 208 1552 9590 1054 43333 5071 196833 30460 17293 5268 11012 4291 2299 33625 3773 41556 37367 11956 1249 655415 277052 22939 18934
leaf_count=1136 9176 6314 1172 4103 219 363 26020 14228 393 326 284 538 8654 5131 833 858 427 1398 374 1640 639 2553 17373 1031 3297 443 1014 1187 11646 31761 85243 24405 500 981 203 6257 41648 3504 867 208 1552 9590 1054 43333 5071 196833 30460 17293 5268 11012 4291 2299 33625 3773 41556 37367 11956 1249 655415 277052 22939 18934
internal_value=-1.97797e-07 -1.69628e-06 0.000327445 0.000511444 0.00129261 -2.95443e-06 -0.000145842 -2.40115e-07 0.000191952 0.000358812 0.000249098 -0.000370786 0.000387162 -0.000214921 0.000575928 0.00110586 0.0015853 0.000502393 0.000225733 -0.000741159 -0.000768835 -2.74027e-06 0.000153464 6.95681e-05 0.00050735 0.000822785 0.000201621 -5.64358e-05 -5.28149e-06 4.76909e-06 -7.3742e-05 -5.51967e-05 1.77004e-05 -0.000822365 0.000190914 -0.000120684 -7.71229e-05 -0.000137684 1.88993e-05 -0.000141607 2.47119e-05 0.000149286 0.000551499 9.09415e-05 0.000333783 -4.76002e-05 -0.000150405 -0.000296631 -0.000629315 6.23183e-05 0.000451766 -6.93115e-05 -0.000190116 -0.000138192 1.77097e-05 -9.74184e-05 -0.000196036 -0.000292538 2.47607e-05 6.71472e-05 0.000243936 0.000156526
internal_weight=1.75027e+06 1.74109e+06 6630 5494 1391 1.73446e+06 32334 1.70213e+06 21858 15501 13516 2462 11054 6357 1226 1985 1285 10052 700 2178 1002 1.68027e+06 26898 23902 5342 2996 4311 18560 1.65337e+06 1.37626e+06 194623 277114 1.18164e+06 1684 703 162862 252709 156605 1.17995e+06 41238 1.13871e+06 60600 7677 52923 6125 211061 153101 23428 6135 17810 4499 13311 122641 89016 1.07811e+06 62218 50572 38616 1.0159e+06 360481 83429 60490
internal_count=1750269 1741093 6630 5494 1391 1734463 32334 1702129 21858 15501 13516 2462 11054 6357 1226 1985 1285 10052 700 2178 1002 1680271 26898 23902 5342 2996 4311 18560 1653373 1376259 194623 277114 1181636 1684 703 162862 252709 156605 1179952 41238 1138714 60600 7677 52923 6125 211061 153101 23428 6135 17810 4499 13311 122641 89016 1078114 62218 50572 38616 1015896 360481 83429 60490
is_linear=0
shrinkage=0.05


Tree=106
num_leaves=63
num_cat=0
split_feature=28 0 31 30 20 0 3 5 32 32 18 34 32 31 0 35 31 3 3 3 31 35 0 39 3 3 0 5 39 0 32 0 34 35 39 39 0 0 0 0 20 34 31 6 31 5 35 35 34 31 34 39 35 31 39 35 3 39 34 34 7 6
split_gain=0.306184 0.365273 0.417288 0.419004 0.369628 0.91801 0.383286 0.420266 0.726651 0.590466 0.909369 0.875146 1.1462 1.50877 1.5694 1.29775 2.14535 1.33073 0.879367 0.743263 1.06379 0.757032 0.658687 0.926424 0.625655 0.606727 0.782024 0.576906 0.905195 0.806362 0.888323 0.695857 0.565073 0.588174 0.561593 0.550009 0.729219 0.547236 0.544865 0.528893 0.526074 0.602984 1.4243 0.50969 0.493736 0.835406 0.619716 0.57028 0.553586 0.789591 0.49317 0.539887 0.485669 0.537204 0.483215 0.483173 0.804895 0.480761 0.578243 0.443106 0.665292 0.615243
threshold=66.450000000000017 969852.3837693712 5.5000000000000009 0.00037528229985695513 920.50000000000011 120862.1988182343 13670.400000000003 156.54550000000003 6.5000000000000009 2.5000000000000004 37009.500000000007 3.5000000000000004 1.0000000180025095e-35 4.5000000000000009 261700.68475465282 1.5000000000000002 5.5000000000000009 7099.2000000000016 6810.3000000000002 7718.8500000000013 3.5000000000000004 2.5000000000000004 149257.18141648694 80.306100981576705 7303.2500000000009 7303.2500000000009 486911.16074045311 168.47250000000003 95.372373829326577 459838.67566565186 12.500000000000002 388834.29802813922 1.5000000000000002 1.0000000180025095e-35 0.034812904843917504 99.002383881876241 298145.48445270286 170926.17339939633 180226.78755743566 180226.78755743566 778.50000000000011 6.5000000000000009 10.500000000000002 170.05000000000004 9.5000000000000018 141.85450000000003 4.5000000000000009 4.5000000000000009 5.5000000000000009 7.5000000000000009 1.5000000000000002 14.269577977862589 1.0000000180025095e-35 1.5000000000000002 53.382564551629208 3.5000000000000004 5795.7500000000009 71.813282956325295 7.5000000000000009 1.5000000000000002 5.1500000000000012 209.80000000000004
decision_type=2 2 2 2 2 2 2 2 2 2 2 2 2 2 2 2 2 2 2 2 2 2 2 2 2 2 2 2 2 2 2 2 2 2 2 2 2 2 2 2 2 2 2 2 2 2 2 2 2 2 2 2 2 2 2 2 2 2 2 2 2 2
left_child=1 4 -3 -4 6 -6 7 8 44 11 -11 12 15 -14 54 25 19 -18 -16 20 39 -22 23 34 -25 26 37 -12 29 30 -29 -32 -20 -34 -13 36 43 52 -21 -17 -36 42 -42 -10 47 46 -46 48 55 -50 -28 -52 -9 -54 -15 -1 -57 58 -51 61 -61 -27
right_child=-2 2 3 -5 5 -7 -8 9 35 10 27 22 13 14 18 16 17 -19 32 38 21 -23 -24 24 -26 59 50 28 -30 -31 31 -33 33 -35 40 -37 -38 -39 -40 -41 41 -43 -44 -45 45 -47 -48 -49 49 57 51 -53 53 -55 -56 56 -58 -59 -60 60 -62 -63
leaf_value=8.7363011722963634e-06 -0.00018879895232841134 -0.0001929596390884976 -0.00088706803826999999 0.00044860943933115315 0.0007367655859087008 4.8802869351451942e-05 0.00021492114199012666 9.7565708593076066e-05 0.0003061916747739221 0.00057471096985312552 -3.7740377924637109e-05 0.0016288592500674787 -0.00019565697698285014 0.00070195835020067611 0.00037965431369852445 0.00061128127550156208 -0.00052646075292943557 0.00026187380880548372 -0.00026371182835197352 -0.00062000875628687743 -0.0014441312241085767 -0.00024332391279100762 -0.00028032007478587934 0.0012571070759558763 0.00020656390438278935 -7.5895184971614988e-05 0.00023278046463277204 -0.00057605059153324604 0.00019248536847620248 -0.00010037487211494399 -0.0024362813767355865 -0.00060474461271658455 -0.00021711558274615744 0.0017443770369018766 -0.00060184193396731471 -0.00047408031595826746 7.6731346619028857e-05 0.00022864567951867243 0.00018726728580213735 -0.00062618223598369599 1.2320830575639533e-05 0.00056369253761233179 -0.0016187703554512653 0.00092475385366550932 -0.00032052095755278975 9.8603021444380638e-06 0.00042098734878013872 -0.0011732334585086229 -0.0013276290355229146 0.0006085763546285366 0.0010403105478286995 -0.0009624885138087545 0.001231462076440353 -0.0002714048385422416 0.00034209094811996359 -0.0012366913061249781 0.00081276380707217752 -3.4080756055040807e-06 -0.0014299839421860942 4.9207630274118971e-06 -0.00035524441505913837 0.00013708455730985421
leaf_weight=729415 21256 4236 618 11765 4989 172874 19036 44156 7692 3505 18379 439 23070 14958 10219 1278 7675 17695 18847 5351 6952 1618 54165 2072 4485 121124 1698 15060 5437 7880 1235 894 787 743 5425 2461 16150 53892 3430 2662 10591 3354 1532 5873 40047 72223 3031 1005 725 11209 370 3715 617 16392 24784 551 3670 6095 359 24444 26967 47092
leaf_count=729415 21256 4236 618 11765 4989 172874 19036 44156 7692 3505 18379 439 23070 14958 10219 1278 7675 17695 18847 5351 6952 1618 54165 2072 4485 121124 1698 15060 5437 7880 1235 894 787 743 5425 2461 16150 53892 3430 2662 10591 3354 1532 5873 40047 72223 3031 1005 725 11209 370 3715 617 16392 24784 551 3670 6095 359 24444 26967 47092
internal_value=-1.87907e-07 2.13082e-06 0.000235412 0.00038195 -1.33195e-07 6.81e-05 -8.04191e-06 -1.08425e-05 1.09168e-05 -4.27039e-05 -0.000203253 -2.77533e-05 -1.98287e-06 0.000155224 0.000270309 -3.99145e-05 -0.0002872 2.33847e-05 1.13455e-06 -0.000657288 -0.000904794 -0.00121742 -0.000178657 1.87254e-05 0.000538534 -6.02401e-06 8.39603e-05 -0.000259033 -0.000392355 -0.000519196 -0.000711197 -0.00166719 -0.000188692 0.000735426 -0.000140985 0.000244244 0.000303736 0.000112477 -0.000304674 -0.000224792 -0.000178157 -2.96467e-05 -0.000193802 0.000574 2.27083e-06 -9.4082e-05 -0.000268348 1.7024e-05 1.86147e-05 0.000289584 -0.000483394 -0.000781084 1.01211e-05 -0.000216888 0.000477537 1.18231e-05 0.000545232 0.000355964 0.000545312 -5.55339e-05 -0.000183999 -1.62716e-05
internal_weight=1.75027e+06 1.72901e+06 16619 12383 1.71239e+06 177863 1.53453e+06 1.5155e+06 900506 614989 52390 562599 480536 93408 70338 387128 46661 25370 30596 21291 12510 8570 82063 27898 6557 340467 120840 48885 30506 25069 17189 2129 20377 1530 21341 32176 29715 115057 8781 3940 20902 15477 12123 13565 868330 115301 43078 753029 752024 18388 5783 4085 61165 17009 39742 733636 4221 17663 11568 219627 51411 168216
internal_count=1750269 1729013 16619 12383 1712394 177863 1534531 1515495 900506 614989 52390 562599 480536 93408 70338 387128 46661 25370 30596 21291 12510 8570 82063 27898 6557 340467 120840 48885 30506 25069 17189 2129 20377 1530 21341 32176 29715 115057 8781 3940 20902 15477 12123 13565 868330 115301 43078 753029 752024 18388 5783 4085 61165 17009 39742 733636 4221 17663 11568 219627 51411 168216
is_linear=0
shrinkage=0.05


Tree=107
num_leaves=63
num_cat=0
split_feature=18 0 3 7 39 35 3 34 39 36 39 31 7 34 34 34 0 31 34 39 40 31 7 39 35 0 36 34 0 31 34 34 36 0 3 34 24 36 39 34 7 35 40 36 0 20 35 0 31 36 37 35 39 36 34 1 31 5 31 39 36 39
split_gain=0.272812 0.287935 0.479418 0.326601 0.36831 0.510237 0.306088 0.272428 0.470674 0.535273 0.446101 0.586186 0.318102 0.963132 0.769928 1.48947 1.97715 2.03941 2.46663 1.61974 1.0695 0.96849 0.947838 0.888463 0.83229 0.815675 0.842871 0.751867 0.788865 1.1712 0.979011 0.739892 0.666519 0.662705 0.98663 0.700376 0.615925 0.598213 0.586224 0.853599 0.804219 0.715276 0.572118 0.571595 0.635215 0.603204 0.560117 0.554339 0.772825 1.0184 0.765696 0.807154 0.949875 1.19438 0.908992 0.747655 0.738459 1.42171 1.20088 1.715 1.01208 0.865004
threshold=155304.00000000003 969852.3837693712 13429.200000000003 8.0500000000000025 10.526140363408327 1.5000000000000002 13721.400000000003 8.5000000000000018 5.1522609290423373 1.5000000000000002 40.468411694024446 13.500000000000002 5.4500000000000011 5.5000000000000009 5.5000000000000009 1.5000000000000002 196025.50567456087 7.5000000000000009 3.5000000000000004 60.470449963682945 28.55233481138924 7.5000000000000009 8.9000000000000021 37.560203700234517 1.0000000180025095e-35 143966.35616879145 2.5000000000000004 1.5000000000000002 368781.28033656598 5.5000000000000009 3.5000000000000004 4.5000000000000009 1.5000000000000002 145715.98222761587 7151.2500000000009 6.5000000000000009 7.6500000000000012 1.0000000180025095e-35 41.117227938866939 2.5000000000000004 7.6500000000000012 3.5000000000000004 86.539405846859623 1.5000000000000002 74629.772035222952 816.50000000000011 1.0000000180025095e-35 246139.25663713223 1.5000000000000002 1.0000000180025095e-35 1.0000000180025095e-35 1.0000000180025095e-35 6.8428291356790067 1.5000000000000002 1.0000000180025095e-35 4.0650000000000004 4.5000000000000009 146.49550000000002 2.5000000000000004 76.393208891667243 3.5000000000000004 96.347265164565712
decision_type=2 2 2 2 2 2 2 2 2 2 2 2 2 2 2 2 2 2 2 2 2 2 2 2 2 2 2 2 2 2 2 2 2 2 2 2 2 2 2 2 2 2 2 2 2 2 2 2 2 2 2 2 2 2 2 2 2 2 2 2 2 2
left_child=1 6 3 -3 5 -5 7 12 9 -9 -10 -12 13 27 15 36 17 18 -17 25 46 -16 23 -22 31 26 -19 -1 30 32 43 -21 -30 34 -15 -36 47 -33 39 40 -18 -41 -35 45 -45 -29 -20 50 49 -49 51 52 53 -14 -55 -53 57 58 59 -57 -58 -61
right_child=-2 2 -4 4 -6 -7 -8 8 10 -11 11 -13 14 33 21 16 38 19 20 24 22 -23 -24 -25 -26 -27 -28 28 29 -31 -32 37 -34 42 35 -37 -38 -39 -40 41 -42 -43 -44 44 -46 -47 -48 48 -50 -51 -52 55 -54 54 -56 56 60 -59 -60 61 -62 -63
leaf_value=-4.6414138451038421e-05 -0.00043046440660951172 0.00015942850566115269 -0.00064466511330413766 -3.7960856526360968e-05 0.00038850989805126881 0.0024170103324031517 0.00016619497711245964 0.0016155515246780987 -0.00090734200428151275 -0.0006415587589051325 -0.00034344313281377828 0.00084461809021948433 0.0012098445337112448 0.0010905504733491685 -0.0011805320694831779 -0.00022618906365558505 -9.8370304350051883e-05 -0.0016465630528858972 -0.0010070006107995124 -0.00030343525997407472 0.0020239167637178391 0.00020831153359950668 2.1977132934442611e-05 0.00068549395618972128 -0.0004830931623416271 -0.00047787300100910786 -0.00077489714205890064 -0.00048315569944216215 -1.7689780709762117e-05 7.5617618706366377e-05 -5.5083625353205513e-05 -0.0015055384795972671 -0.0007620194923342689 -0.0006475753121054623 -0.00097812861794975082 0.00052936628930340857 0.00033624301281914479 0.00064748807150042786 -4.2894067538638256e-05 -1.2739903678044024e-05 0.00078426190836610615 0.0007814197932610262 0.00013046329532577077 0.0011644645109221421 0.00028949992082412921 0.00014221717004687056 0.00080860851980853752 1.160583727312319e-05 -8.3311075652140899e-05 0.00082145646908124306 -0.00021482662722687357 0.00038430319450525203 7.7706776358771766e-06 -0.002737123140780283 0.00017116803030310255 -5.3177225484672394e-06 -0.00015513701721573761 -0.00016780660585327754 0.0005973340101699115 0.0012316693616538938 0.00023724055329150083 -0.0013715459687291117
leaf_weight=547227 3676 14814 1584 327 2571 600 26804 675 2661 430 6689 1229 3547 1781 1280 64432 3608 4273 1721 5545 1447 64903 4770 8664 13182 10401 7902 4275 4553 23624 51216 344 8861 13501 1931 1282 17799 5192 74776 32864 9065 3103 2864 2162 51160 39332 564 12444 138333 5642 22949 31385 237027 335 1357 28152 42391 17873 25734 4252 26839 345
leaf_count=547227 3676 14814 1584 327 2571 600 26804 675 2661 430 6689 1229 3547 1781 1280 64432 3608 4273 1721 5545 1447 64903 4770 8664 13182 10401 7902 4275 4553 23624 51216 344 8861 13501 1931 1282 17799 5192 74776 32864 9065 3103 2864 2162 51160 39332 564 12444 138333 5642 22949 31385 237027 335 1357 28152 42391 17873 25734 4252 26839 345
internal_value=-1.78512e-07 7.27097e-07 0.000189851 0.000262037 0.000696584 0.00155102 -1.4521e-06 -4.09557e-06 -0.000244699 0.000737219 -0.000347263 -0.000159037 -2.43036e-06 -2.65959e-05 1.70629e-05 4.53236e-06 -9.79198e-05 -0.000235247 -8.42943e-05 -0.000498221 0.000448303 0.000181451 0.000602954 0.000877038 -0.0002146 -0.000803037 -0.00108082 -1.69441e-05 7.01415e-05 -0.000136249 0.000121742 0.000104801 -0.000509378 -0.00035756 0.000146606 -0.000376632 4.63927e-05 0.000513702 4.49944e-05 0.000180108 0.000532977 5.57751e-05 -0.000511413 0.000215174 0.000324976 8.09089e-05 -0.000558859 3.77743e-05 -4.31251e-05 0.000264242 6.63917e-05 8.17855e-05 2.24898e-05 0.000688425 -0.000404646 0.000162959 0.000115242 0.000222468 0.00034174 0.000140895 -3.02057e-06 0.0010363
internal_weight=1.75027e+06 1.74659e+06 19896 18312 3498 927 1.7267e+06 1.69989e+06 11684 1105 10579 7918 1.68821e+06 753769 934440 868257 251853 128437 81598 46839 17166 66183 14881 10111 24263 22576 12175 732410 185183 37038 148145 11081 13414 21359 4994 3213 616404 5536 123416 48640 12673 35967 16365 96929 53322 43607 2285 598605 156419 18086 442186 419237 242266 5239 1692 176971 145586 76356 58483 32749 69230 4597
internal_count=1750269 1746593 19896 18312 3498 927 1726697 1699893 11684 1105 10579 7918 1688209 753769 934440 868257 251853 128437 81598 46839 17166 66183 14881 10111 24263 22576 12175 732410 185183 37038 148145 11081 13414 21359 4994 3213 616404 5536 123416 48640 12673 35967 16365 96929 53322 43607 2285 598605 156419 18086 442186 419237 242266 5239 1692 176971 145586 76356 58483 32749 69230 4597
is_linear=0
shrinkage=0.05


Tree=108
num_leaves=63
num_cat=0
split_feature=28 0 31 30 20 19 36 36 39 40 0 3 3 32 31 32 0 30 36 39 0 37 0 0 31 32 3 39 40 3 39 29 19 36 40 40 5 0 32 39 32 32 20 36 39 32 3 7 40 39 0 32 36 31 36 31 36 31 2 39 0 0
split_gain=0.268878 0.297149 0.373854 0.366691 0.320769 1.14516 0.892597 0.409203 1.27245 0.799191 0.626544 0.764034 0.480756 0.496249 0.476639 0.356517 0.336332 0.331492 0.317054 0.566598 0.504445 0.395875 0.995828 0.678017 0.861896 0.750574 0.525054 0.522914 0.50557 0.47765 0.372583 0.365057 0.450053 0.472234 0.582389 0.558526 0.405366 0.811401 1.57799 1.03087 0.821807 0.67028 0.636066 0.610759 0.653338 0.603905 0.58141 0.556814 0.738023 0.595404 0.546259 1.10826 0.870305 0.649863 0.590428 1.13144 0.582859 0.578059 0.799154 0.54241 0.929277 0.540188
threshold=66.450000000000017 969852.3837693712 5.5000000000000009 0.00037528229985695513 920.50000000000011 151650.00000000003 6.5000000000000009 7.5000000000000009 67.528206236718816 82.558054760368734 120054.8692822423 10628.700000000003 8633.8000000000011 1.0000000180025095e-35 8.5000000000000018 1.0000000180025095e-35 102824.36253332206 0.0006813088844879971 6.5000000000000009 70.310162726548569 63849.442893499378 1.0000000180025095e-35 459838.67566565186 104596.30476177733 5.5000000000000009 1.5000000000000002 5106.0000000000009 43.86547967353998 40.930018850135184 8836.1000000000022 17.120543054756244 46.54983445828578 115850.00000000001 1.5000000000000002 11.670042482946878 27.646793219572935 154.89300000000003 128369.29228227628 1.0000000180025095e-35 1.3342714337819142 1.5000000000000002 6.5000000000000009 598.50000000000011 2.5000000000000004 48.385803990865476 3.5000000000000004 5795.7500000000009 5.1500000000000012 27.967515837999191 95.372373829326577 451602.61470957805 2.5000000000000004 1.0000000180025095e-35 9.5000000000000018 1.0000000180025095e-35 6.5000000000000009 3.5000000000000004 6.5000000000000009 1.6200000000000003 97.987117009455048 298145.48445270286 225582.90828026735
decision_type=2 2 2 2 2 2 2 2 2 2 2 2 2 2 2 2 2 2 2 2 2 2 2 2 2 2 2 2 2 2 2 2 2 2 2 2 2 2 2 2 2 2 2 2 2 2 2 2 2 2 2 2 2 2 2 2 2 2 2 2 2 2
left_child=1 4 -3 -4 7 16 -7 18 9 14 11 -11 -10 -14 -9 -8 -6 -18 21 -20 -21 31 23 24 29 26 -25 28 30 -23 -26 32 33 35 -35 -1 41 38 39 -38 -39 43 -40 44 -33 -46 -47 48 -42 50 51 53 -53 54 55 -50 -54 -56 -59 60 -43 -55
right_child=-2 2 3 -5 5 6 15 8 12 10 -12 -13 13 -15 -16 -17 17 -19 19 20 -22 22 -24 25 27 -27 -28 -29 -30 -31 -32 36 -34 34 -36 -37 37 40 42 -41 47 59 -44 -45 45 46 -48 -49 49 -51 -52 52 56 61 57 -57 -58 58 -60 -61 -62 -63
leaf_value=-0.00078063796257910696 -0.00017691710615090703 -0.00019305632755683803 -0.00083604843266496499 0.00041347121918548649 0.00097296792966021181 -1.4433699028075599e-05 0.00057625127597022102 -0.0022607954907378431 0.00057066383626661694 -0.0037452207375958217 -0.00064369680060769778 -0.0008342427639874277 0.00022492616190623697 -0.0003528449895154179 -0.00029607085184579903 -0.00075680591906051231 0.00051166289314667377 0.00010293292665496856 3.3451510699878636e-05 0.0027457318231336801 0.00050197916023872707 3.7874355751264652e-05 0.00082639635266866735 -0.0018447792872410007 -0.0031239543705024434 0.00092186147735642235 -0.00011238268034985298 -0.00027436168736606227 -0.0002092958776281497 -0.0010795725644143935 -0.0013943054001354606 9.894144661579609e-05 -2.4238458045811496e-05 0.002681660274721383 0.00058484641756901656 0.00037583286052848331 0.0014550944355814313 -4.1749410689891921e-05 -0.00072832923148203059 -3.5411610108103697e-05 0.00068180977381309912 0.00067785537558414212 0.00040720653603281543 -7.5737119545928614e-05 1.5966350054863491e-06 -0.0028760774695009246 -0.00036621952278749058 -4.2323474514221042e-05 0.00050364591732729783 6.7271429615201026e-05 -0.00013854820993904936 0.00020697131996628336 -0.0011150177218405099 -0.002147649410452515 -0.00036163442760310586 -0.00086419349543868376 0.0013655940141222896 -0.00034200077314221525 0.0014187825303346993 -0.00032832506698560833 7.3453140495360588e-05 -0.00033186995444652739
leaf_weight=1435 21256 4236 618 11765 2281 146400 8503 314 4591 469 1346 434 9044 6309 18262 533 11309 8837 16828 262 5706 5962 2478 444 352 1769 29291 1855 841 1139 2696 230656 11812 350 6151 3832 1171 359585 1282 124065 1705 11086 32410 165856 379394 238 7565 25037 2242 6338 9708 1536 11025 774 1902 4642 242 1020 1750 3543 14917 870
leaf_count=1435 21256 4236 618 11765 2281 146400 8503 314 4591 469 1346 434 9044 6309 18262 533 11309 8837 16828 262 5706 5962 2478 444 352 1769 29291 1855 841 1139 2696 230656 11812 350 6151 3832 1171 359585 1282 124065 1705 11086 32410 165856 379394 238 7565 25037 2242 6338 9708 1536 11025 774 1902 4642 242 1020 1750 3543 14917 870
internal_value=-1.69586e-07 2.0033e-06 0.000212409 0.000351111 -3.87156e-08 6.3525e-05 1.53336e-05 -7.4062e-06 -0.000163695 -0.000437057 -0.00132725 -0.00234615 0.000121743 -1.2497e-05 -0.000329282 0.000497619 0.000397528 0.000332374 -3.14064e-06 0.0001819 0.000600482 -6.00828e-06 -0.000149054 -0.000203558 -0.000509729 -7.87237e-05 -0.000138251 -0.000965118 -0.0012946 -0.000141364 -0.00159405 -1.30479e-06 0.000193793 0.00041264 0.000697734 6.07511e-05 -4.58949e-06 -3.62432e-05 6.02438e-05 -2.14749e-05 -7.204e-05 1.82697e-05 0.000363999 9.45603e-06 3.23252e-05 -7.35854e-06 -0.000442773 -0.000230375 -0.000337982 -0.000379333 -0.000458596 -0.000578084 -0.000909528 -0.000256608 -0.000124283 -0.000418712 -0.00106174 0.000309546 0.000770407 0.000252053 0.000331131 -0.00118674
internal_weight=1.75027e+06 1.72901e+06 16619 12383 1.71239e+06 177863 155436 1.53453e+06 40769 20825 2249 903 19944 15353 18576 9036 22427 20146 1.49376e+06 22796 5968 1.47097e+06 46827 44349 12845 31504 29735 5744 3889 7101 3048 1.42414e+06 23580 11768 6501 5267 1.40056e+06 587304 158928 125236 428376 813255 33692 783709 617853 387197 7803 68791 43754 42049 35711 26003 12803 13200 11556 6884 11267 4672 2770 29546 26003 1644
internal_count=1750269 1729013 16619 12383 1712394 177863 155436 1534531 40769 20825 2249 903 19944 15353 18576 9036 22427 20146 1493762 22796 5968 1470966 46827 44349 12845 31504 29735 5744 3889 7101 3048 1424139 23580 11768 6501 5267 1400559 587304 158928 125236 428376 813255 33692 783709 617853 387197 7803 68791 43754 42049 35711 26003 12803 13200 11556 6884 11267 4672 2770 29546 26003 1644
is_linear=0
shrinkage=0.05


Tree=109
num_leaves=63
num_cat=0
split_feature=34 34 36 3 5 40 40 32 32 36 3 16 2 0 31 0 31 3 0 36 39 36 39 32 0 38 0 3 26 38 0 32 40 38 3 3 38 0 39 38 0 34 31 0 32 40 38 39 39 38 39 40 32 31 36 39 31 40 40 38 34 40
split_gain=0.261747 0.390861 0.781351 0.489373 0.611915 0.925168 0.524046 0.705305 0.573 0.70685 0.516142 0.425478 0.342949 0.646426 0.407276 0.524757 0.444636 0.350973 0.32948 0.318405 0.315161 0.401165 0.332431 0.358455 0.333524 0.308919 0.299774 0.279122 0.278796 0.384556 0.351173 0.272765 0.272047 0.283664 0.260904 0.256175 0.892427 0.720397 0.827823 0.666296 0.765756 0.631414 1.01195 0.663938 1.01992 0.826851 0.846072 0.682868 0.640014 0.601195 0.597017 0.595827 0.552189 0.53516 0.568458 0.829157 0.577554 0.502426 0.49286 0.624984 0.504791 0.475939
threshold=7.5000000000000009 6.5000000000000009 2.5000000000000004 11163.800000000001 174.07000000000002 74.189245718843068 74.541265200395856 1.0000000180025095e-35 1.5000000000000002 1.0000000180025095e-35 8836.1000000000022 -0.67499999999999993 -0.079999999999999988 149257.18141648694 10.500000000000002 152818.29170274516 9.5000000000000018 7923.6500000000005 246139.25663713223 1.0000000180025095e-35 5.1522609290423373 1.5000000000000002 38.581352618730314 4.5000000000000009 77612.913132814516 63.853617652184774 203784.04554423681 8388.7500000000018 7.0500000000000007 76.696659657264505 59364.548915132938 1.0000000180025095e-35 52.508101714718535 39.359357318119969 10259.250000000002 6938.7500000000009 92.141395603122433 496374.73674758186 5.1522609290423373 81.673825303871936 65893.401104170844 1.5000000000000002 8.5000000000000018 110726.09788494302 1.5000000000000002 10.570209573734948 48.765278748091596 54.185247285743209 66.012222702640145 39.060761811698576 47.228531032352613 77.283349586145036 17.500000000000004 7.5000000000000009 1.0000000180025095e-35 94.011260571918129 2.5000000000000004 64.707407636116528 15.607806296551226 81.673825303871936 1.5000000000000002 33.575848441249398
decision_type=2 2 2 2 2 2 2 2 2 2 2 2 2 2 2 2 2 2 2 2 2 2 2 2 2 2 2 2 2 2 2 2 2 2 2 2 2 2 2 2 2 2 2 2 2 2 2 2 2 2 2 2 2 2 2 2 2 2 2 2 2 2
left_child=1 28 3 4 6 19 8 10 9 -3 -8 18 13 -11 16 -16 -14 -18 -4 -6 21 -2 23 24 -22 -5 31 -9 35 30 -30 -13 -10 -34 -25 36 37 38 58 -37 51 43 -43 44 53 -45 50 -48 61 -44 -47 -41 -42 54 55 56 -40 -46 -1 -60 -61 -49
right_child=20 2 11 25 5 -7 7 27 32 12 -12 26 14 -15 15 -17 17 -19 -20 -21 22 -23 -24 34 -26 -27 -28 -29 29 -31 -32 -33 33 -35 -36 39 -38 -39 41 40 52 42 49 45 57 46 47 48 -50 -51 -52 -53 -54 -55 -56 -57 -58 -59 59 60 -62 -63
leaf_value=-0.0004004130239985504 0.0012498202990447757 -0.0012063715331402771 -0.0031841163760127156 -0.0013875786159214393 0.00097623753935653385 0.00088158164098416287 0.00013548429904098398 0.0010632165574015057 -0.00047949610646892433 0.0025663548391553566 -0.0013345286610271527 -1.712666170098546e-05 0.00068463025376409826 0.00077959563539861112 0.00046641928131989634 0.0017198647714550264 -0.0015739974931498462 0.00018519765805033185 -0.00098087921587516652 -0.0008355776500096571 -0.0019604235948573524 -0.00061369998881655077 -0.00011672349378819196 -0.0006688040365125128 -0.00061366457810413096 -9.8553209361376207e-05 0.0006078155015721324 0.0001782829884263425 0.00076426331882434176 -6.8436893044677576e-05 9.5185742895067394e-05 -0.0018853706035024311 0.0019349684094329578 0.00022396617334916521 0.0012701523615557245 -3.8781726149685038e-06 0.00027759575264678111 -0.00024172528409382006 -8.1587736688307785e-05 2.0780341678593731e-05 -0.00015162942916748442 0.00022326128588326177 0.00094828199101940471 0.0005040696589886088 0.00026129176230073304 1.6839759833378992e-05 0.00013464006521218924 0.00024236756325248042 5.8804923491982255e-05 -0.00098815495496823555 -0.00023514181473173132 0.0012135921335628529 0.00020228744056508289 0.0004123189170216175 -0.00026637922409552389 0.0018710915172134744 0.001302057865833749 0.001566824839810252 0.00051614112003438067 3.5293884071433752e-05 -0.0016411387202296063 -0.00028230728168403426
leaf_weight=2181 816 439 245 648 264 1322 1111 1177 1376 768 1291 433 3769 1485 1597 1750 422 864 552 2976 542 447 15499 310 3028 1644 622 3668 1994 42621 119004 356 260 3546 394 774008 31370 28422 48934 2347 161556 49247 471 8613 1852 43929 130298 5029 59751 2690 50563 1890 11828 4198 60274 562 766 1224 16830 2909 531 30756
leaf_count=2181 816 439 245 648 264 1322 1111 1177 1376 768 1291 433 3769 1485 1597 1750 422 864 552 2976 542 447 15499 310 3028 1644 622 3668 1994 42621 119004 356 260 3546 394 774008 31370 28422 48934 2347 161556 49247 471 8613 1852 43929 130298 5029 59751 2690 50563 1890 11828 4198 60274 562 766 1224 16830 2909 531 30756
internal_value=-1.61107e-07 1.97151e-06 0.000173502 0.000239512 0.000296843 -0.000233122 0.000399623 4.59493e-05 0.000557099 0.000759857 -0.000654602 -0.000734647 0.000840868 0.00138866 0.000693976 0.00112179 0.000410713 -0.000392081 -0.00165816 -0.000687948 -0.00017547 0.000590285 -0.000224382 -0.000614791 -0.000818131 -0.00046299 -0.000213003 0.000393261 -1.32282e-06 6.07177e-05 0.000106212 -0.000860086 0.00012302 0.00034085 0.000416351 -7.94436e-06 1.82049e-05 3.41099e-06 1.67683e-05 -2.39203e-05 -0.000111257 3.40952e-06 0.000167598 -1.58513e-05 -0.000117703 2.0627e-05 7.62812e-06 6.01911e-05 -4.1347e-05 -0.000699619 -0.000117996 0.000552858 -0.000127486 -0.000141792 -0.000162836 -3.86671e-05 -6.02623e-05 0.000780789 0.000313776 0.000390621 -0.000223481 -0.000208573
internal_weight=1.75027e+06 1.72923e+06 32585 30377 28085 4562 23523 7247 16276 11094 2402 2208 10655 2253 8402 3347 5055 1286 797 3240 21036 1263 19773 4274 3570 2292 1411 4845 1.69665e+06 163619 120998 789 5182 3806 704 1.53303e+06 581400 550030 521608 951629 177621 499157 52408 446749 117810 328939 320326 225834 95536 3161 94492 4237 173384 114734 110536 50262 49700 3076 22451 20270 3440 35785
internal_count=1750269 1729233 32585 30377 28085 4562 23523 7247 16276 11094 2402 2208 10655 2253 8402 3347 5055 1286 797 3240 21036 1263 19773 4274 3570 2292 1411 4845 1696648 163619 120998 789 5182 3806 704 1533029 581400 550030 521608 951629 177621 499157 52408 446749 117810 328939 320326 225834 95536 3161 94492 4237 173384 114734 110536 50262 49700 3076 22451 20270 3440 35785
is_linear=0
shrinkage=0.05


Tree=110
num_leaves=63
num_cat=0
split_feature=25 40 18 19 5 0 36 24 19 32 6 5 5 32 36 40 32 36 31 40 34 31 0 21 31 36 6 38 31 36 0 34 34 33 0 5 32 36 31 38 40 34 2 0 34 31 0 38 31 32 0 34 5 32 34 7 31 0 36 33 31 40
split_gain=0.248823 0.484743 0.372473 0.363929 0.33376 0.524647 0.463342 0.402477 0.286813 0.274768 0.760806 0.279599 0.272019 0.637531 0.577853 0.646393 1.07478 0.689819 0.662444 0.561602 0.690422 0.511951 0.493809 0.788648 0.561855 0.971167 0.637425 1.04971 0.624455 0.46988 0.596862 0.826051 0.827827 0.714255 0.689216 0.657318 0.585194 0.526297 0.523771 0.483894 0.462415 0.713837 0.973925 0.773475 0.731429 0.709012 0.639756 0.615904 1.06247 0.755376 0.972591 0.713323 0.68725 0.555358 0.580005 1.2469 1.19056 0.904381 0.675546 0.685006 0.665534 0.638582
threshold=6.4500000000000011 63.106407594641603 26358.500000000004 153250.00000000003 173.46550000000005 506790.44753852923 1.0000000180025095e-35 7.3500000000000005 79150.000000000015 10.500000000000002 196.70000000000002 168.47250000000003 156.54550000000003 7.5000000000000009 2.5000000000000004 35.342559947574543 1.0000000180025095e-35 1.0000000180025095e-35 3.5000000000000004 50.693544332036886 6.5000000000000009 16.500000000000004 135289.36271652547 1378.5000000000002 3.5000000000000004 1.5000000000000002 171.50000000000003 24.565534512800166 2.5000000000000004 2.5000000000000004 359210.81522500172 1.5000000000000002 3.5000000000000004 1.5000000000000002 107350.76582284849 146.70450000000002 1.0000000180025095e-35 3.5000000000000004 10.500000000000002 40.407408843624602 25.807514372203531 2.5000000000000004 -0.079999999999999988 120862.1988182343 1.0000000180025095e-35 4.5000000000000009 107350.76582284849 31.163537405814051 2.5000000000000004 1.0000000180025095e-35 140490.73485909266 1.5000000000000002 141.85450000000003 1.0000000180025095e-35 3.5000000000000004 9.2000000000000011 8.5000000000000018 167896.81199061711 1.5000000000000002 1.5000000000000002 8.5000000000000018 55.994318467608338
decision_type=2 2 2 2 2 2 2 2 2 2 2 2 2 2 2 2 2 2 2 2 2 2 2 2 2 2 2 2 2 2 2 2 2 2 2 2 2 2 2 2 2 2 2 2 2 2 2 2 2 2 2 2 2 2 2 2 2 2 2 2 2 2
left_child=12 2 3 8 6 -6 7 -4 -2 11 -11 -3 13 29 15 16 17 -14 -18 20 -16 -21 23 -17 25 26 -24 28 -28 40 31 35 34 38 -33 36 37 -31 -34 -32 41 42 45 44 -44 46 -1 48 49 -42 -51 -50 -52 54 58 56 57 61 59 -49 -57 -56
right_child=1 9 4 -5 5 -7 -8 -9 -10 10 -12 -13 14 -15 19 22 18 -19 -20 21 -22 -23 24 -25 -26 -27 27 -29 -30 30 39 32 33 -35 -36 -37 -38 -39 -40 -41 47 -43 43 -45 -46 -47 -48 53 51 50 52 -53 -54 -55 55 60 -58 -59 -60 -61 -62 -63
leaf_value=0.0019195435697288079 0.00073319095255793638 8.8514628296126186e-05 0.00021709254047612479 -0.00031411081900314892 7.3728935139581069e-05 -0.00039784291828809664 0.00012150597013709096 0.00084175407387883513 0.0022481183799304238 0.0014790056875893711 1.0354213595897465e-05 -0.00018015010022271363 2.7296750261106396e-06 0.00023191374897957957 0.00012222013602209865 -0.00029481524093434889 -0.00067852984791740402 -0.00028974271272491972 0.00020178308825690209 -2.8154651866975819e-05 -0.0018104785554140202 -0.0006365913992399647 -0.00049281232351643112 0.00015902493588980604 -0.00010599537871210161 0.00042834608402853036 0.0014897794480630089 -2.0803402385602473e-05 -0.00036798176242456773 -0.00025917646504753641 0.00051610709431476511 -0.00095674957966550105 0.00031305889157907707 -0.00063707210016249118 -0.00031986783502666196 0.00012164730421299797 -0.0004105894704269379 4.4981734061682684e-05 -0.00013826838913132291 3.8429560783605588e-05 -0.00033259392688864478 -0.0002398037302429693 -0.00031952634923286001 0.00022350803771574421 0.0002590665249269833 -0.00057898075964702865 0.0006218867250594221 -9.4320717432858799e-06 0.0003550365969592027 0.0015593557101673873 -0.0021556592985791392 -0.00033769719786816123 -0.00056544598453126969 0.0001005059616866325 0.0015129272995731123 -0.0010594094438502923 -8.8481233248222354e-05 0.00026707842248684555 -0.0001904763932161972 0.00072575326845906269 -3.1444673958029317e-05 0.00057347881315575268
leaf_weight=1563 1022 13317 5836 547 57138 6577 42433 4620 450 1036 5925 35497 26399 31665 112228 11282 2334 85315 25326 89640 464 3596 6616 63167 173604 14304 1857 51918 598 20508 6911 5084 10511 4597 25831 50506 13369 46403 16550 22769 11594 12044 15197 62850 8527 715 2421 277487 9236 287 1640 6218 1160 150208 3521 2505 9512 8366 56540 3205 4239 3720
leaf_count=1563 1022 13317 5836 547 57138 6577 42433 4620 450 1036 5925 35497 26399 31665 112228 11282 2334 85315 25326 89640 464 3596 6616 63167 173604 14304 1857 51918 598 20508 6911 5084 10511 4597 25831 50506 13369 46403 16550 22769 11594 12044 15197 62850 8527 715 2421 277487 9236 287 1640 6218 1160 150208 3521 2505 9512 8366 56540 3205 4239 3720
internal_value=-4.95209e-08 5.66207e-05 0.000113781 0.0007871 0.000102122 2.50508e-05 0.000194969 0.0004931 0.00119631 -6.49474e-05 0.000228932 -0.000106855 -6.32015e-06 1.15103e-05 -3.05188e-05 -6.15272e-05 -0.00015154 -0.000220629 0.000127501 3.91569e-05 0.000114262 -5.16213e-05 -2.27286e-05 9.025e-05 -5.65222e-05 5.75487e-05 -2.9416e-05 2.69692e-05 0.00103726 3.54145e-06 -5.91123e-05 -9.11578e-05 -0.000240567 -6.08503e-05 -0.000424604 -1.96745e-05 -0.000108583 -4.82417e-05 3.70356e-05 0.000149657 2.49495e-05 0.000121997 0.000169739 0.000131687 -0.000111566 0.000870794 0.00113098 6.70062e-06 -0.000213056 -0.000517659 -0.00121272 7.63114e-05 -0.00149686 1.9453e-05 -1.35325e-05 0.000190377 0.000352446 0.000621179 -3.27987e-05 -1.03757e-06 -0.000413273 0.00103029
internal_weight=1.7505e+06 174398 118623 2019 116604 63715 52889 10456 1472 55775 6961 48814 1.57611e+06 907459 668648 462720 139374 111714 27660 205928 112692 93236 323346 74449 248897 75293 60989 54373 2455 875794 223039 193359 62573 31658 30915 130786 80280 66911 27061 29680 652755 103317 91273 86574 23724 4699 3984 549438 30135 14681 3087 15454 2800 519303 369095 31863 25119 15607 337232 280692 6744 7241
internal_count=1750505 174398 118623 2019 116604 63715 52889 10456 1472 55775 6961 48814 1576107 907459 668648 462720 139374 111714 27660 205928 112692 93236 323346 74449 248897 75293 60989 54373 2455 875794 223039 193359 62573 31658 30915 130786 80280 66911 27061 29680 652755 103317 91273 86574 23724 4699 3984 549438 30135 14681 3087 15454 2800 519303 369095 31863 25119 15607 337232 280692 6744 7241
is_linear=0
shrinkage=0.05


Tree=111
num_leaves=63
num_cat=0
split_feature=3 35 32 0 40 40 36 34 34 36 3 5 35 40 5 32 36 3 0 16 32 2 0 31 0 31 7 40 16 0 32 0 13 2 32 0 39 31 31 0 31 36 5 39 35 32 3 34 34 35 3 40 31 5 36 36 40 5 0 20 19 36
split_gain=0.245435 0.235117 0.379397 0.232911 0.344801 0.445165 0.246749 0.22859 0.429574 0.663936 0.460599 0.56956 1.70512 0.481554 0.592023 0.515384 0.633703 0.375674 0.39731 0.365744 0.328238 0.297142 0.598408 0.352885 0.456766 0.377317 0.287651 0.303757 0.282218 0.27095 0.295515 0.264925 0.262887 0.450987 0.528677 0.316666 0.537775 0.317893 0.27742 0.267401 0.613004 0.806344 1.08685 0.448528 0.431846 0.610326 0.487244 0.415921 0.392371 1.1993 0.749593 0.606156 0.648747 0.536158 0.469135 0.613133 0.601604 0.59267 0.535719 0.456876 0.964401 0.473592
threshold=13821.800000000001 5.5000000000000009 1.0000000180025095e-35 29518.654949670719 18.942598687307072 73.787644704468065 1.0000000180025095e-35 7.5000000000000009 6.5000000000000009 2.5000000000000004 11095.450000000003 174.07000000000002 1.5000000000000002 74.541265200395856 146.70450000000002 1.5000000000000002 1.0000000180025095e-35 6909.3500000000013 320084.98382940865 -0.82000000000000017 1.0000000180025095e-35 -0.079999999999999988 149257.18141648694 10.500000000000002 138728.7003751903 9.5000000000000018 8.2500000000000018 45.707252614926091 -0.68999999999999961 203784.04554423681 1.0000000180025095e-35 275307.39793552883 -0.77999999999999992 0.74500000000000011 6.5000000000000009 80313.388823401692 52.211142723199856 3.5000000000000004 2.5000000000000004 405277.0510294133 5.5000000000000009 1.0000000180025095e-35 168.47250000000003 80.306100981576705 1.0000000180025095e-35 1.0000000180025095e-35 8520.2500000000018 4.5000000000000009 4.5000000000000009 1.0000000180025095e-35 11921.650000000001 29.983041132389676 6.5000000000000009 147.54450000000003 3.5000000000000004 1.0000000180025095e-35 65.112505267108745 145.56150000000005 89089.649462819973 920.50000000000011 152450.00000000003 6.5000000000000009
decision_type=2 2 2 2 2 2 2 2 2 2 2 2 2 2 2 2 2 2 2 2 2 2 2 2 2 2 2 2 2 2 2 2 2 2 2 2 2 2 2 2 2 2 2 2 2 2 2 2 2 2 2 2 2 2 2 2 2 2 2 2 2 2
left_child=1 3 -3 4 -1 6 -6 8 32 10 11 13 17 15 20 16 -10 -13 -19 -11 -15 22 -18 25 -25 -23 27 -9 31 30 -21 -27 33 34 -5 36 37 -35 -37 48 41 47 44 -42 -43 46 -46 -41 59 50 51 -50 -53 -51 55 56 57 -54 -57 -34 -61 -62
right_child=-2 2 -4 7 5 -7 -8 26 9 19 -12 12 -14 14 -16 -17 21 18 -20 29 -22 23 -24 24 -26 28 -28 -29 -30 -31 -32 -33 39 35 -36 38 -38 -39 -40 40 43 42 -44 -45 45 -47 -48 -49 49 53 -52 52 54 -55 -56 58 -58 -59 -60 60 61 -63
leaf_value=-0.00050259671089407864 0.00025756803859417068 -0.00010181788103266734 0.00082009220097411855 -2.5608962082224776e-05 -0.00018217533954197583 -0.00084221605712275272 0.00077219072629643604 0.0014841412475446057 -0.0012004967297221296 -0.0019034719900364741 -0.00041440602235142825 -0.0002698928645630585 0.0010766613784760207 -0.0010126181404733034 0.0004872570267617064 0.00013111906594345606 0.0024529733450327357 -0.0024605597682617469 -0.00085732328347853405 -1.8107606361234658e-05 -1.179264462679535e-05 0.00066652057654694298 0.00073718935855152676 0.0003955262240652594 0.0015791331943579715 -0.0018964267176409682 -0.00038738655416916876 -5.3375195113619668e-05 0.00037790390078469007 0.00030158981067353796 -0.0018838467562188703 0.00026723189851635669 6.7228987733468805e-06 0.00044807791587513551 0.00041583737984712224 -0.00053588134888164893 0.00029812136526028246 -0.0011189885091083237 -0.00010598003532366443 1.5654062024842354e-05 4.5958369160576744e-05 0.00014436783434358755 -0.00060115239910915955 -0.00027519497052240846 -0.00088468509201597163 0.00015494451450685217 0.00014233863144306078 0.0022234558017022884 -0.0003668292169725796 5.8733385924880298e-05 -0.00037191163970204312 -0.0007375473058655529 -0.0018465186404867874 -0.000368753456504654 -0.00010219348046369871 0.0013506504841786966 -0.00057158694877795541 0.00086459310164782328 0.00048635204343304992 0.00042396824117905409 1.7215411448920951e-05 0.00043336250776581769
leaf_weight=1127 9197 2223 2241 97379 812 588 4082 330 405 468 2474 1218 1638 1393 3768 5054 772 596 1099 421 1989 3758 1487 1417 1919 387 8702 12098 676 857 428 223 1103331 368 7290 3975 1259 2684 67095 27296 108064 10867 18364 12088 4582 4232 1544 215 3972 9356 6703 1444 226 33952 4678 2043 2557 1866 14644 20200 97029 7355
leaf_count=1127 9197 2223 2241 97379 812 588 4082 330 405 468 2474 1218 1638 1393 3768 5054 772 596 1099 421 1989 3758 1487 1417 1919 387 8702 12098 676 857 428 223 1103331 368 7290 3975 1259 2684 67095 27296 108064 10867 18364 12088 4582 4232 1544 215 3972 9356 6703 1444 226 33952 4678 2043 2557 1866 14644 20200 97029 7355
internal_value=-4.70448e-08 -1.40768e-06 0.000360996 -2.33912e-06 0.000293918 0.000457667 0.000613845 -3.47074e-06 -1.44999e-06 0.000178744 0.000239354 0.000297536 -0.000213986 0.000397671 5.6217e-05 0.00054933 0.000740713 -0.000939726 -0.00142106 -0.000665259 -0.000424019 0.00081461 0.00132355 0.000677415 0.00107638 0.000413545 -0.000166919 -1.25496e-05 -0.000325709 -0.000325585 -0.000958669 -0.00110545 -4.93714e-06 -6.20179e-05 5.13695e-06 -0.000155265 -0.000571361 -0.000930037 -0.000130025 1.92998e-06 -5.39574e-05 -0.000175015 -0.000319504 1.36484e-05 -7.58203e-05 -0.000306829 -0.000625834 3.29082e-05 9.92247e-06 -9.63577e-05 0.00010812 0.000210495 0.000294009 -0.000276402 0.00035127 0.000450693 -5.71156e-05 0.00057171 0.000592169 1.69715e-05 0.000107734 4.65375e-05
internal_weight=1.7505e+06 1.74131e+06 4464 1.73684e+06 6609 5482 4894 1.73024e+06 1.7091e+06 32447 30273 27799 4551 23248 7150 16098 11044 2913 1695 2174 3382 10639 2259 8380 3336 5044 21130 12428 1286 1706 849 610 1.67666e+06 180050 104669 75381 4311 3052 71070 1.49661e+06 187252 67100 39589 120152 21225 10358 6126 27511 1.30936e+06 81441 38133 31430 27458 43308 26014 21336 4649 2092 16687 1.22792e+06 124584 104384
internal_count=1750505 1741308 4464 1736844 6609 5482 4894 1730235 1709105 32447 30273 27799 4551 23248 7150 16098 11044 2913 1695 2174 3382 10639 2259 8380 3336 5044 21130 12428 1286 1706 849 610 1676658 180050 104669 75381 4311 3052 71070 1496608 187252 67100 39589 120152 21225 10358 6126 27511 1309356 81441 38133 31430 27458 43308 26014 21336 4649 2092 16687 1227915 124584 104384
is_linear=0
shrinkage=0.05


Tree=112
num_leaves=63
num_cat=0
split_feature=28 31 0 7 39 35 5 20 19 36 0 18 34 36 39 40 0 7 33 0 2 31 34 5 36 34 0 18 40 1 0 2 39 35 40 31 0 38 35 36 38 33 1 34 7 0 31 38 40 0 38 35 40 39 36 35 31 34 31 39 34 39
split_gain=0.224095 0.271266 0.271235 0.321917 0.355471 0.424454 0.29044 0.267059 0.978717 0.674552 0.346707 0.348134 0.328279 0.310215 1.11976 0.764923 0.587556 0.5533 0.467084 0.648726 0.536655 0.391672 0.335916 0.305838 0.567905 1.01357 0.689034 0.575616 1.056 0.513064 0.49961 1.12621 0.617102 0.869499 1.25495 0.836477 0.817525 0.669225 0.854691 0.907438 0.666952 0.652596 0.613877 0.574562 0.573622 0.667947 0.643816 0.983377 0.571362 0.570364 0.616324 0.538826 0.517742 0.505559 0.519092 0.559055 0.664175 0.8219 0.914633 0.500885 0.470208 0.469722
threshold=64.750000000000014 20.500000000000004 969852.3837693712 8.1500000000000004 1.3342714337819142 1.5000000000000002 193.16800000000003 920.50000000000011 151650.00000000003 6.5000000000000009 266139.69614898512 51336.000000000007 1.0000000180025095e-35 7.5000000000000009 67.528206236718816 82.558054760368734 120054.8692822423 7.6500000000000012 1.5000000000000002 98207.391301986616 1.0900000000000003 8.5000000000000018 4.5000000000000009 153.22850000000003 2.5000000000000004 2.5000000000000004 84213.522194719102 27734.500000000004 11.670042482946878 6.0950000000000006 100960.06838826112 0.49500000000000005 47.228531032352613 1.0000000180025095e-35 56.594378587300987 8.5000000000000018 155501.42461975358 52.180216820828882 1.5000000000000002 1.5000000000000002 48.494496274627444 1.0000000180025095e-35 4.2100000000000009 1.0000000180025095e-35 7.4000000000000012 430113.39156991697 4.5000000000000009 61.731364560919268 76.869573798183239 146587.63418879581 41.028922672855167 1.0000000180025095e-35 11.116552191753597 53.382564551629208 1.5000000000000002 2.5000000000000004 2.5000000000000004 1.5000000000000002 4.5000000000000009 93.326429990140284 5.5000000000000009 11.032734872103637
decision_type=2 2 2 2 2 2 2 2 2 2 2 2 2 2 2 2 2 2 2 2 2 2 2 2 2 2 2 2 2 2 2 2 2 2 2 2 2 2 2 2 2 2 2 2 2 2 2 2 2 2 2 2 2 2 2 2 2 2 2 2 2 2
left_child=2 -2 6 -4 5 -5 7 13 10 -10 11 -9 -11 23 15 21 17 -17 20 -20 -16 -15 -23 30 -25 27 29 28 -26 -27 31 -1 33 36 -35 42 40 38 43 -40 48 44 -36 49 45 -38 47 -46 -32 51 52 -34 -51 54 55 56 61 58 -58 -52 -43 -33
right_child=1 -3 3 4 -6 -7 -8 8 9 12 -12 -13 -14 14 18 16 -18 -19 19 -21 -22 22 -24 24 25 26 -28 -29 -30 -31 32 53 37 34 35 -37 41 -39 39 -41 -42 60 -44 -45 46 -47 -48 -49 -50 50 59 -53 -54 -55 -56 -57 57 -59 -60 -61 -62 -63
leaf_value=0.00018498074173587059 -0.0001827798681474375 0.00067930072602434175 9.1205101156350256e-05 9.7032822322944427e-05 0.0003788674005015446 0.00263216945613214 0.00016685277460831555 0.00059186526331638379 -1.5876032927912094e-05 -0.00029532868549383647 -0.001314028513727172 0.00018137960166286944 0.00057514986597625517 -0.0020627364845583625 -9.2560942197162868e-05 -0.0011444613605611409 -0.0006046061962669139 -0.0036235326904644873 0.0037015385842367786 0.00054610577740833082 0.00052120439610686155 -0.00022067642741298223 -0.0012656838348589444 -6.0531725608999325e-05 0.0039475096350990065 -0.00076438318838649389 -0.00016840089176378169 7.5636957957646509e-05 0.000487998230024798 -0.0028679228990037275 -0.00019963960317749289 0.00033887908832924511 -0.0002722516258223102 0.00011609541070871371 0.0001932540948432841 6.0774178832877853e-05 0.00057786542272820942 3.4800545328401927e-05 0.00048368920702842504 -0.0001242051165758509 0.00020991611618552874 -0.00031765231659191282 -0.00047380094357668686 -6.4132319880708295e-05 0.00028582219013835957 -5.3092119701697758e-05 0.00040359443001902832 -0.00076979030106543312 -0.0026902687059875588 0.00059804841525205096 -7.6013946603262333e-05 0.00040155633288118812 -0.00071655949599060175 -4.1371904317120225e-05 -0.00044938587998060429 -0.0014428418314722544 0.00041673746791935781 -0.00029983126710356656 0.0025550498120344546 -0.0016102843650119974 0.0011188684729379421 -0.0003205395844995307
leaf_weight=34630 23734 949 12848 270 2691 425 25739 11097 134590 1275 299 9663 7196 309 13836 502 1320 408 201 859 4796 17201 805 463574 236 1787 24343 156811 3377 346 14438 3071 9291 105583 4054 18625 31159 312484 11287 13460 18903 5535 23113 48900 5305 4847 12122 3777 234 788 9950 4359 15119 63116 20336 798 5412 4184 551 562 635 22390
leaf_count=34630 23734 949 12848 270 2691 425 25739 11097 134590 1275 299 9663 7196 309 13836 502 1320 408 201 859 4796 17201 805 463574 236 1787 24343 156811 3377 346 14438 3071 9291 105583 4054 18625 31159 312484 11287 13460 18903 5535 23113 48900 5305 4847 12122 3777 234 788 9950 4359 15119 63116 20336 798 5412 4184 551 562 635 22390
internal_value=-4.46926e-08 -0.000149635 2.09477e-06 0.000205507 0.000639221 0.0016473 1.63197e-07 -2.38479e-06 5.82085e-05 1.13621e-05 0.000376452 0.0004008 0.000444131 -8.92844e-06 -0.00014591 -0.000404143 -0.00127848 -0.00225596 0.000123509 0.00114445 6.54263e-05 -0.000297686 -0.000267396 -5.20302e-06 -3.08672e-05 4.27108e-05 -0.000243905 9.00133e-05 0.000713972 -0.0011056 1.49339e-05 -6.61728e-05 3.35098e-05 9.61625e-05 2.12856e-05 -0.000197318 0.000213067 -2.9955e-06 -0.000106857 0.000153053 1.35853e-05 0.000318741 -0.00037426 -0.000179151 0.00037143 0.000492928 0.000165118 -0.000153183 -0.000239362 -0.000319519 -0.000455116 -5.70773e-05 -0.000651437 -0.000138737 -0.00024704 -0.000134012 -0.00010468 0.000237383 0.000614324 -0.00015804 -0.000169809 -0.000241003
internal_weight=1.7505e+06 24683 1.72582e+06 16234 3386 695 1.70959e+06 1.68385e+06 164120 143061 21059 20760 8471 1.51973e+06 40237 20545 2230 910 19692 1060 18632 18315 18006 1.47949e+06 650474 186900 26476 160424 3613 2133 829018 154488 674530 248330 151375 45792 96955 426200 113716 24747 33575 63380 27167 88969 57210 36006 21204 9082 14672 40069 26419 13650 15907 119858 56742 36406 35608 10147 5963 10512 6170 25461
internal_count=1750505 24683 1725822 16234 3386 695 1709588 1683849 164120 143061 21059 20760 8471 1519729 40237 20545 2230 910 19692 1060 18632 18315 18006 1479492 650474 186900 26476 160424 3613 2133 829018 154488 674530 248330 151375 45792 96955 426200 113716 24747 33575 63380 27167 88969 57210 36006 21204 9082 14672 40069 26419 13650 15907 119858 56742 36406 35608 10147 5963 10512 6170 25461
is_linear=0
shrinkage=0.05


Tree=113
num_leaves=63
num_cat=0
split_feature=28 20 19 40 21 40 24 40 5 17 19 40 18 33 36 32 0 20 5 17 0 19 33 38 18 40 36 35 20 21 36 21 33 5 28 32 6 0 7 38 13 0 6 5 19 35 40 9 32 12 32 32 38 6 32 0 35 4 40 5 7 31
split_gain=0.215701 0.32831 0.465163 0.673026 0.439614 0.374728 0.3306 0.333652 0.330037 0.329006 0.343045 0.392711 0.282065 0.279533 0.302224 0.253384 0.380403 0.491797 0.321855 0.390364 0.46928 0.411502 0.581166 0.422202 0.329469 0.315132 0.282581 0.328412 0.345692 0.310626 0.418715 0.24196 0.240965 0.239166 0.216455 0.299333 0.270211 0.250443 0.289773 0.315929 0.267228 0.374925 0.452474 0.402531 0.358831 0.357747 0.464568 0.354683 0.387974 0.363773 0.313127 0.607345 0.308674 0.262205 0.302882 1.42081 0.805015 1.12317 1.92101 0.89945 0.751594 1.03838
threshold=13.350000000000003 781.50000000000011 98550.000000000015 9.8679282432463129 3263.0000000000005 49.845063248297357 7.8500000000000005 48.483106913125745 177.59050000000005 1688.0000000000002 108950.00000000001 59.213615475960964 35519.500000000007 2.5000000000000004 4.5000000000000009 1.0000000180025095e-35 99112.95427677453 622.50000000000011 187.62900000000002 31674.500000000004 334583.71056835965 81550.000000000015 1.0000000180025095e-35 29.825067980824642 22616.500000000004 85.535765705991238 1.5000000000000002 1.0000000180025095e-35 862.50000000000011 871.50000000000011 3.5000000000000004 8128.5000000000009 2.5000000000000004 176.93350000000001 64.750000000000014 18.500000000000004 205.15000000000003 969852.3837693712 8.1500000000000004 98.684167510009118 -0.60499999999999998 405277.0510294133 169.35000000000005 106.96150000000002 348950.00000000006 2.5000000000000004 24.783577621452139 -0.39000000000000007 6.5000000000000009 -0.019999999999999973 2.5000000000000004 8.5000000000000018 28.630720474891238 167.25000000000003 1.0000000180025095e-35 205250.58759149702 1.5000000000000002 3.9100000000000006 60.407900763397272 150.67550000000003 4.9500000000000011 6.5000000000000009
decision_type=2 2 2 2 2 2 2 2 2 2 2 2 2 2 2 2 2 2 2 2 2 2 2 2 2 2 2 2 2 2 2 2 2 2 2 2 2 2 2 2 2 2 2 2 2 2 2 2 2 2 2 2 2 2 2 2 2 2 2 2 2 2
left_child=15 5 3 -3 -5 6 8 -8 -2 -7 11 12 -11 34 33 18 17 -17 19 21 24 22 26 -24 -21 -19 -1 28 29 -28 -31 -13 -20 -15 37 -36 -37 40 -39 -40 47 53 52 -44 45 46 -45 -4 49 -49 -48 -52 -43 -42 56 -56 -55 -58 -59 -60 61 -57
right_child=1 2 13 4 -6 9 7 -9 -10 10 -12 31 -14 14 -16 16 -18 25 32 20 -22 -23 23 -25 -26 -27 27 -29 -30 30 -32 -33 -34 -35 35 36 -38 38 39 -41 41 42 43 44 -46 -47 50 48 -50 -51 51 -53 -54 54 55 60 57 58 59 -61 -62 -63
leaf_value=-0.00095951125870229474 -0.00018843150037614511 0.003142714236876443 -0.00027357903964429683 -0.00015996009049820735 0.00067322854848911589 0.00012222115543610962 0.00026507574402252109 0.0021572097243455768 0.00011080325792450093 -0.00071125169652877182 -0.00016415637774706802 -0.00061842559560063492 0.00033277634202542633 0.00073068303591160722 -0.00032789315319676777 -0.00021949569128618801 8.9561620001925903e-05 0.00074288651921575145 0.00035904574295859721 0.0025673206505913912 -0.0011665871156557653 2.2089372909675725e-05 0.0012361397386342009 -0.00010194676843641216 0.00049791896811074616 0.0026253664463837733 6.8928321900784472e-05 0.00052935100328532932 0.0012288373599212057 -0.0004371514556246548 -0.0017322590848148488 -0.0017721435911225705 -0.00095783634646544205 0.00016001480827553501 -0.00018827417228748562 0.0017377270887857937 -8.1781655230624268e-07 8.725166265790802e-05 0.00074273988773968175 -0.0011144842323601884 -3.8060801181648339e-05 0.00063122195871451962 0.00056557335666966438 -0.00053774488237559852 1.8525004283137026e-05 1.9061150102953886e-06 -8.6458520806908089e-05 -1.5573892039786694e-05 0.00021084244602950224 -0.00016324535772890776 -0.00074331077283607677 -0.00013383484514259034 6.1502861877800745e-05 3.0924016611946841e-05 0.00018771195880772312 9.284746613784653e-06 1.4213752201785045e-05 -0.00056790565731447656 -0.00072831042937893022 0.00082782749287471581 4.4004717495808034e-05 -0.00050892022699057342
leaf_weight=2857 20075 219 16114 2722 3784 6739 6255 242 17033 964 27408 7000 1967 3294 1691 1447 12563 4119 8599 203 413 33171 802 2225 3662 235 1057 900 261 1586 1029 486 362 4148 22624 387 529 12831 3139 247 174518 2628 2172 10588 32967 21174 34542 195466 15489 53015 6224 11908 24941 620316 130425 20560 45471 24494 1197 4141 64634 18246
leaf_count=2857 20075 219 16114 2722 3784 6739 6255 242 17033 964 27408 7000 1967 3294 1691 1447 12563 4119 8599 203 413 33171 802 2225 3662 235 1057 900 261 1586 1029 486 362 4148 22624 387 529 12831 3139 247 174518 2628 2172 10588 32967 21174 34542 195466 15489 53015 6224 11908 24941 620316 130425 20560 45471 24494 1197 4141 64634 18246
internal_value=-4.2458e-08 -3.76855e-06 1.44933e-06 0.000416407 0.000324637 -9.76786e-05 6.52776e-06 0.000335554 -5.10793e-05 -0.000199642 -0.000256987 -0.00050123 -1.06024e-05 -3.16738e-07 0.0002755 8.26329e-05 0.000244199 0.00057909 3.06962e-05 -2.04941e-05 0.000435424 -6.49349e-05 -0.00033429 0.000252578 0.000606609 0.00084449 -0.000565298 -0.000332261 -0.000529426 -0.000654401 -0.000946775 -0.000693326 0.000305847 0.000412606 -1.92021e-06 -0.000152398 0.000733698 3.68878e-07 0.000195826 0.00060726 -1.70117e-06 8.18165e-06 -6.67908e-05 -0.000108891 -0.000121369 -0.000175989 -0.000235531 -4.58481e-05 -3.19464e-05 -4.70805e-05 -0.000174783 -0.000343044 0.000115811 1.81742e-05 2.87327e-05 7.79581e-05 1.21833e-05 -0.000142195 -0.000380599 0.000478877 -6.04279e-05 -0.000234367
internal_weight=1.7505e+06 1.67501e+06 1.58684e+06 6725 6506 88169 43605 6497 37108 44564 37825 10417 2931 1.58012e+06 9133 75491 18364 5801 57127 48166 4278 43888 10717 3027 3865 4354 7690 4833 3933 3672 2615 7486 8961 7442 1.57099e+06 23540 916 1.54745e+06 16217 3386 1.53123e+06 1.25115e+06 147144 119575 117403 84436 63262 280084 263970 248481 52674 18132 27569 1.104e+06 929484 233865 695619 75303 29832 5338 103440 38806
internal_count=1750505 1675014 1586845 6725 6506 88169 43605 6497 37108 44564 37825 10417 2931 1580120 9133 75491 18364 5801 57127 48166 4278 43888 10717 3027 3865 4354 7690 4833 3933 3672 2615 7486 8961 7442 1570987 23540 916 1547447 16217 3386 1531230 1251146 147144 119575 117403 84436 63262 280084 263970 248481 52674 18132 27569 1104002 929484 233865 695619 75303 29832 5338 103440 38806
is_linear=0
shrinkage=0.05


Tree=114
num_leaves=63
num_cat=0
split_feature=34 34 36 6 7 32 16 3 38 40 3 32 32 36 7 3 38 31 7 32 0 0 36 31 31 0 31 32 3 0 3 7 0 0 7 25 40 36 18 3 32 6 34 36 40 0 38 31 34 17 31 34 9 0 3 29 25 36 18 31 29 40
split_gain=0.215622 0.365405 0.576336 0.421349 0.407527 0.618326 0.333187 0.31436 0.306794 0.302505 0.577226 0.481433 0.396069 0.374951 0.344643 0.331181 0.294949 0.308691 0.293194 0.336871 0.262273 0.261268 0.248297 0.432703 0.246109 0.392201 0.339071 0.306918 0.43901 0.420253 0.355996 0.294841 0.699354 0.53088 0.346062 0.242858 0.459073 0.608924 0.775526 0.417892 0.479124 0.594351 0.392762 0.38282 0.351103 0.348665 0.319632 0.301607 0.381805 0.346082 0.299265 0.297897 0.297171 0.287614 0.272952 0.269755 0.252124 0.239336 0.257847 0.235629 0.234396 0.243908
threshold=7.5000000000000009 6.5000000000000009 2.5000000000000004 209.80000000000004 4.7500000000000009 1.0000000180025095e-35 -0.82000000000000017 6977.0500000000002 61.185487023190902 74.541265200395856 8463.2500000000018 1.0000000180025095e-35 2.5000000000000004 1.0000000180025095e-35 8.4000000000000021 7500.7000000000007 57.577786240640485 9.5000000000000018 8.0500000000000025 4.5000000000000009 330857.96262682101 303945.48690115829 1.0000000180025095e-35 9.5000000000000018 9.5000000000000018 272928.43146858498 10.500000000000002 1.0000000180025095e-35 8246.8500000000022 159273.44097018641 8460.4500000000025 9.2000000000000011 167896.81199061711 134385.49242573167 8.2500000000000018 6.1500000000000012 44.824997539998627 2.5000000000000004 29245.500000000004 11761.400000000003 10.500000000000002 196.70000000000002 4.5000000000000009 1.0000000180025095e-35 28.55233481138924 100960.06838826112 35.199213621479814 8.5000000000000018 3.5000000000000004 25613.500000000004 8.5000000000000018 1.0000000180025095e-35 -0.060000000000000268 310240.46209260303 12827.250000000002 57.010663025575582 9.3500000000000032 7.5000000000000009 34526.500000000007 9.5000000000000018 49.863682841398045 18.942598687307072
decision_type=2 2 2 2 2 2 2 2 2 2 2 2 2 2 2 2 2 2 2 2 2 2 2 2 2 2 2 2 2 2 2 2 2 2 2 2 2 2 2 2 2 2 2 2 2 2 2 2 2 2 2 2 2 2 2 2 2 2 2 2 2 2
left_child=1 35 3 4 5 22 21 -7 -5 12 -11 -12 13 14 -6 59 17 -2 19 -19 -9 -4 -3 -24 31 27 -27 28 -26 30 -29 32 34 -33 -17 -1 37 43 50 47 42 -42 46 51 -45 -46 -41 48 -38 -50 -39 54 -43 57 -37 56 -55 -48 -59 -15 61 -53
right_child=16 2 6 8 9 7 -8 20 -10 10 11 -13 -14 15 -16 24 -18 18 -20 -21 -22 -23 23 -25 25 26 -28 29 -30 -31 -32 33 -34 -35 -36 36 39 38 -40 40 41 52 -44 44 45 -47 53 -49 49 -51 -52 60 -54 55 -56 -57 -58 58 -60 -61 -62 -63
leaf_value=-8.2983132627109027e-06 -0.0018968074958276551 0.0010513280363488391 -0.0031279364830500097 -0.001349000216148921 0.00016916029599589212 -8.2853279569154422e-05 -0.00029322763463437241 -0.0030717981738848537 -7.3531513260910333e-05 0.00068882234340972249 -0.00092297206806623818 0.00012431123815307275 -0.00026755122501842846 -0.00093850119622538089 -0.0021512186905538722 0.0022889340340784118 -6.8422316782537745e-05 -0.00023086843606763861 -0.00084153190433526029 0.0017054374378141911 -0.0011066314069772276 -0.00074807623366737307 -0.00073602741814704465 0.0010682879922975924 -0.0023210933957353332 0.0004154833888217166 0.0019904306772585817 0.00095572156253011752 0.00020260717774796892 0.0013008849524433054 -8.027337979960585e-05 -0.0021292294363635077 0.0005752809696673467 0.0007928968462612313 0.00093577775272957902 0.00067980862024927941 0.00015545978940932007 0.002185440403373937 0.00027591202355175593 0.00037941200997520185 0.0012880450637818962 -0.00030228570482868159 -0.00061232259899811543 -0.00021560037547145681 0.0007610789781780493 2.6965279728701625e-05 -3.1006618627625967e-05 -9.0122362310669139e-05 0.00028898233999499951 0.0012988718059600891 7.7994002737716479e-05 -0.00018044349283633998 0.00048492957920453323 -0.00046291187634014876 0.00013710644828137601 -0.00015666952375416413 -0.0014827523301500611 -0.0018967944758680579 -0.00033443546025357327 0.00038713180914607694 -5.5731455868877023e-05 0.0011547252202208193
leaf_weight=1491579 382 708 206 634 526 469 1745 246 1839 2603 1666 3215 1646 543 230 1277 17130 1506 1856 264 548 262 930 517 252 641 732 1165 545 1152 2877 208 2872 615 750 4994 17778 753 27992 3628 1337 2370 3610 17277 1764 19464 57183 9499 1941 1507 217 562 2426 3617 4322 9311 728 291 2855 876 8993 874
leaf_count=1491579 382 708 206 634 526 469 1745 246 1839 2603 1666 3215 1646 543 230 1277 17130 1506 1856 264 548 262 930 517 252 641 732 1165 545 1152 2877 208 2872 615 750 4994 17778 753 27992 3628 1337 2370 3610 17277 1764 19464 57183 9499 1941 1507 217 562 2426 3617 4322 9311 728 291 2855 876 8993 874
internal_value=-4.0335e-08 1.89976e-06 0.000167985 0.000224909 0.000280527 -0.000230783 -0.00061095 -0.00110923 -0.000400522 0.000352179 8.75192e-05 -0.000233151 0.000469333 0.00054881 -0.000536775 0.000605391 -0.000158766 -0.000544889 -0.000402464 5.79365e-05 -0.00171549 -0.00179562 0.000284056 -9.13619e-05 0.000684065 0.000492927 0.00125515 0.000318243 -0.000595351 0.000458431 0.000218325 0.000930053 0.00107716 5.43765e-05 0.00178826 -1.28075e-06 4.97061e-05 0.000136707 0.000324076 -1.45511e-05 -7.03354e-05 0.000355803 -0.000102512 4.35474e-05 -4.82413e-05 8.79685e-05 -7.87996e-05 0.000144052 0.000248849 0.00073037 0.00171398 0.000222546 9.59179e-05 -0.000101269 0.000428031 -0.000308476 -0.000633785 -5.43658e-05 -0.000478951 -0.00012014 3.89901e-05 0.000632187
internal_weight=1.7505e+06 1.72937e+06 32495 30282 27809 3418 2213 1263 2473 24391 7484 4881 16907 15261 756 14505 21138 4008 3626 1770 794 468 2155 1447 13086 7364 1373 5991 797 5194 4042 5722 4899 823 2027 1.69687e+06 205293 87212 28962 118081 87356 6133 81223 58250 38505 21228 77613 30725 21226 3448 970 19745 4796 73985 9316 13656 4345 60329 3146 1419 10429 1436
internal_count=1750505 1729367 32495 30282 27809 3418 2213 1263 2473 24391 7484 4881 16907 15261 756 14505 21138 4008 3626 1770 794 468 2155 1447 13086 7364 1373 5991 797 5194 4042 5722 4899 823 2027 1696872 205293 87212 28962 118081 87356 6133 81223 58250 38505 21228 77613 30725 21226 3448 970 19745 4796 73985 9316 13656 4345 60329 3146 1419 10429 1436
is_linear=0
shrinkage=0.05


Tree=115
num_leaves=63
num_cat=0
split_feature=18 26 38 36 39 34 3 33 3 40 39 34 3 2 34 35 32 34 39 36 39 15 15 39 31 32 40 36 18 28 3 32 39 3 34 32 40 38 31 22 40 38 40 2 32 31 33 31 39 40 35 40 40 40 3 40 32 32 35 6 36 37
split_gain=0.206429 0.220995 0.267874 0.227301 0.772814 0.482938 0.398249 0.345701 0.459597 0.37834 0.338593 0.417046 0.254618 0.223554 0.240495 0.233063 0.292294 0.227951 0.275685 0.286041 0.223366 0.223238 0.308363 0.215157 0.329938 0.212592 0.217725 0.29552 0.298455 0.258534 0.218783 0.225077 0.188451 0.187194 0.18657 0.206504 0.206023 0.195263 0.184022 0.183896 0.181851 0.333694 0.2941 0.181486 0.29403 0.216663 0.178151 0.166323 0.165927 0.361126 0.504173 0.463152 0.350344 0.365455 0.314077 0.291886 0.300295 0.264509 0.239076 0.250741 0.308647 0.237448
threshold=155304.00000000003 7.0500000000000007 49.066274464961069 8.5000000000000018 12.835526959052276 4.5000000000000009 8454.2500000000018 1.5000000000000002 12453.200000000003 32.230039040818276 64.922929885233202 1.0000000180025095e-35 9783.7000000000025 -0.53499999999999981 6.5000000000000009 5.5000000000000009 1.0000000180025095e-35 7.5000000000000009 5.1522609290423373 1.5000000000000002 30.360267293267537 -0.85499999999999965 -0.82999999999999996 41.450155040914929 11.500000000000002 3.5000000000000004 30.765454665365123 2.5000000000000004 39796.000000000007 14.15 12827.250000000002 1.0000000180025095e-35 18.3948696458732 7420.5500000000011 7.5000000000000009 1.5000000000000002 79.583069121888784 69.34849689226867 7.5000000000000009 24300.500000000004 82.558054760368734 64.832088625778979 90.480142258942934 1.7200000000000002 1.5000000000000002 2.5000000000000004 1.0000000180025095e-35 1.0000000180025095e-35 1.0000000180025095e-35 38.921331072063147 1.0000000180025095e-35 27.363370892502655 30.562696377732873 38.353663622566977 8470.6000000000022 50.693544332036886 1.0000000180025095e-35 1.0000000180025095e-35 3.5000000000000004 183.25000000000003 3.5000000000000004 1.0000000180025095e-35
decision_type=2 2 2 2 2 2 2 2 2 2 2 2 2 2 2 2 2 2 2 2 2 2 2 2 2 2 2 2 2 2 2 2 2 2 2 2 2 2 2 2 2 2 2 2 2 2 2 2 2 2 2 2 2 2 2 2 2 2 2 2 2 2
left_child=1 3 25 13 40 6 46 9 -9 12 -11 -12 -8 14 -1 17 33 21 19 -19 -14 43 -23 24 -20 26 27 47 29 -29 31 38 -18 -17 35 36 -16 -36 -28 48 -5 -42 -43 44 -15 -45 -6 -3 49 51 55 58 -53 -54 -52 -51 -57 -56 59 60 -24 -50
right_child=-2 2 -4 4 5 -7 7 8 -10 10 11 -13 20 15 34 16 32 18 23 -21 -22 22 39 -25 -26 -27 30 28 -30 -31 -32 -33 -34 -35 37 -37 -38 -39 -40 -41 41 42 -44 45 -46 -47 -48 -49 61 50 54 52 53 -55 57 56 -58 -59 -60 -61 -62 -63
leaf_value=5.2714022484035213e-05 -0.00036990521143749589 0.00060097025884499593 1.3766658637152667e-05 -0.00067332282336028779 0.00059652112289427075 -0.0014306800751048348 -0.00036271078208250491 0.0023566689905456322 5.9904304180171205e-05 -0.00051618073767281485 -0.00067459233262768007 7.5332254009569932e-05 0.0021306406719961155 0.00011443413467458936 0.0012505585705275858 0.00055270494612503389 0.0020552486943474393 0.0012438965005282445 -0.0013312429334007003 -0.0004873066109000498 0.00049835675395681293 -0.00031901816614747703 -8.3318904642598141e-05 -0.00013366748724191863 -0.00029262342857115691 -0.0003080453695323482 0.00037258562181844275 0.00054877917179911269 0.00022729116065978001 0.0025579534077653874 7.2379940286460082e-05 0.00077335886916257007 0.00059403039334577626 -0.00042732810484301674 -0.00040827195207141301 0.00018289917453108128 -4.9812200654741903e-05 0.00039688354232001762 -0.0003347160558767784 -0.00042272401325545736 -0.0035703225776884322 3.6164848260236312e-05 -0.0023542993738257076 -0.00065423051967047712 0.00057299820934603206 2.5963325601942176e-05 -0.00078635545968014841 -7.2723347358244234e-05 -5.281381987330746e-06 -0.00063368443089879053 -0.00047695165692613115 0.0015203386870462137 0.00026000491942820256 0.0021153010447419259 -0.00023403081627981984 0.00092188914825434842 0.00016505648156986787 0.00048066153153625724 0.0012470758035314407 0.00040775211933439257 -0.0018108044848777355 -0.0001225639089653449
leaf_weight=78903 3751 968 113112 568 2803 653 787 316 701 7260 2334 9013 241 26323 1473 772 248 647 1024 378 1608 7984 4327 11939 3019 2395 8868 422 9647 258 6925 3351 2001 1321 1196 1434 384 2033 1026 2660 206 251 264 1236 4031 22173 254 17104 1310154 701 6037 1126 2364 299 3289 2096 3498 2135 436 2889 275 44626
leaf_count=78903 3751 968 113112 568 2803 653 787 316 701 7260 2334 9013 241 26323 1473 772 248 647 1024 378 1608 7984 4327 11939 3019 2395 8868 422 9647 258 6925 3351 2001 1321 1196 1434 384 2033 1026 2660 206 251 264 1236 4031 22173 254 17104 1310154 701 6037 1126 2364 299 3289 2096 3498 2135 436 2889 275 44626
internal_value=6.18888e-07 1.41455e-06 5.66501e-05 -4.31167e-06 -0.000147446 -8.81337e-05 -5.35055e-05 -0.000126995 0.00077355 -0.000170108 -0.00024953 -7.89221e-05 0.000390512 -1.80324e-06 7.68305e-05 -6.37269e-06 0.000359407 -7.4563e-06 -0.000189444 0.000605463 0.00071111 -5.31979e-06 -9.17318e-06 -0.000240425 -0.000555682 0.000151828 0.000174505 8.5288e-05 0.000298655 0.00131108 0.00030012 0.000419192 0.000755161 -6.58443e-05 0.00036868 0.000633614 0.000981661 9.86593e-05 0.000299239 -7.3895e-06 -0.00134243 -0.00186955 -0.00118924 9.46573e-05 0.000175331 -9.95105e-06 0.000481621 -3.66379e-05 -6.59139e-06 0.000110777 -3.13943e-05 0.000326242 0.000780952 0.000468316 -0.000228852 0.000328107 0.000448632 4.72871e-05 0.000108897 4.26517e-05 -0.000186548 -9.14463e-06
internal_weight=1.75052e+06 1.74677e+06 164076 1.58269e+06 27259 25970 25317 22260 1017 21243 18607 11347 2636 1.55543e+06 85423 1.47001e+06 4342 1.46567e+06 17007 1025 1849 1.44866e+06 1.3949e+06 15982 4043 50964 48569 28399 10327 680 20170 13245 2249 2093 6520 3291 1857 3229 9894 1.38691e+06 1289 721 515 53763 30354 23409 3057 18072 1.38425e+06 29472 17756 11716 3789 2663 11461 6295 5594 5424 7927 7491 4602 1.35478e+06
internal_count=1750517 1746766 164076 1582690 27259 25970 25317 22260 1017 21243 18607 11347 2636 1555431 85423 1470008 4342 1465666 17007 1025 1849 1448659 1394896 15982 4043 50964 48569 28399 10327 680 20170 13245 2249 2093 6520 3291 1857 3229 9894 1386912 1289 721 515 53763 30354 23409 3057 18072 1384252 29472 17756 11716 3789 2663 11461 6295 5594 5424 7927 7491 4602 1354780
is_linear=0
shrinkage=0.05


Tree=116
num_leaves=63
num_cat=0
split_feature=28 34 32 20 30 6 34 36 20 19 17 6 35 19 32 40 39 32 40 27 18 39 39 39 31 39 40 18 27 19 27 17 40 36 30 40 32 34 23 18 40 18 32 18 28 19 28 32 33 16 7 40 13 33 31 39 40 32 8 39 35 39
split_gain=0.198585 0.376819 0.550489 0.370574 0.353869 0.341358 0.439455 0.320175 0.307819 0.361341 0.461276 0.300315 0.307161 0.315864 0.277148 0.263387 0.495801 0.249427 0.283292 0.235379 0.316065 0.386347 0.239193 0.23467 0.308648 0.224796 0.217214 0.244399 0.32109 0.29745 0.294953 0.219189 0.21666 0.300756 0.234879 0.220457 0.260526 0.302976 0.211402 0.206749 0.196678 0.190489 0.19161 0.189482 0.231938 0.188643 0.187284 0.375717 0.234562 0.207063 0.508938 0.580982 0.517935 0.317222 0.311124 0.423509 0.354445 0.291547 0.435926 0.277273 0.588132 0.885478
threshold=19.350000000000005 4.5000000000000009 2.5000000000000004 923.50000000000011 0.00022208640243971816 201.30000000000004 1.0000000180025095e-35 1.0000000180025095e-35 804.50000000000011 83450.000000000015 22050.000000000004 202.95000000000002 1.5000000000000002 216350.00000000003 1.0000000180025095e-35 50.963765700830294 54.73080764390901 2.5000000000000004 34.564884025856095 28.650000000000002 28531.000000000004 26.775244254510117 17.120543054756244 90.244240615374352 1.5000000000000002 21.054035606181841 8.3015968299063054 27020.500000000004 36.850000000000001 80350.000000000015 34.050000000000004 8602.5000000000018 28.22726150129866 2.5000000000000004 0.00037528229985695513 47.049893107893446 1.0000000180025095e-35 2.5000000000000004 8.5500000000000025 31720.000000000004 73.787644704468065 33797.500000000007 1.5000000000000002 29245.500000000004 13.15 90750.000000000015 53.45000000000001 22.500000000000004 2.5000000000000004 -0.73499999999999976 4.5500000000000007 45.707252614926091 -0.42499999999999988 1.0000000180025095e-35 1.5000000000000002 96.881138058396246 9.0521535005497871 6.5000000000000009 -0.17499999999999979 44.157448059010569 1.0000000180025095e-35 71.490277196988856
decision_type=2 2 2 2 2 2 2 2 2 2 2 2 2 2 2 2 2 2 2 2 2 2 2 2 2 2 2 2 2 2 2 2 2 2 2 2 2 2 2 2 2 2 2 2 2 2 2 2 2 2 2 2 2 2 2 2 2 2 2 2 2 2
left_child=1 3 11 5 -5 6 43 -4 15 10 -10 -3 41 -14 -8 19 25 18 -16 22 21 38 -2 26 -25 -17 -7 28 29 32 31 -31 33 -28 -34 -36 37 -37 -21 -9 -30 -13 -43 44 -1 -20 48 -48 49 50 51 53 57 -11 55 56 -51 -52 -59 -58 -61 -62
right_child=8 2 7 4 -6 23 14 39 9 46 -12 12 13 -15 17 16 -18 -19 45 20 -22 -23 -24 24 -26 -27 27 -29 40 30 -32 -33 34 -35 35 36 -38 -39 -40 -41 -42 42 -44 -45 -46 -47 47 -49 -50 54 52 -53 -54 -55 -56 -57 59 58 -60 60 61 -63
leaf_value=0.00024530161728355903 -0.0017336814897564046 -0.0011062493243199165 -0.00044601593204251485 -0.00031467247921466795 0.00031567370358738181 -0.00080485418803269014 -0.00049900966840829672 0.0020495128136639629 2.7907487468050322e-06 -3.359477040674248e-05 0.0028064866073900601 -0.00053743959192871353 -0.001736369102695963 -6.0860790230017182e-05 -0.0014089704810626869 -4.9360995643549765e-05 -6.4477115863881599e-05 -0.00079463369460474774 0.0010662323267857361 -0.00090145512591111943 -2.3232956226562027e-05 0.0021868786863346447 -0.00026882554694523437 0.0015255621683886117 0.00026275414494199365 -0.00063544222177318592 -0.00077053575710118386 4.2552461525878626e-05 1.3086189412895726e-05 0.0022252865613136769 0.0024394956271780398 0.00040180622425978782 0.0018440710839604435 0.0012499079595997976 0.0010169935374977916 7.3548004368123194e-05 0.0013020751673201169 -0.0019887859999890563 0.00085078964209132793 0.00063535194875712574 -0.0014669595448982427 -0.00014589917118155827 0.00052783073736232524 -9.364014464013497e-06 0.0016385879968137792 4.6745345585276027e-05 -0.00010735198987648512 0.0012894322233474563 0.00030422574558152911 0.00072022931046579431 -8.9384851887297747e-05 -0.00038350571327691455 6.0885922189365734e-05 0.0014402885395552844 2.8138845863907267e-07 0.00081461477752223363 0.00018025054148964481 -0.00054526682623383122 0.00034620205801118265 -1.6975113126670516e-05 0.00016387048568889602 0.0012668445461182806
leaf_weight=1468 373 1133 525 2470 22586 715 8335 353 335 19600 261 2314 655 493 204 2066 16144 612 907 278 29942 359 1102 515 8005 7863 771 69667 1773 206 354 824 320 242 856 789 292 230 452 965 257 5216 1323 14536 375 908 51316 486 6412 2038 148485 20845 136496 372 973290 1904 35886 1654 8024 115960 15315 2065
leaf_count=1468 373 1133 525 2470 22586 715 8335 353 335 19600 261 2314 655 493 204 2066 16144 612 907 278 29942 359 1102 515 8005 7863 771 69667 1773 206 354 824 320 242 856 789 292 230 452 965 257 5216 1323 14536 375 908 51316 486 6412 2038 148485 20845 136496 372 973290 1904 35886 1654 8024 115960 15315 2065
internal_value=5.87944e-07 5.53602e-05 -0.00020225 7.95468e-05 0.000253535 4.10226e-05 -0.000112818 0.000598174 -4.59002e-06 -3.12856e-07 0.00123058 -0.000334743 -0.00024734 -0.00101683 -0.000357785 -0.000117088 -0.000235469 8.9613e-05 0.000357646 -2.21346e-05 7.19927e-06 0.000843932 -0.00063926 9.00435e-05 0.000339086 -0.000513492 6.25927e-05 7.06916e-05 0.000354228 0.000573902 0.00119442 0.000766502 0.000328531 -0.000287863 0.000579599 0.000392875 -1.46342e-05 -0.000391944 0.000183496 0.00101411 -0.000174289 -0.000147557 -9.58709e-06 5.1191e-05 0.000528797 0.000556208 -7.89183e-07 -9.42475e-05 2.46364e-06 1.15798e-06 -3.33926e-05 -0.000198859 -1.04717e-05 -6.14211e-06 1.12682e-05 7.30193e-05 6.47747e-05 -7.20539e-05 0.000193847 5.6881e-05 2.36784e-05 0.00029492
internal_weight=1.75052e+06 151194 12977 138217 25056 113161 27345 1843 1.59932e+06 1.54074e+06 596 11134 10001 1148 10966 58579 26073 2631 2019 32506 31031 1089 1475 85816 8520 9929 77296 76581 6914 4884 1384 1030 3500 1013 2487 2167 1311 1019 730 1318 2030 8853 6539 16379 1843 1815 1.54015e+06 51802 1.48835e+06 1.48193e+06 335476 40817 294659 19972 1.14646e+06 173168 171264 158163 9678 169226 133340 17380
internal_count=1750517 151194 12977 138217 25056 113161 27345 1843 1599323 1540744 596 11134 10001 1148 10966 58579 26073 2631 2019 32506 31031 1089 1475 85816 8520 9929 77296 76581 6914 4884 1384 1030 3500 1013 2487 2167 1311 1019 730 1318 2030 8853 6539 16379 1843 1815 1540148 51802 1488346 1481934 335476 40817 294659 19972 1146458 173168 171264 158163 9678 169226 133340 17380
is_linear=0
shrinkage=0.05


Tree=117
num_leaves=63
num_cat=0
split_feature=35 39 3 39 40 32 31 3 6 39 36 20 40 32 36 39 38 32 36 40 31 38 2 31 3 3 38 5 34 40 31 6 31 34 34 35 40 31 3 36 36 39 2 31 2 35 3 31 35 31 36 40 31 39 31 39 32 38 3 38 33 31
split_gain=0.196661 0.796996 0.506027 0.483039 0.364642 0.291058 0.660179 0.625572 0.275838 0.238077 0.546931 1.10873 0.56854 0.539429 0.665003 0.682404 0.486962 0.466407 0.608541 0.551606 0.703106 1.07843 0.749612 1.0445 0.638052 0.554875 0.47585 0.46942 0.935619 0.553167 1.23241 0.753772 0.516653 0.519028 0.924802 0.673332 0.87096 0.58372 1.00433 0.660815 0.615968 0.538735 0.514271 0.476003 1.67904 0.468986 2.24956 0.947914 0.617284 1.28675 0.563357 0.467523 0.629164 0.541341 0.466911 0.465122 0.460031 0.453621 0.580787 0.452064 0.428381 0.54777
threshold=3.5000000000000004 58.907658883975877 5795.7500000000009 3.3083412633346394 14.081108054827103 1.0000000180025095e-35 12.500000000000002 7058.6500000000005 182.05000000000004 66.295399052495284 7.5000000000000009 956.50000000000011 82.558054760368734 1.0000000180025095e-35 6.5000000000000009 97.498674396668335 78.607926211105777 1.0000000180025095e-35 3.5000000000000004 73.451096162149057 1.0000000180025095e-35 49.066274464961069 1.6050000000000002 4.5000000000000009 6059.5500000000011 5795.7500000000009 19.289937145259795 178.12850000000003 5.5000000000000009 52.18920948513891 1.5000000000000002 180.95000000000002 13.500000000000002 3.5000000000000004 5.5000000000000009 1.0000000180025095e-35 36.852997317631555 10.500000000000002 8836.1000000000022 1.5000000000000002 1.5000000000000002 0.034812904843917504 1.0900000000000003 2.5000000000000004 1.3250000000000004 1.5000000000000002 7151.2500000000009 3.5000000000000004 2.5000000000000004 5.5000000000000009 5.5000000000000009 70.689942686976934 8.5000000000000018 46.440087870682852 9.5000000000000018 28.281628396118492 2.5000000000000004 56.090379144572857 6304.4500000000016 64.11639923839904 1.5000000000000002 4.5000000000000009
decision_type=2 2 2 2 2 2 2 2 2 2 2 2 2 2 2 2 2 2 2 2 2 2 2 2 2 2 2 2 2 2 2 2 2 2 2 2 2 2 2 2 2 2 2 2 2 2 2 2 2 2 2 2 2 2 2 2 2 2 2 2 2 2
left_child=9 2 -2 4 8 7 -7 -5 -4 10 17 12 -12 14 15 16 -11 19 27 26 21 24 23 -22 -21 -23 -1 29 -29 32 31 -31 33 35 37 36 42 38 40 -40 -35 -36 -19 44 -37 -28 47 -47 49 -49 60 -20 53 -53 -52 59 -39 58 -46 -14 -48 -62
right_child=1 -3 3 5 -6 6 -8 -9 -10 13 11 -13 55 -15 -16 -17 -18 18 51 20 22 25 -24 -25 -26 -27 45 28 -30 30 -32 -33 -34 34 41 43 -38 56 39 -41 -42 -43 -44 -45 57 46 50 48 -50 -51 54 52 -54 -55 -56 -57 -58 -59 -60 -61 61 -63
leaf_value=0.00015015317205291167 -0.0019051948095225133 -0.00014215144125360497 0.0024214711015542465 -0.00049921665572069869 -2.7800356241042577e-05 0.00056955888292413177 -0.0011747754724827221 0.00027220789961761711 0.00066655263663666846 8.355142841894351e-05 -0.00030434208098714666 0.00056686480184434584 -0.0034307853555446857 -3.7238785559359117e-05 0.00036153096203216844 0.00064197490224553145 -5.8838354891916562e-05 -0.0014360422671266357 -0.00017749892834853639 -0.0021909128973161599 -0.00059847921196326569 0.00086720592171197141 2.7035617314835484e-05 -0.00011360142745401763 0.0010787887734173339 -0.00067498816005054883 -8.434509736487243e-06 -2.0075572793655372e-05 -0.0010213973307106065 0.0019360552435751619 0.00015755468398136383 -0.00021558979223639405 0.00058369274570278654 -0.00018132871873731245 -0.0023399086331094927 3.0854117555075855e-05 -2.3520171109143461e-05 -0.0010032411916397858 -0.0024559140081922277 -0.00032816042673525323 -0.0016612057301602157 0.00013809962249665866 -0.00023662647373947767 0.00017409920657033331 -0.0030008052634658126 -0.00026231255198443511 -9.0457083027147282e-05 -0.0016310038747389521 -0.00049305783633984621 0.00057306796346103786 0.0011722568140437664 -0.0042585540779360928 0.000636127832683928 -0.0011103932139304915 0.00019795116039628306 -0.00040777846866631764 0.0017852622115233363 0.00032013409274229564 -0.00069443009048614744 -0.001237565073929252 0.0016551380411012628 0.00017299862052600219
leaf_weight=41278 264 19727 587 3278 413 9053 577 13254 362 195257 16959 3461 320 200104 18195 4784 86710 2145 17098 579 19332 4212 23685 26104 201 677 674406 49606 2448 1566 101099 550 3887 3896 225 12513 9034 234 1264 513 858 8713 1532 55316 763 9182 76314 4692 3846 771 1456 220 265 360 7910 1129 402 215 425 884 719 4688
leaf_count=41278 264 19727 587 3278 413 9053 577 13254 362 195257 16959 3461 320 200104 18195 4784 86710 2145 17098 579 19332 4212 23685 26104 201 677 674406 49606 2448 1566 101099 550 3887 3896 225 12513 9034 234 1264 513 858 8713 1532 55316 763 9182 76314 4692 3846 771 1456 220 265 360 7910 1129 402 215 425 884 719 4688
internal_value=5.58547e-07 0.00010089 0.000273428 0.000294325 0.00121235 0.000246532 0.000465044 0.000119248 0.00175205 -2.24078e-06 -1.43794e-05 -0.000257182 -0.000405016 2.65514e-05 6.84101e-05 4.98109e-05 3.9764e-05 -9.6785e-06 4.72917e-05 -2.70944e-05 -0.000157119 0.000378198 -0.000201023 -0.000319906 -0.00134834 0.000653652 -1.53108e-05 6.69317e-05 -6.71658e-05 0.000100957 0.00018255 0.00137679 1.83396e-05 -4.07317e-06 -0.000263564 4.69269e-05 -0.00028757 -0.000686686 -0.000827499 -0.00184166 -0.000448416 7.57197e-05 -0.000936313 0.000108341 -0.00015305 -2.40228e-05 -0.000119962 -0.000622773 -0.000978315 -0.00131994 -1.78893e-05 -0.000234238 -0.00138231 -0.00230452 0.000349413 -0.00113684 0.000759303 -0.00179324 -0.00217571 -0.00182048 -5.99856e-05 0.000370087
internal_weight=1.75052e+06 47515 27788 27524 1362 26162 9630 16532 949 1.703e+06 1.19795e+06 22753 19292 505050 304946 286751 281967 1.1752e+06 275147 900052 74790 5669 69121 45436 780 4889 825262 257204 52054 205150 103215 2116 101935 98048 16105 81943 12711 7167 6531 1777 4754 8938 3677 69232 13916 783984 109578 18491 9309 5463 91087 17943 845 580 9366 2333 636 1403 1188 1204 81721 5407
internal_count=1750517 47515 27788 27524 1362 26162 9630 16532 949 1703002 1197952 22753 19292 505050 304946 286751 281967 1175199 275147 900052 74790 5669 69121 45436 780 4889 825262 257204 52054 205150 103215 2116 101935 98048 16105 81943 12711 7167 6531 1777 4754 8938 3677 69232 13916 783984 109578 18491 9309 5463 91087 17943 845 580 9366 2333 636 1403 1188 1204 81721 5407
is_linear=0
shrinkage=0.05


Tree=118
num_leaves=63
num_cat=0
split_feature=0 36 38 38 35 38 3 26 28 20 19 24 31 33 19 34 6 0 0 3 38 34 31 31 38 38 36 36 36 31 32 31 34 5 32 31 38 31 38 38 3 35 38 31 34 34 34 35 7 31 31 33 18 20 20 19 31 36 20 0 19 24
split_gain=0.217298 0.247224 0.229355 0.273968 0.253225 0.319557 0.196645 0.209119 0.217134 0.322223 0.326203 0.290782 0.284719 0.588519 0.459508 0.282066 0.244414 0.242599 0.23546 0.934357 0.337902 0.389337 0.443739 0.323113 0.495834 0.404472 0.278444 0.457401 0.31652 0.27525 0.560136 0.421367 0.362925 0.430622 0.864304 0.413582 0.495904 0.651518 0.428529 0.322271 0.292283 0.285451 0.228543 0.222136 0.398028 0.396741 0.259791 0.221688 0.221513 0.219079 0.278751 0.215465 0.276973 0.316724 0.213175 0.414267 0.306211 0.345294 0.328593 0.255765 0.232493 0.251661
threshold=29518.654949670719 1.0000000180025095e-35 33.747208466811323 59.055807589246527 1.0000000180025095e-35 74.941662324295109 13821.800000000001 5.0500000000000007 19.350000000000005 819.50000000000011 90750.000000000015 3.0500000000000003 1.5000000000000002 1.0000000180025095e-35 79150.000000000015 4.5000000000000009 201.30000000000004 417120.72226864804 61562.3853665934 9541.2500000000018 56.30477383953572 3.5000000000000004 7.5000000000000009 4.5000000000000009 24.102763238554925 89.826257932106444 5.5000000000000009 7.5000000000000009 3.5000000000000004 10.500000000000002 1.5000000000000002 7.5000000000000009 1.5000000000000002 160.18800000000002 1.0000000180025095e-35 3.5000000000000004 20.815634745584322 4.5000000000000009 38.716362160956429 44.77140364383569 7099.2000000000016 1.0000000180025095e-35 19.289937145259795 7.5000000000000009 3.5000000000000004 5.5000000000000009 2.5000000000000004 1.5000000000000002 9.2000000000000011 14.500000000000002 11.500000000000002 1.0000000180025095e-35 39039.500000000007 846.50000000000011 843.50000000000011 172150.00000000003 8.5000000000000018 1.5000000000000002 1025.5000000000002 95333.484160635562 183550.00000000003 8.3500000000000032
decision_type=2 2 2 2 2 2 2 2 2 2 2 2 2 2 2 2 2 2 2 2 2 2 2 2 2 2 2 2 2 2 2 2 2 2 2 2 2 2 2 2 2 2 2 2 2 2 2 2 2 2 2 2 2 2 2 2 2 2 2 2 2 2
left_child=1 -1 -3 -4 5 -5 7 -2 9 12 11 -11 13 14 -9 17 -14 -12 19 20 29 22 -22 24 -21 26 28 -28 43 30 32 -32 33 -10 35 -35 -37 38 -38 -31 -39 48 -13 44 46 -45 -25 51 -34 50 -29 52 53 -44 60 56 57 58 -56 -59 61 -20
right_child=6 2 3 4 -6 -7 -8 8 18 10 15 42 16 -15 -16 -17 -18 -19 54 23 21 -23 -24 25 -26 -27 27 49 -30 39 31 -33 41 34 -36 36 37 40 -40 -41 -42 -43 47 45 -46 -47 -48 -49 -50 -51 -52 -53 -54 -55 55 -57 -58 59 -60 -61 -62 -63
leaf_value=-0.0004047564639233355 -9.2418992069334257e-05 0.00088259343680301659 -0.00015908683495662382 0.0013239703364036179 0.0016257418880383295 -0.0004837544496195357 0.00023084618430110643 -0.00087241201838740535 -0.00036093189006572391 -0.00094001284832542732 0.0001938407124356519 0.0016937284667063767 -0.0002228890672653196 0.0011124716999736084 0.00020440639554804253 -0.00026794290799329065 1.2979942734191349e-05 -0.00044238255436338978 -0.00019884440868502137 0.0026213538387710495 -0.0001264781953609077 -0.00097300437869662307 0.00068006802789101375 0.00057894236371097371 0.00051191595721223335 0.0016549578255652911 0.001377696261236088 0.00033681561785507257 -0.00064472111157115835 -0.00038863936630281195 0.0023831237298126591 1.2989278409240302e-05 0.00082159537628386566 0.00069586190462830801 0.0013109172921498872 0.00022062816659529808 -0.0035144164880973254 -5.8125110891758602e-05 -0.0012838200588490833 -0.0020850630826993607 -0.001719398448288102 -0.0010565466501492276 -5.9427053166559045e-05 -0.0012857092353884703 0.0024258774189091061 0.00026740004744827257 -0.00099138037830790154 -0.00097830871629161391 -0.00073353533382471397 0.00075585365803418542 -0.0014970048757184087 7.6329638113817517e-05 0.00033566478080494571 0.0016926790560991068 -0.00012550960131433504 -4.0061027025387331e-07 -0.00017143180986542921 0.0019931264775223099 0.00047236504711538178 0.00038050462723987239 8.2755399681873809e-05 0.00015091313401173324
leaf_weight=1082 61375 1814 2204 414 507 597 9133 1113 9835 311 35175 463 14216 1620 9017 4154 48296 1565 37761 318 12862 1154 1966 1232 2247 414 922 419 1982 612 309 477 1218 224 343 339 654 469 321 516 608 350 329 613 241 1249 335 232 282 499 410 1307 1377 1194 8174 1420214 5122 250 3197 14905 14025 5954
leaf_count=1082 61375 1814 2204 414 507 597 9133 1113 9835 311 35175 463 14216 1620 9017 4154 48296 1565 37761 318 12862 1154 1966 1232 2247 414 922 419 1982 612 309 477 1218 224 343 339 654 469 321 516 608 350 329 613 241 1249 335 232 282 499 410 1307 1377 1194 8174 1420214 5122 250 3197 14905 14025 5954
internal_value=5.30619e-07 0.000286495 0.000421599 0.000196923 0.000713817 0.000256501 -5.546e-07 -1.77285e-06 1.55178e-06 6.62461e-05 0.000170069 0.00054256 1.78598e-06 0.000227604 8.60946e-05 0.000122585 -4.06596e-05 0.00016674 -3.46244e-06 -0.000118258 -0.000252385 -8.83867e-05 -1.95407e-05 0.000282838 0.000773437 0.000131518 5.17018e-05 0.000522116 -0.000135565 -0.000410687 -0.000355565 0.00094476 -0.000425363 -0.000520022 -0.00104898 -0.00135852 -0.00155098 -0.00184366 -0.00278004 -0.00116466 -0.000995966 0.000229219 0.00063662 0.000139407 0.000534171 -0.000243908 0.000243232 0.00052636 0.000529231 -7.1894e-05 -0.00057014 0.000609337 0.000849558 0.00131419 -1.60618e-07 3.58637e-06 0.000182503 0.000250846 4.25851e-05 0.000407107 -9.43779e-05 -0.000151207
internal_weight=1.75052e+06 6618 5536 3722 1518 1011 1.7439e+06 1.73477e+06 1.67339e+06 120369 46107 5213 74262 11750 10130 40894 62512 36740 1.55302e+06 43420 32539 15982 14828 10881 2565 8316 7902 2250 5652 16557 15429 786 14643 12793 2958 2615 2391 2052 975 1128 1077 1850 4902 3670 1808 1862 1567 4439 1500 1328 829 4207 2900 1523 1.5096e+06 1.45186e+06 31648 26526 11371 15155 57740 43715
internal_count=1750517 6618 5536 3722 1518 1011 1743899 1734766 1673391 120369 46107 5213 74262 11750 10130 40894 62512 36740 1553022 43420 32539 15982 14828 10881 2565 8316 7902 2250 5652 16557 15429 786 14643 12793 2958 2615 2391 2052 975 1128 1077 1850 4902 3670 1808 1862 1567 4439 1500 1328 829 4207 2900 1523 1509602 1451862 31648 26526 11371 15155 57740 43715
is_linear=0
shrinkage=0.05


Tree=119
num_leaves=63
num_cat=0
split_feature=0 40 40 38 40 17 31 33 3 0 20 18 20 24 23 19 29 19 0 40 36 38 17 38 0 0 33 3 17 18 38 35 40 35 0 2 34 35 0 6 33 3 31 38 40 3 36 34 35 0 38 3 40 5 7 3 35 38 38 34 3 40
split_gain=0.196111 0.272253 0.351388 0.2635 0.390091 0.214937 0.214888 0.273356 0.181472 0.292341 0.237219 0.434169 0.464893 0.431664 0.44779 0.360759 0.283276 0.275779 0.434432 0.375296 0.256104 0.370043 0.241891 0.232671 0.222098 0.26867 0.212197 0.313711 0.20448 0.201696 0.204697 0.187027 0.420564 0.44987 0.224193 0.418053 0.358961 0.309012 0.303503 0.273311 0.366534 0.236571 0.222136 0.433597 0.897237 0.805218 0.810581 0.94222 0.509041 0.76504 0.567839 0.647294 0.625224 0.609898 0.535421 0.506394 0.898752 0.488019 0.478803 0.477433 0.683505 1.26297
threshold=29518.654949670719 18.942598687307072 73.787644704468065 33.747208466811323 36.616424594725302 24635.500000000004 3.5000000000000004 1.0000000180025095e-35 13721.400000000003 101874.35345268053 622.50000000000011 25507.000000000004 882.50000000000011 7.0500000000000007 6.9500000000000011 75250.000000000015 38.65382324326562 69750.000000000015 92253.674077075164 46.797021942210385 3.5000000000000004 41.028922672855167 19164.500000000004 28.630720474891238 56762.732662321359 114944.57587558632 2.5000000000000004 12453.200000000003 14300.500000000002 21192.500000000004 66.375483065984909 3.5000000000000004 33.575848441249398 5.5000000000000009 198533.42990220393 1.0900000000000003 2.5000000000000004 4.5000000000000009 417120.72226864804 189.85000000000002 1.0000000180025095e-35 6284.5000000000009 3.5000000000000004 58.055018653987837 38.173284563123651 8836.1000000000022 1.5000000000000002 1.0000000180025095e-35 1.0000000180025095e-35 228868.4955364714 11.901165137094319 7204.4500000000007 39.859553732982057 141.57900000000004 5.3500000000000005 8462.3000000000011 1.0000000180025095e-35 67.673301521217198 39.359357318119969 1.5000000000000002 11761.400000000003 54.016470180854661
decision_type=2 2 2 2 2 2 2 2 2 2 2 2 2 2 2 2 2 2 2 2 2 2 2 2 2 2 2 2 2 2 2 2 2 2 2 2 2 2 2 2 2 2 2 2 2 2 2 2 2 2 2 2 2 2 2 2 2 2 2 2 2 2
left_child=1 -1 3 5 -5 6 -3 -8 10 -10 15 12 13 17 16 29 -15 20 19 -19 21 23 -17 -12 -16 -26 31 -28 -11 30 -2 42 34 -34 35 -33 38 -37 -36 40 -40 -39 43 45 55 46 48 -48 -13 50 51 -50 -52 -54 58 56 57 -45 -55 60 61 -47
right_child=8 2 -4 4 -6 -7 7 -9 9 28 11 26 -14 14 24 22 -18 18 -20 -21 -22 -23 -24 -25 25 -27 27 -29 -30 -31 -32 32 33 -35 36 37 -38 41 39 -41 -42 -43 -44 44 -46 59 47 -49 49 -51 52 -53 53 54 -56 -57 -58 -59 -60 -61 -62 -63
leaf_value=-0.00043722216955696495 -0.00074136737461993505 0.0022999036549659125 -0.00072596040949147349 -0.00030284797716112851 0.00076487496691057789 -0.00026342433569571504 -0.00012683265379404048 0.0018637732815363313 0.00065613444067558896 0.00022101528388099157 0.00039594143181461696 -0.0001939919234316489 -0.00060593990954277432 0.0039396644802294645 -0.00038350528374797316 -1.9947517702629827e-05 0.001410407618011927 0.0029433227385826611 4.499833353576676e-05 0.00065518865558351316 -0.0013134528920135304 0.00092343229278711841 -0.00063685007010885004 -0.0015854852539967232 0.0022466948582201625 0.00043817776204489023 0.0005201658551020784 -1.7716531430115989e-05 -6.5187634214256115e-05 -0.00038030316946271135 -0.0025118647429904599 -0.00029635863702438852 -0.00017061274339712806 0.00069011533104033278 -0.00011938107574068033 0.00085897154685994647 0.00048856052214906365 -0.0011984851796323465 -0.0010907382053358355 -0.00022334992616157716 0.00083180900571342906 0.00033397486679081844 -2.013521617167802e-05 0.00029768819388358882 2.8559860487360398e-05 0.00046524968986705339 -0.00016877525706659636 0.000432014216149844 0.0016763495929719993 -0.00026393900150137724 -8.3325913225917067e-05 -0.00042426606142154701 0.00057515155624084167 0.0014091485738619827 -0.00044782654694950925 -5.4102157235445663e-05 8.1625537067080037e-05 0.00089902029003145973 -6.1100947846579688e-05 -0.00025813546452835068 1.882034328898669e-05 -0.00056555780191570599
leaf_weight=1123 588 437 599 1442 2103 224 340 350 2385 12379 258 102546 916 217 303 24135 226 324 930 401 368 742 1701 348 353 491 4812 6208 12586 4690 226 1542 16688 1670 11746 4326 5222 296 274 1306 2604 1688 1015094 5433 304536 24588 11506 15078 1152 20361 24764 538 9350 920 3661 7789 11777 8903 1391 7970 40213 3380
leaf_count=1123 588 437 599 1442 2103 224 340 350 2385 12379 258 102546 916 217 303 24135 226 324 930 401 368 742 1701 348 353 491 4812 6208 12586 4690 226 1542 16688 1670 11746 4326 5222 296 274 1306 2604 1688 1015094 5433 304536 24588 11506 15078 1152 20361 24764 538 9350 920 3661 7789 11777 8903 1391 7970 40213 3380
internal_value=5.04088e-07 0.00027217 0.000417147 0.000557 0.000330557 0.00115118 0.00143235 0.000882895 -5.2687e-07 0.000127253 -2.56281e-06 -2.80336e-08 0.000428977 0.000620065 0.00129917 -0.000138862 0.00264934 0.00029975 0.000760251 0.00167775 -0.000144382 0.000174771 -6.05634e-05 -0.000741908 0.000777704 0.00119458 -1.52938e-06 0.000217156 7.67273e-05 -0.0005064 -0.00123293 -2.9739e-06 9.49647e-05 -9.23136e-05 0.000213502 0.000441661 0.000128805 0.000622014 1.0874e-05 0.000376547 0.000648773 0.000105342 -5.83554e-06 1.81232e-05 5.57228e-05 -2.94621e-05 -8.42077e-05 0.000171982 -0.000125563 -1.26341e-05 0.000109848 0.00100763 7.19981e-05 0.000323039 -7.16791e-05 0.000299723 0.000405263 0.00067113 0.0005242 0.000108041 0.000150845 0.000340674
internal_weight=1.75052e+06 6618 5495 4896 3545 1351 1127 690 1.7439e+06 27350 1.71655e+06 1.68521e+06 5877 4961 1590 31340 443 3371 1655 725 1716 1348 25836 606 1147 844 1.67933e+06 11020 24965 5504 814 1.66831e+06 47362 18358 29004 7852 21152 6310 15930 4184 2878 1984 1.62095e+06 605856 338438 267418 191267 26584 164683 62137 41776 1690 40086 15322 5972 33902 26113 14336 2311 76151 68181 27968
internal_count=1750517 6618 5495 4896 3545 1351 1127 690 1743899 27350 1716549 1685209 5877 4961 1590 31340 443 3371 1655 725 1716 1348 25836 606 1147 844 1679332 11020 24965 5504 814 1668312 47362 18358 29004 7852 21152 6310 15930 4184 2878 1984 1620950 605856 338438 267418 191267 26584 164683 62137 41776 1690 40086 15322 5972 33902 26113 14336 2311 76151 68181 27968
is_linear=0
shrinkage=0.05


Tree=120
num_leaves=63
num_cat=0
split_feature=35 32 28 20 19 21 0 27 40 24 3 17 0 32 0 20 3 17 19 33 38 0 40 36 35 36 22 20 21 20 27 27 0 40 3 29 33 19 38 36 27 38 32 36 36 38 17 29 29 20 28 0 21 38 38 35 40 40 40 29 19 26
split_gain=0.183714 0.248652 0.176465 0.268262 0.533081 0.560084 0.356965 0.337074 0.316075 0.319554 0.319304 0.279403 0.273288 0.2299 0.377614 0.43979 0.274905 0.351841 0.396985 0.421467 0.376871 0.348452 0.274422 0.258882 0.28914 0.343453 0.502943 0.331241 0.228516 0.265407 0.226536 0.224492 0.21886 0.216818 0.216671 0.320146 0.215712 0.213803 0.579128 0.220662 0.220046 0.208249 0.203177 0.202467 0.197273 0.204677 0.194014 0.209918 0.193337 0.210367 0.19125 0.190494 0.188722 0.187726 0.201742 0.18492 0.184066 0.178147 0.182146 0.227594 0.333971 0.187967
threshold=5.5000000000000009 1.0000000180025095e-35 13.350000000000003 840.50000000000011 144350.00000000003 1676.5000000000002 98207.391301986616 29.650000000000002 51.290236818144457 7.8500000000000005 12632.85 1688.0000000000002 73053.949802682371 1.0000000180025095e-35 105539.9605940687 622.50000000000011 13492.650000000003 31674.500000000004 81550.000000000015 1.0000000180025095e-35 29.825067980824642 334583.71056835965 85.535765705991238 1.5000000000000002 1.0000000180025095e-35 3.5000000000000004 2351.5000000000005 851.50000000000011 6979.5000000000009 730.50000000000011 29.650000000000002 35.150000000000013 190229.30343593637 69.148212003346018 12772.600000000002 50.733968565154413 1.0000000180025095e-35 79150.000000000015 73.92746179203219 7.5000000000000009 32.250000000000007 18.455718110729965 4.5000000000000009 3.5000000000000004 1.5000000000000002 46.358585636761923 13954.500000000002 70.000951112801985 67.751415251415267 1075.5000000000002 20.850000000000005 65893.401104170844 6713.5000000000009 54.369242558095948 69.34849689226867 1.5000000000000002 87.605647193175542 80.436591312690567 72.453806280537435 42.065067214122209 128750.00000000001 6.3500000000000005
decision_type=2 2 2 2 2 2 2 2 2 2 2 2 2 2 2 2 2 2 2 2 2 2 2 2 2 2 2 2 2 2 2 2 2 2 2 2 2 2 2 2 2 2 2 2 2 2 2 2 2 2 2 2 2 2 2 2 2 2 2 2 2 2
left_child=2 -2 13 8 5 -5 31 52 9 10 32 -10 50 16 15 42 17 18 19 23 -21 28 43 -1 25 27 -27 -25 29 -19 -14 -7 -4 36 35 53 -9 38 40 51 -13 -20 56 -17 45 -22 47 -42 49 55 -12 -39 -8 -11 -55 57 -15 58 59 60 -43 -62
right_child=1 -3 3 4 -6 6 7 33 11 34 12 37 30 14 -16 22 -18 21 41 20 44 -23 -24 24 -26 26 -28 -29 -30 -31 -32 -33 -34 -35 -36 -37 -38 39 -40 -41 46 48 -44 -45 -46 -47 -48 -49 -50 -51 -52 -53 -54 54 -56 -57 -58 -59 -60 -61 61 -63
leaf_value=-0.00088634458948811323 -5.2600654444794009e-05 0.00069465506745393824 -0.00022817235829335355 -0.00022649277642331452 -2.2482353431767998e-06 0.00034621457316625379 -7.2692337422573201e-05 0.00050228839720848869 0.0001225081811533209 0.00065794558536243241 0.00045947240592490648 -0.0025748323719918739 -0.0007769542656669683 -0.00071939307976352427 5.8912188538788268e-05 0.00081340267266555267 0.00029797269193560557 0.0026086115038843776 0.0010948145740467114 0.0011098967931148676 -0.0016838041281456333 -0.00096368036511237606 0.0023589015987681705 -0.00029548421133813562 0.00049494203687611442 -0.00011049205608944452 -0.0019293553153015329 0.0017525961674133821 0.00024226839420105604 0.00075541151070794934 7.9048714092534608e-05 0.001422893316568888 0.00013337107139354553 1.4597677647833969e-05 -2.4286826305562494e-05 0.00014109215831465172 -2.4323740466058397e-05 0.00099796038235393908 0.00034994773548900832 -0.00052847558937744532 -0.0027896509863516231 0.0017034592928885208 0.0010828225937700175 -0.00011598811674573209 0.00027861023887229634 -0.0001829181681944883 -0.00018669949189661431 -0.00076406985004015809 7.0455459812940818e-05 0.00069115524089354095 0.0018706766884324531 -0.00015857095191973761 -0.0013437354411307998 0.0025997847212070459 0.0005575998573795984 -0.0011861114533398731 0.00079769781330061077 -0.00096637153105707347 0.00093674196205319421 -0.00037727169624597845 -0.001287247248567539 0.00061146044933290495
leaf_weight=2944 2226 2227 22843 5611 1525663 833 846 12045 7566 2104 1128 297 804 1087 11752 4020 7942 225 448 798 331 418 256 2295 940 720 805 216 2362 1367 19984 1156 5125 4357 4215 3721 2319 359 785 4201 227 354 262 686 1227 724 403 293 26656 571 305 43263 446 287 209 551 245 713 376 3748 247 276
leaf_count=2944 2226 2227 22843 5611 1525663 833 846 12045 7566 2104 1128 297 804 1087 11752 4020 7942 225 448 798 331 418 256 2295 940 720 805 216 2362 1367 19984 1156 5125 4357 4215 3721 2319 359 785 4201 227 354 262 686 1227 724 403 293 26656 571 305 43263 446 287 209 551 245 713 376 3748 247 276
internal_value=3.6498e-07 0.000321111 -4.52603e-07 -3.83146e-06 1.69243e-06 0.000219421 0.000333139 0.000269647 -7.64712e-05 3.04478e-06 -4.95076e-05 -0.000160602 9.19796e-05 7.42861e-05 0.000228517 0.000532542 2.49681e-05 -1.90009e-05 -6.06582e-05 -0.000321694 0.000174604 0.000409196 0.000764649 -0.000514699 -0.000294818 -0.000478756 -0.00107061 -0.000119305 0.000554331 0.00101733 4.59418e-05 0.000971977 -0.000161921 0.000323554 0.000253382 0.000438538 0.000417269 -0.00020359 -0.000709416 -0.000182383 -0.00139106 2.39439e-05 -0.00018999 0.000677924 -0.000152462 -0.000653812 -0.00101014 -0.00164831 9.61956e-06 -0.000227601 0.000759833 -0.000149053 -0.000511458 0.000864228 0.00173927 -0.000311338 -0.000440349 -0.000226984 -0.000121568 -0.000207606 0.000517489 -0.000285252
internal_weight=1.75141e+06 4453 1.74696e+06 1.6714e+06 1.55328e+06 27613 22002 20013 118119 60725 50189 57394 22221 75562 18308 6556 57254 49312 44940 11000 3080 4372 4962 7920 4976 4036 1525 2511 3954 1592 20788 1989 27968 18721 10536 6321 14364 49828 2005 47823 1220 33940 1594 4706 2282 1055 923 520 33492 6836 1433 43622 1292 2600 496 6265 1332 5714 5001 4625 877 523
internal_count=1751410 4453 1746957 1671395 1553276 27613 22002 20013 118119 60725 50189 57394 22221 75562 18308 6556 57254 49312 44940 11000 3080 4372 4962 7920 4976 4036 1525 2511 3954 1592 20788 1989 27968 18721 10536 6321 14364 49828 2005 47823 1220 33940 1594 4706 2282 1055 923 520 33492 6836 1433 43622 1292 2600 496 6265 1332 5714 5001 4625 877 523
is_linear=0
shrinkage=0.05


Tree=121
num_leaves=63
num_cat=0
split_feature=18 0 5 31 39 39 17 40 7 39 31 6 0 39 39 13 21 0 39 31 31 33 0 35 39 40 0 31 31 5 0 40 1 5 39 31 33 40 40 31 35 32 7 40 32 40 31 35 5 18 0 31 35 40 33 31 31 7 39 35 31 2
split_gain=0.178378 0.208486 0.386466 0.241366 0.290412 0.245214 0.350189 0.297167 0.215409 0.289996 0.345444 0.194286 0.622692 0.607023 0.573311 0.468444 0.449216 0.42987 0.751563 0.763671 0.795216 0.601218 0.483987 0.473213 0.591688 0.541398 0.504331 0.486598 0.628765 0.757636 0.45422 0.801367 0.446513 0.442487 0.432444 0.436214 0.42282 0.401312 0.394146 0.389013 0.386075 0.381522 0.921041 1.04086 1.04472 0.930191 0.676333 0.667339 0.677804 0.619936 0.608692 0.778943 0.562292 0.752625 0.686441 0.962483 0.667313 0.913936 0.695095 0.656751 0.617745 0.784009
threshold=155304.00000000003 969852.3837693712 187.62900000000002 4.5000000000000009 74.360375259464107 53.683904954241363 38248.500000000007 53.752680559491019 8.1500000000000004 1.3342714337819142 7.5000000000000009 167.35000000000005 334583.71056835965 1.0000000180025095e-35 92.794822233140906 0.39500000000000002 394.50000000000006 330857.96262682101 40.229062223002352 3.5000000000000004 7.5000000000000009 1.0000000180025095e-35 214974.41645203871 1.0000000180025095e-35 16.427268310526262 18.457811568005841 165960.55983981409 4.5000000000000009 5.5000000000000009 147.54450000000003 99112.95427677453 42.080145518433163 4.7350000000000012 141.85450000000003 97.987117009455048 2.5000000000000004 1.0000000180025095e-35 85.535765705991238 29.689690376900739 12.500000000000002 3.5000000000000004 1.0000000180025095e-35 5.1500000000000012 28.823499611686199 2.5000000000000004 52.18920948513891 4.5000000000000009 2.5000000000000004 137.71300000000002 40598.000000000007 122451.89343413214 10.500000000000002 1.5000000000000002 74.189245718843068 1.5000000000000002 4.5000000000000009 5.5000000000000009 7.6500000000000012 60.470449963682945 2.5000000000000004 3.5000000000000004 1.6050000000000002
decision_type=2 2 2 2 2 2 2 2 2 2 2 2 2 2 2 2 2 2 2 2 2 2 2 2 2 2 2 2 2 2 2 2 2 2 2 2 2 2 2 2 2 2 2 2 2 2 2 2 2 2 2 2 2 2 2 2 2 2 2 2 2 2
left_child=1 11 3 5 8 6 7 -3 -5 10 -10 17 13 -13 41 -14 -16 18 19 -1 21 23 37 25 33 26 -21 32 29 -29 -26 -32 38 -25 35 -20 40 -22 -27 -39 -19 52 43 46 -45 -44 -43 48 -47 -46 51 -50 53 -15 56 -56 57 58 59 60 -54 -62
right_child=-2 2 -4 4 -6 -7 -8 -9 9 -11 -12 12 15 14 16 -17 -18 36 34 20 22 -23 -24 24 30 27 -28 28 -30 -31 31 -33 -34 -35 -36 -37 -38 39 -40 -41 -42 42 45 44 49 47 -48 -49 50 -51 -52 -53 54 -55 55 -57 -58 -59 -60 -61 61 -63
leaf_value=0.0001231650138097986 -0.00034417554626798408 -0.0014707821215026804 -0.00058968894828398334 0.0003065054814658946 -0.00020108273355823447 0.00040141508894963847 0.0012655761227796931 -0.00021529370545563228 0.0029701011219919224 0.00050728475529617672 0.00067255675563897581 0.00037214454346078373 -3.4143132636082254e-05 2.7997609348691537e-05 0.00062499620359320442 -0.00022148755344491528 0.00012839025782642211 5.8000410413340683e-05 -0.00018247974188821691 -0.0020449343321271166 -0.00016738489270983625 0.00077974041270095209 0.00023299525640193839 -0.00016328098330006702 -0.00083833922795437338 0.00062551100552475734 -0.00036334898300658357 0.0016813441981616631 -0.00025467845185338765 6.6422801064313172e-05 0.00017937967664478709 -0.00079716005428262125 -0.00023724288087198744 -0.0012027607248641836 -0.00053049603227242376 2.8472603039472451e-05 0.00044464131456721924 -0.0023771872526061315 -0.0017776130225211951 0.00027392484916275155 -0.00091956098999272727 -0.00013199916415866363 9.5169931485564242e-06 -4.4835181300264454e-05 0.00027100478606002288 0.00063027914574671036 0.00060824385204757709 -0.00045841958211385501 0.00071637305100090442 -0.00071242553820881252 0.00011812514758249229 -5.3133992313162559e-06 -0.00033000572903049832 -0.00012592552562551337 0.0021114212478887152 0.0001572809288788984 -4.3264082961573657e-05 0.0003601606813462181 3.6119740678966809e-06 0.00026795899066576746 -0.00046707618211987904 -0.0012899617326667028
leaf_weight=15984 3749 742 1574 9838 2283 1332 263 1292 302 1889 357 12328 195898 659720 4961 40217 55476 52028 28274 743 21704 1004 8904 1265 4417 207 1115 1173 4295 1907 5189 3530 3690 5369 3907 183880 7310 402 971 211 1030 4723 59517 66614 1910 13291 8901 2946 11403 9954 37051 5563 8344 90285 736 4380 50210 4168 6971 2118 5577 6018
leaf_count=15984 3749 742 1574 9838 2283 1332 263 1292 302 1889 357 12328 195898 659720 4961 40217 55476 52028 28274 743 21704 1004 8904 1265 4417 207 1115 1173 4295 1907 5189 3530 3690 5369 3907 183880 7310 402 971 211 1030 4723 59517 66614 1910 13291 8901 2946 11403 9954 37051 5563 8344 90285 736 4380 50210 4168 6971 2118 5577 6018
internal_value=3.46731e-07 1.08578e-06 0.000162115 0.000226785 0.000317108 -0.000138316 -0.000451299 -0.000673294 0.000412622 0.000822345 0.00172545 -7.66275e-07 7.81298e-06 2.32043e-05 1.93663e-05 -6.60531e-05 0.000169154 -3.35337e-05 -5.81703e-05 -0.000186969 -0.000261969 -0.000426062 -7.86702e-05 -0.000461804 -0.00061964 -0.000240514 -0.0010358 -0.000119821 0.000136277 0.000681456 -0.000425253 -0.000215985 -0.000507808 -0.00100455 -9.24062e-06 3.58749e-07 8.81398e-05 -0.000203018 -0.00135533 -0.00146465 3.90233e-05 1.08292e-05 6.91336e-05 -5.17901e-05 -0.000121824 0.000154956 0.000351626 0.000278168 0.000310408 -0.000554102 0.000231703 0.000479739 -4.59803e-06 9.46847e-06 -0.000123777 0.000438408 -0.00015826 -0.000332196 -0.000431608 -0.000569157 -0.000658079 -0.000894168
internal_weight=1.75141e+06 1.74766e+06 19872 18298 14669 3629 2297 2034 12386 2548 659 1.72779e+06 1.36928e+06 1.13316e+06 1.12084e+06 236115 60437 358509 298141 82080 66096 34875 31221 33871 19770 14101 1858 12243 7375 3080 13136 8719 4868 6634 216061 212154 60368 22317 1178 613 53058 1.0604e+06 221873 92102 78478 129771 13624 70254 67308 11864 54017 16966 838527 750005 88522 5116 83406 33196 29028 22057 19939 11595
internal_count=1751410 1747661 19872 18298 14669 3629 2297 2034 12386 2548 659 1727789 1369280 1133165 1120837 236115 60437 358509 298141 82080 66096 34875 31221 33871 19770 14101 1858 12243 7375 3080 13136 8719 4868 6634 216061 212154 60368 22317 1178 613 53058 1060400 221873 92102 78478 129771 13624 70254 67308 11864 54017 16966 838527 750005 88522 5116 83406 33196 29028 22057 19939 11595
is_linear=0
shrinkage=0.05


Tree=122
num_leaves=63
num_cat=0
split_feature=3 35 32 38 1 0 32 34 36 31 3 31 39 10 36 39 40 31 40 0 40 6 30 31 3 34 0 35 39 36 39 35 18 18 32 0 3 3 39 39 35 7 34 31 18 31 39 0 32 35 39 34 3 36 5 32 0 36 34 36 0 40
split_gain=0.169047 0.16991 0.219725 0.172734 0.445637 0.355353 0.277093 0.508708 0.266166 0.232531 0.282149 0.266683 0.391037 0.385649 0.379148 0.425111 0.35179 0.287558 0.263453 0.213124 0.41841 0.199503 0.210071 0.271052 0.303746 0.21264 0.203381 0.190413 0.216862 0.204732 0.186969 0.253903 0.179408 0.177402 0.250781 0.236734 0.32692 0.275559 0.769291 0.248933 0.302495 0.407141 0.345705 0.234461 0.287602 0.232455 0.185508 0.981743 0.853612 0.586134 0.551882 0.549738 0.529494 0.522915 0.544484 0.499509 0.642316 0.987453 0.939026 0.852401 1.15722 0.697676
threshold=13821.800000000001 5.5000000000000009 1.0000000180025095e-35 19.289937145259795 5.8350000000000009 181280.83056974891 2.5000000000000004 1.5000000000000002 4.5000000000000009 1.0000000180025095e-35 5732.6000000000013 1.5000000000000002 24.867464856855111 0.29499999999999954 1.0000000180025095e-35 15.763643920596115 29.689690376900739 6.5000000000000009 16.006509382213746 69622.077091720173 9.8679282432463129 163.00000000000003 0.0005743600293249021 4.5000000000000009 9071.4500000000025 1.0000000180025095e-35 50704.727665662751 1.5000000000000002 27.257703399610858 1.0000000180025095e-35 5.1522609290423373 3.5000000000000004 32475.500000000004 128085.50000000001 18.500000000000004 969852.3837693712 13492.650000000003 6237.3000000000002 0.034812904843917504 1.3342714337819142 1.5000000000000002 8.9000000000000021 4.5000000000000009 12.500000000000002 97297.500000000015 1.5000000000000002 66.295399052495284 146587.63418879581 1.0000000180025095e-35 1.5000000000000002 75.973460177267768 1.5000000000000002 5515.2000000000016 8.5000000000000018 148.53300000000004 1.0000000180025095e-35 301049.8328867791 3.5000000000000004 3.5000000000000004 5.5000000000000009 123280.95263242697 52.508101714718535
decision_type=2 2 2 2 2 2 2 2 2 2 2 2 2 2 2 2 2 2 2 2 2 2 2 2 2 2 2 2 2 2 2 2 2 2 2 2 2 2 2 2 2 2 2 2 2 2 2 2 2 2 2 2 2 2 2 2 2 2 2 2 2 2
left_child=1 3 -3 4 6 8 19 -8 -6 10 -7 13 18 14 -11 -16 27 -18 -13 20 32 -22 -23 25 -25 -24 -26 28 -14 -30 31 -21 -1 35 -35 46 37 38 -37 40 42 -42 43 44 -39 -40 53 49 51 52 -51 -49 -48 55 -55 -5 58 -58 -57 61 -61 -60
right_child=-2 2 -4 33 5 9 7 -9 -10 11 -12 12 16 -15 15 -17 17 -19 -20 30 21 22 23 24 26 -27 -28 -29 29 -31 -32 -33 -34 34 -36 36 -38 39 45 -41 41 -43 -44 -45 -46 -47 47 48 -50 50 -52 -53 -54 54 -56 56 57 -59 59 60 -62 -63
leaf_value=0.0010675283966505096 0.00021390743713307504 -4.3644083569124274e-05 0.00065880314259219382 -3.1240553987448897e-05 0.00016443385992921913 -0.0017667743703174801 0.00019868902722570064 -0.0014934327064378861 -0.0012501180859206132 -0.00064429262162436199 0.00040352721536085788 -0.00020904952309873127 -0.001807646298221266 0.0022806791368209338 -0.0013491853725396807 0.0012020221855793371 -0.00093237543447425458 -0.0032217920458110297 0.00075533842699650135 0.00039516719572398913 -0.00040745206485193788 5.557796253254454e-06 0.0013981390925487042 -0.00050217573506433481 0.0021743503930741516 0.0035345927665114819 0.00053512672646270209 -7.9835159985826409e-05 -0.0015768221229065767 -0.00037911480202456493 0.00013285026918021797 0.0020198017294616637 -0.00047831231007213962 -0.00026160632506535181 0.0011259688700853989 -0.0031016974942992093 -0.00069474897723260281 -0.00070122946169075794 0.00099220972447235296 0.00018065009072716675 0.00075752217764657372 0.002983969715432023 0.001641141710268556 0.00074496321319462121 0.0010938320336387271 -0.00039754970930132565 -0.00018424199439611566 0.00010864355423858109 -0.00012854666725999593 0.00014186741939316999 0.00087839971556792672 -7.240250417143064e-05 0.00011793749680512177 -0.00067961699522204851 -4.214542319104961e-05 0.00018489945497240774 -1.7807708276451924e-05 -0.0007683132932976137 -0.00030510175941524754 -0.0024938890849213195 0.0011076592158046109 9.4592438177897563e-05
leaf_weight=236 9216 2226 2227 866590 9989 522 1237 693 344 1005 210 2206 381 214 202 852 399 209 1043 3365 215 304 237 255 451 229 326 2118 413 2622 32855 259 917 9650 337 226 1021 1028 441 12144 728 286 444 875 285 947 15966 108157 134992 5551 4694 68475 157533 6021 7550 116740 98900 4586 16722 776 313 31455
leaf_count=236 9216 2226 2227 866590 9989 522 1237 693 344 1005 210 2206 381 214 202 852 399 209 1043 3365 215 304 237 255 451 229 326 2118 413 2622 32855 259 917 9650 337 226 1021 1028 441 12144 728 286 444 875 285 947 15966 108157 134992 5551 4694 68475 157533 6021 7550 116740 98900 4586 16722 776 313 31455
internal_value=3.29394e-07 -8.00408e-07 0.000307658 -1.59084e-06 7.88244e-05 -9.91982e-05 0.00017614 -0.000408897 0.000117341 -0.0002797 -0.00114415 -0.00022545 -0.000343072 0.00026051 5.05456e-05 0.000713081 -0.000577734 -0.00171936 0.00010054 0.000204618 0.000597861 0.00103217 0.00120394 0.00144714 0.000995183 0.00244803 0.00148659 -0.000452308 -0.000683249 -0.000542098 0.000170445 0.000511277 -0.000161904 -4.6811e-06 -0.000214784 -3.41968e-06 0.000174809 0.000225821 -0.000396468 0.00028943 0.00065175 0.00138549 0.000369068 0.000110933 -0.000311593 4.40093e-05 -5.41593e-06 2.01632e-05 -3.38869e-05 0.00011183 0.000479328 3.84574e-05 9.01299e-05 -1.64376e-05 -0.00032497 -1.2752e-05 4.67006e-05 -5.10665e-05 0.000107647 -7.54083e-05 -0.00145873 -4.41395e-05
internal_weight=1.75141e+06 1.74219e+06 4453 1.73774e+06 64308 22729 41579 1930 10333 12396 732 11664 9391 2273 2059 1054 6142 608 3249 39649 3170 2017 1802 1498 1032 466 777 5534 3416 3035 36479 3624 1153 1.67343e+06 9987 1.66345e+06 18425 17404 1614 15790 3646 1014 2632 2188 1313 1388 1.64502e+06 495368 311624 183744 10245 176632 173499 1.14965e+06 13571 1.13608e+06 269492 103486 166006 49266 1089 48177
internal_count=1751410 1742194 4453 1737741 64308 22729 41579 1930 10333 12396 732 11664 9391 2273 2059 1054 6142 608 3249 39649 3170 2017 1802 1498 1032 466 777 5534 3416 3035 36479 3624 1153 1673433 9987 1663446 18425 17404 1614 15790 3646 1014 2632 2188 1313 1388 1645021 495368 311624 183744 10245 176632 173499 1149653 13571 1136082 269492 103486 166006 49266 1089 48177
is_linear=0
shrinkage=0.05


Tree=123
num_leaves=63
num_cat=0
split_feature=34 38 34 38 32 36 0 34 6 34 36 5 35 31 2 32 0 38 36 32 0 32 0 5 6 0 36 16 35 0 32 13 0 2 32 31 35 31 0 36 35 33 36 31 31 31 31 38 35 34 38 36 33 37 0 0 0 0 31 36 5 6
split_gain=0.168052 0.453834 0.21444 0.194941 0.223218 0.410733 0.226469 0.199616 0.182715 0.179652 0.525779 0.340738 0.95157 0.351782 0.323999 0.355704 0.605478 0.351794 1.00279 0.388138 0.349309 0.309812 0.459385 0.401867 0.298124 0.335731 0.269884 0.234386 0.366248 0.217609 0.210824 0.202613 0.31663 0.344134 0.521614 0.304195 0.561051 0.48372 0.467565 0.426389 0.575542 0.371386 0.352304 0.458011 0.41779 0.732363 0.330416 0.307466 0.30619 0.556905 0.281491 0.249665 0.243864 0.242322 0.22988 0.226487 0.22511 0.223274 0.545378 0.655348 0.880164 0.522099
threshold=8.5000000000000018 81.673825303871936 9.5000000000000018 83.79477163286883 1.0000000180025095e-35 2.5000000000000004 126653.47918450134 9.5000000000000018 170.30000000000004 6.5000000000000009 2.5000000000000004 174.07000000000002 1.5000000000000002 12.500000000000002 1.0900000000000003 1.0000000180025095e-35 151997.2635658581 50.271006424337479 1.0000000180025095e-35 1.5000000000000002 134385.49242573167 1.0000000180025095e-35 303945.48690115829 160.18800000000002 182.30000000000004 320084.98382940865 1.5000000000000002 -0.68999999999999961 1.0000000180025095e-35 185651.60592928054 1.0000000180025095e-35 -0.77999999999999992 506790.44753852923 0.74500000000000011 6.5000000000000009 5.5000000000000009 1.0000000180025095e-35 4.5000000000000009 74629.772035222952 1.0000000180025095e-35 2.5000000000000004 1.5000000000000002 1.5000000000000002 3.5000000000000004 3.5000000000000004 4.5000000000000009 3.5000000000000004 57.577786240640485 1.5000000000000002 1.0000000180025095e-35 44.77140364383569 3.5000000000000004 1.0000000180025095e-35 1.0000000180025095e-35 81634.323121687965 53836.771633601471 173976.56506366437 405277.0510294133 5.5000000000000009 1.0000000180025095e-35 168.47250000000003 180.10000000000002
decision_type=2 2 2 2 2 2 2 2 2 2 2 2 2 2 2 2 2 2 2 2 2 2 2 2 2 2 2 2 2 2 2 2 2 2 2 2 2 2 2 2 2 2 2 2 2 2 2 2 2 2 2 2 2 2 2 2 2 2 2 2 2 2
left_child=9 2 8 7 6 -6 -5 -3 -2 31 11 14 24 -14 17 -16 -17 18 20 30 -11 -12 23 29 25 -13 -20 28 -18 -23 -19 32 33 34 35 36 38 39 47 40 -38 42 44 -44 -40 -46 48 -1 49 -41 -47 -35 -48 -34 -53 -39 -42 -33 59 -59 -61 -60
right_child=1 3 -4 4 5 -7 -8 -9 -10 10 21 12 13 -15 15 16 27 19 26 -21 -22 22 -24 -25 -26 -27 -28 -29 -30 -31 -32 57 53 51 -36 -37 37 55 41 46 56 -43 43 -45 45 50 52 -49 -50 -51 -52 54 -54 -55 -56 -57 -58 58 61 60 -62 -63
leaf_value=0.0013172516200230947 -0.0010074995121860336 -0.00030709609166548876 0.00034491017057685616 0.00044965426748540212 -9.3660842980014536e-05 0.0022588192241990864 -0.00031985231748833117 0.0014415940999374954 -0.00035464710241295424 -0.0038882576135675544 8.3798926809041838e-05 -0.0022589328955489067 0.00094313450672794865 -0.00067619866306240211 1.0280496434665675e-05 0.00024774463354422033 8.2309150903444174e-05 0.00028561228168039811 -0.00034479181478812889 -5.4489239082518187e-05 -0.0012297752663106851 -0.0019635958424711283 -1.2901344400760188e-05 -0.0034504820369108099 -0.0002658053275749835 -0.00073388598275532892 0.00078991957174492141 0.00081728034773304145 0.0021947286643674651 -0.00036081785094384836 0.0008840988370552085 1.2301887873912695e-05 0.00014070443547374803 -0.00020884363775861269 0.00045681279259104744 -0.00010693782524709536 -0.00057121885804943377 -0.0013565898242281383 -0.00012597642143719249 -0.0013231173010534926 0.0019929554705121126 0.00084642919151244229 -0.0005756390453840706 0.00039742669135206868 -0.0012303586275054955 -0.0016333067517354555 0.00016401684356500486 -0.0002618090474306763 0.0028958236518489126 0.0012423402914739446 0.00027016435011106279 -0.00050920976419050574 0.0013375606306473336 0.0011372563392222752 6.6317318670490788e-05 4.2443913299841089e-05 0.00045074967439632016 2.7829555877811969e-05 0.00016075217068697433 -7.0303437692203452e-05 -0.00054072890921780931 -5.7300031392114694e-05
leaf_weight=943 2133 247 580 1256 512 291 4005 481 2154 230 1277 543 1634 422 3753 5106 269 7395 1718 9176 267 391 795 230 1493 1076 754 2332 865 462 1837 1325825 11887 52191 5675 58382 1567 306 8415 231 336 904 1677 4336 2786 220 2113 458 238 2511 1658 1940 560 643 16423 5296 800 27569 41765 21382 18586 80103
leaf_count=943 2133 247 580 1256 512 291 4005 481 2154 230 1277 543 1634 422 3753 5106 269 7395 1718 9176 267 391 795 230 1493 1076 754 2332 865 462 1837 1325825 11887 52191 5675 58382 1567 306 8415 231 336 904 1677 4336 2786 220 2113 458 238 2511 1658 1940 560 643 16423 5296 800 27569 41765 21382 18586 80103
internal_value=3.12925e-07 -0.000188883 -0.000557398 7.51875e-05 -1.76255e-05 0.000758857 -0.000136142 0.000848288 -0.000679474 1.58083e-06 0.000103704 0.00015409 -0.000223952 0.000610762 0.00021206 0.000416231 0.000593964 9.43442e-05 -0.000410711 0.000175804 -0.00246006 -0.000517059 -0.000925629 -0.00159564 -0.000775421 -0.00124537 1.31352e-06 0.001104 0.00169363 -0.0010955 0.0004047 -9.47088e-07 -5.07188e-05 -6.86007e-05 -8.66381e-06 -3.68446e-05 7.8901e-05 0.000325511 -8.19712e-05 0.000566517 4.99936e-05 -0.000143839 -0.000190728 0.000126043 -0.000336361 -0.000715946 0.000813494 0.000801042 0.00117553 0.00102621 4.71805e-05 -0.000153053 0.000409877 0.000191844 5.51448e-06 -3.3976e-05 0.000906895 5.04747e-06 -4.57331e-05 -0.000159705 -0.000289062 1.7428e-05
internal_weight=1.75141e+06 11659 4867 6792 6064 803 5261 728 4287 1.73975e+06 42025 38870 5168 2056 33702 12325 8572 21377 2969 18408 497 3155 1878 1083 3112 1619 2472 3466 1134 853 9232 1.69773e+06 182496 169966 99412 93737 35355 13958 21397 8356 2703 19996 19092 6013 13079 4664 5653 1401 2980 2742 1878 70554 2673 12530 18363 5602 1136 1.51523e+06 189405 67537 39968 121868
internal_count=1751410 11659 4867 6792 6064 803 5261 728 4287 1739751 42025 38870 5168 2056 33702 12325 8572 21377 2969 18408 497 3155 1878 1083 3112 1619 2472 3466 1134 853 9232 1697726 182496 169966 99412 93737 35355 13958 21397 8356 2703 19996 19092 6013 13079 4664 5653 1401 2980 2742 1878 70554 2673 12530 18363 5602 1136 1515230 189405 67537 39968 121868
is_linear=0
shrinkage=0.05


Tree=124
num_leaves=63
num_cat=0
split_feature=0 39 25 39 3 38 38 38 25 3 24 36 31 3 19 31 34 36 7 21 39 31 32 5 0 39 39 0 35 32 6 31 3 6 26 36 36 5 3 0 36 3 39 38 36 39 0 0 38 31 38 38 32 39 35 36 36 5 0 35 39 31
split_gain=0.162585 0.300641 0.354487 0.213181 0.282696 0.322229 0.285921 0.262677 0.267491 0.348941 0.182846 0.163829 0.160664 0.666942 0.314594 0.277618 0.326941 0.310194 0.348382 0.302484 0.288862 0.275189 0.520144 0.424721 0.400581 0.426608 0.374733 0.831722 0.753392 0.679771 0.441037 0.526335 0.425218 0.388808 0.379285 0.551464 0.369359 0.367987 0.516632 0.485995 0.665026 0.480069 0.469728 0.380661 0.366435 0.479362 0.573956 0.35813 0.352351 0.780056 0.35011 0.349155 0.34571 0.330104 0.322385 0.30356 0.78014 0.465855 0.369544 0.667385 0.438578 0.373603
threshold=37133.872098187014 33.40849282290079 6.9500000000000011 17.855285984510253 6652.3000000000002 48.200983173939335 81.446038550989513 48.200983173939335 5.7500000000000009 9071.4500000000025 7.6500000000000012 2.5000000000000004 13.500000000000002 7204.4500000000007 1001450.0000000001 14.500000000000002 7.5000000000000009 6.5000000000000009 5.8500000000000005 1158.5000000000002 90.870902560488418 9.5000000000000018 7.5000000000000009 141.57900000000004 227204.03761758469 12.835526959052276 83.197229607889895 146587.63418879581 1.5000000000000002 1.0000000180025095e-35 181.50000000000003 5.5000000000000009 8778.7000000000025 191.20000000000002 6.0500000000000007 1.5000000000000002 7.5000000000000009 115.06150000000001 6335.0000000000009 232142.10634987373 1.0000000180025095e-35 5617.1500000000005 97.498674396668335 96.236540423154807 1.0000000180025095e-35 95.905980477916927 107350.76582284849 320084.98382940865 77.785063677784549 1.5000000000000002 76.42855921635983 66.896497778779192 1.5000000000000002 94.011260571918129 1.0000000180025095e-35 1.0000000180025095e-35 1.5000000000000002 174.07000000000002 217838.85106431987 3.5000000000000004 27.843368585111389 12.500000000000002
decision_type=2 2 2 2 2 2 2 2 2 2 2 2 2 2 2 2 2 2 2 2 2 2 2 2 2 2 2 2 2 2 2 2 2 2 2 2 2 2 2 2 2 2 2 2 2 2 2 2 2 2 2 2 2 2 2 2 2 2 2 2 2 2
left_child=1 2 3 4 5 -1 7 8 -6 11 -5 -10 21 -14 15 17 20 19 -19 -15 -17 22 26 24 25 50 34 28 30 37 44 -32 -30 48 35 -2 -37 43 39 42 -41 -42 54 -29 45 -28 -47 -24 49 -31 -23 -40 -34 -35 -39 57 -57 -25 59 60 -58 -61
right_child=12 -3 -4 10 6 -7 -8 -9 9 -11 -12 -13 13 14 -16 16 -18 18 -20 -21 -22 23 47 55 -26 -27 27 29 32 33 31 -33 52 53 -36 36 -38 38 51 40 41 -43 -44 -45 -46 46 -48 -49 -50 -51 -52 -53 -54 -55 -56 56 58 -59 -60 61 -62 -63
leaf_value=0.0018475743369275645 -0.0002119204496190401 0.00051802108666657086 0.0016277478910457677 -0.00035445822365636772 -0.0010231751219266915 -0.00014553799465766344 0.0017386975100310209 -0.00069497409586267978 0.00021188598971896096 0.0009718778253435897 0.0011069624865065433 -0.0014590755296844445 -0.00068975460844744986 0.002063156991386724 0.0014491498810491736 0.00011285167289701547 -0.00053588283355850304 0.00060699946746924907 -0.00020026128683459018 0.00046682089387717118 -0.00015525132016434853 -0.0015638991562255036 0.0010679447777017055 -0.00010724836951389431 -7.9132113972029182e-06 -0.00029168670981365543 0.0001777966727359119 -0.0002410434192983499 0.00068302045168237369 -0.0018223802800895854 0.00013992228023405989 0.00058007371457978224 0.0031786212452288363 -0.00014535427469748003 -7.3390259154794183e-09 3.2467575238189831e-05 -0.0012599087237460209 -0.00015626308384082189 0.00026830910798646867 0.00030830534217581257 0.00019918019393646492 0.0025314060997045848 0.0017910853013762273 -0.0021130116813469907 -5.5905341910385862e-05 0.0028113892516177705 0.00050013881372475968 0.00014721853326162617 -3.4272250335770817e-05 -0.00031258132963129842 7.7207342895422174e-05 -2.5661421047955487e-05 0.00079774226943243323 0.00021523959612690862 0.0010633933052063462 0.00025198211186891684 -0.0005179895428856846 -0.00096036181221988137 2.9661064100244639e-05 0.00034111425052296533 -0.00014511647450830378 -0.00079435885585801835
leaf_weight=494 53301 4303 328 4390 357 344 224 1211 340 1188 225 258 2830 312 424 56429 2340 1935 4321 6072 12223 1220 1888 6673 13402 19053 9307 2296 1587 897 15788 11920 377 14676 1179996 50283 559 3135 16114 1239 292 903 434 308 22388 390 863 2397 11624 18498 443 27067 256 11183 655 23950 9570 2105 59606 8608 44820 791
leaf_count=494 53301 4303 328 4390 357 344 224 1211 340 1188 225 258 2830 312 424 56429 2340 1935 4321 6072 12223 1220 1888 6673 13402 19053 9307 2296 1587 897 15788 11920 377 14676 1179996 50283 559 3135 16114 1239 292 903 434 308 22388 390 863 2397 11624 18498 443 27067 256 11183 655 23950 9570 2105 59606 8608 44820 791
internal_value=2.97278e-07 0.000172109 1.30681e-05 -4.5576e-05 0.000202765 0.0010294 9.15922e-06 -0.00010635 0.00022628 0.000476031 -0.000283208 -0.000509031 -1.05349e-06 6.52164e-05 9.06348e-05 8.37474e-05 4.5308e-05 0.000299641 4.94269e-05 0.000544837 6.51178e-05 -4.54132e-06 2.82607e-06 -6.11062e-05 -0.000220919 -0.000358721 1.20759e-06 7.04693e-05 0.000215365 -1.28675e-05 0.000182254 0.000329276 0.00112005 -0.000132589 -8.08009e-06 -9.95486e-05 1.82581e-05 0.000116978 0.000147253 0.000557221 0.00111997 0.00196152 0.000232947 -0.000462459 5.86138e-05 0.000301403 0.00121952 0.000552897 -0.000251948 -0.000382408 -0.00112673 8.40406e-05 0.00221574 1.05884e-05 5.45219e-05 -2.61818e-05 -9.1646e-06 -0.000311828 -5.98511e-05 -0.000143493 -0.000210724 0.000245555
internal_weight=1.75141e+06 13662 9359 9031 4416 838 3578 3354 2143 1786 4615 598 1.73775e+06 86886 84056 83632 70992 12640 6256 6384 68652 1.65086e+06 1.46062e+06 190241 34118 20716 1.45634e+06 172197 62876 109321 60656 27708 2220 56878 1.28414e+06 104143 50842 52443 49839 6658 2434 1195 4224 2604 32948 10560 1253 4285 31019 19395 1663 43181 633 25859 3790 156123 147345 8778 123395 63789 54390 9399
internal_count=1751410 13662 9359 9031 4416 838 3578 3354 2143 1786 4615 598 1737748 86886 84056 83632 70992 12640 6256 6384 68652 1650862 1460621 190241 34118 20716 1456336 172197 62876 109321 60656 27708 2220 56878 1284139 104143 50842 52443 49839 6658 2434 1195 4224 2604 32948 10560 1253 4285 31019 19395 1663 43181 633 25859 3790 156123 147345 8778 123395 63789 54390 9399
is_linear=0
shrinkage=0.05


Tree=125
num_leaves=63
num_cat=0
split_feature=0 40 40 39 25 40 38 40 26 39 36 31 18 18 39 39 38 0 21 25 40 3 0 24 36 28 18 19 6 19 0 3 31 38 39 38 32 3 40 3 0 3 39 40 39 3 36 39 40 36 38 3 32 31 38 3 38 0 39 32 0 31
split_gain=0.167245 0.467312 0.293811 0.294972 0.284364 0.239867 0.225847 0.221108 0.1743 0.212113 0.229471 0.287535 0.278141 0.247963 0.235769 0.261519 0.228502 0.201655 0.186768 0.18546 0.332546 0.269535 0.415023 0.353627 0.3859 0.282405 0.235946 0.205819 0.219766 0.19319 0.266099 0.328314 0.325486 0.380089 0.309154 0.232264 0.221614 0.198556 0.194735 0.191476 0.200519 0.761941 0.799892 0.377697 0.284938 0.775341 0.333216 0.315089 0.298416 0.286121 0.292204 0.252415 0.241865 0.952338 0.403656 0.231466 0.821697 0.677426 0.620302 0.74807 0.780029 0.637915
threshold=37133.872098187014 18.942598687307072 21.495267511577758 31.493063018408218 6.6500000000000012 88.016070664158207 24.102763238554925 11.116552191753597 5.0500000000000007 94.40456360569641 1.5000000000000002 8.5000000000000018 24740.000000000004 38411.500000000007 2.2620987795981549 15.131980675403105 15.524473345107188 137862.06535887919 8370.5000000000018 6.4500000000000011 63.106407594641603 12142.950000000003 506790.44753852923 7.1500000000000012 1.0000000180025095e-35 34.95000000000001 66622.500000000015 712850.00000000012 198.10000000000002 601300.00000000012 878417.64567891427 10772.000000000002 5.5000000000000009 98.684167510009118 1.3342714337819142 92.939098253211583 18.500000000000004 4952.9500000000016 29.689690376900739 13670.400000000003 61562.3853665934 9071.4500000000025 53.714205897332796 81.628307288104011 3.3083412633346394 8246.8500000000022 1.0000000180025095e-35 9.1393417900985376 36.616424594725302 6.5000000000000009 77.479361840376527 6470.4000000000005 1.0000000180025095e-35 6.5000000000000009 19.289937145259795 6909.3500000000013 91.734410667436023 506790.44753852923 30.360267293267537 1.0000000180025095e-35 284871.09759726474 1.5000000000000002
decision_type=2 2 2 2 2 2 2 2 2 2 2 2 2 2 2 2 2 2 2 2 2 2 2 2 2 2 2 2 2 2 2 2 2 2 2 2 2 2 2 2 2 2 2 2 2 2 2 2 2 2 2 2 2 2 2 2 2 2 2 2 2 2
left_child=1 6 -3 4 -4 -5 7 -1 9 10 11 13 -13 14 -2 -16 17 -12 -18 29 21 23 25 -21 -25 -23 -24 -22 -29 30 39 32 37 34 38 -31 -37 -32 -34 40 41 42 43 44 45 46 -10 48 51 50 -49 -46 54 -54 -43 56 57 58 59 61 -61 -42
right_child=8 2 3 5 -6 -7 -8 -9 19 -11 16 12 -14 -15 15 -17 18 -19 -20 20 27 22 26 24 -26 -27 -28 28 -30 35 31 -33 33 -35 -36 36 -38 -39 -40 -41 55 52 -44 -45 47 -47 -48 49 -50 -51 -52 -53 53 -55 -56 -57 -58 -59 -60 60 -62 -63
leaf_value=-0.00069755275139939403 0.0010200022551275435 0.0012757776404208128 -8.0129912730827392e-05 0.00061627805012077293 0.0014149049262775978 -0.00094279869267857727 -0.00095550873135595246 0.0007453758199616905 7.6049293818337624e-05 0.00019649602356488864 0.0022733969031513085 0.0019207582959841767 0.00010402433114060865 -0.0002021639788783087 -0.0016500321442813933 -0.00053861681894490018 -1.6289468262799032e-05 0.00016510837671903711 -0.00061068764021962531 6.6576371138631324e-05 -7.3135406268163015e-05 0.00015988908965988279 -0.00081317520883188209 0.0007345333137991492 0.00022750486976035056 -8.5265968929790721e-05 -0.00014985427518746192 0.001958346974806212 0.00026639831874914475 -0.00034513865208963358 0.0013914201493622554 -0.00078689910960692269 0.0022179708970555415 -0.00080733236445117292 0.00033549246472704928 2.296251178542449e-05 0.0015164177584132644 -0.0001528787069647054 0.00081873780948214033 0.00016347534524600025 0.00020233959080409003 0.0011323917853871379 0.00022774361618571782 0.00093291633057149693 -0.0010214580210806991 -0.0020067069719454252 0.0023977610296650053 -0.00033055101212755672 -0.00035859853996572124 -0.0013263011681719113 -0.0010398504693009682 -0.0030263301252256127 0.003091620682455264 0.00026238839268686968 -6.1447608756873838e-06 -1.9199761586393048e-05 0.00027246807832164203 -0.0002658408512859032 -6.8042149328068789e-06 0.00056836561338792361 8.8456440828157772e-05 -0.00013958281465735632
leaf_weight=515 210 727 5660 4504 337 261 1195 548 278 6103 200 231 2395 16971 616 3760 30219 262 1382 26695 47152 34545 1930 4781 17449 17800 4390 227 1242 7619 217 823 300 637 9494 1189 314 5099 1453 16756 26260 837 6342 511 316 234 348 16841 477 857 1589 312 334 2717 11138 880564 30938 21761 409059 16612 17269 28387
leaf_count=515 210 727 5660 4504 337 261 1195 548 278 6103 200 231 2395 16971 616 3760 30219 262 1382 26695 47152 34545 1930 4781 17449 17800 4390 227 1242 7619 217 823 300 637 9494 1189 314 5099 1453 16756 26260 837 6342 511 316 234 348 16841 477 857 1589 312 334 2717 11138 880564 30938 21761 409059 16612 17269 28387
internal_value=-1.47234e-08 0.000173697 0.000302935 0.000237217 3.88322e-06 0.000530881 -0.000483882 4.63088e-05 -1.38996e-06 -8.34749e-05 -0.000113853 -0.000230141 0.000263836 -0.000290316 -0.000616533 -0.000695068 -2.61449e-05 0.00107779 -4.22842e-05 1.66717e-06 5.35434e-05 0.000102585 3.03136e-05 0.000189245 0.000336551 7.65237e-05 -0.000352419 -5.49777e-05 0.00052785 -3.67161e-06 -2.28461e-06 0.000188687 0.000235368 0.000380841 0.000448136 -0.00023308 0.000334968 -8.98402e-05 0.0010582 -4.59345e-06 -6.50403e-06 -0.000112723 -0.000266385 -0.00041038 -0.00044268 0.000448829 0.00136671 -0.000480278 -0.0013014 -0.000433233 -0.000391705 -0.00201751 0.000174689 0.000572111 7.3434e-05 -3.30219e-06 2.2137e-05 7.22455e-06 1.91665e-05 0.000139169 0.000323758 2.47241e-05
internal_weight=1.75019e+06 13747 11489 10762 5997 4765 2258 1063 1.73644e+06 62349 56246 24183 2626 21557 4586 4376 32063 462 31601 1.67409e+06 156211 107590 58665 48925 22230 52345 6320 48621 1469 1.51788e+06 1.50876e+06 18023 17200 11884 11247 9122 1503 5316 1753 1.49074e+06 1.47398e+06 43131 28105 21763 21252 860 626 20392 1105 19287 18430 628 15026 3051 11975 1.43085e+06 550286 519348 497587 88528 33881 54647
internal_count=1750189 13747 11489 10762 5997 4765 2258 1063 1736442 62349 56246 24183 2626 21557 4586 4376 32063 462 31601 1674093 156211 107590 58665 48925 22230 52345 6320 48621 1469 1517882 1508760 18023 17200 11884 11247 9122 1503 5316 1753 1490737 1473981 43131 28105 21763 21252 860 626 20392 1105 19287 18430 628 15026 3051 11975 1430850 550286 519348 497587 88528 33881 54647
is_linear=0
shrinkage=0.05


Tree=126
num_leaves=63
num_cat=0
split_feature=3 3 40 35 0 0 0 38 34 0 31 31 38 3 40 39 6 38 40 38 39 0 39 3 39 40 34 36 39 40 0 38 38 39 40 35 0 39 39 39 31 39 40 38 1 31 40 39 38 39 40 36 1 31 0 0 3 5 39 39 5 0
split_gain=0.155901 0.611236 0.597298 0.463494 0.469764 0.434683 0.36705 0.260428 0.254504 0.249773 0.343789 0.216482 0.600048 0.973355 0.893077 0.872327 0.561549 0.737576 0.603703 0.735041 0.965203 0.514674 0.773849 0.523215 0.518748 0.513767 0.475841 0.415199 1.06617 0.577895 0.393854 0.389224 0.384922 0.52646 0.358247 0.667707 1.13622 0.858621 0.623467 0.562364 0.495624 0.522626 0.493646 0.359022 0.358091 0.435315 0.351205 0.632876 0.454685 0.501937 0.347062 0.32475 1.32778 0.530984 0.319183 0.317502 0.315756 0.299407 0.281671 0.285947 0.319011 0.300279
threshold=4905.1500000000005 5195.0500000000011 42.344200393412301 1.0000000180025095e-35 110726.09788494302 268388.87224638741 100960.06838826112 45.095943862670062 1.0000000180025095e-35 244341.19678030553 1.5000000000000002 1.5000000000000002 68.627032983435114 6832.7500000000009 45.984345044285696 96.881138058396246 179.80000000000004 15.524473345107188 32.230039040818276 41.317865354668065 30.360267293267537 206583.63210829018 21.536598011981507 8541.0500000000011 46.440087870682852 27.646793219572935 1.0000000180025095e-35 1.0000000180025095e-35 23.264872196902367 50.963765700830294 137021.03249968871 37.585079971369645 37.174069593815709 17.120543054756244 70.356312304633505 1.0000000180025095e-35 173976.56506366437 4.4600743824042466 75.973460177267768 77.974216823330792 1.0000000180025095e-35 90.244240615374352 85.535765705991238 80.818066407368676 6.5650000000000004 1.0000000180025095e-35 87.605647193175542 53.382564551629208 88.659534889891518 26.323097815228241 78.949025418551898 1.0000000180025095e-35 6.535000000000001 1.0000000180025095e-35 82927.695853595927 237216.78983647289 5795.7500000000009 181.25600000000003 15.131980675403105 49.88600697749159 140.16300000000004 87943.240275362055
decision_type=2 2 2 2 2 2 2 2 2 2 2 2 2 2 2 2 2 2 2 2 2 2 2 2 2 2 2 2 2 2 2 2 2 2 2 2 2 2 2 2 2 2 2 2 2 2 2 2 2 2 2 2 2 2 2 2 2 2 2 2 2 2
left_child=3 2 6 5 -5 -1 -2 -8 -4 10 -6 12 16 14 26 34 18 25 21 30 -21 23 -23 32 56 -18 58 -19 29 -29 -20 -25 -3 -34 -16 36 37 -36 46 -37 41 50 51 -44 -17 -46 48 -48 49 -39 -40 53 -53 -38 -15 -55 -24 -32 -14 60 61 -60
right_child=1 11 8 4 9 -7 7 -9 -10 -11 -12 -13 13 54 15 44 17 27 19 20 -22 22 24 31 -26 -27 -28 28 -30 -31 57 -33 33 -35 35 39 42 38 40 -41 -42 -43 43 -45 45 -47 47 -49 -50 -51 -52 52 -54 55 -56 -57 -58 -59 59 -61 -62 -63
leaf_value=-2.5375779439809591e-05 -0.00036788158366052889 -0.00028800009401435685 -0.00035408287812773793 -0.00013615283569803622 0.00096713755774747382 0.00039427520372145944 -5.647464145112525e-05 0.00034498967963231725 0.00099741258939427865 0.00021623663567988717 -4.635005926777633e-05 -4.5141043102164477e-06 -0.00096119445836696587 -0.0010612552571512487 -1.3785664605697574e-05 0.0023339282276880831 7.7928007537972108e-05 0.00018055076848801446 -0.0002068663188696182 0.00045816652223580156 -0.0002233242655357281 -0.0012399992416644156 0.0012879390724387771 0.0020190023703652669 5.599559959081034e-05 0.0017728918348174649 0.0020232013347148826 -3.5287504772849973e-05 -0.00023977809930144975 0.0028846077176244407 -0.00089490598042242455 -0.0001476633145889269 0.0019666211541278524 8.2799412830792085e-05 0.003016543544440445 -0.00036101491002591253 0.001761781406611205 0.0023729434292964588 -4.6407596642699139e-05 0.001389410343676276 -0.0010391047162393253 -0.00093773282429715466 -0.0014460609818836359 0.00060701301755770778 0.0016872356680509978 -0.00076444940030244641 0.00031987759936781513 0.0029775339409527321 -0.00081520123098777751 0.00022894099197446339 0.0022117138731009419 0.0026896808978306573 -0.00047539511940638103 -0.00068165828153351788 -7.9241438413149557e-05 0.00089038522466092598 -0.00042463594335818901 0.00070519330716048781 -0.00015144242369893215 0.00041494044527107628 -0.00047359406773172375 0.0016383969789024806
leaf_weight=60859 4715 10127 26399 3504 4215 6867 8543 7663 353 3404 1044 1444118 240 870 14764 629 745 32172 4452 6377 28046 557 2780 531 1813 1118 801 278 13744 434 6128 340 389 7959 245 4575 1082 301 318 510 1934 523 236 2179 459 299 693 331 951 2933 366 1234 453 528 16921 820 298 307 270 2416 255 1774
leaf_count=60859 4715 10127 26399 3504 4215 6867 8543 7663 353 3404 1044 1444118 240 870 14764 629 745 32172 4452 6377 28046 557 2780 531 1813 1118 801 278 13744 434 6128 340 389 7959 245 4575 1082 301 318 510 1934 523 236 2179 459 299 693 331 951 2933 366 1234 453 528 16921 820 298 307 270 2416 255 1774
internal_value=-1.39872e-08 -3.27769e-06 -0.000179739 6.82191e-05 0.000352354 1.71743e-05 2.03925e-05 0.000133358 -0.00033625 0.000549944 0.000765943 1.90679e-06 5.38523e-05 0.000182832 0.000313816 0.000222214 -1.13037e-05 0.000119516 -0.000101791 -0.000210331 -9.70753e-05 9.65594e-05 0.000525839 -2.43294e-05 0.000726937 0.00109509 0.000892504 8.0537e-05 -0.000142045 0.00174454 -0.000568426 0.00117323 -8.07881e-05 0.000170582 0.000173446 0.00031021 0.00047683 9.90625e-05 1.34598e-05 -0.000185456 -0.000542927 0.000252109 0.000973909 0.000406381 0.00145199 0.000720146 0.000348958 0.00117894 0.000145874 0.000428491 0.00116189 0.00130682 0.00183978 0.00093681 -0.000127263 0.000274629 0.00112213 -0.000818569 0.000709721 0.000794773 0.00119394 0.00140197
internal_weight=1.75019e+06 1.6703e+06 47673 79893 12167 67726 20921 16206 26752 8663 5259 1.62262e+06 178505 59910 42119 36363 118595 48491 70104 45310 34423 24794 5448 19346 4891 1863 5756 46628 14456 712 10887 871 18475 8348 34976 20212 15127 8595 8350 5085 3141 1207 6532 2415 1387 758 5209 1024 4185 3234 684 4117 1687 2430 17791 1348 3078 6435 4955 4715 2299 2044
internal_count=1750189 1670296 47673 79893 12167 67726 20921 16206 26752 8663 5259 1622623 178505 59910 42119 36363 118595 48491 70104 45310 34423 24794 5448 19346 4891 1863 5756 46628 14456 712 10887 871 18475 8348 34976 20212 15127 8595 8350 5085 3141 1207 6532 2415 1387 758 5209 1024 4185 3234 684 4117 1687 2430 17791 1348 3078 6435 4955 4715 2299 2044
is_linear=0
shrinkage=0.05


Tree=127
num_leaves=63
num_cat=0
split_feature=15 15 0 40 38 31 6 21 38 40 23 38 40 31 17 38 26 29 0 31 3 19 6 20 38 38 24 26 22 30 33 3 20 23 38 40 25 19 31 0 37 3 31 40 35 31 35 3 0 34 34 0 3 35 34 34 40 19 31 31 6 35
split_gain=0.162609 0.312433 0.155656 0.438023 0.306835 0.285026 0.334008 0.227934 0.218306 0.223563 0.239447 0.19796 0.193602 0.190264 0.166516 0.162562 0.150094 0.18588 0.444664 0.47744 0.496601 0.47722 0.411625 0.275916 0.234465 0.273069 0.219114 0.19581 0.180823 0.336082 0.177878 0.261114 0.175212 0.20515 0.177771 0.170438 0.174291 0.168886 0.216915 0.204824 0.354237 0.31065 0.270697 0.321877 0.195681 0.190501 0.365124 0.319823 0.467962 0.846079 1.08383 0.341108 0.54315 0.498172 0.432627 0.395291 0.385343 0.495885 0.382743 0.471979 0.354468 0.31788
threshold=-0.85499999999999965 -0.82999999999999996 37133.872098187014 18.942598687307072 47.919435598444082 3.5000000000000004 183.50000000000003 6021.5000000000009 56.30477383953572 78.53450167856154 5.6500000000000012 24.102763238554925 11.116552191753597 3.5000000000000004 16668.500000000004 33.747208466811323 5.0500000000000007 43.469373256473041 261700.68475465282 12.500000000000002 12142.950000000003 618300.00000000012 196.70000000000002 575.50000000000011 69.34849689226867 68.429259283830547 7.5500000000000007 6.1500000000000012 7288.5000000000009 0.00076186432292188108 2.5000000000000004 12453.200000000003 630.50000000000011 7.3500000000000005 31.626807713488965 16.409461759975482 5.2500000000000009 601300.00000000012 6.5000000000000009 878417.64567891427 1.0000000180025095e-35 10772.000000000002 11.500000000000002 79.583069121888784 2.5000000000000004 9.5000000000000018 4.5000000000000009 7560.7500000000009 168932.01955585621 3.5000000000000004 6.5000000000000009 219348.49165327751 8836.1000000000022 2.5000000000000004 4.5000000000000009 5.5000000000000009 39.58497146869869 186350.00000000003 11.500000000000002 10.500000000000002 170.55000000000004 1.5000000000000002
decision_type=2 2 2 2 2 2 2 2 2 2 2 2 2 2 2 2 2 2 2 2 2 2 2 2 2 2 2 2 2 2 2 2 2 2 2 2 2 2 2 2 2 2 2 2 2 2 2 2 2 2 2 2 2 2 2 2 2 2 2 2 2 2
left_child=-1 -2 3 11 5 7 -7 15 14 10 -10 12 -3 -11 -6 -5 -4 18 23 20 21 -20 -21 26 25 27 -18 28 29 -25 37 -32 -29 34 -34 -31 -37 39 44 45 41 42 43 -41 -39 -19 47 48 49 -47 -51 53 58 60 -55 -56 57 -54 59 -53 61 -49
right_child=1 2 16 4 8 6 -8 -9 9 13 -12 -13 -14 -15 -16 -17 17 30 19 22 -22 -23 -24 24 -26 -27 -28 32 -30 35 31 -33 33 -35 -36 36 -38 38 -40 40 -42 -43 -44 -45 -46 46 -48 51 -50 50 -52 52 56 54 55 -57 -58 -59 -60 -61 -62 -63
leaf_value=8.3929718368103937e-05 -0.00030451437039820839 -0.00068235834581404742 -7.8722926708157026e-05 0.0018259937146977595 -0.00060609952850155125 -0.00026541367903859704 0.00086020813036688211 -0.00019173533186781774 0.0019204034516771612 -0.0015345481405109177 0.00030569222964827499 -0.0009335515390740479 0.00068851416963847242 7.7656446759896604e-05 0.00075164103935887569 0.00083910274738593102 6.1057181100436481e-05 3.5145750290034662e-06 -2.9990992313412351e-05 0.0015092815845552073 -0.0005006027625307362 0.0014948651190885801 0.000168026037930213 0.0022730340991215943 3.848414453839258e-05 0.0019427387751995648 -0.0018759148343897615 -0.00053598761650484959 -8.1971430572444471e-05 -0.0010138281345555519 0.00049035499356759205 -1.5260117077576427e-05 0.0021511099379333794 0.00053389885113677216 0.00082899894308137141 -0.0007319984148180821 0.00083004480172995353 -0.00072081733597139915 -7.1467979037406225e-05 0.00018291622796543812 0.001771586819967734 -0.00079709120335959966 0.00052897508753541424 -0.00050213881539023435 0.000575681253961837 0.00043299832009956771 0.00023939875303277954 -0.00021423315553173897 -0.0003349101899207683 -0.0016308120597369519 0.00090378114455464276 7.3184555016724633e-05 -7.789943297736843e-05 -0.00026487652847724443 -0.0013271281464120159 0.00080410709368266002 -0.00013293226375190182 0.00037287906755390995 8.07269569025087e-05 0.0008029819552989268 4.4099612851423166e-05 0.00011331363225425706
leaf_weight=55851 8536 501 62349 765 1495 1394 1250 308 245 290 3651 1141 530 496 266 918 355 1306362 3614 663 7000 598 4169 251 4181 310 248 312 2611 214 4510 5886 389 4645 734 222 913 2522 9110 9874 338 846 4240 2075 329 5612 10721 38872 21239 1268 632 3817 14095 10204 1773 248 40459 10757 14091 5280 44463 9151
leaf_count=55851 8536 501 62349 765 1495 1394 1250 308 245 290 3651 1141 530 496 266 918 355 1306362 3614 663 7000 598 4169 251 4181 310 248 312 2611 214 4510 5886 389 4645 734 222 913 2522 9110 9874 338 846 4240 2075 329 5612 10721 38872 21239 1268 632 3817 14095 10204 1773 248 40459 10757 14091 5280 44463 9151
internal_value=-1.32878e-08 -2.78033e-06 -1.25251e-06 0.000169447 0.000296741 0.00060699 0.000266745 0.00105883 7.35523e-05 0.000252046 0.000407233 -0.000479803 2.23579e-05 -0.000517177 -0.000401012 0.00128769 -2.60479e-06 3.42596e-07 0.000120747 -6.34208e-05 -0.000242479 0.000186501 0.00035206 0.000312803 0.000355569 0.000480626 -0.000735575 0.000436583 0.000174513 0.000593062 -2.05431e-06 0.000204086 0.000618092 0.000680518 0.00128697 0.00028048 0.000524517 -3.42072e-06 -0.000190584 -1.98238e-06 0.000168738 0.000136935 0.000185745 6.39532e-05 -0.000571204 -3.9095e-06 -4.5591e-05 -5.93563e-05 -0.000214944 0.000124242 -0.000787726 -3.62038e-05 3.60611e-05 -9.72803e-05 -0.00039725 -0.0010656 -3.77462e-05 0.000117217 0.000243946 0.000496767 -5.76297e-05 -0.000151818
internal_weight=1.75019e+06 1.69434e+06 1.6858e+06 13250 11078 4635 2644 1991 6443 4682 3896 2172 1031 786 1761 1683 1.67255e+06 1.6102e+06 31429 16044 11212 4212 4832 15385 14782 10601 603 10291 4211 1600 1.57877e+06 10396 6080 5768 1123 1349 1135 1.56838e+06 11961 1.55642e+06 17373 17035 16189 11949 2851 1.53904e+06 232682 221961 28751 7512 1900 193210 88499 104711 12225 2021 65311 24852 23188 9097 92486 48023
internal_count=1750189 1694338 1685802 13250 11078 4635 2644 1991 6443 4682 3896 2172 1031 786 1761 1683 1672552 1610203 31429 16044 11212 4212 4832 15385 14782 10601 603 10291 4211 1600 1578774 10396 6080 5768 1123 1349 1135 1568378 11961 1556417 17373 17035 16189 11949 2851 1539044 232682 221961 28751 7512 1900 193210 88499 104711 12225 2021 65311 24852 23188 9097 92486 48023
is_linear=0
shrinkage=0.05


Tree=128
num_leaves=63
num_cat=0
split_feature=38 1 0 31 31 13 36 39 39 36 32 34 0 27 38 36 38 35 39 13 39 35 1 3 35 0 0 34 0 31 32 32 39 0 32 32 31 38 7 3 0 36 0 34 0 2 0 36 36 39 31 34 3 3 36 39 35 36 39 26 3 38
split_gain=0.146575 0.394397 0.29952 0.288936 0.278772 0.316681 0.374415 0.292158 0.243063 0.232732 0.226346 0.46041 0.227537 0.264001 0.274211 0.362271 0.249239 0.217561 0.179998 0.178228 0.166059 0.193731 0.156032 0.510291 0.418491 0.424139 0.392854 0.30715 0.235706 0.331366 0.380486 0.288466 0.22881 0.961504 0.81218 0.547168 0.848354 1.14781 1.09481 0.594203 0.591092 0.557503 0.852012 0.734607 0.602038 0.594434 0.539378 1.06163 0.753314 0.546007 1.28348 0.746701 0.653534 0.542686 1.01426 1.62807 1.43934 2.22248 0.744121 0.621973 0.609965 0.554059
threshold=19.289937145259795 6.0200000000000005 180226.78755743566 1.0000000180025095e-35 1.5000000000000002 0.3050000000000001 1.0000000180025095e-35 23.93411739077489 24.867464856855111 4.5000000000000009 2.5000000000000004 1.5000000000000002 65893.401104170844 29.350000000000005 16.442938657181362 2.5000000000000004 9.5127264262086868 5.5000000000000009 18.3948696458732 -0.21499999999999994 5.1522609290423373 3.5000000000000004 7.4400000000000004 5195.0500000000011 1.0000000180025095e-35 110726.09788494302 277557.63017067849 1.0000000180025095e-35 104596.30476177733 1.5000000000000002 1.5000000000000002 1.0000000180025095e-35 66.295399052495284 146587.63418879581 1.0000000180025095e-35 1.0000000180025095e-35 1.5000000000000002 42.18487488563369 5.6500000000000012 5858.3000000000002 405277.0510294133 3.5000000000000004 251694.62742354357 3.5000000000000004 107350.76582284849 1.0900000000000003 153648.95692354874 8.5000000000000018 2.5000000000000004 15.763643920596115 1.0000000180025095e-35 2.5000000000000004 5450.7000000000007 10185.850000000002 1.5000000000000002 37.939089223299568 1.0000000180025095e-35 4.5000000000000009 9.1393417900985376 6.0500000000000007 6470.4000000000005 39.060761811698576
decision_type=2 2 2 2 2 2 2 2 2 2 2 2 2 2 2 2 2 2 2 2 2 2 2 2 2 2 2 2 2 2 2 2 2 2 2 2 2 2 2 2 2 2 2 2 2 2 2 2 2 2 2 2 2 2 2 2 2 2 2 2 2 2
left_child=1 10 9 -4 5 6 -5 -6 -8 -3 12 -12 13 -1 16 19 -15 22 -19 -16 21 -14 23 27 26 -26 -24 28 -2 31 -31 -30 35 -34 -35 46 37 39 -39 -37 -40 -38 43 45 -45 -43 47 53 49 50 52 -52 -48 54 61 56 -56 -58 -55 -60 -57 -25
right_child=17 2 3 4 7 -7 8 -9 -10 -11 11 -13 20 14 15 -17 -18 18 -20 -21 -22 -23 24 32 25 -27 -28 -29 29 30 -32 -33 33 34 -36 36 41 38 40 -41 -42 42 -44 44 -46 -47 48 -49 -50 -51 51 -53 -54 58 55 60 57 -59 59 -61 -62 -63
leaf_value=0.0022622896014174798 -0.00038056868827211364 0.00015395913788318475 -0.0013429051266509767 -0.00076852841574949168 8.3220730157086071e-05 0.001885931584415931 -0.00062682539562182319 -0.00056439485293773245 0.0011920966726569793 -0.0012415204613071477 0.0001829381064637354 -0.001392548434485095 0.00036044377033959724 0.0014201277434566582 0.0033248626949122211 0.0003123440115005634 -0.00012387130868934989 0.0015178620015426718 0.00027248312629990376 0.0012321835787192283 0.00011178494039145 0.0018051344276592515 -2.2023178091910931e-05 -0.00022320466932233287 -0.00012970633968178313 0.00052222137074364532 0.00039757078547319558 0.00092176486337693314 -0.00019132444506299878 0.00022622209842321578 -0.00081814873398808579 -0.0012305087894943891 0.00011887870230718761 4.4370293811556956e-05 -0.00011778743190112389 -0.0015991549024108769 6.2408617094106191e-05 -0.00063837692097982828 0.0027418946793083022 0.0015113821177787723 0.00080360055421178206 -0.00041335105515167631 -0.00068374155168285248 -0.0019813314986635816 7.5453583914177004e-05 0.00018659909155860691 0.0019717998983925515 -0.00097446101214376649 8.3865273896283703e-05 -2.4795775294076289e-05 -0.0004780855581693753 9.3533796022445185e-06 -0.00056205878011607085 0.00056259992977504623 -0.00017663139495697808 -0.00043551529208659784 -0.001095391014717693 0.00013326051105358179 -0.00019632424543156629 6.3028395845146355e-05 -1.1957537042947762e-05 4.8876740890518238e-05
leaf_weight=219 11684 8254 618 771 2545 272 249 5516 700 310 1344 708 3835 311 205 542 1638 317 3424 202 36918 247 61592 24558 3504 8663 6134 633 22749 8887 967 688 177666 176181 137468 571 237745 482 1114 210 608 5451 6284 846 614 17020 962 3331 164918 274321 20918 12583 346 5797 18263 10166 14910 4887 33820 73046 51868 78589
leaf_count=219 11684 8254 618 771 2545 272 249 5516 700 310 1344 708 3835 311 205 542 1638 317 3424 202 36918 247 61592 24558 3504 8663 6134 633 22749 8887 967 688 177666 176181 137468 571 237745 482 1114 210 608 5451 6284 846 614 17020 962 3331 164918 274321 20918 12583 346 5797 18263 10166 14910 4887 33820 73046 51868 78589
internal_value=-1.26234e-08 7.34266e-05 -0.000116797 -0.000293552 -0.000229044 0.000300616 4.99144e-05 -0.000359931 0.000714845 0.000103446 0.000152678 -0.000360651 0.000176554 0.000588383 0.000461886 0.00115889 0.000122503 -2.86356e-06 0.000378012 0.00228624 0.000145245 0.000447861 -3.71116e-06 -7.11388e-06 6.44833e-05 0.000334471 1.59798e-05 -0.000171962 -0.000187355 -0.000119544 0.000123735 -0.00022183 -2.28059e-06 2.59424e-05 -2.67012e-05 -1.53101e-05 4.60359e-05 0.0008843 0.00146795 -0.000762775 0.00205753 3.66979e-05 -0.000165605 -2.9549e-05 -0.00111635 4.10636e-05 -3.62628e-05 -8.65038e-05 -2.42931e-06 -4.84667e-05 -0.000235011 -0.000295003 0.00130153 -7.71409e-05 -0.000125933 -0.00023932 -0.000496764 -0.000792092 1.08792e-05 -1.90492e-05 -8.13693e-05 -1.59024e-05
internal_weight=1.75019e+06 65404 19235 10671 10053 1992 1720 8061 949 8564 46169 2052 44117 3117 2898 949 1949 1.68478e+06 3741 407 41000 4082 1.68104e+06 1.60115e+06 79893 12167 67726 45608 44975 33291 9854 23437 1.55554e+06 491315 313649 1.06423e+06 270945 2985 2204 781 1722 267960 30215 23931 1460 22471 793283 319235 474048 309130 34809 33501 1308 315904 203241 100094 38060 19797 112663 106866 62034 103147
internal_count=1750189 65404 19235 10671 10053 1992 1720 8061 949 8564 46169 2052 44117 3117 2898 949 1949 1684785 3741 407 41000 4082 1681044 1601151 79893 12167 67726 45608 44975 33291 9854 23437 1555543 491315 313649 1064228 270945 2985 2204 781 1722 267960 30215 23931 1460 22471 793283 319235 474048 309130 34809 33501 1308 315904 203241 100094 38060 19797 112663 106866 62034 103147
is_linear=0
shrinkage=0.05


Tree=129
num_leaves=63
num_cat=0
split_feature=34 34 31 3 7 35 7 0 0 31 16 31 39 39 39 2 16 38 34 31 0 0 39 3 31 31 34 13 1 31 39 0 39 31 39 35 0 6 31 31 31 4 0 7 34 31 3 39 35 31 39 35 31 34 2 34 35 3 31 25 33 0
split_gain=0.150445 0.255138 0.373914 0.397176 0.351823 0.926449 0.298757 1.01174 0.564917 0.601819 0.507428 0.36511 0.364658 0.251672 0.269772 0.247281 0.240834 0.233661 0.22882 0.300841 0.219128 0.209982 0.202439 0.192823 0.192572 0.190852 0.21655 0.170082 0.249573 0.294147 0.261539 0.604776 0.262097 0.260981 0.371589 0.219002 0.197161 0.472157 0.34982 0.33375 0.423207 0.337794 0.325279 0.424305 0.30849 0.417177 0.362646 0.290236 0.289764 0.354544 0.317258 0.302927 0.457015 0.348084 0.280468 0.274491 1.12815 0.645514 0.521973 0.434994 0.417921 0.395129
threshold=7.5000000000000009 6.5000000000000009 11.500000000000002 11095.450000000003 4.7500000000000009 1.5000000000000002 8.4000000000000021 197308.06468379471 173976.56506366437 10.500000000000002 -0.68999999999999961 9.5000000000000018 72.180393832584613 5.1522609290423373 41.814400508744093 -0.059999999999999998 -0.67499999999999993 61.977100360698842 9.5000000000000018 13.500000000000002 289982.18113219982 350498.93626562442 33.793973005865396 6872.7000000000016 8.5000000000000018 11.500000000000002 8.5000000000000018 -0.77999999999999992 4.3150000000000004 14.500000000000002 44.387866084662029 350498.93626562442 86.313519077006774 8.5000000000000018 15.763643920596115 1.0000000180025095e-35 388834.29802813922 169.15000000000001 4.5000000000000009 26.000000000000004 12.500000000000002 5.6050000000000013 762942.74572553637 5.3500000000000005 2.5000000000000004 10.500000000000002 6593.2000000000016 9.1393417900985376 2.5000000000000004 3.5000000000000004 16.427268310526262 1.0000000180025095e-35 5.5000000000000009 1.5000000000000002 1.8200000000000003 4.5000000000000009 1.0000000180025095e-35 11761.400000000003 6.5000000000000009 5.7500000000000009 1.5000000000000002 197308.06468379471
decision_type=2 2 2 2 2 2 2 2 2 2 2 2 2 2 2 2 2 2 2 2 2 2 2 2 2 2 2 2 2 2 2 2 2 2 2 2 2 2 2 2 2 2 2 2 2 2 2 2 2 2 2 2 2 2 2 2 2 2 2 2 2 2
left_child=1 27 3 4 5 21 8 -8 11 15 -11 12 -6 18 20 -10 -4 24 -2 -20 25 23 -9 -3 -5 -15 -27 28 29 -1 31 33 -32 34 35 -30 55 38 47 40 41 44 -42 -44 45 48 -47 -38 49 50 -39 52 54 -54 -51 -29 57 58 -57 -60 61 -61
right_child=13 2 16 17 6 -7 7 22 9 10 -12 -13 -14 14 -16 -17 -18 -19 19 -21 -22 -23 -24 -25 -26 26 -28 36 30 -31 32 -33 -34 -35 -36 -37 37 39 -40 -41 42 -43 43 -45 -46 46 -48 -49 -50 51 -52 -53 53 -55 -56 56 -58 -59 59 60 -62 -63
leaf_value=-2.454385360345096e-05 -0.00049780942028980295 -8.8233444513088725e-05 -0.00079942239349350833 -0.0022685839897021651 0.0016338205733305794 0.00089446656249101927 -0.00021360595179648162 0.0014055078965226507 0.00031241533344659881 0.0023304492993474926 0.00036121971781477959 0.00052411783277536033 0.00021823854948632717 -0.0010921520839208016 -6.9816781415733617e-05 -0.00038056782521592912 2.7170275540032582e-05 -0.00010081384181915461 0.0016967103290400042 -0.00020298332346573735 0.00073223624915055407 -0.00038441215989892352 0.00054687416557376079 -0.0017403084205824708 -0.00054586251838912247 0.00011501974533012568 -0.00071422894284717904 1.7461446486533642e-05 -0.00037102126325779428 0.00025565678273011379 7.6914207848162481e-06 0.00011641116300354336 -0.00030512921028773402 -7.0789209927876775e-05 -0.000363843123838273 -0.0012685430181350085 -0.0007493380579731662 -0.00040269108222885496 0.0002024141403308338 -0.0006788247323354004 1.2404074480533108e-05 0.00043151327754106924 0.0006978345476875786 -0.00017001448929051321 -3.4906743598532211e-06 -0.0015820606764417712 -0.00042113826968257444 -2.1375840893812418e-05 7.3312198645916147e-06 -0.00034620720335071584 4.0300099105098311e-05 -0.00011966351992421872 -0.00026765722183878153 0.00056896850560465145 -0.00080230700306080046 -0.00066965549583831801 -0.00025391515866122566 -0.00030750725934197568 -0.00038140604194595809 0.00050366584522421748 -0.00064080566417461823 8.4020702254149565e-05
leaf_weight=95312 367 230 1599 250 1872 1229 6783 1204 2228 512 906 4203 601 1329 14745 3049 1963 2072 557 333 338 1262 1597 761 462 1314 1964 1227080 1004 10387 39980 8489 8043 4874 11753 2104 1627 5051 29305 2277 17736 2900 4481 2054 43460 783 4775 8642 24713 6284 20226 15798 8214 1465 7270 1560 42690 7114 2360 17269 1071 8308
leaf_count=95312 367 230 1599 250 1872 1229 6783 1204 2228 512 906 4203 601 1329 14745 3049 1963 2072 557 333 338 1262 1597 761 462 1314 1964 1227080 1004 10387 39980 8489 8043 4874 11753 2104 1627 5051 29305 2277 17736 2900 4481 2054 43460 783 4775 8642 24713 6284 20226 15798 8214 1465 7270 1560 42690 7114 2360 17269 1071 8308
internal_value=-1.19923e-08 1.60143e-06 0.00013976 0.000198716 0.000258536 -0.000209792 0.000329576 0.000116517 0.00048229 0.000157754 0.00107225 0.00080775 0.0012898 -0.000133205 -0.000176995 -8.79837e-05 -0.000343891 -0.000369332 0.000552727 0.000985926 -0.000496579 -0.00081216 0.000915955 -0.00135688 -0.00115075 -0.000586733 -0.000381821 -1.06839e-06 -4.67449e-05 2.99135e-06 -0.000115693 -0.000236486 -4.47005e-05 -0.000388285 -0.000492414 -0.00097861 4.41896e-06 -4.09133e-05 0.000114415 -7.76143e-05 -6.93282e-05 -0.000102537 0.000123513 0.000425063 -0.000113757 -0.000164425 -0.000584687 -0.000136713 -0.000138186 -0.000194107 -4.8221e-05 -0.000288585 -0.000403449 -0.000141027 -0.000590847 1.15982e-05 -7.79187e-05 0.000121468 0.000221302 0.000269216 0.000326837 0.000367355
internal_weight=1.75019e+06 1.72924e+06 32783 29221 26437 3482 22955 9584 13371 6695 1418 6676 2473 20947 19690 5277 3562 2784 1257 890 4945 2253 2801 991 712 4607 3278 1.69646e+06 181946 105699 76247 28224 48023 19735 14861 3108 1.51451e+06 207061 39574 167487 165210 140939 24271 6535 138039 94579 5558 10269 89021 64308 25277 39031 23233 9679 13554 1.30745e+06 80372 37682 30568 29008 26648 25577
internal_count=1750189 1729242 32783 29221 26437 3482 22955 9584 13371 6695 1418 6676 2473 20947 19690 5277 3562 2784 1257 890 4945 2253 2801 991 712 4607 3278 1696459 181946 105699 76247 28224 48023 19735 14861 3108 1514513 207061 39574 167487 165210 140939 24271 6535 138039 94579 5558 10269 89021 64308 25277 39031 23233 9679 13554 1307452 80372 37682 30568 29008 26648 25577
is_linear=0
shrinkage=0.05


Tree=130
num_leaves=63
num_cat=0
split_feature=15 15 3 0 39 31 20 18 0 29 20 29 31 39 38 36 40 39 17 25 39 30 36 38 40 39 32 38 29 32 31 36 21 26 20 20 18 28 26 33 31 36 21 3 31 36 30 39 38 31 35 31 32 0 39 22 18 31 26 38 15 0
split_gain=0.157778 0.288811 0.1507 0.245681 0.238295 0.238031 0.212044 0.520006 0.508712 0.635024 0.401923 0.355162 0.329063 0.321723 0.304567 0.285086 0.264472 0.337155 0.313975 0.26389 0.296089 0.256827 0.272468 0.242567 0.228319 0.226267 0.223629 0.219977 0.217834 0.213096 0.412569 0.268088 0.30105 0.275912 0.239655 0.206181 0.35509 0.313156 0.217325 0.202363 0.228815 0.199108 0.192356 0.187714 0.238826 0.185182 0.286761 0.263122 0.2861 0.244187 0.222872 0.243474 0.360001 0.337705 0.198802 0.197341 0.186057 0.182753 0.176698 0.175315 0.172622 0.172055
threshold=-0.85499999999999965 -0.82999999999999996 13721.400000000003 101874.35345268053 23.264872196902367 6.5000000000000009 819.50000000000011 54903.500000000007 268388.87224638741 81.050466746901165 979.50000000000011 45.954429478010134 1.0000000180025095e-35 84.643739520665619 19.289937145259795 3.5000000000000004 76.869573798183239 53.382564551629208 9185.5000000000018 4.7500000000000009 26.775244254510117 0.0071016513651684281 8.5000000000000018 91.734410667436023 19.781346685093769 0.71568454891385702 1.5000000000000002 65.105909485749876 54.593847982810736 4.5000000000000009 7.5000000000000009 1.5000000000000002 3108.5000000000005 6.2500000000000009 680.50000000000011 622.50000000000011 28531.000000000004 9.0500000000000025 4.9500000000000011 2.5000000000000004 8.5000000000000018 2.5000000000000004 2127.5000000000005 12632.85 21.500000000000004 1.5000000000000002 0.0011124664273215337 17.855285984510253 80.547822017075632 12.500000000000002 1.0000000180025095e-35 7.5000000000000009 1.0000000180025095e-35 122451.89343413214 38.948719722588358 508.50000000000006 37009.500000000007 3.5000000000000004 4.7500000000000009 64.561896834238595 0.10500000000000033 153648.95692354874
decision_type=2 2 2 2 2 2 2 2 2 2 2 2 2 2 2 2 2 2 2 2 2 2 2 2 2 2 2 2 2 2 2 2 2 2 2 2 2 2 2 2 2 2 2 2 2 2 2 2 2 2 2 2 2 2 2 2 2 2 2 2 2 2
left_child=-1 -2 6 -4 5 -5 11 8 9 10 14 19 -13 16 15 -8 45 23 -19 20 25 22 -15 28 -16 -3 -11 -12 -18 30 31 33 35 -21 -31 -33 37 -37 -39 -9 61 -32 -40 -10 -45 49 50 -48 -49 55 51 52 54 -54 -47 56 -14 -30 -38 -60 -46 -41
right_child=1 2 3 4 -6 -7 7 39 43 26 27 12 13 21 24 -17 17 18 -20 29 -22 -23 -24 -25 -26 -27 -28 -29 57 34 41 32 -34 -35 -36 36 58 38 42 40 -42 -43 -44 44 60 46 47 48 -50 -51 -52 -53 53 -55 -56 -57 -58 -59 59 -61 -62 -63
leaf_value=8.3274111410049578e-05 -0.00029183672775841166 0.00062496638920084497 0.00059111896641100153 -0.0007316112156713244 0.00013085780145871272 9.2214072747594212e-05 0.00060795132581567578 -4.8252968771143009e-06 3.7905233880304104e-05 -0.00029641783248284974 0.0007233922040250371 0.00030634901236610746 -0.0015068255038396176 7.2604088191985031e-05 -0.00032876634328211235 0.0026260229502974713 -0.0018854575184869228 3.989396209742961e-05 -0.00065288838039219638 -0.00022959445175228731 0.00027132060567469743 0.00043793119902669824 -0.00046230114234066446 0.00010136082199388365 0.00018778795144774245 -0.0010372119197456871 0.0005849920883284472 0.00031174770635868511 -0.0012580775286532252 0.002469163383931577 0.00025510108592185251 0.00030617217113479992 0.000122690945655983 0.00052773021326731149 0.00024308297853097499 0.00051567234214191062 -0.00071733477726789656 0.0036371229160327596 0.0009087460015807634 0.0015919647453684822 -0.00023464805309749467 -0.00059780563957358916 0.0027037728703944598 -0.00045895921319948736 -7.63333807548788e-05 -0.00058821158100294427 0.0015662255793427071 0.00012700225533343419 -0.00037602911135661647 0.0013898941256255577 0.00011336255496926959 -0.00059420118963270172 0.0014727098553837278 -9.1210339052287361e-05 -0.00012732674603497911 -0.00016444008947681974 -0.00041633235224708534 -0.00039121636632365056 0.00042646173350200994 0.0020069415494050709 0.0011479850756367705 0.00036483775776591416
leaf_weight=55891 8558 245 2471 1728 21496 1780 1353 1430498 8514 7245 6222 5119 459 15738 2292 201 518 5204 2385 2776 1286 3903 2805 667 32087 1246 799 6784 1055 226 1049 1001 1964 2122 260 346 226 224 297 304 1682 1968 300 5589 1034 3062 293 20847 3270 245 5470 4019 625 771 9920 41958 2646 1435 660 239 399 4731
leaf_count=55891 8558 245 2471 1728 21496 1780 1353 1430498 8514 7245 6222 5119 459 15738 2292 201 518 5204 2385 2776 1286 3903 2805 667 32087 1246 799 6784 1055 226 1049 1001 1964 2122 260 346 226 224 297 304 1682 1968 300 5589 1034 3062 293 20847 3270 245 5470 4019 625 771 9920 41958 2646 1435 660 239 399 4731
internal_value=6.17849e-07 -2.10828e-06 -6.37692e-07 0.000115505 6.85025e-05 -0.000313593 -2.56163e-06 3.05192e-06 0.000133687 0.000202834 0.000270505 -5.94983e-05 -8.67082e-05 -0.000102515 0.000184299 0.000868976 -0.000139293 -0.000368187 -0.000177827 0.000159728 -0.000284599 6.92833e-05 -8.31104e-06 -0.000761286 0.00015335 -0.000764084 -0.000208869 0.000508676 -0.000952571 0.00025007 0.000212134 0.000364658 0.000612634 9.85074e-05 0.00127826 0.000904844 0.00116631 0.00177735 0.00230907 -3.53966e-06 0.000270259 -0.000301253 0.00181077 -0.000119933 -0.000311308 -0.000111743 -4.36059e-05 7.68908e-05 5.87967e-05 -0.000184345 -0.000166844 -0.000250158 -0.00015399 0.000608969 -0.000236033 -0.000192904 -0.000577536 -0.000758501 0.00053245 0.000846634 0.000264562 0.000438928
internal_weight=1.75051e+06 1.69462e+06 1.68606e+06 27475 25004 3508 1.65858e+06 1.50973e+06 72519 56983 48939 148849 132414 127295 35933 1554 104849 11264 7589 16435 2777 22446 18543 3675 34379 1491 8044 13006 3008 13658 13172 10155 5257 4898 486 3293 2292 1167 821 1.43722e+06 6717 3017 597 15536 7022 93585 48277 24410 24117 45308 23867 18397 14378 1396 12982 45063 3105 2490 1125 899 1433 5035
internal_count=1750507 1694616 1686058 27475 25004 3508 1658583 1509734 72519 56983 48939 148849 132414 127295 35933 1554 104849 11264 7589 16435 2777 22446 18543 3675 34379 1491 8044 13006 3008 13658 13172 10155 5257 4898 486 3293 2292 1167 821 1437215 6717 3017 597 15536 7022 93585 48277 24410 24117 45308 23867 18397 14378 1396 12982 45063 3105 2490 1125 899 1433 5035
is_linear=0
shrinkage=0.05


Tree=131
num_leaves=63
num_cat=0
split_feature=34 34 36 3 5 35 40 32 32 36 35 32 16 0 7 31 0 0 32 3 0 7 0 32 2 40 32 0 40 34 35 0 38 34 40 16 1 3 0 40 31 31 38 40 33 0 5 38 38 0 0 5 34 7 1 13 32 31 36 36 33 31
split_gain=0.143172 0.240297 0.457486 0.35105 0.36017 1.10494 0.345644 0.470171 0.391882 0.378743 0.355912 0.303704 0.285826 0.289559 0.233558 0.223002 0.248395 0.219234 0.222222 0.204918 0.273403 0.201984 0.197518 0.273733 0.196289 0.195969 0.19562 0.192787 0.205414 0.224747 0.179904 0.190415 0.164375 0.158621 0.254123 0.155602 0.417447 0.447039 0.425771 0.447438 0.381537 0.679101 0.648105 0.621188 0.439307 0.373007 0.32722 0.321505 0.319106 0.301849 0.265676 0.425324 0.449045 0.711175 0.429869 0.399701 0.397507 0.334081 0.358699 0.432206 0.301817 0.283825
threshold=7.5000000000000009 6.5000000000000009 2.5000000000000004 11310.250000000002 174.07000000000002 1.5000000000000002 74.541265200395856 1.0000000180025095e-35 2.5000000000000004 1.0000000180025095e-35 1.0000000180025095e-35 1.0000000180025095e-35 -0.67499999999999993 263980.8041128458 8.2500000000000018 13.500000000000002 65893.401104170844 190229.30343593637 1.0000000180025095e-35 6938.7500000000009 354779.99469175737 8.0500000000000025 170926.17339939633 2.5000000000000004 1.0900000000000003 23.012677662957731 1.5000000000000002 80313.388823401692 57.988623973876336 9.5000000000000018 1.0000000180025095e-35 124987.01622256158 87.643370113081389 9.5000000000000018 57.988623973876336 -0.73499999999999976 6.0200000000000005 5983.7500000000009 80313.388823401692 31.758794973104305 1.5000000000000002 1.0000000180025095e-35 68.627032983435114 61.302741268911802 1.0000000180025095e-35 142184.28379987078 111.90800000000002 73.378183952559269 42.18487488563369 209363.96956540991 292600.24436280032 182.45750000000001 1.5000000000000002 9.2000000000000011 7.9350000000000014 1.1550000000000002 18.500000000000004 24.500000000000004 3.5000000000000004 1.5000000000000002 1.5000000000000002 5.5000000000000009
decision_type=2 2 2 2 2 2 2 2 2 2 2 2 2 2 2 2 2 2 2 2 2 2 2 2 2 2 2 2 2 2 2 2 2 2 2 2 2 2 2 2 2 2 2 2 2 2 2 2 2 2 2 2 2 2 2 2 2 2 2 2 2 2
left_child=1 35 3 4 6 19 8 10 9 11 32 -3 13 -4 15 16 -2 18 -14 -6 -21 30 -17 26 -10 -11 -24 -16 29 -29 31 -9 -8 -18 -35 36 37 -1 -38 48 41 42 -41 44 47 -45 -44 -43 -40 -48 56 52 54 -54 55 60 -37 58 59 -53 -52 -61
right_child=14 2 12 -5 5 -7 7 21 24 25 -12 -13 17 -15 27 22 33 -19 -20 20 -22 -23 23 -25 -26 -27 -28 28 -30 -31 -32 -33 -34 34 -36 50 38 -39 39 40 -42 43 46 45 -46 -47 49 -49 -50 -51 51 57 53 -55 -56 -57 -58 -59 -60 61 -62 -63
leaf_value=0.00013932180900689948 -0.0011475314685525598 -0.0014989435333514006 -0.0025718011667450026 -0.00051449838324488402 -0.00029146626711159396 0.00085046605015702775 -0.001536150460012766 0.00093740989129926068 -0.00097359350177561978 0.0019638808331306793 0.00018854549608772331 0.00039728584794912345 1.9534172228172682e-05 -0.00059840926668324769 -0.0010256009223120074 0.00076218361402585462 -0.00014418891259967154 0.00052400202916246875 -0.0017066594285343761 -0.001843877255701616 -0.00054537483089789329 -8.3467358145341413e-06 2.3981018507150408e-05 -0.00064966717414461229 0.00012376416024625195 0.00055143056532113279 0.0016285614601076724 -0.00010181744055944365 -0.00033976109920359716 0.0015632989174180216 0.0013234008558697158 -0.00012032246562910495 -0.0004532368952688046 0.001770497736015067 9.6112790583588589e-05 1.7935927518302082e-05 -0.00041379252173815557 -2.8163348363263124e-05 -4.6263883659044043e-05 -0.00033925713725469587 -4.7444305026183567e-05 -0.00048052155140397926 -2.1156563552977059e-05 -0.0004335057729431132 0.0011491134659915284 -0.0012276996627285045 0.00028239434255834171 0.00037357498797003504 0.00029482211050942586 0.0012483779243338423 -6.3332187301718266e-05 -7.3575693787159124e-05 4.3221893887848586e-05 0.00051622987600445213 0.00039086515106744073 -0.0005426132291835949 0.00052609992928632316 0.00088117836728874199 0.00014505403916396093 -0.00055945432539217688 0.00038963101494397454 -0.00022427911282046822
leaf_weight=50640 548 406 289 1682 1294 1668 796 776 638 250 955 440 441 521 886 1602 7180 680 323 741 895 2602 493 839 1128 13869 309 600 6966 306 670 942 626 285 1106 1016560 10415 186832 17208 8874 43244 6692 3783 2479 528 3663 2103 1319 11400 1314 145351 38573 79834 8825 5339 4268 3863 803 9433 9126 3773 20513
leaf_count=50640 548 406 289 1682 1294 1668 796 776 638 250 955 440 441 521 886 1602 7180 680 323 741 895 2602 493 839 1128 13869 309 600 6966 306 670 942 626 285 1106 1016560 10415 186832 17208 8874 43244 6692 3783 2479 528 3663 2103 1319 11400 1314 145351 38573 79834 8825 5339 4268 3863 803 9433 9126 3773 20513
internal_value=5.86956e-07 2.16718e-06 0.000136563 0.000187559 0.00022871 -0.000176817 0.000306086 2.07148e-05 0.00043174 0.000514868 -0.000558032 -0.000512725 -0.000550726 -0.0013025 -0.000128808 1.11442e-05 -0.000115499 -0.000129027 -0.000710257 -0.000761632 -0.00113351 0.000296402 0.000367251 -1.82953e-05 -0.000272676 0.00057644 0.000642205 -0.000326351 -0.000247649 0.000460573 0.000628461 0.000357443 -0.00105942 -4.95139e-05 0.000439175 -4.17527e-07 -3.00926e-05 7.55222e-06 -0.000109189 -7.82702e-05 -0.00014319 -0.000277817 -5.3276e-05 -0.000523663 -0.000247824 -0.000907152 0.000299196 -0.000339896 8.96555e-05 0.000653861 7.30827e-06 -3.19988e-05 1.69539e-07 9.03045e-05 -5.01752e-05 -6.55262e-05 1.98597e-05 -0.000133443 -0.000143937 -0.000183901 -5.18717e-05 -0.000327481
internal_weight=1.75051e+06 1.72939e+06 32632 30378 28696 4598 24098 7367 16731 14965 2377 846 2254 810 21120 12362 9119 1444 764 2930 1636 4990 3243 1641 1766 14119 802 8758 7872 906 2388 1718 1422 8571 1391 1.69676e+06 350494 237472 113022 102607 73999 30755 16074 14681 8539 6142 7200 8011 28608 3417 1.34626e+06 325838 247390 88659 158731 153392 1.02042e+06 78448 77645 68212 149124 29639
internal_count=1750507 1729387 32632 30378 28696 4598 24098 7367 16731 14965 2377 846 2254 810 21120 12362 9119 1444 764 2930 1636 4990 3243 1641 1766 14119 802 8758 7872 906 2388 1718 1422 8571 1391 1696755 350494 237472 113022 102607 73999 30755 16074 14681 8539 6142 7200 8011 28608 3417 1346261 325838 247390 88659 158731 153392 1020423 78448 77645 68212 149124 29639
is_linear=0
shrinkage=0.05


Tree=132
num_leaves=63
num_cat=0
split_feature=15 15 2 31 32 1 0 3 0 25 36 31 33 0 0 40 36 35 29 31 0 31 32 35 7 36 5 32 36 36 40 33 0 32 5 32 1 5 0 1 31 5 36 35 0 35 27 3 31 0 36 35 31 33 29 19 36 38 7 36 32 3
split_gain=0.13891 0.258499 0.142163 0.224763 0.196911 0.147532 0.141575 0.138643 0.219809 0.19098 0.366525 0.516352 0.569113 0.368013 0.357972 0.274974 0.229349 0.212194 0.20608 0.18215 0.17657 0.230795 0.477876 0.310281 0.316887 0.404041 0.397678 0.620691 0.485492 0.516393 0.375818 0.36279 0.336153 0.433334 0.288211 0.316129 0.282953 0.281843 0.279364 0.276996 0.268747 0.265373 0.251322 0.749643 0.388125 0.342245 0.291509 0.360053 0.276238 0.489124 0.424073 0.316207 0.313207 0.269861 0.5552 0.346868 0.270987 0.312849 0.259608 0.258859 0.250521 0.304596
threshold=-0.85499999999999965 -0.82999999999999996 1.7200000000000002 2.5000000000000004 1.5000000000000002 4.6450000000000005 334583.71056835965 13721.400000000003 101874.35345268053 5.6500000000000012 1.5000000000000002 12.500000000000002 1.5000000000000002 160223.80148664655 1412101.9492118165 49.845063248297357 6.5000000000000009 1.0000000180025095e-35 58.107960018548823 3.5000000000000004 969852.3837693712 9.5000000000000018 7.5000000000000009 4.5000000000000009 4.6500000000000012 2.5000000000000004 141.57900000000004 6.5000000000000009 1.5000000000000002 1.0000000180025095e-35 31.758794973104305 1.5000000000000002 451602.61470957805 1.0000000180025095e-35 168.47250000000003 1.0000000180025095e-35 4.2100000000000009 174.07000000000002 292600.24436280032 6.1350000000000007 17.500000000000004 142.95550000000003 5.5000000000000009 1.5000000000000002 59364.548915132938 1.0000000180025095e-35 36.750000000000007 11761.400000000003 2.5000000000000004 95333.484160635562 3.5000000000000004 1.0000000180025095e-35 7.5000000000000009 1.0000000180025095e-35 68.373950610734909 95650.000000000015 6.5000000000000009 33.281884109068457 8.6500000000000004 1.5000000000000002 1.0000000180025095e-35 7468.7500000000009
decision_type=2 2 2 2 2 2 2 2 2 2 2 2 2 2 2 2 2 2 2 2 2 2 2 2 2 2 2 2 2 2 2 2 2 2 2 2 2 2 2 2 2 2 2 2 2 2 2 2 2 2 2 2 2 2 2 2 2 2 2 2 2 2
left_child=2 -2 4 -4 -1 -6 -5 9 -9 10 11 12 18 -13 -15 16 -12 19 -3 -14 21 22 42 24 25 32 27 -26 29 37 31 40 33 -23 35 -32 -29 -28 -24 -35 -30 -37 46 44 58 53 47 -11 -49 50 -50 52 59 54 55 -46 -56 -58 -44 -51 -36 -62
right_child=1 7 3 6 5 -7 -8 8 -10 20 15 13 17 14 -16 -17 -18 -19 -20 -21 -22 23 38 -25 26 -27 28 36 30 -31 34 -33 -34 39 60 41 -38 -39 -40 -41 -42 -43 43 -45 45 -47 -48 48 49 51 -52 -53 -54 -55 56 -57 57 -59 -60 -61 61 -63
leaf_value=9.6750089633807911e-05 -0.00027610325563330699 -0.00045695295076957104 -0.00067241331150432176 -3.9489322353587936e-05 7.5849667797507489e-05 0.00066573101487780106 0.0002683948444053721 0.00056066515515539636 6.6331534441211934e-05 0.00027607401138225382 6.2394179851974811e-05 0.0020369830118769617 0.00049679185134116532 4.8224579844201596e-05 0.0021745585842880663 -6.8588891767963321e-05 0.00041263720796795458 0.00037174104236371483 -0.00018672901440688742 -0.00025972321733214171 0.00016401472382843331 0.00073855220407517339 0.0010527900256602702 0.00021693087569791658 -0.00026686947335206364 2.8307808847896222e-05 -7.8590987873714381e-05 0.00045468098269492961 0.00014859772138730762 0.00026611947237237726 -0.00017420280696733281 -0.00065959140891609213 -0.00018673762064576826 -0.00016139904283798989 7.2894484199025124e-05 0.00036842495028903622 -9.9520749184638869e-05 -0.00094314196635217503 0.00020421250887256155 -0.0011956258472365444 0.0012566284034544882 -8.0187948158109677e-06 0.00087935359984665003 0.001226839703510005 -0.0027741523884021054 0.00041292852936986626 -1.9482918907687075e-06 0.00023089981516004953 0.00067938306856283204 -0.00030406395918604226 -0.00045806855192007177 0.00012299253439614614 -0.0005730480009585678 0.00029204539388487329 -0.00024312152331428894 -0.0007355559638605229 -0.0015346771861070273 0.00027762937047326713 -0.00024743798705763656 3.689180526556418e-05 -0.00013980665443535844 -0.00054591674741872004
leaf_weight=26863 8558 8228 1225 18546 1665 2917 4675 2471 25004 20778 35106 379 1036 1546 227 47173 5392 5952 49512 3430 16846 406 1655 10815 35867 6085 5764 4872 22315 26371 29925 1378 4190 820 4918 5219 4368 1127 2343 3076 561 45468 2328 1539 266 4687 1139474 13588 3920 9654 1036 12476 4292 4252 8886 968 249 5454 655 13149 9939 8623
leaf_count=26863 8558 8228 1225 18546 1665 2917 4675 2471 25004 20778 35106 379 1036 1546 227 47173 5392 5952 49512 3430 16846 406 1655 10815 35867 6085 5764 4872 22315 26371 29925 1378 4190 820 4918 5219 4368 1127 2343 3076 561 45468 2328 1539 266 4687 1139474 13588 3920 9654 1036 12476 4292 4252 8886 968 249 5454 655 13149 9939 8623
internal_value=5.57609e-07 -2.00033e-06 7.81145e-05 -1.23263e-05 0.000148425 0.000451381 2.24959e-05 -6.09057e-07 0.00011079 -2.45442e-06 -5.47452e-05 -0.000139788 -0.000163865 0.000622768 0.000320462 1.34572e-05 0.000109026 0.000176275 -0.000225236 -8.42307e-05 3.05067e-06 1.22315e-06 9.71505e-06 -4.45699e-05 -5.735e-05 -0.000282666 -4.14613e-05 -0.000172729 -4.82256e-06 0.000165411 -4.89402e-05 0.000128309 -0.000505496 -0.000815955 -9.02403e-05 -4.53383e-05 0.000192695 -0.000219985 0.000555487 -0.00097795 0.000175771 3.07418e-05 7.96617e-06 0.000152714 9.31329e-05 2.8225e-05 4.48709e-06 9.74351e-05 3.35658e-05 -2.66532e-05 0.000441611 -8.53001e-05 -0.000181209 -6.15934e-05 -0.000156624 -0.00117499 -7.04861e-05 0.000198502 0.000631935 -0.000107457 -0.000244399 -0.000328466
internal_weight=1.75051e+06 1.69462e+06 55891 24446 31445 4582 23221 1.68606e+06 27475 1.65858e+06 157981 70310 68158 2152 1773 87671 40498 10418 57740 4466 1.5006e+06 1.48376e+06 1.25165e+06 232107 221292 14577 206715 45107 161608 33262 128346 24254 8492 4302 104092 80612 9240 6891 3998 3896 22876 50687 1.24765e+06 29284 27745 24762 1.21837e+06 78893 58115 44527 4956 39571 27095 20075 15823 1234 14589 5703 2983 22803 23480 18562
internal_count=1750507 1694616 55891 24446 31445 4582 23221 1686058 27475 1658583 157981 70310 68158 2152 1773 87671 40498 10418 57740 4466 1500602 1483756 1251649 232107 221292 14577 206715 45107 161608 33262 128346 24254 8492 4302 104092 80612 9240 6891 3998 3896 22876 50687 1247651 29284 27745 24762 1218367 78893 58115 44527 4956 39571 27095 20075 15823 1234 14589 5703 2983 22803 23480 18562
is_linear=0
shrinkage=0.05


Tree=133
num_leaves=63
num_cat=0
split_feature=28 32 20 19 36 0 0 37 3 39 3 36 31 39 0 27 30 31 3 3 26 39 36 31 31 29 17 19 39 33 31 33 39 0 38 31 3 31 29 32 33 32 0 36 32 32 0 19 28 35 36 19 3 39 20 28 25 20 21 22 35 39
split_gain=0.136186 0.302661 0.216635 0.559349 0.503059 0.310214 0.249166 0.537336 0.249355 0.526003 0.252041 0.285461 0.259398 0.247538 0.247034 0.23353 0.279768 0.266618 0.278863 0.215811 0.251339 0.375482 0.33005 0.49186 0.315921 0.461134 0.40878 0.357531 0.304953 0.264695 0.392646 0.482684 0.366654 0.407103 0.308324 0.297521 0.294093 0.294801 0.248518 0.245285 0.254679 0.231674 0.367667 0.23146 0.23037 0.225754 0.222405 0.241143 0.214475 0.213649 0.212707 0.211424 0.20486 0.219134 0.204731 0.20217 0.197267 0.222371 0.275761 0.254616 0.229164 0.232127
threshold=53.45000000000001 22.500000000000004 920.50000000000011 151650.00000000003 6.5000000000000009 268388.87224638741 811372.39673120365 1.0000000180025095e-35 6366.0000000000009 0.034812904843917504 10185.850000000002 4.5000000000000009 11.500000000000002 0.034812904843917504 99112.95427677453 29.650000000000002 0.0006813088844879971 8.5000000000000018 12772.600000000002 13670.400000000003 6.5500000000000007 90.870902560488418 1.5000000000000002 8.5000000000000018 7.5000000000000009 46.54983445828578 9040.0000000000018 97750.000000000015 11.032734872103637 1.5000000000000002 2.5000000000000004 1.0000000180025095e-35 25.434229221687573 97249.082666549933 48.765278748091596 1.0000000180025095e-35 12271.100000000002 1.5000000000000002 65.237670677659153 3.5000000000000004 1.0000000180025095e-35 1.0000000180025095e-35 131755.01542722576 8.5000000000000018 1.5000000000000002 10.500000000000002 37133.872098187014 90750.000000000015 15.850000000000003 1.0000000180025095e-35 6.5000000000000009 71750.000000000015 12453.200000000003 24.867464856855111 676.50000000000011 37.250000000000007 3.6500000000000008 670.50000000000011 2889.5000000000005 6309.5000000000009 1.0000000180025095e-35 31.101485519200541
decision_type=2 2 2 2 2 2 2 2 2 2 2 2 2 2 2 2 2 2 2 2 2 2 2 2 2 2 2 2 2 2 2 2 2 2 2 2 2 2 2 2 2 2 2 2 2 2 2 2 2 2 2 2 2 2 2 2 2 2 2 2 2 2
left_child=2 52 6 5 -5 14 19 8 9 -8 12 49 13 -10 -4 48 17 18 -17 20 21 22 23 29 25 27 50 56 -25 30 31 35 33 34 -32 -1 54 -38 -22 40 -34 46 -43 45 -31 -23 -27 -48 -16 -12 -26 -37 -2 -54 -33 -35 -24 60 59 -59 61 -58
right_child=1 -3 3 4 -6 -7 7 -9 10 -11 11 -13 -14 -15 15 16 -18 -19 -20 -21 38 43 24 28 26 41 -28 -29 -30 44 32 36 39 55 -36 51 37 -39 -40 -41 -42 42 -44 -45 -46 -47 47 -49 -50 -51 -52 -53 53 -55 -56 -57 57 58 -60 -61 -62 -63
leaf_value=0.00019790798421237467 1.7596335082874288e-06 0.0011722168635992603 0.00086124438363878843 -2.9825809435800825e-06 0.00042857076550237739 -0.0012353185774572478 -0.0021279064865842496 0.002151075069346252 0.00079751667202233086 -5.652739615194905e-05 0.0001421247568059912 0.00090575986352135936 0.00057687647812329024 6.4382941993441063e-05 0.00024809279940944342 0.00086734081733703592 0.00010035184970732955 -5.9601332396298055e-05 0.00028147612674027091 0.00016452923725945859 0.00016430717535208277 0.0002561890409207821 -0.00061646387585432172 0.00119282568304061 -0.00019250455511527864 0.00083732419722542151 -0.00043898236852669731 9.3206582315683467e-05 0.00011087572923088828 -1.3971863485602623e-05 -0.0028045246651779345 0.0023453452279758595 -0.00022692511513531786 -0.00088047450110975136 -0.00068105387236852967 -0.0010344336235802926 0.00054147798093142838 -0.00048988928774640339 -3.9805585657168101e-06 -0.0015835166115197707 -0.0007072179360924928 0.0010430806323690576 -8.7156821487948931e-05 -0.00036418222647156888 0.0012963099363225731 0.0016670260271562085 -0.00036713459289325562 -1.2514924085530832e-05 -0.00089899985583531293 -0.0008431944466772319 0.00039036453261494204 -0.00030294600602970225 -0.00045388482604450303 -0.00010898732337917322 0.00066540849434483778 0.00048564805795303119 -0.00040756026669673236 0.001476399294658517 0.00060271650542003232 0.0034963694429369385 0.001610016047854868 0.0013607112293346588
leaf_weight=2907 28750 480 1884 124860 7139 328 341 334 1294 3028 893 454 4946 10446 836 4649 8414 1804 3607 18518 22297 8787 211 800 3231 675 8764 3314 3503 5559 463 214 11330 1396 271 1063 1406 1366 1361603 410 3649 1273 1655 1524 357 293 5922 25166 795 1433 3036 13968 6127 18545 1189 336 668 583 608 213 335 257
leaf_count=2907 28750 480 1884 124860 7139 328 341 334 1294 3028 893 454 4946 10446 836 4649 8414 1804 3607 18518 22297 8787 211 800 3231 675 8764 3314 3503 5559 463 214 11330 1396 271 1063 1406 1366 1361603 410 3649 1273 1655 1524 357 293 5922 25166 795 1433 3036 13968 6127 18545 1189 336 668 583 608 213 335 257
internal_value=5.29728e-07 -7.77127e-05 3.01553e-06 5.9499e-05 2.03574e-05 0.000291011 -2.63601e-06 0.000160096 0.000130975 -0.000266186 0.000199712 -0.000241067 0.000273149 0.00014519 0.000313779 0.000262477 0.00031311 0.000491057 0.00061138 -5.11794e-06 -7.21145e-06 -7.76776e-05 -0.000106031 -0.000199112 -2.24798e-05 4.95893e-05 -0.000218487 0.000447171 0.000312028 -0.000247047 -0.00029325 -0.000152428 -0.000467654 -0.00103367 -0.00202052 -0.000265126 0.000331785 3.32357e-05 -1.26915e-06 -0.000376954 -0.000343928 -2.13407e-05 0.000404234 0.000206013 6.50969e-05 0.000301715 -6.05714e-05 -8.0067e-05 -0.000311036 -0.00046491 8.98619e-05 -0.000354677 -8.89434e-05 -0.000194639 0.00092165 -0.000615453 0.000855184 0.000971744 0.0014045 0.00201692 0.00048953 8.37325e-05
internal_weight=1.75051e+06 53902 1.6966e+06 154316 131999 22317 1.54229e+06 23169 22835 3369 19466 2780 16686 11740 21989 20105 18474 10060 8256 1.51912e+06 1.5006e+06 116702 106098 50187 55911 40880 15031 6189 4303 45884 39968 22113 17855 2466 734 17938 4175 2772 1.3839e+06 15389 14979 34691 2928 10604 5916 9080 31763 31088 1631 2326 6267 15031 53422 24672 1403 1732 2875 2664 1404 796 1260 925
internal_count=1750507 53902 1696605 154316 131999 22317 1542289 23169 22835 3369 19466 2780 16686 11740 21989 20105 18474 10060 8256 1519120 1500602 116702 106098 50187 55911 40880 15031 6189 4303 45884 39968 22113 17855 2466 734 17938 4175 2772 1383900 15389 14979 34691 2928 10604 5916 9080 31763 31088 1631 2326 6267 15031 53422 24672 1403 1732 2875 2664 1404 796 1260 925
is_linear=0
shrinkage=0.05


Tree=134
num_leaves=63
num_cat=0
split_feature=30 17 19 3 26 19 38 18 0 3 17 39 36 37 38 38 36 0 35 0 35 3 0 0 3 3 35 36 0 28 1 35 10 22 38 38 39 19 29 38 38 38 37 0 3 39 36 36 3 36 32 22 3 36 35 39 38 0 0 1 35 10
split_gain=0.135948 0.199577 0.280796 0.238996 0.199178 0.201467 0.170905 0.169125 0.175126 0.165985 0.210042 0.17411 0.287747 0.531235 0.46572 0.476416 0.410415 0.357587 0.354404 0.548703 0.301111 0.314055 0.300252 0.235727 0.316329 0.224974 0.342532 0.227831 0.21375 0.20963 0.263516 0.178073 0.169489 0.168952 0.16688 0.163827 0.161131 0.158918 0.219657 0.150402 0.159763 0.154461 0.14564 0.556547 0.508802 0.448796 0.596269 0.594117 0.476847 0.269121 0.405325 0.263781 0.257196 0.261454 0.316889 0.235722 0.259564 0.257039 0.230671 0.223317 0.204878 0.182513
threshold=0.00019947521116373237 45739.000000000007 879900.00000000012 12702.500000000002 6.4500000000000011 179250.00000000003 36.772738383791442 28531.000000000004 82927.695853595927 13670.400000000003 14477.500000000002 1.0000000180025095e-35 1.5000000000000002 1.0000000180025095e-35 33.281884109068457 43.56083857481196 1.0000000180025095e-35 205250.58759149702 1.0000000180025095e-35 969852.3837693712 3.5000000000000004 6788.1000000000013 130857.76282736774 198533.42990220393 7637.0000000000009 9783.7000000000025 1.0000000180025095e-35 4.5000000000000009 261700.68475465282 35.95000000000001 5.9200000000000008 1.0000000180025095e-35 0.13499999999999981 15043.500000000002 46.358585636761923 41.028922672855167 24.412714878614981 258450.00000000003 32.997461526257347 84.437961949957867 9.5127264262086868 87.061527013721388 1.0000000180025095e-35 153648.95692354874 5450.7000000000007 43.319880796083886 6.5000000000000009 1.5000000000000002 8663.7000000000025 9.5000000000000018 1.5000000000000002 6968.0000000000009 5795.7500000000009 1.5000000000000002 1.0000000180025095e-35 22.765566358351226 67.94064088995917 106450.39140784591 91206.655099362353 7.4400000000000004 2.5000000000000004 0.2349999999999999
decision_type=2 2 2 2 2 2 2 2 2 2 2 2 2 2 2 2 2 2 2 2 2 2 2 2 2 2 2 2 2 2 2 2 2 2 2 2 2 2 2 2 2 2 2 2 2 2 2 2 2 2 2 2 2 2 2 2 2 2 2 2 2 2
left_child=7 9 3 4 6 -6 -3 -1 -9 11 -11 12 16 20 -15 -16 18 34 22 39 21 31 -2 24 -23 26 -26 -27 -24 30 -19 -14 -32 42 35 -18 37 38 -35 40 -20 -41 -13 45 -45 46 47 48 -44 50 52 -48 -46 54 -54 56 58 -57 -49 -47 -55 -52
right_child=1 2 -4 -5 5 -7 -8 8 -10 10 -12 33 13 14 15 -17 17 29 19 -21 -22 23 28 -25 25 27 -28 -29 -30 -31 32 -33 -34 36 -36 -37 -38 -39 -40 41 -42 -43 43 44 49 59 51 55 -50 -51 61 -53 53 60 -56 57 -58 -59 -60 -61 -62 -63
leaf_value=-0.0010084690899884814 -0.00079446260630867233 0.00053814084643402855 0.0017612169682777628 -5.1359981220672152e-05 0.00061890254905335904 0.00018394215515451907 -0.00019909817235870468 0.00125213647579089 -0.00017916127538399772 0.0002229235615857082 -2.8739329758612279e-05 -8.773603129489995e-07 0.00025306696394785511 6.7836419528758405e-05 0.0025436259135080039 0.00047072038732393659 0.0014790175536787309 0.00078650949979348732 -0.0012693252730452173 -0.0027552287341749272 0.0010043926965682245 0.001997743095671467 0.0012380067922026752 -0.00038189168001236942 0.0007244929086802932 0.00071436239402840503 -0.00097729176145899496 -0.00077630970325620954 0.00030832092292455574 -0.00040309586627309949 -0.00037017355147560347 0.0016965171607773541 0.00048837558335988263 -0.0017454435797518758 0.0018920967631676445 -0.00036153931730129236 -6.7884823907760108e-05 -0.00012607636321681785 -0.00048270805735499238 -0.0018710947614648671 7.1384724597065786e-05 -0.00032465592203022764 5.7767060250609634e-05 -0.0024101530050856575 0.0014308564236744435 -2.2221254966142216e-05 0.00092961040638657477 -0.001070667489089778 -0.0015657280897350663 -0.0006732082915618116 0.0016292737429450086 -0.00052846020937574463 9.6802258143739158e-05 0.00022143511418015727 -0.0008477096086916768 -0.00097090178209941521 0.0001524105182290762 -0.00028423770506545465 -0.0022524705724831636 -0.0011573905229870639 -0.00032214223555184694 0.00017920560185694532
leaf_weight=602 408 1016 263 11664 4524 6469 3474 220 7478 18403 15089 1577750 1103 1612 500 622 273 3225 234 203 549 208 1001 10032 420 1213 999 325 1617 737 1080 265 1229 431 635 217 10366 2121 1714 217 4407 631 4261 201 361 16410 1063 1120 506 1034 653 438 2107 16142 1535 2982 272 2510 654 445 1942 325
leaf_count=602 408 1016 263 11664 4524 6469 3474 220 7478 18403 15089 1577750 1103 1612 500 622 273 3225 234 203 549 208 1001 10032 420 1213 999 325 1617 737 1080 265 1229 431 635 217 10366 2121 1714 217 4407 631 4261 201 361 16410 1063 1120 506 1034 653 438 2107 16142 1535 2982 272 2510 654 445 1942 325
internal_value=5.03242e-07 1.465e-06 0.000135318 0.000119566 0.000248332 0.000362943 -3.22753e-05 -0.000201373 -0.000138256 -6.7456e-07 0.000109543 -2.87012e-06 0.000109191 -2.90979e-05 0.000612273 0.00139448 0.00026236 0.000536322 2.99418e-05 -0.000202499 -0.000145117 -0.000188445 0.000467171 -0.000263197 0.000113025 -1.9549e-05 -0.000473592 0.000399363 0.000663789 0.000389067 0.000494564 0.000532683 8.68021e-05 -5.18039e-06 0.00135715 0.000663914 -0.000174327 -0.000432971 -0.000736433 -0.000108092 3.7859e-06 -0.000720384 -3.66454e-06 -8.36752e-05 9.50491e-05 -0.000225321 -0.000436685 -0.00055145 -0.000114561 0.000115944 0.000151321 0.000504137 0.000107216 8.5222e-05 -0.000301283 -0.000827736 -0.00128583 -0.000657077 -0.00150635 -5.21916e-05 0.000163062 0.0011474
internal_weight=1.75051e+06 1.74221e+06 27410 27147 15483 10993 4490 8300 7698 1.7148e+06 33492 1.6813e+06 33962 17848 2734 1122 16114 7396 8718 5692 15114 14565 3026 13197 3165 2957 1419 1538 2618 6271 5534 1368 2309 1.64734e+06 1125 490 14632 4266 2145 5489 4641 848 1.63271e+06 54961 24300 30661 13806 12305 4767 24099 23065 1501 22087 21726 3642 7538 2046 5492 1774 16855 18084 978
internal_count=1750507 1742207 27410 27147 15483 10993 4490 8300 7698 1714797 33492 1681305 33962 17848 2734 1122 16114 7396 8718 5692 15114 14565 3026 13197 3165 2957 1419 1538 2618 6271 5534 1368 2309 1647343 1125 490 14632 4266 2145 5489 4641 848 1632711 54961 24300 30661 13806 12305 4767 24099 23065 1501 22087 21726 3642 7538 2046 5492 1774 16855 18084 978
is_linear=0
shrinkage=0.05


Tree=135
num_leaves=63
num_cat=0
split_feature=39 40 40 0 36 38 5 38 36 36 3 40 7 38 3 29 40 40 31 38 0 0 40 31 31 17 34 38 40 38 36 0 0 3 0 36 34 31 3 7 38 26 36 31 33 40 0 34 18 39 28 34 3 39 29 0 0 38 17 0 31 17
split_gain=0.144161 0.40009 0.692107 0.670857 0.671156 0.362939 0.297443 0.39722 0.288829 0.461492 0.295175 0.314647 0.272679 0.521265 0.23422 0.230226 0.316765 0.414174 0.323291 0.266175 0.305888 0.224477 0.204179 0.247657 0.196917 0.188351 0.291617 0.379183 0.306442 0.18175 0.176282 0.175863 0.167839 0.149071 0.149719 0.147339 0.146941 0.145924 0.141484 0.144982 0.173877 0.13895 0.280776 0.53232 0.527798 0.379271 0.415185 0.34041 0.315602 0.288036 0.266604 0.259599 0.534571 0.272002 0.258405 0.325067 0.258085 0.248958 0.269761 0.244297 0.231998 0.251453
threshold=1.0000000180025095e-35 38.921331072063147 38.353663622566977 155501.42461975358 2.5000000000000004 33.281884109068457 171.49700000000004 92.141395603122433 1.5000000000000002 2.5000000000000004 8304.1500000000015 76.085407607257949 8.2500000000000018 47.919435598444082 5496.1000000000013 32.997461526257347 31.758794973104305 25.455476559659889 7.5000000000000009 36.772738383791442 723461.4281415299 1412101.9492118165 51.804072558978618 8.5000000000000018 10.500000000000002 28017.500000000004 1.0000000180025095e-35 62.443627231640676 64.707407636116528 65.889757680187657 1.0000000180025095e-35 142184.28379987078 109898.16134808636 13772.600000000002 76212.427108285498 1.0000000180025095e-35 1.0000000180025095e-35 1.0000000180025095e-35 6788.1000000000013 5.4500000000000011 90.435405461750904 6.2500000000000009 1.5000000000000002 12.500000000000002 1.5000000000000002 48.935426146657086 73053.949802682371 2.5000000000000004 34526.500000000007 51.973996101245199 20.850000000000005 1.0000000180025095e-35 12950.800000000001 4.4600743824042466 67.388781838020662 279856.80932776246 201165.50456444637 80.818066407368676 14477.500000000002 134385.49242573167 7.5000000000000009 8046.0000000000009
decision_type=2 2 2 2 2 2 2 2 2 2 2 2 2 2 2 2 2 2 2 2 2 2 2 2 2 2 2 2 2 2 2 2 2 2 2 2 2 2 2 2 2 2 2 2 2 2 2 2 2 2 2 2 2 2 2 2 2 2 2 2 2 2
left_child=1 2 3 4 36 14 7 15 12 38 -11 -12 22 -14 -5 -7 17 19 -19 -17 24 -8 23 -3 30 26 27 31 -28 -27 -21 -24 -13 41 -35 -30 -1 -29 -10 40 -40 42 43 44 48 46 47 50 -2 57 -44 52 -46 -53 55 60 -45 58 59 -47 61 -43
right_child=33 8 -4 5 -6 6 21 -9 9 10 11 32 13 -15 -16 16 -18 18 -20 20 -22 -23 25 -25 -26 29 28 37 35 -31 -32 -33 -34 34 -36 -37 -38 -39 39 -41 -42 54 45 56 51 49 -48 -49 -50 -51 -52 53 -54 -55 -56 -57 -58 -59 -60 -61 -62 -63
leaf_value=0.0020726369249365064 -0.00048869366205968421 -0.00046396242915111205 0.0023618075405696624 -0.0012444478743097835 4.5445613312737262e-05 0.0018272496530184598 9.217117432444348e-05 -0.0010195563095149655 8.8224315844377644e-05 0.00085876508519758515 -0.00034028851448591286 0.0017715898951522241 -0.00087242724490249981 0.0021475318983531781 -3.8086767355686975e-05 0.0021677142644545943 -8.8765699968046071e-05 0.0011425226562046102 0.0030725303890538217 0.00056389319927712463 0.0014728072890701016 -0.0015011773703052843 -5.0993124331630513e-05 0.0011065069856362425 0.0012716354434648394 0.00010640924329085528 0.000256236521973958 0.00082237005635497982 -0.0015847582978604055 0.0013578534499873731 -0.00071362559189859108 0.0012160514583785724 0.00027339942787044851 0.00082018331020850791 0.00010975833646921654 -0.00039841619458356417 0.0038539687997850014 -0.00015620421469672021 -0.0012753931754820676 -0.00044065676224904545 1.72990548804012e-05 -9.8214731587452841e-05 0.00065669017546736257 0.0013588404881313043 0.00099233379013708594 -0.0010828413953935872 8.1424137507776255e-05 -0.0010357573897069679 -0.00015785494720581421 6.7214578179877214e-06 0.0022277913032557281 0.0013912262990465811 -0.00013976691367518202 -7.3393962758744574e-05 -4.3439394337424339e-06 -5.1937532227810734e-05 0.00023289993286259677 3.6303374361176019e-05 -0.00021045247874246009 -0.00025330968600635064 -1.700811931423422e-05 0.00028272131811663616
leaf_weight=258 8383 2354 394 431 381 428 2104 352 656 967 3964 209 214 430 6054 204 1180 853 291 393 412 247 349 281 232 526 946 449 518 647 863 1272 1771 775 17219 529 210 2514 1450 2290 317 5023 2876 807 2285 2108 32572 273 51453 34776 298 331 1918 7496 1459383 26162 1378 5290 7626 1533 12807 31492
leaf_count=258 8383 2354 394 431 381 428 2104 352 656 967 3964 209 214 430 6054 204 1180 853 291 393 412 247 349 281 232 526 946 449 518 647 863 1272 1771 775 17219 529 210 2514 1450 2290 317 5023 2876 807 2285 2108 32572 273 51453 34776 298 331 1918 7496 1459383 26162 1378 5290 7626 1533 12807 31492
internal_value=-6.66512e-07 9.57367e-05 0.000293389 0.000238668 0.00160352 0.000156159 0.00039159 0.000602322 -3.76457e-05 -0.000211553 4.86145e-05 -8.31849e-05 0.000145644 0.00114401 -0.000118263 0.000719888 0.000612854 0.000867752 0.00163346 0.000451417 0.000267141 -7.52287e-05 8.37327e-05 -0.000296485 -6.66864e-05 0.000213007 0.00010891 0.00032844 -0.00039602 0.000796677 -0.000313892 0.000943258 0.000431542 -2.8001e-06 0.000140356 -0.000985355 0.00287195 -7.91537e-06 -0.000593054 -0.000703214 -0.00104348 -4.3187e-06 -4.84485e-05 -0.000120074 -0.000143449 1.22703e-05 0.000136648 0.000658474 -0.000204205 -7.50019e-05 0.000804197 0.000158749 0.00047571 -1.14559e-05 3.2188e-07 9.05293e-05 0.000648751 -0.000246652 -0.000379503 -0.000733577 0.000166098 0.00023032
internal_weight=1.7522e+06 37940 15287 14893 849 14044 7559 5208 22653 11624 6911 5944 11029 644 6485 4856 4428 3248 1144 2104 1900 2351 10385 2635 1488 7750 6577 4584 1993 1173 1256 1621 1980 1.71426e+06 17994 1047 468 2963 4713 4057 1767 1.69627e+06 161403 74051 71866 87352 36019 3447 59836 51333 3174 12030 4203 7827 1.53487e+06 75484 2185 16557 11267 3641 49322 36515
internal_count=1752204 37940 15287 14893 849 14044 7559 5208 22653 11624 6911 5944 11029 644 6485 4856 4428 3248 1144 2104 1900 2351 10385 2635 1488 7750 6577 4584 1993 1173 1256 1621 1980 1714264 17994 1047 468 2963 4713 4057 1767 1696270 161403 74051 71866 87352 36019 3447 59836 51333 3174 12030 4203 7827 1534867 75484 2185 16557 11267 3641 49322 36515
is_linear=0
shrinkage=0.05


Tree=136
num_leaves=63
num_cat=0
split_feature=0 36 40 40 39 39 22 40 38 38 35 25 7 39 40 40 0 36 38 37 3 29 3 32 40 21 36 36 3 40 7 0 3 35 40 3 0 40 0 40 40 40 0 38 0 37 34 3 35 0 39 40 22 7 38 3 0 0 39 1 39 2
split_gain=0.133962 0.248705 0.256828 0.250085 0.212695 0.189674 0.180994 0.239206 0.187995 0.164029 0.149596 0.142111 0.140803 0.126846 0.349476 0.62771 0.556196 0.62796 0.329759 0.295195 1.10808 0.364434 0.343756 0.342014 0.321739 0.263875 0.261126 0.416497 0.26916 0.283848 0.248826 0.485328 0.227727 0.214695 0.475118 0.280887 0.522555 0.234755 0.207068 0.201973 0.176785 0.164622 0.159784 0.520837 0.323377 0.154056 0.555077 0.391898 0.372275 0.484825 0.46944 0.357065 0.340077 0.337758 0.337485 0.280383 0.269151 0.26736 0.264289 0.253425 0.251678 0.32149
threshold=29518.654949670719 1.0000000180025095e-35 18.942598687307072 73.787644704468065 33.40849282290079 37.201782298078335 4537.5000000000009 25.142674675854348 33.747208466811323 24.565534512800166 1.0000000180025095e-35 6.3500000000000005 6.1500000000000012 1.0000000180025095e-35 38.921331072063147 38.353663622566977 175912.27036283058 2.5000000000000004 33.281884109068457 1.0000000180025095e-35 11938.700000000003 32.997461526257347 6872.7000000000016 1.0000000180025095e-35 11.116552191753597 3696.5000000000005 1.5000000000000002 2.5000000000000004 7560.7500000000009 76.085407607257949 8.9000000000000021 400200.47553710593 5496.1000000000013 1.0000000180025095e-35 50.693544332036886 6335.0000000000009 590847.46477250278 53.752680559491019 120862.1988182343 25.142674675854348 28.823499611686199 31.758794973104305 142184.28379987078 46.358585636761923 303945.48690115829 1.0000000180025095e-35 3.5000000000000004 5045.9000000000005 1.0000000180025095e-35 163046.92518399318 23.264872196902367 31.42105877477837 7288.5000000000009 7.8500000000000005 41.562238021879743 7691.2500000000009 334583.71056835965 109052.09684296823 33.40849282290079 6.0600000000000014 41.450155040914929 1.1200000000000003
decision_type=2 2 2 2 2 2 2 2 2 2 2 2 2 2 2 2 2 2 2 2 2 2 2 2 2 2 2 2 2 2 2 2 2 2 2 2 2 2 2 2 2 2 2 2 2 2 2 2 2 2 2 2 2 2 2 2 2 2 2 2 2 2
left_child=1 11 9 4 6 -6 -4 8 -8 -3 -7 -1 -11 14 15 16 17 38 32 21 39 25 23 -23 -24 -20 30 -28 -29 -30 33 -32 -18 34 -16 36 -35 -36 -2 -21 -41 -25 43 -39 -44 -15 47 -47 52 50 51 54 53 56 -50 57 -49 -48 -51 -58 61 -55
right_child=13 2 3 -5 5 10 7 -9 -10 12 -12 -13 -14 45 26 -17 18 -19 19 20 -22 22 24 41 -26 -27 27 28 29 -31 31 -33 -34 35 37 -37 -38 42 -40 40 -42 -43 44 -45 -46 46 55 48 49 58 -52 -53 -54 60 -56 -57 59 -59 -60 -61 -62 -63
leaf_value=-0.00077747106495685506 0.0033794637191857575 0.00033973007245941694 0.0016814796251150229 -0.00049694127826254244 0.0022089460849616526 0.0012880483094894247 0.0021544616301731032 7.1629193780105651e-05 0.0003985873833771299 7.2812250661219639e-05 -0.00031381989703272968 0.00059075960148573139 -0.0015969028877279271 -6.9821545154381535e-07 -0.00073485219276866554 0.0022437171723786978 -0.0012746622118334299 -5.223257459952967e-05 0.00053283464767551114 0.0012245913715065067 -0.0010151215351003418 -0.00065332248587530886 0.0012999113580976825 0.0011306984894487238 -0.00039810453689332888 0.0027082413525916157 -0.00056340162944806403 0.00093520862843472254 -0.00030180501506081055 0.00042028859689407263 -0.00014904202157734823 0.0029158383842710876 -4.9389111467169287e-05 -0.00030639507476279025 0.001818120364073779 0.00014852012919644832 -0.0028973895563939116 -0.0018819575829871205 0.0015131517001042759 0.0036714231876813219 0.0017719865539728913 -3.4472855525115362e-05 0.0012715785947628585 0.0012123485859960401 0.00017162515590020899 -0.0013304590227230422 -0.00032895854751404844 0.00019980582338994274 -0.0011876097352605073 0.00042232844900747251 -0.00032799429538705473 -0.00039729302633838086 -0.00072634625217872983 -0.0017914724039108409 -0.0030454923771366551 0.00020656124995775313 3.4677079974015258e-05 0.0018137835446205511 -0.00016408262553857381 -0.0015073491358292479 -0.00011844210834136373 -0.00012382200229348544
leaf_weight=842 283 436 267 541 353 457 277 2168 339 203 214 245 334 1650337 829 394 405 465 347 417 444 458 308 1399 2960 233 4713 758 4121 2032 293 231 5957 1964 352 3810 216 270 313 245 245 387 1117 274 1663 690 200 17209 986 2755 12186 1010 1496 578 325 7361 639 535 6350 457 3933 578
leaf_count=842 283 436 267 541 353 457 277 2168 339 203 214 245 334 1650337 829 394 405 465 347 417 444 458 308 1399 2960 233 4713 758 4121 2032 293 231 5957 1964 352 3810 216 270 313 245 245 387 1117 274 1663 690 200 17209 986 2755 12186 1010 1496 578 325 7361 639 535 6350 457 3933 578
internal_value=-6.33187e-07 0.000222917 0.000357503 0.000513117 0.000647213 0.00127074 0.00043794 0.000318678 0.00118816 -0.000380742 0.000777169 -0.000469084 -0.000965707 -1.48818e-06 8.89818e-05 0.000273922 0.000221716 0.0013249 0.000136929 0.000362859 0.00103151 0.000214573 8.9127e-05 0.000565635 -0.000238071 0.00140675 -3.56567e-05 -0.000200975 4.61838e-05 -6.33369e-05 0.000138739 0.00120208 -0.000127389 8.56477e-05 0.000346417 -0.000110473 -0.000563117 0.000590261 0.00239934 0.0020334 0.0027217 0.000878223 0.000460235 -0.000323428 0.000613585 -3.49628e-06 -8.41022e-05 -0.000147242 -0.000130409 -0.000272632 -0.000452125 -0.00110385 4.51071e-06 5.12476e-05 -0.00164818 0.00029954 0.000151421 0.00123072 1.33542e-05 -0.000608303 -0.000309073 -0.000957647
internal_weight=1.7522e+06 6676 5589 4616 4075 1024 3051 2784 616 973 671 1087 537 1.74553e+06 37903 15260 14866 1061 13805 7443 1351 6092 5512 2244 3268 580 22643 11624 6911 6153 11019 524 6362 10495 4505 5990 2180 3676 596 907 490 1786 3324 544 2780 1.70762e+06 57288 49192 48502 23612 14507 2321 24890 23394 1311 8096 18305 735 9105 1096 5089 1156
internal_count=1752204 6676 5589 4616 4075 1024 3051 2784 616 973 671 1087 537 1745528 37903 15260 14866 1061 13805 7443 1351 6092 5512 2244 3268 580 22643 11624 6911 6153 11019 524 6362 10495 4505 5990 2180 3676 596 907 490 1786 3324 544 2780 1707625 57288 49192 48502 23612 14507 2321 24890 23394 1311 8096 18305 735 9105 1096 5089 1156
is_linear=0
shrinkage=0.05


Tree=137
num_leaves=63
num_cat=0
split_feature=38 1 3 35 40 7 19 38 35 36 36 36 5 17 26 36 33 35 40 17 36 29 19 29 19 36 19 19 3 40 19 20 22 37 38 3 35 36 38 35 3 36 38 40 5 5 36 3 3 33 7 36 3 36 36 3 38 40 38 3 36 40
split_gain=0.131082 0.352055 0.268487 0.198858 0.171741 0.404188 0.436917 0.215588 0.147513 0.209914 0.140117 0.137645 0.134555 0.13045 0.129399 0.252726 0.36272 0.537428 0.319094 0.2665 0.264794 0.392268 0.255789 0.225004 0.33726 0.327996 0.250896 0.219772 0.216757 0.203357 0.202993 0.193397 0.201331 0.192029 0.191549 0.435486 0.284382 0.21678 0.24813 0.209532 0.685453 0.39805 0.317291 0.295166 0.622827 0.425094 0.413466 0.788261 0.749988 0.637988 0.672892 0.389095 0.359405 1.00332 0.673964 0.55675 0.52415 0.35619 0.342828 1.72281 0.624253 0.3899
threshold=19.289937145259795 5.8350000000000009 7058.6500000000005 5.5000000000000009 33.283248959591212 5.8500000000000005 143250.00000000003 18.455718110729965 1.5000000000000002 1.5000000000000002 4.5000000000000009 3.5000000000000004 144.77950000000001 8726.0000000000018 6.2500000000000009 1.5000000000000002 1.5000000000000002 1.0000000180025095e-35 46.475949459404696 2262.5000000000005 3.5000000000000004 64.702978921743806 80350.000000000015 68.99899397306713 154150.00000000003 6.5000000000000009 879900.00000000012 137550.00000000003 13429.200000000003 69.148212003346018 879900.00000000012 919.50000000000011 5204.5000000000009 1.0000000180025095e-35 30.654993678775359 8115.8500000000013 2.5000000000000004 2.5000000000000004 29.825067980824642 1.0000000180025095e-35 4952.9500000000016 1.0000000180025095e-35 63.584927215766506 55.764600839701131 111.90800000000002 166.98750000000004 1.5000000000000002 7560.7500000000009 6114.4500000000016 1.0000000180025095e-35 5.5500000000000007 2.5000000000000004 5540.8000000000011 1.0000000180025095e-35 1.0000000180025095e-35 6366.0000000000009 70.925072062109408 43.188630049126694 78.909469434267095 7718.8500000000013 1.5000000000000002 45.707252614926091
decision_type=2 2 2 2 2 2 2 2 2 2 2 2 2 2 2 2 2 2 2 2 2 2 2 2 2 2 2 2 2 2 2 2 2 2 2 2 2 2 2 2 2 2 2 2 2 2 2 2 2 2 2 2 2 2 2 2 2 2 2 2 2 2
left_child=1 4 -3 14 -1 6 13 8 12 -10 11 -4 -7 -6 15 16 33 22 -17 -20 27 31 -18 24 25 -16 -26 -21 -28 -19 34 32 -22 -2 35 36 -25 38 -37 43 41 -41 -42 45 -45 58 47 49 -48 52 -51 57 53 56 -54 -56 -46 -47 -36 61 -61 -60
right_child=3 2 10 -5 5 7 -8 -9 9 -11 -12 -13 -14 -15 23 18 17 29 19 20 21 -23 -24 30 26 -27 28 -29 -30 -31 -32 -33 -34 -35 39 37 -38 -39 -40 40 42 -43 -44 44 46 51 48 -49 -50 50 -52 -53 54 -55 55 -57 -58 -59 59 60 -62 -63
leaf_value=0.00020455981276074192 -0.00015151175012688984 2.6780863071765749e-05 -0.00035228246994025401 0.00036152410513944761 -0.0014704672543818496 -0.00089194100563716461 0.00073175559099286668 0.00088054344057257236 0.00095727547723292576 -0.00080681703632172583 -0.0013280099526994688 0.00052462954653513289 -0.00029560338103608818 -0.0001725438885593824 0.00023568429681161446 0.00013607051291403084 -0.0015899444821407087 0.00027569109036843973 0.00016415488946728589 0.00013420273116916486 -0.001146022857735067 -8.9155382505646158e-05 -0.00014646177965033804 -0.00020078466420816985 -1.817000814654378e-05 -0.00050205678399246282 0.00099467286188613543 -0.00013774537901201344 -0.00053055126170305569 0.00091486456127092258 -0.0005660813899541308 0.0002190809996526707 -0.00048569403370748792 -0.00084418173486994815 -5.249880534405964e-05 0.00016544607685715714 0.00013024816642853951 -9.0860858332778152e-05 -0.00029155465478327179 0.00050973562198344032 1.148112949054489e-05 -0.00010034342308321116 -6.2325314774314318e-05 -0.00035949238239267183 -5.9979775533081333e-05 -6.770342763891393e-05 -0.00042977516753121077 2.192601482516852e-07 3.9284588667118257e-05 0.00020401648005396864 -0.00059492977116543718 0.0002286007518598254 0.00018904161608567131 -0.00048026356664163518 0.00078619641551307584 0.00029656156286196378 0.00058620002069548031 0.00016348953063494129 0.0010600866236757656 -0.00056729710529211566 0.00018327252749328349 0.00012328391229679642
leaf_weight=33971 61992 15981 6424 3727 254 1664 2435 336 413 285 342 481 2192 814 32436 32439 325 5457 10799 12766 1693 10536 5511 51838 51541 1580 1080 17771 297 1612 1606 648 3628 1017 279113 29009 7416 19978 3309 9428 271120 3732 314567 8779 5116 46196 9011 64693 157013 6523 4422 30517 26300 5254 12468 10865 8118 26057 4779 5616 5467 1447
leaf_count=33971 61992 15981 6424 3727 254 1664 2435 336 413 285 342 481 2192 814 32436 32439 325 5457 10799 12766 1693 10536 5511 51838 51541 1580 1080 17771 297 1612 1606 648 3628 1017 279113 29009 7416 19978 3309 9428 271120 3732 314567 8779 5116 46196 9011 64693 157013 6523 4422 30517 26300 5254 12468 10865 8118 26057 4779 5616 5467 1447
internal_value=-6.01527e-07 6.8746e-05 -8.7692e-05 -3.29844e-06 0.00015452 -4.80165e-05 0.00036194 -0.000341693 -0.000431871 0.00023698 -0.000340126 -0.000291197 -0.000552944 -0.000481226 -4.10639e-06 -4.59906e-05 -0.00011323 0.00012827 1.0549e-05 -5.98472e-05 -0.000111269 -0.000272626 -0.000226848 4.83136e-07 7.85835e-05 0.000201417 -3.74682e-07 -2.40574e-05 0.000665703 0.000421447 -4.26563e-06 -0.000596473 -0.000695793 -0.000162692 -3.63385e-06 -6.65433e-05 -0.000159354 3.86158e-05 0.000118654 1.6962e-06 -2.01411e-05 0.000336725 -2.81596e-05 1.99158e-05 5.58088e-05 -8.72742e-06 6.75781e-05 0.000129655 1.38262e-05 0.000235561 -0.000118774 7.89007e-05 0.000292492 0.000104317 0.000362586 0.000558198 0.0003364 1.5673e-05 -3.91082e-05 0.000176819 -0.000197058 0.000842362
internal_weight=1.7522e+06 65592 23228 1.68661e+06 42364 8393 3503 4890 4554 698 7247 6905 3856 1068 1.68288e+06 166194 75914 12905 90280 57841 47042 16505 5836 1.51669e+06 86934 34016 52918 30537 1377 7069 1.42976e+06 5969 5321 63009 1.42815e+06 111550 59254 52296 32318 1.3166e+06 598847 13160 585687 717754 318562 399192 309783 143759 166024 79066 10945 102770 68121 18488 49633 23333 13234 72253 296422 17309 11083 6226
internal_count=1752204 65592 23228 1686612 42364 8393 3503 4890 4554 698 7247 6905 3856 1068 1682885 166194 75914 12905 90280 57841 47042 16505 5836 1516691 86934 34016 52918 30537 1377 7069 1429757 5969 5321 63009 1428151 111550 59254 52296 32318 1316601 598847 13160 585687 717754 318562 399192 309783 143759 166024 79066 10945 102770 68121 18488 49633 23333 13234 72253 296422 17309 11083 6226
is_linear=0
shrinkage=0.05


Tree=138
num_leaves=63
num_cat=0
split_feature=34 38 5 31 34 36 3 5 40 40 5 36 31 0 31 5 0 7 6 38 7 38 0 16 39 3 3 0 0 0 40 0 36 38 36 40 38 31 33 40 38 3 31 0 31 3 0 36 26 0 33 38 39 39 40 36 19 22 34 18 20 39
split_gain=0.124163 0.232362 0.290057 0.268106 0.21271 0.408993 0.318786 0.297771 0.462073 0.322237 0.42805 0.295847 0.266981 0.416424 0.418063 0.397465 0.331346 0.681585 0.400972 0.296013 0.259287 0.23879 0.225905 0.22161 0.200776 0.191361 0.174818 0.273264 0.205304 0.16649 0.342797 0.180833 0.168485 0.162388 0.157498 0.153836 0.151859 0.351851 0.166326 0.143614 0.168872 0.142267 0.179021 0.180669 0.150937 0.142141 0.140438 0.135489 0.135425 0.218912 0.223953 0.209752 0.203577 0.182773 0.200166 0.223624 0.211807 0.431811 0.200092 0.198106 0.171636 0.148524
threshold=7.5000000000000009 57.577786240640485 144.24250000000004 9.5000000000000018 6.5000000000000009 2.5000000000000004 11255.150000000003 174.07000000000002 74.189245718843068 74.541265200395856 141.85450000000003 1.0000000180025095e-35 9.5000000000000018 201165.50456444637 10.500000000000002 154.18450000000004 210773.00843308747 8.4000000000000021 181.50000000000003 47.625202594018496 8.4000000000000021 89.826257932106444 143076.44749045459 -0.44500000000000012 79.73761879716966 8470.6000000000022 8000.9500000000007 287433.67066377535 202409.47639966945 79054.593383028507 54.379662792562577 114092.28588311678 1.5000000000000002 66.140023067060142 1.0000000180025095e-35 52.18920948513891 38.355239768448492 10.500000000000002 1.0000000180025095e-35 75.698388341706121 84.437961949957867 6872.7000000000016 10.500000000000002 326979.73610281601 9.5000000000000018 8462.3000000000011 101874.35345268053 1.5000000000000002 7.1500000000000012 59364.548915132938 1.0000000180025095e-35 76.696659657264505 29.91328658854184 96.347265164565712 63.106407594641603 6.5000000000000009 150850.00000000003 8802.5000000000018 1.0000000180025095e-35 32174.500000000004 834.50000000000011 92.794822233140906
decision_type=2 2 2 2 2 2 2 2 2 2 2 2 2 2 2 2 2 2 2 2 2 2 2 2 2 2 2 2 2 2 2 2 2 2 2 2 2 2 2 2 2 2 2 2 2 2 2 2 2 2 2 2 2 2 2 2 2 2 2 2 2 2
left_child=4 2 -2 -4 48 6 7 9 34 11 24 20 16 25 15 -15 17 22 -18 -19 -6 23 -13 26 -11 36 27 -7 -28 32 -31 39 -3 -8 -9 -5 -14 -38 -39 -32 -41 44 -43 -44 -36 -12 -42 -26 -1 50 51 -50 -52 54 55 56 57 61 -57 -59 -61 -51
right_child=1 29 3 35 5 21 33 8 -10 10 45 12 13 14 -16 -17 18 19 -20 -21 -22 -23 -24 -25 47 -27 28 -29 -30 30 31 -33 -34 -35 41 -37 37 38 -40 40 46 42 43 -45 -46 -47 -48 -49 49 53 52 -53 -54 -55 -56 58 -58 59 -60 60 -62 -63
leaf_value=-5.9633571528849097e-06 -0.00099585990754816876 -0.00011139636096248235 -0.001645523759605298 0.0013035695044371616 5.1844536923040744e-05 -0.0032836515301671639 -0.0011494584197823412 0.00070528407930396501 0.00062426319104590925 -0.00026977586390522035 0.000553391702404155 0.0021430104626710758 0.0013368828317600679 0.00099947902504881388 0.0013344747082698779 -0.00085026197848858643 0.00087388826435627707 -0.0013630509093961582 -0.00038342854076028107 0.00053025927352035864 -0.001941298414278898 0.00056496100704623914 0.0010924636845450687 1.0548159772411264e-05 -0.00038918978083716876 -0.00011813224905175234 -0.0014717619836820172 -0.00092824286958710406 0.00022698993955763575 0.00090890562361791317 -7.7018755268458384e-05 -0.00014521625153513063 -0.0014533223193537856 -0.00014719629857899014 -0.00083947671774983041 -8.1599173156511945e-05 -0.0011594344073717067 0.00085757802068779979 -0.00011776101587278131 1.3606824233906829e-05 0.0020413251769097868 -0.00031330434892985325 -0.0023092077492370675 -0.00085493440605310738 0.00034783607887699252 3.0273818893758307e-05 0.00066318243290471545 -0.0019038646174138344 0.00047590400619233053 3.4119926518174333e-05 0.00066967326289547923 -0.00099287279053983965 0.0023695563123942477 0.00040541263334244496 -6.500077870951505e-05 -0.00032392673606330394 1.0685580010440875e-06 0.0019971452332746202 0.00044813414810052375 0.00011549405935335116 0.000683258444466935 0.00092441061658367601
leaf_weight=1546522 1565 550 257 224 550 203 577 260 1355 1337 2191 1031 386 591 1613 571 1351 249 1195 1208 232 412 1016 612 233 4288 366 313 346 968 1361 12270 407 1349 448 1906 365 1306 657 639 266 860 306 707 665 3188 606 403 1088 19488 585 313 252 3278 41532 977 71941 224 5950 2063 3752 480
leaf_count=1546522 1565 550 257 224 550 203 577 260 1355 1337 2191 1031 386 591 1613 571 1351 249 1195 1208 232 412 1016 612 233 4288 366 313 346 968 1361 12270 407 1349 448 1906 365 1306 657 639 266 860 306 707 665 3188 606 403 1088 19488 585 313 252 3278 41532 977 71941 224 5950 2063 3752 480
internal_value=-5.71451e-07 -0.000121364 -0.000466839 -0.000119995 8.95138e-07 0.00012713 0.000175159 0.000217144 -0.000151276 0.000287888 1.22912e-05 0.000409881 0.000456788 0.000295246 0.000813586 9.05271e-05 0.000717846 0.00103326 0.000283749 0.000206694 -0.000539472 -0.000523103 0.00162159 -0.000766735 -0.000617653 8.98201e-05 -0.00115411 -0.00185489 -0.000646245 -4.13664e-05 -3.30413e-06 -6.162e-05 -0.000682101 -0.000447459 -0.000475015 6.40711e-05 0.000418376 0.00026608 0.00053114 0.000295527 0.000631089 -0.000577787 -0.000843832 -0.00129423 -0.000130076 0.000243353 0.00108358 -0.00134896 -1.53822e-06 4.35081e-05 0.000534362 0.000147762 0.00118147 3.61692e-05 2.79019e-05 6.46927e-05 4.52764e-05 0.000167565 0.000339241 0.000538038 0.000481831 5.55211e-05
internal_weight=1.7522e+06 21019 3952 2387 1.73118e+06 32740 30488 28562 4601 23961 7352 16609 15827 9777 2775 1162 6050 3504 2546 1457 782 2252 2047 1840 1973 7002 1228 516 712 17067 16110 15142 957 1926 3246 2130 2714 2328 1963 2872 1511 2986 1873 1013 1113 5379 872 636 1.69844e+06 151923 2238 1401 837 149685 146407 104875 97948 26007 6927 6039 5815 19968
internal_count=1752204 21019 3952 2387 1731185 32740 30488 28562 4601 23961 7352 16609 15827 9777 2775 1162 6050 3504 2546 1457 782 2252 2047 1840 1973 7002 1228 516 712 17067 16110 15142 957 1926 3246 2130 2714 2328 1963 2872 1511 2986 1873 1013 1113 5379 872 636 1698445 151923 2238 1401 837 149685 146407 104875 97948 26007 6927 6039 5815 19968
is_linear=0
shrinkage=0.05


Tree=139
num_leaves=63
num_cat=0
split_feature=27 39 39 0 35 0 36 40 37 3 39 6 2 34 33 36 36 35 3 34 3 38 34 3 34 36 38 40 38 35 34 39 3 34 34 36 40 35 3 36 0 35 40 34 36 40 39 3 18 3 39 34 39 36 34 33 39 36 35 36 40 3
split_gain=0.120086 0.160931 0.130445 0.826291 0.727184 0.447507 0.635894 0.668332 0.662234 0.573898 0.565947 0.530262 0.485817 0.665753 0.868597 1.4954 0.891924 1.00648 0.890137 0.836257 0.719057 0.831118 0.566228 0.885042 0.544397 0.751035 0.541702 0.661511 1.29961 0.552109 0.539371 0.513162 0.570953 0.505587 0.622896 0.596115 0.497739 0.90875 0.544937 0.587321 0.581473 0.58258 0.555193 0.459017 0.567472 0.457888 0.458754 0.580275 0.453941 0.443067 0.429788 0.428059 0.466534 0.418103 0.50158 0.417089 0.461043 0.448053 0.908759 0.58629 1.08895 0.61997
threshold=58.250000000000007 70.310162726548569 66.295399052495284 151110.05353186108 1.5000000000000002 152818.29170274516 7.5000000000000009 84.513926812564065 1.0000000180025095e-35 10517.800000000001 1.3342714337819142 170.15000000000001 0.6100000000000001 1.5000000000000002 1.0000000180025095e-35 1.5000000000000002 3.5000000000000004 1.0000000180025095e-35 12561.200000000003 5.5000000000000009 11095.450000000003 42.18487488563369 4.5000000000000009 11761.400000000003 3.5000000000000004 5.5000000000000009 58.055018653987837 45.984345044285696 79.86120723680925 3.5000000000000004 2.5000000000000004 46.664681820421684 6788.1000000000013 3.5000000000000004 6.5000000000000009 2.5000000000000004 73.451096162149057 1.0000000180025095e-35 11761.400000000003 1.5000000000000002 85493.179806562781 1.5000000000000002 51.481956287913427 1.0000000180025095e-35 3.5000000000000004 90.480142258942934 53.941762837796283 6284.5000000000009 36749.500000000007 7271.2000000000016 22.765566358351226 1.0000000180025095e-35 30.360267293267537 1.0000000180025095e-35 1.5000000000000002 1.0000000180025095e-35 52.211142723199856 3.5000000000000004 1.0000000180025095e-35 1.5000000000000002 47.327516698355289 8115.8500000000013
decision_type=2 2 2 2 2 2 2 2 2 2 2 2 2 2 2 2 2 2 2 2 2 2 2 2 2 2 2 2 2 2 2 2 2 2 2 2 2 2 2 2 2 2 2 2 2 2 2 2 2 2 2 2 2 2 2 2 2 2 2 2 2 2
left_child=2 -2 5 4 -4 6 8 -8 10 -9 11 -1 13 36 15 19 17 20 -16 22 21 -17 -15 -24 26 -26 29 28 31 30 55 -28 -33 35 -35 -23 38 -38 39 40 41 42 -12 -40 -45 46 -29 -48 -41 -30 -47 -42 -53 54 -13 56 57 59 -59 60 61 -14
right_child=1 -3 3 -5 -6 -7 7 9 -10 -11 12 53 24 14 18 16 -18 -19 -20 -21 -22 33 23 -25 25 -27 27 45 49 -31 -32 32 -34 34 -36 -37 37 -39 43 48 51 -43 -44 44 -46 50 47 -49 -50 -51 -52 52 -54 -55 -56 -57 -58 58 -60 -61 -62 -63
leaf_value=-0.00013587314727453868 0.00010194680798578515 -0.0004234474266478327 7.7239384180690431e-05 -2.9413223395855276e-05 0.00048441504341815815 1.5399143943113447e-05 -0.00028941732560932069 -0.0026347075017783845 -0.00029166139383689867 -0.000394580015415343 0.00095908937990105364 0.0004662120015226921 -0.00038810951138023539 -0.00035466008627324129 -0.00068943343120919046 0.0023240394693277394 -0.00027878753050081159 -7.3033703527678175e-05 0.00025336083001495201 0.00011954032757715272 0.00031185259375257672 -0.00040678943709598577 -0.0019333457999128859 0.00016712815746688773 -0.00024563118072245052 -0.00167302744763593 0.00043166353637926169 6.3217702896102706e-06 0.0015823199389666085 0.00044404425878215081 0.00046733118165331167 -0.0002796841460281911 0.00027825925631685158 0.0017715252789678858 0.00029703663068519014 0.0025470415997681426 -0.00065227519418929248 0.00038003013070562921 0.00015755926793386218 0.00077827605663103585 0.0019908686008766334 -0.00052142703114624453 0.0026068687538140629 -0.00011433213201647444 -0.0014359358888642417 -0.00057048041832809986 -0.00053945200560250723 -4.6132997186731671e-05 7.0559145909001352e-05 -0.00031445619488269718 0.0015197369920345748 -0.00035160769706238718 0.0004366323840388837 0.0010215214593247038 -0.0019527196920616206 0.00028342226958535493 -1.3315441902715528e-05 -0.00034476505158027409 0.00055779826187942947 -0.00047952442846709985 0.00034199990975596908 0.00015100440115767662
leaf_weight=2834 2371 3783 187346 310856 11647 756841 9809 599 24306 547 3421 1054 31039 11670 9831 1273 4229 4414 3359 9224 3826 1106 1482 758 20919 964 9194 85375 2162 4123 3500 10062 8424 1927 1140 202 5249 3590 25857 2502 379 556 601 14069 862 343 9712 15434 24000 359 869 2327 9711 3411 269 5019 29671 6393 4947 25861 8157 6439
leaf_count=2834 2371 3783 187346 310856 11647 756841 9809 599 24306 547 3421 1054 31039 11670 9831 1273 4229 4414 3359 9224 3826 1106 1482 758 20919 964 9194 85375 2162 4123 3500 10062 8424 1927 1140 202 5249 3590 25857 2502 379 556 601 14069 862 343 9712 15434 24000 359 869 2327 9711 3411 269 5019 29671 6393 4947 25861 8157 6439
internal_value=-5.42878e-07 -0.000221025 2.34215e-07 2.15146e-05 0.000101071 -8.5425e-06 -4.63429e-05 -0.000422905 -3.75359e-05 -0.00156547 -2.36274e-05 0.000405054 -3.10593e-05 4.27533e-05 -9.61468e-05 1.67863e-05 0.00035697 0.000550563 -0.000449339 -0.000249623 0.000841101 0.00119962 -0.000494423 -0.00122256 -6.87529e-05 -0.000308511 -4.91087e-05 1.77561e-05 0.000225379 -0.000124941 -0.000144325 0.000126394 -2.54315e-05 0.000872444 0.00122346 4.93832e-05 0.000123955 -0.000233 0.000161389 0.000284503 0.000513936 0.000995601 0.00120531 3.00994e-05 -0.000190631 -3.83636e-05 -4.89631e-05 -0.000236665 0.000137373 0.00131221 0.000928199 0.000336352 0.000284262 0.000728879 -2.56192e-05 -0.000162541 -0.000182435 -0.000243012 4.89722e-05 -0.000289324 -0.000181539 -0.000295486
internal_weight=1.7522e+06 6154 1.74605e+06 509849 198993 1.2362e+06 479360 10955 468405 1146 444099 7568 436531 147565 54441 41251 18117 13888 13190 23134 9474 5648 13910 2240 288966 21883 267083 141934 30201 125149 121026 27680 18486 4375 3067 1308 93124 8839 84285 43497 16995 4578 4022 40788 14931 111733 110521 25146 26502 2521 1212 12417 12038 4734 1323 117526 112507 82836 11340 71496 45635 37478
internal_count=1752204 6154 1746050 509849 198993 1236201 479360 10955 468405 1146 444099 7568 436531 147565 54441 41251 18117 13888 13190 23134 9474 5648 13910 2240 288966 21883 267083 141934 30201 125149 121026 27680 18486 4375 3067 1308 93124 8839 84285 43497 16995 4578 4022 40788 14931 111733 110521 25146 26502 2521 1212 12417 12038 4734 1323 117526 112507 82836 11340 71496 45635 37478
is_linear=0
shrinkage=0.05


Tree=140
num_leaves=63
num_cat=0
split_feature=15 12 35 39 40 39 0 17 39 3 31 38 3 40 39 5 39 38 40 0 32 31 38 31 3 40 0 29 6 40 6 29 0 39 34 38 35 5 3 40 0 31 24 39 19 34 29 28 32 38 38 20 28 34 31 19 32 29 32 35 3 34
split_gain=0.126208 0.195681 0.138743 0.18798 0.148629 0.136438 0.411403 0.432566 0.387068 0.194222 0.220363 0.202968 0.543806 0.495094 0.360755 0.343002 0.438533 0.310781 0.266017 0.237756 0.383738 0.180791 0.180587 0.180314 0.508162 0.235308 0.241461 0.202552 0.330138 0.218373 0.254788 0.264765 0.244829 0.2375 0.216752 0.216507 0.211599 0.198316 0.191525 0.626278 0.485935 0.407897 0.356145 0.35171 0.296585 0.294843 0.360492 0.284091 0.281384 0.236143 0.234119 0.222141 0.260396 0.215255 0.330054 0.409553 0.256045 0.24273 0.214271 0.504958 1.03681 1.54319
threshold=-0.85499999999999965 -0.3199999999999999 3.5000000000000004 19.501208862524312 14.081108054827103 92.794822233140906 104596.30476177733 6377.0000000000009 99.002383881876241 5195.0500000000011 3.5000000000000004 78.069276146078423 6427.6500000000005 79.190679907270336 95.905980477916927 168.85800000000003 98.591805316340242 88.897237612472395 86.539405846859623 212150.63016349645 1.0000000180025095e-35 2.5000000000000004 83.196906426921302 13.500000000000002 7204.4500000000007 59.494500411358693 486911.16074045311 39.454744042300682 198.10000000000002 56.594378587300987 196.20000000000002 70.749743990151231 109898.16134808636 13.546229187019089 5.5000000000000009 22.747939142601357 1.0000000180025095e-35 146.70450000000002 11968.600000000002 50.399708845046447 878417.64567891427 6.5000000000000009 7.6500000000000012 51.973996101245199 131450.00000000003 1.5000000000000002 32.997461526257347 7.5500000000000007 5.5000000000000009 83.503227148597219 87.643370113081389 834.50000000000011 35.45000000000001 1.0000000180025095e-35 2.5000000000000004 71750.000000000015 1.0000000180025095e-35 35.72086763885379 1.0000000180025095e-35 1.5000000000000002 7099.2000000000016 3.5000000000000004
decision_type=2 2 2 2 2 2 2 2 2 2 2 2 2 2 2 2 2 2 2 2 2 2 2 2 2 2 2 2 2 2 2 2 2 2 2 2 2 2 2 2 2 2 2 2 2 2 2 2 2 2 2 2 2 2 2 2 2 2 2 2 2 2
left_child=-1 2 -2 4 -4 23 8 21 -7 -9 11 15 13 -13 17 16 19 18 -15 -11 -21 -8 -16 38 25 -25 -27 28 -26 33 31 -31 -32 35 36 -29 -35 -38 42 40 41 44 58 47 53 -44 -47 -41 -43 -45 51 -49 -53 57 55 -55 -56 -40 59 -3 61 -61
right_child=1 5 3 -5 -6 6 7 9 -10 10 -12 12 -14 14 22 -17 -18 -19 -20 20 -22 -23 -24 24 27 26 -28 29 -30 30 32 -33 -34 34 -36 -37 37 -39 39 43 -42 48 45 49 -46 46 -48 50 -50 -51 -52 52 -54 54 56 -57 -58 -59 -60 60 -62 -63
leaf_value=7.4694794467930991e-05 -5.1850858366919115e-05 4.7240946665301267e-06 0.0019529159115915873 7.4410490568495833e-05 0.00046257866043435385 0.00031836842875737945 0.00070144092506584121 -0.00053874300095192501 0.0022077184472162957 0.00025744877775740396 -8.2932159681568693e-05 0.0017959758764050362 -0.00022411547043089378 0.00013239122297261372 0.0020152506981608704 0.00048309679668921061 -0.0010969595841583671 0.00046912747774349446 -0.002157248147193821 0.00027084700427137362 -0.0011974870137113744 0.00020144672556179981 0.0006493308656025581 0.00043626618438936959 0.0015145009860731034 -0.0014584252148541006 -0.00025851632002635316 0.0018622065200663545 0.00026494274296746506 0.0010005241869912062 0.00084859676003863019 7.1966217276197016e-05 -0.00024902567190940365 -0.00018003622616530329 0.00070842724064886366 0.00049260745643625559 -1.2835624790668138e-05 0.00038602771693339622 0.0010094984670956282 0.00031385629928368177 -0.00058018556069705442 0.00021022989012086496 0.00034336536206212089 5.4225421836950238e-07 -7.805273859389422e-05 0.0006510318288771498 -0.00012642958563997031 -0.00050838909556946276 -0.00060087494299574903 -0.00020141677835977076 -6.9499803873788275e-06 -5.202006692968689e-05 -0.00040561339929708149 -0.0018694205142327357 0.00024362523226172813 -0.00023460735998515189 -0.00038852958623315721 0.00018733820079329237 4.0572067531658404e-05 -0.00047805892252805434 -1.7875083982372964e-05 0.00092014492976542168
leaf_weight=55907 223762 686572 226 7712 644 9553 2173 1858 279 3046 37527 846 2457 222 285 2444 1151 644 296 882 898 10762 1603 386 622 954 748 349 3520 799 535 19587 10081 4686 1640 1666 5501 7189 951 2146 3169 35995 14166 47326 58129 1777 9264 11552 1102 20851 6657 10058 10795 425 8477 3886 1975 16030 271488 26074 76948 2135
leaf_count=55907 223762 686572 226 7712 644 9553 2173 1858 279 3046 37527 846 2457 222 285 2444 1151 644 296 882 898 10762 1603 386 622 954 748 349 3520 799 535 19587 10081 4686 1640 1666 5501 7189 951 2146 3169 35995 14166 47326 58129 1777 9264 11552 1102 20851 6657 10058 10795 425 8477 3886 1975 16030 271488 26074 76948 2135
internal_value=7.79285e-07 -1.65801e-06 -4.42841e-05 0.000153008 0.000849724 5.11094e-06 6.99256e-05 2.56621e-05 0.000371982 -3.63823e-05 -1.85358e-05 0.000145035 0.000358403 0.000725766 0.000428914 -1.59339e-05 -0.000219988 -0.000264231 -0.00117597 -1.08304e-05 -0.000469919 0.000285443 0.000855521 1.51413e-06 8.76064e-05 -0.000678309 -0.000931086 0.000116075 0.000452588 8.92876e-05 4.92202e-06 0.00010836 -0.00019371 0.000213652 0.000158956 0.000729823 0.000107096 0.000213124 -2.26312e-06 -4.27409e-05 3.13823e-05 4.66463e-05 6.64462e-06 -0.000130928 -1.09308e-05 0.000192397 -1.30062e-06 -0.00024625 0.000186135 -6.12241e-05 -0.000277021 -0.000332502 -0.000235065 0.000111982 -2.76585e-05 -0.000395775 0.000124174 0.000233382 2.24076e-06 -1.09033e-05 -0.000112934 -0.000372236
internal_weight=1.75139e+06 1.69548e+06 232344 8582 870 1.46314e+06 76926 67094 9832 54159 52301 14774 6353 3896 3050 8421 5977 1162 518 4826 1780 12935 1888 1.38621e+06 58263 2088 1702 56175 4142 52033 31002 20386 10616 21031 19016 2015 17376 12690 1.32795e+06 239524 130139 126970 1.08842e+06 109385 89873 25207 11041 41208 37097 68177 39062 32405 20853 31744 14763 4311 10452 16981 1.06322e+06 791729 105157 28209
internal_count=1751388 1695481 232344 8582 870 1463137 76926 67094 9832 54159 52301 14774 6353 3896 3050 8421 5977 1162 518 4826 1780 12935 1888 1386211 58263 2088 1702 56175 4142 52033 31002 20386 10616 21031 19016 2015 17376 12690 1327948 239524 130139 126970 1088424 109385 89873 25207 11041 41208 37097 68177 39062 32405 20853 31744 14763 4311 10452 16981 1063217 791729 105157 28209
is_linear=0
shrinkage=0.05


Tree=141
num_leaves=63
num_cat=0
split_feature=28 32 20 19 36 0 22 31 5 40 0 37 13 31 40 5 26 39 32 20 36 29 33 39 31 29 39 19 24 28 23 40 31 34 33 35 28 31 5 19 40 19 0 34 38 35 23 26 20 36 0 31 32 0 5 35 34 39 31 32 5 36
split_gain=0.116566 0.266952 0.180952 0.452161 0.443749 0.288722 0.249374 0.336742 0.359142 0.232411 0.204986 0.516987 0.224271 0.232283 0.291443 0.18036 0.198211 0.318712 0.256833 0.300775 0.29223 0.241732 0.235967 0.250685 0.207685 0.31971 0.311688 0.306918 0.326392 0.233236 0.498702 0.226012 0.204695 0.499327 0.272395 0.26295 0.254531 0.249 0.354354 0.216048 0.209462 0.203398 0.201025 0.197887 0.188142 0.187121 0.219419 0.183611 0.182617 0.179342 0.196617 0.211416 0.178899 0.176273 0.176097 0.194295 0.220083 0.212746 0.175443 0.432978 0.347787 0.73619
threshold=53.45000000000001 22.500000000000004 944.50000000000011 153250.00000000003 6.5000000000000009 266139.69614898512 1709.5000000000002 8.5000000000000018 181.71200000000002 28.55233481138924 811372.39673120365 1.0000000180025095e-35 1.1550000000000002 11.500000000000002 79.583069121888784 192.03000000000003 6.0500000000000007 84.643739520665619 4.5000000000000009 673.50000000000011 1.5000000000000002 54.957787748558857 1.5000000000000002 5.1522609290423373 7.5000000000000009 44.877100390863951 33.40849282290079 96650.000000000015 6.4500000000000011 13.350000000000003 8.1500000000000004 21.495267511577758 2.5000000000000004 1.0000000180025095e-35 1.0000000180025095e-35 1.0000000180025095e-35 11.950000000000001 1.5000000000000002 168.47250000000003 71750.000000000015 73.787644704468065 131450.00000000003 29518.654949670719 1.0000000180025095e-35 76.696659657264505 1.5000000000000002 6.8500000000000005 4.9500000000000011 692.50000000000011 8.5000000000000018 119183.77044369353 5.5000000000000009 1.0000000180025095e-35 99112.95427677453 176.47750000000002 1.5000000000000002 1.0000000180025095e-35 40.468411694024446 9.5000000000000018 7.5000000000000009 173.01950000000002 2.5000000000000004
decision_type=2 2 2 2 2 2 2 2 2 2 2 2 2 2 2 2 2 2 2 2 2 2 2 2 2 2 2 2 2 2 2 2 2 2 2 2 2 2 2 2 2 2 2 2 2 2 2 2 2 2 2 2 2 2 2 2 2 2 2 2 2 2
left_child=2 54 10 5 -5 6 -4 8 9 -8 15 12 13 14 -12 16 17 18 20 -20 22 41 32 -24 25 27 47 28 31 48 -31 -22 34 40 39 -35 -37 -36 -39 -1 -34 -18 -27 -25 -43 46 -38 -26 -30 50 51 -19 -40 -11 -2 57 -57 -56 59 -23 -60 -62
right_child=1 -3 3 4 -6 -7 7 -9 -10 53 11 -13 -14 -15 -16 -17 21 49 19 -21 24 58 23 43 26 42 -28 -29 29 30 -32 -33 33 35 37 36 45 38 52 -41 -42 44 -44 -45 -46 -47 -48 -49 -50 -51 -52 -53 -54 -55 55 56 -58 -59 60 -61 61 -63
leaf_value=-0.0010773967683083269 5.3788255958345526e-06 0.0011035106265688663 -0.0001244773986624225 -6.7579509831778829e-07 0.00041959821455113036 -0.0011264663625920905 -5.3843869955913547e-05 -8.0869072800994617e-05 0.00014445911905434805 0.0016030834736494644 0.00014904182401202234 0.0020283460859056887 -0.00072499950807853545 0.0004206910216627804 -0.00039817746267338679 0.00014653244215066027 0.00030417253866148284 0.00013702342250511835 0.0017493215140167787 0.00014523961487576624 0.0017165345977991819 1.7497905677484325e-06 0.0014923856557836862 0.00065230801149128079 -0.0013578015498568624 0.0014032444661607937 -5.8194771940447862e-05 4.4444125801326519e-05 4.2785700706988842e-05 0.0041596700760052159 0.00091111230682105722 -0.00016947966502689528 -0.001618186901662654 -0.00053251555093869268 0.00081135622935584427 -0.00085765883464619479 -0.00011136290547874555 0.0015110809587130843 -0.00067784964166016533 -0.00021701893252342236 -0.00024711521096431699 0.00010130456266878574 -6.0307593074447405e-05 -0.00016553294630275244 -0.00048980810346573966 -0.00039768329437276289 0.00070805763533527885 -0.00044014454841918643 0.0019099017686556082 -0.00034333175359271324 8.4296378045358968e-05 0.00095700287279070363 0.00093670177314197651 0.00071788974789182517 -0.00044399445919917295 -0.00094067808829106719 0.00018958908611230873 -0.00011446509276875933 -2.03002234128665e-05 0.00053611018359881585 -0.00043917730917783141 6.471139937528562e-05
leaf_weight=778 27703 479 2795 116399 6639 356 913 3087 4546 614 13400 359 766 5683 2973 19611 11791 1635 363 1499 200 1187438 292 906 756 237 6524 2496 328 206 277 772 1156 7078 1219 876 1708 276 1207 11740 367 6631 23410 4028 1689 1475 1566 1954 218 1831 11253 1514 200 6693 8186 472 4921 12194 181740 3803 15685 13477
leaf_count=778 27703 479 2795 116399 6639 356 913 3087 4546 614 13400 359 766 5683 2973 19611 11791 1635 363 1499 200 1187438 292 906 756 237 6524 2496 328 206 277 772 1156 7078 1219 876 1708 276 1207 11740 367 6631 23410 4028 1689 1475 1566 1954 218 1831 11253 1514 200 6693 8186 472 4921 12194 181740 3803 15685 13477
internal_value=7.40321e-07 -7.16109e-05 3.04009e-06 5.70617e-05 2.20017e-05 0.000284051 0.000310978 0.000387752 0.000501072 0.000698293 -1.89328e-06 0.000145679 0.000116064 0.000145274 4.96781e-05 -4.12593e-06 -6.07923e-06 -7.78931e-05 -0.000121844 0.000457958 -0.000136787 -1.51744e-06 -0.000240895 6.88865e-05 -3.96589e-05 2.78508e-05 -0.000245419 0.00041429 0.000875628 0.00149627 0.00229663 0.000218589 -0.000295503 -0.000432289 -0.000169309 -0.000329719 -7.45389e-05 0.000267153 -0.000127015 -0.000270492 -0.0012878 0.000170601 -4.56393e-05 -1.53579e-05 -1.86942e-05 6.99153e-05 0.000280577 -0.00069614 0.000788264 0.000122767 0.000182025 0.000531259 -0.000448347 0.000792272 -8.21368e-05 -0.000176206 9.06671e-05 -0.000246827 -3.98615e-06 3.45572e-06 -4.60202e-05 -0.000206309
internal_weight=1.75139e+06 53955 1.69743e+06 142042 123038 19004 18648 15853 12766 8220 1.55539e+06 23181 22822 22056 16373 1.53221e+06 1.5126e+06 90345 74112 1862 72250 1.42225e+06 34872 5226 37378 28144 9234 4497 2001 1029 483 972 29646 14226 15420 12703 5625 2902 1683 12518 1523 20111 23647 4934 8320 4749 3274 2710 546 16233 14402 3149 1407 7307 53476 25773 5393 20380 1.40214e+06 1.19124e+06 210902 29162
internal_count=1751388 53955 1697433 142042 123038 19004 18648 15853 12766 8220 1555391 23181 22822 22056 16373 1532210 1512599 90345 74112 1862 72250 1422254 34872 5226 37378 28144 9234 4497 2001 1029 483 972 29646 14226 15420 12703 5625 2902 1683 12518 1523 20111 23647 4934 8320 4749 3274 2710 546 16233 14402 3149 1407 7307 53476 25773 5393 20380 1402143 1191241 210902 29162
is_linear=0
shrinkage=0.05


Tree=142
num_leaves=63
num_cat=0
split_feature=2 0 39 40 38 31 31 34 5 31 38 5 40 39 0 1 36 31 34 34 36 31 34 33 34 34 40 36 0 39 31 40 39 39 36 31 34 33 36 39 31 5 39 15 13 0 39 0 32 5 31 3 31 36 5 7 36 39 31 36 39 16
split_gain=0.120735 0.299722 0.218207 0.21271 0.231841 0.167148 0.20441 0.166615 0.177608 0.309176 0.284312 0.187016 0.17233 0.153533 0.153218 0.146889 0.140427 0.138026 0.137648 0.815439 0.469666 0.605667 0.396077 0.256138 0.24708 0.230636 0.213565 0.441323 0.247263 0.356281 0.210414 0.209545 0.254209 0.196013 0.190162 0.197502 0.164622 0.180585 0.170179 0.215599 0.138631 0.133559 0.13331 0.124396 0.192307 0.327164 0.410495 0.257957 0.253722 0.418538 0.303964 0.244975 0.302274 0.436235 0.499402 0.451707 0.46001 0.363303 0.357872 0.302034 0.301487 0.287854
threshold=-0.53499999999999981 113197.23966616434 2.2620987795981549 16.846639788332542 27.664210768419938 26.000000000000004 15.500000000000002 7.5000000000000009 144.77950000000001 11.500000000000002 82.598203733727004 149.98200000000003 57.988623973876336 69.232966637231769 171952.13698072816 3.3750000000000004 1.5000000000000002 14.500000000000002 3.5000000000000004 2.5000000000000004 1.5000000000000002 6.5000000000000009 5.5000000000000009 1.0000000180025095e-35 4.5000000000000009 7.5000000000000009 47.87487912400308 2.5000000000000004 85493.179806562781 33.40849282290079 3.5000000000000004 57.158853027046099 51.973996101245199 72.180393832584613 5.5000000000000009 11.500000000000002 1.5000000000000002 1.5000000000000002 4.5000000000000009 68.133673839303682 11.500000000000002 180.15950000000001 65.750380148413214 -0.85499999999999965 -0.49999999999999983 459838.67566565186 15.131980675403105 388834.29802813922 1.5000000000000002 161.95250000000001 8.5000000000000018 4877.0000000000009 5.5000000000000009 1.0000000180025095e-35 161.13950000000003 5.2500000000000009 1.5000000000000002 9.7742184216028196 3.5000000000000004 1.5000000000000002 36.1380965768331 0.53499999999999992
decision_type=2 2 2 2 2 2 2 2 2 2 2 2 2 2 2 2 2 2 2 2 2 2 2 2 2 2 2 2 2 2 2 2 2 2 2 2 2 2 2 2 2 2 2 2 2 2 2 2 2 2 2 2 2 2 2 2 2 2 2 2 2 2
left_child=1 2 -1 4 -4 6 -3 43 10 11 13 16 -11 14 -9 -7 -10 -12 19 26 22 -22 33 24 -23 -26 27 28 -5 -30 31 -28 -33 -20 -29 -36 37 38 -32 40 -40 -14 -31 -2 45 46 48 -46 -45 -50 -51 -49 53 54 57 56 -55 -53 -58 -57 -60 -54
right_child=7 5 3 18 -6 15 -8 8 9 12 17 -13 41 -15 -16 -17 -18 -19 20 -21 21 23 -24 -25 25 -27 30 34 29 42 36 32 -34 -35 35 -37 -38 -39 39 -41 -42 -43 -44 44 47 -47 -48 51 49 50 -52 52 61 55 -56 59 58 -59 60 -61 -62 -63
leaf_value=0.001378006107378102 7.3286408369928723e-05 -5.1729416611162031e-06 0.00017544444828357229 0.0013667338866702424 -0.0011431526913077315 -0.0012757656551899055 0.0003542100554462409 -0.001146635290502032 -0.00042772468327691024 0.00074393088316688778 0.00012160229381562705 -0.00021448115858181086 0.00010266926098873101 -0.0002106548542609286 -3.3243602882325449e-05 -0.00022554370196301669 -0.0017230601191079921 -0.00073473623980081153 -0.0020214395865743185 -0.00096465978915287085 0.0034291439135234027 -0.00043272380643485638 0.00028014980870679553 -0.00073410096385902537 0.00122202515340863 -0.00032079845702818631 0.00046112808758499752 -0.00016971869688277991 -0.0014926918609697946 0.0010487239703645616 0.00062325295962217938 -0.0019327788169838445 -0.00029981685772195342 -0.00019722084528290331 0.0011990945753126837 -0.00030143822845836004 -0.00058457654210925956 0.0017540359626092761 -0.00020266075376179941 0.00046606701259015149 -0.0015202618814633782 -0.0010855936105189157 -8.7986563655473567e-05 -0.00035005698722723877 1.4158669991944386e-05 0.00012496280131594849 -3.7171380544452809e-05 0.0004047401735176988 0.00033530029690398715 -0.0018815165814856456 -0.0002448194100790468 -0.00062312528337394614 4.0374489550183794e-05 -0.00014309046727714597 0.00027541621565415269 -0.00023551970110774207 0.00037900285334634278 -4.1065446975999704e-05 -0.0010224070530366715 0.00018160289064676164 -0.00047519378429916712 -0.00014363595628794423
leaf_weight=397 54944 60198 747 1527 602 419 4235 1734 434 1065 2611 3250 6109 1060 376 1621 404 574 317 1468 215 333 2240 289 1930 277 485 2279 201 1022 1913 337 814 275 621 339 543 214 1041 1252 247 246 345 17522 1109127 27652 253486 2902 3688 377 1146 3425 80832 8437 10671 11307 809 12339 4457 7043 5783 28835
leaf_count=397 54944 60198 747 1527 602 419 4235 1734 434 1065 2611 3250 6109 1060 376 1621 404 574 317 1468 215 333 2240 289 1930 277 485 2279 201 1022 1913 337 814 275 621 339 543 214 1041 1252 247 246 345 17522 1109127 27652 253486 2902 3688 377 1146 3425 80832 8437 10671 11307 809 12339 4457 7043 5783 28835
internal_value=7.03305e-07 5.75268e-05 0.000216281 0.000195195 -0.000412988 4.34051e-06 1.84483e-05 -2.32963e-06 -0.000154211 -3.70504e-05 -0.000366372 -0.000386207 0.000155315 -0.000701596 -0.00094823 -0.000441251 -0.00105221 -3.27268e-05 0.00023517 0.000153158 0.000439613 0.000870782 -2.38335e-05 0.00067635 0.000836831 0.00102839 0.000277662 0.000486908 0.000913865 0.000472838 8.40655e-05 -0.000410605 -0.00077793 -0.00117404 7.89322e-05 0.000669219 0.000239398 0.000335266 0.000267084 -1.16481e-06 -0.000455337 5.6672e-05 0.000761844 -6.80136e-07 -3.23638e-06 -3.90098e-05 -5.5425e-05 5.2168e-06 -0.000258963 4.73408e-05 -0.000649964 -5.08659e-05 -5.84673e-05 -0.000144567 1.1275e-05 -0.00025345 -0.0004211 -0.000167528 -0.000633388 -7.54219e-05 -0.00071337 -8.00781e-06
internal_weight=1.75139e+06 88743 22270 21873 1349 66473 64433 1.66264e+06 17863 11508 6355 4088 7420 3170 2110 2040 838 3185 20524 14648 5876 3044 2832 2829 2540 2207 13180 6334 3095 1568 6846 1636 1151 592 3239 960 5210 4667 4453 2540 1288 6355 1367 1.64478e+06 1.58984e+06 303871 276219 1.28597e+06 22733 5211 1523 176840 173938 64271 26435 37836 19486 15764 11049 18350 10240 109667
internal_count=1751388 88743 22270 21873 1349 66473 64433 1662645 17863 11508 6355 4088 7420 3170 2110 2040 838 3185 20524 14648 5876 3044 2832 2829 2540 2207 13180 6334 3095 1568 6846 1636 1151 592 3239 960 5210 4667 4453 2540 1288 6355 1367 1644782 1589838 303871 276219 1285967 22733 5211 1523 176840 173938 64271 26435 37836 19486 15764 11049 18350 10240 109667
is_linear=0
shrinkage=0.05


Tree=143
num_leaves=63
num_cat=0
split_feature=30 18 0 17 19 26 0 38 18 28 3 20 18 17 19 32 0 34 3 36 32 33 34 36 37 21 36 18 19 36 39 30 21 18 3 38 32 20 0 19 34 17 21 36 36 23 0 40 36 32 0 40 39 38 39 19 33 39 36 34 0 38
split_gain=0.112738 0.152855 0.171009 0.145161 0.258253 0.192013 0.217935 0.163031 0.161701 0.149437 0.155129 0.184378 0.339146 0.430339 0.427929 0.325538 0.320344 0.305533 0.549237 0.489294 0.338 0.287559 0.266549 0.453522 0.525849 0.424985 0.347976 0.255302 0.253093 0.24687 0.321382 0.25001 0.243907 0.260346 0.229389 0.218243 0.2107 0.283158 0.314914 0.248289 0.21898 0.217576 0.210631 0.337457 0.27692 0.208576 0.435531 0.192404 0.190874 0.308929 0.304345 0.352561 0.288556 0.216621 0.228379 0.189496 0.187732 0.18536 0.181725 0.181641 0.196136 0.179704
threshold=0.00019947521116373237 28531.000000000004 82927.695853595927 45739.000000000007 879900.00000000012 6.4500000000000011 240724.075836801 36.772738383791442 51854.500000000007 75.15000000000002 13670.400000000003 843.50000000000011 54903.500000000007 5070.0000000000009 143250.00000000003 10.500000000000002 139624.24046483563 1.5000000000000002 11761.400000000003 1.0000000180025095e-35 4.5000000000000009 1.5000000000000002 1.0000000180025095e-35 1.0000000180025095e-35 1.0000000180025095e-35 3183.5000000000005 3.5000000000000004 49285.000000000007 163850.00000000003 1.0000000180025095e-35 24.867464856855111 0.0018206119872904191 2498.5000000000005 32174.500000000004 12561.200000000003 74.718376489669325 1.0000000180025095e-35 622.50000000000011 128369.29228227628 201250.00000000003 3.5000000000000004 31674.500000000004 2962.5000000000005 1.0000000180025095e-35 2.5000000000000004 5.6500000000000012 84213.522194719102 69.45347725893707 1.5000000000000002 2.5000000000000004 92253.674077075164 47.87487912400308 35.443325351635274 73.65572310277291 41.117227938866939 84450.000000000015 2.5000000000000004 56.848669317787611 2.5000000000000004 5.5000000000000009 124987.01622256158 46.992755773184314
decision_type=2 2 2 2 2 2 2 2 2 2 2 2 2 2 2 2 2 2 2 2 2 2 2 2 2 2 2 2 2 2 2 2 2 2 2 2 2 2 2 2 2 2 2 2 2 2 2 2 2 2 2 2 2 2 2 2 2 2 2 2 2 2
left_child=1 -1 -3 9 5 7 8 -5 -7 10 11 17 13 15 45 -13 47 18 21 32 34 42 23 24 27 48 29 -20 57 30 -24 55 -19 61 36 -18 39 -38 40 58 -39 -40 44 -44 -2 46 -15 -16 49 52 51 -50 -25 54 -53 -31 -14 -28 -21 60 -36 -34
right_child=3 2 -4 4 -6 6 -8 -9 -10 -11 -12 12 56 14 16 -17 35 19 22 20 -22 -23 26 25 -26 -27 28 -29 -30 31 -32 -33 33 -35 59 -37 37 38 41 -41 -42 -43 43 -45 -46 -47 -48 -49 50 -51 -52 53 -54 -55 -56 -57 -58 -59 -60 -61 -62 -63
leaf_value=-0.00096638851640746507 5.3769190862248139e-05 0.0012466791641867637 -0.00016440548348640836 0.00030418770608106192 0.0016207208891959044 0.00060296843426005864 3.0078848217207866e-05 -0.00021901429325965594 0.00017219166537857969 -0.00022365582624166445 0.00010818491450851054 -0.00019930370823266496 -1.6495734717865328e-06 0.0023359355221442744 -0.00083398050207707849 0.0012981117549190188 0.00025098786391737534 -0.00024507531777476845 0.00052615322449370305 -0.00023354812812351143 0.00096871315242713434 0.00081688851672931948 -0.001598270313665734 -0.0012325939425637798 -0.0010813297411926665 -0.00028387014738752279 -0.0016906738493713562 6.1344952814627261e-05 0.00057292326314027533 0.00064377868699486552 -0.00030076989131712698 -0.00026680919766646573 -0.0023329010434693133 -0.00059317728909003161 0.00043966600418283552 -8.082812078140863e-05 -0.001019904567051876 0.0012327860782671281 -2.5675928602248041e-05 0.00018058217763488021 0.00023796956986301988 -0.0014570865016230528 0.00056249956789423776 -0.00015320248718255847 0.00047827308820910807 0.00030653194289866715 0.0005458737908032741 0.00062759290309503425 0.00090947038344413452 0.00094637396947655364 -1.9142677047865283e-06 -0.0010785654685689019 -0.00017710639340466345 0.00052663107471516435 0.00015792223668548521 3.117507363173588e-05 0.00027364600865039003 -0.00066696028932688404 -0.00062668736977178504 -0.00068222181599374946 -2.3584024268219314e-05 -0.00069824450215633723
leaf_weight=579 7913 221 7544 1933 282 4042 10100 6481 4725 7455 32917 10465 1463273 380 1409 376 12380 4869 6813 7457 755 1666 514 720 704 17736 650 5216 295 1553 6675 6583 402 3755 3499 8263 520 862 1558 2270 1544 320 2006 9203 7467 13499 3212 268 2204 550 19113 617 6434 1397 946 6745 6219 1383 4852 725 6585 289
leaf_count=579 7913 221 7544 1933 282 4042 10100 6481 4725 7455 32917 10465 1463273 380 1409 376 12380 4869 6813 7457 755 1666 514 720 704 17736 650 5216 295 1553 6675 6583 402 3755 3499 8263 520 862 1558 2270 1544 320 2006 9203 7467 13499 3212 268 2204 550 19113 617 6434 1397 946 6745 6219 1383 4852 725 6585 289
internal_value=6.68139e-07 -0.000182682 -0.000124245 1.54584e-06 0.00011538 9.98191e-05 0.000188403 -9.88159e-05 0.0003708 -2.8315e-07 6.91802e-07 -1.42051e-06 3.88338e-06 0.000131611 0.000208351 -0.000147369 6.41785e-05 -5.33019e-05 -1.18326e-05 -0.000171856 -7.62274e-05 0.000179654 -7.41306e-05 -1.93799e-05 0.00024687 -8.75692e-05 -0.000214273 0.000324604 -0.000795675 -0.000152945 -0.000393539 -3.6714e-05 -0.000489562 -0.00075731 -0.000102358 0.000118168 -0.000205276 8.19037e-05 0.000215643 -0.000299906 0.000594383 -0.00026958 0.000139727 -2.51181e-05 0.000259866 0.000396634 0.000735246 -0.000600408 2.12953e-05 -0.000195543 9.01062e-05 0.000430692 -0.000283334 7.4197e-05 -0.000330186 0.000145826 -4.84502e-07 -0.000994267 -0.000388517 8.21981e-05 0.000137157 -0.00164923
internal_weight=1.75139e+06 8344 7765 1.74304e+06 27563 27281 18867 8414 8767 1.71548e+06 1.70803e+06 1.67511e+06 1.51974e+06 50252 39411 10841 22320 155365 115103 40262 30947 28255 86848 62450 12733 49717 24398 12029 2328 22070 7189 14881 9315 4446 30192 20643 19383 4804 4284 14579 2406 1878 26589 11209 15380 17091 3592 1677 31981 7704 24277 5164 7154 2960 1563 8298 1.46949e+06 2033 12309 10809 10084 691
internal_count=1751388 8344 7765 1743044 27563 27281 18867 8414 8767 1715481 1708026 1675109 1519744 50252 39411 10841 22320 155365 115103 40262 30947 28255 86848 62450 12733 49717 24398 12029 2328 22070 7189 14881 9315 4446 30192 20643 19383 4804 4284 14579 2406 1878 26589 11209 15380 17091 3592 1677 31981 7704 24277 5164 7154 2960 1563 8298 1469492 2033 12309 10809 10084 691
is_linear=0
shrinkage=0.05


Tree=144
num_leaves=63
num_cat=0
split_feature=2 0 39 36 40 32 32 34 34 40 0 39 32 5 5 34 0 34 34 36 34 36 32 40 36 0 39 39 36 39 0 32 36 39 34 34 40 36 15 13 0 39 32 5 0 39 32 3 0 36 17 36 13 37 5 3 32 40 39 40 37 34
split_gain=0.109086 0.270685 0.201209 0.335379 0.168872 0.150778 0.180076 0.148196 0.168126 0.382981 0.26164 0.194957 0.316906 0.227651 0.176882 0.146811 0.145995 0.132417 0.744575 0.407158 0.355734 0.264953 0.240038 0.184705 0.377896 0.209575 0.353452 0.183248 0.164808 0.147782 0.141147 0.139537 0.293981 0.144053 0.129924 0.118159 0.118048 0.115266 0.112607 0.172247 0.29825 0.378152 0.232841 0.430768 0.23102 0.244158 0.301401 0.281892 0.276893 0.346438 0.258464 0.367977 0.237508 0.263904 0.228387 0.287682 0.400007 0.624145 0.331802 0.297563 0.209623 0.360096
threshold=-0.53499999999999981 113197.23966616434 10.526140363408327 3.5000000000000004 16.846639788332542 21.000000000000004 8.5000000000000018 7.5000000000000009 9.5000000000000018 57.988623973876336 159273.44097018641 41.450155040914929 1.5000000000000002 144.77950000000001 149.98200000000003 4.5000000000000009 417120.72226864804 3.5000000000000004 2.5000000000000004 1.5000000000000002 5.5000000000000009 2.5000000000000004 1.0000000180025095e-35 47.87487912400308 2.5000000000000004 81634.323121687965 32.998499030146867 72.180393832584613 5.5000000000000009 50.443537345539383 67776.083787231415 2.5000000000000004 2.5000000000000004 75.973460177267768 4.5000000000000009 6.5000000000000009 57.988623973876336 4.5000000000000009 -0.85499999999999965 -0.49999999999999983 436917.03087527835 15.131980675403105 1.5000000000000002 161.95250000000001 373744.24968150514 92.794822233140906 13.500000000000002 5293.8000000000011 104596.30476177733 1.5000000000000002 6377.0000000000009 1.5000000000000002 1.1550000000000002 1.0000000180025095e-35 182.45750000000001 6593.2000000000016 2.5000000000000004 69.45347725893707 36.813074657788469 80.844541033271113 1.0000000180025095e-35 1.0000000180025095e-35
decision_type=2 2 2 2 2 2 2 2 2 2 2 2 2 2 2 2 2 2 2 2 2 2 2 2 2 2 2 2 2 2 2 2 2 2 2 2 2 2 2 2 2 2 2 2 2 2 2 2 2 2 2 2 2 2 2 2 2 2 2 2 2 2
left_child=1 2 3 15 -4 6 35 38 11 -10 -11 12 14 -14 -9 36 -7 18 23 20 27 34 -23 24 25 -6 -27 -19 -26 -28 -30 33 -33 -25 -21 -3 -1 -13 -2 40 41 42 -40 -44 45 60 47 -47 49 -49 51 -50 54 -54 55 56 58 -58 -46 -60 -41 -62
right_child=7 5 4 -5 17 16 -8 8 9 10 -12 37 13 -15 -16 -17 -18 19 -20 21 -22 22 -24 31 28 26 29 -29 30 -31 -32 32 -34 -35 -36 -37 -38 -39 39 44 -42 -43 43 -45 52 46 -48 48 50 -51 -52 -53 53 -55 -56 -57 57 -59 59 -61 61 -63
leaf_value=0.0011842848675953808 6.9682019452042395e-05 -1.8292135827034635e-05 -0.00038374584325805334 -0.00086375313806644725 0.0013327301890753481 3.8774650200219402e-06 0.00043713491067055767 -0.0017056180385035978 0.0014582617555133177 0.00068855877275131078 -0.00035489287214258839 -0.00014605085294875804 -0.000785248751332935 0.0002858736825227045 -0.0006256928086041595 0.00051855465577708472 -0.00084208951053053145 -0.0019671447503239255 -0.00094548218056767896 0.002360754489903799 0.0002727932503946343 3.7780466387785252e-05 0.0013589470548496091 -0.00020498290974530211 -0.00017755070992683185 -0.0014728404190562628 0.0014555973067127898 -0.00018727732605078597 0.0014676924928248229 0.00040345394357614638 0.0001609132690075434 0.0018988531282755961 2.2824458196451874e-05 0.00033020302855192363 0.0011162913658826462 0.00024982995054940576 0.0026583203928947281 0.00069784610849877627 -0.00034143642540252926 1.2421210772991041e-05 0.00010893524531847842 -3.6400318919076461e-05 0.00034201902745086764 -0.00069419290662706395 -0.0001957290403724922 -0.00034175814460353455 -0.00062192589585800524 0.0010511701068803973 0.00062385125737678734 0.00024838482579138177 4.3155628150943006e-05 6.3976639205809267e-05 -0.0004000946009563135 0.00082154938005738062 -0.00012688553578513669 5.3262854354529206e-05 -0.0012093976637443384 -0.00016516726603214415 2.624626033088446e-05 0.0005999893412017474 -0.0003328679220144833 2.0996532053494155e-06
leaf_weight=355 54944 57549 1296 237 1274 1020 2459 649 494 851 2043 10409 814 1270 912 420 1020 305 1459 273 2140 1175 486 3821 2178 203 497 275 321 1016 580 307 653 1874 905 4425 220 421 16918 1000507 31401 250610 3543 1399 18223 2983 1360 1777 5297 5514 34427 6581 6973 472 49133 86954 1932 5518 19802 2551 12083 23880
leaf_count=355 54944 57549 1296 237 1274 1020 2459 649 494 851 2043 10409 814 1270 912 420 1020 305 1459 273 2140 1175 486 3821 2178 203 497 275 321 1016 580 307 653 1874 905 4425 220 421 16918 1000507 31401 250610 3543 1399 18223 2983 1360 1777 5297 5514 34427 6581 6973 472 49133 86954 1932 5518 19802 2551 12083 23880
internal_value=6.34732e-07 5.46474e-05 0.000205515 0.000826571 0.000169146 4.10305e-06 1.75022e-05 -2.24817e-06 -0.000145489 0.000171576 -4.8059e-05 -0.0002197 -0.000535997 -0.000132501 -0.00107468 0.00122919 -0.000419106 0.000205442 0.000124371 0.00041228 -2.48908e-05 0.000831127 0.000424347 0.000247046 0.000446533 0.000846907 0.000486221 -0.00112324 5.77309e-05 0.000749069 0.000626481 6.51259e-05 0.000622763 -2.88743e-05 0.00140469 8.52025e-07 0.00174826 -0.000113246 -6.9252e-07 -3.12463e-06 -3.69809e-05 -5.37971e-05 -0.00025324 4.86842e-05 4.87554e-06 1.37418e-05 0.000113629 0.000131309 0.000157639 0.000444044 0.000112543 0.000313653 -4.57791e-05 -0.000322645 -3.45835e-05 -9.85332e-07 -9.9205e-05 -0.000435966 -3.73735e-05 9.17238e-05 8.15808e-06 -0.000110444
internal_weight=1.75139e+06 88743 22270 1232 21038 66473 64433 1.66264e+06 17863 3388 2894 14475 3645 2084 1561 995 2040 19742 14183 5559 2720 2839 1661 12724 6069 2990 1716 580 3079 1513 901 6655 960 5695 1178 61974 575 10830 1.64478e+06 1.58984e+06 303871 272470 21860 4942 1.28597e+06 1.09441e+06 57939 56579 53596 7291 46305 11878 191558 7445 184113 134980 48026 7450 40576 22353 1.03647e+06 35963
internal_count=1751388 88743 22270 1232 21038 66473 64433 1662645 17863 3388 2894 14475 3645 2084 1561 995 2040 19742 14183 5559 2720 2839 1661 12724 6069 2990 1716 580 3079 1513 901 6655 960 5695 1178 61974 575 10830 1644782 1589838 303871 272470 21860 4942 1285967 1094409 57939 56579 53596 7291 46305 11878 191558 7445 184113 134980 48026 7450 40576 22353 1036470 35963
is_linear=0
shrinkage=0.05


end of trees

feature_importances:
zhvi_t=1044
fema__disasters_10yr_count=799
nri__wildfire_risk=781
fred__m2_sa=701
fema__disasters_10yr_severe_storm=699
fema__disasters_10yr_hurricane=682
fema__disasters_10yr_fire=629
fema__disasters_10yr_other=591
nri__composite_risk=546
nri__flood_risk_combined=454
fred__case_shiller_us=281
fred__unemployment_us=203
fema__disasters_10yr_flood=180
acs__median_household_income=152
acs__median_gross_rent=138
fred__real_rate_10y=132
acs__median_home_value=129
fred__lumber=122
acs__bachelors_or_higher_pct=108
fred__mortgage_30y=86
fema__disasters_10yr_tornado=82
acs__total_pop=68
acs__owner_occupied_pct=64
acs__pop_65_plus=40
acs__owner_occupied_units=31
fred__treasury_10y_d12m=30
acs__pop_40_44=28
acs__pop_35_39=26
acs__age_28_38_share=24
fred__real_rate_10y_d12m=23
acs__pop_30_34=23
acs__occupied_units_total=20
fred__treasury_10y=18
fred__mortgage_30y_d12m=16
fred__treasury_10y_d3m=15
acs__pop_25_29=12
fred__mortgage_30y_d3m=7
fred__mortgage_30y_d1m=3
fred__real_rate_10y_d3m=3

parameters:
[boosting: gbdt]
[objective: regression]
[metric: rmse]
[tree_learner: serial]
[device_type: cpu]
[data_sample_strategy: bagging]
[data: ]
[valid: ]
[num_iterations: 1500]
[learning_rate: 0.05]
[num_leaves: 63]
[num_threads: 0]
[seed: 0]
[deterministic: 0]
[force_col_wise: 0]
[force_row_wise: 0]
[histogram_pool_size: -1]
[max_depth: -1]
[min_data_in_leaf: 200]
[min_sum_hessian_in_leaf: 0.001]
[bagging_fraction: 0.8]
[pos_bagging_fraction: 1]
[neg_bagging_fraction: 1]
[bagging_freq: 5]
[bagging_seed: 3]
[bagging_by_query: 0]
[feature_fraction: 0.8]
[feature_fraction_bynode: 1]
[feature_fraction_seed: 2]
[extra_trees: 0]
[extra_seed: 6]
[early_stopping_round: 0]
[early_stopping_min_delta: 0]
[first_metric_only: 0]
[max_delta_step: 0]
[lambda_l1: 0]
[lambda_l2: 0]
[linear_lambda: 0]
[min_gain_to_split: 0]
[drop_rate: 0.1]
[max_drop: 50]
[skip_drop: 0.5]
[xgboost_dart_mode: 0]
[uniform_drop: 0]
[drop_seed: 4]
[top_rate: 0.2]
[other_rate: 0.1]
[min_data_per_group: 100]
[max_cat_threshold: 32]
[cat_l2: 10]
[cat_smooth: 10]
[max_cat_to_onehot: 4]
[top_k: 20]
[monotone_constraints: ]
[monotone_constraints_method: basic]
[monotone_penalty: 0]
[feature_contri: ]
[forcedsplits_filename: ]
[refit_decay_rate: 0.9]
[cegb_tradeoff: 1]
[cegb_penalty_split: 0]
[cegb_penalty_feature_lazy: ]
[cegb_penalty_feature_coupled: ]
[path_smooth: 0]
[interaction_constraints: ]
[verbosity: -1]
[saved_feature_importance_type: 0]
[use_quantized_grad: 0]
[num_grad_quant_bins: 4]
[quant_train_renew_leaf: 0]
[stochastic_rounding: 1]
[linear_tree: 0]
[max_bin: 255]
[max_bin_by_feature: ]
[min_data_in_bin: 3]
[bin_construct_sample_cnt: 200000]
[data_random_seed: 1]
[is_enable_sparse: 1]
[enable_bundle: 1]
[use_missing: 1]
[zero_as_missing: 0]
[feature_pre_filter: 1]
[pre_partition: 0]
[two_round: 0]
[header: 0]
[label_column: ]
[weight_column: ]
[group_column: ]
[ignore_column: ]
[categorical_feature: ]
[forcedbins_filename: ]
[precise_float_parser: 0]
[parser_config_file: ]
[objective_seed: 5]
[num_class: 1]
[is_unbalance: 0]
[scale_pos_weight: 1]
[sigmoid: 1]
[boost_from_average: 1]
[reg_sqrt: 0]
[alpha: 0.9]
[fair_c: 1]
[poisson_max_delta_step: 0.7]
[tweedie_variance_power: 1.5]
[lambdarank_truncation_level: 30]
[lambdarank_norm: 1]
[label_gain: ]
[lambdarank_position_bias_regularization: 0]
[eval_at: ]
[multi_error_top_k: 1]
[auc_mu_weights: ]
[num_machines: 1]
[local_listen_port: 12400]
[time_out: 120]
[machine_list_filename: ]
[machines: ]
[gpu_platform_id: -1]
[gpu_device_id: -1]
[gpu_use_dp: 0]
[num_gpu: 1]

end of parameters

pandas_categorical:[]
